Timestamp,User Count,Type,Name,Requests/s,Failures/s,50%,66%,75%,80%,90%,95%,98%,99%,99.9%,99.99%,100%,Total Request Count,Total Failure Count,Total Median Response Time,Total Average Response Time,Total Min Response Time,Total Max Response Time,Total Average Content Size
1783444348,0,,Aggregated,0.000000,0.000000,N/A,N/A,N/A,N/A,N/A,N/A,N/A,N/A,N/A,N/A,N/A,0,0,0,0.0,0,0,0
1783444349,50,,Aggregated,0.000000,0.000000,40,56,56,820,820,820,820,820,820,820,820,5,0,40,192.3420303995954,13.061189998552436,822.6692729986098,2681.2
1783444350,100,,Aggregated,0.000000,0.000000,1300,1700,1800,1900,1900,1900,1900,1900,1900,1900,1900,25,0,1300.0,1253.1505886398372,13.061189998552436,1936.7302739992738,1073.28
1783444351,150,,Aggregated,0.000000,0.000000,1000,1900,2200,2700,2900,2900,2900,2900,2900,2900,2900,87,0,1000.0,1238.8069611606834,6.242007999389898,2939.5906749996357,1785.3103448275863
1783444352,200,,Aggregated,4.000000,0.000000,1200,1900,2600,2800,2900,3000,3400,3400,3500,3500,3500,108,0,1100.0,1326.2619164351472,6.242007999389898,3470.447725001577,1871.138888888889
1783444353,200,,Aggregated,8.666667,0.000000,1500,1800,2200,2700,2900,3000,3400,3500,3900,3900,3900,128,0,1300.0,1417.046211023461,6.242007999389898,3922.1045130034327,1848.671875
1783444354,200,,Aggregated,25.750000,0.000000,1700,2300,2800,2900,4000,4500,4700,4700,4700,4700,4700,208,0,1700.0,1760.4992815432656,6.242007999389898,4693.875072000083,1975.6153846153845
1783444355,200,,Aggregated,21.600000,0.000000,650,1200,2000,2300,4100,5000,5300,5300,5700,5700,5700,475,0,650.0,1318.831463284156,5.219441001827363,5693.255778001912,4050.412631578947
1783444356,200,,Aggregated,24.166667,0.000000,450,850,1600,2200,4700,5300,5600,5800,6400,6400,6400,738,0,450.0,1214.4392653346606,5.219441001827363,6407.2516599990195,5455.288617886179
1783444357,200,,Aggregated,38.428571,0.000000,280,570,920,1700,4400,5300,5800,6000,6800,6800,6800,1011,0,280.0,1047.099360266071,4.817511999135604,6822.507765999035,5992.023738872404
1783444358,200,,Aggregated,65.750000,0.000000,190,400,680,1000,4500,5600,6300,6500,6800,6800,6800,1345,0,190.0,971.3050336029999,4.615439000190236,6822.507765999035,6395.441635687733
1783444359,200,,Aggregated,88.333333,0.000000,180,380,650,950,4100,5600,6300,6500,6800,6800,6800,1413,0,180.0,925.8651458747593,3.409062002901919,6822.507765999035,6365.472753007785
1783444360,200,,Aggregated,106.000000,0.000000,160,330,570,880,3400,5600,6300,6500,6800,6800,6800,1501,0,160.0,872.7072428168224,3.3950659999391064,6822.507765999035,6277.2738174550295
1783444361,200,,Aggregated,136.000000,0.000000,130,280,500,820,2900,5400,6200,6500,6800,6800,6800,1605,0,130.0,817.4733382897341,3.2696999987820163,6822.507765999035,6236.548286604361
1783444362,200,,Aggregated,141.900000,0.000000,120,260,470,680,2900,5300,6200,6500,6800,6800,6800,1682,0,120.0,781.9041012865769,3.2696999987820163,6822.507765999035,6144.714030915577
1783444363,200,,Aggregated,149.400000,0.000000,110,240,430,650,2800,5300,6200,6500,6800,6800,6800,1778,0,110.0,742.3305514178957,3.2216389990935568,6822.507765999035,6117.686164229472
1783444364,200,,Aggregated,151.700000,0.000000,99,230,390,580,2300,5300,6100,6400,6800,6800,6800,1875,0,99,705.3075646602738,3.2216389990935568,6822.507765999035,6095.0672
1783444365,200,,Aggregated,159.800000,0.000000,88,210,360,520,2200,5200,6100,6400,6800,6800,6800,1979,0,88,669.8255108772229,3.2216389990935568,6822.507765999035,6111.32592218292
1783444366,200,,Aggregated,164.500000,0.000000,82,200,330,480,2100,5100,6100,6400,6800,6800,6800,2067,0,82,643.7967516439478,3.2216389990935568,6822.507765999035,6080.8398645379775
1783444367,200,,Aggregated,161.800000,0.000000,76,190,310,460,1900,5000,6000,6400,6800,6800,6800,2147,0,76,620.7634521467387,3.2216389990935568,6822.507765999035,6096.9110386585935
1783444368,200,,Aggregated,145.800000,0.000000,69,180,290,430,1700,5000,6000,6400,6800,6800,6800,2244,0,69,594.9742592879052,3.2216389990935568,6822.507765999035,6065.418449197861
1783444369,200,,Aggregated,127.500000,0.000000,60,170,270,400,1700,5000,6000,6400,6800,6800,6800,2345,0,60,570.6034001868076,3.154220001306385,6822.507765999035,6074.811087420043
1783444370,200,,Aggregated,109.100000,0.000000,53,160,260,380,1500,4700,5900,6400,6800,6800,6800,2434,0,53,550.7883603467895,3.154220001306385,6822.507765999035,6070.155710764174
1783444371,200,,Aggregated,88.900000,0.000000,44,150,240,360,1200,4700,5900,6400,6800,6800,6800,2527,0,44,531.7500142366852,3.154220001306385,6822.507765999035,6054.678274633953
1783444372,200,,Aggregated,92.000000,0.000000,39,140,230,330,1100,4700,5800,6300,6800,6800,6800,2615,0,39,514.691656598892,3.154220001306385,6822.507765999035,6052.82638623327
1783444373,200,,Aggregated,91.600000,0.000000,33,130,220,310,1000,4500,5800,6300,6800,6800,6800,2700,0,33,499.08289189411335,3.154220001306385,6822.507765999035,6047.906666666667
1783444374,200,,Aggregated,90.900000,0.000000,26,120,210,290,980,4300,5800,6300,6800,6800,6800,2795,0,26,482.7720863742763,3.154220001306385,6822.507765999035,6034.301610017889
1783444375,200,,Aggregated,91.200000,0.000000,22,110,200,280,920,4000,5800,6300,6800,6800,6800,2890,0,22,467.58885791664807,3.154220001306385,6822.507765999035,6083.386851211073
1783444377,200,,Aggregated,91.200000,0.000000,18,110,200,270,880,3500,5800,6300,6800,6800,6800,2989,0,18,453.3351294771216,3.154220001306385,6822.507765999035,6065.880227500837
1783444378,200,,Aggregated,90.900000,0.000000,17,100,190,260,860,3000,5700,6300,6800,6800,6800,3071,0,17,442.3364769603137,3.154220001306385,6822.507765999035,6033.865516118528
1783444379,200,,Aggregated,91.900000,0.000000,15,100,190,250,840,2900,5700,6300,6800,6800,6800,3161,0,15,430.8308162028251,3.154220001306385,6822.507765999035,6041.195507750712
1783444380,200,,Aggregated,92.000000,0.000000,15,95,180,240,770,2900,5700,6200,6800,6800,6800,3249,0,15,419.92577020410664,3.154220001306385,6822.507765999035,6040.741458910434
1783444381,200,,Aggregated,91.100000,0.000000,14,90,180,240,680,2900,5700,6200,6800,6800,6800,3347,0,14,408.85729154082736,3.154220001306385,6822.507765999035,6004.863161039737
1783444382,200,,Aggregated,91.100000,0.000000,14,87,170,230,660,2800,5600,6200,6800,6800,6800,3432,0,13,399.84591114486096,3.154220001306385,6822.507765999035,6002.800990675991
1783444383,200,,Aggregated,90.900000,0.000000,13,81,170,230,650,2800,5600,6200,6800,6800,6800,3529,0,13,389.8243255163345,3.154220001306385,6822.507765999035,6024.519693964296
1783444384,200,,Aggregated,90.300000,0.000000,13,79,170,230,620,2600,5600,6200,6800,6800,6800,3621,0,13,381.4969573181817,3.154220001306385,6822.507765999035,6007.245788456227
1783444385,200,,Aggregated,91.000000,0.000000,13,75,160,220,580,2500,5600,6100,6800,6800,6800,3713,0,13,372.78087100595565,3.154220001306385,6822.507765999035,5983.367896579585
1783444386,200,,Aggregated,91.600000,0.000000,12,70,160,220,570,2300,5600,6100,6800,6800,6800,3799,0,12,364.73536318480984,3.154220001306385,6822.507765999035,5997.251118715451
1783444387,200,,Aggregated,91.100000,0.000000,12,66,150,210,540,2300,5400,6100,6800,6800,6800,3892,0,12,356.7586107199651,3.154220001306385,6822.507765999035,6019.715313463515
1783444388,200,,Aggregated,90.800000,0.000000,12,63,150,210,520,2200,5400,6100,6800,6800,6800,3977,0,12,349.97348019012156,3.154220001306385,6822.507765999035,5993.532562232839
1783444389,200,,Aggregated,89.400000,0.000000,12,59,150,200,500,2200,5400,6100,6700,6800,6800,4073,0,12,342.6462442413667,3.154220001306385,6822.507765999035,5971.343972501842
1783444390,200,,Aggregated,90.200000,0.000000,12,56,140,200,490,2100,5400,6100,6700,6800,6800,4162,0,12,336.3833094649413,3.154220001306385,6822.507765999035,5969.288563190774
1783444391,200,,Aggregated,90.400000,0.000000,12,51,140,200,480,1900,5300,6000,6700,6800,6800,4259,0,12,329.662705984283,3.154220001306385,6822.507765999035,5936.694764029115
1783444392,200,,Aggregated,90.900000,0.000000,12,48,130,190,460,1900,5300,6000,6700,6800,6800,4350,0,12,323.5396424767957,3.154220001306385,6822.507765999035,5936.074252873564
1783444393,200,,Aggregated,90.600000,0.000000,12,43,130,190,450,1800,5300,6000,6700,6800,6800,4432,0,12,317.85027980416214,3.154220001306385,6822.507765999035,5961.276624548736
1783444394,200,,Aggregated,90.700000,0.000000,12,40,130,190,440,1700,5300,6000,6700,6800,6800,4523,0,12,312.1430687676397,3.154220001306385,6822.507765999035,5953.413000221092
1783444395,200,,Aggregated,89.800000,0.000000,11,36,120,180,410,1700,5300,6000,6700,6800,6800,4625,0,11,305.5920012754673,3.154220001306385,6822.507765999035,5980.046270270271
1783444396,200,,Aggregated,89.500000,0.000000,11,33,120,180,400,1700,5300,6000,6700,6800,6800,4684,0,11,302.3879209030792,3.154220001306385,6822.507765999035,5988.056362083689
1783444397,200,,Aggregated,91.200000,0.000000,12,41,130,190,420,1700,5200,6000,6700,6800,6800,4789,0,12,301.2844883800412,3.154220001306385,6822.507765999035,5977.41866778033
1783444398,200,,Aggregated,88.400000,0.000000,12,40,120,190,410,1500,5200,5900,6700,6800,6800,4867,0,12,297.89891813006284,3.154220001306385,6822.507765999035,5989.918841175262
1783444399,200,,Aggregated,89.200000,0.000000,12,40,120,190,410,1300,5200,5900,6700,6800,6800,4964,0,12,294.0280130662793,3.154220001306385,6822.507765999035,5985.8831587429495
1783444400,200,,Aggregated,87.700000,0.000000,11,36,120,180,400,1200,5100,5900,6700,6800,6800,5059,0,11,289.1355667566693,3.154220001306385,6822.507765999035,5983.534097647756
1783444401,200,,Aggregated,89.000000,0.000000,12,37,120,180,400,1200,5100,5900,6700,6800,6800,5134,0,12,286.3155763667672,3.154220001306385,6822.507765999035,6013.878067783405
1783444402,200,,Aggregated,88.300000,0.000000,12,36,120,180,410,1100,5100,5800,6700,6800,6800,5227,0,12,283.205821844648,3.154220001306385,6822.507765999035,6032.999234742682
1783444403,200,,Aggregated,87.700000,0.000000,11,33,120,180,400,1100,5100,5800,6700,6800,6800,5324,0,11,278.9842571271591,3.154220001306385,6822.507765999035,6018.856874530428
1783444404,200,,Aggregated,87.900000,0.000000,11,36,120,180,400,1100,5000,5800,6700,6800,6800,5407,0,11,276.48312699759214,3.1417329992109444,6822.507765999035,6016.282781579434
1783444405,200,,Aggregated,88.400000,0.000000,11,31,110,170,400,1000,5000,5800,6700,6800,6800,5495,0,11,272.60137841400706,3.1417329992109444,6822.507765999035,6015.178161965423
1783444406,200,,Aggregated,88.300000,0.000000,11,31,110,170,400,990,5000,5800,6700,6800,6800,5588,0,11,269.44149771098233,3.1417329992109444,6822.507765999035,6015.649248389406
1783444407,200,,Aggregated,86.700000,0.000000,11,30,110,170,390,990,5000,5800,6700,6800,6800,5646,0,11,267.3866869876001,3.1417329992109444,6822.507765999035,6022.298264257882
1783444408,200,,Aggregated,89.400000,0.000000,11,29,110,170,400,980,5000,5800,6700,6800,6800,5756,0,11,264.7493184155655,3.1417329992109444,6822.507765999035,6011.086344683808
1783444409,200,,Aggregated,86.000000,0.000000,11,27,110,170,390,950,5000,5800,6700,6800,6800,5838,0,11,261.51921421445996,3.1417329992109444,6822.507765999035,5993.321000342583
1783444410,200,,Aggregated,88.400000,0.000000,11,30,110,170,390,930,4900,5800,6700,6800,6800,5927,0,11,260.11633933929903,3.1417329992109444,6822.507765999035,5981.9868398852705
1783444411,200,,Aggregated,87.200000,0.000000,11,36,120,180,400,940,4900,5800,6700,6800,6800,5998,0,11,261.3512517595901,3.1417329992109444,6822.507765999035,5982.170723574525
1783444412,200,,Aggregated,85.100000,0.000000,12,37,120,190,410,920,4700,5800,6600,6800,6800,6094,0,12,259.68712107614516,3.1417329992109444,6822.507765999035,5970.110600590745
1783444413,200,,Aggregated,85.100000,0.000000,12,37,120,190,410,900,4700,5700,6600,6800,6800,6129,0,12,259.1766937719085,3.1417329992109444,6822.507765999035,5965.5227606461085
1783444414,200,,Aggregated,85.700000,0.000000,12,42,130,200,460,950,4700,5700,6600,6800,6800,6197,0,12,263.5188676119142,3.1417329992109444,6822.507765999035,5955.229304502179
1783444415,200,,Aggregated,81.900000,0.000000,12,49,150,210,500,1100,4700,5700,6600,6800,6800,6274,0,12,271.82914808623224,3.1417329992109444,6822.507765999035,5949.5165763468285
1783444416,200,,Aggregated,79.200000,0.000000,12,60,160,230,540,1100,4700,5700,6600,6800,6800,6380,0,12,278.1636939692822,3.1417329992109444,6822.507765999035,5938.976959247649
1783444417,200,,Aggregated,78.500000,0.000000,12,63,160,230,550,1100,4700,5700,6600,6800,6800,6459,0,12,277.56261204381923,3.1417329992109444,6822.507765999035,5934.660628580275
1783444418,200,,Aggregated,77.700000,0.000000,12,63,160,230,540,1100,4600,5700,6600,6800,6800,6558,0,12,274.609738093935,3.1417329992109444,6822.507765999035,5928.064348886855
1783444419,200,,Aggregated,80.200000,0.000000,12,59,160,220,540,1100,4600,5700,6600,6800,6800,6619,0,12,272.30601888639563,3.1417329992109444,6822.507765999035,5947.586644508234
1783444420,200,,Aggregated,79.100000,0.000000,12,63,160,220,540,1100,4500,5600,6600,6800,6800,6728,0,12,270.8163841327388,3.1417329992109444,6822.507765999035,5938.5280915576695
1783444421,200,,Aggregated,78.900000,0.000000,12,66,160,230,550,1100,4400,5600,6600,6800,6800,6775,0,12,272.68100376133856,3.1417329992109444,6822.507765999035,5953.398966789668
1783444422,200,,Aggregated,81.600000,0.000000,12,75,170,240,590,1100,4400,5600,6600,6800,6800,6874,0,12,277.990948914324,3.1417329992109444,6822.507765999035,5962.008146639511
1783444423,200,,Aggregated,76.600000,0.000000,12,77,180,250,600,1100,4300,5600,6600,6800,6800,6958,0,12,277.9120956224572,3.1417329992109444,6822.507765999035,5965.627479160678
1783444424,200,,Aggregated,74.800000,0.000000,12,76,180,250,590,1100,4100,5600,6500,6800,6800,7012,0,12,276.7589244118705,3.1417329992109444,6822.507765999035,5970.322875071306
1783444425,200,,Aggregated,81.000000,0.000000,12,79,180,250,590,1100,4100,5600,6500,6800,6800,7133,0,12,275.95463781747145,3.1417329992109444,6822.507765999035,5938.986681620637
1783444426,200,,Aggregated,81.200000,0.000000,12,77,180,250,590,1100,4100,5600,6500,6800,6800,7197,0,12,273.6959645976172,3.1417329992109444,6822.507765999035,5966.097540641934
1783444427,200,,Aggregated,83.000000,0.000000,13,81,190,260,610,1100,4000,5600,6500,6800,6800,7272,0,13,275.27571591777433,3.1417329992109444,6822.507765999035,5952.1926567656765
1783444428,200,,Aggregated,82.300000,0.000000,13,86,190,270,630,1100,4000,5600,6500,6800,6800,7347,0,13,278.51279032844144,3.1417329992109444,6822.507765999035,5957.248672927725
1783444429,200,,Aggregated,77.900000,0.000000,13,93,200,280,640,1100,3900,5600,6500,6800,6800,7413,0,13,281.68727066411185,3.1417329992109444,6822.507765999035,5955.926480507217
1783444430,200,,Aggregated,77.300000,0.000000,13,95,200,290,640,1100,3400,5600,6500,6800,6800,7511,0,13,281.2740374241859,3.1417329992109444,6822.507765999035,5951.676208227932
1783444431,200,,Aggregated,76.300000,0.000000,13,100,210,290,640,1100,3200,5400,6500,6800,6800,7611,0,13,280.78330197609165,3.1417329992109444,6822.507765999035,5953.226645644462
1783444432,200,,Aggregated,76.500000,0.000000,13,99,210,280,640,1100,3000,5400,6500,6800,6800,7683,0,13,278.6289081569738,3.1417329992109444,6822.507765999035,5946.822725497853
1783444433,200,,Aggregated,81.600000,0.000000,13,95,200,280,630,1000,3000,5400,6500,6800,6800,7778,0,13,275.60591152031947,3.1417329992109444,6822.507765999035,5934.63628182052
1783444434,200,,Aggregated,83.700000,0.000000,13,93,200,280,620,1000,2900,5400,6500,6800,6800,7864,0,13,272.9565705607908,3.1417329992109444,6822.507765999035,5922.787894201424
1783444435,200,,Aggregated,80.900000,0.000000,13,89,200,270,610,1000,2900,5400,6500,6800,6800,7964,0,13,269.81219920681394,3.1417329992109444,6822.507765999035,5925.825841285786
1783444436,200,,Aggregated,83.000000,0.000000,13,87,190,270,610,1000,2900,5400,6500,6800,6800,8053,0,13,267.24271336943485,3.1417329992109444,6822.507765999035,5927.375884763443
1783444437,200,,Aggregated,82.100000,0.000000,13,83,190,260,610,1000,2900,5400,6500,6800,6800,8148,0,13,264.4456659812301,3.1417329992109444,6822.507765999035,5932.205940108002
1783444438,200,,Aggregated,84.500000,0.000000,12,80,190,260,600,990,2900,5400,6500,6800,6800,8246,0,12,261.6049835426966,3.1417329992109444,6822.507765999035,5953.3016007761335
1783444439,200,,Aggregated,89.700000,0.000000,12,78,190,260,590,990,2900,5400,6500,6800,6800,8336,0,12,259.2023972395731,3.1417329992109444,6822.507765999035,5948.577975047985
1783444440,200,,Aggregated,91.100000,0.000000,12,76,180,250,590,980,2900,5300,6500,6800,6800,8424,0,12,256.8635925714718,3.1417329992109444,6822.507765999035,5933.8347578347575
1783444441,200,,Aggregated,92.000000,0.000000,12,74,180,250,580,980,2900,5300,6500,6800,6800,8516,0,12,254.30794061238333,3.1417329992109444,6822.507765999035,5937.032057303899
1783444442,200,,Aggregated,92.700000,0.000000,12,70,180,250,570,970,2800,5300,6500,6800,6800,8619,0,12,251.61716911382416,3.1417329992109444,6822.507765999035,5949.183315929922
1783444443,200,,Aggregated,92.300000,0.000000,12,70,180,250,570,960,2800,5300,6500,6800,6800,8707,0,12,250.35231035673092,3.1417329992109444,6822.507765999035,5943.886757781096
1783444444,200,,Aggregated,92.400000,0.000000,12,70,170,250,570,950,2800,5300,6500,6800,6800,8791,0,12,248.88535834877115,3.1417329992109444,6822.507765999035,5942.769309521101
1783444445,200,,Aggregated,91.800000,0.000000,12,69,170,240,570,950,2800,5300,6500,6800,6800,8880,0,12,246.79844521993886,3.1417329992109444,6822.507765999035,5937.709121621621
1783444446,200,,Aggregated,92.000000,0.000000,12,66,170,240,560,950,2700,5300,6500,6800,6800,8975,0,12,244.48932683889305,3.1417329992109444,6822.507765999035,5937.72200557103
1783444447,200,,Aggregated,91.900000,0.000000,12,66,170,240,550,940,2600,5300,6500,6800,6800,9064,0,12,242.71219554568196,3.1417329992109444,6822.507765999035,5924.150044130627
1783444448,200,,Aggregated,91.300000,0.000000,12,64,170,240,550,930,2600,5300,6500,6800,6800,9157,0,12,241.04526702162931,3.1417329992109444,6822.507765999035,5914.424265589167
1783444449,200,,Aggregated,90.200000,0.000000,12,63,170,240,540,920,2500,5300,6500,6800,6800,9242,0,12,239.44643858927267,3.1417329992109444,6822.507765999035,5907.71229171175
1783444450,200,,Aggregated,90.900000,0.000000,12,60,170,230,540,920,2300,5300,6500,6800,6800,9332,0,12,237.38533231055007,3.1417329992109444,6822.507765999035,5904.189241320189
1783444451,200,,Aggregated,91.100000,0.000000,12,58,160,230,530,910,2300,5200,6500,6800,6800,9413,0,12,235.6233006363608,3.1417329992109444,6822.507765999035,5902.066716243493
1783444452,200,,Aggregated,90.200000,0.000000,12,56,160,230,520,900,2300,5200,6500,6800,6800,9516,0,12,233.32782446858693,3.1417329992109444,6822.507765999035,5907.713640184952
1783444453,200,,Aggregated,89.200000,0.000000,12,54,160,230,520,890,2300,5200,6500,6800,6800,9598,0,12,231.4667535141784,3.1417329992109444,6822.507765999035,5912.14711398208
1783444454,200,,Aggregated,88.800000,0.000000,12,51,160,230,520,890,2300,5200,6500,6800,6800,9692,0,12,229.50410814745072,3.1417329992109444,6822.507765999035,5917.13423442014
1783444455,200,,Aggregated,89.500000,0.000000,12,49,160,220,510,880,2300,5200,6500,6800,6800,9789,0,12,227.50715695475768,3.1417329992109444,6822.507765999035,5919.574113801205
1783444456,200,,Aggregated,89.400000,0.000000,12,47,150,220,510,880,2200,5200,6500,6800,6800,9882,0,12,225.6359402824464,3.1417329992109444,6822.507765999035,5917.455879376645
1783444457,200,,Aggregated,90.300000,0.000000,12,45,150,220,500,880,2200,5200,6500,6800,6800,9971,0,12,223.9717406532063,3.1417329992109444,6822.507765999035,5909.258850666934
1783444458,200,,Aggregated,89.000000,0.000000,12,46,150,220,500,880,2200,5200,6500,6800,6800,10053,0,12,223.34185091188024,3.1417329992109444,6822.507765999035,5908.750323286581
1783444459,200,,Aggregated,91.100000,0.000000,12,44,150,220,500,870,2200,5100,6500,6800,6800,10142,0,12,221.7933932192993,3.1417329992109444,6822.507765999035,5916.5706961151645
1783444460,200,,Aggregated,88.900000,0.000000,12,49,160,220,500,870,2200,5100,6500,6800,6800,10220,0,12,222.30082810216555,3.1417329992109444,6822.507765999035,5911.777495107632
1783444461,200,,Aggregated,89.300000,0.000000,12,49,160,220,500,860,2200,5100,6500,6800,6800,10321,0,12,221.27178151004108,3.1417329992109444,6822.507765999035,5908.857281271195
1783444462,200,,Aggregated,84.800000,0.000000,12,48,150,220,490,860,2100,5100,6500,6800,6800,10411,0,12,219.68849447181972,3.1417329992109444,6822.507765999035,5906.463260013447
1783444463,200,,Aggregated,89.800000,0.000000,12,45,150,220,490,860,2100,5100,6500,6800,6800,10501,0,12,217.9841817856504,3.1417329992109444,6822.507765999035,5902.817350728502
1783444464,200,,Aggregated,88.300000,0.000000,12,43,150,220,480,860,2000,5100,6500,6800,6800,10583,0,12,216.50956097969475,3.1417329992109444,6822.507765999035,5916.665406784466
1783444465,200,,Aggregated,88.400000,0.000000,11,42,150,210,480,850,2000,5100,6500,6800,6800,10676,0,11,214.9003930838427,3.1417329992109444,6822.507765999035,5908.406800299737
1783444466,200,,Aggregated,88.600000,0.000000,11,40,150,210,480,850,1900,5000,6500,6800,6800,10768,0,11,213.24167673542863,3.1417329992109444,6822.507765999035,5904.074944279346
1783444467,200,,Aggregated,88.300000,0.000000,11,39,140,210,470,840,1900,5000,6500,6800,6800,10865,0,11,211.8662319881365,3.1417329992109444,6822.507765999035,5900.294983893235
1783444468,200,,Aggregated,89.800000,0.000000,11,38,140,210,470,840,1900,5000,6500,6800,6800,10951,0,11,210.43266832801302,3.1417329992109444,6822.507765999035,5896.939731531367
1783444469,200,,Aggregated,87.200000,0.000000,11,38,140,210,460,840,1900,5000,6500,6800,6800,11056,0,11,209.1373469919562,3.1417329992109444,6822.507765999035,5906.351573806078
1783444470,200,,Aggregated,89.500000,0.000000,11,36,140,210,460,840,1900,5000,6500,6800,6800,11142,0,11,207.7472822357802,3.0115209992800374,6822.507765999035,5894.946867707772
1783444472,200,,Aggregated,93.700000,0.000000,12,43,150,210,460,830,1900,5000,6500,6800,6800,11314,0,12,207.5021465584265,3.0115209992800374,6822.507765999035,5889.241912674563
1783444473,200,,Aggregated,86.500000,0.000000,11,42,140,210,460,820,1900,5000,6500,6800,6800,11388,0,11,206.42016722708374,3.0115209992800374,6822.507765999035,5891.774499473129
1783444474,200,,Aggregated,78.800000,0.000000,11,40,140,210,460,820,1900,5000,6500,6800,6800,11480,0,11,205.00464628127295,3.0115209992800374,6822.507765999035,5893.55243902439
1783444478,200,,Aggregated,75.800000,0.000000,12,51,160,220,460,820,1800,5000,6500,6800,6800,11662,0,12,207.57918887412018,3.0115209992800374,6822.507765999035,5890.363402503859
1783444479,200,,Aggregated,68.200000,0.000000,12,51,160,220,470,840,1800,5000,6500,6800,6800,11727,0,12,208.53187786816557,3.0115209992800374,6822.507765999035,5882.524174980814
1783444480,200,,Aggregated,73.300000,0.000000,12,49,150,220,470,830,1700,4900,6500,6800,6800,11815,0,12,207.4585751563225,3.0115209992800374,6822.507765999035,5873.824883622514
1783444481,200,,Aggregated,71.500000,0.000000,12,48,150,220,470,820,1700,4900,6500,6800,6800,11903,0,12,206.54447594320362,3.0115209992800374,6822.507765999035,5865.878602033101
1783444482,200,,Aggregated,69.100000,0.000000,12,49,160,220,470,820,1700,4900,6500,6800,6800,11975,0,12,206.3220460852566,3.0115209992800374,6822.507765999035,5863.206680584552
1783444483,200,,Aggregated,73.800000,0.000000,12,50,160,220,460,820,1700,4700,6500,6800,6800,12091,0,12,205.59775614613778,3.0115209992800374,6822.507765999035,5857.245885369283
1783444484,200,,Aggregated,80.400000,0.000000,12,48,150,220,460,810,1700,4700,6500,6800,6800,12179,0,12,204.34473007717773,3.0115209992800374,6822.507765999035,5847.589949913786
1783444485,200,,Aggregated,74.500000,0.000000,12,45,150,220,460,810,1700,4700,6500,6800,6800,12273,0,12,203.10133614226015,3.0115209992800374,6822.507765999035,5842.323311333822
1783444486,200,,Aggregated,74.000000,0.000000,11,44,150,210,460,800,1700,4700,6500,6800,6800,12364,0,11,201.90534595009336,3.0115209992800374,6822.507765999035,5833.152377871239
1783444487,200,,Aggregated,75.100000,0.000000,11,42,150,210,450,800,1700,4700,6500,6800,6800,12466,0,11,200.52054065401293,3.0115209992800374,6822.507765999035,5832.164687951227
1783444488,200,,Aggregated,85.000000,0.000000,11,41,150,210,450,790,1700,4700,6500,6800,6800,12557,0,11,199.27913295770523,3.0115209992800374,6822.507765999035,5835.804650792386
1783444489,200,,Aggregated,94.800000,0.000000,11,40,150,210,450,780,1700,4700,6500,6800,6800,12642,0,11,198.20648608818928,3.0115209992800374,6822.507765999035,5834.540816326531
1783444490,200,,Aggregated,88.000000,0.000000,11,38,150,210,440,780,1700,4700,6500,6800,6800,12742,0,11,196.8299411510659,3.0115209992800374,6822.507765999035,5832.975043164339
1783444491,200,,Aggregated,92.300000,0.000000,11,39,140,210,440,780,1700,4700,6500,6800,6800,12876,0,11,195.31302627694018,3.0115209992800374,6822.507765999035,5831.148415657036
1783444492,200,,Aggregated,92.400000,0.000000,11,38,140,200,440,780,1700,4700,6500,6800,6800,12955,0,11,194.24950400655078,3.0115209992800374,6822.507765999035,5831.184716325743
1783444493,200,,Aggregated,86.200000,0.000000,11,36,140,200,430,770,1700,4700,6500,6800,6800,13065,0,11,192.8889341353127,3.0115209992800374,6822.507765999035,5838.173593570608
1783444494,200,,Aggregated,93.100000,0.000000,11,35,140,200,430,760,1700,4600,6500,6800,6800,13148,0,11,191.95404646157996,3.0115209992800374,6822.507765999035,5840.277456647399
1783444496,200,,Aggregated,92.700000,0.000000,11,34,140,200,420,760,1600,4600,6500,6800,6800,13247,0,11,190.90185757015712,3.0115209992800374,6822.507765999035,5844.361968747641
1783444497,200,,Aggregated,92.700000,0.000000,11,32,140,200,420,760,1600,4500,6500,6800,6800,13335,0,11,189.83287429507803,3.0115209992800374,6822.507765999035,5845.594000749907
1783444498,200,,Aggregated,91.600000,0.000000,11,34,140,200,420,750,1600,4500,6500,6800,6800,13431,0,11,189.93356777662743,3.0115209992800374,6822.507765999035,5852.523043704862
1783444499,200,,Aggregated,91.600000,0.000000,11,33,140,200,420,750,1600,4400,6500,6800,6800,13514,0,11,188.95757590520105,3.0115209992800374,6822.507765999035,5852.566079621133
1783444500,200,,Aggregated,91.500000,0.000000,11,31,140,200,420,750,1600,4400,6500,6800,6800,13603,0,11,187.95030659302392,3.0115209992800374,6822.507765999035,5859.416966845549
1783444501,200,,Aggregated,89.900000,0.000000,11,30,130,200,420,740,1500,4400,6500,6800,6800,13709,0,11,186.69524689801472,3.0115209992800374,6822.507765999035,5864.968196075571
1783444502,200,,Aggregated,89.900000,0.000000,11,29,130,200,410,740,1500,4400,6500,6800,6800,13794,0,11,185.7788074601191,3.0115209992800374,6822.507765999035,5866.107583007105
1783444503,200,,Aggregated,95.100000,0.000000,11,27,130,200,410,730,1500,4400,6500,6800,6800,13886,0,11,185.0093790563804,3.0115209992800374,6822.507765999035,5860.845455854817
1783444504,200,,Aggregated,90.400000,0.000000,11,26,130,190,410,730,1500,4300,6500,6800,6800,13993,0,11,183.8105896766884,3.0115209992800374,6822.507765999035,5864.609376116629
1783444505,200,,Aggregated,90.900000,0.000000,11,26,130,190,410,720,1500,4100,6500,6800,6800,14081,0,11,182.9708671443016,3.0115209992800374,6822.507765999035,5859.354520275549
1783444506,200,,Aggregated,91.300000,0.000000,11,24,130,190,410,720,1500,4100,6500,6800,6800,14177,0,11,181.90269429779957,3.0115209992800374,6822.507765999035,5849.494533399167
1783444507,200,,Aggregated,90.600000,0.000000,11,24,130,190,400,710,1500,4100,6500,6800,6800,14274,0,11,180.8737002337735,3.0115209992800374,6822.507765999035,5842.470155527532
1783444508,200,,Aggregated,90.700000,0.000000,11,23,130,190,400,710,1400,4100,6500,6800,6800,14355,0,11,179.97438737205837,3.0115209992800374,6822.507765999035,5844.213653779171
1783444509,200,,Aggregated,92.000000,0.000000,11,22,130,190,400,710,1400,4000,6500,6800,6800,14454,0,11,178.91792283982795,3.0115209992800374,6822.507765999035,5846.4478345094785
1783444510,200,,Aggregated,90.900000,0.000000,10,21,120,190,400,710,1400,4000,6500,6800,6800,14545,0,10,177.99378501662795,3.0115209992800374,6822.507765999035,5842.517841182537
1783444512,200,,Aggregated,92.800000,0.000000,11,25,130,190,400,700,1400,4000,6500,6800,6800,14711,0,11,178.2892828522084,3.0115209992800374,6822.507765999035,5840.979743049419
1783444513,200,,Aggregated,85.200000,0.000000,11,24,130,190,400,700,1400,4000,6500,6800,6800,14779,0,11,177.60379894978124,3.0115209992800374,6822.507765999035,5838.175654645104
1783444514,200,,Aggregated,91.900000,0.000000,11,23,130,190,390,700,1400,3900,6500,6800,6800,14868,0,11,176.64503525980777,3.0115209992800374,6822.507765999035,5832.112658057574
1783444515,200,,Aggregated,89.800000,0.000000,10,22,130,190,390,690,1300,3500,6500,6800,6800,14966,0,10,175.6918629274889,3.0115209992800374,6822.507765999035,5828.23319524255
1783444516,200,,Aggregated,86.100000,0.000000,10,22,120,190,390,690,1300,3400,6500,6800,6800,15057,0,10,174.83629681867566,3.0115209992800374,6822.507765999035,5823.747824931926
1783444517,200,,Aggregated,88.400000,0.000000,10,21,120,190,390,690,1300,3400,6500,6800,6800,15154,0,10,174.0603529976099,3.0115209992800374,6822.507765999035,5821.364920153095
1783444518,200,,Aggregated,88.100000,0.000000,10,21,120,180,380,690,1300,3200,6500,6800,6800,15242,0,10,173.20290230604766,3.0115209992800374,6822.507765999035,5829.7925469098545
1783444519,200,,Aggregated,87.100000,0.000000,10,21,120,180,380,690,1300,3000,6500,6800,6800,15333,0,10,172.31484469423842,3.0115209992800374,6822.507765999035,5823.680362616578
1783444520,200,,Aggregated,86.500000,0.000000,10,20,120,180,380,680,1300,3000,6500,6800,6800,15419,0,10,171.48369740227972,3.0115209992800374,6822.507765999035,5820.6974511965755
1783444521,200,,Aggregated,88.800000,0.000000,10,20,120,180,380,680,1300,3000,6500,6800,6800,15513,0,10,170.73913796259478,3.0115209992800374,6822.507765999035,5816.716366918069
1783444522,200,,Aggregated,86.400000,0.000000,10,19,120,180,380,670,1300,3000,6500,6800,6800,15612,0,10,169.960171871684,3.0115209992800374,6822.507765999035,5813.017998975148
1783444523,200,,Aggregated,93.900000,0.000000,10,19,120,180,370,670,1300,2900,6500,6800,6800,15706,0,10,169.0912834673848,3.0115209992800374,6822.507765999035,5817.156628040239
1783444524,200,,Aggregated,87.700000,0.000000,10,19,120,180,370,670,1300,2900,6500,6800,6800,15790,0,10,168.36160971448822,3.0115209992800374,6822.507765999035,5819.3154528182395
1783444525,200,,Aggregated,91.300000,0.000000,9,18,120,180,370,670,1300,2900,6500,6800,6800,15886,0,9,167.49649328596044,3.0115209992800374,6822.507765999035,5822.361639179151
1783444526,200,,Aggregated,92.500000,0.000000,9,18,110,170,370,670,1300,2900,6500,6800,6800,15980,0,9,166.65220856481707,3.0115209992800374,6822.507765999035,5826.571214017522
1783444527,200,,Aggregated,91.800000,0.000000,9,17,110,170,370,660,1300,2900,6500,6800,6800,16068,0,9,165.8796926000618,3.0115209992800374,6822.507765999035,5825.488424197162
1783444528,200,,Aggregated,91.300000,0.000000,9,17,110,170,360,660,1300,2900,6500,6800,6800,16162,0,9,165.06641581770802,3.0115209992800374,6822.507765999035,5826.591572825146
1783444529,200,,Aggregated,90.700000,0.000000,9,17,110,170,360,660,1200,2900,6500,6800,6800,16251,0,9,164.28600884018155,3.0115209992800374,6822.507765999035,5829.554365885177
1783444530,200,,Aggregated,92.900000,0.000000,9,17,110,170,360,660,1200,2900,6500,6800,6800,16348,0,9,163.5382995049415,3.0115209992800374,6822.507765999035,5825.969048201615
1783444531,200,,Aggregated,91.500000,0.000000,9,17,110,170,360,650,1200,2900,6500,6800,6800,16419,0,9,162.97950707958978,3.0115209992800374,6822.507765999035,5829.56867044278
1783444532,200,,Aggregated,91.800000,0.000000,9,17,110,170,360,650,1200,2900,6500,6800,6800,16520,0,9,162.38005525888582,3.0115209992800374,6822.507765999035,5827.352602905569
1783444533,200,,Aggregated,90.700000,0.000000,9,17,110,170,360,650,1200,2900,6500,6800,6800,16610,0,9,161.7007933560377,3.0115209992800374,6822.507765999035,5828.685550872968
1783444534,200,,Aggregated,90.100000,0.000000,9,16,110,170,360,650,1200,2900,6500,6800,6800,16697,0,9,161.15942512485796,3.0115209992800374,6822.507765999035,5825.5922021920105
1783444535,200,,Aggregated,90.100000,0.000000,9,16,110,170,360,650,1200,2900,6500,6800,6800,16794,0,9,160.4171485322579,3.0115209992800374,6822.507765999035,5831.452542574729
1783444536,200,,Aggregated,89.200000,0.000000,9,16,110,170,350,650,1200,2900,6500,6800,6800,16885,0,9,159.89679866471639,3.0115209992800374,6822.507765999035,5826.273852531833
1783444537,200,,Aggregated,89.400000,0.000000,9,16,100,170,350,640,1200,2900,6500,6800,6800,16981,0,9,159.31207742916894,3.0115209992800374,6822.507765999035,5823.986043224781
1783444538,200,,Aggregated,90.500000,0.000000,9,16,100,170,350,640,1200,2900,6500,6800,6800,17073,0,9,158.67437968304932,3.0115209992800374,6822.507765999035,5818.079482223394
1783444539,200,,Aggregated,90.800000,0.000000,9,16,100,170,350,640,1200,2800,6500,6800,6800,17159,0,9,158.06137982403902,3.0115209992800374,6822.507765999035,5816.619325135497
1783444540,200,,Aggregated,90.200000,0.000000,9,16,100,160,350,640,1200,2800,6500,6800,6800,17254,0,9,157.3394094962149,3.0115209992800374,6822.507765999035,5812.051176538774
1783444541,200,,Aggregated,90.000000,0.000000,9,16,100,160,350,630,1200,2800,6500,6800,6800,17349,0,9,156.62910589225228,3.0115209992800374,6822.507765999035,5816.515476396334
1783444542,200,,Aggregated,90.400000,0.000000,9,16,100,160,340,630,1200,2800,6500,6800,6800,17434,0,9,156.03806686054222,3.0115209992800374,6822.507765999035,5814.662383847654
1783444543,200,,Aggregated,91.600000,0.000000,9,16,99,160,340,630,1200,2800,6500,6800,6800,17518,0,9,155.41929974886935,3.0115209992800374,6822.507765999035,5821.323895421851
1783444544,200,,Aggregated,92.100000,0.000000,9,15,99,160,340,630,1200,2800,6500,6800,6800,17618,0,9,154.69233683032675,3.0115209992800374,6822.507765999035,5824.572028607106
1783444545,200,,Aggregated,90.200000,0.000000,9,15,98,160,340,620,1200,2800,6500,6800,6800,17704,0,9,154.08254115486264,3.0115209992800374,6822.507765999035,5821.109523271577
1783444546,200,,Aggregated,91.700000,0.000000,9,15,97,160,340,620,1200,2800,6500,6800,6800,17796,0,9,153.42528983972215,3.0115209992800374,6822.507765999035,5820.19476286806
1783444547,200,,Aggregated,91.800000,0.000000,9,15,96,160,340,620,1200,2800,6500,6800,6800,17886,0,9,152.75219051211604,3.0115209992800374,6822.507765999035,5816.303868947781
1783444548,200,,Aggregated,89.200000,0.000000,9,15,95,160,330,610,1200,2700,6500,6800,6800,17977,0,9,152.1516109803479,3.0115209992800374,6822.507765999035,5817.907771040775
1783444549,200,,Aggregated,90.200000,0.000000,9,15,94,160,330,610,1200,2700,6400,6800,6800,18062,0,9,151.53575186893613,3.0115209992800374,6822.507765999035,5814.829088694497
1783444550,200,,Aggregated,89.800000,0.000000,8,15,93,160,330,610,1200,2600,6400,6800,6800,18166,0,8,150.80290613721826,3.0115209992800374,6822.507765999035,5813.073213695915
1783444551,200,,Aggregated,90.300000,0.000000,9,15,93,160,330,610,1100,2600,6400,6800,6800,18259,0,9,150.3054833842326,3.0115209992800374,6822.507765999035,5815.957829015828
1783444552,200,,Aggregated,89.700000,0.000000,8,15,92,150,330,610,1100,2600,6400,6800,6800,18352,0,8,149.65283442429822,3.0115209992800374,6822.507765999035,5810.467469485615
1783444553,200,,Aggregated,90.100000,0.000000,8,15,90,150,330,610,1100,2600,6400,6800,6800,18445,0,8,148.99989403159307,3.0115209992800374,6822.507765999035,5812.152182163188
1783444554,200,,Aggregated,89.500000,0.000000,8,15,89,150,320,600,1100,2500,6400,6800,6800,18538,0,8,148.38417617929392,3.0115209992800374,6822.507765999035,5805.78158377387
1783444555,200,,Aggregated,89.100000,0.000000,8,15,89,150,320,600,1100,2500,6400,6800,6800,18633,0,8,147.7815045678512,3.0115209992800374,6822.507765999035,5804.363977888692
1783444556,200,,Aggregated,89.800000,0.000000,8,15,88,150,320,600,1100,2500,6400,6800,6800,18734,0,8,147.1702413296562,3.0115209992800374,6822.507765999035,5804.430607451692
1783444557,200,,Aggregated,89.300000,0.000000,8,15,87,150,320,590,1100,2300,6400,6800,6800,18813,0,8,146.70165445089881,3.0115209992800374,6822.507765999035,5800.177111571786
1783444558,200,,Aggregated,91.800000,0.000000,8,15,87,150,320,590,1100,2300,6400,6800,6800,18907,0,8,146.14080811174355,3.0115209992800374,6822.507765999035,5795.763579626593
1783444559,200,,Aggregated,90.800000,0.000000,8,15,85,150,320,590,1100,2300,6400,6800,6800,18996,0,8,145.54322411927384,3.0115209992800374,6822.507765999035,5797.211570857023
1783444560,200,,Aggregated,89.800000,0.000000,8,15,84,150,320,590,1100,2300,6400,6800,6800,19086,0,8,145.0383037007611,3.0115209992800374,6822.507765999035,5798.520800586817
1783444561,200,,Aggregated,89.900000,0.000000,8,14,84,150,310,590,1100,2300,6400,6800,6800,19182,0,8,144.5598482602817,3.0115209992800374,6822.507765999035,5798.702064435408
1783444562,200,,Aggregated,90.200000,0.000000,8,14,83,150,310,580,1100,2300,6400,6800,6800,19262,0,8,144.19716887004108,3.0115209992800374,6822.507765999035,5797.994029695774
1783444563,200,,Aggregated,88.900000,0.000000,8,14,82,150,310,580,1100,2300,6400,6800,6800,19352,0,8,143.65442740573232,3.0115209992800374,6822.507765999035,5793.088879702356
1783444564,200,,Aggregated,89.800000,0.000000,8,14,82,150,310,580,1100,2300,6400,6800,6800,19450,0,8,143.15066337792996,3.0115209992800374,6822.507765999035,5789.162879177378
1783444565,200,,Aggregated,90.900000,0.000000,8,14,81,150,310,580,1100,2300,6400,6800,6800,19547,0,8,142.6197028343861,3.0115209992800374,6822.507765999035,5793.394740880954
1783444566,200,,Aggregated,90.100000,0.000000,8,14,80,150,310,580,1100,2300,6400,6800,6800,19632,0,8,142.12837779353833,3.0115209992800374,6822.507765999035,5793.90500203749
1783444567,200,,Aggregated,90.500000,0.000000,8,14,79,140,310,570,1100,2300,6400,6800,6800,19729,0,8,141.58237401590256,3.0115209992800374,6822.507765999035,5794.667443864362
1783444568,200,,Aggregated,90.800000,0.000000,8,14,79,140,310,570,1100,2300,6400,6800,6800,19831,0,8,141.07063157086105,3.0115209992800374,6822.507765999035,5790.7352629721145
1783444569,200,,Aggregated,90.000000,0.000000,8,14,78,140,310,570,1100,2200,6400,6800,6800,19920,0,8,140.6320371985314,3.0115209992800374,6822.507765999035,5783.0026104417675
1783444570,200,,Aggregated,90.900000,0.000000,8,14,77,140,310,570,1100,2200,6400,6800,6800,20010,0,8,140.09650148804363,3.0115209992800374,6822.507765999035,5781.461769115443
1783444571,200,,Aggregated,91.600000,0.000000,8,14,76,140,310,570,1100,2200,6400,6800,6800,20101,0,8,139.59108673000193,3.0115209992800374,6822.507765999035,5776.950599472663
1783444572,200,,Aggregated,92.200000,0.000000,8,14,75,140,300,570,1100,2200,6400,6800,6800,20205,0,8,138.9814650293369,3.0115209992800374,6822.507765999035,5772.939222964613
1783444573,200,,Aggregated,92.500000,0.000000,8,14,74,140,300,560,1100,2200,6400,6800,6800,20292,0,8,138.494057485598,3.0115209992800374,6822.507765999035,5773.416617386162
1783444574,200,,Aggregated,92.500000,0.000000,8,14,74,140,300,560,1100,2200,6400,6800,6800,20388,0,8,137.94894971697923,3.0115209992800374,6822.507765999035,5769.256376299784
1783444575,200,,Aggregated,93.200000,0.000000,8,14,72,140,300,560,1100,2200,6400,6800,6800,20467,0,8,137.51808121374776,3.0115209992800374,6822.507765999035,5770.476816338496
1783444576,200,,Aggregated,92.700000,0.000000,8,14,71,140,300,560,1000,2200,6400,6800,6800,20565,0,8,137.0041414938395,3.0115209992800374,6822.507765999035,5775.593532701191
1783444577,200,,Aggregated,92.800000,0.000000,8,14,70,140,300,560,1000,2200,6400,6800,6800,20660,0,8,136.53451710478228,3.0115209992800374,6822.507765999035,5780.001064859632
1783444578,200,,Aggregated,91.100000,0.000000,8,14,69,140,300,550,1000,2200,6400,6800,6800,20749,0,8,136.0979324229018,3.0115209992800374,6822.507765999035,5780.362909055858
1783444579,200,,Aggregated,92.100000,0.000000,8,14,69,140,300,550,1000,2200,6400,6800,6800,20850,0,8,135.6148436671365,3.0115209992800374,6822.507765999035,5777.96964028777
1783444581,200,,Aggregated,91.100000,0.000000,8,14,67,140,300,550,1000,2100,6400,6800,6800,20965,0,8,135.05158807592625,3.0115209992800374,6822.507765999035,5774.561507274028
1783444582,200,,Aggregated,91.600000,0.000000,8,14,67,140,290,550,1000,2100,6400,6800,6800,21050,0,8,134.60941624692714,3.0115209992800374,6822.507765999035,5774.0878859857485
1783444583,200,,Aggregated,92.000000,0.000000,8,14,65,130,290,540,1000,2100,6400,6800,6800,21147,0,8,134.07040900022736,3.0115209992800374,6822.507765999035,5777.171844706105
1783444584,200,,Aggregated,91.200000,0.000000,8,14,64,130,290,540,1000,2100,6400,6800,6800,21238,0,8,133.55897845337645,3.0115209992800374,6822.507765999035,5784.056926264243
1783444585,200,,Aggregated,90.800000,0.000000,8,14,63,130,290,540,1000,2000,6400,6800,6800,21330,0,8,133.08214818958336,3.0115209992800374,6822.507765999035,5781.598265353961
1783444586,200,,Aggregated,91.400000,0.000000,8,14,61,130,290,540,1000,2000,6400,6800,6800,21432,0,8,132.52252037289105,3.0115209992800374,6822.507765999035,5774.460806270997
1783444587,200,,Aggregated,91.600000,0.000000,8,14,60,130,290,530,1000,2000,6400,6800,6800,21518,0,8,132.0691142370479,3.0115209992800374,6822.507765999035,5772.833813551445
1783444588,200,,Aggregated,91.400000,0.000000,8,14,59,130,290,530,1000,2000,6400,6800,6800,21603,0,8,131.65753119301888,3.0115209992800374,6822.507765999035,5772.035920936907
1783444589,200,,Aggregated,92.200000,0.000000,8,14,59,130,280,530,1000,2000,6400,6800,6800,21695,0,8,131.17695030388464,3.0115209992800374,6822.507765999035,5772.368748559576
1783444590,200,,Aggregated,91.700000,0.000000,8,14,58,130,280,530,1000,1900,6400,6800,6800,21789,0,8,130.69711037706043,3.0115209992800374,6822.507765999035,5775.048969663591
1783444591,200,,Aggregated,90.900000,0.000000,8,14,57,130,280,520,990,1900,6400,6800,6800,21872,0,8,130.2626973516716,3.0115209992800374,6822.507765999035,5776.845601682517
1783444592,200,,Aggregated,91.200000,0.000000,8,14,56,130,280,520,990,1900,6400,6800,6800,21979,0,8,129.73161312460826,3.0115209992800374,6822.507765999035,5775.712725783703
1783444593,200,,Aggregated,90.300000,0.000000,8,13,55,130,280,520,990,1900,6400,6800,6800,22065,0,8,129.29242991981764,3.0115209992800374,6822.507765999035,5776.046770904147
1783444594,200,,Aggregated,92.000000,0.000000,8,13,54,130,280,520,990,1900,6400,6800,6800,22152,0,8,128.84674824308334,3.0115209992800374,6822.507765999035,5778.325749368003
1783444595,200,,Aggregated,90.800000,0.000000,8,13,54,120,280,520,990,1900,6400,6800,6800,22237,0,8,128.44985766572793,3.0115209992800374,6822.507765999035,5776.438008724198
1783444596,200,,Aggregated,91.100000,0.000000,8,14,56,120,280,520,980,1900,6400,6800,6800,22381,0,8,128.08744179267217,3.0115209992800374,6822.507765999035,5772.875564094545
1783444597,200,,Aggregated,90.200000,0.000000,8,13,55,120,280,510,980,1900,6400,6800,6800,22471,0,8,127.63095609900735,3.0115209992800374,6822.507765999035,5775.026656579592
1783444598,200,,Aggregated,84.200000,0.000000,8,13,55,120,270,510,980,1900,6400,6800,6800,22555,0,8,127.23205299165468,3.0115209992800374,6822.507765999035,5774.041986255819
1783444599,200,,Aggregated,89.000000,0.000000,8,13,54,120,270,510,980,1900,6400,6800,6800,22648,0,8,126.82404694453253,3.0115209992800374,6822.507765999035,5771.091840339102
1783444600,200,,Aggregated,88.900000,0.000000,8,13,54,120,270,510,980,1900,6400,6800,6800,22748,0,8,126.44905205621518,3.0115209992800374,6822.507765999035,5771.486812027431
1783444601,200,,Aggregated,89.700000,0.000000,8,13,53,120,270,510,970,1900,6400,6800,6800,22833,0,8,126.07432425760095,3.0115209992800374,6822.507765999035,5771.749879560286
1783444602,200,,Aggregated,88.600000,0.000000,8,13,53,120,270,500,970,1900,6400,6800,6800,22931,0,8,125.63544669581769,3.0115209992800374,6822.507765999035,5775.021848153155
1783444603,200,,Aggregated,90.500000,0.000000,8,13,52,120,270,500,970,1900,6400,6800,6800,23017,0,8,125.3286927725506,3.0115209992800374,6822.507765999035,5773.086892296998
1783444605,200,,Aggregated,90.100000,0.000000,8,13,51,120,270,500,960,1900,6400,6800,6800,23097,0,8,125.02936962747387,3.0115209992800374,6822.507765999035,5773.366627700567
1783444606,200,,Aggregated,89.300000,0.000000,8,13,50,120,270,500,960,1900,6400,6800,6800,23192,0,8,124.66781587986229,3.0115209992800374,6822.507765999035,5770.924629182477
1783444607,200,,Aggregated,88.400000,0.000000,8,13,50,120,270,500,960,1800,6400,6800,6800,23273,0,8,124.4016300699862,3.0115209992800374,6822.507765999035,5772.339921797791
1783444608,200,,Aggregated,88.400000,0.000000,8,13,50,120,270,490,950,1800,6400,6800,6800,23365,0,8,124.15739466290606,3.0115209992800374,6822.507765999035,5769.966702332548
1783444609,200,,Aggregated,88.700000,0.000000,8,13,49,120,270,490,950,1800,6400,6800,6800,23464,0,8,123.75447734243028,3.0115209992800374,6822.507765999035,5773.873550971702
1783444610,200,,Aggregated,89.100000,0.000000,8,13,48,120,270,490,950,1800,6400,6800,6800,23547,0,8,123.41262946960465,3.0115209992800374,6822.507765999035,5772.267507538115
1783444611,200,,Aggregated,89.600000,0.000000,8,13,47,120,270,490,950,1700,6400,6800,6800,23634,0,8,123.13819159743527,3.0115209992800374,6822.507765999035,5771.1059913683675
1783444612,200,,Aggregated,89.700000,0.000000,8,13,46,120,270,490,950,1700,6400,6800,6800,23717,0,8,122.87352421481668,3.0115209992800374,6822.507765999035,5768.834970696125
1783444613,200,,Aggregated,88.100000,0.000000,8,13,48,120,270,490,950,1700,6400,6800,6800,23816,0,8,122.89666688771418,3.0115209992800374,6822.507765999035,5767.675260329191
1783444614,200,,Aggregated,88.300000,0.000000,8,13,47,120,270,490,940,1700,6400,6800,6800,23904,0,8,122.58732708985056,3.0115209992800374,6822.507765999035,5768.299322289156
1783444615,200,,Aggregated,88.000000,0.000000,8,13,46,120,270,480,940,1700,6400,6800,6800,23992,0,8,122.19976200124135,3.0115209992800374,6822.507765999035,5770.576233744581
1783444616,200,,Aggregated,88.100000,0.000000,8,13,45,120,270,480,930,1700,6400,6800,6800,24089,0,8,121.84349342479014,3.0115209992800374,6822.507765999035,5766.994437295031
1783444617,200,,Aggregated,89.300000,0.000000,8,13,45,120,270,480,930,1700,6400,6800,6800,24176,0,8,121.56622702062936,3.0115209992800374,6822.507765999035,5768.459918927862
1783444618,200,,Aggregated,89.500000,0.000000,8,13,44,120,270,480,930,1700,6400,6800,6800,24270,0,8,121.24494167056996,3.0115209992800374,6822.507765999035,5764.818211784095
1783444619,200,,Aggregated,89.400000,0.000000,8,13,44,120,270,480,920,1700,6400,6800,6800,24359,0,8,120.94658796534054,3.0115209992800374,6822.507765999035,5763.789441274273
1783444620,200,,Aggregated,89.500000,0.000000,8,13,43,120,270,480,920,1700,6400,6800,6800,24449,0,8,120.64621232625994,3.0115209992800374,6822.507765999035,5763.414086465704
1783444621,200,,Aggregated,88.700000,0.000000,8,13,43,120,270,470,920,1700,6400,6800,6800,24548,0,8,120.25299750393991,3.0115209992800374,6822.507765999035,5764.35208570963
1783444622,200,,Aggregated,89.500000,0.000000,8,13,42,120,260,470,920,1700,6400,6800,6800,24641,0,8,119.90733055150864,3.0115209992800374,6822.507765999035,5762.850655411712
1783444623,200,,Aggregated,90.700000,0.000000,8,13,40,110,260,470,920,1700,6400,6800,6800,24733,0,8,119.61804707850784,3.0115209992800374,6822.507765999035,5758.3201795172445
1783444624,200,,Aggregated,90.900000,0.000000,8,13,40,110,260,470,920,1700,6400,6800,6800,24822,0,8,119.34598000490395,3.0115209992800374,6822.507765999035,5757.701192490533
1783444625,200,,Aggregated,90.400000,0.000000,8,13,40,110,260,470,910,1700,6400,6800,6800,24907,0,8,119.10553259476156,3.0115209992800374,6822.507765999035,5758.650981651745
1783444626,200,,Aggregated,90.400000,0.000000,8,13,41,120,270,470,910,1700,6400,6800,6800,24953,0,8,119.2367248361205,3.0115209992800374,6822.507765999035,5761.353745040677
1783444627,200,,Aggregated,90.200000,0.000000,8,13,46,120,270,490,920,1700,6400,6800,6800,25083,0,8,120.96284481177285,3.0115209992800374,6822.507765999035,5759.334609097796
1783444628,200,,Aggregated,86.800000,0.000000,8,13,46,120,270,490,930,1700,6400,6800,6800,25144,0,8,120.96611431417823,3.0115209992800374,6822.507765999035,5760.87659083678
1783444629,200,,Aggregated,86.200000,0.000000,8,13,46,120,270,490,930,1700,6400,6800,6800,25228,0,8,120.89851173246804,3.0115209992800374,6822.507765999035,5756.583439035991
1783444630,200,,Aggregated,86.200000,0.000000,8,13,47,120,270,490,930,1700,6400,6800,6800,25259,0,8,120.99010660349589,3.0115209992800374,6822.507765999035,5755.504057959539
1783444631,200,,Aggregated,86.200000,0.000000,8,13,47,120,270,490,930,1700,6400,6800,6800,25259,0,8,120.99010660349589,3.0115209992800374,6822.507765999035,5755.504057959539
1783444632,200,,Aggregated,81.900000,0.000000,8,13,53,120,280,520,1100,1900,6400,6800,6800,25377,0,8,127.18368645843508,3.0115209992800374,6822.507765999035,5755.009930251803
1783444633,200,,Aggregated,81.900000,0.000000,8,13,54,130,290,540,1100,2000,6400,6800,6800,25415,0,8,130.0244791404559,3.0115209992800374,6822.507765999035,5756.019594727523
1783444634,200,,Aggregated,73.800000,0.000000,8,13,56,130,290,550,1200,2100,6400,6800,6800,25449,0,8,132.62019448971225,3.0115209992800374,6822.507765999035,5754.506463908208
1783444635,200,,Aggregated,70.000000,0.000000,8,14,61,130,300,590,1300,2200,6400,6800,6800,25582,0,8,138.64181319406993,3.0115209992800374,6822.507765999035,5754.624149792823
1783444636,200,,Aggregated,61.400000,0.000000,8,14,63,130,300,590,1300,2200,6400,6800,6800,25647,0,8,138.9631443030643,3.0115209992800374,6822.507765999035,5751.704799781651
1783444637,200,,Aggregated,65.900000,0.000000,8,14,64,130,300,590,1300,2200,6400,6800,6800,25725,0,8,139.18103918992,3.0115209992800374,6822.507765999035,5746.847735665695
1783444638,200,,Aggregated,67.800000,0.000000,8,14,65,130,300,590,1300,2200,6400,6800,6800,25833,0,8,139.2108355984095,3.0115209992800374,6822.507765999035,5751.249487090156
1783444639,200,,Aggregated,69.500000,0.000000,8,14,64,130,300,590,1200,2200,6400,6800,6800,25927,0,8,138.93169877447144,3.0115209992800374,6822.507765999035,5751.148146719636
1783444640,200,,Aggregated,65.600000,0.000000,8,14,64,130,300,590,1200,2200,6300,6800,6800,26014,0,8,138.61228310589422,3.0115209992800374,6822.507765999035,5749.7446759437225
1783444641,200,,Aggregated,67.400000,0.000000,8,14,63,130,300,590,1200,2200,6300,6800,6800,26121,0,8,138.23481042152736,3.0115209992800374,6822.507765999035,5746.617510815053
1783444642,200,,Aggregated,72.200000,0.000000,8,14,62,130,300,590,1200,2200,6300,6800,6800,26196,0,8,138.07505796422058,3.0115209992800374,6822.507765999035,5748.595854328905
1783444643,200,,Aggregated,81.300000,0.000000,8,14,61,130,300,590,1200,2200,6300,6800,6800,26289,0,8,137.82486669834242,3.0115209992800374,6822.507765999035,5750.643539122827
1783444644,200,,Aggregated,81.100000,0.000000,8,14,61,130,300,590,1200,2200,6300,6800,6800,26377,0,8,137.54033421536644,3.0115209992800374,6822.507765999035,5749.042120028813
1783444645,200,,Aggregated,83.200000,0.000000,8,14,61,130,300,590,1200,2200,6300,6800,6800,26471,0,8,137.3704690190289,3.0115209992800374,6822.507765999035,5745.172943976427
1783444646,200,,Aggregated,93.100000,0.000000,8,14,60,130,300,580,1200,2200,6300,6800,6800,26559,0,8,137.0838091489031,3.0115209992800374,6822.507765999035,5744.844610113332
1783444647,200,,Aggregated,88.800000,0.000000,8,14,59,130,300,580,1200,2200,6300,6800,6800,26659,0,8,136.72219488314397,3.0115209992800374,6822.507765999035,5748.170261450167
1783444648,200,,Aggregated,89.600000,0.000000,8,14,59,130,300,580,1200,2200,6300,6800,6800,26741,0,8,136.46471715335045,3.0115209992800374,6822.507765999035,5745.8012415392095
1783444649,200,,Aggregated,89.400000,0.000000,8,14,59,130,300,580,1200,2200,6300,6800,6800,26826,0,8,136.40971241361848,3.0115209992800374,6822.507765999035,5745.922985163647
1783444650,200,,Aggregated,91.900000,0.000000,8,14,62,130,300,580,1200,2200,6300,6800,6800,26918,0,8,136.74183725398356,3.0115209992800374,6822.507765999035,5746.725462515788
1783444651,200,,Aggregated,88.500000,0.000000,8,14,63,130,300,580,1200,2200,6300,6800,6800,27011,0,8,136.6664850154288,3.0115209992800374,6822.507765999035,5746.959164784717
1783444652,200,,Aggregated,89.200000,0.000000,8,14,63,130,300,580,1200,2200,6300,6800,6800,27100,0,8,136.54748377810964,3.0115209992800374,6822.507765999035,5744.199409594096
1783444653,200,,Aggregated,89.400000,0.000000,8,14,62,130,300,580,1200,2100,6300,6800,6800,27187,0,8,136.23218683704653,3.0115209992800374,6822.507765999035,5744.189759811675
1783444654,200,,Aggregated,88.900000,0.000000,8,14,61,130,300,580,1200,2100,6300,6800,6800,27278,0,8,136.01266946003287,3.0115209992800374,6822.507765999035,5741.121599824034
1783444655,200,,Aggregated,89.400000,0.000000,8,14,61,130,300,580,1200,2100,6300,6800,6800,27362,0,8,135.67029534393652,3.0115209992800374,6822.507765999035,5742.052920108179
1783444656,200,,Aggregated,88.300000,0.000000,8,14,60,130,300,580,1200,2100,6300,6800,6800,27457,0,8,135.30259526549912,3.0115209992800374,6822.507765999035,5737.435517354409
1783444657,200,,Aggregated,89.400000,0.000000,8,14,60,130,300,580,1200,2100,6300,6800,6800,27543,0,8,135.0744697487856,3.0115209992800374,6822.507765999035,5736.3445884616785
1783444658,200,,Aggregated,88.000000,0.000000,8,14,59,130,300,570,1200,2100,6300,6800,6800,27651,0,8,134.72457215521314,3.0115209992800374,6822.507765999035,5733.782358685038
1783444659,200,,Aggregated,88.200000,0.000000,8,14,59,130,300,570,1200,2100,6300,6800,6800,27731,0,8,134.4357748622043,3.0115209992800374,6822.507765999035,5731.012621254192
1783444660,200,,Aggregated,90.100000,0.000000,8,14,58,130,300,570,1200,2100,6300,6800,6800,27841,0,8,134.01375908921327,3.0115209992800374,6822.507765999035,5737.007291404762
1783444661,200,,Aggregated,90.900000,0.000000,8,14,58,130,300,570,1200,2100,6300,6800,6800,27929,0,8,133.69326568383275,3.0115209992800374,6822.507765999035,5735.591857925454
1783444662,200,,Aggregated,91.700000,0.000000,8,14,57,130,300,570,1200,2100,6300,6800,6800,28029,0,8,133.292736909691,3.0115209992800374,6822.507765999035,5738.120125584216
1783444663,200,,Aggregated,91.500000,0.000000,8,14,56,130,300,570,1200,2100,6300,6800,6800,28116,0,8,132.98173208453287,3.0115209992800374,6822.507765999035,5740.403435766112
1783444664,200,,Aggregated,90.500000,0.000000,8,13,56,130,300,570,1200,2100,6300,6800,6800,28201,0,8,132.70796366184697,3.0115209992800374,6822.507765999035,5737.016914293819
1783444665,200,,Aggregated,92.100000,0.000000,8,13,55,130,300,570,1200,2100,6300,6800,6800,28292,0,8,132.3613528235804,3.0115209992800374,6822.507765999035,5737.145553513361
1783444666,200,,Aggregated,92.700000,0.000000,8,13,54,130,290,560,1200,2100,6300,6800,6800,28397,0,8,131.92709345303135,3.0115209992800374,6822.507765999035,5737.87400077473
1783444667,200,,Aggregated,90.500000,0.000000,8,13,54,130,290,560,1200,2100,6300,6800,6800,28489,0,8,131.59228822899095,3.0115209992800374,6822.507765999035,5736.655059847661
1783444668,200,,Aggregated,92.700000,0.000000,8,13,54,130,290,560,1200,2100,6300,6800,6800,28583,0,8,131.31218539032696,3.0115209992800374,6822.507765999035,5733.391351502642
1783444669,200,,Aggregated,93.000000,0.000000,8,13,53,130,290,560,1200,2100,6300,6800,6800,28671,0,8,130.95990185534987,3.0115209992800374,6822.507765999035,5733.839210351924
1783444670,200,,Aggregated,92.400000,0.000000,8,13,52,130,290,560,1200,2000,6300,6800,6800,28777,0,8,130.70124328278524,3.0115209992800374,6822.507765999035,5732.356708482469
1783444671,200,,Aggregated,93.200000,0.000000,8,13,52,130,290,560,1200,2000,6300,6800,6800,28859,0,8,130.38740481578444,3.0115209992800374,6822.507765999035,5729.590803562147
1783444672,200,,Aggregated,90.400000,0.000000,8,13,51,130,290,550,1200,2000,6300,6800,6800,28945,0,8,130.1119096040321,3.0115209992800374,6822.507765999035,5730.9138711349115
1783444673,200,,Aggregated,92.700000,0.000000,8,13,50,120,290,550,1200,2000,6300,6800,6800,29040,0,8,129.7793407605959,3.0115209992800374,6822.507765999035,5728.641838842976
1783444674,200,,Aggregated,92.600000,0.000000,8,13,50,120,290,550,1100,2000,6300,6800,6800,29136,0,8,129.5392289195052,3.0115209992800374,6822.507765999035,5726.879702086765
1783444675,200,,Aggregated,91.800000,0.000000,8,13,49,120,290,550,1100,2000,6300,6800,6800,29220,0,8,129.26399501545833,3.0115209992800374,6822.507765999035,5725.941136208076
1783444676,200,,Aggregated,91.700000,0.000000,8,13,49,120,290,550,1100,2000,6300,6800,6800,29311,0,8,128.92848957731567,3.0115209992800374,6822.507765999035,5727.506942785984
1783444677,200,,Aggregated,92.900000,0.000000,8,13,48,120,290,540,1100,2000,6300,6800,6800,29398,0,8,128.67795101842614,3.0115209992800374,6822.507765999035,5728.171814409144
1783444678,200,,Aggregated,92.100000,0.000000,8,13,47,120,290,540,1100,2000,6300,6800,6800,29501,0,8,128.39218543258553,3.0115209992800374,6822.507765999035,5731.2431104030375
1783444679,200,,Aggregated,91.700000,0.000000,8,13,46,120,290,540,1100,2000,6300,6800,6800,29584,0,8,128.1469791446966,3.0115209992800374,6822.507765999035,5730.055502974581
1783444680,200,,Aggregated,90.700000,0.000000,8,13,46,120,290,540,1100,2000,6300,6800,6800,29680,0,8,127.79079204362172,3.0115209992800374,6822.507765999035,5731.900977088949
1783444681,200,,Aggregated,89.900000,0.000000,8,13,45,120,290,540,1100,2000,6300,6800,6800,29761,0,8,127.57722539930444,3.0115209992800374,6822.507765999035,5732.248109942542
1783444682,200,,Aggregated,92.700000,0.000000,8,13,46,120,290,540,1100,2000,6300,6800,6800,29868,0,8,127.44501691247123,3.0115209992800374,6822.507765999035,5734.471441007098
1783444683,200,,Aggregated,89.700000,0.000000,8,13,46,120,290,540,1100,2000,6300,6800,6800,29943,0,8,127.22540364838706,3.0115209992800374,6822.507765999035,5734.373209097284
1783444684,200,,Aggregated,89.400000,0.000000,8,13,45,120,290,530,1100,2000,6300,6800,6800,30041,0,8,126.92266727914004,3.0115209992800374,6822.507765999035,5733.620318897507
1783444685,200,,Aggregated,91.400000,0.000000,8,13,44,120,280,530,1100,2000,6300,6800,6800,30130,0,8,126.6495859594972,3.0115209992800374,6822.507765999035,5729.596481911716
1783444686,200,,Aggregated,89.500000,0.000000,8,13,44,120,280,530,1100,2000,6300,6800,6800,30217,0,8,126.34085154699862,3.0115209992800374,6822.507765999035,5729.698249329847
1783444687,200,,Aggregated,90.500000,0.000000,8,13,43,120,280,530,1100,2000,6300,6800,6800,30310,0,8,126.04201219853697,3.0115209992800374,6822.507765999035,5729.310359617288
1783444688,200,,Aggregated,89.400000,0.000000,8,13,43,120,280,530,1100,2000,6300,6800,6800,30395,0,8,125.77371971971206,3.0115209992800374,6822.507765999035,5727.119427537424
1783444689,200,,Aggregated,90.200000,0.000000,8,13,42,120,280,530,1100,2000,6300,6800,6800,30492,0,8,125.44671522880222,3.0115209992800374,6822.507765999035,5724.986258690804
1783444690,200,,Aggregated,89.500000,0.000000,8,13,41,120,280,520,1100,2000,6300,6800,6800,30582,0,8,125.16198289626722,3.0115209992800374,6822.507765999035,5724.51468183899
1783444691,200,,Aggregated,90.100000,0.000000,8,13,41,120,280,520,1100,2000,6300,6800,6800,30673,0,8,124.88395886403802,3.0115209992800374,6822.507765999035,5721.064682293874
1783444692,200,,Aggregated,88.900000,0.000000,8,13,40,120,280,520,1100,2000,6300,6800,6800,30760,0,8,124.64206749361637,3.0115209992800374,6822.507765999035,5721.47821846554
1783444693,200,,Aggregated,89.700000,0.000000,8,13,40,120,280,520,1100,2000,6300,6800,6800,30854,0,8,124.30549410918019,3.0115209992800374,6822.507765999035,5721.713943086796
1783444694,200,,Aggregated,90.500000,0.000000,8,13,40,120,280,520,1100,2000,6300,6800,6800,30939,0,8,124.20875871720669,3.0115209992800374,6822.507765999035,5717.428843854035
1783444696,200,,Aggregated,88.900000,0.000000,8,13,41,120,280,520,1100,2000,6300,6800,6800,31075,0,8,123.96738645459897,3.0115209992800374,6822.507765999035,5720.276202735317
1783444697,200,,Aggregated,86.800000,0.000000,8,13,40,120,280,520,1100,2000,6300,6800,6800,31153,0,8,123.70738806685195,3.0115209992800374,6822.507765999035,5720.500529644015
1783444698,200,,Aggregated,90.700000,0.000000,8,13,40,120,280,520,1100,2000,6300,6800,6800,31237,0,8,123.46376642083459,3.0115209992800374,6822.507765999035,5718.914204308992
1783444699,200,,Aggregated,88.900000,0.000000,8,13,39,120,280,520,1100,2000,6300,6800,6800,31334,0,8,123.13115304412464,3.0115209992800374,6822.507765999035,5721.659443416098
1783444700,200,,Aggregated,89.100000,0.000000,8,13,39,120,280,510,1100,2000,6300,6800,6800,31432,0,8,122.85259744873333,3.0115209992800374,6822.507765999035,5720.382730974803
1783444701,200,,Aggregated,89.400000,0.000000,8,13,39,120,280,510,1100,2000,6300,6800,6800,31510,0,8,122.63057834568696,3.0115209992800374,6822.507765999035,5716.22761028245
1783444702,200,,Aggregated,90.000000,0.000000,8,13,38,120,270,510,1100,1900,6300,6800,6800,31613,0,8,122.35505692214021,3.0115209992800374,6822.507765999035,5719.909088033404
1783444703,200,,Aggregated,88.500000,0.000000,8,13,38,110,270,510,1100,1900,6300,6800,6800,31700,0,8,122.07787119677036,3.0115209992800374,6822.507765999035,5718.5448264984225
1783444704,200,,Aggregated,90.000000,0.000000,8,13,37,110,270,510,1100,1900,6300,6800,6800,31794,0,8,121.86051646941647,3.0115209992800374,6822.507765999035,5720.197867522174
1783444705,200,,Aggregated,90.100000,0.000000,8,13,37,110,270,510,1100,1900,6300,6800,6800,31891,0,8,121.64991484599534,3.0115209992800374,6822.507765999035,5716.390298203255
1783444706,200,,Aggregated,90.900000,0.000000,8,13,37,110,270,500,1100,1900,6300,6800,6800,31993,0,8,121.35895406856636,3.0115209992800374,6822.507765999035,5717.580814553184
1783444707,200,,Aggregated,92.900000,0.000000,8,13,36,110,270,500,1000,1900,6200,6800,6800,32080,0,8,121.1013412824076,3.0115209992800374,6822.507765999035,5716.190211970074
1783444708,200,,Aggregated,90.100000,0.000000,8,13,37,110,270,500,1000,1900,6200,6800,6800,32169,0,8,121.1652011905767,3.0115209992800374,6822.507765999035,5716.677080419037
1783444709,200,,Aggregated,91.600000,0.000000,8,13,37,110,270,500,1000,1900,6200,6800,6800,32257,0,8,120.89068341186936,3.0115209992800374,6822.507765999035,5718.741947484267
1783444710,200,,Aggregated,88.900000,0.000000,8,13,36,110,270,500,1000,1900,6200,6800,6800,32346,0,8,120.65329684874932,3.0115209992800374,6822.507765999035,5718.055988375688
1783444711,200,,Aggregated,91.700000,0.000000,8,13,36,110,270,500,1000,1900,6200,6800,6800,32431,0,8,120.44430217747365,3.0115209992800374,6822.507765999035,5716.574203693996
1783444712,200,,Aggregated,90.500000,0.000000,8,13,35,110,270,500,1000,1900,6200,6800,6800,32525,0,8,120.1904077432324,3.0115209992800374,6822.507765999035,5715.271606456572
1783444713,200,,Aggregated,92.200000,0.000000,8,13,35,110,270,500,1000,1900,6200,6800,6800,32640,0,8,119.90325574729327,3.0115209992800374,6822.507765999035,5716.908272058824
1783444714,200,,Aggregated,91.300000,0.000000,8,13,35,110,270,490,1000,1900,6200,6800,6800,32737,0,8,119.61139841471862,3.0115209992800374,6822.507765999035,5716.960411766503
1783444715,200,,Aggregated,91.500000,0.000000,8,13,34,110,270,490,1000,1900,6200,6800,6800,32823,0,8,119.40118264712656,3.0115209992800374,6822.507765999035,5716.93254729915
1783444716,200,,Aggregated,91.100000,0.000000,8,13,34,110,270,490,1000,1900,6200,6800,6800,32914,0,8,119.14698395651175,3.0115209992800374,6822.507765999035,5716.3023941180045
1783444717,200,,Aggregated,90.600000,0.000000,8,13,34,110,270,490,1000,1900,6200,6800,6800,33001,0,8,118.9230360092008,3.0115209992800374,6822.507765999035,5720.711826914336
1783444718,200,,Aggregated,91.000000,0.000000,8,13,33,110,270,490,1000,1900,6200,6800,6800,33103,0,8,118.6849104725747,3.0115209992800374,6822.507765999035,5722.895387125034
1783444719,200,,Aggregated,90.000000,0.000000,8,13,33,110,270,490,1000,1900,6200,6800,6800,33194,0,8,118.47687805671535,3.0115209992800374,6822.507765999035,5722.706573477134
1783444720,200,,Aggregated,93.600000,0.000000,8,13,32,110,270,490,1000,1900,6200,6800,6800,33283,0,8,118.23261322683067,3.0115209992800374,6822.507765999035,5722.0424240603315
1783444721,200,,Aggregated,91.600000,0.000000,7,13,32,110,270,490,1000,1900,6200,6800,6800,33382,0,7,117.96513601448684,3.0115209992800374,6822.507765999035,5721.076717991732
1783444722,200,,Aggregated,91.800000,0.000000,7,13,32,110,270,490,1000,1900,6200,6800,6800,33479,0,7,117.71436442706263,3.0115209992800374,6822.507765999035,5722.502434361839
1783444723,200,,Aggregated,91.600000,0.000000,7,13,31,110,270,480,1000,1900,6200,6800,6800,33552,0,7,117.52059589483888,3.0115209992800374,6822.507765999035,5723.754291845494
1783444724,200,,Aggregated,90.900000,0.000000,7,13,31,110,270,480,1000,1900,6200,6800,6800,33645,0,7,117.26189183919283,3.0115209992800374,6822.507765999035,5718.8599197503345
1783444725,200,,Aggregated,91.800000,0.000000,7,13,31,110,270,480,1000,1900,6200,6800,6800,33744,0,7,117.09369953057286,2.911894000135362,6822.507765999035,5719.994250829777
1783444726,200,,Aggregated,91.400000,0.000000,7,13,30,110,270,480,1000,1900,6200,6800,6800,33832,0,7,116.90202068587932,2.911894000135362,6822.507765999035,5724.150271931899
1783444727,200,,Aggregated,91.000000,0.000000,7,13,30,110,270,480,1000,1900,6200,6800,6800,33922,0,7,116.69654884463384,2.911894000135362,6822.507765999035,5723.31150875538
1783444728,200,,Aggregated,90.300000,0.000000,7,13,29,110,260,480,1000,1900,6200,6800,6800,34009,0,7,116.49111143055266,2.911894000135362,6822.507765999035,5720.566702931577
1783444729,200,,Aggregated,91.100000,0.000000,7,13,29,110,260,480,990,1900,6200,6800,6800,34101,0,7,116.26763578738615,2.911894000135362,6822.507765999035,5722.223160611125
1783444730,200,,Aggregated,91.700000,0.000000,7,13,28,110,260,480,990,1900,6200,6800,6800,34203,0,7,116.00450601080682,2.911894000135362,6822.507765999035,5721.494605736339
1783444731,200,,Aggregated,89.900000,0.000000,7,13,28,110,260,470,990,1900,6200,6800,6800,34285,0,7,115.80214826223228,2.911894000135362,6822.507765999035,5723.596208254338
1783444732,200,,Aggregated,90.200000,0.000000,7,13,27,110,260,470,990,1900,6200,6800,6800,34374,0,7,115.56208215647374,2.911894000135362,6822.507765999035,5725.0578344097285
1783444733,200,,Aggregated,90.400000,0.000000,7,13,26,100,260,470,990,1900,6200,6800,6800,34480,0,7,115.27399910842907,2.911894000135362,6822.507765999035,5727.471113689096
1783444734,200,,Aggregated,90.000000,0.000000,7,13,26,100,260,470,990,1900,6200,6800,6800,34572,0,7,115.11845522039974,2.911894000135362,6822.507765999035,5724.251243781095
1783444735,200,,Aggregated,89.700000,0.000000,7,13,26,100,260,470,990,1900,6200,6800,6800,34661,0,7,114.88059769356514,2.911894000135362,6822.507765999035,5722.106632814979
1783444736,200,,Aggregated,90.800000,0.000000,7,13,26,100,260,470,990,1900,6200,6800,6800,34748,0,7,114.67134325931508,2.911894000135362,6822.507765999035,5720.399994244273
1783444737,200,,Aggregated,90.900000,0.000000,7,13,27,100,260,470,980,1800,6200,6800,6800,34840,0,7,114.56584111861848,2.911894000135362,6822.507765999035,5717.969288174512
1783444738,200,,Aggregated,92.000000,0.000000,7,13,26,100,260,470,980,1800,6200,6800,6800,34936,0,7,114.36275457675909,2.911894000135362,6822.507765999035,5716.853961529654
1783444739,200,,Aggregated,90.700000,0.000000,7,13,26,100,260,470,980,1800,6200,6800,6800,35026,0,7,114.15292393232609,2.911894000135362,6822.507765999035,5719.314138068863
1783444740,200,,Aggregated,90.100000,0.000000,7,13,26,100,260,470,980,1800,6200,6800,6800,35113,0,7,113.95416620077008,2.911894000135362,6822.507765999035,5718.398143137869
1783444742,200,,Aggregated,91.500000,0.000000,7,13,27,100,260,460,980,1800,6200,6800,6800,35233,0,7,113.86101871383703,2.911894000135362,6822.507765999035,5721.748332529163
1783444743,200,,Aggregated,88.400000,0.000000,7,13,26,100,260,460,980,1800,6200,6800,6800,35331,0,7,113.6777336871199,2.911894000135362,6822.507765999035,5720.4181313860345
1783444744,200,,Aggregated,91.300000,0.000000,7,13,26,100,260,460,980,1800,6200,6800,6800,35417,0,7,113.50894994501607,2.911894000135362,6822.507765999035,5717.001948216958
1783444745,200,,Aggregated,91.300000,0.000000,7,13,25,100,260,460,970,1800,6200,6800,6800,35506,0,7,113.27082705927506,2.911894000135362,6822.507765999035,5717.974257871909
1783444746,200,,Aggregated,90.300000,0.000000,7,13,25,100,260,460,970,1800,6200,6800,6800,35600,0,7,113.10308725532649,2.911894000135362,6822.507765999035,5717.2267696629215
1783444747,200,,Aggregated,90.300000,0.000000,7,13,25,100,260,460,970,1800,6200,6800,6800,35683,0,7,112.88498358225542,2.911894000135362,6822.507765999035,5718.711010845501
1783444748,200,,Aggregated,90.400000,0.000000,7,13,25,100,260,460,960,1800,6200,6800,6800,35786,0,7,112.71962783528843,2.911894000135362,6822.507765999035,5718.686609288548
1783444749,200,,Aggregated,90.600000,0.000000,7,13,24,100,260,460,960,1800,6200,6800,6800,35853,0,7,112.56662711830637,2.911894000135362,6822.507765999035,5718.321981424148
1783444750,200,,Aggregated,91.000000,0.000000,7,13,25,100,260,460,960,1800,6200,6800,6800,35958,0,7,112.43820963703838,2.911894000135362,6822.507765999035,5717.001724233828
1783444751,200,,Aggregated,88.900000,0.000000,7,13,25,100,260,460,960,1800,6200,6800,6800,36050,0,7,112.25889368714711,2.911894000135362,6822.507765999035,5714.5416366158115
1783444752,200,,Aggregated,88.100000,0.000000,7,13,25,100,260,460,950,1800,6200,6800,6800,36147,0,7,112.09864817126316,2.911894000135362,6822.507765999035,5713.373668630868
1783444753,200,,Aggregated,92.500000,0.000000,7,13,24,100,260,460,950,1800,6200,6800,6800,36227,0,7,111.92116851615252,2.911894000135362,6822.507765999035,5711.653518094239
1783444754,200,,Aggregated,90.500000,0.000000,7,13,24,100,260,460,950,1800,6200,6800,6800,36326,0,7,111.71930499054844,2.911894000135362,6822.507765999035,5712.476518196333
1783444755,200,,Aggregated,89.700000,0.000000,7,13,24,100,260,450,950,1800,6200,6800,6800,36419,0,7,111.5241455629385,2.911894000135362,6822.507765999035,5709.774952634614
1783444756,200,,Aggregated,90.800000,0.000000,7,13,24,100,260,450,950,1800,6200,6800,6800,36512,0,7,111.33509418921689,2.911894000135362,6822.507765999035,5711.2017966695885
1783444757,200,,Aggregated,91.200000,0.000000,7,13,24,100,260,450,950,1800,6200,6800,6800,36593,0,7,111.17357447595622,2.911894000135362,6822.507765999035,5713.484436914164
1783444758,200,,Aggregated,90.400000,0.000000,7,13,23,100,250,450,950,1700,6200,6800,6800,36695,0,7,110.94366002209154,2.911894000135362,6822.507765999035,5714.701321705955
1783444759,200,,Aggregated,90.400000,0.000000,7,13,23,100,250,450,940,1700,6200,6800,6800,36785,0,7,110.73419700069743,2.911894000135362,6822.507765999035,5714.490852249558
1783444760,200,,Aggregated,89.900000,0.000000,7,13,23,99,250,450,940,1700,6200,6800,6800,36876,0,7,110.51906047466215,2.911894000135362,6822.507765999035,5712.992217160213
1783444762,200,,Aggregated,92.600000,0.000000,7,13,26,100,260,450,940,1700,6100,6800,6800,37050,0,7,111.38446096805998,2.911894000135362,6822.507765999035,5711.293630229419
1783444763,200,,Aggregated,83.800000,0.000000,7,13,25,100,260,450,940,1700,6100,6800,6800,37113,0,7,111.25285304073057,2.911894000135362,6822.507765999035,5710.97927949775
1783444764,200,,Aggregated,84.500000,0.000000,7,13,25,100,260,450,940,1700,6100,6800,6800,37190,0,7,111.12994115301487,2.911894000135362,6822.507765999035,5713.940037644528
1783444765,200,,Aggregated,85.000000,0.000000,7,13,25,100,260,450,930,1700,6100,6800,6800,37296,0,7,110.87841591968595,2.911894000135362,6822.507765999035,5719.219567782068
1783444766,200,,Aggregated,83.700000,0.000000,7,13,25,100,260,450,930,1700,6100,6800,6800,37382,0,7,110.76515625519197,2.911894000135362,6822.507765999035,5717.916724626826
1783444767,200,,Aggregated,83.900000,0.000000,7,13,24,100,260,450,930,1700,6100,6800,6800,37469,0,7,110.56771184476658,2.911894000135362,6822.507765999035,5715.452800982145
1783444768,200,,Aggregated,84.100000,0.000000,7,13,24,100,260,450,930,1700,6100,6800,6800,37564,0,7,110.34747865668095,2.911894000135362,6822.507765999035,5715.840911511021
1783444769,200,,Aggregated,84.500000,0.000000,7,13,24,100,260,450,920,1700,6100,6800,6800,37652,0,7,110.17352495207572,2.911894000135362,6822.507765999035,5718.169048124933
1783444770,200,,Aggregated,84.800000,0.000000,7,13,24,100,250,450,920,1700,6100,6800,6800,37756,0,7,109.94701414950065,2.911894000135362,6822.507765999035,5719.392493908253
1783444771,200,,Aggregated,84.400000,0.000000,7,13,23,100,250,450,920,1700,6100,6800,6800,37850,0,7,109.736304106672,2.911894000135362,6822.507765999035,5719.1592338177015
1783444772,200,,Aggregated,85.100000,0.000000,7,13,23,100,250,440,920,1700,6100,6800,6800,37941,0,7,109.53863492937778,2.911894000135362,6822.507765999035,5716.398882475422
1783444773,200,,Aggregated,92.000000,0.000000,7,13,23,100,250,440,920,1700,6100,6800,6800,38037,0,7,109.31781733313699,2.911894000135362,6822.507765999035,5718.142361384967
1783444774,200,,Aggregated,91.600000,0.000000,7,13,22,100,250,440,920,1700,6100,6800,6800,38129,0,7,109.08406237930544,2.911894000135362,6822.507765999035,5718.983162422303
1783444775,200,,Aggregated,91.200000,0.000000,7,13,22,100,250,440,920,1700,6100,6800,6800,38220,0,7,108.88426389234786,2.911894000135362,6822.507765999035,5722.495839874411
1783444776,200,,Aggregated,92.700000,0.000000,7,13,22,100,250,440,910,1700,6100,6800,6800,38316,0,7,108.66118045736937,2.911894000135362,6822.507765999035,5722.649206597766
1783444777,200,,Aggregated,91.200000,0.000000,7,13,22,99,250,440,910,1700,6100,6800,6800,38411,0,7,108.47170488949936,2.911894000135362,6822.507765999035,5723.250475124313
1783444778,200,,Aggregated,92.300000,0.000000,7,13,21,99,250,440,910,1700,6100,6800,6800,38496,0,7,108.35078147881723,2.911894000135362,6822.507765999035,5721.5691240648375
1783444779,200,,Aggregated,92.600000,0.000000,7,13,22,99,250,440,900,1700,6100,6800,6800,38585,0,7,108.27442937819266,2.911894000135362,6822.507765999035,5721.4627964234805
1783444780,200,,Aggregated,92.000000,0.000000,7,13,22,99,250,440,900,1700,6100,6800,6800,38681,0,7,108.13761589334705,2.911894000135362,6822.507765999035,5721.201494273674
1783444781,200,,Aggregated,92.400000,0.000000,7,13,22,99,250,440,900,1700,6100,6800,6800,38771,0,7,107.96421114042836,2.911894000135362,6822.507765999035,5722.245131670578
1783444782,200,,Aggregated,91.100000,0.000000,7,13,21,99,250,440,890,1700,6100,6800,6800,38867,0,7,107.76258604650575,2.911894000135362,6822.507765999035,5724.127974888723
1783444783,200,,Aggregated,92.100000,0.000000,7,13,21,98,250,440,890,1700,6100,6800,6800,38964,0,7,107.58151378268474,2.911894000135362,6822.507765999035,5721.861846832974
1783444784,200,,Aggregated,91.500000,0.000000,7,13,21,98,250,440,890,1700,6100,6800,6800,39050,0,7,107.39066450585142,2.911894000135362,6822.507765999035,5724.9645838668375
1783444785,200,,Aggregated,91.700000,0.000000,7,13,21,97,250,430,890,1700,6100,6800,6800,39141,0,7,107.21103741760503,2.911894000135362,6822.507765999035,5726.571881147645
1783444786,200,,Aggregated,91.600000,0.000000,7,13,21,97,250,430,890,1700,6100,6800,6800,39239,0,7,107.01700056834989,2.911894000135362,6822.507765999035,5726.740564234563
1783444787,200,,Aggregated,93.100000,0.000000,7,13,21,97,250,430,890,1700,6100,6800,6800,39331,0,7,106.83633562448145,2.911894000135362,6822.507765999035,5729.850880984465
1783444788,200,,Aggregated,90.200000,0.000000,7,13,21,96,250,430,890,1700,6100,6800,6800,39428,0,7,106.62981759215536,2.911894000135362,6822.507765999035,5731.246499949275
1783444789,200,,Aggregated,92.600000,0.000000,7,13,20,96,250,430,890,1700,6100,6800,6800,39511,0,7,106.51444759045555,2.911894000135362,6822.507765999035,5730.155880640834
1783444790,200,,Aggregated,92.200000,0.000000,7,13,20,96,250,430,890,1700,6100,6800,6800,39604,0,7,106.34192435166871,2.911894000135362,6822.507765999035,5730.760503989496
1783444791,200,,Aggregated,91.800000,0.000000,7,13,20,96,250,430,880,1700,6100,6800,6800,39696,0,7,106.15596723920524,2.911894000135362,6822.507765999035,5732.9336960902865
1783444792,200,,Aggregated,92.300000,0.000000,7,13,20,95,250,430,880,1700,6100,6800,6800,39786,0,7,105.98925641236887,2.911894000135362,6822.507765999035,5729.7391042075105
1783444793,200,,Aggregated,91.700000,0.000000,7,13,20,95,250,430,880,1700,6100,6800,6800,39888,0,7,105.87158610214804,2.911894000135362,6822.507765999035,5726.829322101885
1783444794,200,,Aggregated,90.900000,0.000000,7,13,20,95,250,420,880,1700,6100,6800,6800,39979,0,7,105.6778526755922,2.911894000135362,6822.507765999035,5730.711898746842
1783444795,200,,Aggregated,91.500000,0.000000,7,13,20,95,250,420,880,1600,6100,6700,6800,40070,0,7,105.49332799826541,2.911894000135362,6822.507765999035,5731.6854754180185
1783444796,200,,Aggregated,91.200000,0.000000,7,13,20,94,250,420,880,1600,6100,6700,6800,40170,0,7,105.28597361091543,2.911894000135362,6822.507765999035,5732.895867562858
1783444797,200,,Aggregated,91.300000,0.000000,7,13,20,94,250,420,880,1600,6100,6700,6800,40259,0,7,105.09813791655176,2.911894000135362,6822.507765999035,5733.487294766388
1783444798,200,,Aggregated,93.000000,0.000000,7,13,20,93,250,420,880,1600,6100,6700,6800,40349,0,7,104.89564297086565,2.911894000135362,6822.507765999035,5732.653473444199
1783444799,200,,Aggregated,90.700000,0.000000,7,13,20,93,240,420,880,1600,6100,6700,6800,40449,0,7,104.71370114495964,2.911894000135362,6822.507765999035,5730.76889416302
1783444800,200,,Aggregated,92.000000,0.000000,7,13,19,93,240,420,880,1600,6100,6700,6800,40542,0,7,104.52783636200643,2.911894000135362,6822.507765999035,5729.836120566326
1783444801,200,,Aggregated,92.100000,0.000000,7,13,19,92,240,420,880,1600,6100,6700,6800,40618,0,7,104.36263425145235,2.911894000135362,6822.507765999035,5733.4061992220195
1783444802,200,,Aggregated,92.400000,0.000000,7,13,19,92,240,420,870,1600,6100,6700,6800,40718,0,7,104.20553230579891,2.911894000135362,6822.507765999035,5735.492755046908
1783444803,200,,Aggregated,92.500000,0.000000,7,13,19,92,240,420,870,1600,6100,6700,6800,40818,0,7,104.01780808100631,2.911894000135362,6822.507765999035,5732.515850850115
1783444804,200,,Aggregated,92.300000,0.000000,7,13,19,91,240,420,870,1600,6100,6700,6800,40907,0,7,103.831475891865,2.911894000135362,6822.507765999035,5732.5697802332115
1783444805,200,,Aggregated,92.300000,0.000000,7,13,19,91,240,420,870,1600,6100,6700,6800,40997,0,7,103.64490724415202,2.911894000135362,6822.507765999035,5736.070273434641
1783444806,200,,Aggregated,92.500000,0.000000,7,13,19,90,240,420,870,1600,6100,6700,6800,41093,0,7,103.45588842151972,2.911894000135362,6822.507765999035,5735.669530090283
1783444807,200,,Aggregated,91.900000,0.000000,7,13,19,89,240,410,870,1600,6100,6700,6800,41183,0,7,103.27350173138214,2.911894000135362,6822.507765999035,5735.934268994488
1783444808,200,,Aggregated,92.400000,0.000000,7,13,19,89,240,410,870,1600,6100,6700,6800,41273,0,7,103.08516351066051,2.911894000135362,6822.507765999035,5740.233106389165
1783444809,200,,Aggregated,92.300000,0.000000,7,13,19,88,240,410,870,1600,6100,6700,6800,41366,0,7,102.8833731084582,2.911894000135362,6822.507765999035,5743.0270512014695
1783444811,200,,Aggregated,91.400000,0.000000,7,13,19,88,240,410,860,1600,6100,6700,6800,41473,0,7,102.80903821007604,2.911894000135362,6822.507765999035,5743.65249680515
1783444812,200,,Aggregated,90.000000,0.000000,7,13,19,88,240,410,860,1600,6100,6700,6800,41564,0,7,102.6387012420242,2.911894000135362,6822.507765999035,5742.700461938216
1783444813,200,,Aggregated,90.500000,0.000000,7,13,19,88,240,410,860,1600,6100,6700,6800,41652,0,7,102.48683764137358,2.911894000135362,6822.507765999035,5742.329996158648
1783444814,200,,Aggregated,91.000000,0.000000,7,13,19,88,240,410,860,1600,6100,6700,6800,41735,0,7,102.3376204956868,2.911894000135362,6822.507765999035,5741.55337246915
1783444815,200,,Aggregated,89.500000,0.000000,7,13,19,88,240,410,860,1600,6100,6700,6800,41832,0,7,102.18149407858736,2.911894000135362,6822.507765999035,5741.002151462995
1783444816,200,,Aggregated,88.700000,0.000000,7,13,19,87,240,410,860,1600,6100,6700,6800,41924,0,7,102.04271700449489,2.911894000135362,6822.507765999035,5740.116472664822
1783444817,200,,Aggregated,90.200000,0.000000,7,13,18,87,240,410,860,1600,6000,6700,6800,42006,0,7,101.88849936338706,2.911894000135362,6822.507765999035,5739.172380136171
1783444818,200,,Aggregated,88.300000,0.000000,7,13,18,87,240,410,860,1600,6000,6700,6800,42111,0,7,101.68610259857101,2.911894000135362,6822.507765999035,5738.478331077391
1783444819,200,,Aggregated,88.600000,0.000000,7,13,18,86,240,410,860,1600,6000,6700,6800,42191,0,7,101.53089910782943,2.911894000135362,6822.507765999035,5738.312460003318
1783444820,200,,Aggregated,88.700000,0.000000,7,13,18,86,240,410,860,1600,6000,6700,6800,42277,0,7,101.37471150910528,2.911894000135362,6822.507765999035,5740.560588499657
1783444821,200,,Aggregated,89.000000,0.000000,7,13,18,86,240,410,850,1500,6000,6700,6800,42380,0,7,101.17667158408288,2.911894000135362,6822.507765999035,5739.657173194903
1783444822,200,,Aggregated,89.800000,0.000000,7,13,18,85,240,410,850,1500,6000,6700,6800,42464,0,7,101.0439395906745,2.911894000135362,6822.507765999035,5742.162160889224
1783444823,200,,Aggregated,89.200000,0.000000,7,13,18,85,240,410,850,1500,6000,6700,6800,42566,0,7,100.8546734220832,2.911894000135362,6822.507765999035,5741.529366160786
1783444824,200,,Aggregated,89.400000,0.000000,7,13,18,85,240,410,850,1500,6000,6700,6800,42646,0,7,100.73326214464153,2.911894000135362,6822.507765999035,5740.744595038222
1783444825,200,,Aggregated,91.100000,0.000000,7,13,18,84,240,400,850,1500,6000,6700,6800,42746,0,7,100.53660163859522,2.911894000135362,6822.507765999035,5741.854629672952
1783444826,200,,Aggregated,91.200000,0.000000,7,13,18,85,230,400,850,1500,6000,6700,6800,42877,0,7,100.41467580125445,2.911894000135362,6822.507765999035,5743.506611936469
1783444827,200,,Aggregated,90.100000,0.000000,7,13,18,84,230,400,850,1500,6000,6700,6800,42965,0,7,100.25338288391497,2.911894000135362,6822.507765999035,5742.96971953916
1783444828,200,,Aggregated,90.800000,0.000000,7,13,18,84,230,400,850,1500,6000,6700,6800,43056,0,7,100.09428155640119,2.911894000135362,6822.507765999035,5741.118334262356
1783444829,200,,Aggregated,91.000000,0.000000,7,13,18,84,230,400,840,1500,6000,6700,6800,43140,0,7,99.93174096681534,2.911894000135362,6822.507765999035,5738.3917477978675
1783444830,200,,Aggregated,90.300000,0.000000,7,13,18,84,230,400,840,1500,6000,6700,6800,43243,0,7,99.75246243566389,2.911894000135362,6822.507765999035,5738.289757879888
1783444831,200,,Aggregated,90.100000,0.000000,7,13,18,83,230,400,840,1500,6000,6700,6800,43341,0,7,99.60045159145898,2.911894000135362,6822.507765999035,5738.052283057613
1783444832,200,,Aggregated,89.600000,0.000000,7,13,18,83,230,400,840,1500,6000,6700,6800,43429,0,7,99.42025601288144,2.911894000135362,6822.507765999035,5740.874830182597
1783444833,200,,Aggregated,90.500000,0.000000,7,12,18,83,230,400,840,1500,6000,6700,6800,43519,0,7,99.25435573897451,2.911894000135362,6822.507765999035,5739.6846894459895
1783444834,200,,Aggregated,91.300000,0.000000,7,12,18,82,230,400,840,1500,6000,6700,6800,43605,0,7,99.08836550130563,2.911894000135362,6822.507765999035,5738.474280472423
1783444835,200,,Aggregated,89.800000,0.000000,7,12,18,82,230,400,840,1500,6000,6700,6800,43702,0,7,98.95921519842237,2.911894000135362,6822.507765999035,5737.647201501076
1783444837,200,,Aggregated,88.900000,0.000000,7,12,18,82,230,400,840,1500,6000,6700,6800,43810,0,7,98.80097907581452,2.911894000135362,6822.507765999035,5737.377128509473
1783444838,200,,Aggregated,89.300000,0.000000,7,12,18,81,230,400,840,1500,6000,6700,6800,43902,0,7,98.64284599723045,2.911894000135362,6822.507765999035,5734.114231697872
1783444839,200,,Aggregated,90.400000,0.000000,7,12,18,81,230,390,840,1500,6000,6700,6800,44001,0,7,98.47420389376195,2.911894000135362,6822.507765999035,5735.83689007068
1783444840,200,,Aggregated,90.600000,0.000000,7,12,18,81,230,390,840,1500,6000,6700,6800,44088,0,7,98.35661480841546,2.911894000135362,6822.507765999035,5734.553733442206
1783444841,200,,Aggregated,91.100000,0.000000,7,12,18,81,230,390,830,1500,6000,6700,6800,44187,0,7,98.2463224677033,2.911894000135362,6822.507765999035,5732.207776042727
1783444842,200,,Aggregated,92.200000,0.000000,7,12,18,80,230,390,830,1500,6000,6700,6800,44267,0,7,98.1027800205889,2.911894000135362,6822.507765999035,5732.104276323221
1783444843,200,,Aggregated,91.900000,0.000000,7,12,18,80,230,390,830,1500,6000,6700,6800,44344,0,7,97.97706745975569,2.911894000135362,6822.507765999035,5730.536600216489
1783444844,200,,Aggregated,90.200000,0.000000,7,12,18,80,230,390,830,1500,6000,6700,6800,44447,0,7,97.90505741324307,2.911894000135362,6822.507765999035,5729.115755844039
1783444845,200,,Aggregated,89.000000,0.000000,7,12,18,80,230,390,830,1500,6000,6700,6800,44539,0,7,97.78000174338052,2.911894000135362,6822.507765999035,5726.916253171378
1783444846,200,,Aggregated,90.100000,0.000000,7,12,17,80,230,390,830,1500,6000,6700,6800,44629,0,7,97.63381555451538,2.911894000135362,6822.507765999035,5727.463129355352
1783444847,200,,Aggregated,91.400000,0.000000,7,12,17,79,230,390,820,1500,6000,6700,6800,44719,0,7,97.56973752875658,2.911894000135362,6822.507765999035,5726.241910597285
1783444848,200,,Aggregated,91.900000,0.000000,7,12,17,79,230,390,820,1500,6000,6700,6800,44816,0,7,97.43189623416762,2.911894000135362,6822.507765999035,5724.871005890754
1783444849,200,,Aggregated,89.900000,0.000000,7,12,17,79,230,390,820,1500,6000,6700,6800,44903,0,7,97.29777591600691,2.911894000135362,6822.507765999035,5726.892813397769
1783444850,200,,Aggregated,90.700000,0.000000,7,12,17,79,230,390,820,1500,6000,6700,6800,45002,0,7,97.18546939874786,2.911894000135362,6822.507765999035,5724.052353228745
1783444851,200,,Aggregated,90.100000,0.000000,7,12,17,79,230,390,820,1500,6000,6700,6800,45088,0,7,97.12099274519728,2.911894000135362,6822.507765999035,5725.453224804826
1783444852,200,,Aggregated,90.400000,0.000000,7,12,17,79,230,390,820,1500,6000,6700,6800,45174,0,7,97.04591129073036,2.911894000135362,6822.507765999035,5725.458073227963
1783444853,200,,Aggregated,89.400000,0.000000,7,12,17,78,230,390,820,1500,6000,6700,6800,45270,0,7,96.93222992974269,2.911894000135362,6822.507765999035,5724.293218466976
1783444854,200,,Aggregated,89.800000,0.000000,7,12,17,78,230,390,810,1400,6000,6700,6800,45362,0,7,96.83607045166517,2.911894000135362,6822.507765999035,5723.727877959525
1783444855,200,,Aggregated,92.000000,0.000000,7,12,17,78,230,390,810,1400,6000,6700,6800,45458,0,7,96.70427998362075,2.911894000135362,6822.507765999035,5723.495930309296
1783444856,200,,Aggregated,90.700000,0.000000,7,12,17,77,230,390,810,1400,6000,6700,6800,45544,0,7,96.57643835702689,2.911894000135362,6822.507765999035,5720.7612857895665
1783444857,200,,Aggregated,91.400000,0.000000,7,12,17,77,230,390,810,1400,6000,6700,6800,45642,0,7,96.4294764237201,2.911894000135362,6822.507765999035,5718.804171596336
1783444858,200,,Aggregated,90.400000,0.000000,7,12,17,77,230,390,810,1400,6000,6700,6800,45732,0,7,96.33683129017813,2.911894000135362,6822.507765999035,5719.956266946559
1783444859,200,,Aggregated,91.200000,0.000000,7,12,17,76,230,390,810,1400,6000,6700,6800,45816,0,7,96.20530491669774,2.911894000135362,6822.507765999035,5722.927645364065
1783444860,200,,Aggregated,90.400000,0.000000,7,12,17,76,230,390,810,1400,6000,6700,6800,45910,0,7,96.09860741133534,2.911894000135362,6822.507765999035,5724.168089740797
1783444861,200,,Aggregated,90.800000,0.000000,7,12,17,76,230,390,810,1400,6000,6700,6800,45993,0,7,95.98864490103692,2.911894000135362,6822.507765999035,5725.101058856782
1783444862,200,,Aggregated,91.000000,0.000000,7,12,17,76,230,390,810,1400,6000,6700,6800,46066,0,7,95.95760257924262,2.911894000135362,6822.507765999035,5725.4203534059825
1783444863,200,,Aggregated,91.000000,0.000000,7,12,17,75,230,390,800,1400,6000,6700,6800,46130,0,7,95.91052140289162,2.911894000135362,6822.507765999035,5725.246737481032
1783444864,200,,Aggregated,89.800000,0.000000,7,12,17,78,230,390,820,1400,6000,6700,6800,46227,0,7,96.92744649175548,2.911894000135362,6822.507765999035,5725.4536309948735
1783444865,200,,Aggregated,87.800000,0.000000,7,12,18,81,230,400,830,1400,6000,6700,6800,46319,0,7,97.5933032185149,2.911894000135362,6822.507765999035,5724.832207085645
1783444866,200,,Aggregated,88.200000,0.000000,7,12,18,81,230,400,830,1400,6000,6700,6800,46416,0,7,97.60055374567843,2.911894000135362,6822.507765999035,5725.619183040331
1783444867,200,,Aggregated,81.800000,0.000000,7,12,17,80,230,400,830,1400,6000,6700,6800,46497,0,7,97.47712765370711,2.911894000135362,6822.507765999035,5724.311224380068
1783444868,200,,Aggregated,85.600000,0.000000,7,12,17,80,230,400,830,1400,6000,6700,6800,46595,0,7,97.3414224520537,2.911894000135362,6822.507765999035,5725.339285331044
1783444869,200,,Aggregated,84.700000,0.000000,7,12,17,80,230,400,830,1400,6000,6700,6800,46690,0,7,97.17410089891729,2.911894000135362,6822.507765999035,5726.1722210323405
1783444870,200,,Aggregated,85.400000,0.000000,7,12,17,79,230,400,830,1400,6000,6700,6800,46784,0,7,97.05660251345469,2.911894000135362,6822.507765999035,5726.550978967169
1783444871,200,,Aggregated,85.400000,0.000000,7,12,17,79,230,400,820,1400,6000,6700,6800,46872,0,7,96.93291520478031,2.911894000135362,6822.507765999035,5725.165685270524
1783444872,200,,Aggregated,85.600000,0.000000,7,12,17,79,230,400,820,1400,6000,6700,6800,46979,0,7,96.76789386937733,2.911894000135362,6822.507765999035,5723.369015943294
1783444873,200,,Aggregated,87.100000,0.000000,7,12,17,78,230,400,820,1400,6000,6700,6800,47061,0,7,96.641803978931,2.911894000135362,6822.507765999035,5723.315399162789
1783444874,200,,Aggregated,88.300000,0.000000,7,12,17,78,230,400,820,1400,6000,6700,6800,47156,0,7,96.53246307026643,2.911894000135362,6822.507765999035,5721.272118076173
1783444875,200,,Aggregated,90.000000,0.000000,7,12,17,78,230,390,820,1400,6000,6700,6800,47250,0,7,96.38088274386175,2.911894000135362,6822.507765999035,5722.993502645502
1783444876,200,,Aggregated,88.500000,0.000000,7,12,17,78,230,390,820,1400,6000,6700,6800,47337,0,7,96.25590750156225,2.911894000135362,6822.507765999035,5723.635000105625
1783444877,200,,Aggregated,95.300000,0.000000,7,12,17,77,230,390,820,1400,6000,6700,6800,47426,0,7,96.11661696836032,2.911894000135362,6822.507765999035,5725.970627925611
1783444878,200,,Aggregated,91.500000,0.000000,7,12,17,77,230,390,810,1400,6000,6700,6800,47511,0,7,96.00708509678762,2.911894000135362,6822.507765999035,5723.797183810065
1783444879,200,,Aggregated,92.600000,0.000000,7,12,17,77,230,390,810,1400,6000,6700,6800,47606,0,7,95.8571931101642,2.911894000135362,6822.507765999035,5722.673276477755
1783444880,200,,Aggregated,91.600000,0.000000,7,12,17,76,230,390,810,1400,6000,6700,6800,47700,0,7,95.71372604353216,2.911894000135362,6822.507765999035,5724.299412997903
1783444881,200,,Aggregated,90.900000,0.000000,7,12,17,76,230,390,810,1400,6000,6700,6800,47791,0,7,95.6414027818731,2.911894000135362,6822.507765999035,5722.388755204955
1783444882,200,,Aggregated,90.100000,0.000000,7,12,17,76,230,390,810,1400,6000,6700,6800,47881,0,7,95.52697740672683,2.911894000135362,6822.507765999035,5721.823813203568
1783444883,200,,Aggregated,90.300000,0.000000,7,12,17,76,230,390,810,1300,6000,6700,6800,47969,0,7,95.40156185597938,2.911894000135362,6822.507765999035,5720.865788321625
1783444884,200,,Aggregated,89.900000,0.000000,7,12,17,76,230,390,810,1300,5900,6700,6800,48059,0,7,95.26871576831562,2.911894000135362,6822.507765999035,5720.0332507958965
1783444885,200,,Aggregated,89.700000,0.000000,7,12,17,75,230,390,810,1300,5900,6700,6800,48153,0,7,95.12424018801478,2.911894000135362,6822.507765999035,5721.817332253442
1783444887,200,,Aggregated,90.400000,0.000000,7,12,17,77,230,390,800,1300,5900,6700,6800,48300,0,7,95.2159499207758,2.911894000135362,6822.507765999035,5721.199565217391
1783444888,200,,Aggregated,85.700000,0.000000,7,12,17,77,230,390,800,1300,5900,6700,6800,48376,0,7,95.12991062184628,2.911894000135362,6822.507765999035,5719.0082478915165
1783444889,200,,Aggregated,90.900000,0.000000,7,12,17,77,230,390,800,1300,5900,6700,6800,48472,0,7,95.0356599986886,2.911894000135362,6822.507765999035,5718.278284370358
1783444890,200,,Aggregated,89.900000,0.000000,7,12,17,76,230,390,790,1300,5900,6700,6800,48560,0,7,94.93117595911121,2.911894000135362,6822.507765999035,5718.458669686986
1783444891,200,,Aggregated,90.800000,0.000000,7,12,17,76,230,390,790,1300,5900,6700,6800,48660,0,7,94.78903914172683,2.911894000135362,6822.507765999035,5720.583394985614
1783444892,200,,Aggregated,90.300000,0.000000,7,12,17,76,230,390,790,1300,5900,6700,6800,48745,0,7,94.7115393052711,2.911894000135362,6822.507765999035,5720.719519950764
1783444893,200,,Aggregated,91.100000,0.000000,7,12,17,76,230,390,790,1300,5900,6700,6800,48836,0,7,94.61637797506845,2.911894000135362,6822.507765999035,5719.315894012614
1783444894,200,,Aggregated,90.400000,0.000000,7,12,17,75,230,390,790,1300,5900,6700,6800,48931,0,7,94.49389878488977,2.911894000135362,6822.507765999035,5718.935194457501
1783444895,200,,Aggregated,90.400000,0.000000,7,12,17,75,230,390,790,1300,5900,6700,6800,49022,0,7,94.37532388075648,2.911894000135362,6822.507765999035,5720.912345477541
1783444896,200,,Aggregated,90.900000,0.000000,7,12,17,75,230,390,780,1300,5900,6700,6800,49120,0,7,94.24528265884476,2.911894000135362,6822.507765999035,5722.602931596091
1783444897,200,,Aggregated,90.300000,0.000000,7,12,17,75,230,380,780,1300,5900,6700,6800,49208,0,7,94.13280930778411,2.911894000135362,6822.507765999035,5724.9705332466265
1783444898,200,,Aggregated,95.900000,0.000000,7,12,17,74,230,380,780,1300,5900,6700,6800,49293,0,7,94.01059511751073,2.911894000135362,6822.507765999035,5724.748544418071
1783444899,200,,Aggregated,89.900000,0.000000,7,12,17,74,230,380,780,1300,5900,6700,6800,49383,0,7,93.90078135579957,2.911894000135362,6822.507765999035,5724.020877629953
1783444900,200,,Aggregated,90.400000,0.000000,7,12,17,74,230,380,780,1300,5900,6700,6800,49482,0,7,93.75988784823691,2.911894000135362,6822.507765999035,5721.777899033992
1783444901,200,,Aggregated,90.500000,0.000000,7,12,17,74,230,380,780,1300,5900,6700,6800,49559,0,7,93.66822544719324,2.911894000135362,6822.507765999035,5721.210254444198
1783444902,200,,Aggregated,91.400000,0.000000,7,12,17,73,230,380,780,1300,5900,6700,6800,49657,0,7,93.58585689506953,2.911894000135362,6822.507765999035,5721.865054272308
1783444903,200,,Aggregated,89.200000,0.000000,7,12,17,73,230,380,780,1300,5900,6700,6800,49750,0,7,93.45172701305475,2.911894000135362,6822.507765999035,5723.098190954774
1783444904,200,,Aggregated,90.600000,0.000000,7,12,17,73,230,380,780,1300,5900,6700,6800,49832,0,7,93.38326345537958,2.911894000135362,6822.507765999035,5722.496588537486
1783444905,200,,Aggregated,90.700000,0.000000,7,12,17,73,230,380,780,1300,5900,6700,6800,49942,0,7,93.26034129294911,2.911894000135362,6822.507765999035,5725.413519682832
1783444906,200,,Aggregated,89.800000,0.000000,7,12,16,72,230,380,780,1300,5900,6700,6800,50030,0,7,93.17553351468003,2.911894000135362,6822.507765999035,5726.803837697382
1783444907,200,,Aggregated,91.000000,0.000000,7,12,16,72,230,380,770,1300,5900,6700,6800,50125,0,7,93.06388009437367,2.911894000135362,6822.507765999035,5726.913216957606
1783444908,200,,Aggregated,89.600000,0.000000,7,12,16,72,230,380,770,1300,5900,6700,6800,50219,0,7,92.92573765251161,2.911894000135362,6822.507765999035,5727.668153487723
1783444909,200,,Aggregated,91.300000,0.000000,7,12,16,72,230,380,770,1300,5900,6700,6800,50298,0,7,92.8527935853609,2.911894000135362,6822.507765999035,5727.976142192532
1783444910,200,,Aggregated,92.000000,0.000000,7,12,16,72,230,380,770,1300,5900,6700,6800,50391,0,7,92.75758116216144,2.911894000135362,6822.507765999035,5726.131729872398
1783444911,200,,Aggregated,90.800000,0.000000,7,12,16,72,220,380,770,1300,5900,6700,6800,50476,0,7,92.66933457836292,2.911894000135362,6822.507765999035,5724.069557809652
1783444912,200,,Aggregated,90.200000,0.000000,7,12,16,71,220,380,760,1300,5900,6700,6800,50565,0,7,92.55977029042744,2.911894000135362,6822.507765999035,5725.082052803323
1783444913,200,,Aggregated,91.100000,0.000000,7,12,16,71,220,380,760,1300,5900,6700,6800,50656,0,7,92.44539157607129,2.911894000135362,6822.507765999035,5725.152834807328
1783444914,200,,Aggregated,90.200000,0.000000,7,12,16,71,220,380,760,1300,5900,6700,6800,50738,0,7,92.3560145299668,2.911894000135362,6822.507765999035,5723.039556151208
1783444915,200,,Aggregated,89.400000,0.000000,7,12,16,71,220,380,760,1300,5900,6700,6800,50844,0,7,92.2489494029867,2.911894000135362,6822.507765999035,5721.984147588702
1783444916,200,,Aggregated,90.800000,0.000000,7,12,16,71,220,380,760,1300,5900,6700,6800,50928,0,7,92.12477625713612,2.911894000135362,6822.507765999035,5720.999842915488
1783444917,200,,Aggregated,89.600000,0.000000,7,12,16,71,220,380,760,1300,5900,6700,6800,51030,0,7,92.03325605342806,2.911894000135362,6822.507765999035,5719.747873799725
1783444918,200,,Aggregated,90.300000,0.000000,7,12,16,71,220,380,760,1300,5900,6700,6800,51122,0,7,91.94981237562001,2.911894000135362,6822.507765999035,5716.3947615508005
1783444919,200,,Aggregated,89.100000,0.000000,7,12,16,70,220,380,760,1300,5900,6700,6800,51203,0,7,91.85939281183613,2.911894000135362,6822.507765999035,5715.251782122141
1783444920,200,,Aggregated,90.000000,0.000000,7,12,16,70,220,370,750,1300,5900,6700,6800,51299,0,7,91.71272350136324,2.911894000135362,6822.507765999035,5717.265794654866
1783444921,200,,Aggregated,89.900000,0.000000,7,12,16,69,220,370,750,1300,5900,6700,6800,51425,0,7,91.5707532251519,2.911894000135362,6822.507765999035,5718.033505104521
1783444922,200,,Aggregated,90.100000,0.000000,7,12,16,70,220,380,760,1300,5900,6700,6800,51500,0,7,91.71732160160052,2.911894000135362,6822.507765999035,5719.485165048543
1783444923,200,,Aggregated,90.300000,0.000000,7,12,16,70,220,380,760,1300,5900,6700,6800,51595,0,7,91.69680429817666,2.911894000135362,6822.507765999035,5718.296191491424
1783444924,200,,Aggregated,88.800000,0.000000,7,12,16,70,220,380,750,1300,5900,6700,6800,51685,0,7,91.56823217932492,2.911894000135362,6822.507765999035,5718.331933829932
1783444925,200,,Aggregated,90.800000,0.000000,7,12,16,70,220,370,750,1300,5900,6700,6800,51774,0,7,91.46549190976947,2.911894000135362,6822.507765999035,5716.966431027156
1783444926,200,,Aggregated,90.600000,0.000000,7,12,16,70,220,370,750,1300,5900,6700,6800,51859,0,7,91.36667517957139,2.911894000135362,6822.507765999035,5714.7422241076765
1783444927,200,,Aggregated,90.200000,0.000000,7,12,16,69,220,370,750,1300,5900,6700,6800,51960,0,7,91.24686381969599,2.911894000135362,6822.507765999035,5713.0788876058505
1783444928,200,,Aggregated,88.900000,0.000000,7,12,16,69,220,370,750,1300,5800,6700,6800,52054,0,7,91.12216040172524,2.911894000135362,6822.507765999035,5712.073231644062
1783444929,200,,Aggregated,90.400000,0.000000,7,12,16,69,220,370,750,1300,5800,6700,6800,52158,0,7,91.04644951952578,2.911894000135362,6822.507765999035,5710.672686836152
1783444930,200,,Aggregated,90.000000,0.000000,7,12,16,69,220,370,750,1300,5800,6700,6800,52243,0,7,90.93990811476029,2.911894000135362,6822.507765999035,5711.895775510595
1783444931,200,,Aggregated,91.500000,0.000000,7,12,16,69,220,370,750,1200,5800,6700,6800,52333,0,7,90.8249408526249,2.911894000135362,6822.507765999035,5713.628761966636
1783444932,200,,Aggregated,91.300000,0.000000,7,12,16,68,220,370,750,1200,5800,6700,6800,52427,0,7,90.69445912450493,2.911894000135362,6822.507765999035,5711.977416216835
1783444933,200,,Aggregated,90.700000,0.000000,7,12,16,68,220,370,750,1200,5800,6700,6800,52514,0,7,90.61129557419753,2.911894000135362,6822.507765999035,5711.493582663671
1783444934,200,,Aggregated,93.300000,0.000000,7,12,16,68,220,370,750,1200,5800,6700,6800,52615,0,7,90.4926499352348,2.911894000135362,6822.507765999035,5711.364667870379
1783444935,200,,Aggregated,91.200000,0.000000,7,12,16,67,220,370,750,1200,5800,6700,6800,52695,0,7,90.4045428833736,2.911894000135362,6822.507765999035,5713.771249644179
1783444936,200,,Aggregated,91.800000,0.000000,7,12,16,67,220,370,740,1200,5800,6700,6800,52806,0,7,90.31874735095201,2.911894000135362,6822.507765999035,5713.09631481271
1783444937,200,,Aggregated,91.800000,0.000000,7,12,16,67,220,370,740,1200,5800,6700,6800,52901,0,7,90.2234544006049,2.911894000135362,6822.507765999035,5713.994877223493
1783444938,200,,Aggregated,92.900000,0.000000,7,12,16,67,220,370,740,1200,5800,6700,6800,52980,0,7,90.11677427386554,2.911894000135362,6822.507765999035,5713.355058512646
1783444939,200,,Aggregated,92.700000,0.000000,7,12,16,67,220,370,740,1200,5800,6700,6800,53094,0,7,90.04178884948277,2.911894000135362,6822.507765999035,5713.525219422157
1783444940,200,,Aggregated,93.100000,0.000000,7,12,16,66,220,370,740,1200,5800,6700,6800,53201,0,7,89.91440002324133,2.911894000135362,6822.507765999035,5715.540591342268
1783444942,200,,Aggregated,92.700000,0.000000,7,12,16,66,220,370,740,1200,5800,6700,6800,53284,0,7,89.82820813702905,2.911894000135362,6822.507765999035,5715.547669093912
1783444943,200,,Aggregated,93.100000,0.000000,7,12,16,66,220,370,740,1200,5800,6700,6800,53370,0,7,89.75164125777535,2.911894000135362,6822.507765999035,5714.455593029792
1783444944,200,,Aggregated,91.300000,0.000000,7,12,16,66,220,370,730,1200,5800,6700,6800,53466,0,7,89.62444276241835,2.911894000135362,6822.507765999035,5714.534302173344
1783444945,200,,Aggregated,91.700000,0.000000,7,12,16,66,220,370,730,1200,5800,6700,6800,53551,0,7,89.56480289554726,2.911894000135362,6822.507765999035,5715.031838807866
1783444946,200,,Aggregated,91.200000,0.000000,7,12,16,65,220,370,730,1200,5800,6700,6800,53641,0,7,89.45577089807152,2.911894000135362,6822.507765999035,5715.503924237058
