Timestamp,User Count,Type,Name,Requests/s,Failures/s,50%,66%,75%,80%,90%,95%,98%,99%,99.9%,99.99%,100%,Total Request Count,Total Failure Count,Total Median Response Time,Total Average Response Time,Total Min Response Time,Total Max Response Time,Total Average Content Size
1783446759,0,,Aggregated,0.000000,0.000000,N/A,N/A,N/A,N/A,N/A,N/A,N/A,N/A,N/A,N/A,N/A,0,0,0,0.0,0,0,0
1783446760,50,,Aggregated,0.000000,0.000000,N/A,N/A,N/A,N/A,N/A,N/A,N/A,N/A,N/A,N/A,N/A,0,0,0,0.0,0,0,0
1783446761,100,,Aggregated,0.000000,0.000000,N/A,N/A,N/A,N/A,N/A,N/A,N/A,N/A,N/A,N/A,N/A,0,0,0,0.0,0,0,0
1783446762,150,,Aggregated,0.000000,0.000000,2800,2800,3000,3000,3000,3000,3000,3000,3000,3000,3000,3,0,2800.0,2811.4096496659236,2655.822773998807,2955.645355999877,655.0
1783446763,200,,Aggregated,0.000000,0.000000,170,320,3300,3400,3600,3800,3800,3800,3800,3800,3800,80,0,170.0,1104.2952807998972,8.359670002391795,3802.5955260018236,2664.25
1783446764,250,,Aggregated,0.000000,0.000000,320,3000,3600,3800,4600,4700,4700,4700,4900,4900,4900,136,0,310.0,1583.0987176248473,8.359670002391795,4925.274526998692,2966.904411764706
1783446765,300,,Aggregated,1.000000,0.000000,330,3300,3600,3800,4600,4700,4700,4900,5100,5100,5100,138,0,320.0,1604.363430557804,8.359670002391795,5099.58285799803,2931.3623188405795
1783446766,350,,Aggregated,18.800000,0.000000,360,3300,3700,4100,4600,4700,5900,5900,6000,6000,6000,146,0,360.0,1776.0400963149661,8.359670002391795,5993.190527002298,3071.0616438356165
1783446767,400,,Aggregated,22.666667,0.000000,2700,3600,4600,4700,6500,6700,6800,6900,7000,7000,7000,212,0,2700.0,2658.5581828112477,8.359670002391795,6979.210180001246,2722.2075471698113
1783446768,450,,Aggregated,19.714286,0.000000,2900,4300,5100,6400,6800,7100,7200,7300,7600,7600,7600,241,0,2900.0,3093.623272078847,8.359670002391795,7580.874051000137,2572.207468879668
1783446769,500,,Aggregated,18.875000,0.000000,3600,6400,6700,6900,7400,7500,7700,8000,8000,8000,8000,294,0,3600.0,3817.662628724498,8.359670002391795,8006.300771001406,2248.4285714285716
1783446770,550,,Aggregated,23.555556,0.000000,4300,6700,7100,7300,7600,7800,7800,8000,8200,8200,8200,338,0,4300.0,4218.194109665741,8.359670002391795,8171.636900999147,2048.6331360946747
1783446771,600,,Aggregated,24.200000,0.000000,4300,6700,7100,7300,7600,7800,7900,8000,8200,8200,8200,409,0,4300.0,4430.06909817121,8.359670002391795,8171.636900999147,2046.9755501222494
1783446772,650,,Aggregated,29.400000,0.000000,4500,6800,7300,7500,7800,8100,8500,8700,8900,8900,8900,454,0,4500.0,4670.421172594785,8.359670002391795,8880.40023099893,1924.6167400881056
1783446773,700,,Aggregated,33.900000,0.000000,4500,6800,7300,7500,7800,8200,8600,8800,9300,9300,9300,456,0,4500.0,4690.194202296119,8.359670002391795,9255.905039000936,1919.048245614035
1783446774,750,,Aggregated,40.900000,0.000000,4600,6900,7300,7500,7900,8400,8900,9800,9900,9900,9900,474,0,4600.0,4802.23925579543,8.359670002391795,9935.870974000863,1878.0021097046413
1783446775,800,,Aggregated,45.000000,0.000000,6200,7100,7500,7700,8900,10000,11000,11000,11000,11000,11000,529,0,6200.0,5292.680960366794,8.359670002391795,10888.223194000602,1756.406427221172
1783446776,850,,Aggregated,36.200000,0.000000,6600,7100,7600,7800,10000,11000,11000,11000,11000,11000,11000,598,0,6600.0,5626.375430648922,8.359670002391795,11252.138605002983,1647.0535117056857
1783446777,900,,Aggregated,33.800000,0.000000,6900,7500,7800,8500,11000,11000,11000,12000,12000,12000,12000,671,0,6900.0,6100.471682569393,8.359670002391795,11940.927900999668,1680.9865871833085
1783446778,950,,Aggregated,39.100000,0.000000,7000,7600,8100,9900,11000,11000,12000,12000,12000,12000,12000,732,0,7000.0,6393.274274000088,8.359670002391795,11956.073265999294,1601.7226775956285
1783446779,1000,,Aggregated,44.700000,0.000000,7300,7900,8200,10000,11000,12000,12000,12000,12000,12000,12000,832,0,7300.0,6712.654069270478,8.359670002391795,12495.812720000686,1775.4098557692307
1783446780,1050,,Aggregated,46.000000,0.000000,7300,8000,8600,10000,11000,12000,12000,12000,13000,13000,13000,860,0,7300.0,6869.222002924473,8.359670002391795,12894.856106002408,1748.4244186046512
1783446781,1100,,Aggregated,49.000000,0.000000,7300,8000,8600,10000,11000,12000,12000,13000,13000,13000,13000,862,0,7300.0,6883.774036179871,8.359670002391795,13170.355889000348,1745.8874709976799
1783446782,1150,,Aggregated,53.800000,0.000000,7500,8000,10000,11000,11000,12000,13000,14000,14000,14000,14000,894,0,7500.0,7065.493515803171,8.359670002391795,13982.19193299883,1718.1398210290827
1783446783,1200,,Aggregated,52.100000,0.000000,7600,8200,11000,11000,12000,14000,14000,15000,15000,15000,15000,946,0,7500.0,7415.634908399605,8.359670002391795,14999.34534699787,1664.983086680761
1783446784,1250,,Aggregated,45.300000,0.000000,7600,8500,11000,11000,12000,14000,15000,15000,15000,15000,15000,974,0,7600.0,7614.635821490803,8.359670002391795,15009.64743700024,1636.2833675564682
1783446786,1300,,Aggregated,49.000000,0.000000,7800,10000,11000,11000,14000,15000,15000,15000,16000,17000,17000,1041,0,7800.0,8015.1420321902415,8.359670002391795,17201.809100999526,1608.5043227665706
1783446787,1350,,Aggregated,49.000000,0.000000,7900,11000,11000,12000,14000,15000,15000,16000,16000,17000,17000,1081,0,7900.0,8234.251892309929,8.359670002391795,17201.809100999526,1587.3172987974099
1783446788,1400,,Aggregated,50.000000,0.000000,8000,11000,11000,12000,15000,15000,16000,16000,17000,18000,18000,1146,0,8000.0,8535.02283320335,8.359670002391795,18383.533588999853,1554.2504363001744
1783446789,1450,,Aggregated,51.100000,0.000000,8000,11000,12000,12000,15000,15000,16000,16000,17000,18000,18000,1167,0,8000.0,8674.690621429329,8.359670002391795,18383.533588999853,1538.0685518423309
1783446790,1500,,Aggregated,51.100000,0.000000,8000,11000,12000,12000,15000,15000,16000,16000,17000,18000,18000,1167,0,8000.0,8674.690621429329,8.359670002391795,18383.533588999853,1538.0685518423309
1783446791,1550,,Aggregated,43.500000,0.000000,8200,11000,12000,14000,15000,16000,18000,18000,18000,21000,21000,1255,0,8200.0,9165.879863408,8.359670002391795,21091.759693001222,1542.1410358565738
1783446792,1600,,Aggregated,33.500000,0.000000,9300,12000,14000,14000,15000,16000,18000,18000,19000,21000,21000,1309,0,9300.0,9454.2254257464,8.359670002391795,21091.759693001222,1524.6355996944233
1783446793,1650,,Aggregated,38.700000,0.000000,10000,12000,14000,15000,16000,18000,18000,19000,19000,21000,21000,1396,0,10000.0,9865.03089424286,8.359670002391795,21091.759693001222,1532.7106017191977
1783446794,1700,,Aggregated,44.600000,0.000000,11000,14000,15000,15000,16000,18000,19000,19000,23000,23000,23000,1505,0,11000.0,10385.725703297056,8.359670002391795,23138.497508,1523.1521594684386
1783446795,1750,,Aggregated,44.600000,0.000000,11000,14000,15000,15000,18000,19000,19000,19000,23000,23000,23000,1520,0,11000.0,10467.930295282933,8.359670002391795,23138.497508,1514.7993421052631
1783446796,1800,,Aggregated,55.600000,0.000000,11000,14000,15000,15000,18000,19000,19000,20000,24000,24000,24000,1603,0,11000.0,10853.469468486002,8.359670002391795,24298.335371000576,1555.6899563318777
1783446797,1850,,Aggregated,55.600000,0.000000,11000,15000,15000,16000,18000,19000,20000,20000,24000,24000,24000,1669,0,11000.0,11116.075500985064,8.359670002391795,24488.6786590032,1641.6237267825045
1783446798,1900,,Aggregated,55.600000,0.000000,11000,15000,15000,16000,18000,19000,20000,20000,24000,24000,24000,1669,0,11000.0,11116.075500985064,8.359670002391795,24488.6786590032,1641.6237267825045
1783446799,1950,,Aggregated,58.800000,0.000000,11000,15000,15000,16000,18000,19000,20000,22000,24000,24000,24000,1714,0,11000.0,11348.05360127541,8.359670002391795,24488.6786590032,1631.7263710618436
1783446800,2000,,Aggregated,52.300000,0.000000,12000,15000,16000,16000,19000,20000,22000,22000,24000,24000,24000,1746,0,12000.0,11547.993991825348,8.359670002391795,24488.6786590032,1613.9186712485682
1783446801,2050,,Aggregated,52.300000,0.000000,12000,15000,16000,16000,19000,22000,23000,23000,24000,24000,24000,1788,0,12000.0,11803.212354218149,8.359670002391795,24488.6786590032,1591.3607382550335
1783446802,2100,,Aggregated,57.800000,0.000000,12000,15000,16000,18000,19000,22000,23000,23000,24000,24000,24000,1872,0,12000.0,12223.042620121281,8.359670002391795,24488.6786590032,1581.412393162393
1783446803,2150,,Aggregated,54.100000,0.000000,12000,15000,16000,18000,20000,23000,23000,23000,24000,24000,24000,1901,0,12000.0,12362.74173976541,8.359670002391795,24488.6786590032,1578.4918463966333
1783446804,2200,,Aggregated,55.000000,0.000000,14000,15000,18000,19000,21000,23000,23000,24000,24000,24000,24000,1966,0,14000.0,12676.704581131275,8.359670002391795,24488.6786590032,1552.1546286876908
1783446805,2250,,Aggregated,50.500000,0.000000,14000,16000,18000,19000,22000,23000,24000,24000,25000,25000,25000,1982,0,14000.0,12768.76660016805,8.359670002391795,25007.092480998836,1544.9944500504541
1783446806,2300,,Aggregated,44.900000,0.000000,14000,16000,18000,19000,22000,23000,24000,24000,25000,25000,25000,2008,0,14000.0,12882.627697912387,8.359670002391795,25007.092480998836,1536.7709163346613
1783446807,2350,,Aggregated,46.100000,0.000000,14000,16000,18000,19000,22000,23000,24000,26000,26000,26000,26000,2044,0,14000.0,13098.839845246623,8.359670002391795,25963.210185000207,1521.559686888454
1783446808,2400,,Aggregated,40.600000,0.000000,14000,16000,18000,19000,23000,24000,26000,26000,26000,26000,26000,2074,0,14000.0,13272.591136118175,8.359670002391795,26423.002731997258,1509.732401157184
1783446809,2450,,Aggregated,37.400000,0.000000,15000,16000,19000,20000,23000,24000,26000,26000,27000,34000,34000,2181,0,15000.0,13816.248737278822,8.359670002391795,33609.54594500072,1515.1196698762035
1783446810,2500,,Aggregated,39.800000,0.000000,15000,18000,19000,22000,23000,26000,26000,27000,27000,35000,35000,2262,0,15000.0,14226.346632406323,8.359670002391795,35025.69005600162,1507.2259062776304
1783446811,2550,,Aggregated,47.100000,0.000000,15000,18000,20000,22000,23000,26000,27000,27000,28000,35000,35000,2276,0,15000.0,14303.016422873066,8.359670002391795,35025.69005600162,1502.755272407733
1783446812,2600,,Aggregated,51.500000,0.000000,15000,19000,21000,23000,24000,26000,27000,27000,28000,35000,35000,2388,0,15000.0,14813.143827797785,8.359670002391795,35025.69005600162,1494.5933835845897
1783446813,2650,,Aggregated,51.500000,0.000000,15000,19000,21000,23000,24000,26000,27000,27000,28000,35000,35000,2393,0,15000.0,14839.46233654079,8.359670002391795,35025.69005600162,1492.9072294191392
1783446814,2700,,Aggregated,52.900000,0.000000,15000,19000,22000,23000,24000,26000,27000,28000,29000,35000,35000,2422,0,15000.0,14990.886469212675,8.359670002391795,35025.69005600162,1484.431048720066
1783446815,2750,,Aggregated,49.300000,0.000000,15000,19000,22000,23000,25000,27000,28000,29000,30000,35000,35000,2453,0,15000.0,15173.315660092994,8.359670002391795,35025.69005600162,1473.9490419894007
1783446816,2800,,Aggregated,46.700000,0.000000,15000,19000,23000,23000,26000,27000,29000,30000,30000,35000,35000,2491,0,15000.0,15395.107747770015,8.359670002391795,35025.69005600162,1461.456041750301
1783446817,2850,,Aggregated,47.000000,0.000000,15000,20000,23000,23000,26000,29000,30000,30000,30000,35000,35000,2585,0,15000.0,15855.369527126162,8.359670002391795,35025.69005600162,1473.9914893617022
1783446818,2900,,Aggregated,47.000000,0.000000,16000,20000,23000,24000,26000,29000,30000,30000,31000,35000,35000,2644,0,16000.0,16113.518083141882,8.359670002391795,35025.69005600162,1523.6554462934946
1783446819,2950,,Aggregated,50.400000,0.000000,16000,21000,23000,24000,27000,29000,30000,31000,31000,35000,35000,2726,0,16000.0,16492.70581242264,8.359670002391795,35025.69005600162,1530.0909757887014
1783446820,3000,,Aggregated,57.700000,0.000000,16000,22000,23000,25000,27000,30000,30000,31000,32000,35000,35000,2745,0,16000.0,16592.6801744627,8.359670002391795,35025.69005600162,1525.1978142076503
1783446821,3050,,Aggregated,52.500000,0.000000,16000,22000,23000,25000,27000,30000,31000,31000,32000,35000,35000,2750,0,16000.0,16620.74322703386,8.359670002391795,35025.69005600162,1523.6156363636364
1783446822,3100,,Aggregated,48.300000,0.000000,16000,23000,24000,26000,29000,30000,31000,32000,35000,44000,44000,2863,0,16000.0,17167.660678518012,8.359670002391795,43874.08083000264,1552.862382116661
1783446823,3150,,Aggregated,47.400000,0.000000,17000,23000,24000,26000,29000,30000,32000,33000,35000,44000,44000,2884,0,17000.0,17282.965499448357,8.359670002391795,43874.08083000264,1546.4375866851594
1783446824,3200,,Aggregated,44.800000,0.000000,18000,23000,26000,27000,30000,31000,33000,34000,35000,46000,46000,3003,0,18000.0,17841.6702695428,8.359670002391795,45702.36515000215,1578.4348984348985
1783446825,3250,,Aggregated,48.800000,0.000000,18000,23000,26000,27000,30000,31000,34000,34000,35000,46000,46000,3085,0,18000.0,18217.84400263242,8.359670002391795,45702.36515000215,1569.1053484602917
1783446826,3300,,Aggregated,57.800000,0.000000,18000,23000,26000,27000,30000,32000,34000,34000,35000,46000,46000,3104,0,18000.0,18317.060755995815,8.359670002391795,45702.36515000215,1563.509987113402
1783446827,3350,,Aggregated,61.700000,0.000000,19000,24000,27000,29000,31000,33000,34000,35000,47000,48000,48000,3197,0,19000.0,18754.10539136034,8.359670002391795,47723.49961300279,1592.3234282139506
1783446828,3400,,Aggregated,61.700000,0.000000,19000,24000,27000,29000,31000,33000,34000,35000,47000,48000,48000,3233,0,19000.0,18916.842154891438,8.359670002391795,47776.916818002064,1599.4104546860501
1783446829,3450,,Aggregated,61.200000,0.000000,19000,24000,27000,29000,31000,33000,34000,35000,47000,48000,48000,3235,0,19000.0,18926.208029606187,8.359670002391795,47776.916818002064,1598.8769706336939
1783446830,3500,,Aggregated,58.700000,0.000000,19000,24000,27000,29000,31000,34000,35000,37000,50000,50000,50000,3318,0,19000.0,19347.45877432941,8.359670002391795,50145.64513000005,1628.349306811332
1783446831,3550,,Aggregated,58.700000,0.000000,19000,25000,27000,29000,31000,34000,36000,37000,50000,50000,50000,3328,0,19000.0,19401.999801381,8.359670002391795,50145.64513000005,1625.424579326923
1783446832,3600,,Aggregated,56.300000,0.000000,19000,26000,28000,30000,33000,34000,37000,38000,50000,50000,50000,3378,0,19000.0,19665.494635224684,8.359670002391795,50145.64513000005,1616.0926583777384
1783446833,3650,,Aggregated,58.100000,0.000000,20000,26000,29000,30000,34000,35000,38000,38000,50000,50000,50000,3464,0,20000.0,20070.462216937343,8.359670002391795,50145.64513000005,1601.5525404157045
1783446834,3700,,Aggregated,52.600000,0.000000,20000,26000,29000,30000,34000,35000,38000,38000,50000,50000,50000,3485,0,20000.0,20173.391066888365,8.359670002391795,50145.64513000005,1598.1101865136297
1783446835,3750,,Aggregated,56.300000,0.000000,21000,26000,29000,30000,34000,37000,38000,39000,50000,50000,50000,3554,0,21000.0,20505.089307513786,8.359670002391795,50145.64513000005,1581.5807540799099
1783446836,3800,,Aggregated,48.700000,0.000000,21000,26000,30000,30000,34000,37000,38000,39000,50000,50000,50000,3566,0,21000.0,20568.72414166125,8.359670002391795,50145.64513000005,1578.4627033090296
1783446837,3850,,Aggregated,47.400000,0.000000,21000,26000,30000,30000,34000,37000,39000,39000,50000,55000,55000,3582,0,21000.0,20651.389913574825,8.359670002391795,55302.56166400068,1580.9145728643216
1783446838,3900,,Aggregated,46.200000,0.000000,22000,27000,30000,31000,35000,38000,39000,40000,50000,55000,55000,3658,0,22000.0,21024.566969558495,8.359670002391795,55302.56166400068,1563.3261344997265
1783446839,3950,,Aggregated,41.200000,0.000000,22000,27000,30000,31000,35000,38000,40000,41000,50000,55000,55000,3684,0,22000.0,21158.93831243512,8.359670002391795,55302.56166400068,1557.2695439739414
1783446840,4000,,Aggregated,42.400000,0.000000,23000,28000,30000,33000,37000,38000,41000,41000,50000,55000,55000,3804,0,23000.0,21720.027845293374,8.359670002391795,55302.56166400068,1574.4029968454258
1783446841,4000,,Aggregated,43.300000,0.000000,23000,29000,31000,33000,38000,39000,41000,42000,50000,55000,55000,3867,0,23000.0,22023.644911902247,8.359670002391795,55302.56166400068,1572.052495474528
1783446842,4000,,Aggregated,49.100000,0.000000,23000,29000,31000,34000,38000,39000,41000,42000,50000,55000,55000,3892,0,23000.0,22144.25568124898,8.359670002391795,55302.56166400068,1568.4391058581707
1783446843,4000,,Aggregated,53.400000,0.000000,23000,29000,31000,34000,38000,40000,42000,42000,50000,55000,55000,3980,0,23000.0,22542.713140612548,8.359670002391795,55302.56166400068,1559.8751256281407
1783446844,4000,,Aggregated,53.400000,0.000000,23000,29000,31000,34000,38000,40000,42000,42000,50000,55000,55000,3985,0,23000.0,22568.932142128724,8.359670002391795,55302.56166400068,1558.739774153074
1783446845,4000,,Aggregated,53.200000,0.000000,23000,29000,32000,34000,38000,41000,42000,44000,50000,55000,55000,4030,0,23000.0,22794.41911822951,8.359670002391795,55302.56166400068,1549.2146401985112
1783446846,4000,,Aggregated,50.200000,0.000000,23000,30000,32000,34000,38000,41000,43000,44000,50000,55000,55000,4049,0,23000.0,22895.872231157802,8.359670002391795,55302.56166400068,1545.0185230921215
1783446847,4000,,Aggregated,47.800000,0.000000,23000,30000,33000,35000,39000,41000,44000,45000,50000,55000,55000,4115,0,23000.0,23222.962348632318,8.359670002391795,55302.56166400068,1542.3764277035236
1783446848,4000,,Aggregated,48.100000,0.000000,24000,30000,34000,36000,40000,42000,45000,45000,50000,55000,55000,4197,0,24000.0,23613.101791570163,8.359670002391795,55302.56166400068,1527.463664522278
1783446849,4000,,Aggregated,48.100000,0.000000,24000,30000,34000,37000,40000,42000,45000,45000,50000,55000,55000,4216,0,24000.0,23706.614436713222,8.359670002391795,55302.56166400068,1523.7250948766603
1783446850,4000,,Aggregated,52.900000,0.000000,24000,30000,34000,37000,41000,43000,45000,46000,50000,55000,55000,4289,0,24000.0,24053.69973960129,8.359670002391795,55302.56166400068,1514.8820237817672
1783446851,4000,,Aggregated,52.900000,0.000000,24000,30000,34000,37000,41000,43000,45000,46000,50000,55000,55000,4306,0,24000.0,24134.843925248475,8.359670002391795,55302.56166400068,1513.0847654435672
1783446852,4000,,Aggregated,47.100000,0.000000,24000,30000,34000,37000,41000,44000,45000,46000,50000,55000,55000,4332,0,24000.0,24262.43481786033,8.359670002391795,55302.56166400068,1511.4519852262235
1783446853,4000,,Aggregated,44.400000,0.000000,26000,31000,35000,38000,42000,44000,46000,47000,50000,67000,67000,4441,0,26000.0,24776.915086092984,8.359670002391795,66600.65758699784,1524.5859040756586
1783446854,4000,,Aggregated,43.700000,0.000000,26000,31000,36000,38000,42000,45000,46000,47000,50000,67000,67000,4474,0,26000.0,24938.854904083568,8.359670002391795,66600.65758699784,1522.9490388913723
1783446855,4000,,Aggregated,45.500000,0.000000,26000,32000,37000,39000,44000,45000,47000,48000,50000,67000,67000,4584,0,26000.0,25453.301650506965,8.359670002391795,66600.65758699784,1517.014397905759
1783446856,4000,,Aggregated,47.300000,0.000000,26000,33000,38000,39000,44000,45000,48000,48000,50000,67000,67000,4668,0,26000.0,25824.540843471925,8.359670002391795,66600.65758699784,1526.6313196229648
1783446857,4000,,Aggregated,54.700000,0.000000,26000,33000,38000,39000,44000,45000,48000,49000,50000,67000,67000,4705,0,26000.0,25992.72786840955,8.359670002391795,66600.65758699784,1533.9409139213603
1783446858,4000,,Aggregated,61.300000,0.000000,27000,34000,38000,41000,45000,46000,48000,49000,50000,67000,67000,4788,0,27000.0,26361.034128960506,8.359670002391795,66600.65758699784,1536.9795321637428
1783446859,4000,,Aggregated,59.900000,0.000000,27000,34000,38000,41000,45000,46000,49000,49000,51000,67000,67000,4798,0,27000.0,26410.101292347623,8.359670002391795,66600.65758699784,1535.1752813672363
1783446860,4000,,Aggregated,59.700000,0.000000,27000,34000,38000,41000,45000,46000,49000,50000,51000,67000,67000,4819,0,27000.0,26513.471479041487,8.359670002391795,66600.65758699784,1531.7736044822577
1783446861,4000,,Aggregated,58.000000,0.000000,27000,34000,38000,41000,45000,47000,49000,51000,52000,67000,67000,4850,0,27000.0,26673.35564535958,8.359670002391795,66600.65758699784,1526.1694845360826
1783446862,4000,,Aggregated,54.200000,0.000000,27000,34000,39000,41000,45000,48000,50000,51000,52000,67000,67000,4922,0,27000.0,27015.004284557283,8.359670002391795,66600.65758699784,1517.2106867127184
1783446863,4000,,Aggregated,53.800000,0.000000,27000,35000,39000,42000,46000,48000,51000,52000,53000,67000,67000,4981,0,27000.0,27292.679836025894,8.359670002391795,66600.65758699784,1507.7831760690624
1783446864,4000,,Aggregated,58.900000,0.000000,27000,35000,39000,42000,46000,49000,51000,52000,53000,67000,67000,5008,0,27000.0,27427.56011280171,8.359670002391795,66600.65758699784,1503.1855031948883
1783446865,4000,,Aggregated,53.400000,0.000000,28000,36000,40000,42000,46000,49000,52000,52000,53000,67000,67000,5078,0,28000.0,27749.040933763885,8.359670002391795,66600.65758699784,1493.028554549035
1783446866,4000,,Aggregated,54.400000,0.000000,29000,37000,41000,43000,47000,49000,52000,53000,54000,67000,67000,5106,0,29000.0,27882.96695220564,8.359670002391795,66600.65758699784,1488.7203290246769
1783446867,4000,,Aggregated,48.400000,0.000000,29000,37000,41000,44000,48000,50000,52000,53000,54000,67000,67000,5134,0,29000.0,28016.05191828399,8.359670002391795,66600.65758699784,1486.3402804830541
1783446868,4000,,Aggregated,44.400000,0.000000,29000,37000,41000,44000,48000,51000,52000,53000,55000,67000,67000,5229,0,29000.0,28449.991488689444,8.359670002391795,66600.65758699784,1493.9045706636068
1783446869,4000,,Aggregated,42.300000,0.000000,29000,37000,41000,44000,48000,51000,53000,54000,55000,67000,67000,5250,0,29000.0,28554.98015035849,8.359670002391795,66600.65758699784,1490.9161904761904
1783446870,4000,,Aggregated,41.600000,0.000000,30000,38000,42000,44000,49000,52000,54000,55000,56000,67000,67000,5343,0,30000.0,28998.221106314257,8.359670002391795,66600.65758699784,1500.890510948905
1783446871,4000,,Aggregated,44.700000,0.000000,30000,38000,43000,45000,50000,52000,55000,55000,56000,67000,67000,5447,0,30000.0,29455.88898194254,8.359670002391795,66600.65758699784,1519.2509638333026
1783446872,4000,,Aggregated,51.400000,0.000000,30000,38000,44000,45000,51000,52000,55000,56000,57000,67000,67000,5471,0,30000.0,29571.557955965265,8.359670002391795,66600.65758699784,1516.0751233778103
1783446873,4000,,Aggregated,56.800000,0.000000,30000,38000,44000,45000,51000,52000,55000,56000,57000,67000,67000,5527,0,30000.0,29834.497472575178,8.359670002391795,66600.65758699784,1508.9506061154334
1783446874,4000,,Aggregated,56.700000,0.000000,30000,38000,44000,45000,51000,53000,55000,56000,57000,67000,67000,5534,0,30000.0,29869.450246755696,8.359670002391795,66600.65758699784,1507.8704372967113
1783446875,4000,,Aggregated,55.100000,0.000000,30000,39000,44000,45000,51000,53000,56000,57000,58000,67000,67000,5565,0,30000.0,30021.017677157593,8.359670002391795,66600.65758699784,1505.4522911051213
1783446876,4000,,Aggregated,53.100000,0.000000,30000,39000,44000,46000,52000,54000,56000,57000,59000,67000,67000,5608,0,30000.0,30225.39150441263,8.359670002391795,66600.65758699784,1507.6287446504994
1783446877,4000,,Aggregated,49.100000,0.000000,30000,39000,44000,46000,52000,55000,57000,59000,59000,85000,85000,5676,0,30000.0,30569.291063208242,8.359670002391795,84785.85360900252,1518.9504933051444
1783446878,4000,,Aggregated,50.000000,0.000000,31000,41000,45000,48000,52000,56000,58000,59000,67000,85000,85000,5777,0,31000.0,31034.444143150926,8.359670002391795,84835.0071950008,1529.360567768738
1783446879,4000,,Aggregated,51.500000,0.000000,31000,41000,45000,48000,52000,56000,59000,59000,67000,85000,85000,5820,0,31000.0,31234.312980686384,8.359670002391795,84835.0071950008,1527.155326460481
1783446880,4000,,Aggregated,55.200000,0.000000,31000,41000,45000,48000,53000,56000,59000,59000,84000,87000,87000,5893,0,31000.0,31575.181033963472,8.359670002391795,86654.99423499932,1534.9394196504327
1783446881,4000,,Aggregated,57.400000,0.000000,31000,41000,46000,49000,55000,57000,59000,60000,84000,87000,87000,5982,0,31000.0,31959.551971155084,8.359670002391795,86654.99423499932,1551.66432631227
1783446882,4000,,Aggregated,51.900000,0.000000,31000,41000,46000,49000,55000,57000,59000,60000,84000,87000,87000,5985,0,31000.0,31974.114547110898,8.359670002391795,86654.99423499932,1551.2148705096074
1783446883,4000,,Aggregated,56.600000,0.000000,33000,42000,46000,50000,56000,58000,59000,60000,67000,87000,87000,6095,0,33000.0,32467.225076521674,8.359670002391795,86654.99423499932,1556.157342083675
1783446884,4000,,Aggregated,51.600000,0.000000,33000,42000,47000,50000,56000,58000,60000,61000,67000,87000,87000,6118,0,33000.0,32574.129885203278,8.359670002391795,86654.99423499932,1552.9826740764956
1783446885,4000,,Aggregated,53.400000,0.000000,33000,43000,48000,51000,56000,58000,60000,62000,67000,87000,87000,6178,0,33000.0,32858.106499442976,8.359670002391795,86654.99423499932,1546.0291356426028
1783446886,4000,,Aggregated,57.800000,0.000000,34000,44000,48000,52000,57000,59000,62000,63000,90000,91000,91000,6312,0,34000.0,33480.18031958456,8.359670002391795,90570.84671600023,1570.7835868187578
1783446887,4000,,Aggregated,62.600000,0.000000,34000,44000,48000,52000,57000,59000,62000,63000,90000,91000,91000,6330,0,34000.0,33566.528378089366,8.359670002391795,91214.4937660014,1576.6846761453396
1783446888,4000,,Aggregated,62.200000,0.000000,34000,44000,49000,52000,57000,59000,63000,63000,91000,92000,92000,6398,0,34000.0,33890.401220808635,8.359670002391795,91682.3140910019,1584.4237261644264
1783446889,4000,,Aggregated,62.200000,0.000000,34000,44000,49000,52000,57000,59000,63000,63000,91000,92000,92000,6408,0,34000.0,33937.35951904926,8.359670002391795,91682.3140910019,1583.2233146067415
1783446890,4000,,Aggregated,63.100000,0.000000,34000,44000,49000,52000,57000,60000,63000,64000,91000,92000,92000,6415,0,34000.0,33971.39425010751,8.359670002391795,91682.3140910019,1582.2104442712393
1783446891,4000,,Aggregated,59.100000,0.000000,34000,44000,49000,52000,58000,60000,63000,65000,91000,92000,92000,6461,0,34000.0,34195.263968553736,8.359670002391795,91682.3140910019,1575.5154000928649
1783446892,4000,,Aggregated,56.600000,0.000000,34000,44000,50000,52000,58000,60000,64000,66000,91000,92000,92000,6497,0,34000.0,34365.307766747836,8.359670002391795,91682.3140910019,1572.6312144066492
1783446893,4000,,Aggregated,46.900000,0.000000,35000,45000,51000,53000,59000,62000,65000,66000,92000,97000,97000,6591,0,35000.0,34820.779160178674,8.359670002391795,96648.41286299998,1590.088302230314
1783446894,4000,,Aggregated,48.100000,0.000000,35000,45000,51000,53000,59000,63000,66000,67000,92000,97000,97000,6643,0,35000.0,35064.71358322424,8.359670002391795,96648.41286299998,1583.9658286918561
1783446895,4000,,Aggregated,53.000000,0.000000,35000,45000,51000,54000,59000,63000,66000,67000,92000,97000,97000,6663,0,35000.0,35159.057398865465,8.359670002391795,96648.41286299998,1581.491220171094
1783446896,4000,,Aggregated,50.200000,0.000000,37000,45000,52000,55000,59000,63000,66000,67000,96000,98000,98000,6760,0,37000.0,35598.714869656884,8.359670002391795,98097.93802399872,1576.8588757396449
1783446897,4000,,Aggregated,50.200000,0.000000,37000,46000,52000,55000,60000,63000,66000,67000,96000,98000,98000,6779,0,37000.0,35681.759383123695,8.359670002391795,98097.93802399872,1577.8402419235877
1783446898,4000,,Aggregated,50.000000,0.000000,37000,46000,52000,55000,60000,64000,67000,68000,96000,98000,98000,6830,0,37000.0,35912.964286169336,8.359670002391795,98097.93802399872,1578.156515373353
1783446899,4000,,Aggregated,45.500000,0.000000,37000,46000,52000,56000,61000,64000,67000,69000,96000,98000,98000,6891,0,37000.0,36193.95020846359,8.359670002391795,98097.93802399872,1580.3461036134088
1783446900,4000,,Aggregated,41.000000,0.000000,37000,46000,52000,56000,62000,65000,67000,69000,96000,98000,98000,6910,0,37000.0,36284.04584165291,8.359670002391795,98097.93802399872,1578.3597684515196
1783446901,4000,,Aggregated,46.500000,0.000000,38000,47000,52000,56000,62000,65000,68000,70000,96000,98000,98000,6959,0,38000.0,36520.7415222362,8.359670002391795,98097.93802399872,1572.8195142980314
1783446902,4000,,Aggregated,48.700000,0.000000,38000,48000,53000,57000,63000,66000,69000,70000,96000,98000,98000,7059,0,38000.0,36973.84409592375,8.359670002391795,98097.93802399872,1569.1090806063182
1783446903,4000,,Aggregated,49.200000,0.000000,38000,48000,53000,57000,63000,67000,70000,71000,96000,98000,98000,7097,0,38000.0,37150.28252689077,8.359670002391795,98097.93802399872,1564.4902071297731
1783446904,4000,,Aggregated,55.600000,0.000000,38000,48000,54000,57000,63000,67000,70000,71000,96000,98000,98000,7126,0,38000.0,37284.89090497893,8.359670002391795,98097.93802399872,1560.932500701656
1783446905,4000,,Aggregated,49.800000,0.000000,38000,48000,54000,57000,63000,67000,70000,71000,96000,98000,98000,7141,0,38000.0,37357.95688965563,8.359670002391795,98097.93802399872,1559.0295476823974
1783446906,4000,,Aggregated,50.800000,0.000000,38000,48000,55000,57000,64000,67000,70000,71000,96000,98000,98000,7174,0,38000.0,37512.845839699876,8.359670002391795,98097.93802399872,1558.4848062447727
1783446907,4000,,Aggregated,48.800000,0.000000,38000,49000,55000,57000,64000,67000,71000,72000,96000,98000,98000,7207,0,38000.0,37675.81180720315,8.359670002391795,98097.93802399872,1554.636742056334
1783446908,4000,,Aggregated,42.500000,0.000000,38000,49000,55000,58000,64000,68000,71000,73000,96000,98000,98000,7275,0,38000.0,37997.93722391821,8.359670002391795,98097.93802399872,1550.6819243986254
1783446909,4000,,Aggregated,42.000000,0.000000,39000,49000,56000,58000,65000,70000,72000,74000,96000,98000,98000,7332,0,39000.0,38266.83504560529,8.359670002391795,98097.93802399872,1547.7370430987453
1783446910,4000,,Aggregated,42.800000,0.000000,39000,50000,56000,59000,66000,70000,73000,75000,96000,98000,98000,7404,0,39000.0,38605.51277057184,8.359670002391795,98097.93802399872,1542.1266882766072
1783446911,4000,,Aggregated,44.700000,0.000000,39000,51000,56000,59000,66000,71000,74000,75000,96000,110000,110000,7447,0,39000.0,38821.04394797501,8.359670002391795,109869.0121810032,1546.5768765946018
1783446912,4000,,Aggregated,46.200000,0.000000,41000,52000,57000,60000,68000,72000,74000,75000,97000,110000,110000,7646,0,41000.0,39703.7001358722,8.359670002391795,109869.0121810032,1584.3663353387392
1783446913,4000,,Aggregated,47.600000,0.000000,41000,52000,59000,63000,69000,72000,74000,75000,97000,110000,110000,7915,0,41000.0,40671.4149797742,8.359670002391795,109869.0121810032,1599.9564118761843
1783446914,4000,,Aggregated,49.400000,0.000000,44000,55000,60000,63000,69000,72000,74000,75000,106000,110000,110000,8275,0,44000.0,41692.78094408302,8.359670002391795,109869.0121810032,1652.1156495468279
1783446915,4000,,Aggregated,70.700000,0.000000,44000,56000,60000,63000,69000,72000,75000,77000,106000,110000,110000,8576,0,44000.0,42359.86419880403,8.359670002391795,109869.0121810032,1671.542327425373
1783446916,4000,,Aggregated,97.100000,0.000000,46000,56000,60000,63000,69000,72000,75000,78000,105000,110000,110000,9017,0,46000.0,42944.260140558974,8.359670002391795,109869.0121810032,1699.7286237107685
1783446917,4000,,Aggregated,125.400000,0.000000,46000,56000,60000,63000,69000,72000,76000,79000,105000,110000,110000,9398,0,46000.0,43268.253706055926,8.359670002391795,109869.0121810032,1727.8170887422857
1783446918,4000,,Aggregated,156.300000,0.000000,45000,54000,59000,62000,69000,72000,78000,79000,105000,110000,110000,10138,0,45000.0,43156.84900812628,8.359670002391795,109869.0121810032,1795.1656145196291
1783446919,4000,,Aggregated,184.500000,0.000000,43000,53000,59000,61000,68000,72000,78000,79000,105000,110000,110000,10830,0,43000.0,42051.402039287284,8.359670002391795,109869.0121810032,1823.1888273314867
1783446920,4000,,Aggregated,248.600000,0.000000,41000,52000,58000,61000,68000,72000,78000,80000,105000,110000,110000,11366,0,41000.0,40737.74297061819,8.359670002391795,109869.0121810032,1871.5856061939116
1783446922,4000,,Aggregated,374.300000,0.000000,38000,50000,57000,60000,67000,72000,78000,79000,105000,110000,110000,12434,0,38000.0,38067.8020901684,8.359670002391795,109869.0121810032,2053.643638410809
1783446924,4000,,Aggregated,477.800000,0.000000,34000,47000,55000,59000,66000,71000,76000,79000,103000,110000,110000,13789,0,34000.0,35153.96813439056,8.359670002391795,109869.0121810032,2290.961636086736
1783446927,4000,,Aggregated,542.300000,0.000000,30000,45000,52000,57000,66000,71000,75000,79000,103000,110000,110000,15413,0,30000.0,32220.590882777,8.359670002391795,109869.0121810032,2783.352819048855
1783446930,4000,,Aggregated,621.100000,0.000000,25000,41000,50000,55000,64000,70000,75000,79000,100000,110000,110000,16925,0,25000.0,29930.45323864858,8.359670002391795,109869.0121810032,3291.454889217134
1783446931,4000,,Aggregated,608.600000,0.000000,23000,40000,49000,54000,64000,70000,75000,79000,99000,110000,110000,17644,0,23000.0,28968.480667434436,8.359670002391795,109869.0121810032,3460.1395941963274
1783446933,4000,,Aggregated,582.400000,0.000000,19000,38000,48000,53000,64000,70000,75000,79000,99000,110000,110000,18557,0,19000.0,27856.730630319194,8.359670002391795,109869.0121810032,3746.2572075227677
1783446934,4000,,Aggregated,576.500000,0.000000,16000,37000,46000,52000,63000,70000,74000,79000,99000,110000,110000,19356,0,16000.0,26964.454622198562,8.359670002391795,109869.0121810032,3791.6617586278157
1783446935,4000,,Aggregated,550.100000,0.000000,15000,35000,46000,52000,63000,70000,74000,79000,99000,110000,110000,19934,0,15000.0,26375.170063736023,8.359670002391795,109869.0121810032,3985.495485100833
1783446936,4000,,Aggregated,592.400000,0.000000,12000,34000,45000,51000,63000,69000,74000,79000,99000,110000,110000,20632,0,12000.0,25708.759383814097,8.359670002391795,109869.0121810032,4163.703906552927
1783446937,4000,,Aggregated,580.400000,0.000000,12000,33000,45000,51000,62000,69000,74000,79000,99000,110000,110000,20867,0,12000.0,25488.626569999342,8.359670002391795,109869.0121810032,4153.808453539081
1783446939,4000,,Aggregated,531.700000,0.000000,11000,33000,44000,50000,62000,69000,74000,79000,99000,110000,110000,21158,0,11000.0,25243.92780960517,8.359670002391795,109869.0121810032,4232.315530768504
1783446940,4000,,Aggregated,522.300000,0.000000,11000,31000,44000,49000,62000,68000,74000,78000,99000,110000,110000,21700,0,11000.0,24801.094221652016,8.359670002391795,109869.0121810032,4315.872626728111
1783446941,4000,,Aggregated,460.100000,0.000000,10000,31000,42000,49000,61000,68000,73000,78000,99000,110000,110000,22044,0,10000.0,24544.932510108345,8.359670002391795,109869.0121810032,4409.95527127563
1783446942,4000,,Aggregated,458.600000,0.000000,10000,30000,42000,48000,61000,68000,73000,78000,99000,110000,110000,22425,0,10000.0,24250.05843604512,8.359670002391795,109869.0121810032,4434.783277591973
1783446943,4000,,Aggregated,426.000000,0.000000,9900,30000,42000,48000,61000,68000,73000,78000,99000,110000,110000,22712,0,9900.0,24045.70058875555,8.359670002391795,109869.0121810032,4464.900977456851
1783446944,4000,,Aggregated,423.000000,0.000000,10000,28000,41000,48000,60000,68000,73000,78000,99000,110000,110000,23306,0,10000.0,23687.48152444184,8.359670002391795,109869.0121810032,4645.1988329185615
1783446945,4000,,Aggregated,395.000000,0.000000,9900,26000,40000,46000,60000,67000,72000,78000,99000,110000,110000,24034,0,9900.0,23235.97887995884,8.359670002391795,109869.0121810032,4785.355995672797
1783446946,4000,,Aggregated,375.500000,0.000000,9900,26000,39000,46000,60000,67000,72000,78000,99000,110000,110000,24280,0,9900.0,23094.38485113555,8.359670002391795,109869.0121810032,4854.104448105437
1783446947,4000,,Aggregated,375.500000,0.000000,9900,26000,39000,46000,60000,67000,72000,78000,99000,110000,110000,24281,0,9900.0,23093.91914089338,8.359670002391795,109869.0121810032,4854.723199209258
1783446949,4000,,Aggregated,414.500000,0.000000,9900,26000,39000,46000,60000,67000,72000,78000,99000,110000,110000,24324,0,9900.0,23069.201837343528,8.359670002391795,109869.0121810032,4855.5568163131065
1783446950,4000,,Aggregated,341.600000,0.000000,9800,24000,38000,45000,60000,67000,72000,78000,99000,110000,110000,25126,0,9800.0,22669.8690750888,8.359670002391795,109869.0121810032,5030.053689405397
1783446951,4000,,Aggregated,341.600000,0.000000,10000,23000,38000,45000,59000,67000,72000,77000,99000,110000,110000,25654,0,10000.0,22430.13396117823,8.359670002391795,109869.0121810032,5193.681765026897
1783446952,4000,,Aggregated,360.300000,0.000000,9800,23000,38000,45000,59000,67000,72000,77000,99000,110000,110000,25842,0,9800.0,22323.176298195733,8.359670002391795,109869.0121810032,5171.313520625338
1783446953,4000,,Aggregated,360.300000,0.000000,9800,23000,37000,45000,59000,67000,72000,77000,99000,110000,110000,25901,0,9800.0,22293.5186161793,8.359670002391795,109869.0121810032,5172.969499247133
1783446954,4000,,Aggregated,355.100000,0.000000,9700,23000,37000,45000,59000,67000,72000,77000,99000,110000,110000,26007,0,9700.0,22240.217583753853,8.359670002391795,109869.0121810032,5163.509439766217
1783446955,4000,,Aggregated,339.400000,0.000000,9600,22000,37000,44000,59000,67000,72000,77000,99000,110000,110000,26278,0,9600.0,22121.329228710136,8.359670002391795,109869.0121810032,5177.287883400563
1783446956,4000,,Aggregated,339.400000,0.000000,9500,21000,36000,44000,59000,67000,72000,77000,99000,110000,110000,26571,0,9500.0,21992.798343809845,8.359670002391795,109869.0121810032,5178.500395167664
1783446957,4000,,Aggregated,286.700000,0.000000,9600,20000,35000,44000,59000,67000,72000,77000,99000,110000,110000,26819,0,9600.0,21881.31916081564,8.359670002391795,109869.0121810032,5148.170588015959
1783446958,4000,,Aggregated,249.200000,0.000000,9700,19000,35000,43000,59000,66000,72000,76000,99000,110000,110000,27368,0,9700.0,21687.64759364439,8.359670002391795,109869.0121810032,5224.075233849751
1783446959,4000,,Aggregated,248.200000,0.000000,9700,19000,34000,42000,59000,66000,72000,76000,99000,110000,110000,27548,0,9700.0,21628.985561942252,8.359670002391795,109869.0121810032,5252.524430085668
1783446960,4000,,Aggregated,306.400000,0.000000,9700,18000,34000,42000,59000,66000,72000,76000,99000,110000,110000,27661,0,9700.0,21585.409734758112,8.359670002391795,109869.0121810032,5255.234626369256
1783446961,4000,,Aggregated,321.000000,0.000000,9700,18000,34000,42000,59000,66000,72000,76000,99000,110000,110000,27830,0,9700.0,21532.094053587305,8.359670002391795,109869.0121810032,5278.96514552641
1783446962,4000,,Aggregated,253.800000,0.000000,9800,17000,33000,42000,58000,66000,72000,76000,99000,110000,110000,28296,0,9800.0,21375.49609411057,8.359670002391795,109869.0121810032,5304.386839129205
1783446963,4000,,Aggregated,215.100000,0.000000,9900,18000,32000,41000,58000,66000,72000,76000,99000,110000,110000,28900,0,9900.0,21215.28632670425,8.359670002391795,109869.0121810032,5413.1822491349485
1783446964,4000,,Aggregated,242.100000,0.000000,9900,18000,32000,41000,58000,66000,72000,76000,99000,110000,110000,29321,0,9900.0,21099.17796088712,8.359670002391795,109869.0121810032,5469.682411923195
1783446965,4000,,Aggregated,291.400000,0.000000,9900,17000,31000,40000,58000,66000,72000,76000,99000,110000,110000,29639,0,9900.0,20981.00441921931,8.359670002391795,109869.0121810032,5476.80201761193
1783446966,4000,,Aggregated,299.600000,0.000000,9900,17000,31000,40000,58000,66000,72000,75000,99000,110000,110000,29948,0,9900.0,20882.06525258303,8.359670002391795,109869.0121810032,5513.7531387738745
1783446967,4000,,Aggregated,329.000000,0.000000,9800,17000,30000,39000,57000,66000,72000,75000,99000,110000,110000,30421,0,9800.0,20731.12830770768,8.359670002391795,109869.0121810032,5554.801321455573
1783446968,4000,,Aggregated,325.300000,0.000000,9800,17000,30000,39000,57000,66000,72000,75000,99000,110000,110000,30746,0,9800.0,20624.33022714643,8.359670002391795,109869.0121810032,5572.846028751707
1783446969,4000,,Aggregated,348.900000,0.000000,9800,17000,29000,38000,57000,66000,72000,75000,99000,110000,110000,31069,0,9800.0,20536.692374008013,8.359670002391795,109869.0121810032,5615.265248318259
1783446970,4000,,Aggregated,336.000000,0.000000,9800,17000,29000,38000,57000,66000,72000,75000,99000,110000,110000,31210,0,9800.0,20485.26867169501,8.359670002391795,109869.0121810032,5610.4998397949375
1783446971,4000,,Aggregated,336.000000,0.000000,9800,17000,29000,38000,57000,66000,72000,75000,99000,110000,110000,31304,0,9800.0,20470.205671570184,8.359670002391795,109869.0121810032,5649.067467416305
1783446972,4000,,Aggregated,348.400000,0.000000,9700,17000,28000,38000,56000,65000,72000,75000,99000,110000,110000,31813,0,9700.0,20298.101042375332,8.359670002391795,109869.0121810032,5636.6897180397955
1783446973,4000,,Aggregated,349.900000,0.000000,9700,16000,27000,38000,56000,65000,72000,75000,99000,110000,110000,32061,0,9700.0,20227.612263374485,8.359670002391795,109869.0121810032,5650.3833629643495
1783446974,4000,,Aggregated,305.100000,0.000000,9700,16000,27000,38000,56000,65000,72000,75000,99000,110000,110000,32304,0,9700.0,20159.898020842516,8.359670002391795,109869.0121810032,5657.5897102526005
1783446975,4000,,Aggregated,300.800000,0.000000,9700,16000,26000,37000,56000,65000,71000,75000,99000,110000,110000,32554,0,9700.0,20090.520836989905,8.359670002391795,109869.0121810032,5656.223751305523
1783446976,4000,,Aggregated,308.200000,0.000000,9700,16000,26000,37000,56000,65000,71000,75000,99000,110000,110000,32766,0,9700.0,20037.24606860969,8.359670002391795,109869.0121810032,5657.863791735335
1783446977,4000,,Aggregated,276.200000,0.000000,9700,16000,26000,37000,56000,65000,71000,75000,99000,110000,110000,32943,0,9700.0,19997.63878753429,8.359670002391795,109869.0121810032,5661.440761314999
1783446978,4000,,Aggregated,273.700000,0.000000,9800,16000,26000,37000,56000,65000,71000,75000,98000,110000,110000,33111,0,9800.0,19957.827867993656,8.359670002391795,109869.0121810032,5657.569448219625
1783446980,4000,,Aggregated,223.700000,0.000000,9800,16000,26000,36000,56000,65000,71000,75000,98000,110000,110000,33371,0,9800.0,19912.656869556442,8.359670002391795,109869.0121810032,5682.701896856552
1783446981,4000,,Aggregated,223.700000,0.000000,9900,16000,25000,35000,55000,65000,71000,75000,98000,110000,110000,33655,0,9900.0,19858.731090178113,8.359670002391795,109869.0121810032,5690.559768236518
1783446982,4000,,Aggregated,222.900000,0.000000,10000,16000,24000,35000,55000,64000,71000,75000,98000,110000,110000,34156,0,10000.0,19792.959062260277,8.359670002391795,109869.0121810032,5770.311131280009
1783446983,4000,,Aggregated,222.900000,0.000000,10000,16000,24000,35000,55000,64000,71000,75000,98000,110000,110000,34167,0,10000.0,19790.14265980744,8.359670002391795,109869.0121810032,5768.642140076682
1783446984,4000,,Aggregated,283.800000,0.000000,10000,16000,23000,34000,55000,64000,71000,75000,98000,110000,110000,34584,0,10000.0,19714.95445099697,8.359670002391795,109869.0121810032,5760.811791579921
1783446985,4000,,Aggregated,234.400000,0.000000,10000,16000,23000,34000,55000,64000,71000,75000,98000,110000,110000,34673,0,10000.0,19699.682332184726,8.359670002391795,109869.0121810032,5757.385083494361
1783446986,4000,,Aggregated,241.600000,0.000000,10000,16000,23000,34000,54000,64000,71000,75000,98000,110000,110000,34783,0,10000.0,19681.691883864652,8.359670002391795,109869.0121810032,5752.464537273956
1783446987,4000,,Aggregated,232.300000,0.000000,10000,16000,23000,34000,54000,64000,71000,75000,98000,110000,110000,34921,0,10000.0,19663.10460442301,8.359670002391795,109869.0121810032,5751.947338277827
1783446988,4000,,Aggregated,215.200000,0.000000,10000,16000,23000,34000,54000,64000,71000,75000,98000,110000,110000,35209,0,10000.0,19628.86257993338,8.359670002391795,109869.0121810032,5750.118464029083
1783446989,4000,,Aggregated,209.500000,0.000000,10000,16000,23000,33000,54000,64000,71000,75000,98000,110000,110000,35384,0,10000.0,19611.83400109051,8.359670002391795,109869.0121810032,5754.727193081619
1783446990,4000,,Aggregated,207.000000,0.000000,10000,16000,23000,33000,54000,64000,71000,75000,98000,110000,110000,35547,0,10000.0,19596.708131587897,8.359670002391795,109869.0121810032,5756.7656060989675
1783446991,4000,,Aggregated,220.000000,0.000000,11000,16000,23000,33000,54000,64000,71000,75000,98000,110000,110000,35815,0,11000.0,19574.59837704047,8.359670002391795,109869.0121810032,5759.899483456652
1783446992,4000,,Aggregated,207.200000,0.000000,11000,16000,23000,33000,54000,64000,71000,75000,98000,110000,110000,36079,0,11000.0,19552.569682310117,8.359670002391795,109869.0121810032,5762.980265528424
1783446993,4000,,Aggregated,201.000000,0.000000,11000,16000,23000,32000,53000,64000,71000,75000,98000,110000,110000,36247,0,11000.0,19538.29725379095,8.359670002391795,109869.0121810032,5764.519077440892
1783446994,4000,,Aggregated,178.300000,0.000000,11000,16000,23000,32000,53000,64000,71000,75000,98000,110000,110000,36427,0,11000.0,19521.583710215575,8.359670002391795,109869.0121810032,5760.894913113899
1783446995,4000,,Aggregated,200.400000,0.000000,11000,16000,23000,32000,53000,64000,71000,75000,98000,110000,110000,36525,0,11000.0,19515.307327175433,8.359670002391795,109869.0121810032,5759.357316906228
1783446996,4000,,Aggregated,185.100000,0.000000,11000,16000,23000,32000,53000,64000,71000,75000,98000,110000,110000,36657,0,11000.0,19510.484382208586,8.359670002391795,109869.0121810032,5761.2212947049675
1783446997,4000,,Aggregated,184.700000,0.000000,11000,16000,23000,31000,53000,64000,71000,75000,98000,110000,110000,36737,0,11000.0,19506.93060568132,8.359670002391795,109869.0121810032,5759.262705174619
1783446998,4000,,Aggregated,188.200000,0.000000,11000,16000,23000,31000,53000,64000,71000,75000,98000,110000,110000,36877,0,11000.0,19513.192107273866,8.359670002391795,109869.0121810032,5772.769856550153
1783446999,4000,,Aggregated,184.000000,0.000000,11000,16000,23000,31000,53000,64000,71000,75000,97000,110000,110000,37028,0,11000.0,19502.769246661133,8.359670002391795,109869.0121810032,5760.353138165712
1783447000,4000,,Aggregated,180.800000,0.000000,11000,16000,23000,31000,53000,64000,71000,75000,97000,110000,110000,37325,0,11000.0,19491.628424824154,8.359670002391795,109869.0121810032,5751.029497655727
1783447001,4000,,Aggregated,161.200000,0.000000,11000,16000,23000,31000,52000,63000,71000,75000,97000,110000,110000,37487,0,11000.0,19487.110692717342,8.359670002391795,109869.0121810032,5744.023368100941
1783447003,4000,,Aggregated,173.300000,0.000000,11000,16000,23000,30000,52000,63000,71000,75000,97000,110000,110000,37723,0,11000.0,19485.444014298006,8.359670002391795,109869.0121810032,5740.912599740212
1783447004,4000,,Aggregated,166.600000,0.000000,11000,17000,23000,30000,52000,63000,71000,74000,96000,110000,110000,38076,0,11000.0,19499.928815720854,8.359670002391795,109869.0121810032,5754.423967853766
1783447005,4000,,Aggregated,155.200000,0.000000,11000,17000,23000,30000,52000,63000,71000,74000,96000,110000,110000,38238,0,11000.0,19495.78990038227,8.359670002391795,109869.0121810032,5750.456143103719
1783447006,4000,,Aggregated,160.200000,0.000000,12000,17000,23000,30000,52000,63000,71000,74000,96000,110000,110000,38514,0,12000.0,19497.13455084496,8.359670002391795,109869.0121810032,5752.387599314535
1783447007,4000,,Aggregated,162.100000,0.000000,12000,17000,23000,30000,52000,63000,71000,74000,96000,110000,110000,38741,0,12000.0,19499.18506764555,8.359670002391795,109869.0121810032,5758.336568493328
1783447008,4000,,Aggregated,169.100000,0.000000,12000,17000,23000,30000,52000,63000,71000,74000,96000,110000,110000,38949,0,12000.0,19490.30193634456,8.359670002391795,109869.0121810032,5752.740327094405
1783447009,4000,,Aggregated,188.200000,0.000000,12000,17000,23000,30000,52000,63000,71000,74000,96000,110000,110000,39117,0,12000.0,19488.244515624858,8.359670002391795,109869.0121810032,5752.063297287625
1783447010,4000,,Aggregated,198.300000,0.000000,12000,17000,23000,30000,52000,63000,71000,74000,96000,110000,110000,39293,0,12000.0,19485.859530336424,8.359670002391795,109869.0121810032,5748.448069630723
1783447011,4000,,Aggregated,206.700000,0.000000,12000,17000,23000,30000,52000,63000,71000,74000,96000,110000,110000,39426,0,12000.0,19485.598467854456,8.359670002391795,109869.0121810032,5745.912164561457
1783447012,4000,,Aggregated,199.600000,0.000000,12000,17000,23000,30000,52000,63000,71000,74000,96000,110000,110000,39670,0,12000.0,19490.761928989104,8.359670002391795,109869.0121810032,5752.488832871188
1783447013,4000,,Aggregated,194.200000,0.000000,12000,17000,23000,30000,52000,63000,71000,74000,96000,110000,110000,39883,0,12000.0,19498.359538871155,8.359670002391795,109869.0121810032,5761.174410149688
1783447014,4000,,Aggregated,189.400000,0.000000,12000,17000,23000,30000,52000,63000,71000,74000,96000,110000,110000,40042,0,12000.0,19503.270498543607,8.359670002391795,109869.0121810032,5767.08708356226
1783447015,4000,,Aggregated,199.300000,0.000000,12000,17000,23000,30000,51000,63000,71000,74000,96000,110000,110000,40231,0,12000.0,19508.662595997146,8.359670002391795,109869.0121810032,5774.857547662251
1783447016,4000,,Aggregated,197.900000,0.000000,12000,17000,23000,30000,51000,63000,71000,74000,96000,110000,110000,40342,0,12000.0,19504.086842755914,8.359670002391795,109869.0121810032,5771.23945267959
1783447017,4000,,Aggregated,199.900000,0.000000,12000,17000,23000,30000,51000,63000,71000,74000,96000,110000,110000,40480,0,12000.0,19515.018428205676,8.359670002391795,109869.0121810032,5781.63097826087
1783447018,4000,,Aggregated,196.300000,0.000000,12000,17000,23000,30000,51000,63000,71000,74000,96000,110000,110000,40579,0,12000.0,19506.38827578352,8.359670002391795,109869.0121810032,5773.577096527761
1783447019,4000,,Aggregated,176.200000,0.000000,12000,17000,23000,30000,51000,63000,71000,74000,96000,110000,110000,40732,0,12000.0,19500.078294298153,8.359670002391795,109869.0121810032,5766.420602965727
1783447020,4000,,Aggregated,172.200000,0.000000,12000,17000,23000,30000,51000,63000,71000,74000,96000,110000,110000,40967,0,12000.0,19505.654636410458,8.359670002391795,109869.0121810032,5770.037640051749
1783447021,4000,,Aggregated,161.300000,0.000000,13000,17000,23000,30000,51000,63000,71000,74000,96000,110000,110000,41177,0,13000.0,19510.301743093954,8.359670002391795,109869.0121810032,5774.522548995798
1783447023,4000,,Aggregated,163.600000,0.000000,13000,17000,23000,30000,51000,63000,71000,74000,96000,110000,110000,41276,0,13000.0,19514.144292904428,8.359670002391795,109869.0121810032,5778.354709758698
1783447024,4000,,Aggregated,172.400000,0.000000,13000,17000,23000,30000,51000,62000,71000,74000,96000,110000,110000,41735,0,13000.0,19521.963685751514,8.359670002391795,109869.0121810032,5776.870276746136
1783447025,4000,,Aggregated,156.000000,0.000000,13000,17000,23000,30000,51000,62000,71000,74000,96000,110000,110000,41804,0,13000.0,19519.399188829484,8.359670002391795,109869.0121810032,5772.335470289924
1783447026,4000,,Aggregated,163.800000,0.000000,13000,17000,23000,30000,51000,62000,71000,74000,96000,110000,110000,42030,0,13000.0,19522.316421863194,8.359670002391795,109869.0121810032,5768.926719010231
1783447027,4000,,Aggregated,165.800000,0.000000,13000,17000,23000,30000,50000,62000,70000,74000,96000,110000,110000,42259,0,13000.0,19525.285838024065,8.359670002391795,109869.0121810032,5765.61863745001
1783447028,4000,,Aggregated,162.200000,0.000000,13000,17000,23000,30000,50000,62000,70000,74000,96000,110000,110000,42505,0,13000.0,19532.39830834266,8.359670002391795,109869.0121810032,5769.288366074579
1783447029,4000,,Aggregated,175.000000,0.000000,13000,17000,23000,30000,50000,62000,70000,74000,96000,110000,110000,42649,0,13000.0,19534.285699631044,8.359670002391795,109869.0121810032,5769.709278060447
1783447030,4000,,Aggregated,178.600000,0.000000,13000,17000,23000,30000,49000,62000,70000,74000,96000,110000,110000,42817,0,13000.0,19538.672461283564,8.359670002391795,109869.0121810032,5772.4106079361
1783447031,4000,,Aggregated,197.000000,0.000000,13000,17000,23000,30000,49000,62000,70000,74000,96000,110000,110000,43045,0,13000.0,19535.4367369022,8.359670002391795,109869.0121810032,5766.11975839238
1783447032,4000,,Aggregated,187.900000,0.000000,13000,17000,23000,30000,49000,62000,70000,74000,96000,110000,110000,43217,0,13000.0,19533.306480699193,8.359670002391795,109869.0121810032,5762.30825832427
1783447033,4000,,Aggregated,183.300000,0.000000,13000,17000,22000,30000,49000,62000,70000,73000,96000,110000,110000,43416,0,13000.0,19532.894409736793,8.359670002391795,109869.0121810032,5759.207849640686
1783447034,4000,,Aggregated,186.800000,0.000000,14000,17000,23000,30000,49000,62000,70000,73000,96000,110000,110000,43551,0,14000.0,19539.172572245643,8.359670002391795,109869.0121810032,5766.559045716516
1783447035,4000,,Aggregated,200.500000,0.000000,14000,17000,23000,30000,49000,62000,70000,73000,96000,110000,110000,43766,0,14000.0,19545.422955171638,8.359670002391795,109869.0121810032,5773.380318055111
1783447036,4000,,Aggregated,189.300000,0.000000,14000,17000,23000,30000,49000,61000,70000,73000,96000,110000,110000,43972,0,14000.0,19546.686334298112,8.359670002391795,109869.0121810032,5776.868939325025
1783447037,4000,,Aggregated,185.800000,0.000000,14000,17000,23000,30000,49000,61000,70000,73000,96000,110000,110000,44174,0,14000.0,19548.780564923443,8.359670002391795,109869.0121810032,5783.394055326663
1783447038,4000,,Aggregated,196.500000,0.000000,14000,17000,23000,30000,49000,61000,70000,73000,96000,110000,110000,44336,0,14000.0,19537.62323943722,8.359670002391795,109869.0121810032,5774.335889570552
1783447039,4000,,Aggregated,198.800000,0.000000,14000,17000,23000,30000,49000,61000,70000,73000,96000,110000,110000,44533,0,14000.0,19535.698885554288,8.359670002391795,109869.0121810032,5774.9925223991195
1783447040,4000,,Aggregated,188.900000,0.000000,14000,17000,23000,30000,48000,61000,70000,73000,96000,110000,110000,44777,0,14000.0,19532.16906429165,8.359670002391795,109869.0121810032,5776.332871786854
1783447041,4000,,Aggregated,184.700000,0.000000,14000,17000,23000,30000,48000,61000,70000,73000,96000,110000,110000,44999,0,14000.0,19529.911447973653,8.359670002391795,109869.0121810032,5779.173270517123
1783447043,4000,,Aggregated,199.100000,0.000000,14000,17000,23000,30000,48000,61000,70000,73000,96000,110000,110000,45107,0,14000.0,19531.861693346716,8.359670002391795,109869.0121810032,5784.166936395682
1783447044,4000,,Aggregated,196.000000,0.000000,14000,17000,23000,30000,48000,61000,70000,73000,96000,110000,110000,45548,0,14000.0,19516.012296928882,8.359670002391795,109869.0121810032,5775.915429876175
1783447045,4000,,Aggregated,182.500000,0.000000,14000,17000,23000,30000,48000,61000,70000,73000,96000,110000,110000,45814,0,14000.0,19516.864330314253,8.359670002391795,109869.0121810032,5782.673702361723
1783447046,4000,,Aggregated,198.600000,0.000000,14000,17000,23000,30000,48000,61000,70000,73000,96000,110000,110000,46146,0,14000.0,19510.630192423145,8.359670002391795,109869.0121810032,5790.740454210549
1783447047,4000,,Aggregated,208.900000,0.000000,14000,17000,23000,30000,48000,60000,70000,73000,96000,110000,110000,46333,0,14000.0,19500.24131011399,8.359670002391795,109869.0121810032,5789.007964086072
1783447048,4000,,Aggregated,215.300000,0.000000,14000,17000,23000,30000,48000,60000,70000,73000,96000,110000,110000,46576,0,14000.0,19492.488427659537,8.359670002391795,109869.0121810032,5793.745040364136
1783447049,4000,,Aggregated,217.500000,0.000000,14000,17000,23000,30000,47000,60000,70000,73000,96000,110000,110000,46771,0,14000.0,19479.4575959565,8.359670002391795,109869.0121810032,5791.438241645464
1783447050,4000,,Aggregated,223.300000,0.000000,14000,17000,23000,30000,47000,60000,70000,73000,96000,110000,110000,46964,0,14000.0,19466.93170125928,8.359670002391795,109869.0121810032,5789.943211821821
1783447051,4000,,Aggregated,229.800000,0.000000,14000,17000,22000,30000,47000,60000,70000,73000,96000,110000,110000,47157,0,14000.0,19453.68384044078,8.359670002391795,109869.0121810032,5788.114914010645
1783447052,4000,,Aggregated,226.200000,0.000000,14000,17000,23000,30000,47000,60000,70000,73000,96000,110000,110000,47382,0,14000.0,19443.72526408878,8.359670002391795,109869.0121810032,5791.442488708793
1783447053,4000,,Aggregated,223.900000,0.000000,14000,17000,23000,30000,47000,60000,70000,72000,96000,110000,110000,47584,0,14000.0,19430.40789260696,8.359670002391795,109869.0121810032,5789.640173167451
1783447054,4000,,Aggregated,224.100000,0.000000,14000,17000,22000,29000,47000,60000,70000,72000,96000,110000,110000,47742,0,14000.0,19420.373196175,8.359670002391795,109869.0121810032,5788.522474969628
1783447055,4000,,Aggregated,240.100000,0.000000,14000,17000,23000,29000,46000,60000,70000,72000,96000,110000,110000,48002,0,14000.0,19417.34840827276,8.359670002391795,109869.0121810032,5803.856464313987
1783447056,4000,,Aggregated,221.100000,0.000000,14000,17000,23000,29000,46000,60000,70000,72000,96000,110000,110000,48119,0,14000.0,19402.424084483227,8.359670002391795,109869.0121810032,5793.414202290156
1783447057,4000,,Aggregated,221.200000,0.000000,14000,17000,22000,29000,46000,60000,70000,72000,96000,110000,110000,48303,0,14000.0,19390.349971577307,8.359670002391795,109869.0121810032,5789.925739602095
1783447058,4000,,Aggregated,207.700000,0.000000,14000,17000,23000,29000,46000,60000,70000,72000,96000,110000,110000,48618,0,14000.0,19376.777413038668,8.359670002391795,109869.0121810032,5794.024579373894
1783447059,4000,,Aggregated,195.100000,0.000000,14000,17000,22000,29000,46000,60000,70000,72000,96000,110000,110000,48924,0,14000.0,19353.30298966678,8.359670002391795,109869.0121810032,5789.067206279126
1783447061,4000,,Aggregated,198.100000,0.000000,14000,17000,22000,29000,46000,60000,70000,72000,96000,110000,110000,49162,0,14000.0,19338.67848798759,8.359670002391795,109869.0121810032,5790.095724339937
1783447062,4000,,Aggregated,223.400000,0.000000,14000,17000,22000,29000,46000,60000,70000,72000,96000,110000,110000,49609,0,14000.0,19311.87666852391,8.359670002391795,109869.0121810032,5789.767622810377
1783447063,4000,,Aggregated,208.400000,0.000000,14000,17000,22000,29000,46000,60000,70000,72000,96000,110000,110000,49833,0,14000.0,19297.451843834097,8.359670002391795,109869.0121810032,5789.864908795376
1783447064,4000,,Aggregated,226.700000,0.000000,14000,17000,22000,29000,45000,60000,70000,72000,96000,106000,110000,50110,0,14000.0,19278.639989274343,8.359670002391795,109869.0121810032,5790.838954300539
1783447065,4000,,Aggregated,228.200000,0.000000,14000,17000,22000,28000,45000,60000,70000,72000,96000,106000,110000,50399,0,14000.0,19251.73639509771,8.359670002391795,109869.0121810032,5786.37774559019
1783447066,4000,,Aggregated,237.200000,0.000000,14000,17000,22000,28000,45000,59000,70000,72000,96000,106000,110000,50673,0,14000.0,19226.451287363772,8.359670002391795,109869.0121810032,5784.9407771397
1783447067,4000,,Aggregated,238.800000,0.000000,14000,17000,22000,28000,45000,59000,70000,72000,96000,106000,110000,51015,0,14000.0,19189.08647535377,8.359670002391795,109869.0121810032,5778.626678427913
1783447068,4000,,Aggregated,250.600000,0.000000,14000,17000,22000,28000,45000,59000,69000,72000,96000,106000,110000,51418,0,14000.0,19154.281948256452,8.359670002391795,109869.0121810032,5792.289917927574
1783447069,4000,,Aggregated,264.200000,0.000000,14000,17000,22000,28000,45000,59000,69000,72000,96000,106000,110000,51891,0,14000.0,19102.292570655223,8.359670002391795,109869.0121810032,5809.389277524041
1783447070,4000,,Aggregated,283.600000,0.000000,14000,17000,21000,28000,45000,59000,69000,72000,96000,106000,110000,52269,0,14000.0,19042.378786584384,8.359670002391795,109869.0121810032,5801.491170674779
1783447071,4000,,Aggregated,287.700000,0.000000,14000,17000,21000,27000,44000,59000,69000,72000,96000,106000,110000,52591,0,14000.0,18999.400397461326,8.359670002391795,109869.0121810032,5806.9345135099165
1783447072,4000,,Aggregated,305.100000,0.000000,14000,17000,21000,27000,44000,59000,69000,72000,96000,106000,110000,52936,0,14000.0,18948.678601967364,8.359670002391795,109869.0121810032,5809.648084479371
1783447074,4000,,Aggregated,330.900000,0.000000,14000,17000,21000,27000,44000,59000,69000,72000,94000,106000,110000,53215,0,14000.0,18906.13580563088,8.359670002391795,109869.0121810032,5809.4973033919005
1783447075,4000,,Aggregated,329.900000,0.000000,14000,17000,20000,27000,44000,59000,68000,72000,94000,106000,110000,54000,0,14000.0,18796.892829636858,8.359670002391795,109869.0121810032,5820.652703703704
1783447076,4000,,Aggregated,318.800000,0.000000,14000,17000,20000,27000,44000,59000,68000,72000,94000,106000,110000,54430,0,14000.0,18724.522195500904,8.359670002391795,109869.0121810032,5823.087782472901
1783447077,4000,,Aggregated,304.000000,0.000000,14000,17000,20000,27000,43000,59000,68000,72000,94000,106000,110000,54866,0,14000.0,18645.825053371056,8.359670002391795,109869.0121810032,5818.593846826814
1783447078,4000,,Aggregated,357.600000,0.000000,14000,16000,19000,26000,42000,59000,68000,72000,94000,106000,110000,55271,0,14000.0,18573.89471743307,8.359670002391795,109869.0121810032,5814.888133017314
1783447079,4000,,Aggregated,369.400000,0.000000,13000,16000,19000,26000,42000,59000,68000,72000,94000,106000,110000,55691,0,13000.0,18498.339566299706,8.359670002391795,109869.0121810032,5807.758758147636
1783447080,4000,,Aggregated,370.600000,0.000000,13000,16000,19000,26000,42000,59000,68000,72000,94000,106000,110000,56187,0,13000.0,18413.452489272382,8.359670002391795,109869.0121810032,5818.282111520459
1783447081,4000,,Aggregated,374.600000,0.000000,13000,16000,19000,26000,42000,58000,68000,72000,94000,106000,110000,56643,0,13000.0,18328.595528233458,8.359670002391795,109869.0121810032,5818.993838603182
1783447082,4000,,Aggregated,369.500000,0.000000,13000,16000,19000,26000,41000,58000,68000,72000,94000,106000,110000,56940,0,13000.0,18272.357394402603,8.359670002391795,109869.0121810032,5819.2916930101865
1783447083,4000,,Aggregated,382.200000,0.000000,13000,16000,19000,26000,41000,58000,68000,72000,94000,106000,110000,57328,0,13000.0,18197.096945114085,8.359670002391795,109869.0121810032,5811.759140385152
1783447085,4000,,Aggregated,395.800000,0.000000,13000,16000,19000,26000,41000,58000,68000,72000,94000,106000,110000,57600,0,13000.0,18146.381934366498,8.359670002391795,109869.0121810032,5809.0851041666665
1783447086,4000,,Aggregated,421.600000,0.000000,13000,16000,18000,25000,41000,58000,68000,72000,94000,106000,110000,58394,0,13000.0,18013.672074605565,8.359670002391795,109869.0121810032,5809.5226906873995
1783447087,4000,,Aggregated,425.500000,0.000000,13000,16000,18000,25000,40000,58000,68000,72000,94000,106000,110000,58857,0,13000.0,17932.465460806812,8.359670002391795,109869.0121810032,5808.611006337394
1783447088,4000,,Aggregated,392.000000,0.000000,13000,16000,18000,25000,40000,58000,68000,72000,94000,106000,110000,59300,0,13000.0,17852.742735137264,8.359670002391795,109869.0121810032,5799.397335581788
1783447089,4000,,Aggregated,408.300000,0.000000,13000,16000,18000,24000,40000,58000,67000,72000,94000,106000,110000,59756,0,13000.0,17773.119911851878,8.359670002391795,109869.0121810032,5794.705468906888
1783447090,4000,,Aggregated,411.400000,0.000000,13000,16000,18000,24000,39000,57000,67000,72000,94000,106000,110000,60323,0,13000.0,17681.94119600676,8.359670002391795,109869.0121810032,5823.456790942095
1783447091,4000,,Aggregated,407.400000,0.000000,13000,16000,18000,24000,39000,57000,67000,72000,94000,106000,110000,60708,0,13000.0,17609.11324506391,8.359670002391795,109869.0121810032,5811.594056796468
1783447092,4000,,Aggregated,418.500000,0.000000,13000,16000,18000,24000,39000,57000,67000,72000,94000,106000,110000,61279,0,13000.0,17510.52860862207,8.359670002391795,109869.0121810032,5820.443920429511
1783447093,4000,,Aggregated,421.500000,0.000000,13000,16000,18000,23000,39000,57000,67000,72000,94000,106000,110000,61734,0,13000.0,17427.463066890865,8.359670002391795,109869.0121810032,5814.113989049794
1783447095,4000,,Aggregated,421.500000,0.000000,13000,16000,18000,23000,38000,57000,67000,72000,94000,106000,110000,61827,0,13000.0,17410.80375194926,8.359670002391795,109869.0121810032,5813.192068190273
1783447096,4000,,Aggregated,439.600000,0.000000,12000,16000,18000,23000,38000,57000,67000,72000,92000,106000,110000,62832,0,12000.0,17247.679913940487,8.359670002391795,109869.0121810032,5818.4308791698495
1783447097,4000,,Aggregated,422.800000,0.000000,12000,16000,18000,23000,38000,57000,67000,72000,92000,106000,110000,63362,0,12000.0,17157.290869687884,8.359670002391795,109869.0121810032,5818.259382595246
1783447098,4000,,Aggregated,454.200000,0.000000,12000,16000,17000,22000,38000,56000,67000,72000,92000,106000,110000,63808,0,12000.0,17082.772395510165,8.359670002391795,109869.0121810032,5819.246223044132
1783447099,4000,,Aggregated,457.400000,0.000000,12000,16000,17000,22000,38000,56000,67000,72000,92000,106000,110000,64388,0,12000.0,16995.5847584106,8.359670002391795,109869.0121810032,5857.488149965832
1783447100,4000,,Aggregated,461.400000,0.000000,12000,16000,17000,22000,37000,56000,67000,72000,92000,106000,110000,64755,0,12000.0,16928.612724469873,8.359670002391795,109869.0121810032,5842.04222067794
1783447101,4000,,Aggregated,462.300000,0.000000,12000,16000,17000,22000,37000,56000,67000,71000,92000,106000,110000,64968,0,12000.0,16891.820448155904,8.359670002391795,109869.0121810032,5832.987178303165
1783447102,4000,,Aggregated,464.300000,0.000000,12000,16000,17000,22000,37000,56000,67000,71000,91000,106000,110000,65299,0,12000.0,16841.065455127842,8.359670002391795,109869.0121810032,5833.9379622965125
1783447103,4000,,Aggregated,436.200000,0.000000,12000,16000,17000,21000,37000,56000,67000,71000,91000,106000,110000,65590,0,12000.0,16796.59505649532,8.359670002391795,109869.0121810032,5828.437383747522
1783447104,4000,,Aggregated,431.600000,0.000000,12000,16000,17000,21000,37000,56000,67000,71000,91000,106000,110000,65933,0,12000.0,16746.900004013118,8.359670002391795,109869.0121810032,5825.369420472298
1783447105,4000,,Aggregated,431.600000,0.000000,12000,16000,17000,21000,37000,56000,67000,71000,91000,106000,110000,66022,0,12000.0,16733.90475036945,8.359670002391795,109869.0121810032,5822.53367059465
1783447106,4000,,Aggregated,400.700000,0.000000,12000,15000,17000,21000,36000,56000,67000,71000,91000,106000,110000,66664,0,12000.0,16655.43567847483,8.359670002391795,109869.0121810032,5816.097458898356
1783447107,4000,,Aggregated,419.500000,0.000000,12000,15000,17000,21000,36000,55000,67000,71000,91000,106000,110000,66986,0,12000.0,16618.55613984429,8.359670002391795,109869.0121810032,5818.499387931806
1783447108,4000,,Aggregated,356.900000,0.000000,12000,15000,17000,20000,35000,55000,67000,71000,91000,106000,110000,67218,0,12000.0,16591.97598735093,8.359670002391795,109869.0121810032,5812.765405099824
1783447109,4000,,Aggregated,352.200000,0.000000,12000,15000,17000,20000,35000,55000,67000,71000,91000,106000,110000,67476,0,12000.0,16564.427830587025,8.359670002391795,109869.0121810032,5807.0857341869705
1783447110,4000,,Aggregated,333.000000,0.000000,12000,15000,17000,20000,35000,55000,67000,71000,91000,106000,110000,67739,0,12000.0,16538.64129039659,8.359670002391795,109869.0121810032,5802.490603640444
1783447111,4000,,Aggregated,315.800000,0.000000,12000,15000,17000,20000,35000,55000,66000,71000,91000,106000,110000,68019,0,12000.0,16513.179451799064,8.359670002391795,109869.0121810032,5799.03022684838
1783447112,4000,,Aggregated,285.900000,0.000000,12000,15000,17000,20000,35000,55000,66000,71000,91000,106000,110000,68349,0,12000.0,16485.708428235343,8.359670002391795,109869.0121810032,5798.954512867782
1783447113,4000,,Aggregated,290.500000,0.000000,12000,15000,17000,20000,34000,55000,66000,71000,91000,106000,110000,68756,0,12000.0,16455.986440955738,8.359670002391795,109869.0121810032,5811.5612310198385
1783447114,4000,,Aggregated,283.800000,0.000000,12000,15000,17000,19000,34000,55000,66000,71000,91000,106000,110000,69085,0,12000.0,16422.96867597939,8.359670002391795,109869.0121810032,5800.410928566259
1783447115,4000,,Aggregated,289.900000,0.000000,12000,15000,17000,19000,34000,54000,66000,71000,91000,106000,110000,69447,0,12000.0,16394.042762951023,8.359670002391795,109869.0121810032,5806.723731766671
1783447116,4000,,Aggregated,294.500000,0.000000,11000,15000,17000,19000,34000,54000,66000,71000,91000,106000,110000,69801,0,11000.0,16359.79133002779,8.359670002391795,109869.0121810032,5798.436498044441
1783447118,4000,,Aggregated,329.500000,0.000000,11000,15000,17000,19000,34000,54000,66000,71000,91000,106000,110000,70279,0,11000.0,16317.943388545142,8.359670002391795,109869.0121810032,5797.093086128147
1783447119,4000,,Aggregated,307.700000,0.000000,11000,15000,17000,19000,34000,54000,66000,71000,91000,106000,110000,70631,0,11000.0,16290.698583716503,8.359670002391795,109869.0121810032,5803.523353768175
1783447120,4000,,Aggregated,307.700000,0.000000,11000,15000,17000,19000,34000,54000,66000,71000,91000,106000,110000,70644,0,11000.0,16289.449496178637,8.359670002391795,109869.0121810032,5803.128517637733
1783447121,4000,,Aggregated,329.800000,0.000000,11000,15000,17000,19000,33000,54000,66000,71000,91000,106000,110000,71328,0,11000.0,16240.201147706637,8.359670002391795,109869.0121810032,5809.332253813369
1783447122,4000,,Aggregated,312.700000,0.000000,11000,15000,17000,19000,33000,54000,66000,71000,91000,106000,110000,71603,0,11000.0,16216.920158961284,8.359670002391795,109869.0121810032,5807.932907839057
1783447123,4000,,Aggregated,308.700000,0.000000,11000,15000,17000,19000,33000,54000,66000,71000,91000,106000,110000,71835,0,11000.0,16199.415653417072,8.359670002391795,109869.0121810032,5809.655335143036
1783447124,4000,,Aggregated,330.800000,0.000000,11000,15000,17000,19000,33000,54000,66000,71000,91000,106000,110000,72069,0,11000.0,16180.378680139918,8.359670002391795,109869.0121810032,5806.842262276429
1783447125,4000,,Aggregated,322.500000,0.000000,11000,15000,17000,18000,33000,53000,66000,71000,91000,106000,110000,72333,0,11000.0,16165.379339507916,8.359670002391795,109869.0121810032,5815.188212848907
1783447126,4000,,Aggregated,307.700000,0.000000,11000,15000,17000,18000,33000,53000,66000,71000,91000,106000,110000,72613,0,11000.0,16145.362972148068,8.359670002391795,109869.0121810032,5812.883849999312
1783447127,4000,,Aggregated,301.600000,0.000000,11000,15000,17000,18000,33000,53000,66000,71000,91000,106000,110000,72856,0,11000.0,16130.03371825163,8.359670002391795,109869.0121810032,5812.388753156913
1783447128,4000,,Aggregated,289.400000,0.000000,11000,15000,17000,18000,33000,53000,66000,71000,91000,106000,110000,73076,0,11000.0,16116.028718426924,8.359670002391795,109869.0121810032,5810.265928622256
1783447129,4000,,Aggregated,286.700000,0.000000,11000,15000,17000,18000,33000,53000,66000,71000,91000,106000,110000,73358,0,11000.0,16104.791479184361,8.359670002391795,109869.0121810032,5822.212396739279
1783447130,4000,,Aggregated,263.600000,0.000000,11000,15000,17000,18000,32000,53000,66000,71000,91000,106000,110000,73510,0,11000.0,16093.127546912216,8.359670002391795,109869.0121810032,5815.662671745341
1783447131,4000,,Aggregated,257.200000,0.000000,11000,15000,17000,18000,32000,53000,66000,71000,91000,106000,110000,73721,0,11000.0,16079.400980735656,8.359670002391795,109869.0121810032,5809.266179243364
1783447132,4000,,Aggregated,273.000000,0.000000,11000,15000,17000,18000,32000,53000,66000,71000,91000,106000,110000,73847,0,11000.0,16074.868468667748,8.359670002391795,109869.0121810032,5810.390659065365
1783447133,4000,,Aggregated,266.300000,0.000000,11000,15000,17000,18000,32000,53000,66000,71000,90000,106000,110000,74012,0,11000.0,16068.603040445561,8.359670002391795,109869.0121810032,5807.880803113008
1783447134,4000,,Aggregated,238.000000,0.000000,11000,15000,17000,18000,32000,53000,66000,71000,90000,106000,110000,74162,0,11000.0,16063.144012442286,8.359670002391795,109869.0121810032,5805.394015803242
1783447135,4000,,Aggregated,223.600000,0.000000,11000,15000,17000,18000,32000,53000,66000,71000,90000,106000,110000,74314,0,11000.0,16058.05445261826,8.359670002391795,109869.0121810032,5802.803146109751
1783447136,4000,,Aggregated,215.900000,0.000000,11000,15000,17000,18000,32000,53000,66000,71000,90000,106000,110000,74543,0,11000.0,16053.592765407291,8.359670002391795,109869.0121810032,5801.773929141569
1783447137,4000,,Aggregated,207.100000,0.000000,11000,15000,17000,18000,32000,53000,66000,71000,90000,106000,110000,74773,0,11000.0,16050.450901669205,8.359670002391795,109869.0121810032,5800.968023216937
1783447138,4000,,Aggregated,197.700000,0.000000,11000,15000,17000,18000,32000,52000,66000,71000,90000,106000,110000,74996,0,11000.0,16049.318356563368,8.359670002391795,109869.0121810032,5801.7711211264605
1783447139,4000,,Aggregated,189.200000,0.000000,11000,15000,17000,18000,32000,52000,66000,71000,90000,106000,110000,75154,0,11000.0,16048.352641867215,8.359670002391795,109869.0121810032,5800.542486095218
1783447142,4000,,Aggregated,190.000000,0.000000,11000,15000,17000,18000,32000,52000,66000,71000,90000,106000,110000,75252,0,11000.0,16048.868574610913,8.359670002391795,109869.0121810032,5801.117950353479
1783447143,4000,,Aggregated,172.700000,0.000000,11000,15000,17000,18000,32000,52000,66000,71000,90000,106000,110000,75681,0,11000.0,16056.006673007061,8.359670002391795,109869.0121810032,5801.2999828226375
1783447144,4000,,Aggregated,150.500000,0.000000,11000,15000,17000,18000,32000,52000,66000,71000,90000,106000,110000,75891,0,11000.0,16059.829149668698,8.359670002391795,109869.0121810032,5801.519547772463
1783447145,4000,,Aggregated,181.700000,0.000000,11000,15000,17000,18000,32000,52000,66000,71000,90000,106000,110000,76081,0,11000.0,16062.558007394036,8.359670002391795,109869.0121810032,5799.978536033964
1783447146,4000,,Aggregated,186.600000,0.000000,12000,15000,17000,18000,32000,52000,66000,71000,90000,106000,110000,76281,0,12000.0,16063.426935180536,8.359670002391795,109869.0121810032,5795.016072154272
1783447147,4000,,Aggregated,188.000000,0.000000,12000,15000,17000,18000,32000,52000,66000,71000,90000,106000,110000,76511,0,12000.0,16070.039957294859,8.359670002391795,109869.0121810032,5796.13147129171
1783447148,4000,,Aggregated,191.400000,0.000000,12000,15000,17000,18000,32000,52000,66000,71000,90000,106000,110000,76706,0,12000.0,16075.362948959752,8.359670002391795,109869.0121810032,5796.3647433056085
1783447149,4000,,Aggregated,194.700000,0.000000,12000,15000,17000,18000,32000,52000,66000,71000,90000,106000,110000,76880,0,12000.0,16080.567328772004,8.359670002391795,109869.0121810032,5797.488449531737
1783447150,4000,,Aggregated,187.100000,0.000000,12000,15000,17000,18000,32000,52000,66000,71000,90000,106000,110000,77149,0,12000.0,16091.566249497786,8.359670002391795,109869.0121810032,5802.667176502612
1783447151,4000,,Aggregated,186.500000,0.000000,12000,15000,17000,18000,32000,52000,66000,71000,90000,106000,110000,77338,0,12000.0,16098.711357762357,8.359670002391795,109869.0121810032,5804.669114794797
1783447152,4000,,Aggregated,195.800000,0.000000,12000,15000,17000,18000,32000,52000,66000,71000,90000,106000,110000,77559,0,12000.0,16105.269911964764,8.359670002391795,109869.0121810032,5806.778813548395
1783447153,4000,,Aggregated,207.200000,0.000000,12000,15000,17000,18000,32000,52000,66000,71000,90000,106000,110000,77731,0,12000.0,16109.071749090797,8.359670002391795,109869.0121810032,5806.983301385548
1783447154,4000,,Aggregated,227.100000,0.000000,12000,15000,17000,18000,31000,52000,66000,71000,90000,106000,110000,77976,0,12000.0,16111.240933771327,8.359670002391795,109869.0121810032,5803.026726172156
1783447155,4000,,Aggregated,203.400000,0.000000,12000,15000,17000,18000,31000,52000,66000,71000,90000,106000,110000,78269,0,12000.0,16119.807782492899,8.359670002391795,109869.0121810032,5808.667658970985
1783447156,4000,,Aggregated,208.700000,0.000000,12000,15000,17000,18000,31000,52000,66000,71000,90000,106000,110000,78447,0,12000.0,16122.114864051018,8.359670002391795,109869.0121810032,5809.154002065088
1783447157,4000,,Aggregated,214.500000,0.000000,12000,15000,17000,18000,31000,52000,66000,71000,90000,106000,110000,78686,0,12000.0,16126.97118311063,8.359670002391795,109869.0121810032,5812.397033779834
1783447158,4000,,Aggregated,214.500000,0.000000,12000,15000,17000,18000,31000,52000,66000,71000,90000,106000,110000,78760,0,12000.0,16125.88636790687,8.359670002391795,109869.0121810032,5810.450964956831
1783447159,4000,,Aggregated,214.600000,0.000000,12000,15000,17000,18000,31000,52000,65000,71000,90000,106000,110000,78914,0,12000.0,16128.28001520108,8.359670002391795,109869.0121810032,5809.5803532959935
1783447160,4000,,Aggregated,210.600000,0.000000,12000,15000,17000,18000,31000,52000,65000,71000,90000,106000,110000,79083,0,12000.0,16131.514039216972,8.359670002391795,109869.0121810032,5807.543466990377
1783447161,4000,,Aggregated,202.700000,0.000000,12000,15000,17000,18000,31000,52000,65000,71000,90000,106000,110000,79343,0,12000.0,16137.121032484856,8.359670002391795,109869.0121810032,5807.518760319121
1783447162,4000,,Aggregated,190.300000,0.000000,12000,15000,17000,18000,31000,52000,65000,71000,90000,106000,110000,79595,0,12000.0,16141.3291495149,8.359670002391795,109869.0121810032,5806.198077768704
1783447163,4000,,Aggregated,199.000000,0.000000,12000,15000,17000,18000,31000,52000,65000,71000,90000,106000,110000,79858,0,12000.0,16147.805072830864,8.359670002391795,109869.0121810032,5807.865273360215
1783447164,4000,,Aggregated,203.500000,0.000000,12000,15000,17000,18000,31000,52000,65000,71000,90000,106000,110000,80029,0,12000.0,16151.610039463569,8.359670002391795,109869.0121810032,5809.05068162791
1783447165,4000,,Aggregated,212.000000,0.000000,12000,15000,17000,18000,31000,52000,65000,71000,90000,106000,110000,80164,0,12000.0,16154.030157774961,8.359670002391795,109869.0121810032,5808.231325782147
1783447167,4000,,Aggregated,212.000000,0.000000,12000,15000,17000,18000,31000,51000,65000,71000,90000,106000,110000,80255,0,12000.0,16155.217080713048,8.359670002391795,109869.0121810032,5807.410915207775
1783447168,4000,,Aggregated,182.100000,0.000000,12000,15000,17000,18000,31000,51000,65000,71000,89000,106000,110000,81009,0,12000.0,16177.350661028117,8.359670002391795,109869.0121810032,5806.8864447160195
1783447169,4000,,Aggregated,160.200000,0.000000,12000,15000,17000,18000,31000,51000,65000,71000,89000,106000,110000,81256,0,12000.0,16180.75015841305,8.359670002391795,109869.0121810032,5807.254762725214
1783447170,4000,,Aggregated,157.800000,0.000000,12000,15000,17000,18000,31000,51000,65000,71000,89000,106000,110000,81479,0,12000.0,16183.367752466727,8.359670002391795,109869.0121810032,5808.079541967869
1783447171,4000,,Aggregated,216.000000,0.000000,12000,15000,17000,18000,31000,51000,65000,71000,89000,106000,110000,81615,0,12000.0,16180.360273449214,8.359670002391795,109869.0121810032,5801.408503338847
1783447172,4000,,Aggregated,227.100000,0.000000,12000,15000,17000,18000,31000,51000,65000,71000,89000,106000,110000,81767,0,12000.0,16181.43679454462,8.359670002391795,109869.0121810032,5798.92317193978
1783447173,4000,,Aggregated,218.100000,0.000000,12000,15000,17000,18000,31000,51000,65000,71000,89000,106000,110000,82017,0,12000.0,16191.603585778192,8.359670002391795,109869.0121810032,5805.487813502079
1783447174,4000,,Aggregated,207.400000,0.000000,12000,15000,17000,19000,31000,51000,65000,71000,89000,106000,110000,82172,0,12000.0,16195.694360456906,8.359670002391795,109869.0121810032,5807.682020639634
1783447175,4000,,Aggregated,196.800000,0.000000,13000,15000,17000,19000,31000,51000,65000,71000,89000,106000,110000,82398,0,13000.0,16198.141977163787,8.359670002391795,109869.0121810032,5806.58514769776
1783447176,4000,,Aggregated,200.000000,0.000000,13000,15000,17000,19000,31000,51000,65000,71000,89000,106000,110000,82641,0,13000.0,16198.47056220994,8.359670002391795,109869.0121810032,5803.236734792657
1783447177,4000,,Aggregated,208.800000,0.000000,13000,15000,17000,18000,31000,51000,65000,71000,89000,106000,110000,82861,0,13000.0,16198.757897624553,8.359670002391795,109869.0121810032,5800.796212934915
1783447178,4000,,Aggregated,216.700000,0.000000,13000,15000,17000,19000,31000,51000,65000,71000,89000,106000,110000,83187,0,13000.0,16214.504368464286,8.359670002391795,109869.0121810032,5816.410532895765
1783447179,4000,,Aggregated,240.200000,0.000000,13000,15000,17000,19000,31000,51000,65000,71000,89000,106000,110000,83351,0,13000.0,16209.332995344728,8.359670002391795,109869.0121810032,5809.52492471596
1783447180,4000,,Aggregated,255.300000,0.000000,13000,15000,17000,19000,31000,51000,65000,71000,89000,106000,110000,83537,0,13000.0,16210.347952727689,8.359670002391795,109869.0121810032,5810.719884602033
1783447181,4000,,Aggregated,214.000000,0.000000,13000,15000,17000,19000,31000,51000,65000,71000,89000,106000,110000,83772,0,13000.0,16208.754786961115,8.359670002391795,109869.0121810032,5810.02180919639
1783447182,4000,,Aggregated,207.000000,0.000000,13000,15000,17000,19000,31000,51000,65000,71000,89000,106000,110000,83959,0,13000.0,16204.382354351028,8.359670002391795,109869.0121810032,5805.949189485344
1783447183,4000,,Aggregated,206.200000,0.000000,13000,15000,17000,19000,31000,51000,65000,70000,89000,106000,110000,84149,0,13000.0,16202.025942951792,8.359670002391795,109869.0121810032,5803.601159847413
1783447184,4000,,Aggregated,216.100000,0.000000,13000,15000,17000,19000,31000,50000,65000,70000,89000,106000,110000,84381,0,13000.0,16201.715961975437,8.359670002391795,109869.0121810032,5801.1089107737525
1783447185,4000,,Aggregated,220.600000,0.000000,13000,15000,17000,19000,31000,50000,65000,70000,89000,106000,110000,84522,0,13000.0,16201.486021400751,8.359670002391795,109869.0121810032,5799.467582404581
1783447186,4000,,Aggregated,214.500000,0.000000,13000,15000,17000,19000,31000,50000,64000,70000,89000,106000,110000,84733,0,13000.0,16205.188860224598,8.359670002391795,109869.0121810032,5800.636741293239
1783447187,4000,,Aggregated,218.600000,0.000000,13000,15000,17000,19000,31000,50000,64000,70000,89000,106000,110000,84954,0,13000.0,16208.355030233497,8.359670002391795,109869.0121810032,5801.629717258752
1783447188,4000,,Aggregated,211.100000,0.000000,13000,15000,17000,19000,31000,50000,64000,70000,89000,106000,110000,85119,0,13000.0,16209.818143017223,8.359670002391795,109869.0121810032,5800.905955192143
1783447189,4000,,Aggregated,209.400000,0.000000,13000,15000,17000,19000,31000,50000,64000,70000,89000,106000,110000,85331,0,13000.0,16213.373399400232,8.359670002391795,109869.0121810032,5802.494896344822
1783447192,4000,,Aggregated,206.300000,0.000000,13000,15000,17000,19000,31000,50000,64000,70000,89000,106000,110000,85507,0,13000.0,16216.023844313424,8.359670002391795,109869.0121810032,5802.318032441788
1783447193,4000,,Aggregated,195.000000,0.000000,13000,15000,17000,19000,31000,49000,64000,70000,89000,106000,110000,86031,0,13000.0,16222.601573902242,8.359670002391795,109869.0121810032,5798.36542641606
1783447194,4000,,Aggregated,171.400000,0.000000,13000,15000,17000,19000,31000,49000,64000,70000,89000,106000,110000,86199,0,13000.0,16223.843662814848,8.359670002391795,109869.0121810032,5798.510875996241
1783447195,4000,,Aggregated,198.000000,0.000000,13000,15000,17000,19000,31000,49000,64000,70000,89000,106000,110000,86419,0,13000.0,16226.759802130295,8.359670002391795,109869.0121810032,5799.007428921881
1783447196,4000,,Aggregated,198.700000,0.000000,13000,15000,17000,19000,31000,49000,64000,70000,89000,106000,110000,86671,0,13000.0,16229.341279683742,8.359670002391795,109869.0121810032,5797.926919038663
1783447197,4000,,Aggregated,196.200000,0.000000,13000,15000,17000,19000,31000,49000,64000,70000,89000,106000,110000,86871,0,13000.0,16233.165825143766,8.359670002391795,109869.0121810032,5799.6056681746495
1783447198,4000,,Aggregated,205.100000,0.000000,13000,15000,17000,19000,31000,49000,64000,70000,89000,106000,110000,87126,0,13000.0,16236.251106921658,8.359670002391795,109869.0121810032,5799.233684548814
1783447199,4000,,Aggregated,208.800000,0.000000,13000,15000,17000,19000,30000,49000,64000,70000,89000,106000,110000,87442,0,13000.0,16237.764610928072,8.359670002391795,109869.0121810032,5797.3476361473895
1783447200,4000,,Aggregated,203.200000,0.000000,13000,15000,17000,19000,30000,49000,64000,70000,89000,106000,110000,87727,0,13000.0,16240.135427538362,8.359670002391795,109869.0121810032,5798.7081628233045
1783447201,4000,,Aggregated,216.400000,0.000000,13000,15000,17000,19000,30000,49000,64000,70000,89000,106000,110000,88024,0,13000.0,16239.407649505474,8.359670002391795,109869.0121810032,5798.9324502408435
1783447202,4000,,Aggregated,224.100000,0.000000,13000,15000,17000,19000,30000,49000,64000,70000,89000,106000,110000,88165,0,13000.0,16238.66435699731,8.359670002391795,109869.0121810032,5797.988782396643
1783447203,4000,,Aggregated,237.100000,0.000000,13000,15000,17000,19000,30000,49000,64000,70000,89000,106000,110000,88455,0,13000.0,16241.746753712516,8.359670002391795,109869.0121810032,5804.05137075349
1783447204,4000,,Aggregated,257.600000,0.000000,13000,15000,17000,19000,30000,49000,64000,70000,89000,106000,110000,88677,0,13000.0,16238.64475937096,8.359670002391795,109869.0121810032,5803.456409215467
1783447205,4000,,Aggregated,239.400000,0.000000,13000,15000,17000,19000,30000,49000,64000,70000,89000,106000,110000,88933,0,13000.0,16233.534550508355,8.359670002391795,109869.0121810032,5801.97142792889
1783447206,4000,,Aggregated,240.500000,0.000000,13000,15000,17000,19000,30000,49000,64000,70000,89000,106000,110000,89231,0,13000.0,16226.452061266136,8.359670002391795,109869.0121810032,5799.128105703175
1783447207,4000,,Aggregated,245.100000,0.000000,13000,15000,17000,19000,30000,48000,64000,70000,89000,106000,110000,89527,0,13000.0,16220.134886508831,8.359670002391795,109869.0121810032,5799.5600768483255
1783447208,4000,,Aggregated,249.600000,0.000000,13000,15000,17000,19000,30000,48000,64000,70000,89000,106000,110000,89850,0,13000.0,16212.570177864009,8.359670002391795,109869.0121810032,5798.753923205342
1783447209,4000,,Aggregated,260.100000,0.000000,13000,15000,17000,19000,30000,48000,64000,70000,87000,105000,110000,90236,0,13000.0,16204.336713153902,8.359670002391795,109869.0121810032,5802.613568863868
1783447210,4000,,Aggregated,270.700000,0.000000,13000,15000,17000,19000,30000,48000,64000,70000,87000,105000,110000,90545,0,13000.0,16191.517398785702,8.359670002391795,109869.0121810032,5800.491424153735
1783447211,4000,,Aggregated,277.800000,0.000000,13000,15000,17000,19000,30000,48000,64000,70000,87000,105000,110000,90812,0,13000.0,16178.60643814952,8.359670002391795,109869.0121810032,5797.105404572083
1783447213,4000,,Aggregated,283.200000,0.000000,13000,15000,17000,19000,30000,48000,64000,70000,87000,105000,110000,90992,0,13000.0,16172.033316476438,8.359670002391795,109869.0121810032,5797.179268507121
1783447214,4000,,Aggregated,289.700000,0.000000,13000,15000,17000,19000,30000,48000,64000,70000,87000,105000,110000,91970,0,13000.0,16139.477251000699,8.359670002391795,109869.0121810032,5803.528705012504
1783447215,4000,,Aggregated,262.100000,0.000000,13000,15000,17000,19000,30000,48000,64000,70000,87000,105000,110000,92318,0,13000.0,16118.926867415874,8.359670002391795,109869.0121810032,5802.183604497498
1783447216,4000,,Aggregated,265.900000,0.000000,13000,15000,17000,19000,30000,48000,64000,70000,87000,105000,110000,92561,0,13000.0,16104.372647357268,8.359670002391795,109869.0121810032,5801.46759434319
1783447217,4000,,Aggregated,322.500000,0.000000,13000,15000,17000,19000,30000,48000,64000,70000,87000,105000,110000,92952,0,13000.0,16080.645531903034,8.359670002391795,109869.0121810032,5801.964766761339
1783447218,4000,,Aggregated,334.600000,0.000000,13000,15000,17000,19000,30000,47000,64000,70000,86000,105000,110000,93241,0,13000.0,16063.428829293574,8.359670002391795,109869.0121810032,5802.730011475638
1783447219,4000,,Aggregated,325.800000,0.000000,13000,15000,17000,19000,30000,47000,63000,70000,86000,105000,110000,93754,0,13000.0,16042.077145688989,8.359670002391795,109869.0121810032,5825.989749770676
1783447220,4000,,Aggregated,333.300000,0.000000,13000,15000,17000,19000,30000,47000,63000,70000,85000,105000,110000,94016,0,13000.0,16018.843413061508,8.359670002391795,109869.0121810032,5816.200231875426
1783447221,4000,,Aggregated,327.200000,0.000000,13000,15000,17000,18000,30000,47000,63000,70000,85000,105000,110000,94229,0,13000.0,16001.331260848769,8.359670002391795,109869.0121810032,5810.552759766102
1783447222,4000,,Aggregated,346.100000,0.000000,13000,15000,17000,18000,30000,47000,63000,70000,85000,105000,110000,94447,0,13000.0,15988.73076555912,8.359670002391795,109869.0121810032,5814.295456711171
1783447223,4000,,Aggregated,334.600000,0.000000,13000,15000,17000,18000,30000,47000,63000,70000,85000,105000,110000,94791,0,13000.0,15964.067247614425,8.359670002391795,109869.0121810032,5809.0384846662655
1783447224,4000,,Aggregated,331.300000,0.000000,13000,15000,17000,18000,30000,47000,63000,70000,85000,105000,110000,95049,0,13000.0,15945.444986687347,8.359670002391795,109869.0121810032,5803.732411703437
1783447225,4000,,Aggregated,353.000000,0.000000,13000,15000,17000,18000,30000,47000,63000,70000,85000,105000,110000,95360,0,13000.0,15925.640103550693,8.359670002391795,109869.0121810032,5800.9178691275165
1783447226,4000,,Aggregated,359.900000,0.000000,13000,15000,17000,18000,30000,47000,63000,70000,85000,105000,110000,95661,0,13000.0,15907.777435368851,8.359670002391795,109869.0121810032,5797.885773721789
1783447227,4000,,Aggregated,305.700000,0.000000,13000,15000,17000,18000,30000,47000,63000,70000,85000,105000,110000,95897,0,13000.0,15895.866874568557,8.359670002391795,109869.0121810032,5798.071993910133
1783447228,4000,,Aggregated,296.700000,0.000000,13000,15000,17000,18000,30000,46000,63000,70000,85000,105000,110000,96179,0,13000.0,15882.821017973625,8.359670002391795,109869.0121810032,5798.838322294888
1783447229,4000,,Aggregated,299.400000,0.000000,13000,15000,17000,18000,30000,46000,63000,70000,85000,105000,110000,96516,0,13000.0,15864.466472471096,8.359670002391795,109869.0121810032,5795.275001036098
1783447232,4000,,Aggregated,290.400000,0.000000,13000,15000,17000,18000,29000,46000,63000,70000,85000,105000,110000,96550,0,13000.0,15862.622441455413,8.359670002391795,109869.0121810032,5794.7845054375975
1783447233,4000,,Aggregated,249.400000,0.000000,13000,15000,17000,18000,29000,46000,63000,70000,85000,105000,110000,97219,0,13000.0,15838.197418572752,8.359670002391795,109869.0121810032,5789.769993519785
1783447234,4000,,Aggregated,225.700000,0.000000,13000,15000,17000,18000,29000,46000,63000,70000,85000,105000,110000,97448,0,13000.0,15831.422695391791,8.359670002391795,109869.0121810032,5792.382070437567
1783447235,4000,,Aggregated,264.700000,0.000000,13000,15000,17000,18000,29000,46000,63000,70000,85000,105000,110000,97802,0,13000.0,15819.645415651445,8.359670002391795,109869.0121810032,5794.245680047443
1783447236,4000,,Aggregated,260.200000,0.000000,13000,15000,17000,18000,29000,46000,63000,70000,85000,105000,110000,98134,0,13000.0,15807.753911662083,8.359670002391795,109869.0121810032,5794.264699288728
1783447237,4000,,Aggregated,268.600000,0.000000,13000,15000,17000,18000,29000,46000,63000,70000,85000,105000,110000,98476,0,13000.0,15794.640220065176,8.359670002391795,109869.0121810032,5794.39935618831
1783447238,4000,,Aggregated,268.800000,0.000000,13000,15000,17000,18000,29000,46000,63000,70000,85000,105000,110000,98756,0,13000.0,15783.596043347516,8.359670002391795,109869.0121810032,5793.657570172952
1783447239,4000,,Aggregated,273.600000,0.000000,12000,15000,17000,18000,29000,46000,63000,70000,84000,105000,110000,99035,0,12000.0,15773.93045554794,8.359670002391795,109869.0121810032,5795.915423840057
1783447240,4000,,Aggregated,279.500000,0.000000,12000,15000,17000,18000,29000,46000,63000,70000,84000,105000,110000,99406,0,12000.0,15762.711160877701,8.359670002391795,109869.0121810032,5805.798151017041
1783447241,4000,,Aggregated,278.700000,0.000000,12000,15000,17000,18000,29000,46000,63000,70000,84000,105000,110000,99639,0,12000.0,15746.720838814823,8.359670002391795,109869.0121810032,5797.405012093658
1783447242,4000,,Aggregated,282.100000,0.000000,12000,15000,17000,18000,29000,46000,63000,70000,84000,105000,110000,99980,0,12000.0,15732.663872831557,8.359670002391795,109869.0121810032,5800.0890778155635
1783447243,4000,,Aggregated,305.000000,0.000000,12000,15000,17000,18000,29000,45000,63000,70000,84000,105000,110000,100327,0,12000.0,15716.363521784746,8.359670002391795,109869.0121810032,5800.775922732664
1783447244,4000,,Aggregated,338.700000,0.000000,12000,15000,17000,18000,29000,45000,63000,70000,84000,105000,110000,100711,0,12000.0,15697.300416585287,8.359670002391795,109869.0121810032,5800.088034077708
1783447245,4000,,Aggregated,310.600000,0.000000,12000,15000,17000,18000,29000,45000,63000,70000,82000,105000,110000,101088,0,12000.0,15679.939360617496,8.359670002391795,109869.0121810032,5803.025601456157
1783447246,4000,,Aggregated,322.300000,0.000000,12000,15000,17000,18000,29000,45000,63000,70000,82000,105000,110000,101347,0,12000.0,15666.327033083347,8.359670002391795,109869.0121810032,5801.335816551057
1783447247,4000,,Aggregated,325.500000,0.000000,12000,15000,17000,18000,29000,45000,63000,70000,82000,105000,110000,101548,0,12000.0,15656.00922333237,8.359670002391795,109869.0121810032,5800.3345413006655
1783447248,4000,,Aggregated,318.500000,0.000000,12000,15000,17000,18000,29000,45000,63000,70000,82000,105000,110000,101862,0,12000.0,15640.40868843872,8.359670002391795,109869.0121810032,5797.1783393218275
1783447251,4000,,Aggregated,307.300000,0.000000,12000,15000,17000,18000,29000,45000,63000,70000,81000,105000,110000,102095,0,12000.0,15629.858130552346,8.359670002391795,109869.0121810032,5797.928478377981
1783447252,4000,,Aggregated,271.700000,0.000000,12000,15000,17000,18000,29000,45000,63000,69000,81000,105000,110000,103289,0,12000.0,15585.93745420657,8.359670002391795,109869.0121810032,5802.6755317604
1783447253,4000,,Aggregated,248.500000,0.000000,12000,15000,17000,18000,29000,45000,62000,69000,81000,105000,110000,103720,0,12000.0,15560.968033723857,8.359670002391795,109869.0121810032,5799.444919012726
1783447254,4000,,Aggregated,301.200000,0.000000,12000,15000,17000,18000,29000,45000,62000,69000,81000,105000,110000,103961,0,12000.0,15547.64591437602,8.359670002391795,109869.0121810032,5798.072267484922
1783447255,4000,,Aggregated,335.800000,0.000000,12000,15000,17000,18000,29000,45000,62000,69000,81000,105000,110000,104174,0,12000.0,15535.556442404728,8.359670002391795,109869.0121810032,5794.9580221552405
1783447256,4000,,Aggregated,323.800000,0.000000,12000,15000,17000,18000,29000,45000,62000,69000,81000,105000,110000,104265,0,12000.0,15531.436465880364,8.359670002391795,109869.0121810032,5793.854035390591
1783447257,4000,,Aggregated,308.300000,0.000000,12000,15000,17000,18000,29000,45000,62000,69000,81000,105000,110000,104509,0,12000.0,15523.690848255601,8.359670002391795,109869.0121810032,5797.009855610521
1783447258,4000,,Aggregated,295.900000,0.000000,12000,15000,17000,18000,28000,44000,62000,69000,81000,105000,110000,104994,0,12000.0,15518.871891823494,8.359670002391795,109869.0121810032,5834.644617787683
1783447259,4000,,Aggregated,285.700000,0.000000,12000,15000,17000,18000,28000,44000,62000,69000,81000,105000,110000,105194,0,12000.0,15506.868539137262,8.359670002391795,109869.0121810032,5828.031142460597
1783447260,4000,,Aggregated,283.600000,0.000000,12000,15000,17000,18000,28000,44000,62000,69000,81000,105000,110000,105335,0,12000.0,15497.905201216172,8.359670002391795,109869.0121810032,5823.220629420421
1783447261,4000,,Aggregated,304.000000,0.000000,12000,15000,17000,18000,28000,44000,62000,69000,81000,105000,110000,105543,0,12000.0,15489.004079274475,8.359670002391795,109869.0121810032,5822.754810835394
1783447262,4000,,Aggregated,320.500000,0.000000,12000,15000,17000,18000,28000,44000,62000,69000,81000,105000,110000,105687,0,12000.0,15482.052990461856,8.359670002391795,109869.0121810032,5820.074219156566
1783447263,4000,,Aggregated,337.500000,0.000000,12000,15000,17000,18000,28000,44000,62000,69000,81000,105000,110000,105851,0,12000.0,15475.513773305105,8.359670002391795,109869.0121810032,5818.015219506665
1783447264,4000,,Aggregated,269.200000,0.000000,12000,15000,17000,18000,28000,44000,62000,69000,81000,105000,110000,106023,0,12000.0,15468.866884740692,8.359670002391795,109869.0121810032,5814.73852843251
1783447265,4000,,Aggregated,213.200000,0.000000,12000,15000,17000,18000,28000,44000,62000,69000,81000,105000,110000,106215,0,12000.0,15462.462587338816,8.359670002391795,109869.0121810032,5810.367594030975
1783447266,4000,,Aggregated,205.900000,0.000000,12000,15000,17000,18000,28000,44000,62000,69000,81000,105000,110000,106479,0,12000.0,15454.767108740962,8.359670002391795,109869.0121810032,5803.45987471708
1783447267,4000,,Aggregated,205.900000,0.000000,12000,15000,16000,18000,28000,44000,62000,69000,81000,105000,110000,106686,0,12000.0,15450.122990619333,8.359670002391795,109869.0121810032,5799.581772678702
1783447268,4000,,Aggregated,214.300000,0.000000,12000,15000,16000,18000,28000,44000,62000,69000,81000,105000,110000,106818,0,12000.0,15447.287539407269,8.359670002391795,109869.0121810032,5794.936302870303
1783447269,4000,,Aggregated,229.900000,0.000000,12000,15000,16000,18000,28000,44000,62000,69000,81000,105000,110000,107050,0,12000.0,15445.565729204704,8.359670002391795,109869.0121810032,5792.306809901915
1783447270,4000,,Aggregated,215.500000,0.000000,12000,15000,16000,18000,28000,44000,62000,69000,81000,105000,110000,107229,0,12000.0,15447.203757594549,8.359670002391795,109869.0121810032,5793.872394594746
1783447271,4000,,Aggregated,186.500000,0.000000,12000,15000,16000,18000,28000,44000,62000,69000,81000,105000,110000,107385,0,12000.0,15448.433063705677,8.359670002391795,109869.0121810032,5794.277347860502
1783447272,4000,,Aggregated,183.800000,0.000000,12000,15000,16000,18000,28000,44000,62000,68000,81000,105000,110000,107647,0,12000.0,15451.966844132436,8.359670002391795,109869.0121810032,5799.980937694501
1783447275,4000,,Aggregated,183.800000,0.000000,12000,15000,16000,18000,28000,44000,62000,68000,81000,105000,110000,107688,0,12000.0,15451.469459975238,8.359670002391795,109869.0121810032,5798.447812198202
1783447276,4000,,Aggregated,174.500000,0.000000,12000,15000,17000,18000,28000,44000,62000,68000,81000,105000,110000,108385,0,12000.0,15462.75365000661,8.359670002391795,109869.0121810032,5792.100632006274
1783447277,4000,,Aggregated,158.800000,0.000000,12000,15000,17000,18000,28000,44000,62000,68000,81000,105000,110000,108476,0,12000.0,15464.208614788653,8.359670002391795,109869.0121810032,5791.3928334378115
1783447278,4000,,Aggregated,150.200000,0.000000,12000,15000,17000,18000,28000,44000,62000,68000,81000,105000,110000,108656,0,12000.0,15468.36263958935,8.359670002391795,109869.0121810032,5792.044489029598
1783447279,4000,,Aggregated,172.200000,0.000000,12000,15000,17000,18000,28000,44000,62000,68000,81000,105000,110000,108831,0,12000.0,15474.107679000252,8.359670002391795,109869.0121810032,5794.044040760445
1783447280,4000,,Aggregated,176.700000,0.000000,12000,15000,17000,18000,28000,44000,62000,68000,80000,105000,110000,109048,0,12000.0,15483.481260797931,8.359670002391795,109869.0121810032,5799.392799501137
1783447281,4000,,Aggregated,167.200000,0.000000,12000,15000,17000,18000,28000,44000,62000,68000,80000,105000,110000,109299,0,12000.0,15491.762360388064,8.359670002391795,109869.0121810032,5802.1748780867165
1783447282,4000,,Aggregated,174.500000,0.000000,12000,15000,17000,18000,28000,43000,62000,68000,80000,105000,110000,109516,0,12000.0,15495.680499518123,8.359670002391795,109869.0121810032,5799.507980569049
1783447283,4000,,Aggregated,181.800000,0.000000,12000,15000,17000,18000,28000,43000,61000,68000,80000,105000,110000,109874,0,12000.0,15506.544901666017,8.359670002391795,109869.0121810032,5803.230582303366
1783447284,4000,,Aggregated,178.200000,0.000000,12000,15000,17000,18000,28000,42000,61000,68000,80000,105000,110000,110209,0,12000.0,15513.456669699613,8.359670002391795,109869.0121810032,5804.737335426326
1783447285,4000,,Aggregated,188.600000,0.000000,12000,15000,17000,18000,28000,42000,61000,68000,80000,105000,110000,110624,0,12000.0,15533.017071114777,8.359670002391795,109869.0121810032,5826.067535073764
1783447286,4000,,Aggregated,231.100000,0.000000,12000,15000,17000,18000,28000,42000,61000,68000,80000,105000,110000,110827,0,12000.0,15527.498374839008,8.359670002391795,109869.0121810032,5819.474730886877
1783447287,4000,,Aggregated,259.000000,0.000000,12000,15000,17000,18000,28000,42000,61000,68000,80000,105000,110000,111094,0,12000.0,15521.412251400296,8.359670002391795,109869.0121810032,5814.653077573947
1783447288,4000,,Aggregated,278.700000,0.000000,12000,15000,17000,18000,28000,42000,61000,68000,80000,105000,110000,111383,0,12000.0,15514.713639540374,8.359670002391795,109869.0121810032,5810.564044782417
1783447289,4000,,Aggregated,247.700000,0.000000,12000,15000,17000,18000,28000,42000,61000,68000,80000,105000,110000,111682,0,12000.0,15507.21996290124,8.359670002391795,109869.0121810032,5806.819174083559
1783447290,4000,,Aggregated,261.700000,0.000000,12000,15000,17000,18000,28000,42000,61000,68000,80000,105000,110000,112000,0,12000.0,15505.003596603996,8.359670002391795,109869.0121810032,5809.7285625
1783447291,4000,,Aggregated,280.400000,0.000000,12000,15000,17000,18000,28000,42000,61000,68000,80000,105000,110000,112369,0,12000.0,15497.73730843348,8.359670002391795,109869.0121810032,5810.961688721978
1783447293,4000,,Aggregated,296.600000,0.000000,12000,15000,17000,18000,28000,42000,61000,68000,80000,105000,110000,112775,0,12000.0,15486.106172618709,8.359670002391795,109869.0121810032,5811.50977610286
1783447294,4000,,Aggregated,303.000000,0.000000,12000,15000,17000,18000,28000,42000,61000,68000,80000,105000,110000,113055,0,12000.0,15475.63800858367,8.359670002391795,109869.0121810032,5809.340427225687
1783447295,4000,,Aggregated,319.500000,0.000000,12000,15000,17000,18000,28000,42000,61000,68000,80000,105000,110000,113393,0,12000.0,15463.042281822434,8.359670002391795,109869.0121810032,5808.9067226372
1783447296,4000,,Aggregated,304.900000,0.000000,12000,15000,17000,18000,28000,41000,61000,68000,80000,105000,110000,113674,0,12000.0,15452.536009483207,8.359670002391795,109869.0121810032,5808.812322958636
1783447298,4000,,Aggregated,301.200000,0.000000,12000,15000,17000,18000,28000,41000,61000,68000,80000,105000,110000,113752,0,12000.0,15449.428889556393,8.359670002391795,109869.0121810032,5808.955719459877
1783447299,4000,,Aggregated,286.600000,0.000000,12000,15000,17000,18000,28000,41000,61000,68000,80000,105000,110000,114709,0,12000.0,15425.454187900303,8.359670002391795,109869.0121810032,5819.060004010147
1783447300,4000,,Aggregated,260.900000,0.000000,12000,15000,17000,18000,28000,41000,61000,68000,80000,105000,110000,115025,0,12000.0,15412.071393158218,8.359670002391795,109869.0121810032,5819.449902195175
1783447301,4000,,Aggregated,315.600000,0.000000,12000,15000,17000,18000,28000,41000,61000,68000,80000,105000,110000,115345,0,12000.0,15397.201498221957,8.359670002391795,109869.0121810032,5817.42653777797
1783447302,4000,,Aggregated,322.900000,0.000000,12000,15000,17000,18000,28000,41000,60000,68000,80000,105000,110000,115687,0,12000.0,15382.576255039745,8.359670002391795,109869.0121810032,5817.441743670421
1783447303,4000,,Aggregated,318.500000,0.000000,12000,15000,17000,18000,28000,41000,60000,68000,80000,105000,110000,116023,0,12000.0,15367.890241682506,8.359670002391795,109869.0121810032,5816.880196168001
1783447304,4000,,Aggregated,323.300000,0.000000,12000,15000,17000,18000,28000,41000,60000,68000,80000,105000,110000,116542,0,12000.0,15352.333532789848,8.359670002391795,109869.0121810032,5835.061205402344
1783447305,4000,,Aggregated,316.300000,0.000000,12000,15000,16000,18000,28000,41000,60000,68000,80000,105000,110000,116814,0,12000.0,15333.487095263497,8.359670002391795,109869.0121810032,5826.057510229938
1783447306,4000,,Aggregated,325.700000,0.000000,12000,15000,16000,18000,28000,41000,60000,68000,79000,105000,110000,117109,0,12000.0,15318.775465290386,8.359670002391795,109869.0121810032,5826.216217370143
1783447307,4000,,Aggregated,337.800000,0.000000,12000,15000,16000,18000,28000,41000,60000,68000,79000,105000,110000,117292,0,12000.0,15308.845801378711,8.359670002391795,109869.0121810032,5824.611056167513
1783447308,4000,,Aggregated,334.700000,0.000000,12000,15000,16000,18000,27000,41000,60000,68000,79000,105000,110000,117633,0,12000.0,15291.442488678593,8.359670002391795,109869.0121810032,5823.028333885899
1783447309,4000,,Aggregated,350.900000,0.000000,12000,15000,16000,18000,27000,40000,60000,68000,79000,105000,110000,117965,0,12000.0,15273.956159783782,8.359670002391795,109869.0121810032,5819.358936972831
1783447310,4000,,Aggregated,382.000000,0.000000,12000,15000,16000,18000,27000,40000,60000,68000,79000,105000,110000,118207,0,12000.0,15262.029153135807,8.359670002391795,109869.0121810032,5817.297351256694
1783447311,4000,,Aggregated,327.000000,0.000000,12000,15000,16000,18000,27000,40000,60000,68000,79000,105000,110000,118487,0,12000.0,15251.462890760871,8.359670002391795,109869.0121810032,5819.374758412316
1783447312,4000,,Aggregated,319.300000,0.000000,12000,15000,16000,18000,27000,40000,60000,68000,79000,105000,110000,118777,0,12000.0,15241.04718245624,8.359670002391795,109869.0121810032,5820.61257650892
1783447313,4000,,Aggregated,313.600000,0.000000,12000,15000,16000,18000,27000,40000,60000,68000,79000,105000,110000,119161,0,12000.0,15225.187271754048,8.359670002391795,109869.0121810032,5820.260857159641
1783447314,4000,,Aggregated,309.400000,0.000000,12000,15000,16000,18000,27000,40000,60000,68000,79000,105000,110000,119404,0,12000.0,15213.699252805773,8.359670002391795,109869.0121810032,5816.323724498342
1783447315,4000,,Aggregated,312.400000,0.000000,12000,15000,16000,18000,27000,40000,60000,67000,79000,105000,110000,119739,0,12000.0,15200.025558760439,8.359670002391795,109869.0121810032,5813.7076641695685
1783447317,4000,,Aggregated,287.800000,0.000000,12000,15000,16000,18000,27000,40000,60000,67000,79000,105000,110000,119751,0,12000.0,15199.814072783352,8.359670002391795,109869.0121810032,5814.063974413575
1783447318,4000,,Aggregated,272.800000,0.000000,12000,15000,16000,18000,27000,39000,60000,67000,79000,105000,110000,120744,0,12000.0,15176.57909194269,8.359670002391795,109869.0121810032,5817.989780030478
1783447319,4000,,Aggregated,248.400000,0.000000,12000,15000,16000,18000,27000,39000,60000,67000,79000,105000,110000,121052,0,12000.0,15166.570415364651,8.359670002391795,109869.0121810032,5817.874318474705
1783447320,4000,,Aggregated,218.000000,0.000000,12000,15000,16000,18000,27000,39000,60000,67000,79000,105000,110000,121450,0,12000.0,15153.163457210856,8.359670002391795,109869.0121810032,5817.818600247016
1783447321,4000,,Aggregated,288.200000,0.000000,12000,15000,16000,18000,27000,39000,60000,67000,79000,105000,110000,121780,0,12000.0,15143.612573425153,8.359670002391795,109869.0121810032,5822.736656265397
1783447322,4000,,Aggregated,294.900000,0.000000,12000,15000,16000,18000,27000,39000,60000,67000,79000,105000,110000,121967,0,12000.0,15137.139584296194,8.359670002391795,109869.0121810032,5822.279706805939
1783447323,4000,,Aggregated,307.200000,0.000000,12000,15000,16000,18000,27000,39000,60000,67000,79000,105000,110000,122208,0,12000.0,15129.345459840357,8.359670002391795,109869.0121810032,5821.945519114952
1783447324,4000,,Aggregated,309.400000,0.000000,12000,15000,16000,17000,27000,39000,60000,67000,79000,105000,110000,122696,0,12000.0,15121.815012492467,8.359670002391795,109869.0121810032,5841.058176305666
1783447325,4000,,Aggregated,295.400000,0.000000,12000,15000,16000,17000,27000,39000,60000,67000,79000,105000,110000,122932,0,12000.0,15108.348396017493,8.359670002391795,109869.0121810032,5834.05668987733
1783447326,4000,,Aggregated,289.300000,0.000000,12000,15000,16000,17000,27000,39000,60000,67000,79000,105000,110000,123248,0,12000.0,15095.885272221336,8.359670002391795,109869.0121810032,5832.945986953135
1783447327,4000,,Aggregated,308.200000,0.000000,12000,15000,16000,17000,27000,39000,60000,67000,79000,105000,110000,123522,0,12000.0,15082.964780794457,8.359670002391795,109869.0121810032,5830.231578180405
1783447328,4000,,Aggregated,320.500000,0.000000,12000,15000,16000,17000,27000,38000,60000,67000,79000,105000,110000,123918,0,12000.0,15063.861684697093,8.359670002391795,109869.0121810032,5824.38620700786
1783447329,4000,,Aggregated,352.300000,0.000000,12000,15000,16000,17000,27000,38000,60000,67000,79000,105000,110000,124236,0,12000.0,15049.485533907817,8.359670002391795,109869.0121810032,5820.844875881387
1783447330,4000,,Aggregated,379.200000,0.000000,12000,15000,16000,17000,27000,38000,60000,67000,79000,105000,110000,124499,0,12000.0,15037.336564761765,8.359670002391795,109869.0121810032,5815.737507931791
1783447331,4000,,Aggregated,317.600000,0.000000,12000,15000,16000,17000,27000,38000,60000,67000,79000,105000,110000,124810,0,12000.0,15025.44516133212,8.359670002391795,109869.0121810032,5813.21641695377
1783447332,4000,,Aggregated,313.000000,0.000000,12000,15000,16000,17000,27000,38000,60000,67000,79000,105000,110000,125130,0,12000.0,15015.518332560421,8.359670002391795,109869.0121810032,5815.956485255335
1783447333,4000,,Aggregated,303.200000,0.000000,12000,15000,16000,17000,27000,38000,60000,67000,79000,105000,110000,125408,0,12000.0,15005.712911906934,8.359670002391795,109869.0121810032,5816.732728374585
1783447334,4000,,Aggregated,304.300000,0.000000,12000,15000,16000,17000,27000,38000,60000,67000,79000,105000,110000,125744,0,12000.0,14993.697024546489,8.359670002391795,109869.0121810032,5816.021018895533
1783447337,4000,,Aggregated,312.400000,0.000000,12000,15000,16000,17000,27000,38000,60000,67000,79000,105000,110000,126029,0,12000.0,14983.252298583719,8.359670002391795,109869.0121810032,5816.511302954082
1783447338,4000,,Aggregated,308.000000,0.000000,12000,15000,16000,17000,27000,38000,59000,67000,79000,105000,110000,127162,0,12000.0,14951.228350664147,8.359670002391795,109869.0121810032,5820.687972822069
1783447339,4000,,Aggregated,276.200000,0.000000,12000,15000,16000,17000,27000,38000,59000,67000,79000,105000,110000,127805,0,12000.0,14922.950747843348,8.359670002391795,109869.0121810032,5820.591745236884
1783447340,4000,,Aggregated,256.200000,0.000000,12000,15000,16000,17000,27000,38000,59000,67000,79000,105000,110000,128232,0,12000.0,14903.16687538486,8.359670002391795,109869.0121810032,5821.438767234387
1783447341,4000,,Aggregated,349.000000,0.000000,12000,15000,16000,17000,27000,38000,59000,67000,79000,105000,110000,128927,0,12000.0,14874.868364247528,8.359670002391795,109869.0121810032,5846.447214315078
1783447342,4000,,Aggregated,364.800000,0.000000,12000,15000,16000,17000,27000,38000,59000,67000,79000,105000,110000,129228,0,12000.0,14852.360111241345,8.359670002391795,109869.0121810032,5838.673963846844
1783447343,4000,,Aggregated,379.800000,0.000000,11000,15000,16000,17000,27000,37000,59000,67000,79000,105000,110000,129620,0,11000.0,14827.73941786303,8.359670002391795,109869.0121810032,5839.167512729517
1783447344,4000,,Aggregated,415.500000,0.000000,11000,15000,16000,17000,27000,37000,59000,67000,79000,103000,110000,130076,0,11000.0,14795.765069833567,8.359670002391795,109869.0121810032,5834.998477812971
1783447345,4000,,Aggregated,416.100000,0.000000,11000,15000,16000,17000,27000,37000,59000,67000,79000,103000,110000,130513,0,11000.0,14765.51738930655,8.359670002391795,109869.0121810032,5830.053259062315
1783447346,4000,,Aggregated,428.500000,0.000000,11000,15000,16000,17000,27000,37000,59000,67000,79000,103000,110000,130981,0,11000.0,14734.719825414002,8.359670002391795,109869.0121810032,5826.763599300662
1783447347,4000,,Aggregated,439.700000,0.000000,11000,15000,16000,17000,27000,37000,59000,67000,79000,103000,110000,131323,0,11000.0,14713.407511571519,8.359670002391795,109869.0121810032,5826.551677923898
1783447348,4000,,Aggregated,456.900000,0.000000,11000,15000,16000,17000,27000,37000,59000,67000,79000,103000,110000,131649,0,11000.0,14693.062261198798,8.359670002391795,109869.0121810032,5822.823697863258
1783447349,4000,,Aggregated,500.800000,0.000000,11000,15000,16000,17000,27000,37000,59000,67000,79000,103000,110000,132071,0,11000.0,14668.807841206242,8.359670002391795,109869.0121810032,5821.3795761370775
1783447350,4000,,Aggregated,526.500000,0.000000,11000,15000,16000,17000,27000,37000,59000,67000,79000,103000,110000,132554,0,11000.0,14641.929223873405,8.359670002391795,109869.0121810032,5823.090649848364
1783447352,4000,,Aggregated,526.500000,0.000000,11000,15000,16000,17000,27000,37000,59000,67000,79000,103000,110000,132567,0,11000.0,14641.18972566918,8.359670002391795,109869.0121810032,5823.238717026107
1783447353,4000,,Aggregated,425.000000,0.000000,11000,15000,16000,17000,27000,36000,59000,67000,79000,103000,110000,133660,0,11000.0,14589.971020329067,8.359670002391795,109869.0121810032,5821.483959299716
1783447354,4000,,Aggregated,357.900000,0.000000,11000,14000,16000,17000,26000,35000,59000,67000,79000,103000,110000,134223,0,11000.0,14560.983944683181,8.359670002391795,109869.0121810032,5822.951036707569
1783447355,4000,,Aggregated,327.200000,0.000000,11000,14000,16000,17000,26000,35000,59000,67000,79000,103000,110000,134650,0,11000.0,14539.441007674372,8.359670002391795,109869.0121810032,5823.641960638693
1783447356,4000,,Aggregated,399.800000,0.000000,11000,14000,16000,17000,26000,35000,59000,67000,79000,103000,110000,135286,0,11000.0,14510.559283493347,8.359670002391795,109869.0121810032,5844.057167777893
1783447358,4000,,Aggregated,409.900000,0.000000,11000,14000,16000,17000,26000,35000,59000,67000,79000,103000,110000,135625,0,11000.0,14486.851955565686,8.359670002391795,109869.0121810032,5835.435657142857
1783447359,4000,,Aggregated,424.900000,0.000000,11000,14000,16000,17000,26000,35000,59000,66000,79000,103000,110000,136005,0,11000.0,14464.613965657907,8.359670002391795,109869.0121810032,5834.532509834197
1783447360,4000,,Aggregated,425.500000,0.000000,11000,14000,16000,17000,26000,35000,59000,66000,79000,103000,110000,136385,0,11000.0,14442.214823602233,8.359670002391795,109869.0121810032,5833.372262345566
