Timestamp,User Count,Type,Name,Requests/s,Failures/s,50%,66%,75%,80%,90%,95%,98%,99%,99.9%,99.99%,100%,Total Request Count,Total Failure Count,Total Median Response Time,Total Average Response Time,Total Min Response Time,Total Max Response Time,Total Average Content Size
1783509994,0,,Aggregated,0.000000,0.000000,N/A,N/A,N/A,N/A,N/A,N/A,N/A,N/A,N/A,N/A,N/A,0,0,0,0.0,0,0,0
1783509995,50,,Aggregated,0.000000,0.000000,N/A,N/A,N/A,N/A,N/A,N/A,N/A,N/A,N/A,N/A,N/A,0,0,0,0.0,0,0,0
1783509996,100,,Aggregated,0.000000,0.000000,N/A,N/A,N/A,N/A,N/A,N/A,N/A,N/A,N/A,N/A,N/A,0,0,0,0.0,0,0,0
1783509997,150,,Aggregated,0.000000,0.000000,N/A,N/A,N/A,N/A,N/A,N/A,N/A,N/A,N/A,N/A,N/A,0,0,0,0.0,0,0,0
1783509998,200,,Aggregated,0.000000,0.000000,N/A,N/A,N/A,N/A,N/A,N/A,N/A,N/A,N/A,N/A,N/A,0,0,0,0.0,0,0,0
1783509999,250,,Aggregated,0.000000,0.000000,N/A,N/A,N/A,N/A,N/A,N/A,N/A,N/A,N/A,N/A,N/A,0,0,0,0.0,0,0,0
1783510000,300,,Aggregated,0.000000,0.000000,N/A,N/A,N/A,N/A,N/A,N/A,N/A,N/A,N/A,N/A,N/A,0,0,0,0.0,0,0,0
1783510001,350,,Aggregated,0.000000,0.000000,N/A,N/A,N/A,N/A,N/A,N/A,N/A,N/A,N/A,N/A,N/A,0,0,0,0.0,0,0,0
1783510002,400,,Aggregated,0.000000,0.000000,N/A,N/A,N/A,N/A,N/A,N/A,N/A,N/A,N/A,N/A,N/A,0,0,0,0.0,0,0,0
1783510003,450,,Aggregated,0.000000,0.000000,N/A,N/A,N/A,N/A,N/A,N/A,N/A,N/A,N/A,N/A,N/A,0,0,0,0.0,0,0,0
1783510004,500,,Aggregated,0.000000,0.000000,N/A,N/A,N/A,N/A,N/A,N/A,N/A,N/A,N/A,N/A,N/A,0,0,0,0.0,0,0,0
1783510005,550,,Aggregated,0.000000,0.000000,N/A,N/A,N/A,N/A,N/A,N/A,N/A,N/A,N/A,N/A,N/A,0,0,0,0.0,0,0,0
1783510006,600,,Aggregated,0.000000,0.000000,N/A,N/A,N/A,N/A,N/A,N/A,N/A,N/A,N/A,N/A,N/A,0,0,0,0.0,0,0,0
1783510007,650,,Aggregated,0.000000,0.000000,N/A,N/A,N/A,N/A,N/A,N/A,N/A,N/A,N/A,N/A,N/A,0,0,0,0.0,0,0,0
1783510008,700,,Aggregated,0.000000,0.000000,14000,14000,14000,14000,14000,14000,14000,14000,14000,14000,14000,27,0,13945.120162999956,13748.262146705032,13406.339380002464,13945.120162999956,655.0
1783510009,750,,Aggregated,0.000000,0.000000,14000,14000,14000,14000,14000,14000,14000,14000,14000,14000,14000,57,0,14000.0,13923.16972966747,13406.339380002464,14456.351101005566,655.0
1783510010,800,,Aggregated,0.000000,0.000000,14000,14000,14000,14000,14000,14000,14000,14000,14000,14000,14000,152,0,14000.0,13815.961045276808,12944.030597005622,14456.351101005566,655.0
1783510011,850,,Aggregated,4.700000,0.000000,14000,14000,14000,14000,14000,14000,14000,14000,14000,14000,14000,200,0,14000.0,13718.502977300384,12944.030597005622,14456.351101005566,655.0
1783510012,900,,Aggregated,4.700000,0.000000,14000,14000,14000,14000,14000,14000,14000,14000,14000,14000,14000,200,0,14000.0,13718.502977300384,12944.030597005622,14456.351101005566,655.0
1783510013,950,,Aggregated,4.700000,0.000000,14000,14000,14000,14000,14000,14000,14000,14000,14000,14000,14000,200,0,14000.0,13718.502977300384,12944.030597005622,14456.351101005566,655.0
1783510014,1000,,Aggregated,4.700000,0.000000,14000,14000,14000,14000,14000,14000,14000,14000,14000,14000,14000,200,0,14000.0,13718.502977300384,12944.030597005622,14456.351101005566,655.0
1783510015,1050,,Aggregated,4.700000,0.000000,14000,14000,14000,14000,14000,14000,14000,14000,14000,14000,14000,200,0,14000.0,13718.502977300384,12944.030597005622,14456.351101005566,655.0
1783510016,1100,,Aggregated,4.700000,0.000000,14000,14000,14000,14000,14000,14000,14000,14000,14000,14000,14000,200,0,14000.0,13718.502977300384,12944.030597005622,14456.351101005566,655.0
1783510017,1150,,Aggregated,4.700000,0.000000,14000,14000,14000,14000,14000,14000,14000,14000,14000,14000,14000,200,0,14000.0,13718.502977300384,12944.030597005622,14456.351101005566,655.0
1783510018,1200,,Aggregated,4.700000,0.000000,14000,14000,14000,14000,14000,14000,14000,14000,14000,14000,14000,200,0,14000.0,13718.502977300384,12944.030597005622,14456.351101005566,655.0
1783510019,1250,,Aggregated,4.700000,0.000000,14000,14000,14000,14000,14000,14000,14000,14000,14000,14000,14000,200,0,14000.0,13718.502977300384,12944.030597005622,14456.351101005566,655.0
1783510020,1300,,Aggregated,4.700000,0.000000,14000,14000,14000,14000,14000,14000,14000,14000,14000,14000,14000,200,0,14000.0,13718.502977300384,12944.030597005622,14456.351101005566,655.0
1783510021,1350,,Aggregated,4.700000,0.000000,14000,14000,14000,14000,14000,14000,14000,14000,14000,14000,14000,200,0,14000.0,13718.502977300384,12944.030597005622,14456.351101005566,655.0
1783510022,1400,,Aggregated,7.900000,0.000000,14000,14000,14000,14000,24000,24000,24000,24000,24000,24000,24000,246,0,14000.0,15578.254386313434,12944.030597005622,24003.43127299857,655.0
1783510023,1450,,Aggregated,2.500000,0.000000,14000,14000,24000,24000,24000,24000,24000,24000,24000,24000,24000,294,0,14000.0,16889.26275235419,12944.030597005622,24279.823611999745,655.0
1783510024,1500,,Aggregated,0.500000,0.000000,14000,23000,24000,24000,24000,24000,24000,24000,24000,24000,24000,366,0,14000.0,18196.89147999773,12944.030597005622,24306.124504990294,655.0
1783510025,1550,,Aggregated,5.100000,0.000000,23000,23000,24000,24000,24000,24000,24000,24000,24000,24000,24000,400,0,14000.0,18624.86458826791,12944.030597005622,24306.124504990294,655.0
1783510026,1600,,Aggregated,5.100000,0.000000,23000,23000,24000,24000,24000,24000,24000,24000,24000,24000,24000,400,0,14000.0,18624.86458826791,12944.030597005622,24306.124504990294,655.0
1783510027,1650,,Aggregated,5.100000,0.000000,23000,23000,24000,24000,24000,24000,24000,24000,24000,24000,24000,400,0,14000.0,18624.86458826791,12944.030597005622,24306.124504990294,655.0
1783510028,1700,,Aggregated,5.100000,0.000000,23000,23000,24000,24000,24000,24000,24000,24000,24000,24000,24000,400,0,14000.0,18624.86458826791,12944.030597005622,24306.124504990294,655.0
1783510029,1750,,Aggregated,5.100000,0.000000,23000,23000,24000,24000,24000,24000,24000,24000,24000,24000,24000,400,0,14000.0,18624.86458826791,12944.030597005622,24306.124504990294,655.0
1783510030,1800,,Aggregated,5.100000,0.000000,23000,23000,24000,24000,24000,24000,24000,24000,24000,24000,24000,400,0,14000.0,18624.86458826791,12944.030597005622,24306.124504990294,655.0
1783510031,1850,,Aggregated,5.100000,0.000000,23000,23000,24000,24000,24000,24000,24000,24000,24000,24000,24000,400,0,14000.0,18624.86458826791,12944.030597005622,24306.124504990294,655.0
1783510032,1900,,Aggregated,5.100000,0.000000,23000,23000,24000,24000,24000,24000,24000,24000,24000,24000,24000,400,0,14000.0,18624.86458826791,12944.030597005622,24306.124504990294,655.0
1783510033,1950,,Aggregated,5.100000,0.000000,23000,23000,24000,24000,24000,24000,24000,24000,24000,24000,24000,400,0,14000.0,18624.86458826791,12944.030597005622,24306.124504990294,655.0
1783510034,2000,,Aggregated,5.100000,0.000000,23000,23000,24000,24000,24000,24000,24000,24000,24000,24000,24000,400,0,14000.0,18624.86458826791,12944.030597005622,24306.124504990294,655.0
1783510035,2050,,Aggregated,14.900000,0.000000,23000,23000,24000,24000,24000,24000,24000,33000,33000,33000,33000,408,0,23000.0,18905.137485375402,12944.030597005622,32997.78959200194,655.0
1783510036,2100,,Aggregated,7.800000,0.000000,23000,24000,24000,24000,24000,33000,34000,34000,34000,34000,34000,441,0,23000.0,19997.02530870787,12944.030597005622,33751.38777100074,655.0
1783510037,2150,,Aggregated,0.700000,0.000000,23000,24000,24000,33000,34000,34000,34000,34000,35000,35000,35000,532,0,23000.0,22254.68554273903,12944.030597005622,34507.13805100531,656.8383458646616
1783510038,2200,,Aggregated,2.100000,0.000000,24000,29000,33000,33000,34000,34000,34000,34000,35000,35000,35000,632,0,24000.0,23683.915926520956,12944.030597005622,34507.13805100531,669.1851265822785
1783510039,2250,,Aggregated,5.400000,0.000000,24000,30000,33000,33000,34000,34000,34000,34000,35000,35000,35000,682,0,24000.0,24236.280854032626,12944.030597005622,34507.13805100531,674.5982404692082
1783510040,2300,,Aggregated,5.400000,0.000000,24000,30000,33000,33000,34000,34000,34000,34000,35000,35000,35000,682,0,24000.0,24236.280854032626,12944.030597005622,34507.13805100531,674.5982404692082
1783510041,2350,,Aggregated,5.400000,0.000000,24000,30000,33000,33000,34000,34000,34000,34000,35000,35000,35000,682,0,24000.0,24236.280854032626,12944.030597005622,34507.13805100531,674.5982404692082
1783510042,2400,,Aggregated,5.400000,0.000000,24000,30000,33000,33000,34000,34000,34000,34000,35000,35000,35000,682,0,24000.0,24236.280854032626,12944.030597005622,34507.13805100531,674.5982404692082
1783510043,2450,,Aggregated,5.400000,0.000000,24000,30000,33000,33000,34000,34000,34000,34000,35000,35000,35000,682,0,24000.0,24236.280854032626,12944.030597005622,34507.13805100531,674.5982404692082
1783510044,2500,,Aggregated,5.400000,0.000000,24000,30000,33000,33000,34000,34000,34000,34000,35000,35000,35000,682,0,24000.0,24236.280854032626,12944.030597005622,34507.13805100531,674.5982404692082
1783510045,2550,,Aggregated,5.400000,0.000000,24000,30000,33000,33000,34000,34000,34000,34000,35000,35000,35000,682,0,24000.0,24236.280854032626,12944.030597005622,34507.13805100531,674.5982404692082
1783510046,2600,,Aggregated,5.400000,0.000000,24000,30000,33000,33000,34000,34000,34000,34000,35000,35000,35000,682,0,24000.0,24236.280854032626,12944.030597005622,34507.13805100531,674.5982404692082
1783510047,2650,,Aggregated,5.400000,0.000000,24000,30000,33000,33000,34000,34000,34000,34000,35000,35000,35000,682,0,24000.0,24236.280854032626,12944.030597005622,34507.13805100531,674.5982404692082
1783510048,2700,,Aggregated,26.100000,0.000000,24000,30000,33000,33000,34000,34000,34000,34000,42000,42000,42000,683,0,24000.0,24262.417362805638,12944.030597005622,42087.516346000484,674.5695461200586
1783510049,2750,,Aggregated,22.800000,0.000000,24000,30000,33000,33000,34000,34000,42000,43000,43000,43000,43000,713,0,24000.0,24968.445193087373,12944.030597005622,43062.309428001754,677.4039270687236
1783510050,2800,,Aggregated,13.800000,0.000000,29000,33000,34000,34000,40000,43000,43000,44000,44000,44000,44000,815,0,29000.0,27018.93516459789,12944.030597005622,43928.7778220023,686.4
1783510051,2850,,Aggregated,2.000000,0.000000,30000,33000,40000,40000,43000,43000,44000,44000,44000,44000,44000,917,0,30000.0,28679.04695207233,12944.030597005622,44209.18036000512,690.5507088331516
1783510052,2900,,Aggregated,6.800000,0.000000,32000,34000,40000,40000,43000,43000,44000,44000,44000,44000,44000,989,0,32000.0,29723.51175237648,12944.030597005622,44479.014013006235,687.9625884732053
1783510053,2950,,Aggregated,16.700000,0.000000,33000,34000,40000,42000,43000,43000,44000,44000,44000,44000,44000,1000,0,33000.0,29872.620464424308,12944.030597005622,44479.014013006235,687.6
1783510054,3000,,Aggregated,16.700000,0.000000,33000,34000,40000,42000,43000,43000,44000,44000,44000,44000,44000,1000,0,33000.0,29872.620464424308,12944.030597005622,44479.014013006235,687.6
1783510055,3050,,Aggregated,16.700000,0.000000,33000,34000,40000,42000,43000,43000,44000,44000,44000,44000,44000,1000,0,33000.0,29872.620464424308,12944.030597005622,44479.014013006235,687.6
1783510056,3100,,Aggregated,16.700000,0.000000,33000,34000,40000,42000,43000,43000,44000,44000,44000,44000,44000,1000,0,33000.0,29872.620464424308,12944.030597005622,44479.014013006235,687.6
1783510057,3150,,Aggregated,16.700000,0.000000,33000,34000,40000,42000,43000,43000,44000,44000,44000,44000,44000,1000,0,33000.0,29872.620464424308,12944.030597005622,44479.014013006235,687.6
1783510058,3200,,Aggregated,16.700000,0.000000,33000,34000,40000,42000,43000,43000,44000,44000,44000,44000,44000,1000,0,33000.0,29872.620464424308,12944.030597005622,44479.014013006235,687.6
1783510059,3250,,Aggregated,16.700000,0.000000,33000,34000,40000,42000,43000,43000,44000,44000,44000,44000,44000,1000,0,33000.0,29872.620464424308,12944.030597005622,44479.014013006235,687.6
1783510060,3300,,Aggregated,16.700000,0.000000,33000,34000,40000,42000,43000,43000,44000,44000,44000,44000,44000,1000,0,33000.0,29872.620464424308,12944.030597005622,44479.014013006235,687.6
1783510061,3350,,Aggregated,16.700000,0.000000,33000,34000,40000,42000,43000,43000,44000,44000,44000,44000,44000,1000,0,33000.0,29872.620464424308,12944.030597005622,44479.014013006235,687.6
1783510062,3400,,Aggregated,16.700000,0.000000,33000,34000,40000,42000,43000,43000,44000,44000,44000,44000,44000,1000,0,33000.0,29872.620464424308,12944.030597005622,44479.014013006235,687.6
1783510063,3450,,Aggregated,15.100000,0.000000,33000,34000,40000,42000,43000,44000,44000,53000,53000,53000,53000,1013,0,33000.0,30166.539321037824,12944.030597005622,53021.24987100251,687.1816386969398
1783510064,3500,,Aggregated,6.200000,0.000000,33000,40000,42000,43000,44000,53000,53000,53000,54000,54000,54000,1081,0,33000.0,31608.875409076056,12944.030597005622,54059.26086100226,685.1572617946346
1783510065,3550,,Aggregated,0.900000,0.000000,33000,40000,43000,43000,53000,53000,54000,54000,54000,54000,54000,1136,0,33000.0,32641.01956715862,12944.030597005622,54070.78047799587,683.6971830985915
1783510066,3600,,Aggregated,2.500000,0.000000,33000,40000,43000,43000,53000,53000,54000,54000,55000,55000,55000,1185,0,33000.0,33488.98411060853,12944.030597005622,54950.40426099149,682.5105485232068
1783510067,3650,,Aggregated,8.800000,0.000000,33000,40000,43000,44000,53000,53000,54000,54000,55000,55000,55000,1200,0,33000.0,33739.340265640945,12944.030597005622,54950.40426099149,682.1666666666666
1783510068,3700,,Aggregated,8.800000,0.000000,33000,40000,43000,44000,53000,53000,54000,54000,55000,55000,55000,1200,0,33000.0,33739.340265640945,12944.030597005622,54950.40426099149,682.1666666666666
1783510069,3750,,Aggregated,8.800000,0.000000,33000,40000,43000,44000,53000,53000,54000,54000,55000,55000,55000,1200,0,33000.0,33739.340265640945,12944.030597005622,54950.40426099149,682.1666666666666
1783510070,3800,,Aggregated,8.800000,0.000000,33000,40000,43000,44000,53000,53000,54000,54000,55000,55000,55000,1200,0,33000.0,33739.340265640945,12944.030597005622,54950.40426099149,682.1666666666666
1783510071,3850,,Aggregated,8.800000,0.000000,33000,40000,43000,44000,53000,53000,54000,54000,55000,55000,55000,1200,0,33000.0,33739.340265640945,12944.030597005622,54950.40426099149,682.1666666666666
1783510072,3900,,Aggregated,8.800000,0.000000,33000,40000,43000,44000,53000,53000,54000,54000,55000,55000,55000,1200,0,33000.0,33739.340265640945,12944.030597005622,54950.40426099149,682.1666666666666
1783510073,3950,,Aggregated,8.800000,0.000000,33000,40000,43000,44000,53000,53000,54000,54000,55000,55000,55000,1200,0,33000.0,33739.340265640945,12944.030597005622,54950.40426099149,682.1666666666666
1783510074,4000,,Aggregated,8.800000,0.000000,33000,40000,43000,44000,53000,53000,54000,54000,55000,55000,55000,1200,0,33000.0,33739.340265640945,12944.030597005622,54950.40426099149,682.1666666666666
1783510075,4000,,Aggregated,8.800000,0.000000,33000,40000,43000,44000,53000,53000,54000,54000,55000,55000,55000,1200,0,33000.0,33739.340265640945,12944.030597005622,54950.40426099149,682.1666666666666
1783510076,4000,,Aggregated,17.500000,0.000000,33000,40000,43000,44000,53000,53000,54000,54000,62000,62000,62000,1202,0,33000.0,33786.400443455175,12944.030597005622,62056.74918899604,682.1214642262895
1783510077,4000,,Aggregated,11.200000,0.000000,34000,42000,43000,44000,53000,54000,62000,63000,63000,63000,63000,1226,0,34000.0,34351.74767530434,12944.030597005622,62963.42013300455,681.5905383360522
1783510078,4000,,Aggregated,6.200000,0.000000,34000,43000,44000,53000,54000,63000,63000,63000,64000,64000,64000,1294,0,34000.0,35852.94384703952,12944.030597005622,63873.75951500144,680.1931993817619
1783510079,4000,,Aggregated,1.500000,0.000000,34000,43000,52000,53000,62000,63000,63000,63000,64000,64000,64000,1354,0,34000.0,37039.24988331469,12944.030597005622,63880.05271200382,679.0768094534712
1783510080,4000,,Aggregated,4.500000,0.000000,40000,43000,53000,53000,62000,63000,63000,63000,64000,64000,64000,1393,0,40000.0,37754.8614428816,12944.030597005622,63880.05271200382,678.5197415649677
1783510081,4000,,Aggregated,10.600000,0.000000,40000,43000,53000,53000,63000,63000,63000,63000,64000,64000,64000,1401,0,40000.0,37901.15142842973,12944.030597005622,63880.05271200382,678.3854389721628
1783510082,4000,,Aggregated,10.600000,0.000000,40000,43000,53000,53000,63000,63000,63000,63000,64000,64000,64000,1401,0,40000.0,37901.15142842973,12944.030597005622,63880.05271200382,678.3854389721628
1783510083,4000,,Aggregated,10.600000,0.000000,40000,43000,53000,53000,63000,63000,63000,63000,64000,64000,64000,1401,0,40000.0,37901.15142842973,12944.030597005622,63880.05271200382,678.3854389721628
1783510084,4000,,Aggregated,10.600000,0.000000,40000,43000,53000,53000,63000,63000,63000,63000,64000,64000,64000,1401,0,40000.0,37901.15142842973,12944.030597005622,63880.05271200382,678.3854389721628
1783510085,4000,,Aggregated,10.600000,0.000000,40000,43000,53000,53000,63000,63000,63000,63000,64000,64000,64000,1401,0,40000.0,37901.15142842973,12944.030597005622,63880.05271200382,678.3854389721628
1783510086,4000,,Aggregated,10.600000,0.000000,40000,43000,53000,53000,63000,63000,63000,63000,64000,64000,64000,1401,0,40000.0,37901.15142842973,12944.030597005622,63880.05271200382,678.3854389721628
1783510087,4000,,Aggregated,10.600000,0.000000,40000,43000,53000,53000,63000,63000,63000,63000,64000,64000,64000,1401,0,40000.0,37901.15142842973,12944.030597005622,63880.05271200382,678.3854389721628
1783510088,4000,,Aggregated,10.600000,0.000000,40000,43000,53000,53000,63000,63000,63000,63000,64000,64000,64000,1401,0,40000.0,37901.15142842973,12944.030597005622,63880.05271200382,678.3854389721628
1783510089,4000,,Aggregated,10.600000,0.000000,40000,43000,53000,53000,63000,63000,63000,63000,64000,64000,64000,1401,0,40000.0,37901.15142842973,12944.030597005622,63880.05271200382,678.3854389721628
1783510090,4000,,Aggregated,15.600000,0.000000,40000,43000,53000,53000,63000,63000,63000,64000,72000,72000,72000,1412,0,40000.0,38157.23495914594,12944.030597005622,72082.30851199187,678.665014164306
1783510091,4000,,Aggregated,9.500000,0.000000,40000,44000,53000,62000,63000,69000,72000,73000,73000,73000,73000,1504,0,40000.0,40158.83177640697,12944.030597005622,73101.93347198947,681.6609042553191
1783510092,4000,,Aggregated,4.300000,0.000000,42000,53000,62000,63000,69000,72000,73000,73000,73000,73000,73000,1614,0,42000.0,42252.34753934511,12944.030597005622,73382.83980300184,684.590458488228
1783510093,4000,,Aggregated,3.500000,0.000000,43000,53000,63000,68000,70000,72000,73000,73000,73000,73000,73000,1754,0,43000.0,44474.793506450405,12944.030597005622,73382.83980300184,690.9640820980616
1783510094,4000,,Aggregated,10.600000,0.000000,43000,54000,63000,69000,72000,72000,73000,73000,73000,73000,73000,1796,0,43000.0,45111.10891784025,12944.030597005622,73382.83980300184,691.3028953229399
1783510095,4000,,Aggregated,24.500000,0.000000,43000,54000,63000,69000,72000,72000,73000,73000,74000,74000,74000,1800,0,43000.0,45174.35801543172,12944.030597005622,74023.8912269997,691.2222222222222
1783510096,4000,,Aggregated,24.500000,0.000000,43000,54000,63000,69000,72000,72000,73000,73000,74000,74000,74000,1800,0,43000.0,45174.35801543172,12944.030597005622,74023.8912269997,691.2222222222222
1783510097,4000,,Aggregated,24.500000,0.000000,43000,54000,63000,69000,72000,72000,73000,73000,74000,74000,74000,1800,0,43000.0,45174.35801543172,12944.030597005622,74023.8912269997,691.2222222222222
1783510098,4000,,Aggregated,24.500000,0.000000,43000,54000,63000,69000,72000,72000,73000,73000,74000,74000,74000,1800,0,43000.0,45174.35801543172,12944.030597005622,74023.8912269997,691.2222222222222
1783510099,4000,,Aggregated,24.500000,0.000000,43000,54000,63000,69000,72000,72000,73000,73000,74000,74000,74000,1800,0,43000.0,45174.35801543172,12944.030597005622,74023.8912269997,691.2222222222222
1783510100,4000,,Aggregated,24.500000,0.000000,43000,54000,63000,69000,72000,72000,73000,73000,74000,74000,74000,1800,0,43000.0,45174.35801543172,12944.030597005622,74023.8912269997,691.2222222222222
1783510101,4000,,Aggregated,24.500000,0.000000,43000,54000,63000,69000,72000,72000,73000,73000,74000,74000,74000,1800,0,43000.0,45174.35801543172,12944.030597005622,74023.8912269997,691.2222222222222
1783510102,4000,,Aggregated,24.500000,0.000000,43000,54000,63000,69000,72000,72000,73000,73000,74000,74000,74000,1800,0,43000.0,45174.35801543172,12944.030597005622,74023.8912269997,691.2222222222222
1783510103,4000,,Aggregated,24.500000,0.000000,43000,54000,63000,69000,72000,72000,73000,73000,74000,74000,74000,1800,0,43000.0,45174.35801543172,12944.030597005622,74023.8912269997,691.2222222222222
1783510104,4000,,Aggregated,29.300000,0.000000,43000,55000,63000,69000,72000,72000,73000,73000,82000,82000,82000,1816,0,43000.0,45497.66526951493,12944.030597005622,82052.66285499965,690.9030837004406
1783510105,4000,,Aggregated,15.400000,0.000000,43000,62000,64000,69000,72000,73000,82000,82000,83000,83000,83000,1858,0,43000.0,46331.631975585595,12944.030597005622,82921.8540689908,690.0914962325081
1783510106,4000,,Aggregated,4.600000,0.000000,44000,63000,69000,69000,72000,82000,82000,83000,83000,83000,83000,1909,0,44000.0,47292.51943786644,12944.030597005622,83420.61063399888,689.1540073336826
1783510107,4000,,Aggregated,2.000000,0.000000,44000,63000,69000,69000,73000,82000,82000,83000,83000,83000,83000,1970,0,44000.0,48376.68463634314,12944.030597005622,83420.61063399888,688.0964467005076
1783510108,4000,,Aggregated,5.800000,0.000000,44000,63000,69000,70000,74000,82000,83000,83000,83000,83000,83000,1999,0,44000.0,48870.651935640315,12944.030597005622,83420.61063399888,687.616308154077
1783510109,4000,,Aggregated,10.900000,0.000000,52000,63000,69000,71000,81000,82000,83000,83000,83000,83000,83000,2000,0,44000.0,48887.93161515749,12944.030597005622,83430.01096999797,687.6
1783510110,4000,,Aggregated,10.900000,0.000000,52000,63000,69000,71000,81000,82000,83000,83000,83000,83000,83000,2000,0,44000.0,48887.93161515749,12944.030597005622,83430.01096999797,687.6
1783510111,4000,,Aggregated,10.900000,0.000000,52000,63000,69000,71000,81000,82000,83000,83000,83000,83000,83000,2000,0,44000.0,48887.93161515749,12944.030597005622,83430.01096999797,687.6
1783510112,4000,,Aggregated,10.900000,0.000000,52000,63000,69000,71000,81000,82000,83000,83000,83000,83000,83000,2000,0,44000.0,48887.93161515749,12944.030597005622,83430.01096999797,687.6
1783510113,4000,,Aggregated,10.900000,0.000000,52000,63000,69000,71000,81000,82000,83000,83000,83000,83000,83000,2000,0,44000.0,48887.93161515749,12944.030597005622,83430.01096999797,687.6
1783510114,4000,,Aggregated,10.900000,0.000000,52000,63000,69000,71000,81000,82000,83000,83000,83000,83000,83000,2000,0,44000.0,48887.93161515749,12944.030597005622,83430.01096999797,687.6
1783510115,4000,,Aggregated,10.900000,0.000000,52000,63000,69000,71000,81000,82000,83000,83000,83000,83000,83000,2000,0,44000.0,48887.93161515749,12944.030597005622,83430.01096999797,687.6
1783510116,4000,,Aggregated,10.900000,0.000000,52000,63000,69000,71000,81000,82000,83000,83000,83000,83000,83000,2000,0,44000.0,48887.93161515749,12944.030597005622,83430.01096999797,687.6
1783510117,4000,,Aggregated,18.400000,0.000000,52000,63000,69000,72000,81000,82000,83000,83000,91000,91000,91000,2007,0,52000.0,49035.17223545839,12944.030597005622,91188.98642899876,687.48629795715
1783510118,4000,,Aggregated,14.200000,0.000000,52000,63000,69000,72000,82000,82000,83000,92000,92000,92000,92000,2037,0,52000.0,49662.81076556846,12944.030597005622,91944.14847998996,687.0078546882671
1783510119,4000,,Aggregated,9.100000,0.000000,53000,63000,69000,72000,82000,83000,92000,92000,92000,93000,93000,2091,0,53000.0,50752.94648668241,12944.030597005622,92947.40641799581,686.1812529890004
1783510120,4000,,Aggregated,1.900000,0.000000,53000,69000,72000,72000,82000,91000,92000,92000,93000,93000,93000,2148,0,53000.0,51844.295662387245,12944.030597005622,92947.40641799581,685.3538175046555
1783510121,4000,,Aggregated,3.800000,0.000000,53000,69000,72000,73000,83000,92000,92000,92000,93000,93000,93000,2191,0,53000.0,52629.92695597802,12944.030597005622,92947.40641799581,684.7581013235965
1783510122,4000,,Aggregated,9.300000,0.000000,53000,69000,72000,73000,83000,92000,92000,92000,93000,93000,93000,2200,0,53000.0,52793.73709725858,12944.030597005622,93165.58960601105,684.6363636363636
1783510123,4000,,Aggregated,9.300000,0.000000,53000,69000,72000,73000,83000,92000,92000,92000,93000,93000,93000,2200,0,53000.0,52793.73709725858,12944.030597005622,93165.58960601105,684.6363636363636
1783510124,4000,,Aggregated,9.300000,0.000000,53000,69000,72000,73000,83000,92000,92000,92000,93000,93000,93000,2200,0,53000.0,52793.73709725858,12944.030597005622,93165.58960601105,684.6363636363636
1783510125,4000,,Aggregated,9.300000,0.000000,53000,69000,72000,73000,83000,92000,92000,92000,93000,93000,93000,2200,0,53000.0,52793.73709725858,12944.030597005622,93165.58960601105,684.6363636363636
1783510126,4000,,Aggregated,9.300000,0.000000,53000,69000,72000,73000,83000,92000,92000,92000,93000,93000,93000,2200,0,53000.0,52793.73709725858,12944.030597005622,93165.58960601105,684.6363636363636
1783510127,4000,,Aggregated,9.300000,0.000000,53000,69000,72000,73000,83000,92000,92000,92000,93000,93000,93000,2200,0,53000.0,52793.73709725858,12944.030597005622,93165.58960601105,684.6363636363636
1783510128,4000,,Aggregated,9.300000,0.000000,53000,69000,72000,73000,83000,92000,92000,92000,93000,93000,93000,2200,0,53000.0,52793.73709725858,12944.030597005622,93165.58960601105,684.6363636363636
1783510129,4000,,Aggregated,9.300000,0.000000,53000,69000,72000,73000,83000,92000,92000,92000,93000,93000,93000,2200,0,53000.0,52793.73709725858,12944.030597005622,93165.58960601105,684.6363636363636
1783510130,4000,,Aggregated,9.300000,0.000000,53000,69000,72000,73000,83000,92000,92000,92000,93000,93000,93000,2200,0,53000.0,52793.73709725858,12944.030597005622,93165.58960601105,684.6363636363636
1783510131,4000,,Aggregated,16.300000,0.000000,53000,69000,72000,73000,91000,92000,92000,101000,101000,101000,101000,2223,0,53000.0,53292.455325521274,12944.030597005622,101209.88596900133,684.3297345928925
1783510132,4000,,Aggregated,10.700000,0.000000,53000,69000,72000,81000,91000,92000,101000,101000,102000,102000,102000,2255,0,53000.0,53976.4962574017,12944.030597005622,101996.10363399552,683.9135254988913
1783510133,4000,,Aggregated,5.200000,0.000000,54000,69000,73000,82000,92000,97000,101000,102000,102000,102000,102000,2320,0,53000.0,55285.83180654859,12944.030597005622,102393.079328991,683.946551724138
1783510134,4000,,Aggregated,3.300000,0.000000,62000,70000,82000,82000,92000,101000,102000,102000,102000,103000,103000,2423,0,62000.0,57186.11667185584,12944.030597005622,102606.07611799787,685.6087494841106
1783510135,4000,,Aggregated,6.400000,0.000000,63000,72000,82000,91000,98000,101000,102000,102000,102000,103000,103000,2535,0,63000.0,59032.59245643824,12944.030597005622,102606.07611799787,694.6879684418146
1783510136,4000,,Aggregated,12.000000,0.000000,63000,72000,82000,91000,98000,101000,102000,102000,103000,103000,103000,2544,0,63000.0,59176.445089660716,12944.030597005622,102932.28422300308,694.9319968553459
1783510137,4000,,Aggregated,12.000000,0.000000,63000,72000,82000,91000,98000,101000,102000,102000,103000,103000,103000,2544,0,63000.0,59176.445089660716,12944.030597005622,102932.28422300308,694.9319968553459
1783510138,4000,,Aggregated,12.000000,0.000000,63000,72000,82000,91000,98000,101000,102000,102000,103000,103000,103000,2544,0,63000.0,59176.445089660716,12944.030597005622,102932.28422300308,694.9319968553459
1783510140,4000,,Aggregated,12.000000,0.000000,63000,72000,82000,91000,98000,101000,102000,102000,103000,103000,103000,2544,0,63000.0,59176.445089660716,12944.030597005622,102932.28422300308,694.9319968553459
1783510141,4000,,Aggregated,12.000000,0.000000,63000,72000,82000,91000,98000,101000,102000,102000,103000,103000,103000,2544,0,63000.0,59176.445089660716,12944.030597005622,102932.28422300308,694.9319968553459
1783510142,4000,,Aggregated,12.000000,0.000000,63000,72000,82000,91000,98000,101000,102000,102000,103000,103000,103000,2544,0,63000.0,59176.445089660716,12944.030597005622,102932.28422300308,694.9319968553459
1783510143,4000,,Aggregated,12.000000,0.000000,63000,72000,82000,91000,98000,101000,102000,102000,103000,103000,103000,2544,0,63000.0,59176.445089660716,12944.030597005622,102932.28422300308,694.9319968553459
1783510144,4000,,Aggregated,12.000000,0.000000,63000,72000,82000,91000,98000,101000,102000,102000,103000,103000,103000,2544,0,63000.0,59176.445089660716,12944.030597005622,102932.28422300308,694.9319968553459
1783510145,4000,,Aggregated,32.000000,0.000000,63000,72000,82000,91000,98000,101000,102000,102000,110000,110000,110000,2547,0,63000.0,59236.31112113108,12944.030597005622,110090.13108799991,694.8849627012171
1783510146,4000,,Aggregated,28.000000,0.000000,63000,72000,83000,92000,101000,102000,107000,108000,111000,111000,111000,2608,0,63000.0,60391.581750391415,12944.030597005622,111191.0092439939,709.6633435582822
1783510147,4000,,Aggregated,22.400000,0.000000,63000,73000,91000,92000,101000,108000,111000,111000,112000,112000,112000,2709,0,63000.0,62213.09328317967,12944.030597005622,111994.29018399678,727.1380583241048
1783510148,4000,,Aggregated,12.200000,0.000000,64000,82000,92000,98000,102000,109000,111000,112000,112000,112000,112000,2800,0,64000.0,63775.260870284175,12944.030597005622,112210.69041600276,736.6378571428571
1783510149,4000,,Aggregated,7.300000,0.000000,69000,82000,92000,98000,108000,111000,112000,112000,112000,113000,113000,2843,0,69000.0,64493.175215843345,12944.030597005622,112725.62985899276,735.5177629264861
1783510150,4000,,Aggregated,25.600000,0.000000,69000,82000,92000,98000,108000,111000,112000,112000,112000,113000,113000,2879,0,69000.0,65083.330613884194,12944.030597005622,112725.62985899276,734.5109412990622
1783510151,4000,,Aggregated,25.600000,0.000000,69000,82000,92000,98000,108000,111000,112000,112000,112000,113000,113000,2882,0,69000.0,65132.51080442283,12944.030597005622,112725.62985899276,734.4281748785565
1783510152,4000,,Aggregated,25.600000,0.000000,69000,82000,92000,98000,108000,111000,112000,112000,112000,113000,113000,2882,0,69000.0,65132.51080442283,12944.030597005622,112725.62985899276,734.4281748785565
1783510153,4000,,Aggregated,25.600000,0.000000,69000,82000,92000,98000,108000,111000,112000,112000,112000,113000,113000,2882,0,69000.0,65132.51080442283,12944.030597005622,112725.62985899276,734.4281748785565
1783510154,4000,,Aggregated,25.600000,0.000000,69000,82000,92000,98000,108000,111000,112000,112000,112000,113000,113000,2882,0,69000.0,65132.51080442283,12944.030597005622,112725.62985899276,734.4281748785565
1783510155,4000,,Aggregated,25.600000,0.000000,69000,82000,92000,98000,108000,111000,112000,112000,112000,113000,113000,2882,0,69000.0,65132.51080442283,12944.030597005622,112725.62985899276,734.4281748785565
1783510156,4000,,Aggregated,25.600000,0.000000,69000,82000,92000,98000,108000,111000,112000,112000,112000,113000,113000,2882,0,69000.0,65132.51080442283,12944.030597005622,112725.62985899276,734.4281748785565
1783510157,4000,,Aggregated,25.600000,0.000000,69000,82000,92000,98000,108000,111000,112000,112000,112000,113000,113000,2882,0,69000.0,65132.51080442283,12944.030597005622,112725.62985899276,734.4281748785565
1783510158,4000,,Aggregated,25.600000,0.000000,69000,82000,92000,98000,108000,111000,112000,112000,112000,113000,113000,2882,0,69000.0,65132.51080442283,12944.030597005622,112725.62985899276,734.4281748785565
1783510159,4000,,Aggregated,25.600000,0.000000,69000,82000,92000,98000,108000,111000,112000,112000,112000,113000,113000,2882,0,69000.0,65132.51080442283,12944.030597005622,112725.62985899276,734.4281748785565
1783510160,4000,,Aggregated,8.200000,0.000000,69000,82000,93000,98000,108000,111000,112000,121000,121000,121000,121000,2913,0,69000.0,65726.05946450039,12944.030597005622,121284.55588700308,733.5829042224511
1783510161,4000,,Aggregated,8.200000,0.000000,69000,83000,98000,101000,109000,112000,121000,121000,122000,122000,122000,2970,0,69000.0,66790.04883204633,12944.030597005622,122106.8870149902,732.0747474747475
1783510162,4000,,Aggregated,3.400000,0.000000,69000,83000,98000,101000,111000,112000,121000,121000,122000,123000,123000,3026,0,69000.0,67795.76812894532,12944.030597005622,122546.7397540051,730.6483807005949
1783510163,4000,,Aggregated,8.800000,0.000000,69000,91000,98000,101000,111000,121000,121000,122000,122000,123000,123000,3059,0,69000.0,68369.6853873022,12944.030597005622,122546.7397540051,729.8322981366459
1783510164,4000,,Aggregated,8.800000,0.000000,69000,91000,98000,101000,111000,121000,121000,122000,122000,123000,123000,3080,0,69000.0,68732.46856835633,12944.030597005622,122546.7397540051,729.3220779220779
1783510165,4000,,Aggregated,14.300000,0.000000,69000,91000,98000,101000,111000,121000,121000,122000,122000,123000,123000,3082,0,69000.0,68767.24683455857,12944.030597005622,122546.7397540051,729.2738481505515
1783510166,4000,,Aggregated,14.300000,0.000000,69000,91000,98000,101000,111000,121000,121000,122000,122000,123000,123000,3082,0,69000.0,68767.24683455857,12944.030597005622,122546.7397540051,729.2738481505515
1783510167,4000,,Aggregated,14.300000,0.000000,69000,91000,98000,101000,111000,121000,121000,122000,122000,123000,123000,3082,0,69000.0,68767.24683455857,12944.030597005622,122546.7397540051,729.2738481505515
1783510168,4000,,Aggregated,14.300000,0.000000,69000,91000,98000,101000,111000,121000,121000,122000,122000,123000,123000,3082,0,69000.0,68767.24683455857,12944.030597005622,122546.7397540051,729.2738481505515
1783510169,4000,,Aggregated,14.300000,0.000000,69000,91000,98000,101000,111000,121000,121000,122000,122000,123000,123000,3082,0,69000.0,68767.24683455857,12944.030597005622,122546.7397540051,729.2738481505515
1783510170,4000,,Aggregated,14.300000,0.000000,69000,91000,98000,101000,111000,121000,121000,122000,122000,123000,123000,3082,0,69000.0,68767.24683455857,12944.030597005622,122546.7397540051,729.2738481505515
1783510171,4000,,Aggregated,14.300000,0.000000,69000,91000,98000,101000,111000,121000,121000,122000,122000,123000,123000,3082,0,69000.0,68767.24683455857,12944.030597005622,122546.7397540051,729.2738481505515
1783510172,4000,,Aggregated,14.300000,0.000000,69000,91000,98000,101000,111000,121000,121000,122000,122000,123000,123000,3082,0,69000.0,68767.24683455857,12944.030597005622,122546.7397540051,729.2738481505515
1783510173,4000,,Aggregated,11.200000,0.000000,69000,91000,98000,102000,112000,121000,121000,122000,130000,130000,130000,3089,0,69000.0,68906.45824567611,12944.030597005622,130305.11129800288,729.1055357720945
1783510174,4000,,Aggregated,5.700000,0.000000,69000,92000,101000,102000,112000,121000,122000,130000,131000,131000,131000,3126,0,69000.0,69638.15207750464,12944.030597005622,131272.49714400386,728.2284069097889
1783510175,4000,,Aggregated,5.700000,0.000000,70000,92000,101000,107000,112000,121000,131000,131000,132000,132000,132000,3192,0,70000.0,70903.46079726926,12944.030597005622,131962.09187399654,726.7142857142857
1783510176,4000,,Aggregated,3.800000,0.000000,72000,92000,101000,108000,121000,122000,131000,131000,132000,132000,132000,3237,0,72000.0,71734.15276770577,12944.030597005622,131962.09187399654,725.7676861291319
1783510177,4000,,Aggregated,11.000000,0.000000,72000,92000,102000,108000,121000,130000,131000,131000,132000,132000,132000,3301,0,72000.0,72846.34477247219,12944.030597005622,131962.09187399654,733.7594668282338
1783510178,4000,,Aggregated,11.000000,0.000000,72000,93000,102000,109000,121000,130000,131000,131000,132000,132000,132000,3321,0,72000.0,73191.02147335072,12944.030597005622,131962.09187399654,734.9286359530262
1783510179,4000,,Aggregated,11.000000,0.000000,72000,93000,102000,109000,121000,130000,131000,131000,132000,132000,132000,3321,0,72000.0,73191.02147335072,12944.030597005622,131962.09187399654,734.9286359530262
1783510180,4000,,Aggregated,11.000000,0.000000,72000,93000,102000,109000,121000,130000,131000,131000,132000,132000,132000,3321,0,72000.0,73191.02147335072,12944.030597005622,131962.09187399654,734.9286359530262
1783510181,4000,,Aggregated,11.000000,0.000000,72000,93000,102000,109000,121000,130000,131000,131000,132000,132000,132000,3321,0,72000.0,73191.02147335072,12944.030597005622,131962.09187399654,734.9286359530262
1783510182,4000,,Aggregated,11.000000,0.000000,72000,93000,102000,109000,121000,130000,131000,131000,132000,132000,132000,3321,0,72000.0,73191.02147335072,12944.030597005622,131962.09187399654,734.9286359530262
1783510183,4000,,Aggregated,11.000000,0.000000,72000,93000,102000,109000,121000,130000,131000,131000,132000,132000,132000,3321,0,72000.0,73191.02147335072,12944.030597005622,131962.09187399654,734.9286359530262
1783510184,4000,,Aggregated,11.000000,0.000000,72000,93000,102000,109000,121000,130000,131000,131000,132000,132000,132000,3321,0,72000.0,73191.02147335072,12944.030597005622,131962.09187399654,734.9286359530262
1783510185,4000,,Aggregated,11.000000,0.000000,72000,93000,102000,109000,121000,130000,131000,131000,132000,132000,132000,3321,0,72000.0,73191.02147335072,12944.030597005622,131962.09187399654,734.9286359530262
1783510186,4000,,Aggregated,11.000000,0.000000,72000,93000,102000,109000,121000,130000,131000,131000,132000,132000,132000,3321,0,72000.0,73191.02147335072,12944.030597005622,131962.09187399654,734.9286359530262
1783510187,4000,,Aggregated,12.900000,0.000000,72000,97000,102000,109000,121000,131000,131000,132000,140000,140000,140000,3348,0,72000.0,73717.77550394138,12944.030597005622,140260.3414389887,738.8204898446834
1783510188,4000,,Aggregated,9.300000,0.000000,72000,98000,108000,111000,127000,131000,137000,140000,141000,141000,141000,3429,0,72000.0,75249.36185130409,12944.030597005622,141076.0418780119,751.8731408573929
1783510189,4000,,Aggregated,5.100000,0.000000,81000,101000,111000,120000,131000,137000,141000,141000,142000,142000,142000,3609,0,81000.0,78418.66777614233,12944.030597005622,141861.24912599917,770.1706844001109
1783510190,4000,,Aggregated,10.700000,0.000000,82000,101000,112000,121000,137000,138000,141000,141000,142000,142000,142000,3719,0,82000.0,80198.38979719437,12944.030597005622,141890.07074300025,774.4318365151922
1783510191,4000,,Aggregated,26.200000,0.000000,82000,102000,112000,121000,137000,140000,141000,141000,142000,142000,142000,3792,0,82000.0,81347.09019709744,12944.030597005622,141890.07074300025,773.715717299578
1783510192,4000,,Aggregated,26.200000,0.000000,82000,102000,112000,122000,137000,140000,141000,141000,142000,142000,142000,3800,0,82000.0,81474.00964295905,12944.030597005622,141942.33588600764,773.4657894736843
1783510193,4000,,Aggregated,26.200000,0.000000,82000,102000,112000,122000,137000,140000,141000,141000,142000,142000,142000,3800,0,82000.0,81474.00964295905,12944.030597005622,141942.33588600764,773.4657894736843
1783510194,4000,,Aggregated,26.200000,0.000000,82000,102000,112000,122000,137000,140000,141000,141000,142000,142000,142000,3800,0,82000.0,81474.00964295905,12944.030597005622,141942.33588600764,773.4657894736843
1783510195,4000,,Aggregated,26.200000,0.000000,82000,102000,112000,122000,137000,140000,141000,141000,142000,142000,142000,3800,0,82000.0,81474.00964295905,12944.030597005622,141942.33588600764,773.4657894736843
1783510196,4000,,Aggregated,26.200000,0.000000,82000,102000,112000,122000,137000,140000,141000,141000,142000,142000,142000,3800,0,82000.0,81474.00964295905,12944.030597005622,141942.33588600764,773.4657894736843
1783510197,4000,,Aggregated,26.200000,0.000000,82000,102000,112000,122000,137000,140000,141000,141000,142000,142000,142000,3800,0,82000.0,81474.00964295905,12944.030597005622,141942.33588600764,773.4657894736843
1783510198,4000,,Aggregated,26.200000,0.000000,82000,102000,112000,122000,137000,140000,141000,141000,142000,142000,142000,3800,0,82000.0,81474.00964295905,12944.030597005622,141942.33588600764,773.4657894736843
1783510199,4000,,Aggregated,26.200000,0.000000,82000,102000,112000,122000,137000,140000,141000,141000,142000,142000,142000,3800,0,82000.0,81474.00964295905,12944.030597005622,141942.33588600764,773.4657894736843
1783510200,4000,,Aggregated,26.200000,0.000000,82000,102000,112000,122000,137000,140000,141000,141000,142000,142000,142000,3800,0,82000.0,81474.00964295905,12944.030597005622,141942.33588600764,773.4657894736843
1783510201,4000,,Aggregated,21.700000,0.000000,82000,102000,112000,122000,137000,140000,141000,141000,150000,150000,150000,3807,0,82000.0,81600.43688248447,12944.030597005622,150240.34504200972,773.247964276333
1783510202,4000,,Aggregated,9.100000,0.000000,82000,107000,120000,127000,138000,141000,141000,150000,151000,151000,151000,3856,0,82000.0,82478.27353481496,12944.030597005622,151275.8853539999,771.7453319502075
1783510203,4000,,Aggregated,1.900000,0.000000,83000,108000,121000,130000,138000,141000,151000,151000,151000,152000,152000,3919,0,83000.0,83573.0380896809,12944.030597005622,151546.14843899617,769.8685889257464
1783510204,4000,,Aggregated,4.700000,0.000000,83000,108000,121000,131000,138000,141000,151000,151000,151000,152000,152000,3972,0,83000.0,84465.2738190057,12944.030597005622,151546.14843899617,768.3358509566968
1783510205,4000,,Aggregated,11.500000,0.000000,83000,108000,121000,131000,139000,142000,151000,151000,151000,152000,152000,3998,0,83000.0,84896.51506651868,12944.030597005622,151574.4714589964,767.5987993996998
1783510206,4000,,Aggregated,11.500000,0.000000,91000,108000,121000,131000,140000,150000,151000,151000,152000,152000,152000,4000,0,83000.0,84929.85159312942,12944.030597005622,151694.1368179978,767.5425
1783510207,4000,,Aggregated,11.500000,0.000000,91000,108000,121000,131000,140000,150000,151000,151000,152000,152000,152000,4000,0,83000.0,84929.85159312942,12944.030597005622,151694.1368179978,767.5425
1783510208,4000,,Aggregated,11.500000,0.000000,91000,108000,121000,131000,140000,150000,151000,151000,152000,152000,152000,4000,0,83000.0,84929.85159312942,12944.030597005622,151694.1368179978,767.5425
1783510209,4000,,Aggregated,11.500000,0.000000,91000,108000,121000,131000,140000,150000,151000,151000,152000,152000,152000,4000,0,83000.0,84929.85159312942,12944.030597005622,151694.1368179978,767.5425
1783510210,4000,,Aggregated,11.500000,0.000000,91000,108000,121000,131000,140000,150000,151000,151000,152000,152000,152000,4000,0,83000.0,84929.85159312942,12944.030597005622,151694.1368179978,767.5425
1783510211,4000,,Aggregated,11.500000,0.000000,91000,108000,121000,131000,140000,150000,151000,151000,152000,152000,152000,4000,0,83000.0,84929.85159312942,12944.030597005622,151694.1368179978,767.5425
1783510212,4000,,Aggregated,11.500000,0.000000,91000,108000,121000,131000,140000,150000,151000,151000,152000,152000,152000,4000,0,83000.0,84929.85159312942,12944.030597005622,151694.1368179978,767.5425
1783510213,4000,,Aggregated,11.500000,0.000000,91000,108000,121000,131000,140000,150000,151000,151000,152000,152000,152000,4000,0,83000.0,84929.85159312942,12944.030597005622,151694.1368179978,767.5425
1783510214,4000,,Aggregated,20.000000,0.000000,91000,108000,121000,131000,140000,150000,151000,151000,152000,159000,159000,4001,0,91000.0,84948.38967060302,12944.030597005622,159100.699564995,767.5143714071482
1783510215,4000,,Aggregated,8.500000,0.000000,91000,109000,121000,131000,140000,150000,151000,151000,160000,160000,160000,4027,0,91000.0,85432.72868872179,12944.030597005622,160240.81068699888,766.7879314626273
1783510216,4000,,Aggregated,4.000000,0.000000,91000,111000,122000,131000,141000,151000,160000,160000,161000,161000,161000,4088,0,91000.0,86547.84567429166,12944.030597005622,161069.64746500307,765.1198630136986
1783510217,4000,,Aggregated,2.200000,0.000000,92000,111000,128000,132000,141000,151000,160000,160000,161000,161000,161000,4149,0,92000.0,87630.48314836064,12944.030597005622,161312.5471109961,763.5008435767655
1783510218,4000,,Aggregated,7.700000,0.000000,92000,111000,130000,137000,141000,151000,160000,161000,161000,161000,161000,4185,0,92000.0,88254.4342008514,12944.030597005622,161312.5471109961,762.5675029868578
1783510219,4000,,Aggregated,13.300000,0.000000,92000,111000,130000,137000,141000,151000,160000,161000,161000,161000,161000,4199,0,92000.0,88496.42610189618,12944.030597005622,161400.2444439975,762.208859252203
1783510220,4000,,Aggregated,13.300000,0.000000,92000,111000,130000,137000,141000,151000,160000,161000,161000,161000,161000,4200,0,92000.0,88513.79909355623,12944.030597005622,161462.9910740041,762.1833333333333
1783510221,4000,,Aggregated,13.300000,0.000000,92000,111000,130000,137000,141000,151000,160000,161000,161000,161000,161000,4200,0,92000.0,88513.79909355623,12944.030597005622,161462.9910740041,762.1833333333333
1783510222,4000,,Aggregated,13.300000,0.000000,92000,111000,130000,137000,141000,151000,160000,161000,161000,161000,161000,4200,0,92000.0,88513.79909355623,12944.030597005622,161462.9910740041,762.1833333333333
1783510223,4000,,Aggregated,13.300000,0.000000,92000,111000,130000,137000,141000,151000,160000,161000,161000,161000,161000,4200,0,92000.0,88513.79909355623,12944.030597005622,161462.9910740041,762.1833333333333
1783510224,4000,,Aggregated,13.300000,0.000000,92000,111000,130000,137000,141000,151000,160000,161000,161000,161000,161000,4200,0,92000.0,88513.79909355623,12944.030597005622,161462.9910740041,762.1833333333333
1783510225,4000,,Aggregated,13.300000,0.000000,92000,111000,130000,137000,141000,151000,160000,161000,161000,161000,161000,4200,0,92000.0,88513.79909355623,12944.030597005622,161462.9910740041,762.1833333333333
1783510226,4000,,Aggregated,13.300000,0.000000,92000,111000,130000,137000,141000,151000,160000,161000,161000,161000,161000,4200,0,92000.0,88513.79909355623,12944.030597005622,161462.9910740041,762.1833333333333
1783510227,4000,,Aggregated,13.300000,0.000000,92000,111000,130000,137000,141000,151000,160000,161000,161000,161000,161000,4200,0,92000.0,88513.79909355623,12944.030597005622,161462.9910740041,762.1833333333333
1783510228,4000,,Aggregated,12.300000,0.000000,92000,111000,130000,137000,142000,159000,160000,161000,169000,169000,169000,4212,0,92000.0,88743.91409165174,12944.030597005622,169344.6921279974,761.877967711301
1783510229,4000,,Aggregated,6.700000,0.000000,92000,112000,131000,137000,150000,160000,161000,169000,170000,170000,170000,4266,0,92000.0,89769.1673184388,12944.030597005622,170319.5601250045,760.5250820440693
1783510230,4000,,Aggregated,2.400000,0.000000,92000,112000,131000,138000,151000,160000,169000,170000,170000,171000,171000,4343,0,92000.0,91160.9854798221,12944.030597005622,170678.17078299413,759.7801059175684
1783510231,4000,,Aggregated,3.700000,0.000000,98000,121000,137000,138000,160000,166000,170000,170000,170000,171000,171000,4462,0,98000.0,93203.29459804978,12944.030597005622,170678.17078299413,759.3601523980278
1783510232,4000,,Aggregated,11.900000,0.000000,98000,121000,137000,140000,160000,166000,170000,170000,170000,171000,171000,4549,0,98000.0,94621.37319393214,12944.030597005622,170678.17078299413,759.5141789404265
1783510233,4000,,Aggregated,22.000000,0.000000,98000,121000,137000,141000,160000,166000,170000,170000,171000,171000,171000,4570,0,98000.0,94956.29966596286,12944.030597005622,171301.9712719979,759.5689277899344
1783510234,4000,,Aggregated,22.000000,0.000000,98000,121000,137000,141000,160000,166000,170000,170000,171000,171000,171000,4570,0,98000.0,94956.29966596286,12944.030597005622,171301.9712719979,759.5689277899344
1783510235,4000,,Aggregated,22.000000,0.000000,98000,121000,137000,141000,160000,166000,170000,170000,171000,171000,171000,4570,0,98000.0,94956.29966596286,12944.030597005622,171301.9712719979,759.5689277899344
1783510236,4000,,Aggregated,22.000000,0.000000,98000,121000,137000,141000,160000,166000,170000,170000,171000,171000,171000,4570,0,98000.0,94956.29966596286,12944.030597005622,171301.9712719979,759.5689277899344
1783510237,4000,,Aggregated,22.000000,0.000000,98000,121000,137000,141000,160000,166000,170000,170000,171000,171000,171000,4570,0,98000.0,94956.29966596286,12944.030597005622,171301.9712719979,759.5689277899344
1783510238,4000,,Aggregated,22.000000,0.000000,98000,121000,137000,141000,160000,166000,170000,170000,171000,171000,171000,4570,0,98000.0,94956.29966596286,12944.030597005622,171301.9712719979,759.5689277899344
1783510239,4000,,Aggregated,22.000000,0.000000,98000,121000,137000,141000,160000,166000,170000,170000,171000,171000,171000,4570,0,98000.0,94956.29966596286,12944.030597005622,171301.9712719979,759.5689277899344
1783510240,4000,,Aggregated,22.000000,0.000000,98000,121000,137000,141000,160000,166000,170000,170000,171000,171000,171000,4570,0,98000.0,94956.29966596286,12944.030597005622,171301.9712719979,759.5689277899344
1783510241,4000,,Aggregated,22.000000,0.000000,98000,121000,137000,141000,160000,166000,170000,170000,171000,171000,171000,4570,0,98000.0,94956.29966596286,12944.030597005622,171301.9712719979,759.5689277899344
1783510242,4000,,Aggregated,33.500000,0.000000,98000,121000,137000,141000,160000,167000,170000,170000,179000,179000,179000,4597,0,98000.0,95438.30835731613,12944.030597005622,179153.48364500096,759.415705895149
1783510243,4000,,Aggregated,15.000000,0.000000,98000,122000,138000,141000,161000,169000,171000,179000,180000,180000,180000,4663,0,98000.0,96621.56555600093,12944.030597005622,180297.40014200797,758.2524126099078
1783510244,4000,,Aggregated,8.200000,0.000000,101000,127000,138000,141000,166000,170000,179000,180000,180000,181000,181000,4713,0,101000.0,97496.40422504465,12944.030597005622,180788.66500000004,757.4336940377679
1783510245,4000,,Aggregated,7.100000,0.000000,101000,130000,138000,150000,166000,170000,180000,180000,180000,181000,181000,4764,0,101000.0,98376.91463489906,12944.030597005622,180976.86527098995,756.3371116708648
1783510246,4000,,Aggregated,13.700000,0.000000,101000,130000,139000,150000,166000,170000,180000,180000,180000,181000,181000,4796,0,101000.0,98921.61739512447,12944.030597005622,180976.86527098995,755.6609674728941
1783510247,4000,,Aggregated,13.700000,0.000000,101000,130000,140000,150000,166000,170000,180000,180000,181000,181000,181000,4800,0,101000.0,98989.68114728856,12944.030597005622,180976.86527098995,755.5770833333333
1783510248,4000,,Aggregated,13.700000,0.000000,101000,130000,140000,150000,166000,170000,180000,180000,181000,181000,181000,4800,0,101000.0,98989.68114728856,12944.030597005622,180976.86527098995,755.5770833333333
1783510249,4000,,Aggregated,13.700000,0.000000,101000,130000,140000,150000,166000,170000,180000,180000,181000,181000,181000,4800,0,101000.0,98989.68114728856,12944.030597005622,180976.86527098995,755.5770833333333
1783510250,4000,,Aggregated,13.700000,0.000000,101000,130000,140000,150000,166000,170000,180000,180000,181000,181000,181000,4800,0,101000.0,98989.68114728856,12944.030597005622,180976.86527098995,755.5770833333333
1783510251,4000,,Aggregated,13.700000,0.000000,101000,130000,140000,150000,166000,170000,180000,180000,181000,181000,181000,4800,0,101000.0,98989.68114728856,12944.030597005622,180976.86527098995,755.5770833333333
1783510252,4000,,Aggregated,13.700000,0.000000,101000,130000,140000,150000,166000,170000,180000,180000,181000,181000,181000,4800,0,101000.0,98989.68114728856,12944.030597005622,180976.86527098995,755.5770833333333
1783510253,4000,,Aggregated,13.700000,0.000000,101000,130000,140000,150000,166000,170000,180000,180000,181000,181000,181000,4800,0,101000.0,98989.68114728856,12944.030597005622,180976.86527098995,755.5770833333333
1783510254,4000,,Aggregated,13.700000,0.000000,101000,130000,140000,150000,166000,170000,180000,180000,181000,181000,181000,4800,0,101000.0,98989.68114728856,12944.030597005622,180976.86527098995,755.5770833333333
1783510255,4000,,Aggregated,16.000000,0.000000,101000,131000,140000,150000,166000,171000,180000,180000,188000,189000,189000,4808,0,101000.0,99138.36191307656,12944.030597005622,188511.23244399787,755.4097337770382
1783510256,4000,,Aggregated,9.300000,0.000000,101000,131000,140000,150000,167000,177000,180000,180000,189000,189000,189000,4840,0,101000.0,99732.14108287005,12944.030597005622,189398.70858400536,754.7458677685951
1783510257,4000,,Aggregated,4.700000,0.000000,101000,131000,141000,151000,169000,179000,181000,189000,190000,190000,190000,4891,0,101000.0,100665.70648063812,12944.030597005622,190194.7910309973,753.7057861378041
1783510258,4000,,Aggregated,4.100000,0.000000,102000,131000,141000,151000,170000,180000,189000,189000,190000,190000,190000,4941,0,102000.0,101562.33266475552,12944.030597005622,190194.7910309973,752.7069419145922
1783510259,4000,,Aggregated,6.900000,0.000000,102000,131000,141000,151000,170000,180000,189000,189000,190000,190000,190000,4981,0,102000.0,102267.01847524598,12944.030597005622,190396.90704099485,751.9223047580807
1783510260,4000,,Aggregated,12.700000,0.000000,102000,131000,141000,152000,170000,180000,189000,190000,190000,190000,190000,4999,0,102000.0,102582.46447217347,12944.030597005622,190396.90704099485,751.5733146629326
1783510261,4000,,Aggregated,12.700000,0.000000,102000,131000,141000,159000,170000,180000,189000,190000,190000,191000,191000,5000,0,102000.0,102600.11312966063,12944.030597005622,190825.75190799253,751.554
1783510262,4000,,Aggregated,12.700000,0.000000,102000,131000,141000,159000,170000,180000,189000,190000,190000,191000,191000,5000,0,102000.0,102600.11312966063,12944.030597005622,190825.75190799253,751.554
1783510263,4000,,Aggregated,12.700000,0.000000,102000,131000,141000,159000,170000,180000,189000,190000,190000,191000,191000,5000,0,102000.0,102600.11312966063,12944.030597005622,190825.75190799253,751.554
1783510264,4000,,Aggregated,12.700000,0.000000,102000,131000,141000,159000,170000,180000,189000,190000,190000,191000,191000,5000,0,102000.0,102600.11312966063,12944.030597005622,190825.75190799253,751.554
1783510265,4000,,Aggregated,12.700000,0.000000,102000,131000,141000,159000,170000,180000,189000,190000,190000,191000,191000,5000,0,102000.0,102600.11312966063,12944.030597005622,190825.75190799253,751.554
1783510266,4000,,Aggregated,12.700000,0.000000,102000,131000,141000,159000,170000,180000,189000,190000,190000,191000,191000,5000,0,102000.0,102600.11312966063,12944.030597005622,190825.75190799253,751.554
1783510267,4000,,Aggregated,12.700000,0.000000,102000,131000,141000,159000,170000,180000,189000,190000,190000,191000,191000,5000,0,102000.0,102600.11312966063,12944.030597005622,190825.75190799253,751.554
1783510268,4000,,Aggregated,12.700000,0.000000,102000,131000,141000,159000,170000,180000,189000,190000,190000,191000,191000,5000,0,102000.0,102600.11312966063,12944.030597005622,190825.75190799253,751.554
1783510269,4000,,Aggregated,13.100000,0.000000,102000,137000,142000,160000,170000,181000,190000,191000,198000,199000,199000,5052,0,102000.0,103549.08447197276,12944.030597005622,198509.71068200306,751.431314330958
1783510270,4000,,Aggregated,7.300000,0.000000,108000,137000,151000,161000,180000,190000,192000,198000,199000,199000,199000,5219,0,108000.0,106413.61328439154,12944.030597005622,199479.90823398868,752.5790381299099
1783510271,4000,,Aggregated,4.600000,0.000000,111000,138000,160000,166000,180000,190000,197000,199000,199000,199000,199000,5411,0,111000.0,109209.07363485065,12944.030597005622,199479.90823398868,765.5207909813344
1783510272,4000,,Aggregated,14.300000,0.000000,112000,141000,166000,170000,181000,191000,198000,199000,199000,200000,200000,5639,0,112000.0,112156.43924298896,12944.030597005622,199960.33448800154,788.8854406809718
1783510273,4000,,Aggregated,28.700000,0.000000,128000,151000,166000,170000,181000,191000,199000,199000,200000,200000,200000,6233,0,128000.0,116979.27418255579,12944.030597005622,199960.33448800154,810.4779399967913
1783510274,4000,,Aggregated,50.000000,0.000000,128000,150000,166000,169000,180000,191000,199000,199000,200000,200000,200000,6915,0,128000.0,118457.66646781232,12944.030597005622,199960.33448800154,906.5337671728128
1783510275,4000,,Aggregated,96.500000,0.000000,127000,141000,164000,168000,180000,191000,199000,199000,200000,200000,200000,7197,0,127000.0,117878.17681990722,12944.030597005622,199960.33448800154,944.1019869390024
1783510276,4000,,Aggregated,182.600000,0.000000,121000,141000,160000,166000,180000,190000,198000,199000,200000,200000,200000,7699,0,121000.0,115532.81461014257,12944.030597005622,199960.33448800154,980.9641511884661
1783510277,4000,,Aggregated,191.500000,0.000000,111000,138000,152000,166000,180000,190000,198000,199000,200000,200000,200000,8593,0,111000.0,110228.73663825868,7809.355302000768,199960.33448800154,1034.4265099499594
1783510278,4000,,Aggregated,263.200000,0.000000,109000,138000,151000,165000,179000,190000,198000,199000,200000,200000,200000,8808,0,109000.0,107904.9425841191,6628.063217009185,199960.33448800154,1058.9047456857402
1783510280,4000,,Aggregated,359.300000,0.000000,100000,131000,142000,160000,179000,189000,198000,199000,200000,200000,200000,9723,0,100000.0,99524.89435970718,5627.511348007829,199960.33448800154,1172.3774555178443
1783510281,4000,,Aggregated,400.700000,0.000000,88000,126000,140000,152000,179000,189000,192000,199000,200000,200000,200000,10896,0,88000.0,89588.12967212239,4959.67269600078,199960.33448800154,1381.53827092511
1783510282,4000,,Aggregated,452.800000,0.000000,85000,121000,138000,151000,178000,189000,192000,199000,200000,200000,200000,11553,0,85000.0,84832.81391902817,4594.859805991291,199960.33448800154,1492.7836925473903
1783510283,4000,,Aggregated,452.800000,0.000000,85000,121000,138000,151000,178000,189000,192000,199000,200000,200000,200000,11553,0,85000.0,84832.81391902817,4594.859805991291,199960.33448800154,1492.7836925473903
1783510284,4000,,Aggregated,603.400000,0.000000,73000,112000,137000,141000,175000,181000,192000,199000,200000,200000,200000,12299,0,73000.0,80160.41648318605,4594.859805991291,199960.33448800154,1607.4296284250752
1783510285,4000,,Aggregated,558.800000,0.000000,63000,107000,131000,140000,170000,180000,192000,199000,199000,200000,200000,13321,0,63000.0,74527.81568541819,4594.859805991291,199960.33448800154,1857.1493881840702
1783510287,4000,,Aggregated,576.000000,0.000000,53000,101000,128000,139000,169000,180000,192000,199000,199000,200000,200000,14115,0,53000.0,70693.23933401011,4594.859805991291,199960.33448800154,2079.693871767623
1783510288,4000,,Aggregated,599.000000,0.000000,46000,98000,126000,138000,167000,180000,191000,198000,199000,200000,200000,14858,0,46000.0,67494.84003925494,4594.859805991291,199960.33448800154,2293.5996769417147
1783510289,4000,,Aggregated,572.100000,0.000000,43000,92000,122000,138000,167000,180000,191000,198000,199000,200000,200000,15300,0,43000.0,65753.8264414686,4594.859805991291,199960.33448800154,2461.3686274509805
1783510290,4000,,Aggregated,618.500000,0.000000,40000,90000,121000,137000,166000,180000,191000,198000,199000,200000,200000,15685,0,40000.0,64286.956000085156,4594.859805991291,199960.33448800154,2551.3872489639784
1783510291,4000,,Aggregated,615.400000,0.000000,34000,88000,115000,137000,166000,180000,191000,198000,199000,200000,200000,16052,0,34000.0,62966.55611436197,4594.859805991291,199960.33448800154,2647.3195240468476
1783510292,4000,,Aggregated,594.300000,0.000000,33000,87000,114000,131000,166000,180000,191000,198000,199000,200000,200000,16309,0,33000.0,62085.75807066268,4594.859805991291,199960.33448800154,2692.3092157704336
1783510293,4000,,Aggregated,539.400000,0.000000,32000,87000,113000,131000,166000,180000,191000,198000,199000,200000,200000,16565,0,32000.0,61243.061912821366,4594.859805991291,199960.33448800154,2735.776033806218
1783510294,4000,,Aggregated,462.700000,0.000000,24000,86000,112000,131000,166000,180000,191000,198000,199000,200000,200000,16831,0,24000.0,60409.76249255981,4594.859805991291,199960.33448800154,2793.361951161547
1783510295,4000,,Aggregated,496.200000,0.000000,24000,85000,112000,130000,166000,180000,191000,198000,199000,200000,200000,17057,0,24000.0,59730.71830090103,4594.859805991291,199960.33448800154,2830.887025854488
1783510296,4000,,Aggregated,516.100000,0.000000,23000,82000,111000,129000,166000,180000,191000,198000,199000,200000,200000,17218,0,23000.0,59261.19315983841,4594.859805991291,199960.33448800154,2840.874956440934
1783510297,4000,,Aggregated,433.800000,0.000000,21000,82000,111000,128000,166000,179000,191000,198000,199000,200000,200000,17385,0,21000.0,58785.23296451872,4594.859805991291,199960.33448800154,2843.3710094909407
1783510298,4000,,Aggregated,355.800000,0.000000,20000,82000,111000,128000,165000,179000,191000,198000,199000,200000,200000,17520,0,20000.0,58413.50790626713,4594.859805991291,199960.33448800154,2845.4375570776256
1783510299,4000,,Aggregated,333.500000,0.000000,15000,75000,109000,128000,165000,179000,191000,198000,199000,200000,200000,17687,0,15000.0,57974.45350582712,4594.859805991291,199960.33448800154,2869.4720981511846
1783510300,4000,,Aggregated,271.300000,0.000000,14000,74000,108000,128000,165000,179000,191000,198000,199000,200000,200000,17835,0,14000.0,57597.81474505311,4594.859805991291,199960.33448800154,2891.2303896832072
1783510301,4000,,Aggregated,247.000000,0.000000,14000,74000,108000,127000,164000,179000,191000,198000,199000,200000,200000,17946,0,14000.0,57321.223161532915,4594.859805991291,199960.33448800154,2899.6899030424606
1783510302,4000,,Aggregated,218.200000,0.000000,14000,73000,103000,127000,161000,179000,191000,198000,199000,200000,200000,18178,0,14000.0,56762.18213471789,4594.859805991291,199960.33448800154,2930.334580261855
1783510303,4000,,Aggregated,194.800000,0.000000,13000,72000,102000,127000,161000,179000,191000,198000,199000,200000,200000,18350,0,13000.0,56362.15488904128,4594.859805991291,199960.33448800154,2957.9573297002726
1783510304,4000,,Aggregated,192.900000,0.000000,13000,72000,102000,126000,160000,179000,191000,198000,199000,200000,200000,18586,0,13000.0,55846.57851276813,4594.859805991291,199960.33448800154,3037.629021844399
1783510305,4000,,Aggregated,173.500000,0.000000,13000,71000,101000,125000,160000,179000,190000,198000,199000,200000,200000,18798,0,13000.0,55393.88039632976,4594.859805991291,199960.33448800154,3099.0942653473776
1783510306,4000,,Aggregated,164.800000,0.000000,14000,69000,101000,122000,160000,179000,190000,198000,199000,200000,200000,19026,0,14000.0,54922.649574521136,4594.859805991291,199960.33448800154,3161.8847892357826
1783510307,4000,,Aggregated,166.300000,0.000000,14000,69000,101000,121000,160000,179000,190000,198000,199000,200000,200000,19293,0,14000.0,54395.38988988981,4594.859805991291,199960.33448800154,3248.663815891774
1783510308,4000,,Aggregated,171.700000,0.000000,14000,63000,99000,121000,160000,179000,190000,198000,199000,200000,200000,19593,0,14000.0,53839.54333939203,4594.859805991291,199960.33448800154,3378.952227836472
1783510309,4000,,Aggregated,180.300000,0.000000,14000,62000,98000,121000,159000,179000,190000,197000,199000,200000,200000,19917,0,14000.0,53251.87513097104,4594.859805991291,199960.33448800154,3511.5842747401716
1783510310,4000,,Aggregated,184.700000,0.000000,14000,60000,98000,114000,154000,179000,190000,193000,199000,200000,200000,20282,0,14000.0,52598.99801474716,4594.859805991291,199960.33448800154,3637.4849127305
1783510311,4000,,Aggregated,209.800000,0.000000,14000,54000,92000,113000,154000,179000,190000,193000,199000,200000,200000,20640,0,14000.0,51992.61213348801,4594.859805991291,199960.33448800154,3780.286918604651
1783510312,4000,,Aggregated,228.800000,0.000000,14000,53000,92000,112000,153000,179000,190000,193000,199000,200000,200000,20997,0,14000.0,51387.205324272945,4594.859805991291,199960.33448800154,3887.1012525598894
1783510313,4000,,Aggregated,251.000000,0.000000,14000,49000,90000,112000,153000,179000,190000,193000,199000,200000,200000,21292,0,14000.0,50887.753104754396,4594.859805991291,199960.33448800154,3955.468250986286
1783510314,4000,,Aggregated,263.600000,0.000000,14000,47000,89000,111000,152000,179000,190000,192000,199000,200000,200000,21525,0,14000.0,50507.60156387069,4594.859805991291,199960.33448800154,4019.129802555168
1783510315,4000,,Aggregated,289.300000,0.000000,14000,47000,88000,111000,152000,179000,190000,192000,199000,200000,200000,21794,0,14000.0,50086.568630216854,4594.859805991291,199960.33448800154,4103.888317885657
1783510316,4000,,Aggregated,294.300000,0.000000,14000,46000,88000,110000,151000,179000,190000,192000,199000,200000,200000,21999,0,14000.0,49756.54961066339,4594.859805991291,199960.33448800154,4147.311286876677
1783510317,4000,,Aggregated,294.000000,0.000000,14000,45000,87000,108000,151000,179000,190000,192000,199000,200000,200000,22201,0,14000.0,49436.72482316271,4594.859805991291,199960.33448800154,4185.6909598666725
1783510318,4000,,Aggregated,300.600000,0.000000,14000,44000,87000,108000,151000,179000,190000,192000,199000,200000,200000,22351,0,14000.0,49206.498761629715,4594.859805991291,199960.33448800154,4213.364815891907
1783510319,4000,,Aggregated,297.700000,0.000000,14000,43000,87000,108000,151000,179000,190000,192000,199000,200000,200000,22514,0,14000.0,48955.43249207668,4594.859805991291,199960.33448800154,4236.793728346806
1783510320,4000,,Aggregated,287.300000,0.000000,14000,43000,86000,104000,151000,179000,190000,192000,199000,200000,200000,22692,0,14000.0,48685.66640983117,4594.859805991291,199960.33448800154,4270.7390710382515
1783510321,4000,,Aggregated,266.000000,0.000000,14000,41000,86000,102000,151000,178000,189000,192000,199000,200000,200000,22854,0,14000.0,48437.93742907867,4594.859805991291,199960.33448800154,4285.713660628337
1783510322,4000,,Aggregated,249.100000,0.000000,13000,40000,85000,102000,151000,178000,189000,192000,199000,200000,200000,23057,0,13000.0,48141.78432048781,4594.859805991291,199960.33448800154,4320.047187405126
1783510323,4000,,Aggregated,229.100000,0.000000,13000,40000,85000,102000,151000,178000,189000,192000,199000,200000,200000,23180,0,13000.0,47947.3226662346,4594.859805991291,199960.33448800154,4309.888783433995
1783510324,4000,,Aggregated,218.100000,0.000000,13000,36000,83000,101000,150000,178000,189000,192000,199000,200000,200000,23369,0,13000.0,47685.369998979506,4594.859805991291,199960.33448800154,4347.806324618084
1783510325,4000,,Aggregated,195.300000,0.000000,13000,34000,82000,101000,150000,178000,189000,192000,199000,200000,200000,23589,0,13000.0,47380.832482466576,4594.859805991291,199960.33448800154,4380.692314214252
1783510326,4000,,Aggregated,185.600000,0.000000,13000,34000,82000,101000,150000,177000,189000,192000,199000,200000,200000,23831,0,13000.0,47058.14282574424,4594.859805991291,199960.33448800154,4427.335907011875
1783510327,4000,,Aggregated,182.200000,0.000000,13000,33000,81000,101000,150000,177000,189000,192000,199000,200000,200000,23975,0,13000.0,46866.43860126582,4594.859805991291,199960.33448800154,4443.668362877998
1783510328,4000,,Aggregated,178.100000,0.000000,13000,33000,74000,100000,141000,176000,189000,192000,199000,200000,200000,24323,0,13000.0,46439.14391026987,4594.859805991291,199960.33448800154,4525.5137935287585
1783510329,4000,,Aggregated,177.200000,0.000000,13000,29000,73000,99000,141000,171000,189000,192000,199000,200000,200000,24653,0,13000.0,46043.805432466535,4594.859805991291,199960.33448800154,4610.416054841196
1783510330,4000,,Aggregated,178.600000,0.000000,13000,24000,72000,98000,141000,170000,189000,192000,199000,200000,200000,25025,0,13000.0,45617.08038888006,4594.859805991291,199960.33448800154,4713.021978021978
1783510331,4000,,Aggregated,193.300000,0.000000,13000,23000,72000,98000,141000,170000,189000,192000,199000,200000,200000,25377,0,13000.0,45217.77460882689,4594.859805991291,199960.33448800154,4804.475115261851
1783510333,4000,,Aggregated,230.600000,0.000000,13000,23000,69000,92000,141000,170000,189000,192000,199000,200000,200000,25742,0,13000.0,44804.71589324603,4594.859805991291,199960.33448800154,4888.060834433999
1783510334,4000,,Aggregated,247.200000,0.000000,13000,23000,69000,92000,141000,170000,189000,192000,199000,200000,200000,26207,0,13000.0,44284.93034702237,4594.859805991291,199960.33448800154,4972.810928377914
1783510335,4000,,Aggregated,264.500000,0.000000,13000,23000,63000,91000,140000,170000,189000,192000,199000,200000,200000,26493,0,13000.0,43970.52479422903,4594.859805991291,199960.33448800154,5019.737440078511
1783510336,4000,,Aggregated,284.200000,0.000000,13000,22000,63000,89000,140000,170000,189000,192000,199000,200000,200000,26782,0,13000.0,43672.07734829049,4594.859805991291,199960.33448800154,5087.21645134792
1783510337,4000,,Aggregated,288.100000,0.000000,13000,22000,63000,89000,140000,170000,189000,192000,199000,200000,200000,26993,0,13000.0,43425.044144951826,4594.859805991291,199960.33448800154,5087.949431334049
1783510338,4000,,Aggregated,292.100000,0.000000,13000,22000,62000,88000,140000,169000,189000,192000,199000,200000,200000,27218,0,13000.0,43186.06455125383,4594.859805991291,199960.33448800154,5116.535821882578
1783510339,4000,,Aggregated,296.900000,0.000000,13000,22000,61000,88000,140000,169000,189000,192000,199000,200000,200000,27381,0,13000.0,43014.92162677775,4594.859805991291,199960.33448800154,5134.722910047113
1783510340,4000,,Aggregated,312.100000,0.000000,13000,22000,60000,88000,139000,169000,189000,192000,199000,200000,200000,27531,0,13000.0,42856.37925910359,4594.859805991291,199960.33448800154,5144.415749518725
1783510341,4000,,Aggregated,296.000000,0.000000,13000,22000,60000,87000,139000,169000,189000,192000,199000,200000,200000,27695,0,13000.0,42688.523045561495,4594.859805991291,199960.33448800154,5160.373785881929
1783510342,4000,,Aggregated,278.600000,0.000000,13000,22000,59000,87000,139000,169000,189000,192000,199000,200000,200000,27828,0,13000.0,42553.99476394636,4594.859805991291,199960.33448800154,5166.555339945378
1783510343,4000,,Aggregated,255.100000,0.000000,13000,22000,54000,87000,139000,169000,189000,192000,199000,200000,200000,28053,0,13000.0,42323.20452583496,4594.859805991291,199960.33448800154,5175.404199194382
1783510344,4000,,Aggregated,232.900000,0.000000,13000,22000,53000,87000,139000,169000,189000,192000,199000,200000,200000,28260,0,13000.0,42118.73242123637,4594.859805991291,199960.33448800154,5189.427530077848
1783510345,4000,,Aggregated,215.700000,0.000000,13000,22000,53000,86000,139000,169000,189000,191000,199000,200000,200000,28437,0,13000.0,41943.97192533538,4594.859805991291,199960.33448800154,5193.660442381404
1783510346,4000,,Aggregated,208.000000,0.000000,13000,22000,53000,86000,138000,169000,189000,191000,199000,200000,200000,28628,0,13000.0,41767.93441101147,4594.859805991291,199960.33448800154,5214.597037865027
1783510347,4000,,Aggregated,197.900000,0.000000,13000,22000,49000,85000,138000,168000,189000,191000,199000,200000,200000,28868,0,13000.0,41550.758114720615,4594.859805991291,199960.33448800154,5240.262228072606
1783510348,4000,,Aggregated,189.900000,0.000000,13000,22000,48000,83000,138000,168000,189000,191000,199000,200000,200000,29124,0,13000.0,41318.57890440328,4594.859805991291,199960.33448800154,5259.1611729158085
1783510349,4000,,Aggregated,184.900000,0.000000,13000,22000,47000,82000,138000,167000,188000,191000,199000,200000,200000,29361,0,13000.0,41106.38574844069,4594.859805991291,199960.33448800154,5276.045502537379
1783510350,4000,,Aggregated,182.900000,0.000000,13000,22000,47000,82000,138000,167000,188000,191000,199000,200000,200000,29636,0,13000.0,40878.722758372896,4594.859805991291,199960.33448800154,5321.204987177757
1783510351,4000,,Aggregated,189.000000,0.000000,13000,22000,46000,82000,138000,167000,188000,191000,199000,200000,200000,29933,0,13000.0,40640.644201196694,4594.859805991291,199960.33448800154,5373.086259312465
1783510353,4000,,Aggregated,197.400000,0.000000,13000,22000,45000,75000,138000,167000,182000,191000,199000,200000,200000,30131,0,13000.0,40485.595045618575,4594.859805991291,199960.33448800154,5411.4037370150345
1783510354,4000,,Aggregated,230.800000,0.000000,13000,22000,43000,73000,137000,166000,181000,191000,199000,200000,200000,30828,0,13000.0,39955.996541331166,4594.859805991291,199960.33448800154,5527.536849617231
1783510355,4000,,Aggregated,223.300000,0.000000,13000,22000,40000,72000,137000,166000,181000,191000,199000,200000,200000,31169,0,13000.0,39681.71052747778,4594.859805991291,199960.33448800154,5564.01138952164
1783510356,4000,,Aggregated,258.000000,0.000000,13000,22000,40000,72000,137000,166000,181000,191000,199000,200000,200000,31531,0,13000.0,39391.75590136854,4594.859805991291,199960.33448800154,5593.604230757032
1783510357,4000,,Aggregated,277.100000,0.000000,13000,22000,36000,72000,137000,166000,181000,191000,199000,200000,200000,31827,0,13000.0,39160.56065926452,4594.859805991291,199960.33448800154,5622.500047129795
1783510358,4000,,Aggregated,289.300000,0.000000,13000,22000,34000,70000,137000,166000,181000,191000,199000,200000,200000,32098,0,13000.0,38943.42779842906,4594.859805991291,199960.33448800154,5635.2810767025985
1783510359,4000,,Aggregated,300.800000,0.000000,13000,22000,34000,69000,131000,166000,180000,191000,199000,200000,200000,32402,0,13000.0,38703.941639984354,4594.859805991291,199960.33448800154,5647.903863959015
1783510360,4000,,Aggregated,305.800000,0.000000,13000,22000,33000,69000,131000,166000,180000,191000,199000,200000,200000,32648,0,13000.0,38507.484629640574,4594.859805991291,199960.33448800154,5651.44051703014
1783510362,4000,,Aggregated,312.600000,0.000000,13000,22000,33000,69000,131000,166000,180000,191000,199000,200000,200000,32815,0,13000.0,38377.84306765084,4594.859805991291,199960.33448800154,5654.154868200518
1783510363,4000,,Aggregated,311.400000,0.000000,13000,22000,30000,63000,131000,166000,180000,191000,199000,200000,200000,33386,0,13000.0,37950.93720426569,4594.859805991291,199960.33448800154,5664.980500808722
1783510364,4000,,Aggregated,279.900000,0.000000,13000,22000,29000,63000,131000,166000,180000,191000,199000,200000,200000,33563,0,13000.0,37809.875087251276,4594.859805991291,199960.33448800154,5652.760212138367
1783510365,4000,,Aggregated,321.700000,0.000000,13000,22000,24000,63000,131000,166000,180000,191000,199000,200000,200000,33750,0,13000.0,37670.572866999995,4594.859805991291,199960.33448800154,5649.181896296296
1783510366,4000,,Aggregated,278.500000,0.000000,13000,22000,24000,62000,130000,166000,180000,191000,199000,200000,200000,33954,0,13000.0,37518.9663687483,4594.859805991291,199960.33448800154,5640.213318018496
1783510367,4000,,Aggregated,265.100000,0.000000,13000,22000,24000,62000,130000,166000,180000,191000,199000,200000,200000,34181,0,13000.0,37352.3466349476,4594.859805991291,199960.33448800154,5630.875925221614
1783510368,4000,,Aggregated,252.200000,0.000000,13000,22000,24000,60000,129000,166000,180000,191000,199000,200000,200000,34435,0,13000.0,37174.58134604788,4594.859805991291,199960.33448800154,5626.081022215769
1783510369,4000,,Aggregated,242.300000,0.000000,13000,22000,23000,60000,128000,166000,180000,191000,199000,200000,200000,34658,0,13000.0,37021.680594139936,4594.859805991291,199960.33448800154,5622.488343239656
1783510370,4000,,Aggregated,237.800000,0.000000,12000,22000,23000,59000,128000,165000,180000,191000,199000,200000,200000,34874,0,12000.0,36879.67913904248,4594.859805991291,199960.33448800154,5621.042352468888
1783510371,4000,,Aggregated,230.900000,0.000000,12000,22000,23000,54000,128000,165000,180000,191000,199000,200000,200000,35123,0,12000.0,36717.843234768065,4594.859805991291,199960.33448800154,5617.44384021866
1783510372,4000,,Aggregated,226.100000,0.000000,12000,21000,23000,53000,128000,165000,180000,191000,199000,200000,200000,35408,0,12000.0,36538.95753581177,4594.859805991291,199960.33448800154,5619.8105230456395
1783510373,4000,,Aggregated,228.200000,0.000000,12000,21000,23000,53000,127000,165000,180000,191000,199000,200000,200000,35725,0,12000.0,36348.064902690734,4594.859805991291,199960.33448800154,5636.899482155353
1783510374,4000,,Aggregated,252.500000,0.000000,12000,21000,23000,52000,127000,164000,180000,191000,199000,200000,200000,35914,0,12000.0,36222.333297572346,4594.859805991291,199960.33448800154,5623.167901097066
1783510375,4000,,Aggregated,234.200000,0.000000,12000,21000,23000,49000,127000,161000,180000,191000,199000,200000,200000,36156,0,12000.0,36083.033742908716,4594.859805991291,199960.33448800154,5637.648993251466
1783510376,4000,,Aggregated,234.100000,0.000000,12000,21000,23000,48000,127000,161000,180000,191000,199000,200000,200000,36275,0,12000.0,36011.85230502561,4594.859805991291,199960.33448800154,5639.358015161957
1783510377,4000,,Aggregated,235.900000,0.000000,12000,21000,23000,47000,126000,161000,180000,191000,199000,200000,200000,36774,0,12000.0,35725.00012387155,4594.859805991291,199960.33448800154,5641.543073910915
1783510378,4000,,Aggregated,235.500000,0.000000,12000,21000,23000,47000,126000,161000,180000,191000,199000,200000,200000,37025,0,12000.0,35584.341213150976,4594.859805991291,199960.33448800154,5648.067900067522
1783510379,4000,,Aggregated,233.400000,0.000000,12000,21000,23000,46000,126000,160000,180000,190000,199000,200000,200000,37249,0,12000.0,35456.36564232839,4594.859805991291,199960.33448800154,5648.782786115064
1783510380,4000,,Aggregated,244.300000,0.000000,12000,21000,23000,45000,126000,160000,180000,190000,199000,200000,200000,37516,0,12000.0,35307.924779038694,4594.859805991291,199960.33448800154,5652.248827167075
1783510381,4000,,Aggregated,244.600000,0.000000,12000,21000,23000,45000,125000,160000,180000,190000,199000,200000,200000,37781,0,12000.0,35159.931336168396,4594.859805991291,199960.33448800154,5654.476350546571
1783510382,4000,,Aggregated,247.900000,0.000000,12000,21000,23000,44000,122000,160000,180000,190000,199000,200000,200000,38068,0,12000.0,34998.466813734856,4594.859805991291,199960.33448800154,5650.801119050121
1783510383,4000,,Aggregated,246.800000,0.000000,12000,21000,23000,43000,122000,160000,180000,190000,199000,200000,200000,38287,0,12000.0,34878.318289522125,4594.859805991291,199960.33448800154,5649.198396322511
1783510384,4000,,Aggregated,248.800000,0.000000,12000,21000,23000,43000,121000,160000,180000,190000,199000,200000,200000,38525,0,12000.0,34745.321901360316,4594.859805991291,199960.33448800154,5644.73669046074
1783510385,4000,,Aggregated,241.900000,0.000000,12000,21000,22000,42000,121000,160000,180000,190000,199000,200000,200000,38777,0,12000.0,34607.042506715625,4594.859805991291,199960.33448800154,5639.073677695541
1783510386,4000,,Aggregated,246.100000,0.000000,12000,21000,22000,40000,121000,160000,180000,190000,199000,200000,200000,39102,0,12000.0,34454.92154940015,4594.859805991291,199960.33448800154,5665.90125824766
1783510387,4000,,Aggregated,247.900000,0.000000,12000,21000,22000,40000,121000,160000,180000,190000,199000,200000,200000,39293,0,12000.0,34344.73360249507,4594.859805991291,199960.33448800154,5651.627389102385
1783510388,4000,,Aggregated,254.300000,0.000000,12000,21000,22000,37000,121000,160000,180000,190000,199000,200000,200000,39582,0,12000.0,34202.618116189624,4594.859805991291,199960.33448800154,5664.225051791218
1783510390,4000,,Aggregated,249.200000,0.000000,12000,21000,22000,36000,121000,159000,180000,190000,199000,200000,200000,39805,0,12000.0,34086.32409296297,4594.859805991291,199960.33448800154,5662.6685341037555
1783510391,4000,,Aggregated,256.300000,0.000000,12000,21000,22000,34000,115000,155000,180000,190000,199000,200000,200000,40278,0,12000.0,33851.93711002919,4594.859805991291,199960.33448800154,5663.953870599335
1783510392,4000,,Aggregated,250.500000,0.000000,12000,21000,22000,34000,114000,154000,180000,190000,199000,200000,200000,40528,0,12000.0,33725.32483187011,4594.859805991291,199960.33448800154,5659.185452033163
1783510393,4000,,Aggregated,251.800000,0.000000,12000,21000,22000,33000,114000,154000,180000,190000,199000,200000,200000,40759,0,12000.0,33611.221191457764,4594.859805991291,199960.33448800154,5660.560048087539
1783510394,4000,,Aggregated,252.200000,0.000000,12000,21000,22000,33000,113000,154000,180000,190000,199000,200000,200000,41027,0,12000.0,33476.601355186875,4594.859805991291,199960.33448800154,5655.470251297926
1783510395,4000,,Aggregated,249.200000,0.000000,12000,21000,22000,33000,113000,154000,180000,190000,199000,200000,200000,41264,0,12000.0,33362.418108901824,4594.859805991291,199960.33448800154,5654.537272198527
1783510396,4000,,Aggregated,251.500000,0.000000,12000,21000,22000,32000,113000,153000,180000,190000,199000,200000,200000,41505,0,12000.0,33249.993732993775,4594.859805991291,199960.33448800154,5654.6679195277675
1783510397,4000,,Aggregated,254.900000,0.000000,12000,21000,22000,30000,112000,153000,180000,190000,199000,200000,200000,41752,0,12000.0,33137.41216692672,4594.859805991291,199960.33448800154,5660.175680206936
1783510398,4000,,Aggregated,251.400000,0.000000,12000,21000,22000,26000,112000,153000,180000,190000,199000,200000,200000,42015,0,12000.0,33012.75239238268,4594.859805991291,199960.33448800154,5657.165678924193
1783510399,4000,,Aggregated,245.400000,0.000000,12000,21000,22000,24000,112000,153000,180000,190000,199000,200000,200000,42271,0,12000.0,32894.108811404454,4594.859805991291,199960.33448800154,5655.426202360956
1783510400,4000,,Aggregated,250.800000,0.000000,12000,21000,22000,24000,112000,153000,180000,190000,199000,200000,200000,42586,0,12000.0,32761.08457880976,4594.859805991291,199960.33448800154,5669.447400554172
1783510401,4000,,Aggregated,247.600000,0.000000,12000,21000,22000,24000,112000,152000,180000,190000,199000,200000,200000,42787,0,12000.0,32663.117977995826,4594.859805991291,199960.33448800154,5659.289083132728
1783510402,4000,,Aggregated,253.700000,0.000000,12000,21000,22000,24000,111000,152000,180000,190000,199000,200000,200000,43016,0,12000.0,32564.6280845341,4594.859805991291,199960.33448800154,5663.5015110656495
1783510403,4000,,Aggregated,256.000000,0.000000,12000,21000,22000,24000,111000,152000,180000,190000,199000,200000,200000,43258,0,12000.0,32460.663520997543,4594.859805991291,199960.33448800154,5666.684936890286
1783510404,4000,,Aggregated,249.500000,0.000000,12000,21000,22000,24000,111000,152000,179000,190000,199000,200000,200000,43510,0,12000.0,32347.377570231085,4594.859805991291,199960.33448800154,5661.197333946219
1783510405,4000,,Aggregated,247.300000,0.000000,12000,21000,22000,23000,111000,151000,179000,190000,199000,200000,200000,43763,0,12000.0,32243.27960986059,4594.859805991291,199960.33448800154,5665.756757991911
1783510406,4000,,Aggregated,247.500000,0.000000,12000,21000,22000,23000,109000,151000,179000,190000,199000,200000,200000,44060,0,12000.0,32119.543715203345,4594.859805991291,199960.33448800154,5666.134203359055
1783510407,4000,,Aggregated,244.400000,0.000000,12000,21000,22000,23000,108000,151000,179000,190000,199000,200000,200000,44291,0,12000.0,32024.136707836995,4594.859805991291,199960.33448800154,5666.485606556636
1783510408,4000,,Aggregated,247.600000,0.000000,12000,21000,22000,23000,108000,151000,179000,190000,199000,200000,200000,44535,0,12000.0,31926.802819037723,4594.859805991291,199960.33448800154,5669.730414280903
1783510409,4000,,Aggregated,250.900000,0.000000,12000,21000,22000,23000,108000,151000,179000,190000,199000,200000,200000,44806,0,12000.0,31818.499370154335,4594.859805991291,199960.33448800154,5670.9077578895685
1783510410,4000,,Aggregated,248.700000,0.000000,12000,21000,22000,23000,108000,151000,179000,190000,199000,200000,200000,45047,0,12000.0,31718.31653677852,4594.859805991291,199960.33448800154,5665.803605123538
1783510411,4000,,Aggregated,245.400000,0.000000,12000,21000,22000,23000,107000,151000,179000,190000,199000,200000,200000,45288,0,12000.0,31622.901809452243,4594.859805991291,199960.33448800154,5666.906111994347
1783510412,4000,,Aggregated,248.200000,0.000000,12000,21000,22000,23000,103000,151000,179000,190000,199000,200000,200000,45501,0,12000.0,31540.45501777497,4594.859805991291,199960.33448800154,5667.755389991429
1783510413,4000,,Aggregated,243.400000,0.000000,12000,21000,22000,23000,102000,151000,179000,189000,199000,200000,200000,45727,0,12000.0,31453.533657282776,4594.859805991291,199960.33448800154,5666.121831740547
1783510414,4000,,Aggregated,246.000000,0.000000,12000,21000,22000,23000,102000,151000,179000,189000,199000,200000,200000,45998,0,12000.0,31353.56010968996,4594.859805991291,199960.33448800154,5670.875016305056
1783510415,4000,,Aggregated,243.900000,0.000000,12000,21000,22000,23000,102000,151000,179000,189000,199000,200000,200000,46330,0,12000.0,31238.573339658713,4594.859805991291,199960.33448800154,5684.289941722426
1783510417,4000,,Aggregated,246.000000,0.000000,12000,21000,22000,23000,101000,150000,179000,189000,199000,200000,200000,46710,0,12000.0,31090.413073097392,4594.859805991291,199960.33448800154,5675.121687004924
1783510418,4000,,Aggregated,252.300000,0.000000,12000,21000,22000,23000,101000,150000,179000,189000,199000,200000,200000,46964,0,12000.0,30996.02335624367,4594.859805991291,199960.33448800154,5674.289306703006
1783510419,4000,,Aggregated,248.800000,0.000000,12000,21000,22000,23000,101000,150000,179000,189000,199000,200000,200000,47228,0,12000.0,30896.702076431688,4594.859805991291,199960.33448800154,5668.6798932836455
1783510421,4000,,Aggregated,252.100000,0.000000,12000,21000,22000,23000,101000,150000,179000,189000,199000,200000,200000,47413,0,12000.0,30830.356741391777,4594.859805991291,199960.33448800154,5668.96228882374
1783510422,4000,,Aggregated,253.800000,0.000000,12000,21000,22000,23000,101000,150000,179000,189000,199000,200000,200000,47865,0,12000.0,30668.402841573024,4594.859805991291,199960.33448800154,5662.461297398934
1783510423,4000,,Aggregated,234.500000,0.000000,12000,21000,22000,23000,101000,142000,179000,189000,199000,200000,200000,48104,0,12000.0,30584.023786265803,4594.859805991291,199960.33448800154,5660.281452685847
1783510424,4000,,Aggregated,251.900000,0.000000,12000,21000,22000,23000,100000,142000,179000,189000,199000,200000,200000,48378,0,12000.0,30492.463609715905,4594.859805991291,199960.33448800154,5663.183079085535
1783510425,4000,,Aggregated,256.400000,0.000000,12000,21000,22000,23000,100000,141000,179000,189000,199000,200000,200000,48623,0,12000.0,30411.95642167593,4594.859805991291,199960.33448800154,5669.5880756020815
1783510426,4000,,Aggregated,258.200000,0.000000,12000,21000,22000,23000,99000,141000,179000,189000,199000,200000,200000,48895,0,12000.0,30319.920657700466,4594.859805991291,199960.33448800154,5671.984906432151
1783510427,4000,,Aggregated,256.800000,0.000000,12000,21000,22000,23000,99000,141000,179000,189000,199000,200000,200000,49152,0,12000.0,30230.60055933046,4594.859805991291,199960.33448800154,5672.189514160156
1783510428,4000,,Aggregated,250.500000,0.000000,12000,21000,22000,23000,99000,141000,179000,189000,199000,200000,200000,49378,0,12000.0,30151.796457175973,4594.859805991291,199960.33448800154,5669.372898861841
1783510429,4000,,Aggregated,253.800000,0.000000,12000,21000,22000,23000,99000,141000,179000,189000,199000,200000,200000,49626,0,12000.0,30068.24148749646,4594.859805991291,199960.33448800154,5669.679019062588
1783510430,4000,,Aggregated,250.900000,0.000000,12000,21000,22000,23000,98000,141000,179000,189000,199000,200000,200000,49881,0,12000.0,29983.699024547266,4594.859805991291,199960.33448800154,5668.774403079329
1783510431,4000,,Aggregated,249.400000,0.000000,12000,21000,22000,23000,98000,141000,179000,189000,199000,200000,200000,50137,0,12000.0,29906.426824957078,4594.859805991291,199960.33448800154,5678.958533617887
1783510432,4000,,Aggregated,246.800000,0.000000,12000,21000,22000,23000,98000,141000,179000,189000,199000,200000,200000,50388,0,12000.0,29814.134879915073,4594.859805991291,199960.33448800154,5662.973584980551
1783510433,4000,,Aggregated,269.500000,0.000000,12000,21000,22000,23000,98000,141000,179000,189000,199000,200000,200000,50679,0,12000.0,29722.925724425262,4594.859805991291,199960.33448800154,5665.58014167604
1783510434,4000,,Aggregated,251.400000,0.000000,12000,21000,22000,22000,98000,141000,179000,189000,199000,200000,200000,50927,0,12000.0,29644.791528157883,4594.859805991291,199960.33448800154,5666.271172462544
1783510435,4000,,Aggregated,253.200000,0.000000,12000,21000,22000,22000,97000,141000,179000,189000,199000,200000,200000,51180,0,12000.0,29564.059654509398,4594.859805991291,199960.33448800154,5666.589781164517
1783510436,4000,,Aggregated,255.000000,0.000000,12000,21000,22000,22000,92000,141000,179000,189000,199000,200000,200000,51391,0,12000.0,29499.135788864278,4594.859805991291,199960.33448800154,5669.146990718219
1783510437,4000,,Aggregated,255.100000,0.000000,12000,21000,22000,22000,92000,141000,179000,189000,199000,200000,200000,51860,0,12000.0,29358.111064071556,4594.859805991291,199960.33448800154,5670.320285383726
1783510438,4000,,Aggregated,255.500000,0.000000,12000,21000,22000,22000,92000,141000,179000,189000,199000,200000,200000,52126,0,12000.0,29276.79141307249,4594.859805991291,199960.33448800154,5669.67964163757
1783510439,4000,,Aggregated,235.200000,0.000000,12000,21000,22000,22000,92000,141000,179000,189000,199000,200000,200000,52376,0,12000.0,29201.454503677887,4594.859805991291,199960.33448800154,5669.6796624408125
1783510440,4000,,Aggregated,255.300000,0.000000,12000,21000,22000,22000,92000,140000,179000,189000,199000,200000,200000,52653,0,12000.0,29121.81180508188,4594.859805991291,199960.33448800154,5675.503352135681
1783510441,4000,,Aggregated,256.800000,0.000000,12000,21000,22000,22000,91000,140000,179000,189000,199000,200000,200000,52900,0,12000.0,29049.68587682642,4594.859805991291,199960.33448800154,5677.326862003781
1783510442,4000,,Aggregated,257.400000,0.000000,12000,21000,22000,22000,91000,140000,179000,189000,199000,200000,200000,53156,0,12000.0,28974.195361814152,4594.859805991291,199960.33448800154,5678.136710813455
1783510443,4000,,Aggregated,256.900000,0.000000,12000,21000,22000,22000,89000,140000,179000,189000,199000,200000,200000,53394,0,12000.0,28904.313195182083,4594.859805991291,199960.33448800154,5677.343765217066
1783510444,4000,,Aggregated,259.300000,0.000000,12000,21000,22000,22000,89000,140000,179000,189000,199000,200000,200000,53664,0,12000.0,28825.215592133856,4594.859805991291,199960.33448800154,5676.204662343471
1783510445,4000,,Aggregated,257.600000,0.000000,12000,21000,22000,22000,89000,140000,179000,189000,199000,200000,200000,53927,0,12000.0,28751.24569086219,4594.859805991291,199960.33448800154,5677.8515956756355
1783510446,4000,,Aggregated,253.400000,0.000000,12000,21000,22000,22000,88000,140000,179000,189000,199000,200000,200000,54193,0,12000.0,28680.02867137592,4594.859805991291,199960.33448800154,5685.227778495378
1783510447,4000,,Aggregated,255.500000,0.000000,12000,21000,22000,22000,88000,140000,179000,189000,199000,200000,200000,54438,0,12000.0,28607.41457904659,4594.859805991291,199960.33448800154,5680.235166611558
1783510448,4000,,Aggregated,255.500000,0.000000,12000,21000,22000,22000,88000,140000,179000,189000,199000,200000,200000,54693,0,12000.0,28535.314140554645,4594.859805991291,199960.33448800154,5680.647468597444
1783510449,4000,,Aggregated,273.900000,0.000000,12000,21000,22000,22000,88000,139000,179000,189000,199000,200000,200000,54910,0,12000.0,28473.437400825384,4594.859805991291,199960.33448800154,5677.367474048443
1783510450,4000,,Aggregated,256.500000,0.000000,12000,21000,22000,22000,88000,139000,179000,189000,199000,200000,200000,55164,0,12000.0,28404.284107929707,4594.859805991291,199960.33448800154,5677.384000435066
1783510452,4000,,Aggregated,252.600000,0.000000,12000,21000,22000,22000,87000,139000,179000,189000,199000,200000,200000,55381,0,12000.0,28344.936623907815,4594.859805991291,199960.33448800154,5675.269045340459
1783510453,4000,,Aggregated,249.900000,0.000000,12000,21000,22000,22000,87000,139000,179000,189000,199000,200000,200000,55897,0,12000.0,28212.2795565105,4594.859805991291,199960.33448800154,5676.112921981502
1783510454,4000,,Aggregated,244.900000,0.000000,12000,21000,22000,22000,87000,139000,179000,189000,199000,200000,200000,56173,0,12000.0,28140.17303882406,4594.859805991291,199960.33448800154,5675.100154878678
1783510455,4000,,Aggregated,246.800000,0.000000,12000,21000,22000,22000,87000,139000,179000,189000,199000,200000,200000,56429,0,12000.0,28074.505974556774,4594.859805991291,199960.33448800154,5674.412288007939
1783510456,4000,,Aggregated,256.800000,0.000000,12000,21000,22000,22000,86000,139000,179000,189000,199000,200000,200000,56687,0,12000.0,28009.293964856268,4594.859805991291,199960.33448800154,5676.478099035052
1783510457,4000,,Aggregated,254.600000,0.000000,12000,21000,22000,22000,86000,138000,178000,189000,199000,200000,200000,56925,0,12000.0,27947.379858190954,4594.859805991291,199960.33448800154,5675.55007465964
1783510458,4000,,Aggregated,253.900000,0.000000,12000,21000,22000,22000,86000,138000,178000,189000,199000,200000,200000,57176,0,12000.0,27885.0504404152,4594.859805991291,199960.33448800154,5679.863474184973
1783510459,4000,,Aggregated,253.800000,0.000000,12000,21000,22000,22000,86000,138000,178000,189000,199000,200000,200000,57415,0,12000.0,27826.162228894682,4594.859805991291,199960.33448800154,5680.503875293913
1783510460,4000,,Aggregated,251.800000,0.000000,12000,21000,22000,22000,85000,138000,178000,189000,199000,200000,200000,57685,0,12000.0,27760.356880650652,4594.859805991291,199960.33448800154,5680.963144664991
1783510461,4000,,Aggregated,252.300000,0.000000,12000,21000,22000,22000,85000,138000,178000,189000,199000,200000,200000,57895,0,12000.0,27709.476337927215,4594.859805991291,199960.33448800154,5680.17129285776
1783510462,4000,,Aggregated,253.600000,0.000000,12000,21000,22000,22000,83000,138000,178000,189000,199000,200000,200000,58207,0,12000.0,27640.74367576481,4594.859805991291,199960.33448800154,5690.606799869432
1783510463,4000,,Aggregated,255.600000,0.000000,12000,21000,22000,22000,83000,138000,178000,189000,199000,200000,200000,58408,0,12000.0,27586.84034093928,4594.859805991291,199960.33448800154,5681.4697986577185
1783510464,4000,,Aggregated,255.700000,0.000000,12000,21000,22000,22000,82000,138000,178000,188000,199000,200000,200000,58673,0,12000.0,27525.370777398242,4594.859805991291,199960.33448800154,5685.906447599407
1783510465,4000,,Aggregated,258.400000,0.000000,12000,21000,22000,22000,82000,138000,178000,188000,199000,200000,200000,58904,0,12000.0,27468.02379912338,4594.859805991291,199960.33448800154,5683.257062338721
1783510466,4000,,Aggregated,249.400000,0.000000,12000,21000,22000,22000,82000,138000,178000,188000,199000,200000,200000,59167,0,12000.0,27404.97841391406,4594.859805991291,199960.33448800154,5680.878935893319
1783510467,4000,,Aggregated,247.200000,0.000000,12000,21000,22000,22000,82000,138000,178000,188000,199000,200000,200000,59421,0,12000.0,27347.439460114343,4594.859805991291,199960.33448800154,5682.705558640884
1783510469,4000,,Aggregated,246.500000,0.000000,12000,21000,22000,22000,82000,138000,177000,188000,199000,200000,200000,59608,0,12000.0,27304.85163162159,4594.859805991291,199960.33448800154,5683.878120386526
1783510470,4000,,Aggregated,247.900000,0.000000,12000,21000,22000,22000,75000,138000,176000,183000,199000,200000,200000,60158,0,12000.0,27184.223702000672,4594.859805991291,199960.33448800154,5683.904784068619
1783510471,4000,,Aggregated,237.800000,0.000000,12000,21000,22000,22000,75000,138000,176000,182000,199000,200000,200000,60402,0,12000.0,27129.885038277327,4594.859805991291,199960.33448800154,5683.090063242939
1783510472,4000,,Aggregated,239.600000,0.000000,12000,20000,22000,22000,74000,138000,176000,182000,199000,200000,200000,60668,0,12000.0,27070.483459727144,4594.859805991291,199960.33448800154,5681.223775301642
1783510473,4000,,Aggregated,247.700000,0.000000,12000,20000,22000,22000,74000,138000,175000,181000,199000,200000,200000,60916,0,12000.0,27017.536112164667,4594.859805991291,199960.33448800154,5682.441624532143
1783510474,4000,,Aggregated,253.400000,0.000000,12000,20000,22000,22000,73000,138000,175000,181000,199000,200000,200000,61147,0,12000.0,26967.614530621442,4594.859805991291,199960.33448800154,5682.813956530983
1783510475,4000,,Aggregated,248.300000,0.000000,12000,20000,22000,22000,73000,138000,175000,181000,199000,200000,200000,61432,0,12000.0,26907.668271316328,4594.859805991291,199960.33448800154,5685.701442245084
1783510476,4000,,Aggregated,250.300000,0.000000,12000,20000,22000,22000,73000,137000,171000,181000,199000,200000,200000,61716,0,12000.0,26845.96284442048,4594.859805991291,199960.33448800154,5684.139850281937
1783510477,4000,,Aggregated,249.600000,0.000000,12000,20000,22000,22000,73000,137000,170000,181000,199000,200000,200000,61988,0,12000.0,26791.04014658398,4594.859805991291,199960.33448800154,5689.383025746919
1783510478,4000,,Aggregated,253.800000,0.000000,12000,20000,22000,22000,73000,137000,170000,181000,199000,200000,200000,62220,0,12000.0,26741.59420649108,4594.859805991291,199960.33448800154,5687.559803921568
1783510479,4000,,Aggregated,255.700000,0.000000,12000,20000,22000,22000,72000,137000,170000,181000,199000,200000,200000,62486,0,12000.0,26692.255167032337,4594.859805991291,199960.33448800154,5697.3539512850875
1783510480,4000,,Aggregated,258.400000,0.000000,12000,20000,22000,22000,72000,137000,170000,181000,199000,200000,200000,62678,0,12000.0,26645.473529401166,4594.859805991291,199960.33448800154,5688.855084718721
1783510481,4000,,Aggregated,266.300000,0.000000,12000,20000,22000,22000,72000,137000,170000,181000,199000,200000,200000,62922,0,12000.0,26596.261880189828,4594.859805991291,199960.33448800154,5692.469803884174
1783510482,4000,,Aggregated,266.800000,0.000000,12000,20000,22000,22000,72000,137000,170000,181000,199000,200000,200000,63151,0,12000.0,26546.32573302498,4594.859805991291,199960.33448800154,5690.505296828237
1783510483,4000,,Aggregated,252.800000,0.000000,12000,20000,22000,22000,72000,137000,170000,181000,199000,200000,200000,63382,0,12000.0,26497.387967484687,4594.859805991291,199960.33448800154,5687.572149821716
1783510484,4000,,Aggregated,249.000000,0.000000,12000,20000,22000,22000,72000,137000,170000,181000,199000,200000,200000,63598,0,12000.0,26452.982028298855,4594.859805991291,199960.33448800154,5686.514906129123
1783510485,4000,,Aggregated,247.200000,0.000000,12000,20000,22000,22000,71000,137000,170000,181000,199000,200000,200000,63834,0,12000.0,26406.75206014755,4594.859805991291,199960.33448800154,5686.828054015102
1783510487,4000,,Aggregated,243.400000,0.000000,12000,20000,22000,22000,70000,137000,170000,181000,199000,200000,200000,64024,0,12000.0,26370.09069843966,4594.859805991291,199960.33448800154,5687.773819192803
1783510488,4000,,Aggregated,238.700000,0.000000,12000,20000,22000,22000,69000,132000,170000,181000,199000,200000,200000,64522,0,12000.0,26278.915552454826,4594.859805991291,199960.33448800154,5691.6877344161685
1783510489,4000,,Aggregated,225.600000,0.000000,12000,20000,22000,22000,69000,131000,170000,180000,199000,200000,200000,64763,0,12000.0,26232.72267738618,4594.859805991291,199960.33448800154,5689.421243611321
1783510490,4000,,Aggregated,232.600000,0.000000,12000,19000,22000,22000,69000,131000,170000,180000,199000,200000,200000,65020,0,12000.0,26184.396270442252,4594.859805991291,199960.33448800154,5689.268948015995
1783510491,4000,,Aggregated,234.500000,0.000000,12000,19000,22000,22000,69000,131000,170000,180000,199000,200000,200000,65266,0,12000.0,26139.91034102078,4594.859805991291,199960.33448800154,5690.2632457941345
1783510492,4000,,Aggregated,232.000000,0.000000,12000,19000,22000,22000,69000,131000,170000,180000,199000,200000,200000,65524,0,12000.0,26092.221314437807,4594.859805991291,199960.33448800154,5690.106678468958
1783510493,4000,,Aggregated,238.100000,0.000000,12000,19000,22000,22000,69000,131000,170000,180000,199000,200000,200000,65758,0,12000.0,26052.248292387925,4594.859805991291,199960.33448800154,5693.20525259284
1783510494,4000,,Aggregated,239.200000,0.000000,12000,19000,22000,22000,64000,131000,170000,180000,199000,200000,200000,66003,0,12000.0,26009.835271203126,4594.859805991291,199960.33448800154,5694.606411829765
1783510495,4000,,Aggregated,241.300000,0.000000,12000,19000,22000,22000,63000,131000,170000,180000,199000,200000,200000,66279,0,12000.0,25962.695181885836,4594.859805991291,199960.33448800154,5697.1706573726215
1783510496,4000,,Aggregated,242.200000,0.000000,12000,19000,22000,22000,63000,131000,170000,180000,199000,200000,200000,66522,0,12000.0,25920.498421520384,4594.859805991291,199960.33448800154,5699.550900453985
1783510497,4000,,Aggregated,246.100000,0.000000,12000,19000,22000,22000,63000,131000,170000,180000,199000,200000,200000,66814,0,12000.0,25874.964041545023,4594.859805991291,199960.33448800154,5709.352590774389
1783510498,4000,,Aggregated,248.200000,0.000000,12000,18000,22000,22000,63000,131000,170000,180000,199000,200000,200000,66980,0,12000.0,25839.411847161526,4594.859805991291,199960.33448800154,5700.628724992535
1783510499,4000,,Aggregated,257.800000,0.000000,12000,18000,22000,22000,63000,131000,170000,180000,199000,200000,200000,67251,0,12000.0,25794.800594459502,4594.859805991291,199960.33448800154,5706.742070749878
1783510500,4000,,Aggregated,250.600000,0.000000,12000,18000,22000,22000,63000,130000,170000,180000,199000,200000,200000,67506,0,12000.0,25748.79924622345,4594.859805991291,199960.33448800154,5705.097220987764
1783510501,4000,,Aggregated,243.600000,0.000000,12000,17000,22000,22000,62000,130000,170000,180000,199000,200000,200000,67743,0,12000.0,25705.322912728177,4594.859805991291,199960.33448800154,5702.903739131719
1783510502,4000,,Aggregated,248.200000,0.000000,12000,17000,22000,22000,62000,130000,169000,180000,199000,200000,200000,67927,0,12000.0,25672.874339019796,4594.859805991291,199960.33448800154,5701.808161703005
1783510503,4000,,Aggregated,246.700000,0.000000,12000,16000,22000,22000,62000,130000,169000,180000,199000,200000,200000,68179,0,12000.0,25630.360016389837,4594.859805991291,199960.33448800154,5702.262441514249
1783510504,4000,,Aggregated,246.900000,0.000000,12000,15000,22000,22000,61000,130000,169000,180000,199000,200000,200000,68428,0,12000.0,25588.822304559668,4594.859805991291,199960.33448800154,5701.061290699714
1783510506,4000,,Aggregated,241.200000,0.000000,12000,15000,22000,22000,61000,130000,169000,180000,199000,200000,200000,68528,0,12000.0,25572.14386054982,4594.859805991291,199960.33448800154,5701.415508989026
1783510507,4000,,Aggregated,239.800000,0.000000,12000,15000,22000,22000,60000,129000,169000,180000,199000,200000,200000,69074,0,12000.0,25489.08467235287,4594.859805991291,199960.33448800154,5707.270014766772
1783510508,4000,,Aggregated,216.800000,0.000000,12000,15000,22000,22000,60000,128000,169000,180000,199000,200000,200000,69285,0,12000.0,25454.224530142063,4594.859805991291,199960.33448800154,5705.56168001732
1783510509,4000,,Aggregated,239.600000,0.000000,12000,14000,22000,22000,59000,128000,169000,180000,199000,200000,200000,69559,0,12000.0,25410.209568254533,4594.859805991291,199960.33448800154,5705.811627539211
1783510510,4000,,Aggregated,234.300000,0.000000,12000,14000,22000,22000,58000,128000,169000,180000,199000,200000,200000,69802,0,12000.0,25370.908670186658,4594.859805991291,199960.33448800154,5705.669336122174
1783510511,4000,,Aggregated,241.300000,0.000000,12000,14000,22000,22000,54000,128000,169000,180000,199000,200000,200000,70088,0,12000.0,25326.56553656403,4594.859805991291,199960.33448800154,5708.685438306129
1783510512,4000,,Aggregated,239.500000,0.000000,12000,14000,22000,22000,54000,128000,169000,180000,199000,200000,200000,70343,0,12000.0,25286.225444153322,4594.859805991291,199960.33448800154,5709.264347554127
1783510513,4000,,Aggregated,241.100000,0.000000,12000,14000,22000,22000,53000,128000,169000,180000,199000,200000,200000,70587,0,12000.0,25245.562853242547,4594.859805991291,199960.33448800154,5707.144105855185
1783510514,4000,,Aggregated,244.000000,0.000000,12000,14000,22000,22000,53000,128000,169000,180000,199000,200000,200000,70864,0,12000.0,25201.797004144668,4594.859805991291,199960.33448800154,5707.683308873335
1783510515,4000,,Aggregated,247.400000,0.000000,12000,14000,22000,22000,53000,128000,169000,180000,199000,200000,200000,71142,0,12000.0,25159.590648576,4594.859805991291,199960.33448800154,5710.237693626831
1783510516,4000,,Aggregated,251.500000,0.000000,12000,14000,22000,22000,53000,127000,169000,180000,199000,200000,200000,71454,0,12000.0,25112.837417108614,4594.859805991291,199960.33448800154,5717.034357768634
1783510517,4000,,Aggregated,256.500000,0.000000,12000,14000,22000,22000,53000,127000,168000,180000,199000,200000,200000,71729,0,12000.0,25066.97605367132,4594.859805991291,199960.33448800154,5717.131104574161
1783510518,4000,,Aggregated,285.700000,0.000000,12000,14000,22000,22000,52000,127000,168000,180000,199000,200000,200000,71980,0,12000.0,25024.580197335606,4594.859805991291,199960.33448800154,5715.476660183384
1783510519,4000,,Aggregated,260.600000,0.000000,12000,14000,21000,22000,49000,127000,168000,180000,199000,200000,200000,72235,0,12000.0,24983.670036699234,4594.859805991291,199960.33448800154,5716.980078909116
1783510520,4000,,Aggregated,267.400000,0.000000,12000,14000,21000,22000,48000,127000,168000,180000,199000,200000,200000,72518,0,12000.0,24937.72839592957,4594.859805991291,199960.33448800154,5717.388593176866
1783510521,4000,,Aggregated,267.400000,0.000000,12000,14000,21000,22000,48000,127000,168000,180000,199000,200000,200000,72767,0,12000.0,24897.1053563164,4594.859805991291,199960.33448800154,5716.175519122679
1783510522,4000,,Aggregated,268.500000,0.000000,12000,14000,21000,22000,48000,127000,167000,180000,199000,200000,200000,73004,0,12000.0,24859.510412834694,4594.859805991291,199960.33448800154,5716.637471919347
1783510523,4000,,Aggregated,266.000000,0.000000,12000,14000,21000,22000,47000,127000,167000,180000,199000,200000,200000,73243,0,12000.0,24821.056683073937,4594.859805991291,199960.33448800154,5715.289024207092
1783510524,4000,,Aggregated,266.000000,0.000000,12000,14000,21000,22000,47000,127000,167000,180000,199000,200000,200000,73245,0,12000.0,24820.66189007994,4594.859805991291,199960.33448800154,5715.15530070312
1783510525,4000,,Aggregated,264.800000,0.000000,12000,14000,21000,22000,47000,126000,167000,180000,199000,200000,200000,73758,0,12000.0,24743.14870638053,4594.859805991291,199960.33448800154,5714.43992516066
1783510526,4000,,Aggregated,247.400000,0.000000,12000,14000,21000,22000,47000,126000,167000,180000,199000,200000,200000,74031,0,12000.0,24700.562116228706,4594.859805991291,199960.33448800154,5713.907633288757
1783510527,4000,,Aggregated,256.600000,0.000000,12000,14000,21000,22000,46000,126000,167000,180000,199000,200000,200000,74240,0,12000.0,24668.10391852699,4594.859805991291,199960.33448800154,5713.209321120689
1783510528,4000,,Aggregated,247.900000,0.000000,12000,14000,21000,22000,46000,126000,167000,180000,199000,200000,200000,74486,0,12000.0,24631.056617047954,4594.859805991291,199960.33448800154,5712.119928577183
1783510529,4000,,Aggregated,249.500000,0.000000,12000,14000,21000,22000,46000,126000,167000,180000,199000,200000,200000,74694,0,12000.0,24600.198257664437,4594.859805991291,199960.33448800154,5710.461817548933
1783510530,4000,,Aggregated,242.800000,0.000000,12000,14000,21000,22000,46000,126000,167000,180000,199000,200000,200000,74940,0,12000.0,24564.753564517585,4594.859805991291,199960.33448800154,5711.5489057913
1783510531,4000,,Aggregated,241.700000,0.000000,12000,14000,21000,22000,45000,125000,167000,180000,199000,200000,200000,75208,0,12000.0,24527.415609980784,4594.859805991291,199960.33448800154,5712.28366663121
1783510532,4000,,Aggregated,237.800000,0.000000,12000,14000,21000,22000,45000,125000,167000,180000,199000,200000,200000,75489,0,12000.0,24487.300380097495,4594.859805991291,199960.33448800154,5712.48947528779
1783510533,4000,,Aggregated,237.200000,0.000000,12000,14000,21000,22000,44000,125000,167000,180000,199000,200000,200000,75747,0,12000.0,24450.460585434645,4594.859805991291,199960.33448800154,5711.309622823346
1783510534,4000,,Aggregated,238.100000,0.000000,12000,14000,21000,22000,44000,122000,167000,180000,199000,200000,200000,76066,0,12000.0,24411.107232015223,4594.859805991291,199960.33448800154,5721.006007940473
1783510535,4000,,Aggregated,244.000000,0.000000,12000,14000,21000,22000,43000,122000,167000,180000,199000,200000,200000,76263,0,12000.0,24379.226587088182,4594.859805991291,199960.33448800154,5715.170580753445
1783510536,4000,,Aggregated,259.800000,0.000000,12000,14000,21000,22000,43000,122000,167000,180000,199000,200000,200000,76560,0,12000.0,24338.515299320767,4594.859805991291,199960.33448800154,5718.180616509927
1783510537,4000,,Aggregated,250.800000,0.000000,12000,13000,21000,22000,43000,122000,167000,180000,199000,200000,200000,76784,0,12000.0,24306.056795023644,4594.859805991291,199960.33448800154,5715.442331735779
1783510538,4000,,Aggregated,250.900000,0.000000,12000,13000,21000,22000,43000,121000,166000,180000,199000,200000,200000,76995,0,12000.0,24276.7168733472,4594.859805991291,199960.33448800154,5716.159425936749
1783510539,4000,,Aggregated,253.600000,0.000000,12000,13000,21000,22000,43000,121000,166000,180000,199000,200000,200000,77234,0,12000.0,24243.725283604224,4594.859805991291,199960.33448800154,5715.901170468965
1783510540,4000,,Aggregated,251.600000,0.000000,12000,13000,21000,22000,43000,121000,166000,180000,199000,200000,200000,77489,0,12000.0,24210.06198092971,4594.859805991291,199960.33448800154,5716.160771206236
1783510541,4000,,Aggregated,252.600000,0.000000,12000,13000,21000,22000,40000,121000,166000,180000,199000,200000,200000,77743,0,12000.0,24177.344085546312,4594.859805991291,199960.33448800154,5718.751128718985
1783510542,4000,,Aggregated,252.900000,0.000000,12000,13000,21000,22000,40000,121000,166000,180000,199000,200000,200000,77987,0,12000.0,24145.722814561897,4594.859805991291,199960.33448800154,5719.982612486697
1783510544,4000,,Aggregated,256.100000,0.000000,12000,13000,21000,22000,40000,121000,166000,180000,199000,200000,200000,78022,0,12000.0,24140.89672701941,4594.859805991291,199960.33448800154,5720.153469534234
1783510545,4000,,Aggregated,244.100000,0.000000,12000,13000,21000,22000,40000,121000,166000,180000,199000,200000,200000,78564,0,12000.0,24070.836525225426,4594.859805991291,199960.33448800154,5719.460452624612
1783510546,4000,,Aggregated,217.900000,0.000000,12000,13000,21000,22000,40000,121000,166000,180000,199000,200000,200000,78837,0,12000.0,24036.902783900838,4594.859805991291,199960.33448800154,5723.634207288456
1783510547,4000,,Aggregated,242.200000,0.000000,12000,13000,21000,22000,37000,121000,166000,180000,199000,200000,200000,79079,0,12000.0,24003.929900914023,4594.859805991291,199960.33448800154,5721.151569949038
1783510548,4000,,Aggregated,244.100000,0.000000,12000,13000,21000,22000,36000,121000,166000,180000,199000,200000,200000,79328,0,12000.0,23971.52831234033,4594.859805991291,199960.33448800154,5720.428738906818
1783510549,4000,,Aggregated,242.800000,0.000000,12000,13000,21000,22000,36000,121000,166000,180000,199000,200000,200000,79552,0,12000.0,23943.838481312207,4594.859805991291,199960.33448800154,5722.429970333869
1783510550,4000,,Aggregated,247.500000,0.000000,12000,13000,21000,22000,35000,120000,166000,180000,199000,200000,200000,79808,0,12000.0,23912.958994490524,4594.859805991291,199960.33448800154,5722.942198777065
1783510551,4000,,Aggregated,245.400000,0.000000,12000,13000,21000,22000,34000,117000,166000,180000,199000,200000,200000,80041,0,12000.0,23885.38496790689,4594.859805991291,199960.33448800154,5724.894853887383
1783510552,4000,,Aggregated,246.200000,0.000000,12000,13000,21000,22000,34000,115000,166000,180000,199000,200000,200000,80258,0,12000.0,23859.252451262164,4594.859805991291,199960.33448800154,5725.243464825936
1783510553,4000,,Aggregated,242.700000,0.000000,12000,13000,21000,22000,34000,115000,166000,180000,199000,200000,200000,80527,0,12000.0,23826.222966639456,4594.859805991291,199960.33448800154,5725.928210413898
1783510554,4000,,Aggregated,241.600000,0.000000,12000,13000,21000,22000,34000,114000,166000,180000,199000,200000,200000,80861,0,12000.0,23790.20634412505,4594.859805991291,199960.33448800154,5735.660652230371
1783510555,4000,,Aggregated,248.800000,0.000000,12000,13000,21000,22000,34000,114000,166000,180000,199000,200000,200000,81042,0,12000.0,23763.195957084932,4594.859805991291,199960.33448800154,5729.164433256829
1783510556,4000,,Aggregated,282.100000,0.000000,12000,13000,21000,22000,34000,114000,166000,180000,199000,200000,200000,81302,0,12000.0,23732.35310844468,4594.859805991291,199960.33448800154,5731.061855796906
1783510557,4000,,Aggregated,246.300000,0.000000,12000,13000,21000,22000,33000,114000,166000,180000,199000,200000,200000,81572,0,12000.0,23697.802240841622,4594.859805991291,199960.33448800154,5730.509770509489
1783510558,4000,,Aggregated,246.900000,0.000000,12000,13000,21000,22000,33000,113000,166000,180000,199000,200000,200000,81821,0,12000.0,23667.567745783574,4594.859805991291,199960.33448800154,5730.865743513279
1783510559,4000,,Aggregated,248.900000,0.000000,12000,13000,21000,22000,33000,113000,166000,180000,199000,200000,200000,82055,0,12000.0,23637.828500932625,4594.859805991291,199960.33448800154,5728.711010907318
1783510560,4000,,Aggregated,249.000000,0.000000,12000,13000,21000,22000,33000,113000,166000,180000,199000,200000,200000,82325,0,12000.0,23607.44737450675,4594.859805991291,199960.33448800154,5731.448089887641
1783510561,4000,,Aggregated,250.000000,0.000000,12000,13000,21000,22000,33000,113000,166000,180000,199000,200000,200000,82589,0,12000.0,23576.838168018417,4594.859805991291,199960.33448800154,5732.496252527576
1783510562,4000,,Aggregated,251.400000,0.000000,12000,13000,21000,22000,32000,113000,166000,180000,199000,200000,200000,82854,0,12000.0,23545.028745301643,4594.859805991291,199960.33448800154,5732.098196828156
1783510563,4000,,Aggregated,253.700000,0.000000,12000,13000,21000,22000,32000,112000,166000,180000,199000,200000,200000,83027,0,12000.0,23524.96646979395,4594.859805991291,199960.33448800154,5732.835077745794
1783510565,4000,,Aggregated,258.400000,0.000000,12000,13000,21000,22000,30000,112000,166000,180000,199000,200000,200000,83550,0,12000.0,23465.149911580917,4594.859805991291,199960.33448800154,5732.287612208259
1783510566,4000,,Aggregated,218.400000,0.000000,12000,13000,21000,22000,29000,112000,166000,180000,199000,200000,200000,83821,0,12000.0,23433.15453469048,4594.859805991291,199960.33448800154,5732.2552582288445
1783510567,4000,,Aggregated,253.400000,0.000000,12000,13000,21000,22000,26000,112000,166000,180000,199000,200000,200000,84052,0,12000.0,23406.337891137293,4594.859805991291,199960.33448800154,5732.184647599105
1783510568,4000,,Aggregated,253.700000,0.000000,12000,13000,21000,22000,25000,112000,166000,180000,199000,200000,200000,84328,0,12000.0,23374.89977176405,4594.859805991291,199960.33448800154,5732.521072478892
1783510569,4000,,Aggregated,249.600000,0.000000,12000,13000,21000,22000,24000,112000,166000,180000,199000,200000,200000,84565,0,12000.0,23348.106517066546,4594.859805991291,199960.33448800154,5732.8823153787025
1783510570,4000,,Aggregated,252.500000,0.000000,12000,13000,21000,22000,24000,112000,166000,180000,199000,200000,200000,84802,0,12000.0,23321.47112605118,4594.859805991291,199960.33448800154,5733.550895026061
1783510571,4000,,Aggregated,252.900000,0.000000,12000,13000,21000,22000,24000,112000,166000,180000,199000,200000,200000,85059,0,12000.0,23293.183808480782,4594.859805991291,199960.33448800154,5734.242032001317
1783510572,4000,,Aggregated,250.400000,0.000000,12000,13000,21000,22000,24000,112000,166000,180000,199000,200000,200000,85309,0,12000.0,23265.216349531525,4594.859805991291,199960.33448800154,5734.210575671969
1783510573,4000,,Aggregated,250.000000,0.000000,12000,13000,21000,22000,24000,112000,166000,180000,199000,200000,200000,85570,0,12000.0,23236.24613765581,4594.859805991291,199960.33448800154,5733.616021970317
1783510574,4000,,Aggregated,247.900000,0.000000,12000,13000,21000,22000,24000,111000,166000,180000,199000,200000,200000,85838,0,12000.0,23209.183005170562,4594.859805991291,199960.33448800154,5738.309443370069
1783510575,4000,,Aggregated,253.700000,0.000000,12000,13000,21000,22000,24000,111000,166000,180000,199000,200000,200000,86058,0,12000.0,23178.81681926157,4594.859805991291,199960.33448800154,5730.199284203676
1783510576,4000,,Aggregated,280.800000,0.000000,12000,13000,21000,22000,24000,111000,166000,180000,199000,200000,200000,86321,0,12000.0,23150.661161143744,4594.859805991291,199960.33448800154,5731.521391086758
1783510577,4000,,Aggregated,249.900000,0.000000,12000,13000,21000,22000,24000,111000,166000,180000,199000,200000,200000,86539,0,12000.0,23125.808329985382,4594.859805991291,199960.33448800154,5730.557055200546
1783510578,4000,,Aggregated,249.200000,0.000000,12000,13000,21000,22000,24000,111000,166000,179000,199000,200000,200000,86822,0,12000.0,23094.105910111135,4594.859805991291,199960.33448800154,5729.864585013015
1783510579,4000,,Aggregated,248.400000,0.000000,12000,13000,21000,22000,24000,111000,166000,179000,199000,200000,200000,87091,0,12000.0,23066.43723310166,4594.859805991291,199960.33448800154,5732.159545762478
1783510580,4000,,Aggregated,247.400000,0.000000,12000,13000,21000,22000,24000,111000,165000,179000,199000,200000,200000,87344,0,12000.0,23039.405151203784,4594.859805991291,199960.33448800154,5731.378171368383
1783510581,4000,,Aggregated,251.400000,0.000000,12000,13000,21000,22000,24000,111000,165000,179000,199000,200000,200000,87587,0,12000.0,23013.74214770628,4594.859805991291,199960.33448800154,5730.290008791259
1783510582,4000,,Aggregated,253.400000,0.000000,12000,13000,21000,22000,24000,110000,165000,179000,199000,200000,200000,87909,0,12000.0,22978.915091435203,4594.859805991291,199960.33448800154,5728.86425735704
1783510583,4000,,Aggregated,252.500000,0.000000,12000,13000,21000,22000,24000,109000,165000,179000,199000,200000,200000,88174,0,12000.0,22950.335427767204,4594.859805991291,199960.33448800154,5728.922959148956
1783510584,4000,,Aggregated,252.500000,0.000000,12000,13000,21000,22000,24000,109000,165000,179000,199000,200000,200000,88238,0,12000.0,22943.8333196435,4594.859805991291,199960.33448800154,5729.87624379519
1783510585,4000,,Aggregated,259.200000,0.000000,12000,13000,21000,22000,24000,108000,165000,179000,199000,200000,200000,88765,0,12000.0,22889.71148841925,4594.859805991291,199960.33448800154,5727.402332000225
1783510586,4000,,Aggregated,240.300000,0.000000,12000,13000,21000,22000,24000,108000,165000,179000,199000,200000,200000,89004,0,12000.0,22865.141560400978,4594.859805991291,199960.33448800154,5727.646218147499
1783510587,4000,,Aggregated,257.800000,0.000000,12000,13000,21000,22000,24000,108000,165000,179000,199000,200000,200000,89224,0,12000.0,22841.721415370925,4594.859805991291,199960.33448800154,5725.934557966467
1783510588,4000,,Aggregated,253.600000,0.000000,12000,13000,21000,22000,23000,108000,165000,179000,199000,200000,200000,89514,0,12000.0,22813.20243336458,4594.859805991291,199960.33448800154,5727.3782425095515
1783510589,4000,,Aggregated,256.000000,0.000000,12000,13000,21000,22000,23000,108000,164000,179000,199000,200000,200000,89748,0,12000.0,22790.228547513598,4594.859805991291,199960.33448800154,5728.372899674645
1783510590,4000,,Aggregated,251.600000,0.000000,12000,13000,21000,22000,23000,108000,164000,179000,199000,200000,200000,89998,0,12000.0,22764.98139275053,4594.859805991291,199960.33448800154,5729.193770972688
1783510591,4000,,Aggregated,251.300000,0.000000,12000,13000,21000,22000,23000,108000,161000,179000,199000,200000,200000,90251,0,12000.0,22738.36583239203,4594.859805991291,199960.33448800154,5728.011124530476
1783510592,4000,,Aggregated,250.700000,0.000000,12000,13000,21000,22000,23000,107000,161000,179000,199000,200000,200000,90484,0,12000.0,22713.62132404807,4594.859805991291,199960.33448800154,5725.439569426639
1783510593,4000,,Aggregated,251.900000,0.000000,12000,13000,21000,22000,23000,107000,161000,179000,199000,200000,200000,90709,0,12000.0,22691.10190202046,4594.859805991291,199960.33448800154,5725.140801904993
1783510594,4000,,Aggregated,246.700000,0.000000,12000,13000,21000,22000,23000,103000,161000,179000,199000,200000,200000,90994,0,12000.0,22668.174792139856,4594.859805991291,199960.33448800154,5734.656328988724
