Timestamp,User Count,Type,Name,Requests/s,Failures/s,50%,66%,75%,80%,90%,95%,98%,99%,99.9%,99.99%,100%,Total Request Count,Total Failure Count,Total Median Response Time,Total Average Response Time,Total Min Response Time,Total Max Response Time,Total Average Content Size
1783507552,0,,Aggregated,0.000000,0.000000,N/A,N/A,N/A,N/A,N/A,N/A,N/A,N/A,N/A,N/A,N/A,0,0,0,0.0,0,0,0
1783507553,50,,Aggregated,0.000000,0.000000,N/A,N/A,N/A,N/A,N/A,N/A,N/A,N/A,N/A,N/A,N/A,0,0,0,0.0,0,0,0
1783507554,100,,Aggregated,0.000000,0.000000,N/A,N/A,N/A,N/A,N/A,N/A,N/A,N/A,N/A,N/A,N/A,0,0,0,0.0,0,0,0
1783507555,150,,Aggregated,0.000000,0.000000,N/A,N/A,N/A,N/A,N/A,N/A,N/A,N/A,N/A,N/A,N/A,0,0,0,0.0,0,0,0
1783507556,200,,Aggregated,0.000000,0.000000,3100,3100,3100,3100,3100,3100,3100,3100,3100,3100,3100,5,0,3060.1615979976486,3044.207317204564,3022.819592995802,3060.1615979976486,655.0
1783507557,250,,Aggregated,0.000000,0.000000,4700,4700,4700,4700,4700,4700,4700,4700,4700,4700,4700,24,0,4700.0,4340.466805334169,3022.819592995802,4713.304032004089,655.0
1783507558,300,,Aggregated,0.000000,0.000000,4700,4700,4700,4700,4700,4700,4700,4700,4700,4700,4700,24,0,4700.0,4340.466805334169,3022.819592995802,4713.304032004089,655.0
1783507559,350,,Aggregated,0.000000,0.000000,4700,4700,4700,4700,4700,4700,4700,4700,4700,4700,4700,24,0,4700.0,4340.466805334169,3022.819592995802,4713.304032004089,655.0
1783507560,400,,Aggregated,4.800000,0.000000,4700,7500,7500,7500,7600,7600,7600,7600,7600,7600,7600,50,0,4700.0,5673.148924839916,3022.819592995802,7571.975766011747,671.3
1783507561,450,,Aggregated,3.428571,0.000000,7500,7600,7800,7900,8000,8700,8700,8700,8700,8700,8700,81,0,7500.0,6149.439221926222,3022.819592995802,8695.23697400291,683.1728395061729
1783507562,500,,Aggregated,3.428571,0.000000,7500,7600,7900,7900,8000,8700,8700,8700,8700,8700,8700,87,0,7500.0,6281.118800758917,3022.819592995802,8695.23697400291,681.2298850574713
1783507563,500,,Aggregated,3.428571,0.000000,7500,7600,7900,7900,8000,8700,8700,8700,8700,8700,8700,87,0,7500.0,6281.118800758917,3022.819592995802,8695.23697400291,681.2298850574713
1783507564,500,,Aggregated,3.428571,0.000000,7500,7600,7900,7900,8000,8700,8700,8700,8700,8700,8700,87,0,7500.0,6281.118800758917,3022.819592995802,8695.23697400291,681.2298850574713
1783507565,500,,Aggregated,3.428571,0.000000,7500,7600,7900,7900,8000,8700,8700,8700,8700,8700,8700,87,0,7500.0,6281.118800758917,3022.819592995802,8695.23697400291,681.2298850574713
1783507566,500,,Aggregated,8.700000,0.000000,7500,7900,8000,8700,13000,13000,13000,13000,13000,13000,13000,137,0,7500.0,7403.8828554597,3022.819592995802,12815.5226430099,755.043795620438
1783507567,500,,Aggregated,8.700000,0.000000,6600,7800,8000,8700,13000,13000,13000,13000,13000,13000,13000,145,0,6600.0,7325.297953841448,3022.819592995802,12815.5226430099,837.7862068965517
1783507568,500,,Aggregated,8.700000,0.000000,7500,8000,10000,13000,13000,13000,13000,14000,14000,14000,14000,204,0,7500.0,7967.055853715413,3022.819592995802,14233.209286001511,822.3382352941177
1783507569,500,,Aggregated,12.100000,0.000000,7500,8700,13000,13000,13000,14000,15000,15000,15000,15000,15000,221,0,7500.0,8455.255759158345,3022.819592995802,14978.512760004378,809.4660633484162
1783507570,500,,Aggregated,12.100000,0.000000,7900,13000,13000,13000,15000,15000,15000,16000,16000,16000,16000,250,0,7800.0,9216.031523868038,3022.819592995802,15611.917814007029,791.548
1783507571,500,,Aggregated,18.400000,0.000000,7900,13000,13000,14000,15000,15000,16000,16000,17000,17000,17000,263,0,7900.0,9528.591182585513,3022.819592995802,16780.109446001006,784.7984790874525
1783507572,500,,Aggregated,20.000000,0.000000,10000,14000,15000,15000,16000,16000,17000,17000,18000,18000,18000,312,0,10000.0,10431.87683364424,3022.819592995802,17848.74609299004,828.0512820512821
1783507573,500,,Aggregated,20.000000,0.000000,8600,13000,15000,15000,16000,16000,17000,17000,18000,18000,18000,336,0,8200.0,10241.015128592155,3022.819592995802,17848.74609299004,942.3988095238095
1783507574,500,,Aggregated,20.000000,0.000000,8600,13000,15000,15000,16000,16000,17000,17000,18000,18000,18000,336,0,8200.0,10241.015128592155,3022.819592995802,17848.74609299004,942.3988095238095
1783507575,500,,Aggregated,20.000000,0.000000,8600,13000,15000,15000,16000,16000,17000,17000,18000,18000,18000,336,0,8200.0,10241.015128592155,3022.819592995802,17848.74609299004,942.3988095238095
1783507576,500,,Aggregated,20.000000,0.000000,8600,13000,15000,15000,16000,16000,17000,17000,18000,18000,18000,336,0,8200.0,10241.015128592155,3022.819592995802,17848.74609299004,942.3988095238095
1783507577,500,,Aggregated,20.000000,0.000000,8600,13000,15000,15000,16000,16000,17000,17000,18000,18000,18000,336,0,8200.0,10241.015128592155,3022.819592995802,17848.74609299004,942.3988095238095
1783507578,500,,Aggregated,24.900000,0.000000,8700,13000,15000,15000,16000,17000,17000,18000,22000,22000,22000,339,0,8700.0,10338.493794100212,3022.819592995802,21925.2146580111,939.8554572271387
1783507579,500,,Aggregated,19.100000,0.000000,10000,14000,15000,15000,17000,20000,22000,23000,24000,24000,24000,359,0,10000.0,10896.614534707502,3022.819592995802,23999.275567999575,929.3314763231198
1783507580,500,,Aggregated,13.200000,0.000000,13000,14000,15000,16000,21000,22000,23000,24000,24000,24000,24000,422,0,13000.0,11836.814968682465,3022.819592995802,24028.56609900482,1055.0971563981043
1783507581,500,,Aggregated,13.500000,0.000000,13000,15000,16000,17000,22000,23000,24000,25000,25000,25000,25000,523,0,13000.0,12977.495020319422,3022.819592995802,24992.244665991166,1075.586998087954
1783507582,500,,Aggregated,15.100000,0.000000,13000,14000,15000,16000,22000,23000,24000,25000,25000,25000,25000,584,0,13000.0,12834.26569135273,3022.819592995802,24992.244665991166,1048.402397260274
1783507583,500,,Aggregated,15.100000,0.000000,13000,14000,15000,16000,22000,23000,24000,25000,25000,25000,25000,655,0,13000.0,12689.02847921071,3022.819592995802,25295.492733013816,1173.218320610687
1783507584,500,,Aggregated,27.000000,0.000000,12000,13000,15000,16000,23000,25000,26000,26000,26000,26000,26000,858,0,12000.0,11623.000576758806,1884.2646319972118,26465.984441005276,1431.332167832168
1783507585,500,,Aggregated,27.000000,0.000000,11000,13000,15000,16000,23000,25000,26000,26000,26000,26000,26000,898,0,11000.0,11294.774578417657,1884.2646319972118,26465.984441005276,1457.032293986637
1783507586,500,,Aggregated,42.100000,0.000000,11000,13000,15000,16000,24000,26000,26000,27000,28000,28000,28000,1010,0,11000.0,11298.872466883175,1884.2646319972118,28278.7306120008,1539.0861386138613
1783507587,500,,Aggregated,56.200000,0.000000,7500,13000,14000,15000,24000,26000,27000,27000,28000,28000,28000,1262,0,7500.0,10138.048579436629,1884.2646319972118,28278.7306120008,1947.5427892234547
1783507588,500,,Aggregated,56.200000,0.000000,7500,13000,14000,15000,24000,26000,27000,27000,28000,28000,28000,1270,0,6700.0,10099.563461057493,1884.2646319972118,28278.7306120008,2060.4779527559053
1783507589,500,,Aggregated,87.100000,0.000000,6100,12000,13000,15000,23000,26000,26000,27000,28000,28000,28000,1427,0,6100.0,9335.530494877372,1884.2646319972118,28278.7306120008,2373.7259985984583
1783507590,500,,Aggregated,87.100000,0.000000,4700,10000,13000,14000,22000,26000,26000,27000,29000,29000,29000,1649,0,4700.0,8542.086639795038,1884.2646319972118,29497.15397399268,2919.636143117041
1783507591,500,,Aggregated,96.800000,0.000000,4200,10000,13000,14000,24000,27000,30000,31000,31000,31000,31000,1935,0,4200.0,8588.22267317932,416.39693701290525,30636.201532004634,3305.8708010335918
1783507592,500,,Aggregated,124.800000,0.000000,3800,6500,13000,13000,23000,26000,30000,31000,31000,31000,31000,2167,0,3800.0,7857.660121883641,416.39693701290525,30636.201532004634,3862.0682971850483
1783507593,500,,Aggregated,139.800000,0.000000,3400,5500,11000,13000,22000,26000,30000,30000,31000,31000,31000,2381,0,3400.0,7312.998735196042,416.39693701290525,30636.201532004634,4358.441831163377
1783507594,500,,Aggregated,148.100000,0.000000,3300,4900,10000,13000,21000,26000,30000,30000,31000,31000,31000,2574,0,3300.0,6890.356560886445,416.39693701290525,30636.201532004634,4748.635586635587
1783507595,500,,Aggregated,162.800000,0.000000,3100,4500,6800,12000,17000,26000,30000,30000,31000,31000,31000,2844,0,3100.0,6404.754328140938,234.875041001942,30636.201532004634,5254.026722925457
1783507596,500,,Aggregated,174.500000,0.000000,3000,4100,6300,11000,16000,26000,30000,30000,31000,31000,31000,3042,0,3000.0,6088.129012430249,225.8623879897641,30636.201532004634,5547.904339250493
1783507597,500,,Aggregated,181.400000,0.000000,2800,3800,5500,10000,15000,25000,29000,30000,31000,31000,31000,3289,0,2800.0,5730.9422281132875,100.5888029903872,30636.201532004634,5964.373061720888
1783507598,500,,Aggregated,201.700000,0.000000,2600,3600,4900,7500,15000,25000,29000,30000,31000,31000,31000,3529,0,2600.0,5426.144439732455,21.952409006189555,30636.201532004634,6184.679512609804
1783507599,500,,Aggregated,198.700000,0.000000,2500,3400,4700,6400,14000,24000,29000,30000,31000,31000,31000,3743,0,2500.0,5161.965745824985,12.911418001749553,30636.201532004634,6221.417312316324
1783507600,500,,Aggregated,214.300000,0.000000,2400,3300,4400,6000,14000,24000,27000,30000,31000,31000,31000,3989,0,2400.0,4873.55200571996,12.911418001749553,30636.201532004634,6198.888944597644
1783507601,500,,Aggregated,235.500000,0.000000,2200,3100,4000,5100,13000,23000,27000,30000,31000,31000,31000,4228,0,2200.0,4601.858108323799,3.039802992134355,30636.201532004634,6183.475165562914
1783507602,500,,Aggregated,224.500000,0.000000,1900,3000,3900,4900,13000,23000,27000,30000,31000,31000,31000,4447,0,1900.0,4377.615564284222,3.039802992134355,30636.201532004634,6174.184393973465
1783507603,500,,Aggregated,224.000000,0.000000,1800,3000,3700,4700,13000,22000,27000,30000,31000,31000,31000,4663,0,1800.0,4176.6137204087345,2.9678770079044625,30636.201532004634,6149.844735149046
1783507604,500,,Aggregated,231.500000,0.000000,1700,2800,3600,4500,13000,22000,27000,30000,31000,31000,31000,4878,0,1700.0,3994.499872712569,2.809796991641633,30636.201532004634,6115.694956949569
1783507605,500,,Aggregated,228.300000,0.000000,1500,2700,3400,4200,13000,21000,26000,30000,31000,31000,31000,5106,0,1500.0,3818.5726280366143,2.809796991641633,30636.201532004634,6104.307481394438
1783507606,500,,Aggregated,229.300000,0.000000,1400,2600,3300,4000,13000,21000,26000,30000,31000,31000,31000,5328,0,1400.0,3661.6850047205035,2.809796991641633,30636.201532004634,6063.514451951952
1783507607,500,,Aggregated,231.400000,0.000000,1300,2500,3200,3900,12000,18000,26000,30000,31000,31000,31000,5576,0,1300.0,3500.8585741039915,2.809796991641633,30636.201532004634,6021.674318507891
1783507608,500,,Aggregated,227.000000,0.000000,1100,2400,3100,3700,11000,17000,26000,30000,31000,31000,31000,5791,0,1100.0,3372.8556095544286,2.809796991641633,30636.201532004634,6022.3222241409085
1783507609,500,,Aggregated,227.000000,0.000000,1000,2300,3000,3600,11000,16000,26000,30000,31000,31000,31000,6036,0,1000.0,3238.002540647906,2.809796991641633,30636.201532004634,6002.510271703115
1783507610,500,,Aggregated,226.500000,0.000000,920,2100,3000,3500,10000,16000,26000,29000,31000,31000,31000,6259,0,920.0,3124.3375269922713,2.809796991641633,30636.201532004634,6015.717366991532
1783507611,500,,Aggregated,224.800000,0.000000,770,2000,2900,3400,10000,16000,26000,29000,31000,31000,31000,6478,0,770.0,3019.431609107221,2.784576005069539,30636.201532004634,5997.240197591849
1783507612,500,,Aggregated,227.000000,0.000000,640,1900,2800,3300,8000,15000,26000,29000,31000,31000,31000,6705,0,640.0,2919.384382807844,2.784576005069539,30636.201532004634,5986.414914243102
1783507613,500,,Aggregated,226.000000,0.000000,580,1800,2700,3200,7600,15000,26000,29000,31000,31000,31000,6933,0,580.0,2824.914909215581,2.784576005069539,30636.201532004634,5977.2854464156935
1783507614,500,,Aggregated,224.500000,0.000000,500,1700,2600,3200,6600,15000,26000,29000,31000,31000,31000,7173,0,500.0,2731.9802214664214,2.784576005069539,30636.201532004634,5981.1180816952465
1783507615,500,,Aggregated,225.300000,0.000000,390,1600,2500,3100,6500,15000,26000,29000,31000,31000,31000,7385,0,390.0,2655.938322483099,2.784576005069539,30636.201532004634,5962.222613405552
1783507616,500,,Aggregated,225.100000,0.000000,280,1500,2500,3000,6300,14000,26000,28000,31000,31000,31000,7597,0,280.0,2582.7210335142645,2.784576005069539,30636.201532004634,5941.501645386336
1783507617,500,,Aggregated,225.700000,0.000000,200,1400,2400,3000,6200,14000,26000,27000,31000,31000,31000,7826,0,200.0,2508.831101988334,2.784576005069539,30636.201532004634,5934.729108101201
1783507618,500,,Aggregated,225.400000,0.000000,170,1300,2300,2900,6000,14000,25000,27000,31000,31000,31000,8068,0,170.0,2434.3918466302407,2.784576005069539,30636.201532004634,5952.307635101636
1783507619,500,,Aggregated,223.900000,0.000000,140,1200,2300,2800,5400,14000,25000,27000,31000,31000,31000,8277,0,140.0,2373.63217031457,2.6264670013915747,30636.201532004634,5966.732390962909
1783507620,500,,Aggregated,226.500000,0.000000,130,1100,2100,2700,5100,13000,25000,27000,31000,31000,31000,8505,0,130.0,2310.955899990782,2.6264670013915747,30636.201532004634,5969.638565549677
1783507621,500,,Aggregated,225.100000,0.000000,120,1100,2000,2700,4900,13000,25000,27000,31000,31000,31000,8727,0,120.0,2252.9617628591177,2.6264670013915747,30636.201532004634,5950.841526297697
1783507622,500,,Aggregated,222.400000,0.000000,110,980,1900,2600,4900,13000,25000,27000,31000,31000,31000,8946,0,110.0,2198.7680370215185,2.6264670013915747,30636.201532004634,5947.79242119383
1783507623,500,,Aggregated,222.500000,0.000000,100,920,1800,2600,4700,13000,25000,27000,31000,31000,31000,9161,0,100.0,2147.921000574112,2.6264670013915747,30636.201532004634,5942.684313939526
1783507624,500,,Aggregated,221.100000,0.000000,110,840,1800,2500,4700,13000,24000,27000,31000,31000,31000,9388,0,110.0,2099.8313663587146,2.6264670013915747,30636.201532004634,5947.9024286322965
1783507625,500,,Aggregated,223.000000,0.000000,100,730,1700,2400,4600,13000,24000,27000,31000,31000,31000,9641,0,100.0,2047.2031765968893,2.6264670013915747,30636.201532004634,5936.331812052692
1783507626,500,,Aggregated,220.900000,0.000000,98,650,1700,2400,4500,13000,24000,27000,31000,31000,31000,9841,0,98,2006.2483899436643,2.6264670013915747,30636.201532004634,5928.40829184026
1783507627,500,,Aggregated,220.300000,0.000000,94,610,1600,2300,4300,13000,24000,27000,31000,31000,31000,10062,0,94,1963.1267119307931,2.6264670013915747,30636.201532004634,5915.618564897634
1783507628,500,,Aggregated,221.900000,0.000000,90,560,1500,2300,4200,13000,24000,26000,31000,31000,31000,10299,0,90,1918.801980678959,2.6264670013915747,30636.201532004634,5915.68715409263
1783507629,500,,Aggregated,222.400000,0.000000,87,500,1400,2200,4000,13000,23000,26000,31000,31000,31000,10522,0,87,1878.8954941098389,2.6264670013915747,30636.201532004634,5910.301463600076
1783507630,500,,Aggregated,220.400000,0.000000,84,440,1400,2100,4000,13000,23000,26000,31000,31000,31000,10743,0,84,1840.8394444345643,2.6264670013915747,30636.201532004634,5885.5457507214
1783507631,500,,Aggregated,222.000000,0.000000,80,350,1300,2000,3900,12000,23000,26000,31000,31000,31000,10963,0,80,1804.4823896059065,2.6264670013915747,30636.201532004634,5885.877953115023
1783507632,500,,Aggregated,221.500000,0.000000,79,300,1300,1900,3900,12000,23000,26000,31000,31000,31000,11164,0,79,1773.116902984187,2.6264670013915747,30636.201532004634,5888.253941239699
1783507633,500,,Aggregated,220.700000,0.000000,82,280,1200,1900,3800,12000,23000,26000,31000,31000,31000,11397,0,82,1740.7628056701217,2.6264670013915747,30636.201532004634,5875.546547337019
1783507634,500,,Aggregated,222.300000,0.000000,80,250,1100,1800,3700,11000,22000,26000,31000,31000,31000,11632,0,80,1706.9922937986094,2.6264670013915747,30636.201532004634,5860.978851444292
1783507635,500,,Aggregated,218.900000,0.000000,79,230,1100,1800,3700,11000,22000,26000,31000,31000,31000,11852,0,79,1676.252938344791,2.6264670013915747,30636.201532004634,5864.88069524131
1783507636,500,,Aggregated,224.000000,0.000000,78,210,1000,1700,3600,11000,22000,26000,31000,31000,31000,12074,0,78,1646.196789504104,2.6264670013915747,30636.201532004634,5865.545055491138
1783507637,500,,Aggregated,220.400000,0.000000,77,190,960,1700,3600,10000,22000,26000,31000,31000,31000,12298,0,77,1617.5054119954145,2.6264670013915747,30636.201532004634,5864.281346560417
1783507638,500,,Aggregated,221.700000,0.000000,75,180,920,1600,3500,10000,22000,26000,31000,31000,31000,12532,0,75,1587.8492342340758,2.6264670013915747,30636.201532004634,5846.918927545484
1783507639,500,,Aggregated,220.900000,0.000000,73,170,850,1600,3400,10000,21000,26000,31000,31000,31000,12741,0,73,1562.1777742188501,2.6264670013915747,30636.201532004634,5833.9956832273765
1783507640,500,,Aggregated,222.500000,0.000000,72,160,760,1500,3400,10000,21000,26000,31000,31000,31000,12990,0,72,1533.2009332954024,2.6264670013915747,30636.201532004634,5818.89830638953
1783507641,500,,Aggregated,221.300000,0.000000,70,150,700,1400,3300,10000,21000,26000,31000,31000,31000,13219,0,70,1507.224050809914,2.6264670013915747,30636.201532004634,5814.329071790605
1783507642,500,,Aggregated,221.900000,0.000000,69,150,640,1400,3300,8000,21000,26000,31000,31000,31000,13405,0,69,1487.0342357002023,2.6264670013915747,30636.201532004634,5822.74725848564
1783507643,500,,Aggregated,223.400000,0.000000,69,140,610,1300,3200,7900,20000,26000,31000,31000,31000,13670,0,69,1459.900575226641,2.6264670013915747,30636.201532004634,5805.047256766642
1783507644,500,,Aggregated,224.200000,0.000000,67,140,580,1300,3200,7600,18000,26000,31000,31000,31000,13893,0,67,1436.766235235314,2.6264670013915747,30636.201532004634,5792.941553300223
1783507645,500,,Aggregated,222.600000,0.000000,66,130,550,1200,3200,7500,17000,26000,31000,31000,31000,14104,0,66,1415.7764508584207,2.6264670013915747,30636.201532004634,5780.419597277368
1783507646,500,,Aggregated,222.600000,0.000000,65,130,500,1100,3200,6600,17000,26000,31000,31000,31000,14351,0,65,1392.1732915957239,2.6264670013915747,30636.201532004634,5781.310152602606
1783507647,500,,Aggregated,225.400000,0.000000,64,130,460,1100,3100,6600,17000,26000,31000,31000,31000,14581,0,64,1371.1576806765781,2.6264670013915747,30636.201532004634,5776.909128317674
1783507648,500,,Aggregated,224.600000,0.000000,63,120,400,1100,3100,6500,16000,26000,31000,31000,31000,14804,0,63,1350.8975240987645,2.6264670013915747,30636.201532004634,5767.965549851391
1783507649,500,,Aggregated,226.900000,0.000000,62,120,350,1000,3000,6400,16000,26000,31000,31000,31000,15030,0,62,1331.1047956441166,2.6264670013915747,30636.201532004634,5770.092149035263
1783507650,500,,Aggregated,225.800000,0.000000,61,120,320,970,3000,6200,16000,26000,31000,31000,31000,15256,0,61,1312.1913650497545,2.6264670013915747,30636.201532004634,5772.10343471421
1783507651,500,,Aggregated,225.300000,0.000000,60,110,290,940,3000,6200,16000,26000,31000,31000,31000,15488,0,60,1293.0065682769916,2.6264670013915747,30636.201532004634,5775.95674070248
1783507652,500,,Aggregated,225.200000,0.000000,59,110,260,900,3000,6200,16000,26000,31000,31000,31000,15718,0,59,1274.8717193315435,2.6264670013915747,30636.201532004634,5766.270581498919
1783507653,500,,Aggregated,225.500000,0.000000,59,110,250,860,3000,6100,16000,25000,31000,31000,31000,15918,0,59,1259.7298057540706,2.6264670013915747,30636.201532004634,5773.180299032541
1783507654,500,,Aggregated,225.900000,0.000000,61,110,240,780,2900,5900,16000,25000,31000,31000,31000,16170,0,61,1242.3372590749734,2.6264670013915747,30636.201532004634,5775.365491651206
1783507655,500,,Aggregated,229.700000,0.000000,60,110,230,730,2800,5500,15000,25000,31000,31000,31000,16398,0,60,1225.6574151277148,2.6264670013915747,30636.201532004634,5765.654226125137
1783507656,500,,Aggregated,223.300000,0.000000,60,110,220,680,2800,5300,15000,25000,31000,31000,31000,16634,0,60,1209.0977431666595,2.6264670013915747,30636.201532004634,5787.512264037514
1783507657,500,,Aggregated,227.400000,0.000000,59,110,210,630,2800,5200,15000,25000,31000,31000,31000,16855,0,59,1193.8242272702685,2.6264670013915747,30636.201532004634,5781.296707208543
1783507658,500,,Aggregated,225.500000,0.000000,58,110,190,610,2700,5000,15000,25000,31000,31000,31000,17092,0,58,1177.6712817219975,2.6264670013915747,30636.201532004634,5778.158963257664
1783507659,500,,Aggregated,226.800000,0.000000,57,100,190,590,2700,4900,15000,25000,31000,31000,31000,17295,0,57,1164.1579547623883,2.6264670013915747,30636.201532004634,5778.186527898237
1783507660,500,,Aggregated,226.900000,0.000000,56,100,180,550,2700,4900,15000,25000,31000,31000,31000,17536,0,56,1148.7528396015941,2.6264670013915747,30636.201532004634,5781.637032390511
1783507661,500,,Aggregated,227.000000,0.000000,56,100,180,530,2600,4900,15000,25000,31000,31000,31000,17763,0,56,1134.7282509051204,2.6264670013915747,30636.201532004634,5784.065079096999
1783507662,500,,Aggregated,225.500000,0.000000,55,100,170,500,2600,4800,15000,25000,31000,31000,31000,17982,0,55,1121.3017790644337,2.6264670013915747,30636.201532004634,5786.792848403959
1783507663,500,,Aggregated,226.400000,0.000000,54,99,170,460,2600,4700,15000,25000,31000,31000,31000,18200,0,54,1108.2080114566247,2.6264670013915747,30636.201532004634,5783.167362637362
1783507664,500,,Aggregated,224.300000,0.000000,53,98,160,410,2500,4700,15000,25000,31000,31000,31000,18435,0,53,1094.4739318044858,2.6264670013915747,30636.201532004634,5784.232384052075
1783507665,500,,Aggregated,225.200000,0.000000,54,99,160,380,2500,4700,14000,24000,31000,31000,31000,18646,0,54,1083.9963542950084,2.6264670013915747,30636.201532004634,5789.213826021667
1783507666,500,,Aggregated,227.000000,0.000000,53,99,160,350,2500,4700,14000,24000,31000,31000,31000,18879,0,53,1071.1899783455603,2.6264670013915747,30636.201532004634,5793.142433391599
1783507667,500,,Aggregated,224.600000,0.000000,53,98,160,330,2500,4600,14000,24000,31000,31000,31000,19102,0,53,1059.1536700573115,2.6264670013915747,30636.201532004634,5787.909067113391
1783507668,500,,Aggregated,224.600000,0.000000,52,96,150,310,2400,4600,14000,24000,31000,31000,31000,19322,0,52,1047.3108379326527,2.6264670013915747,30636.201532004634,5794.913777041714
1783507670,500,,Aggregated,222.100000,0.000000,53,99,170,340,2400,4500,14000,24000,31000,31000,31000,19574,0,53,1038.65678157207,2.6264670013915747,30636.201532004634,5794.008684990294
1783507671,500,,Aggregated,220.100000,0.000000,54,100,170,340,2400,4400,14000,24000,31000,31000,31000,19843,0,54,1027.922636161703,2.6264670013915747,30636.201532004634,5787.138436728317
1783507672,500,,Aggregated,211.800000,0.000000,54,100,170,330,2300,4300,14000,24000,31000,31000,31000,20021,0,54,1018.9788045276784,2.6264670013915747,30636.201532004634,5789.438090005494
1783507673,500,,Aggregated,215.400000,0.000000,54,100,170,320,2300,4300,14000,24000,31000,31000,31000,20252,0,54,1008.5890127858881,2.6264670013915747,30636.201532004634,5789.17795773257
1783507674,500,,Aggregated,214.900000,0.000000,54,99,160,300,2300,4200,14000,24000,31000,31000,31000,20499,0,54,996.9634246280256,2.6264670013915747,30636.201532004634,5789.302063515293
1783507675,500,,Aggregated,212.400000,0.000000,53,98,160,290,2300,4100,14000,24000,31000,31000,31000,20712,0,53,986.974567162694,2.6264670013915747,30636.201532004634,5789.926660872924
1783507676,500,,Aggregated,217.400000,0.000000,54,99,160,280,2200,4100,13000,23000,31000,31000,31000,20976,0,54,976.1025269728692,2.6264670013915747,30636.201532004634,5789.456474065599
1783507677,500,,Aggregated,213.400000,0.000000,53,99,160,270,2200,4000,13000,23000,31000,31000,31000,21185,0,53,966.9115502587624,2.6264670013915747,30636.201532004634,5782.068444654236
1783507678,500,,Aggregated,212.200000,0.000000,53,98,150,270,2100,4000,13000,23000,31000,31000,31000,21416,0,53,956.9478782008782,2.6264670013915747,30636.201532004634,5779.1303231228985
1783507679,500,,Aggregated,215.000000,0.000000,53,97,150,260,2000,3900,13000,23000,31000,31000,31000,21645,0,53,947.386892605448,2.6264670013915747,30636.201532004634,5781.283067683068
1783507680,500,,Aggregated,213.400000,0.000000,52,96,150,250,2000,3900,13000,23000,31000,31000,31000,21879,0,52,937.5925557788713,2.6264670013915747,30636.201532004634,5785.59641665524
1783507681,500,,Aggregated,216.900000,0.000000,51,95,150,240,2000,3900,13000,23000,30000,31000,31000,22102,0,51,928.41416910501,2.6264670013915747,30636.201532004634,5787.347389376527
1783507682,500,,Aggregated,226.200000,0.000000,51,94,140,240,1900,3900,13000,23000,30000,31000,31000,22325,0,51,919.5354525598159,2.6264670013915747,30636.201532004634,5772.805016797312
1783507683,500,,Aggregated,221.800000,0.000000,51,94,140,230,1900,3800,13000,23000,30000,31000,31000,22555,0,51,910.7037661440003,2.6264670013915747,30636.201532004634,5773.884548880515
1783507684,500,,Aggregated,223.200000,0.000000,50,93,140,220,1900,3800,13000,23000,30000,31000,31000,22794,0,50,901.5603652644857,2.6264670013915747,30636.201532004634,5780.185092568219
1783507685,500,,Aggregated,223.900000,0.000000,49,92,140,220,1800,3800,13000,22000,30000,31000,31000,23007,0,49,893.567350212614,2.6264670013915747,30636.201532004634,5772.989264137002
1783507686,500,,Aggregated,222.200000,0.000000,49,92,140,210,1800,3700,13000,22000,30000,31000,31000,23241,0,49,885.2190786114895,2.6264670013915747,30636.201532004634,5770.361774450324
1783507687,500,,Aggregated,225.000000,0.000000,49,91,130,210,1800,3700,13000,22000,30000,31000,31000,23470,0,49,876.9114805895485,2.6264670013915747,30636.201532004634,5762.398721772475
1783507688,500,,Aggregated,227.100000,0.000000,49,91,130,200,1800,3700,13000,22000,30000,31000,31000,23671,0,49,869.9001809048058,2.6264670013915747,30636.201532004634,5764.988973849859
1783507689,500,,Aggregated,225.300000,0.000000,49,91,130,200,1700,3600,13000,22000,30000,31000,31000,23937,0,49,861.158512454557,2.6264670013915747,30636.201532004634,5762.439988302628
1783507690,500,,Aggregated,227.300000,0.000000,48,90,130,190,1700,3600,13000,22000,30000,31000,31000,24154,0,48,853.6630966645997,2.6264670013915747,30636.201532004634,5764.7322182661255
1783507691,500,,Aggregated,222.000000,0.000000,48,89,130,190,1700,3600,13000,22000,30000,31000,31000,24392,0,48,845.639675250853,2.6264670013915747,30636.201532004634,5762.865775664152
1783507692,500,,Aggregated,225.800000,0.000000,47,89,130,190,1700,3600,13000,22000,30000,31000,31000,24629,0,47,837.8168315656249,2.6264670013915747,30636.201532004634,5758.074830484388
1783507693,500,,Aggregated,223.700000,0.000000,47,88,130,180,1600,3500,13000,22000,30000,31000,31000,24842,0,47,830.8545328697306,2.6264670013915747,30636.201532004634,5759.663795185573
1783507694,500,,Aggregated,225.600000,0.000000,47,87,120,180,1600,3500,13000,22000,30000,31000,31000,25067,0,47,823.8086482890621,2.6264670013915747,30636.201532004634,5764.047831810747
1783507695,500,,Aggregated,227.600000,0.000000,46,87,120,180,1600,3500,13000,22000,30000,31000,31000,25295,0,46,816.7071426890634,2.6264670013915747,30636.201532004634,5770.98877248468
1783507696,500,,Aggregated,224.500000,0.000000,46,86,120,170,1500,3400,13000,21000,30000,31000,31000,25514,0,46,810.0471589380309,2.6264670013915747,30636.201532004634,5767.284471270675
1783507697,500,,Aggregated,224.900000,0.000000,45,86,120,170,1500,3400,13000,21000,30000,31000,31000,25756,0,45,802.6800257789181,2.6264670013915747,30636.201532004634,5760.078001242429
1783507698,500,,Aggregated,224.500000,0.000000,45,85,120,170,1500,3400,13000,21000,30000,31000,31000,25958,0,45,796.6609194253689,2.6264670013915747,30636.201532004634,5759.525618306495
1783507699,500,,Aggregated,223.300000,0.000000,45,84,120,160,1500,3400,13000,21000,30000,31000,31000,26192,0,45,789.8927177677798,2.5243810086976737,30636.201532004634,5763.824870189371
1783507700,500,,Aggregated,224.500000,0.000000,44,84,120,160,1400,3400,13000,21000,30000,31000,31000,26416,0,44,783.4989759303367,2.5243810086976737,30636.201532004634,5765.815036341611
1783507701,500,,Aggregated,226.500000,0.000000,44,83,120,160,1400,3300,13000,21000,30000,31000,31000,26651,0,44,776.7797502776541,2.5243810086976737,30636.201532004634,5765.625605042963
1783507702,500,,Aggregated,223.500000,0.000000,44,84,120,160,1400,3300,13000,21000,30000,31000,31000,26816,0,44,772.9712586570668,2.5243810086976737,30636.201532004634,5767.098411396181
1783507703,500,,Aggregated,225.300000,0.000000,45,85,120,160,1400,3300,13000,20000,30000,31000,31000,27099,0,45,766.4824453695692,2.5243810086976737,30636.201532004634,5764.447691796745
1783507704,500,,Aggregated,223.900000,0.000000,44,84,120,160,1300,3300,12000,20000,30000,31000,31000,27306,0,44,760.8794274084453,2.5243810086976737,30636.201532004634,5762.112136526771
1783507705,500,,Aggregated,217.900000,0.000000,44,84,120,160,1300,3200,12000,19000,30000,31000,31000,27530,0,44,754.9509582109714,2.5243810086976737,30636.201532004634,5763.56592807846
1783507706,500,,Aggregated,224.200000,0.000000,44,83,120,160,1300,3200,12000,18000,30000,31000,31000,27769,0,44,748.8336420157707,2.5243810086976737,30636.201532004634,5764.937376210883
1783507708,500,,Aggregated,222.200000,0.000000,44,83,120,160,1200,3200,12000,17000,30000,31000,31000,27991,0,44,743.4372173477543,2.5243810086976737,30636.201532004634,5764.381301132506
1783507709,500,,Aggregated,223.900000,0.000000,44,83,120,150,1200,3200,12000,17000,30000,31000,31000,28198,0,44,738.1594542522902,2.5243810086976737,30636.201532004634,5763.647953755585
1783507710,500,,Aggregated,221.500000,0.000000,43,83,110,150,1200,3200,12000,17000,30000,31000,31000,28437,0,43,732.3867900541967,2.5243810086976737,30636.201532004634,5754.166508422126
1783507711,500,,Aggregated,221.800000,0.000000,43,82,110,150,1100,3200,12000,17000,30000,31000,31000,28659,0,43,726.8852350194055,2.5243810086976737,30636.201532004634,5759.281517149935
1783507712,500,,Aggregated,222.900000,0.000000,42,81,110,150,1100,3100,11000,17000,30000,31000,31000,28878,0,42,721.5476453167164,2.5243810086976737,30636.201532004634,5759.584250986911
1783507713,500,,Aggregated,221.700000,0.000000,42,81,110,150,1100,3100,11000,17000,30000,31000,31000,29111,0,42,716.0468688858504,2.5243810086976737,30636.201532004634,5760.960908247742
1783507714,500,,Aggregated,220.900000,0.000000,42,80,110,150,1100,3100,11000,16000,30000,31000,31000,29338,0,41,710.7246635773395,2.5243810086976737,30636.201532004634,5762.470720567182
1783507715,500,,Aggregated,226.600000,0.000000,42,80,110,150,1100,3100,11000,16000,30000,31000,31000,29570,0,42,705.6768738101154,2.5243810086976737,30636.201532004634,5762.650118363206
1783507716,500,,Aggregated,221.600000,0.000000,42,80,110,150,1000,3000,11000,16000,30000,31000,31000,29755,0,42,701.7699722811337,2.5243810086976737,30636.201532004634,5758.198655688119
1783507717,500,,Aggregated,224.600000,0.000000,42,81,110,150,1000,3000,11000,16000,30000,31000,31000,30023,0,42,696.5733007558869,2.5243810086976737,30636.201532004634,5762.067181827266
1783507718,500,,Aggregated,220.400000,0.000000,42,80,110,150,1000,3000,11000,16000,30000,31000,31000,30229,0,42,692.1515412696713,2.5243810086976737,30636.201532004634,5761.683218101823
1783507719,500,,Aggregated,223.800000,0.000000,42,80,110,150,980,3000,11000,16000,30000,31000,31000,30467,0,42,687.1546075932978,2.5243810086976737,30636.201532004634,5756.727771030952
1783507720,500,,Aggregated,222.200000,0.000000,41,80,110,140,960,3000,10000,16000,30000,31000,31000,30688,0,41,682.4619963937364,2.5243810086976737,30636.201532004634,5761.669414754953
1783507721,500,,Aggregated,225.300000,0.000000,41,79,110,140,940,3000,10000,16000,30000,31000,31000,30907,0,41,677.8692574592462,2.5243810086976737,30636.201532004634,5760.478791212347
1783507722,500,,Aggregated,222.900000,0.000000,41,79,110,140,930,3000,10000,16000,30000,31000,31000,31142,0,41,673.0239816378798,2.5243810086976737,30636.201532004634,5758.88947402222
1783507723,500,,Aggregated,223.900000,0.000000,41,79,110,140,920,3000,10000,16000,30000,31000,31000,31368,0,41,668.4498002497417,2.5243810086976737,30636.201532004634,5760.2294057638355
1783507724,500,,Aggregated,224.900000,0.000000,40,78,110,140,890,3000,10000,16000,30000,31000,31000,31615,0,40,663.5224303391392,2.5243810086976737,30636.201532004634,5760.864526332437
1783507725,500,,Aggregated,223.400000,0.000000,40,78,110,140,870,3000,10000,16000,30000,31000,31000,31819,0,40,659.4335437257558,2.5243810086976737,30636.201532004634,5757.73421540589
1783507726,500,,Aggregated,226.400000,0.000000,40,78,110,140,830,2900,10000,16000,30000,31000,31000,32070,0,40,654.7297996381915,2.5243810086976737,30636.201532004634,5758.428905519177
1783507727,500,,Aggregated,223.000000,0.000000,40,77,110,140,800,2900,10000,16000,30000,31000,31000,32294,0,40,650.4212260798245,2.5243810086976737,30636.201532004634,5759.935405957763
1783507728,500,,Aggregated,229.800000,0.000000,40,77,110,130,780,2900,10000,15000,30000,31000,31000,32539,0,40,645.7533477039535,2.5243810086976737,30636.201532004634,5756.256615138756
1783507729,500,,Aggregated,225.000000,0.000000,39,77,110,130,750,2800,10000,15000,30000,31000,31000,32741,0,39,642.0485148476772,2.5243810086976737,30636.201532004634,5762.5779603555175
1783507730,500,,Aggregated,228.400000,0.000000,40,77,110,130,740,2800,10000,15000,30000,31000,31000,32917,0,40,638.9622358369782,2.5243810086976737,30636.201532004634,5761.174955190328
1783507731,500,,Aggregated,225.500000,0.000000,40,78,110,140,720,2800,8700,15000,30000,31000,31000,33196,0,40,635.0719399785753,2.5243810086976737,30636.201532004634,5767.912399084227
1783507732,500,,Aggregated,224.600000,0.000000,40,77,110,130,700,2800,8200,15000,30000,31000,31000,33405,0,40,631.2542209211443,2.5243810086976737,30636.201532004634,5762.343212093998
1783507733,500,,Aggregated,223.800000,0.000000,40,77,110,130,680,2800,8000,15000,30000,31000,31000,33625,0,40,627.4078767748908,2.5243810086976737,30636.201532004634,5769.324104089219
1783507734,500,,Aggregated,224.100000,0.000000,40,77,110,130,660,2700,7900,15000,30000,31000,31000,33862,0,40,623.4206428255776,2.5243810086976737,30636.201532004634,5769.734451597661
1783507735,500,,Aggregated,224.300000,0.000000,40,77,100,130,640,2700,7900,15000,30000,31000,31000,34076,0,40,619.7135872015684,2.5243810086976737,30636.201532004634,5772.291554173025
1783507736,500,,Aggregated,223.100000,0.000000,40,76,100,130,630,2700,7900,15000,30000,31000,31000,34300,0,40,615.9545059556161,2.5243810086976737,30636.201532004634,5777.918979591836
1783507737,500,,Aggregated,225.100000,0.000000,39,76,100,130,620,2700,7600,15000,30000,31000,31000,34519,0,39,612.2497228799946,2.5243810086976737,30636.201532004634,5774.800399779831
1783507738,500,,Aggregated,220.200000,0.000000,39,76,100,130,610,2700,7600,15000,30000,31000,31000,34753,0,39,608.5151172728577,2.5243810086976737,30636.201532004634,5779.47118234397
1783507739,500,,Aggregated,221.200000,0.000000,39,76,100,130,600,2700,7500,15000,30000,31000,31000,34980,0,39,604.9255856933281,2.5243810086976737,30636.201532004634,5780.104345340194
1783507740,500,,Aggregated,220.800000,0.000000,39,75,100,130,590,2700,7500,15000,30000,31000,31000,35201,0,39,601.2762704100013,2.5243810086976737,30636.201532004634,5776.266327661146
1783507741,500,,Aggregated,221.000000,0.000000,39,75,100,130,580,2600,7500,15000,30000,31000,31000,35435,0,39,597.620011711112,2.5243810086976737,30636.201532004634,5777.872160293495
1783507742,500,,Aggregated,223.800000,0.000000,39,75,100,130,570,2600,6700,15000,30000,31000,31000,35652,0,39,594.1271787090849,2.5243810086976737,30636.201532004634,5781.322534500168
1783507743,500,,Aggregated,224.700000,0.000000,38,74,100,130,560,2600,6600,15000,30000,31000,31000,35890,0,38,590.3862876097361,2.5243810086976737,30636.201532004634,5782.436221788799
1783507744,500,,Aggregated,222.700000,0.000000,38,74,100,130,550,2600,6600,15000,30000,31000,31000,36098,0,38,587.1537615086218,2.5243810086976737,30636.201532004634,5783.964513269433
1783507745,500,,Aggregated,224.400000,0.000000,38,74,100,130,540,2600,6600,15000,30000,31000,31000,36266,0,38,584.8977936933286,2.5243810086976737,30636.201532004634,5787.475927866321
1783507746,500,,Aggregated,221.400000,0.000000,39,75,100,130,540,2600,6600,15000,30000,31000,31000,36529,0,39,582.5792546575096,2.5243810086976737,30636.201532004634,5792.2490897642965
1783507747,500,,Aggregated,216.800000,0.000000,39,75,100,130,520,2600,6500,15000,30000,31000,31000,36756,0,39,579.2837912611396,2.5243810086976737,30636.201532004634,5793.140330830341
1783507748,500,,Aggregated,220.600000,0.000000,38,75,100,130,500,2500,6500,15000,30000,31000,31000,36981,0,38,575.9098697702739,2.5243810086976737,30636.201532004634,5792.941240096266
1783507749,500,,Aggregated,222.600000,0.000000,38,74,100,130,500,2500,6400,14000,30000,31000,31000,37214,0,38,572.5473223307508,2.5243810086976737,30636.201532004634,5794.406298704788
1783507750,500,,Aggregated,219.800000,0.000000,38,74,100,130,490,2500,6400,14000,30000,31000,31000,37431,0,38,569.3428005831953,2.5243810086976737,30636.201532004634,5791.561032299431
1783507751,500,,Aggregated,222.500000,0.000000,38,74,100,130,480,2500,6400,14000,30000,31000,31000,37644,0,38,566.3564223110354,2.5243810086976737,30636.201532004634,5789.968494315163
1783507752,500,,Aggregated,221.100000,0.000000,38,74,100,120,470,2500,6300,14000,30000,31000,31000,37883,0,38,563.0776378557301,2.5243810086976737,30636.201532004634,5792.85030224639
1783507753,500,,Aggregated,219.700000,0.000000,38,74,100,120,460,2500,6200,14000,30000,31000,31000,38108,0,38,560.015144110385,2.5243810086976737,30636.201532004634,5794.019864595361
1783507754,500,,Aggregated,221.600000,0.000000,37,73,100,120,450,2400,6200,14000,30000,31000,31000,38351,0,37,556.7114442702822,2.5243810086976737,30636.201532004634,5798.588641756408
1783507755,500,,Aggregated,220.600000,0.000000,37,73,99,120,440,2400,6200,14000,30000,31000,31000,38578,0,37,553.7397561406631,2.5243810086976737,30636.201532004634,5797.499870392452
1783507756,500,,Aggregated,221.100000,0.000000,37,73,99,120,420,2400,6200,14000,30000,31000,31000,38812,0,37,550.6953456147955,2.5243810086976737,30636.201532004634,5797.806657734721
1783507757,500,,Aggregated,228.700000,0.000000,37,73,99,120,420,2400,6200,14000,30000,31000,31000,39024,0,37,547.8576878104877,2.5243810086976737,30636.201532004634,5800.342737802378
1783507758,500,,Aggregated,227.100000,0.000000,37,73,99,120,410,2400,6200,14000,30000,31000,31000,39263,0,37,544.7999011955939,2.5243810086976737,30636.201532004634,5803.162443012506
1783507759,500,,Aggregated,225.000000,0.000000,37,73,99,120,400,2400,6200,14000,30000,31000,31000,39484,0,37,542.0983158202979,2.5243810086976737,30636.201532004634,5807.086237463276
1783507760,500,,Aggregated,227.100000,0.000000,37,73,99,120,390,2400,6100,14000,30000,31000,31000,39649,0,37,540.1261925351323,2.5243810086976737,30636.201532004634,5809.568866806225
1783507761,500,,Aggregated,225.700000,0.000000,38,74,100,120,400,2400,6000,14000,30000,31000,31000,39918,0,38,538.2451185884646,2.5243810086976737,30636.201532004634,5805.1098501928955
1783507762,500,,Aggregated,225.200000,0.000000,38,74,100,120,390,2300,6000,14000,30000,31000,31000,40142,0,38,535.5483942106106,2.5243810086976737,30636.201532004634,5799.944696328035
1783507763,500,,Aggregated,223.300000,0.000000,38,74,100,120,390,2300,6000,14000,30000,31000,31000,40367,0,38,532.8276409338636,2.5243810086976737,30636.201532004634,5803.569920975054
1783507764,500,,Aggregated,223.800000,0.000000,38,73,99,120,380,2300,5700,14000,30000,31000,31000,40587,0,38,530.1228290346506,2.5243810086976737,30636.201532004634,5806.842683617907
1783507765,500,,Aggregated,224.700000,0.000000,38,73,99,120,370,2300,5600,14000,30000,31000,31000,40821,0,38,527.3092159237716,2.5243810086976737,30636.201532004634,5805.491119766787
1783507766,500,,Aggregated,225.100000,0.000000,38,73,99,120,370,2300,5500,14000,30000,31000,31000,41047,0,38,524.669826444621,2.5243810086976737,30636.201532004634,5807.173142982435
1783507767,500,,Aggregated,222.500000,0.000000,37,73,98,120,360,2300,5400,14000,30000,31000,31000,41275,0,37,521.9414710301471,2.5243810086976737,30636.201532004634,5804.032125984252
1783507768,500,,Aggregated,222.200000,0.000000,37,73,98,120,360,2200,5300,14000,30000,31000,31000,41502,0,37,519.277204646075,2.5243810086976737,30636.201532004634,5801.070406245482
1783507769,500,,Aggregated,221.700000,0.000000,37,72,98,120,350,2200,5300,13000,30000,31000,31000,41741,0,37,516.424659567796,2.5243810086976737,30636.201532004634,5796.25433027479
1783507770,500,,Aggregated,221.800000,0.000000,37,72,97,120,340,2200,5200,13000,30000,31000,31000,41962,0,37,513.8442943147483,2.5243810086976737,30636.201532004634,5793.8249368476245
1783507771,500,,Aggregated,222.100000,0.000000,36,72,97,120,340,2200,5100,13000,30000,31000,31000,42189,0,36,511.2634650814761,2.5243810086976737,30636.201532004634,5795.3277631610135
1783507772,500,,Aggregated,223.600000,0.000000,36,71,97,120,340,2200,5100,13000,30000,31000,31000,42410,0,36,508.8431179165161,2.5243810086976737,30636.201532004634,5794.922494694648
1783507773,500,,Aggregated,227.000000,0.000000,36,71,96,120,330,2100,5100,13000,30000,31000,31000,42630,0,36,506.3439457937488,2.5243810086976737,30636.201532004634,5793.620032840722
1783507774,500,,Aggregated,226.500000,0.000000,36,71,96,120,330,2100,5000,13000,30000,31000,31000,42865,0,36,503.84503021580315,2.5243810086976737,30636.201532004634,5793.454659979004
1783507775,500,,Aggregated,224.800000,0.000000,36,71,96,120,320,2100,5000,13000,30000,31000,31000,43082,0,36,501.4405026015122,2.5243810086976737,30636.201532004634,5789.43445058261
1783507776,500,,Aggregated,223.800000,0.000000,36,71,96,120,320,2000,4900,13000,30000,31000,31000,43254,0,36,499.71582788258644,2.5243810086976737,30636.201532004634,5791.449322606002
1783507777,500,,Aggregated,224.900000,0.000000,37,72,97,120,330,2000,4900,13000,30000,31000,31000,43502,0,37,498.4567835148793,2.5243810086976737,30636.201532004634,5793.426325226426
1783507778,500,,Aggregated,224.900000,0.000000,37,72,97,120,330,2000,4900,13000,30000,31000,31000,43732,0,37,496.38470136402105,2.5243810086976737,30636.201532004634,5795.418480746364
1783507779,500,,Aggregated,218.900000,0.000000,37,72,97,120,320,2000,4900,13000,30000,31000,31000,43953,0,37,494.039983462597,2.5243810086976737,30636.201532004634,5797.988032671263
1783507780,500,,Aggregated,222.300000,0.000000,37,72,97,120,320,2000,4900,13000,30000,31000,31000,44175,0,37,491.79865675396843,2.5243810086976737,30636.201532004634,5801.08778720996
1783507781,500,,Aggregated,220.400000,0.000000,36,71,97,120,320,1900,4900,13000,30000,31000,31000,44415,0,36,489.3252584692,2.5243810086976737,30636.201532004634,5801.323561859732
1783507782,500,,Aggregated,220.200000,0.000000,36,71,96,120,310,1900,4900,13000,30000,31000,31000,44650,0,36,486.95167344668727,2.5243810086976737,30636.201532004634,5800.871578947368
1783507783,500,,Aggregated,219.400000,0.000000,36,71,96,120,310,1900,4900,13000,30000,31000,31000,44868,0,36,484.67524660161985,2.5243810086976737,30636.201532004634,5798.157573326202
1783507784,500,,Aggregated,219.300000,0.000000,36,71,96,120,310,1900,4800,13000,30000,31000,31000,45097,0,36,482.41867337914977,2.5243810086976737,30636.201532004634,5797.6946803556775
1783507785,500,,Aggregated,221.400000,0.000000,36,70,95,120,300,1900,4700,13000,30000,31000,31000,45316,0,36,480.2281089710821,2.5243810086976737,30636.201532004634,5805.231706240622
1783507786,500,,Aggregated,221.700000,0.000000,36,70,95,120,300,1900,4700,13000,30000,31000,31000,45557,0,36,477.86219797746935,2.5243810086976737,30636.201532004634,5804.5098009087515
1783507787,500,,Aggregated,220.400000,0.000000,35,70,95,110,300,1800,4700,13000,30000,31000,31000,45781,0,35,475.6980401537009,2.5243810086976737,30636.201532004634,5809.247788383827
1783507788,500,,Aggregated,220.800000,0.000000,35,70,94,110,300,1800,4700,13000,30000,31000,31000,46014,0,35,473.4887010662929,2.5243810086976737,30636.201532004634,5811.0620680662405
1783507789,500,,Aggregated,228.200000,0.000000,35,70,94,110,290,1800,4700,13000,30000,31000,31000,46233,0,35,471.3855182601717,2.5243810086976737,30636.201532004634,5811.70717885493
1783507790,500,,Aggregated,225.300000,0.000000,35,70,94,110,290,1800,4700,13000,30000,31000,31000,46472,0,35,469.2217919615354,2.5243810086976737,30636.201532004634,5811.631197280082
1783507791,500,,Aggregated,227.100000,0.000000,35,69,94,110,290,1800,4700,13000,30000,31000,31000,46694,0,35,467.1445064256099,2.5243810086976737,30636.201532004634,5815.010172613183
1783507792,500,,Aggregated,225.600000,0.000000,35,70,94,110,290,1800,4700,13000,30000,31000,31000,46886,0,35,466.1804259762919,2.5243810086976737,30636.201532004634,5814.783709422855
1783507793,500,,Aggregated,227.400000,0.000000,36,70,95,110,290,1800,4700,13000,30000,31000,31000,47116,0,36,464.4476847764351,2.5243810086976737,30636.201532004634,5813.104359453264
1783507794,500,,Aggregated,220.400000,0.000000,36,70,94,110,290,1800,4700,13000,30000,31000,31000,47359,0,36,462.2628396974936,2.5243810086976737,30636.201532004634,5817.335099980996
1783507795,500,,Aggregated,223.600000,0.000000,35,70,94,110,290,1800,4700,13000,30000,31000,31000,47588,0,35,460.22968330368207,2.5243810086976737,30636.201532004634,5813.4178574430525
1783507796,500,,Aggregated,224.800000,0.000000,35,70,94,110,280,1700,4600,13000,30000,31000,31000,47802,0,35,458.33285162241435,2.5243810086976737,30636.201532004634,5813.721915401029
1783507797,500,,Aggregated,224.100000,0.000000,35,69,94,110,280,1700,4600,13000,30000,31000,31000,48035,0,35,456.27740258336223,2.5243810086976737,30636.201532004634,5813.979327573644
1783507798,500,,Aggregated,224.700000,0.000000,35,69,94,110,280,1700,4600,13000,30000,31000,31000,48259,0,35,454.3659042099681,2.5243810086976737,30636.201532004634,5812.144615512132
1783507799,500,,Aggregated,223.100000,0.000000,35,69,93,110,280,1700,4600,13000,30000,31000,31000,48481,0,35,452.42787650780315,2.5243810086976737,30636.201532004634,5812.714156061137
1783507800,500,,Aggregated,221.300000,0.000000,35,69,93,110,280,1700,4500,13000,30000,31000,31000,48705,0,35,450.66448125923154,2.5243810086976737,30636.201532004634,5811.733477055744
1783507801,500,,Aggregated,221.400000,0.000000,35,69,93,110,270,1700,4500,13000,30000,31000,31000,48957,0,35,448.6104205657781,2.5243810086976737,30636.201532004634,5809.821455563045
1783507802,500,,Aggregated,221.900000,0.000000,35,69,93,110,270,1700,4500,13000,30000,31000,31000,49167,0,35,446.8082496438791,2.5243810086976737,30636.201532004634,5810.354343360384
1783507803,500,,Aggregated,222.900000,0.000000,35,69,93,110,270,1700,4400,13000,30000,31000,31000,49380,0,35,445.2525735341357,2.5243810086976737,30636.201532004634,5808.597245848522
1783507804,500,,Aggregated,229.800000,0.000000,35,69,93,110,270,1600,4400,13000,30000,31000,31000,49611,0,35,443.4158777506937,2.5243810086976737,30636.201532004634,5808.117070810908
1783507805,500,,Aggregated,223.800000,0.000000,35,69,93,110,270,1600,4400,13000,30000,31000,31000,49829,0,35,441.60694601431896,2.5243810086976737,30636.201532004634,5808.521342993036
1783507806,500,,Aggregated,224.300000,0.000000,35,69,93,110,260,1600,4300,13000,30000,31000,31000,50072,0,35,439.74161349473763,2.5243810086976737,30636.201532004634,5812.2177264738775
1783507807,500,,Aggregated,224.700000,0.000000,35,69,93,110,260,1600,4300,13000,30000,31000,31000,50293,0,35,437.9794414772149,2.5243810086976737,30636.201532004634,5811.999681864276
1783507808,500,,Aggregated,224.200000,0.000000,35,69,93,110,260,1600,4300,13000,30000,31000,31000,50404,0,35,437.36541696443817,2.5243810086976737,30636.201532004634,5812.6095349575435
1783507809,500,,Aggregated,225.300000,0.000000,36,70,94,110,280,1600,4300,13000,30000,31000,31000,50667,0,36,437.3255146326717,2.5243810086976737,30636.201532004634,5811.454122012356
1783507810,500,,Aggregated,225.500000,0.000000,36,70,94,110,280,1600,4300,13000,30000,31000,31000,50914,0,36,435.7766446039107,2.5243810086976737,30636.201532004634,5812.6241505283415
1783507811,500,,Aggregated,214.100000,0.000000,36,70,94,110,280,1500,4200,13000,30000,31000,31000,51135,0,36,434.01990573342204,2.5243810086976737,30636.201532004634,5810.029021218344
1783507812,500,,Aggregated,219.500000,0.000000,35,69,94,110,280,1500,4200,13000,30000,31000,31000,51360,0,35,432.22215567322155,2.5243810086976737,30636.201532004634,5808.791647196262
1783507813,500,,Aggregated,217.100000,0.000000,36,69,94,110,270,1500,4100,13000,30000,31000,31000,51590,0,36,430.5489176730332,2.5243810086976737,30636.201532004634,5810.005039736383
1783507814,500,,Aggregated,216.200000,0.000000,36,69,93,110,270,1500,4100,13000,30000,31000,31000,51812,0,36,428.9020448953489,2.5243810086976737,30636.201532004634,5807.050683239404
1783507815,500,,Aggregated,218.100000,0.000000,35,69,93,110,270,1500,4100,13000,30000,31000,31000,52057,0,35,427.033373815834,2.5243810086976737,30636.201532004634,5806.1764027892505
1783507816,500,,Aggregated,217.900000,0.000000,35,69,93,110,270,1500,4100,13000,30000,31000,31000,52284,0,35,425.32785762035905,2.5243810086976737,30636.201532004634,5804.3077997092805
1783507817,500,,Aggregated,217.700000,0.000000,35,69,93,110,270,1400,4100,13000,30000,31000,31000,52518,0,35,423.6603218556449,2.5243810086976737,30636.201532004634,5805.864770174036
1783507818,500,,Aggregated,220.400000,0.000000,35,69,93,110,260,1400,4000,13000,30000,31000,31000,52720,0,35,422.1502601153027,2.5243810086976737,30636.201532004634,5801.449468892261
1783507819,500,,Aggregated,218.900000,0.000000,35,69,93,110,260,1400,4000,13000,30000,31000,31000,52949,0,35,420.59998925274874,2.5243810086976737,30636.201532004634,5800.1224952312605
1783507820,500,,Aggregated,219.700000,0.000000,35,69,93,110,260,1400,4000,13000,30000,31000,31000,53182,0,35,419.01036697695974,2.5243810086976737,30636.201532004634,5801.483359031251
1783507821,500,,Aggregated,229.200000,0.000000,35,69,92,110,260,1400,4000,13000,30000,31000,31000,53404,0,35,417.4197316326999,2.5243810086976737,30636.201532004634,5799.523874616134
1783507822,500,,Aggregated,224.900000,0.000000,35,68,92,110,260,1400,4000,13000,30000,31000,31000,53653,0,35,415.623254903764,2.5243810086976737,30636.201532004634,5799.855217788381
1783507823,500,,Aggregated,225.500000,0.000000,35,68,92,110,250,1400,4000,13000,30000,31000,31000,53868,0,35,414.1056363669461,2.5243810086976737,30636.201532004634,5796.624229598277
1783507825,500,,Aggregated,227.600000,0.000000,35,69,92,110,260,1400,3900,13000,30000,31000,31000,53995,0,35,413.79902637828764,2.5243810086976737,30636.201532004634,5796.0141679785165
1783507826,500,,Aggregated,225.400000,0.000000,36,69,93,110,270,1400,3900,13000,30000,31000,31000,54249,0,36,413.3921161322699,2.5243810086976737,30636.201532004634,5798.843370384708
1783507827,500,,Aggregated,212.500000,0.000000,36,70,94,110,270,1400,3900,12000,30000,31000,31000,54503,0,36,412.48807909547173,2.5243810086976737,30636.201532004634,5798.9182246848795
1783507828,500,,Aggregated,215.400000,0.000000,36,70,94,110,270,1300,3900,12000,30000,31000,31000,54705,0,36,411.11262416522305,2.5243810086976737,30636.201532004634,5799.795649392195
1783507829,500,,Aggregated,219.000000,0.000000,36,69,93,110,270,1300,3900,12000,30000,31000,31000,54941,0,36,409.49961135672106,2.5243810086976737,30636.201532004634,5796.041317049198
1783507830,500,,Aggregated,216.300000,0.000000,36,69,93,110,260,1300,3900,12000,30000,31000,31000,55161,0,36,408.0591230841293,2.5243810086976737,30636.201532004634,5793.769511067602
1783507831,500,,Aggregated,219.100000,0.000000,36,69,93,110,260,1300,3900,12000,30000,31000,31000,55390,0,36,406.5307479291327,2.5243810086976737,30636.201532004634,5794.288571944394
1783507832,500,,Aggregated,217.700000,0.000000,36,69,93,110,260,1300,3900,12000,30000,31000,31000,55620,0,36,405.032577587712,2.5243810086976737,30636.201532004634,5793.85501618123
1783507833,500,,Aggregated,217.000000,0.000000,35,69,93,110,260,1300,3900,12000,30000,31000,31000,55826,0,35,403.6567182977217,2.5243810086976737,30636.201532004634,5795.621341310501
1783507834,500,,Aggregated,217.400000,0.000000,35,69,93,110,260,1200,3800,12000,30000,31000,31000,56056,0,35,402.2042202313476,2.5243810086976737,30636.201532004634,5795.57399743114
1783507835,500,,Aggregated,214.400000,0.000000,35,69,93,110,260,1200,3800,12000,30000,31000,31000,56297,0,35,400.63694328414186,2.5243810086976737,30636.201532004634,5798.390695774197
1783507836,500,,Aggregated,216.200000,0.000000,35,69,92,110,250,1200,3800,12000,30000,31000,31000,56521,0,35,399.18166506831614,2.5243810086976737,30636.201532004634,5797.793068063198
1783507837,500,,Aggregated,230.800000,0.000000,35,68,92,110,250,1200,3800,12000,30000,31000,31000,56738,0,35,397.8349572088418,2.5243810086976737,30636.201532004634,5799.286985794353
1783507838,500,,Aggregated,225.300000,0.000000,36,69,93,110,250,1200,3800,12000,30000,31000,31000,56967,0,36,396.68559211837163,2.5243810086976737,30636.201532004634,5801.235346779715
1783507839,500,,Aggregated,221.600000,0.000000,35,69,92,110,250,1200,3800,12000,30000,31000,31000,57194,0,35,395.2769871766829,2.5243810086976737,30636.201532004634,5800.473458754414
1783507840,500,,Aggregated,224.300000,0.000000,35,69,92,110,250,1100,3800,11000,30000,31000,31000,57403,0,35,393.980876161039,2.5243810086976737,30636.201532004634,5800.464313711827
1783507841,500,,Aggregated,223.800000,0.000000,35,69,92,110,250,1100,3800,11000,30000,31000,31000,57511,0,35,393.4174207613344,2.5243810086976737,30636.201532004634,5801.219245013997
1783507842,500,,Aggregated,223.200000,0.000000,36,69,93,110,260,1100,3800,11000,30000,31000,31000,57758,0,36,393.90377524228774,2.5243810086976737,30636.201532004634,5799.204768170643
1783507843,500,,Aggregated,210.700000,0.000000,36,70,94,110,270,1100,3700,11000,30000,31000,31000,57997,0,36,393.5076710719692,2.5243810086976737,30636.201532004634,5795.612497198131
1783507844,500,,Aggregated,212.000000,0.000000,36,70,94,110,260,1100,3700,11000,30000,31000,31000,58193,0,36,392.2701678326933,2.5243810086976737,30636.201532004634,5793.948516144554
1783507845,500,,Aggregated,215.300000,0.000000,36,69,93,110,260,1100,3700,11000,30000,31000,31000,58425,0,36,390.90788948989325,2.5243810086976737,30636.201532004634,5793.838083012409
1783507846,500,,Aggregated,212.000000,0.000000,36,70,93,110,260,1100,3700,11000,30000,31000,31000,58665,0,36,389.5700014080653,2.5243810086976737,30636.201532004634,5793.588920139777
1783507847,500,,Aggregated,212.100000,0.000000,36,69,93,110,260,1100,3700,11000,30000,31000,31000,58883,0,36,388.2461461304985,2.5243810086976737,30636.201532004634,5792.298982728462
1783507848,500,,Aggregated,211.000000,0.000000,36,69,93,110,260,1100,3700,11000,30000,31000,31000,59099,0,36,386.9463015519071,2.5243810086976737,30636.201532004634,5790.76667963925
1783507849,500,,Aggregated,212.800000,0.000000,36,69,93,110,260,1100,3700,11000,30000,31000,31000,59329,0,36,385.58607205215344,2.5243810086976737,30636.201532004634,5790.75838123009
1783507850,500,,Aggregated,212.800000,0.000000,36,69,93,110,260,1100,3600,11000,30000,31000,31000,59575,0,36,384.1424764469193,2.5243810086976737,30636.201532004634,5792.956307175828
1783507851,500,,Aggregated,210.800000,0.000000,35,69,92,110,250,1100,3600,11000,30000,31000,31000,59802,0,35,382.8273611563698,2.5243810086976737,30636.201532004634,5791.881391926691
1783507852,500,,Aggregated,213.900000,0.000000,35,69,92,110,250,1000,3600,11000,30000,31000,31000,60015,0,35,381.6332370472898,2.5243810086976737,30636.201532004634,5789.900658168791
1783507853,500,,Aggregated,226.800000,0.000000,35,69,92,110,250,1000,3600,11000,30000,31000,31000,60260,0,35,380.2432275262397,2.5243810086976737,30636.201532004634,5787.981297709924
1783507854,500,,Aggregated,225.600000,0.000000,35,68,92,110,250,1000,3600,11000,30000,31000,31000,60475,0,35,378.98604217871844,2.5243810086976737,30636.201532004634,5789.386672178586
1783507855,500,,Aggregated,223.700000,0.000000,35,68,92,110,250,1000,3600,11000,30000,31000,31000,60721,0,35,377.6608698948953,2.5243810086976737,30636.201532004634,5788.694718466429
1783507856,500,,Aggregated,226.100000,0.000000,35,68,92,110,240,1000,3600,11000,30000,31000,31000,60952,0,35,376.3330520386165,2.5243810086976737,30636.201532004634,5787.405433783962
1783507857,500,,Aggregated,226.800000,0.000000,35,68,91,110,240,990,3600,11000,29000,31000,31000,61181,0,35,375.03808656523603,2.5243810086976737,30636.201532004634,5785.994034095553
1783507858,500,,Aggregated,227.600000,0.000000,35,68,91,110,240,980,3600,10000,29000,31000,31000,61415,0,35,373.76089958661146,2.5243810086976737,30636.201532004634,5785.520426605878
1783507859,500,,Aggregated,225.800000,0.000000,35,68,91,110,240,980,3600,10000,29000,31000,31000,61512,0,35,373.3686406940878,2.5243810086976737,30636.201532004634,5785.705520873976
1783507860,500,,Aggregated,228.000000,0.000000,35,69,92,110,250,970,3500,10000,29000,31000,31000,61771,0,35,373.589358747242,2.5243810086976737,30636.201532004634,5788.115248255654
1783507861,500,,Aggregated,220.100000,0.000000,36,69,93,110,260,970,3500,10000,29000,31000,31000,62028,0,36,373.0900816135129,2.5243810086976737,30636.201532004634,5787.054427032953
1783507862,500,,Aggregated,216.600000,0.000000,35,69,93,110,260,970,3500,10000,29000,31000,31000,62238,0,35,371.93669766739015,2.5243810086976737,30636.201532004634,5783.715607828015
1783507863,500,,Aggregated,220.200000,0.000000,35,69,93,110,260,960,3500,10000,29000,31000,31000,62434,0,35,370.85847973421403,2.5243810086976737,30636.201532004634,5779.676714610629
1783507864,500,,Aggregated,217.900000,0.000000,35,69,92,110,250,950,3500,10000,29000,31000,31000,62670,0,35,369.61238337869565,2.5243810086976737,30636.201532004634,5778.435631083453
1783507865,500,,Aggregated,216.800000,0.000000,35,69,92,110,250,940,3500,10000,29000,31000,31000,62901,0,35,368.39777733897523,2.5243810086976737,30636.201532004634,5776.199424492456
1783507866,500,,Aggregated,216.400000,0.000000,35,68,92,110,250,940,3500,10000,29000,31000,31000,63131,0,35,367.2208128706348,2.5243810086976737,30636.201532004634,5776.902805277914
1783507867,500,,Aggregated,215.300000,0.000000,35,68,92,110,250,930,3400,10000,29000,31000,31000,63357,0,35,366.00084800209953,2.5243810086976737,30636.201532004634,5779.628344145082
1783507868,500,,Aggregated,216.600000,0.000000,35,68,92,110,250,920,3400,10000,29000,31000,31000,63587,0,35,364.8428247992668,2.5243810086976737,30636.201532004634,5781.465126519572
1783507869,500,,Aggregated,216.600000,0.000000,35,68,91,110,250,920,3400,10000,29000,31000,31000,63801,0,35,363.690222358849,2.5243810086976737,30636.201532004634,5781.2318302220965
1783507870,500,,Aggregated,213.900000,0.000000,35,68,91,110,240,920,3400,10000,29000,31000,31000,64030,0,35,362.49188082039325,2.5243810086976737,30636.201532004634,5782.602483210995
1783507871,500,,Aggregated,223.200000,0.000000,35,68,91,110,240,910,3400,10000,29000,31000,31000,64259,0,35,361.3130219731361,2.5243810086976737,30636.201532004634,5778.602561508894
1783507872,500,,Aggregated,225.700000,0.000000,35,68,91,110,240,900,3400,10000,29000,31000,31000,64486,0,35,360.1562384052923,2.5243810086976737,30636.201532004634,5778.998480290295
1783507873,500,,Aggregated,221.800000,0.000000,34,67,91,110,240,890,3400,10000,29000,31000,31000,64707,0,34,358.98216575600463,2.5243810086976737,30636.201532004634,5778.12765234055
1783507874,500,,Aggregated,224.500000,0.000000,34,67,90,110,240,880,3400,10000,29000,31000,31000,64929,0,34,357.83901645215434,2.5243810086976737,30636.201532004634,5776.21746831154
1783507875,500,,Aggregated,224.400000,0.000000,34,67,90,110,240,870,3400,10000,29000,31000,31000,65172,0,34,356.6403091442638,2.5243810086976737,30636.201532004634,5778.213772785859
1783507876,500,,Aggregated,225.100000,0.000000,34,67,90,110,240,870,3400,10000,29000,31000,31000,65391,0,34,355.518025416188,2.5243810086976737,30636.201532004634,5778.301432918904
1783507877,500,,Aggregated,225.300000,0.000000,34,67,90,110,240,860,3400,10000,29000,31000,31000,65522,0,34,355.2877511579773,2.5243810086976737,30636.201532004634,5779.330133390312
1783507878,500,,Aggregated,224.100000,0.000000,34,68,91,110,250,860,3400,10000,29000,31000,31000,65781,0,34,355.63376459740823,2.5243810086976737,30636.201532004634,5780.726881622353
1783507879,500,,Aggregated,213.800000,0.000000,35,68,91,110,250,850,3400,10000,29000,31000,31000,66017,0,35,354.7699034875737,2.5243810086976737,30636.201532004634,5779.135268188497
1783507880,500,,Aggregated,216.400000,0.000000,34,68,91,110,250,840,3300,8700,29000,31000,31000,66219,0,34,353.74785794125586,2.5243810086976737,30636.201532004634,5778.563373050031
1783507881,500,,Aggregated,219.600000,0.000000,34,67,91,110,250,830,3300,8700,29000,31000,31000,66472,0,34,352.4797099770584,2.5243810086976737,30636.201532004634,5777.836758334336
1783507882,500,,Aggregated,217.700000,0.000000,34,67,91,110,250,820,3300,8600,29000,31000,31000,66702,0,34,351.3621061745653,2.5243810086976737,30636.201532004634,5776.17240862343
1783507883,500,,Aggregated,217.300000,0.000000,34,67,91,110,250,820,3300,8000,29000,31000,31000,66929,0,34,350.24063308949417,2.5243810086976737,30636.201532004634,5774.8544875913285
1783507884,500,,Aggregated,218.400000,0.000000,34,67,90,110,240,810,3300,8000,29000,31000,31000,67140,0,34,349.2295113800531,2.5243810086976737,30636.201532004634,5774.061513255883
1783507885,500,,Aggregated,220.300000,0.000000,34,67,90,110,240,810,3300,8000,29000,31000,31000,67390,0,34,348.07292504681345,2.5243810086976737,30636.201532004634,5775.403650393233
1783507886,500,,Aggregated,219.000000,0.000000,34,67,90,110,240,790,3300,8000,29000,31000,31000,67629,0,34,346.9537692361062,2.5243810086976737,30636.201532004634,5774.185881796271
1783507887,500,,Aggregated,219.000000,0.000000,33,66,90,110,240,790,3300,7900,29000,31000,31000,67840,0,33,345.9385704998464,2.5243810086976737,30636.201532004634,5773.688030660377
1783507888,500,,Aggregated,220.300000,0.000000,33,66,90,110,240,780,3300,7900,29000,31000,31000,68075,0,33,344.82982600979176,2.5243810086976737,30636.201532004634,5773.469452809401
1783507889,500,,Aggregated,231.200000,0.000000,33,66,89,110,240,780,3300,7900,29000,31000,31000,68293,0,33,343.8459643059957,2.5243810086976737,30636.201532004634,5774.143499333753
1783507890,500,,Aggregated,228.600000,0.000000,33,66,89,110,240,780,3200,7900,29000,31000,31000,68520,0,33,342.7965061840689,2.5243810086976737,30636.201532004634,5777.383654407472
1783507891,500,,Aggregated,226.100000,0.000000,33,66,89,110,230,770,3200,7800,29000,31000,31000,68747,0,33,341.76881420002996,2.5243810086976737,30636.201532004634,5778.5635882293045
1783507892,500,,Aggregated,227.300000,0.000000,33,66,89,110,230,760,3200,7800,29000,31000,31000,68973,0,33,340.7416437882686,2.5243810086976737,30636.201532004634,5779.466443390892
1783507893,500,,Aggregated,227.900000,0.000000,33,66,89,110,230,750,3200,7600,29000,31000,31000,69211,0,33,339.6454793498483,2.5243810086976737,30636.201532004634,5779.146826371531
1783507894,500,,Aggregated,225.700000,0.000000,33,66,89,110,230,750,3200,7600,29000,31000,31000,69366,0,33,339.04287937664577,2.5243810086976737,30636.201532004634,5777.371435573624
1783507895,500,,Aggregated,224.500000,0.000000,33,66,89,110,240,750,3200,7500,29000,31000,31000,69631,0,33,339.0061633486571,2.5243810086976737,30636.201532004634,5776.207264005974
1783507896,500,,Aggregated,224.800000,0.000000,33,66,89,110,240,750,3200,7500,29000,31000,31000,69874,0,33,338.10594952080004,2.5243810086976737,30636.201532004634,5775.614906832298
1783507897,500,,Aggregated,214.500000,0.000000,33,66,89,110,240,740,3200,7500,29000,31000,31000,70080,0,33,337.24782938495144,2.5243810086976737,30636.201532004634,5779.146090182649
1783507898,500,,Aggregated,218.900000,0.000000,33,66,90,110,240,730,3200,7500,29000,31000,31000,70330,0,33,336.29804599426126,2.5243810086976737,30636.201532004634,5779.165732973127
1783507899,500,,Aggregated,218.400000,0.000000,33,66,89,110,230,730,3200,7500,29000,31000,31000,70533,0,33,335.4076207055324,2.5243810086976737,30636.201532004634,5779.080657280989
1783507900,500,,Aggregated,218.600000,0.000000,33,66,89,110,230,730,3200,7500,29000,31000,31000,70765,0,33,334.42708147775556,2.5243810086976737,30636.201532004634,5777.384441461174
1783507901,500,,Aggregated,219.700000,0.000000,33,66,89,110,230,720,3200,7500,29000,31000,31000,70996,0,33,333.4349131968611,2.5243810086976737,30636.201532004634,5777.274719702518
1783507902,500,,Aggregated,217.800000,0.000000,33,66,89,110,230,720,3200,6800,29000,31000,31000,71232,0,33,332.4118819500259,2.5243810086976737,30636.201532004634,5775.567132749326
1783507903,500,,Aggregated,217.800000,0.000000,33,65,89,110,230,710,3200,6700,29000,31000,31000,71447,0,33,331.4900725054136,2.5243810086976737,30636.201532004634,5776.06667879687
1783507904,500,,Aggregated,219.200000,0.000000,33,65,88,110,230,710,3200,6600,29000,31000,31000,71678,0,33,330.51258453970877,2.5243810086976737,30636.201532004634,5775.127193839114
1783507905,500,,Aggregated,219.600000,0.000000,33,65,88,110,230,700,3100,6600,29000,31000,31000,71910,0,33,329.55072655571337,2.5243810086976737,30636.201532004634,5775.760116812682
1783507906,500,,Aggregated,219.400000,0.000000,32,65,88,110,230,700,3100,6600,29000,31000,31000,72132,0,32,328.65557255999204,2.5243810086976737,30636.201532004634,5776.9814368102925
1783507907,500,,Aggregated,230.100000,0.000000,33,65,88,110,230,700,3100,6600,29000,31000,31000,72341,0,33,327.88114806154573,2.5243810086976737,30636.201532004634,5779.568087253425
1783507908,500,,Aggregated,224.500000,0.000000,33,65,88,110,230,690,3100,6600,29000,31000,31000,72594,0,33,326.938330718408,2.5243810086976737,30636.201532004634,5781.712028542303
1783507909,500,,Aggregated,224.500000,0.000000,32,65,88,110,220,680,3100,6600,29000,31000,31000,72810,0,32,326.0396526146421,2.5243810086976737,30636.201532004634,5780.96361763494
1783507910,500,,Aggregated,224.200000,0.000000,32,65,88,110,220,680,3100,6600,29000,31000,31000,73032,0,32,325.14820709452204,2.5243810086976737,30636.201532004634,5781.342904480228
1783507911,500,,Aggregated,224.300000,0.000000,32,65,88,110,220,680,3100,6600,29000,31000,31000,73258,0,32,324.2429734943637,2.5243810086976737,30636.201532004634,5782.155204892299
1783507912,500,,Aggregated,225.300000,0.000000,32,65,88,110,220,670,3100,6600,29000,31000,31000,73396,0,32,323.80592702223726,2.5243810086976737,30636.201532004634,5784.09984195324
1783507913,500,,Aggregated,224.600000,0.000000,33,65,89,110,230,670,3100,6500,29000,31000,31000,73666,0,33,323.8624950501848,2.5243810086976737,30636.201532004634,5785.201463361659
1783507915,500,,Aggregated,224.300000,0.000000,33,65,89,110,230,670,3100,6500,29000,31000,31000,73885,0,33,323.1494963261969,2.5243810086976737,30636.201532004634,5786.46346349056
1783507916,500,,Aggregated,220.300000,0.000000,33,65,88,110,230,660,3100,6500,29000,31000,31000,74096,0,33,322.33466228282094,2.5243810086976737,30636.201532004634,5788.697905419996
1783507917,500,,Aggregated,218.800000,0.000000,33,65,88,110,230,660,3000,6400,29000,31000,31000,74342,0,33,321.4307201584966,2.5243810086976737,30636.201532004634,5790.259005676468
1783507918,500,,Aggregated,217.200000,0.000000,32,65,88,110,230,660,3000,6400,29000,31000,31000,74570,0,32,320.51945016483677,2.5243810086976737,30636.201532004634,5787.207898618747
1783507919,500,,Aggregated,219.200000,0.000000,32,65,88,110,230,650,3000,6400,29000,31000,31000,74789,0,32,319.6556758611818,2.5243810086976737,30636.201532004634,5788.642567757291
1783507920,500,,Aggregated,220.700000,0.000000,32,65,88,110,220,650,3000,6400,28000,31000,31000,75017,0,32,318.74479246181534,2.5243810086976737,30636.201532004634,5787.515176559979
1783507921,500,,Aggregated,217.900000,0.000000,32,65,88,110,220,650,3000,6400,28000,31000,31000,75234,0,32,317.91773051314675,2.5243810086976737,30636.201532004634,5787.507456734987
1783507922,500,,Aggregated,219.100000,0.000000,32,64,87,100,220,640,3000,6400,28000,31000,31000,75460,0,32,317.07014563306535,2.5243810086976737,30636.201532004634,5788.105300821628
1783507923,500,,Aggregated,219.100000,0.000000,32,64,87,100,220,640,3000,6300,28000,31000,31000,75704,0,32,316.22197264925296,2.5243810086976737,30636.201532004634,5786.710438021769
1783507924,500,,Aggregated,217.600000,0.000000,32,64,87,100,220,640,3000,6300,28000,31000,31000,75907,0,32,315.451995934393,2.5243810086976737,30636.201532004634,5785.359110490469
1783507925,500,,Aggregated,228.200000,0.000000,32,64,87,100,220,630,3000,6300,28000,31000,31000,76163,0,32,314.60864621996194,2.5243810086976737,30636.201532004634,5785.471935191628
1783507926,500,,Aggregated,223.200000,0.000000,32,64,87,100,220,630,3000,6200,28000,31000,31000,76377,0,32,313.7991410285939,2.5243810086976737,30636.201532004634,5786.2984537229795
1783507927,500,,Aggregated,225.800000,0.000000,32,64,87,100,220,630,3000,6200,28000,31000,31000,76606,0,32,312.9971080631265,2.5243810086976737,30636.201532004634,5785.047124246143
1783507928,500,,Aggregated,225.800000,0.000000,32,64,87,100,220,630,3000,6200,28000,31000,31000,76830,0,32,312.1740816793946,2.5243810086976737,30636.201532004634,5786.37351295067
1783507929,500,,Aggregated,224.400000,0.000000,32,64,87,100,220,630,3000,6200,27000,31000,31000,77065,0,32,311.36436141825493,2.5243810086976737,30636.201532004634,5786.056445857394
1783507930,500,,Aggregated,224.500000,0.000000,32,64,87,100,210,620,3000,6200,27000,31000,31000,77288,0,32,310.54756234016725,2.5243810086976737,30636.201532004634,5786.108593830866
1783507931,500,,Aggregated,224.900000,0.000000,32,64,87,100,220,620,3000,6200,27000,31000,31000,77442,0,32,310.36835575726167,2.5243810086976737,30636.201532004634,5785.809134578136
1783507932,500,,Aggregated,224.200000,0.000000,32,65,88,110,220,620,3000,6200,27000,31000,31000,77720,0,32,310.043187716762,2.5243810086976737,30636.201532004634,5785.048185795162
1783507933,500,,Aggregated,218.200000,0.000000,32,64,87,100,220,620,3000,6200,27000,31000,31000,77925,0,32,309.2769012291281,2.5243810086976737,30636.201532004634,5784.1706256015395
1783507934,500,,Aggregated,224.200000,0.000000,32,64,87,100,220,620,3000,6200,27000,31000,31000,78138,0,32,308.50575040226005,2.5243810086976737,30636.201532004634,5784.361399063196
1783507935,500,,Aggregated,220.600000,0.000000,32,64,87,100,220,620,3000,6200,27000,31000,31000,78367,0,32,307.71130208062095,2.5243810086976737,30636.201532004634,5785.696083810788
1783507936,500,,Aggregated,220.800000,0.000000,32,64,87,100,220,610,3000,6200,27000,31000,31000,78585,0,32,306.9225913539876,2.5243810086976737,30636.201532004634,5785.363275434243
1783507937,500,,Aggregated,217.900000,0.000000,32,64,87,100,220,610,3000,6200,27000,31000,31000,78830,0,32,306.07136160482247,2.5243810086976737,30636.201532004634,5784.419281999239
1783507938,500,,Aggregated,219.400000,0.000000,32,64,87,100,210,610,3000,6200,27000,31000,31000,79051,0,32,305.28653961474413,2.5243810086976737,30636.201532004634,5783.325751729896
1783507939,500,,Aggregated,220.400000,0.000000,32,64,87,100,210,600,3000,6100,27000,31000,31000,79276,0,32,304.48095052570955,2.5243810086976737,30636.201532004634,5782.43358645744
1783507940,500,,Aggregated,218.700000,0.000000,32,63,86,100,210,600,3000,6100,27000,31000,31000,79501,0,32,303.7104968915765,2.5243810086976737,30636.201532004634,5781.845083709639
1783507941,500,,Aggregated,220.100000,0.000000,31,63,86,100,210,600,2900,6000,27000,31000,31000,79740,0,31,302.896321657763,2.5243810086976737,30636.201532004634,5782.047040381239
1783507942,500,,Aggregated,220.900000,0.000000,31,63,86,100,210,600,2900,6000,27000,31000,31000,79963,0,31,302.1449689434635,2.5243810086976737,30636.201532004634,5782.7517226717355
1783507943,500,,Aggregated,227.800000,0.000000,31,63,86,100,210,590,2900,6000,27000,31000,31000,80181,0,31,301.51877720281647,2.5243810086976737,30636.201532004634,5783.447325426223
1783507944,500,,Aggregated,222.900000,0.000000,31,63,86,100,210,590,2900,6000,27000,31000,31000,80425,0,31,300.7316453521671,2.5243810086976737,30636.201532004634,5783.246316443891
1783507945,500,,Aggregated,223.900000,0.000000,31,63,86,100,210,590,2900,6000,27000,31000,31000,80639,0,31,300.0216256825956,2.5243810086976737,30636.201532004634,5781.954525725765
1783507946,500,,Aggregated,226.000000,0.000000,31,63,86,100,210,590,2900,5900,27000,31000,31000,80864,0,31,299.27649871521214,2.5243810086976737,30636.201532004634,5783.096334586467
1783507947,500,,Aggregated,226.300000,0.000000,31,63,86,100,210,590,2900,5800,27000,31000,31000,81089,0,31,298.5363893083157,2.5243810086976737,30636.201532004634,5782.85888344905
1783507948,500,,Aggregated,225.200000,0.000000,31,63,86,100,210,590,2900,5600,27000,31000,31000,81317,0,31,297.799086612111,2.5243810086976737,30636.201532004634,5784.874601866768
1783507949,500,,Aggregated,224.000000,0.000000,31,63,86,100,210,580,2900,5600,27000,31000,31000,81513,0,31,297.19022083254293,2.5243810086976737,30636.201532004634,5781.81129390404
1783507950,500,,Aggregated,225.100000,0.000000,31,63,86,100,210,590,2900,5600,27000,31000,31000,81747,0,31,297.5644314480558,2.5243810086976737,30636.201532004634,5783.014826232155
1783507951,500,,Aggregated,223.000000,0.000000,32,64,87,100,220,600,2800,5500,27000,31000,31000,82007,0,32,297.78190098376,2.5243810086976737,30636.201532004634,5781.393076200812
1783507952,500,,Aggregated,210.300000,0.000000,32,64,87,100,220,590,2800,5500,27000,31000,31000,82222,0,32,297.07934560688324,2.5243810086976737,30636.201532004634,5782.024664931527
1783507953,500,,Aggregated,212.900000,0.000000,32,64,87,100,220,590,2800,5500,27000,31000,31000,82445,0,32,296.3969586521093,2.5243810086976737,30636.201532004634,5780.886457638426
1783507954,500,,Aggregated,214.400000,0.000000,32,63,86,100,210,590,2800,5400,27000,31000,31000,82672,0,32,295.6961995758436,2.5243810086976737,30636.201532004634,5780.958643797175
1783507955,500,,Aggregated,213.800000,0.000000,32,63,86,100,210,590,2800,5300,27000,31000,31000,82907,0,32,295.0024307240427,2.5243810086976737,30636.201532004634,5781.1130905713635
1783507956,500,,Aggregated,212.700000,0.000000,32,63,86,100,210,590,2800,5300,27000,31000,31000,83134,0,32,294.30692152933,2.5243810086976737,30636.201532004634,5780.167620949311
1783507957,500,,Aggregated,213.800000,0.000000,32,63,86,100,210,590,2800,5300,27000,31000,31000,83353,0,32,293.6161330001466,2.5243810086976737,30636.201532004634,5779.127997792521
1783507958,500,,Aggregated,214.000000,0.000000,32,63,86,100,210,580,2800,5300,27000,31000,31000,83589,0,32,292.9485566218894,2.5243810086976737,30636.201532004634,5780.603129598392
1783507959,500,,Aggregated,214.900000,0.000000,31,63,86,100,210,580,2800,5200,27000,31000,31000,83810,0,31,292.2542046727016,2.5243810086976737,30636.201532004634,5779.1958954778665
1783507960,500,,Aggregated,214.200000,0.000000,31,63,86,100,210,580,2800,5200,27000,31000,31000,84030,0,31,291.5881034988363,2.5243810086976737,30636.201532004634,5781.989646554802
1783507961,500,,Aggregated,215.700000,0.000000,31,63,86,100,210,580,2800,5200,27000,31000,31000,84265,0,31,290.85143719461485,2.5243810086976737,30636.201532004634,5781.64389722898
1783507962,500,,Aggregated,228.900000,0.000000,31,63,86,100,210,580,2800,5100,27000,31000,31000,84488,0,31,290.16098086689414,2.5243810086976737,30636.201532004634,5780.881995076224
1783507963,500,,Aggregated,224.500000,0.000000,31,63,86,100,210,580,2700,5100,27000,31000,31000,84719,0,31,289.4692690850829,2.5243810086976737,30636.201532004634,5781.761670935682
1783507964,500,,Aggregated,223.600000,0.000000,31,63,85,100,210,580,2700,5100,27000,31000,31000,84945,0,31,288.778072058381,2.5243810086976737,30636.201532004634,5780.961787038672
1783507965,500,,Aggregated,226.000000,0.000000,31,63,85,100,200,570,2700,5100,27000,31000,31000,85166,0,31,288.11730251720377,2.5243810086976737,30636.201532004634,5778.497041072728
1783507966,500,,Aggregated,225.900000,0.000000,31,63,85,100,200,570,2700,5100,27000,31000,31000,85391,0,31,287.456439183089,2.5243810086976737,30636.201532004634,5779.22346617325
1783507967,500,,Aggregated,224.800000,0.000000,31,63,85,100,200,570,2700,5000,27000,31000,31000,85488,0,31,287.2435923287609,2.5243810086976737,30636.201532004634,5777.624064196145
1783507968,500,,Aggregated,225.400000,0.000000,31,63,86,100,210,580,2700,5000,27000,31000,31000,85762,0,31,287.66631491093,2.5243810086976737,30636.201532004634,5775.9358573727295
1783507969,500,,Aggregated,224.700000,0.000000,32,63,86,100,210,580,2700,5000,27000,31000,31000,86017,0,32,287.5455018936977,2.5243810086976737,30636.201532004634,5775.940035109339
1783507970,500,,Aggregated,212.200000,0.000000,31,63,86,100,210,580,2700,5000,27000,31000,31000,86225,0,31,286.90420516522204,2.5243810086976737,30636.201532004634,5775.514375181212
1783507971,500,,Aggregated,216.500000,0.000000,31,63,86,100,210,580,2700,4900,27000,31000,31000,86455,0,31,286.2275176514863,2.5243810086976737,30636.201532004634,5775.320004626685
1783507972,500,,Aggregated,218.300000,0.000000,31,63,86,100,210,580,2700,4900,27000,31000,31000,86693,0,31,285.53949586956355,2.5243810086976737,30636.201532004634,5773.734453762127
1783507973,500,,Aggregated,219.000000,0.000000,31,63,86,100,210,580,2700,4900,27000,31000,31000,86898,0,31,284.9449301189345,2.5243810086976737,30636.201532004634,5774.670820962508
1783507974,500,,Aggregated,217.000000,0.000000,31,63,86,100,210,570,2700,4900,27000,31000,31000,87135,0,31,284.29860172658607,2.5243810086976737,30636.201532004634,5774.717243358008
1783507975,500,,Aggregated,218.100000,0.000000,31,63,86,100,210,570,2700,4900,27000,31000,31000,87367,0,31,283.69827353434357,2.5243810086976737,30636.201532004634,5774.24315817185
1783507976,500,,Aggregated,215.800000,0.000000,31,63,86,100,210,570,2700,4900,27000,31000,31000,87614,0,31,282.9986104062814,2.5243810086976737,30636.201532004634,5775.656333462689
1783507977,500,,Aggregated,217.100000,0.000000,31,63,85,100,210,570,2700,4900,27000,31000,31000,87843,0,31,282.33788022824643,2.5243810086976737,30636.201532004634,5774.321585100691
1783507979,500,,Aggregated,220.000000,0.000000,31,63,85,100,210,560,2700,4900,27000,31000,31000,88069,0,31,281.69331691994864,2.5243810086976737,30636.201532004634,5777.8945031736475
1783507980,500,,Aggregated,232.900000,0.000000,31,63,85,100,210,560,2600,4900,27000,31000,31000,88293,0,31,281.04272865702893,2.5243810086976737,30636.201532004634,5776.307906629065
1783507981,500,,Aggregated,228.300000,0.000000,31,63,85,100,200,560,2600,4900,27000,31000,31000,88534,0,31,280.3586926319839,2.5243810086976737,30636.201532004634,5774.281733571283
1783507982,500,,Aggregated,225.600000,0.000000,31,62,85,100,200,560,2600,4900,27000,31000,31000,88747,0,31,279.76787705274546,2.5243810086976737,30636.201532004634,5774.3980979638745
1783507983,500,,Aggregated,227.700000,0.000000,31,63,85,100,200,550,2600,4900,27000,31000,31000,88992,0,31,279.14013640795713,2.5243810086976737,30636.201532004634,5774.53171071557
1783507984,500,,Aggregated,228.100000,0.000000,31,62,85,100,200,550,2600,4900,27000,31000,31000,89208,0,31,278.5364168102844,2.5243810086976737,30636.201532004634,5777.23326383284
1783507985,500,,Aggregated,227.800000,0.000000,31,63,85,100,200,550,2600,4900,27000,31000,31000,89421,0,31,278.1386059734495,2.5243810086976737,30636.201532004634,5777.068071258429
1783507986,500,,Aggregated,229.200000,0.000000,31,63,86,100,210,560,2600,4900,27000,31000,31000,89685,0,31,278.3463269301975,2.5243810086976737,30636.201532004634,5777.880871940682
1783507987,500,,Aggregated,227.600000,0.000000,31,63,86,100,210,560,2600,4800,27000,31000,31000,89935,0,31,277.9821981620021,2.5243810086976737,30636.201532004634,5778.3662645243785
1783507988,500,,Aggregated,217.700000,0.000000,31,63,86,100,210,560,2600,4800,27000,31000,31000,90140,0,31,277.3985254731159,2.5243810086976737,30636.201532004634,5777.7402706900375
1783507989,500,,Aggregated,219.900000,0.000000,31,63,86,100,210,550,2600,4800,27000,31000,31000,90367,0,31,276.7785863359046,2.5243810086976737,30636.201532004634,5776.086370024455
1783507990,500,,Aggregated,218.800000,0.000000,31,63,86,100,210,550,2600,4800,27000,31000,31000,90595,0,31,276.1608274114755,2.5243810086976737,30636.201532004634,5774.851570174955
1783507991,500,,Aggregated,216.500000,0.000000,31,63,85,100,210,550,2600,4700,27000,31000,31000,90826,0,31,275.5248143618432,2.5243810086976737,30636.201532004634,5774.116717679959
1783507992,500,,Aggregated,219.500000,0.000000,31,63,85,100,210,550,2600,4700,27000,31000,31000,91055,0,31,274.92905064064314,2.5243810086976737,30636.201532004634,5775.632815331393
1783507993,500,,Aggregated,216.600000,0.000000,31,63,85,100,200,550,2600,4700,27000,31000,31000,91267,0,31,274.35256589171223,2.5243810086976737,30636.201532004634,5776.633690161832
1783507994,500,,Aggregated,218.600000,0.000000,31,63,85,100,200,550,2600,4700,27000,31000,31000,91504,0,31,273.7747989083097,2.5243810086976737,30636.201532004634,5775.717640758874
1783507995,500,,Aggregated,215.900000,0.000000,31,63,85,100,200,540,2600,4700,27000,31000,31000,91735,0,31,273.230830335521,2.5243810086976737,30636.201532004634,5777.563830599008
1783507996,500,,Aggregated,217.400000,0.000000,31,63,85,100,200,540,2600,4700,27000,31000,31000,91958,0,31,272.6551336944143,2.5243810086976737,30636.201532004634,5779.78312925466
1783507997,500,,Aggregated,218.700000,0.000000,31,62,85,100,200,540,2500,4700,27000,31000,31000,92185,0,31,272.05089567491416,2.5243810086976737,30636.201532004634,5778.003362803059
1783507998,500,,Aggregated,228.000000,0.000000,31,62,85,100,200,540,2500,4700,27000,31000,31000,92413,0,31,271.52879784128993,2.5243810086976737,30636.201532004634,5775.89621590036
1783507999,500,,Aggregated,222.600000,0.000000,31,62,85,100,200,540,2500,4700,27000,31000,31000,92649,0,31,270.95207143909965,2.5243810086976737,30636.201532004634,5775.932130945828
1783508000,500,,Aggregated,225.400000,0.000000,31,62,85,100,200,540,2500,4700,27000,31000,31000,92870,0,31,270.36662130845514,2.5243810086976737,30636.201532004634,5774.919888015505
1783508001,500,,Aggregated,228.400000,0.000000,31,62,85,100,200,540,2500,4700,27000,31000,31000,93097,0,31,269.8175153043413,2.5243810086976737,30636.201532004634,5776.099788392752
1783508002,500,,Aggregated,225.300000,0.000000,31,62,85,100,200,530,2500,4700,27000,31000,31000,93329,0,31,269.2139810936279,2.5243810086976737,30636.201532004634,5775.409433295117
1783508003,500,,Aggregated,225.600000,0.000000,31,62,85,100,200,530,2500,4700,27000,31000,31000,93570,0,31,268.60372173610364,2.5243810086976737,30636.201532004634,5775.814534573047
1783508004,500,,Aggregated,224.700000,0.000000,31,62,85,100,200,530,2500,4700,27000,31000,31000,93722,0,31,268.5435477907991,2.5243810086976737,30636.201532004634,5775.735024860758
1783508005,500,,Aggregated,227.600000,0.000000,31,63,85,100,200,530,2500,4700,27000,31000,31000,93995,0,31,268.5896480205905,2.5243810086976737,30636.201532004634,5774.336858343529
1783508006,500,,Aggregated,222.000000,0.000000,31,63,85,100,200,530,2500,4700,27000,31000,31000,94201,0,31,268.06441110567266,2.5243810086976737,30636.201532004634,5773.602424602711
1783508007,500,,Aggregated,220.400000,0.000000,31,62,85,100,200,530,2500,4700,27000,31000,31000,94431,0,31,267.49185362484087,2.5243810086976737,30636.201532004634,5771.782550221855
1783508008,500,,Aggregated,223.700000,0.000000,31,62,85,100,200,530,2500,4700,27000,31000,31000,94646,0,31,266.956944614442,2.5243810086976737,30636.201532004634,5770.851805675887
1783508009,500,,Aggregated,221.500000,0.000000,31,62,85,100,200,530,2500,4700,27000,31000,31000,94891,0,31,266.42800084316247,2.5243810086976737,30636.201532004634,5769.009537258538
1783508010,500,,Aggregated,222.300000,0.000000,31,62,85,100,200,530,2500,4700,27000,31000,31000,95117,0,31,265.9062999967472,2.5243810086976737,30636.201532004634,5768.584543246739
1783508011,500,,Aggregated,219.400000,0.000000,31,62,85,100,200,530,2500,4600,27000,31000,31000,95335,0,31,265.3579228427824,2.5243810086976737,30636.201532004634,5767.575717207741
1783508012,500,,Aggregated,221.100000,0.000000,31,62,85,100,200,520,2500,4600,27000,31000,31000,95569,0,31,264.8383344755164,2.5243810086976737,30636.201532004634,5767.807217821679
1783508013,500,,Aggregated,222.100000,0.000000,31,62,85,100,200,520,2500,4600,27000,31000,31000,95794,0,31,264.3290580618679,2.5243810086976737,30636.201532004634,5767.463828632273
1783508014,500,,Aggregated,222.000000,0.000000,31,62,85,100,200,520,2400,4600,27000,31000,31000,96021,0,31,263.93930207848814,2.5243810086976737,30636.201532004634,5768.080211620375
1783508015,500,,Aggregated,220.200000,0.000000,31,62,85,100,200,520,2400,4600,27000,31000,31000,96238,0,31,263.44668343180905,2.5243810086976737,30636.201532004634,5768.809607431576
1783508016,500,,Aggregated,225.300000,0.000000,31,62,85,100,200,520,2400,4600,27000,31000,31000,96475,0,31,262.925505432727,2.5243810086976737,30636.201532004634,5767.087058823529
1783508017,500,,Aggregated,227.300000,0.000000,31,62,85,100,200,510,2400,4600,27000,31000,31000,96699,0,31,262.40558042750615,2.5243810086976737,30636.201532004634,5767.4390945097675
1783508018,500,,Aggregated,223.000000,0.000000,31,62,85,100,190,510,2400,4600,27000,31000,31000,96920,0,31,261.8967877639769,2.5243810086976737,30636.201532004634,5767.232717705324
1783508019,500,,Aggregated,225.900000,0.000000,31,62,85,100,190,510,2400,4600,27000,31000,31000,97149,0,31,261.3621909054938,2.5243810086976737,30636.201532004634,5768.8199775602425
1783508020,500,,Aggregated,224.100000,0.000000,31,62,84,100,190,510,2400,4600,27000,31000,31000,97383,0,31,260.8139093328171,2.5243810086976737,30636.201532004634,5769.098138278755
1783508021,500,,Aggregated,225.900000,0.000000,31,62,84,100,190,510,2400,4500,27000,31000,31000,97609,0,31,260.2773037024621,2.5243810086976737,30636.201532004634,5770.092378776547
1783508022,500,,Aggregated,225.300000,0.000000,31,62,84,100,190,510,2400,4500,27000,31000,31000,97828,0,31,259.7719579618369,2.5243810086976737,30636.201532004634,5770.789773888866
1783508023,500,,Aggregated,225.200000,0.000000,31,62,84,100,190,510,2400,4500,27000,31000,31000,97969,0,31,259.7376084396871,2.5243810086976737,30636.201532004634,5769.471863548673
1783508024,500,,Aggregated,224.500000,0.000000,31,63,85,100,200,510,2400,4500,27000,31000,31000,98246,0,31,259.95080017697103,2.5243810086976737,30636.201532004634,5770.900453962502
1783508025,500,,Aggregated,223.300000,0.000000,31,63,85,100,200,510,2400,4500,27000,31000,31000,98454,0,31,259.523995122185,2.5243810086976737,30636.201532004634,5774.2008856928105
1783508026,500,,Aggregated,217.400000,0.000000,31,63,85,100,200,510,2400,4400,27000,31000,31000,98683,0,31,259.0011787244259,2.5243810086976737,30636.201532004634,5774.051944103848
1783508027,500,,Aggregated,220.100000,0.000000,31,62,85,100,200,510,2400,4400,27000,31000,31000,98904,0,31,258.49762781279367,2.5243810086976737,30636.201532004634,5772.145929386072
1783508028,500,,Aggregated,219.000000,0.000000,31,63,85,100,200,510,2400,4400,27000,31000,31000,99139,0,31,258.0850709299636,2.5243810086976737,30636.201532004634,5772.337768184065
1783508029,500,,Aggregated,218.900000,0.000000,31,63,85,100,200,500,2400,4400,27000,31000,31000,99372,0,31,257.57413985165437,2.5243810086976737,30636.201532004634,5772.6279636114805
1783508030,500,,Aggregated,218.400000,0.000000,31,63,85,100,200,500,2400,4400,27000,31000,31000,99602,0,31,257.0940674408111,2.5243810086976737,30636.201532004634,5773.632798538182
1783508031,500,,Aggregated,220.300000,0.000000,31,62,85,100,200,500,2400,4300,27000,31000,31000,99832,0,31,256.5599568830409,2.5243810086976737,30636.201532004634,5771.701187995833
1783508032,500,,Aggregated,219.500000,0.000000,31,62,85,100,190,500,2300,4300,27000,31000,31000,100048,0,31,256.0728340183604,2.5243810086976737,30636.201532004634,5771.03159483448
1783508033,500,,Aggregated,220.200000,0.000000,31,62,85,100,190,500,2300,4300,27000,31000,31000,100280,0,31,255.57163334760548,2.5243810086976737,30636.201532004634,5773.313222975668
1783508034,500,,Aggregated,220.700000,0.000000,31,62,85,100,190,500,2300,4300,27000,31000,31000,100510,0,31,255.065767762669,2.5243810086976737,30636.201532004634,5771.604327927569
1783508035,500,,Aggregated,221.200000,0.000000,31,62,84,100,190,500,2300,4300,27000,31000,31000,100721,0,31,254.6208111896115,2.5243810086976737,30636.201532004634,5771.254783014466
1783508036,500,,Aggregated,227.900000,0.000000,31,62,84,100,190,490,2300,4300,27000,31000,31000,100953,0,31,254.15629054909581,2.5243810086976737,30636.201532004634,5771.434736956801
1783508037,500,,Aggregated,224.300000,0.000000,31,62,84,100,190,490,2300,4300,27000,31000,31000,101159,0,31,253.69619922422177,2.5243810086976737,30636.201532004634,5770.584120048637
1783508038,500,,Aggregated,224.500000,0.000000,31,62,84,100,190,490,2300,4300,27000,31000,31000,101406,0,31,253.1594469178337,2.5243810086976737,30636.201532004634,5771.193824822989
1783508039,500,,Aggregated,225.500000,0.000000,31,62,84,100,190,490,2300,4300,27000,31000,31000,101620,0,31,252.70159455588296,2.5243810086976737,30636.201532004634,5771.322859673292
1783508040,500,,Aggregated,223.300000,0.000000,31,62,84,100,190,490,2300,4300,27000,31000,31000,101855,0,31,252.21755382059564,2.5243810086976737,30636.201532004634,5770.287938736439
1783508042,500,,Aggregated,223.300000,0.000000,31,62,84,100,190,490,2300,4200,26000,31000,31000,102079,0,31,251.72086797712385,2.5243810086976737,30636.201532004634,5769.474661781562
1783508043,500,,Aggregated,222.900000,0.000000,31,62,84,100,190,490,2300,4200,26000,31000,31000,102199,0,31,251.61613214397298,2.5243810086976737,30636.201532004634,5769.896642824294
1783508044,500,,Aggregated,222.900000,0.000000,31,62,85,100,200,500,2300,4200,26000,31000,31000,102463,0,31,252.1374704925757,2.5243810086976737,30636.201532004634,5772.517455081346
1783508045,500,,Aggregated,213.200000,0.000000,31,62,85,100,200,500,2300,4200,26000,31000,31000,102689,0,31,251.95236904511657,2.5243810086976737,30636.201532004634,5771.281724430075
1783508046,500,,Aggregated,215.500000,0.000000,31,62,85,100,200,500,2300,4200,26000,31000,31000,102904,0,31,251.47035786261935,2.5243810086976737,30636.201532004634,5771.803846303351
1783508047,500,,Aggregated,215.800000,0.000000,31,62,85,100,200,500,2300,4100,26000,31000,31000,103132,0,31,251.01442777864256,2.5243810086976737,30636.201532004634,5772.891653415041
1783508048,500,,Aggregated,216.300000,0.000000,31,62,85,100,200,500,2300,4100,26000,31000,31000,103346,0,31,250.55752342540526,2.5243810086976737,30636.201532004634,5771.1668569659205
1783508049,500,,Aggregated,215.100000,0.000000,31,62,84,100,190,490,2300,4100,26000,31000,31000,103586,0,31,250.04974129946024,2.5243810086976737,30636.201532004634,5769.031123897052
1783508050,500,,Aggregated,217.200000,0.000000,31,62,84,100,190,490,2200,4100,26000,31000,31000,103818,0,31,249.56244678058684,2.5243810086976737,30636.201532004634,5768.753674699956
1783508051,500,,Aggregated,216.200000,0.000000,31,62,84,100,190,490,2200,4100,26000,31000,31000,104047,0,31,249.10116589371026,2.5243810086976737,30636.201532004634,5768.38944899901
1783508052,500,,Aggregated,217.800000,0.000000,31,62,84,100,190,490,2200,4100,26000,31000,31000,104273,0,31,248.61449625579908,2.5243810086976737,30636.201532004634,5768.230500704881
1783508053,500,,Aggregated,216.300000,0.000000,31,62,84,100,190,490,2200,4100,26000,31000,31000,104510,0,31,248.18298041637192,2.5243810086976737,30636.201532004634,5769.2113769017315
1783508054,500,,Aggregated,216.900000,0.000000,31,62,84,100,190,490,2200,4100,26000,31000,31000,104726,0,31,247.7176972888315,2.5243810086976737,30636.201532004634,5769.674226075664
1783508055,500,,Aggregated,228.300000,0.000000,31,62,84,100,190,490,2200,4100,26000,31000,31000,104954,0,31,247.3103858421615,2.5243810086976737,30636.201532004634,5768.648465041828
1783508056,500,,Aggregated,224.200000,0.000000,31,62,84,100,190,490,2200,4100,26000,31000,31000,105189,0,31,246.84761640241987,2.5243810086976737,30636.201532004634,5769.4394565971725
1783508057,500,,Aggregated,223.400000,0.000000,31,62,84,100,190,490,2200,4000,26000,31000,31000,105406,0,31,246.42645385622401,2.5243810086976737,30636.201532004634,5770.950790277593
1783508058,500,,Aggregated,226.000000,0.000000,31,62,84,100,190,480,2200,4000,26000,31000,31000,105632,0,31,245.99830482269672,2.5243810086976737,30636.201532004634,5769.780170781582
1783508059,500,,Aggregated,225.500000,0.000000,31,62,84,100,190,480,2200,4000,26000,31000,31000,105853,0,31,245.55615408339887,2.5243810086976737,30636.201532004634,5768.354680547552
1783508060,500,,Aggregated,225.800000,0.000000,31,62,84,100,190,480,2200,4000,26000,31000,31000,106090,0,31,245.0840743775481,2.5243810086976737,30636.201532004634,5768.247346592516
1783508061,500,,Aggregated,225.500000,0.000000,31,62,84,99,190,480,2100,4000,26000,31000,31000,106307,0,31,244.63836741466685,2.5243810086976737,30636.201532004634,5767.181145173883
1783508062,500,,Aggregated,223.900000,0.000000,31,62,84,99,190,480,2100,4000,26000,31000,31000,106388,0,31,244.50743668468226,2.5243810086976737,30636.201532004634,5766.982150242508
1783508063,500,,Aggregated,224.800000,0.000000,31,62,84,100,190,490,2100,4000,26000,31000,31000,106626,0,31,244.9582724299129,2.5243810086976737,30636.201532004634,5767.874289572899
1783508064,500,,Aggregated,213.500000,0.000000,31,62,85,100,200,500,2100,4000,26000,31000,31000,106906,0,31,245.46157854970608,2.5243810086976737,30636.201532004634,5767.95931004808
1783508065,500,,Aggregated,209.000000,0.000000,31,62,84,100,200,500,2100,4000,26000,31000,31000,107092,0,31,245.06844965415524,2.5243810086976737,30636.201532004634,5767.639515556718
1783508066,500,,Aggregated,215.300000,0.000000,31,62,84,100,200,490,2100,4000,26000,31000,31000,107332,0,31,244.60346518998062,2.5243810086976737,30636.201532004634,5765.273478552529
1783508067,500,,Aggregated,211.200000,0.000000,31,62,84,100,190,490,2100,4000,26000,31000,31000,107559,0,31,244.16349472885628,2.5243810086976737,30636.201532004634,5764.2894132522615
1783508068,500,,Aggregated,210.900000,0.000000,31,62,84,100,190,490,2100,4000,26000,31000,31000,107793,0,31,243.69680769017427,2.5243810086976737,30636.201532004634,5764.785718924234
1783508069,500,,Aggregated,214.700000,0.000000,31,62,84,100,190,490,2100,3900,26000,31000,31000,108030,0,31,243.2568067489771,2.5243810086976737,30636.201532004634,5764.880894196057
1783508070,500,,Aggregated,214.100000,0.000000,31,62,84,100,190,490,2000,3900,26000,31000,31000,108262,0,31,242.8239949393976,2.5243810086976737,30636.201532004634,5764.463209621104
1783508071,500,,Aggregated,213.500000,0.000000,31,62,84,100,190,490,2000,3900,26000,31000,31000,108489,0,31,242.38800227001153,2.5243810086976737,30636.201532004634,5765.924609868282
1783508072,500,,Aggregated,215.000000,0.000000,31,62,84,100,190,490,2000,3900,26000,31000,31000,108703,0,31,241.95886820936093,2.5243810086976737,30636.201532004634,5765.414514778801
1783508073,500,,Aggregated,215.000000,0.000000,31,62,84,100,190,490,2000,3900,26000,31000,31000,108936,0,31,241.51115524599888,2.5243810086976737,30636.201532004634,5765.932777043402
1783508074,500,,Aggregated,224.500000,0.000000,31,62,84,100,190,490,2000,3900,26000,31000,31000,109165,0,31,241.10587347350588,2.5243810086976737,30636.201532004634,5765.963568909449
1783508075,500,,Aggregated,228.700000,0.000000,30,61,84,99,190,490,2000,3900,26000,31000,31000,109380,0,30,240.67843517246442,2.5243810086976737,30636.201532004634,5766.737547997805
1783508076,500,,Aggregated,223.100000,0.000000,31,62,84,100,190,480,2000,3900,26000,31000,31000,109615,0,31,240.3805285865909,2.5243810086976737,30636.201532004634,5766.530967477079
1783508077,500,,Aggregated,227.300000,0.000000,31,62,84,100,190,480,2000,3900,26000,31000,31000,109840,0,31,239.96488741759168,2.5243810086976737,30636.201532004634,5767.3946922796795
1783508078,500,,Aggregated,226.800000,0.000000,31,62,84,100,190,480,2000,3900,26000,31000,31000,110062,0,31,239.57163000023678,2.5243810086976737,30636.201532004634,5767.471179880431
1783508079,500,,Aggregated,224.500000,0.000000,31,61,84,99,190,480,2000,3900,26000,31000,31000,110295,0,31,239.13803871761,2.5243810086976737,30636.201532004634,5767.73321546761
1783508080,500,,Aggregated,224.500000,0.000000,31,61,84,99,190,480,2000,3900,26000,31000,31000,110376,0,31,238.99090349179062,2.5243810086976737,30636.201532004634,5767.688338044502
1783508081,500,,Aggregated,226.400000,0.000000,31,62,84,100,190,490,1900,3900,26000,31000,31000,110641,0,31,239.54611915284536,2.5243810086976737,30636.201532004634,5766.293679558211
1783508082,500,,Aggregated,218.900000,0.000000,31,62,85,100,200,500,1900,3900,26000,31000,31000,110899,0,31,240.08565229167024,2.5243810086976737,30636.201532004634,5767.204257928385
1783508083,500,,Aggregated,208.300000,0.000000,31,62,84,100,200,500,1900,3900,26000,31000,31000,111072,0,31,239.7512692958437,2.5243810086976737,30636.201532004634,5767.766862935753
1783508084,500,,Aggregated,213.100000,0.000000,31,62,84,100,200,500,1900,3900,26000,31000,31000,111308,0,31,239.3415175451258,2.5243810086976737,30636.201532004634,5766.042000574981
1783508085,500,,Aggregated,212.400000,0.000000,31,62,84,100,200,500,1900,3900,26000,31000,31000,111551,0,31,238.9502944127254,2.5243810086976737,30636.201532004634,5768.730446163639
1783508086,500,,Aggregated,212.300000,0.000000,31,62,84,100,200,500,1900,3900,26000,31000,31000,111768,0,31,238.55932778899134,2.5243810086976737,30636.201532004634,5770.164072006299
1783508087,500,,Aggregated,213.000000,0.000000,31,62,84,100,190,490,1900,3800,26000,31000,31000,112017,0,31,238.1807798192153,2.5243810086976737,30636.201532004634,5772.126364748208
1783508088,500,,Aggregated,211.700000,0.000000,31,62,84,100,190,490,1900,3800,26000,31000,31000,112221,0,31,237.82358714434903,2.5243810086976737,30636.201532004634,5772.135322265886
1783508089,500,,Aggregated,211.100000,0.000000,31,62,84,100,190,490,1900,3800,26000,31000,31000,112454,0,31,237.41765678202404,2.5243810086976737,30636.201532004634,5773.3295747594575
1783508090,500,,Aggregated,212.200000,0.000000,31,62,84,100,190,490,1900,3800,26000,31000,31000,112686,0,31,236.99724605236466,2.5243810086976737,30636.201532004634,5773.424107697496
1783508091,500,,Aggregated,210.900000,0.000000,31,62,84,100,190,490,1900,3800,26000,31000,31000,112906,0,31,236.6192435031606,2.5243810086976737,30636.201532004634,5771.66339255664
1783508092,500,,Aggregated,217.700000,0.000000,31,62,84,100,190,490,1900,3800,26000,31000,31000,113149,0,31,236.29011846098513,2.5243810086976737,30636.201532004634,5770.315734120496
1783508093,500,,Aggregated,226.800000,0.000000,31,62,84,100,190,490,1900,3800,26000,31000,31000,113368,0,31,235.89911880852682,2.5243810086976737,30636.201532004634,5770.464690212406
1783508094,500,,Aggregated,223.700000,0.000000,31,62,84,100,190,490,1900,3800,26000,31000,31000,113592,0,31,235.5188115063307,2.5243810086976737,30636.201532004634,5769.40204415804
1783508095,500,,Aggregated,226.000000,0.000000,31,62,84,100,190,490,1900,3800,26000,31000,31000,113805,0,31,235.15125790387208,2.5243810086976737,30636.201532004634,5768.255999297043
1783508096,500,,Aggregated,224.100000,0.000000,31,62,84,100,190,490,1900,3800,26000,31000,31000,114048,0,31,234.78565206777031,2.5243810086976737,30636.201532004634,5767.165561868687
1783508097,500,,Aggregated,225.600000,0.000000,31,62,84,100,190,480,1800,3800,26000,31000,31000,114278,0,31,234.4150004624528,2.5243810086976737,30636.201532004634,5766.844116977896
1783508098,500,,Aggregated,225.600000,0.000000,31,62,84,100,190,480,1800,3800,26000,31000,31000,114496,0,31,234.0263802857075,2.5243810086976737,30636.201532004634,5767.789232811627
1783508099,500,,Aggregated,226.700000,0.000000,31,62,84,100,190,480,1800,3800,26000,31000,31000,114618,0,31,233.89291111067513,2.5243810086976737,30636.201532004634,5768.494992060584
1783508100,500,,Aggregated,224.400000,0.000000,31,62,85,100,190,490,1800,3800,26000,31000,31000,114885,0,31,234.21985877534263,2.5243810086976737,30636.201532004634,5767.306506506507
1783508101,500,,Aggregated,224.000000,0.000000,31,62,85,100,190,490,1800,3800,26000,31000,31000,115117,0,31,234.06818618186787,2.5243810086976737,30636.201532004634,5767.014602534812
1783508102,500,,Aggregated,215.600000,0.000000,31,62,85,100,190,490,1800,3800,26000,31000,31000,115344,0,31,233.66292565328183,2.5243810086976737,30636.201532004634,5767.517677555833
1783508103,500,,Aggregated,220.000000,0.000000,31,62,85,100,190,490,1800,3800,26000,31000,31000,115571,0,31,233.2704661284241,2.5243810086976737,30636.201532004634,5767.161813949866
1783508104,500,,Aggregated,220.400000,0.000000,31,62,84,100,190,490,1800,3700,26000,31000,31000,115803,0,31,232.88029433369724,2.5243810086976737,30636.201532004634,5768.714316554839
1783508105,500,,Aggregated,217.500000,0.000000,31,62,84,100,190,480,1800,3700,26000,31000,31000,116040,0,31,232.47484947884567,2.5243810086976737,30636.201532004634,5768.946277145812
1783508106,500,,Aggregated,219.100000,0.000000,31,62,84,100,190,480,1800,3700,26000,31000,31000,116255,0,31,232.09199132262052,2.5243810086976737,30636.201532004634,5768.286009203905
1783508107,500,,Aggregated,217.900000,0.000000,31,62,84,100,190,480,1800,3700,26000,31000,31000,116490,0,31,231.7057217590284,2.5243810086976737,30636.201532004634,5766.950158811916
1783508108,500,,Aggregated,219.600000,0.000000,31,62,84,100,190,480,1800,3700,26000,31000,31000,116702,0,31,231.35483386140234,2.5243810086976737,30636.201532004634,5766.595336840843
1783508109,500,,Aggregated,218.400000,0.000000,31,62,84,100,190,480,1800,3700,26000,31000,31000,116950,0,31,230.98911858561243,2.5243810086976737,30636.201532004634,5767.480410431808
1783508110,500,,Aggregated,218.700000,0.000000,31,62,84,100,190,480,1800,3700,26000,31000,31000,117166,0,31,230.62230327692654,2.5243810086976737,30636.201532004634,5767.373905399178
1783508111,500,,Aggregated,219.300000,0.000000,31,62,84,100,190,480,1800,3700,26000,31000,31000,117406,0,31,230.24515189362754,2.5243810086976737,30636.201532004634,5768.2538882169565
1783508112,500,,Aggregated,228.300000,0.000000,31,62,84,100,190,480,1800,3700,26000,31000,31000,117615,0,31,229.8816501282246,2.5243810086976737,30636.201532004634,5767.896943417081
1783508113,500,,Aggregated,225.300000,0.000000,31,62,84,100,190,470,1800,3700,26000,31000,31000,117855,0,31,229.4751191423116,2.5243810086976737,30636.201532004634,5767.529455687073
1783508114,500,,Aggregated,225.500000,0.000000,31,62,84,100,190,470,1800,3700,26000,31000,31000,118065,0,31,229.11180403844654,2.5243810086976737,30636.201532004634,5767.560394697836
1783508115,500,,Aggregated,224.600000,0.000000,31,62,84,99,190,470,1800,3700,26000,31000,31000,118279,0,31,228.77122671625727,2.5243810086976737,30636.201532004634,5766.979599083523
1783508116,500,,Aggregated,226.600000,0.000000,31,62,84,99,190,470,1800,3700,26000,31000,31000,118506,0,31,228.44335719141876,2.5243810086976737,30636.201532004634,5768.405852868209
1783508117,500,,Aggregated,223.000000,0.000000,31,62,84,100,190,470,1800,3700,26000,31000,31000,118754,0,31,228.1460978115619,2.5243810086976737,30636.201532004634,5769.789927076141
1783508118,500,,Aggregated,222.900000,0.000000,31,62,84,100,190,470,1800,3600,26000,31000,31000,118860,0,31,227.9830586352111,2.5243810086976737,30636.201532004634,5769.599192327108
1783508119,500,,Aggregated,222.200000,0.000000,31,62,84,100,190,470,1800,3600,26000,31000,31000,119097,0,31,228.21277615379245,2.5243810086976737,30636.201532004634,5768.921937580291
1783508120,500,,Aggregated,224.900000,0.000000,31,62,85,100,190,480,1700,3600,26000,31000,31000,119373,0,31,228.5144356055424,2.5243810086976737,30636.201532004634,5769.9214730299145
1783508121,500,,Aggregated,213.300000,0.000000,31,62,85,100,190,480,1700,3600,26000,31000,31000,119569,0,31,228.1723233480794,2.5243810086976737,30636.201532004634,5770.855748563591
1783508122,500,,Aggregated,213.000000,0.000000,31,62,85,100,190,480,1700,3600,26000,31000,31000,119785,0,31,227.82077895002305,2.5243810086976737,30636.201532004634,5769.598814542723
1783508123,500,,Aggregated,217.300000,0.000000,31,62,85,100,190,480,1700,3600,26000,31000,31000,120031,0,31,227.46148771743543,2.5243810086976737,30636.201532004634,5770.428397663937
1783508124,500,,Aggregated,213.300000,0.000000,31,62,84,100,190,480,1700,3600,26000,31000,31000,120250,0,31,227.0973034171692,2.5243810086976737,30636.201532004634,5770.636706860707
1783508125,500,,Aggregated,213.800000,0.000000,31,62,84,100,190,480,1700,3600,26000,31000,31000,120474,0,31,226.73341178337753,2.5243810086976737,30636.201532004634,5770.40583860418
1783508126,500,,Aggregated,214.900000,0.000000,31,62,84,100,190,470,1700,3600,26000,31000,31000,120692,0,31,226.43146887540647,2.5243810086976737,30636.201532004634,5770.257713850131
1783508127,500,,Aggregated,216.800000,0.000000,31,62,84,100,190,470,1700,3600,26000,31000,31000,120927,0,31,226.11566991778136,2.5243810086976737,30636.201532004634,5769.434129681544
1783508128,500,,Aggregated,216.800000,0.000000,31,62,84,100,190,470,1700,3600,26000,31000,31000,121153,0,31,225.82800447579217,2.5243810086976737,30636.201532004634,5770.008947364076
1783508129,500,,Aggregated,216.300000,0.000000,31,62,84,100,190,470,1700,3600,26000,31000,31000,121376,0,31,225.45599757846622,2.5243810086976737,30636.201532004634,5768.960231017664
1783508130,500,,Aggregated,215.700000,0.000000,31,62,84,100,190,470,1700,3600,26000,31000,31000,121607,0,31,225.09704200657777,2.5243810086976737,30636.201532004634,5769.329717861637
1783508131,500,,Aggregated,226.600000,0.000000,31,62,84,100,190,470,1700,3600,26000,31000,31000,121841,0,31,224.75631992371856,2.5243810086976737,30636.201532004634,5768.27922456316
1783508132,500,,Aggregated,226.600000,0.000000,31,62,84,100,190,470,1700,3600,26000,31000,31000,122055,0,31,224.43510256103258,2.5243810086976737,30636.201532004634,5768.542943754865
1783508134,500,,Aggregated,225.800000,0.000000,31,62,84,100,190,470,1700,3600,26000,31000,31000,122292,0,31,224.21053446882033,2.5243810086976737,30636.201532004634,5768.615706669283
1783508135,500,,Aggregated,225.500000,0.000000,31,62,84,100,190,470,1700,3600,26000,31000,31000,122523,0,31,223.92397092736974,2.5243810086976737,30636.201532004634,5767.688278935384
1783508136,500,,Aggregated,223.800000,0.000000,31,62,84,100,190,470,1700,3600,26000,31000,31000,122743,0,31,223.59793436260495,2.5243810086976737,30636.201532004634,5769.631123567128
1783508137,500,,Aggregated,223.800000,0.000000,31,62,84,100,190,470,1700,3600,26000,31000,31000,122864,0,31,223.40143219230313,2.5243810086976737,30636.201532004634,5769.59950026045
1783508138,500,,Aggregated,224.300000,0.000000,31,62,85,100,190,470,1700,3600,26000,31000,31000,123150,0,31,223.88759458502847,2.5243810086976737,30636.201532004634,5768.853032886724
1783508139,500,,Aggregated,215.700000,0.000000,32,63,85,100,190,480,1700,3600,26000,31000,31000,123380,0,32,223.92311302223374,2.5243810086976737,30636.201532004634,5768.250518722645
1783508140,500,,Aggregated,214.300000,0.000000,32,63,85,100,190,480,1700,3500,26000,31000,31000,123583,0,32,223.61211255317627,2.5243810086976737,30636.201532004634,5767.991163833213
1783508141,500,,Aggregated,218.700000,0.000000,32,63,85,100,190,470,1700,3500,26000,31000,31000,123820,0,32,223.32210094772464,2.5243810086976737,30636.201532004634,5768.7192376029725
1783508142,500,,Aggregated,214.800000,0.000000,32,63,85,100,190,470,1600,3500,26000,31000,31000,124065,0,32,222.9745980110054,2.5243810086976737,30636.201532004634,5768.344561318663
1783508143,500,,Aggregated,216.100000,0.000000,32,63,85,100,190,470,1600,3500,26000,31000,31000,124275,0,32,222.67439800383286,2.5243810086976737,30636.201532004634,5768.193908670288
1783508144,500,,Aggregated,215.500000,0.000000,32,63,85,100,190,470,1600,3500,26000,31000,31000,124516,0,32,222.3883592155254,2.5243810086976737,30636.201532004634,5767.971553856532
1783508145,500,,Aggregated,216.400000,0.000000,32,63,85,100,190,470,1600,3500,26000,31000,31000,124761,0,32,222.04248441491617,2.5243810086976737,30636.201532004634,5767.204775530815
1783508146,500,,Aggregated,217.600000,0.000000,32,63,85,100,190,470,1600,3500,26000,31000,31000,124960,0,32,221.72119615762944,2.5243810086976737,30636.201532004634,5767.900616197183
1783508147,500,,Aggregated,217.700000,0.000000,32,63,85,100,190,470,1600,3500,26000,31000,31000,125179,0,32,221.41474271100142,2.5243810086976737,30636.201532004634,5767.789541376748
1783508148,500,,Aggregated,216.400000,0.000000,32,63,85,100,190,470,1600,3500,26000,31000,31000,125417,0,32,221.17995381156064,2.5243810086976737,30636.201532004634,5767.413069998485
1783508149,500,,Aggregated,226.400000,0.000000,32,63,85,100,190,470,1600,3500,26000,31000,31000,125641,0,32,220.83087693653817,2.5243810086976737,30636.201532004634,5768.707213409635
