Timestamp,User Count,Type,Name,Requests/s,Failures/s,50%,66%,75%,80%,90%,95%,98%,99%,99.9%,99.99%,100%,Total Request Count,Total Failure Count,Total Median Response Time,Total Average Response Time,Total Min Response Time,Total Max Response Time,Total Average Content Size
1783302991,0,,Aggregated,0.000000,0.000000,N/A,N/A,N/A,N/A,N/A,N/A,N/A,N/A,N/A,N/A,N/A,0,0,0,0.0,0,0,0
1783302992,10,,Aggregated,0.000000,0.000000,N/A,N/A,N/A,N/A,N/A,N/A,N/A,N/A,N/A,N/A,N/A,0,0,0,0.0,0,0,0
1783302993,10,,Aggregated,0.000000,0.000000,1500,1500,1500,1500,1500,1500,1500,1500,1500,1500,1500,20,0,330.0,889.1356310981791,237.28765599662438,1529.150162008591,736.5
1783302994,10,,Aggregated,0.000000,0.000000,890,970,1500,1500,1500,1500,1500,1500,1500,1500,1500,40,0,330.0,738.1427770244045,182.72831301146653,1529.150162008591,2619.2
1783302995,10,,Aggregated,2.000000,0.000000,260,370,970,970,1500,1500,1500,1500,1500,1500,1500,62,0,250.0,546.4737809020481,64.74146898835897,1529.150162008591,5375.887096774193
1783302996,10,,Aggregated,6.666667,0.000000,250,370,970,970,1500,1500,1500,1500,1500,1500,1500,64,0,250.0,531.7213613270724,59.53840000438504,1529.150162008591,5227.59375
1783302997,10,,Aggregated,13.500000,0.000000,250,330,970,970,1500,1500,1500,1500,1500,1500,1500,71,0,250.0,482.80634353442355,25.788026992813684,1529.150162008591,4884.422535211268
1783302998,10,,Aggregated,12.400000,0.000000,230,330,960,970,1500,1500,1500,1500,1500,1500,1500,75,0,230.0,459.0836178660781,18.347597011597827,1529.150162008591,4673.533333333334
1783302999,10,,Aggregated,12.400000,0.000000,200,290,890,970,1500,1500,1500,1500,1500,1500,1500,80,0,190.0,432.74800673680147,18.347597011597827,1529.150162008591,4544.0875
1783303001,10,,Aggregated,10.000000,0.000000,190,260,330,970,1500,1500,1500,1500,1500,1500,1500,89,0,190.0,397.4769242796877,18.347597011597827,1529.150162008591,4525.9775280898875
1783303002,10,,Aggregated,8.888889,0.000000,180,260,330,960,1500,1500,1500,1500,1500,1500,1500,91,0,180.0,389.9833652735202,18.347597011597827,1529.150162008591,4598.241758241758
1783303003,10,,Aggregated,8.500000,0.000000,180,250,330,890,1500,1500,1500,1500,1500,1500,1500,96,0,180.0,371.5120596446771,13.99674199637957,1529.150162008591,4597.28125
1783303004,10,,Aggregated,8.900000,0.000000,170,250,330,390,1000,1500,1500,1500,1500,1500,1500,101,0,170.0,356.06163978089097,13.99674199637957,1529.150162008591,4470.792079207921
1783303005,10,,Aggregated,8.800000,0.000000,170,250,330,390,1000,1500,1500,1500,1500,1500,1500,104,0,160.0,347.7698026237284,12.858175003202632,1529.150162008591,4594.865384615385
1783303006,10,,Aggregated,7.600000,0.000000,160,240,290,370,1000,1500,1500,1500,1500,1500,1500,108,0,150.0,336.4831403968209,12.858175003202632,1529.150162008591,4452.083333333333
1783303007,10,,Aggregated,4.700000,0.000000,150,210,290,330,980,1500,1500,1500,1500,1500,1500,113,0,150.0,323.5312289369305,12.858175003202632,1529.150162008591,4700.026548672567
1783303008,10,,Aggregated,4.300000,0.000000,140,200,270,330,980,1500,1500,1500,1500,1500,1500,117,0,140.0,314.11604836640845,12.858175003202632,1529.150162008591,4684.7008547008545
1783303009,10,,Aggregated,4.200000,0.000000,130,190,260,330,970,1500,1500,1500,1500,1500,1500,121,0,130.0,304.69468054431394,12.858175003202632,1529.150162008591,4658.809917355372
1783303010,10,,Aggregated,4.100000,0.000000,110,190,250,330,970,1500,1500,1500,1500,1500,1500,126,0,110.0,294.18266037181536,12.858175003202632,1529.150162008591,4638.785714285715
1783303011,10,,Aggregated,3.800000,0.000000,110,190,250,330,970,1500,1500,1500,1500,1500,1500,130,0,100.0,286.4035134835061,12.858175003202632,1529.150162008591,4607.507692307692
1783303012,10,,Aggregated,4.200000,0.000000,99,180,250,290,970,1500,1500,1500,1500,1500,1500,134,0,99,279.00525941693746,8.514558998285793,1529.150162008591,4492.888059701492
1783303013,10,,Aggregated,4.100000,0.000000,90,180,250,290,970,1500,1500,1500,1500,1500,1500,139,0,90,270.70084338037884,8.514558998285793,1529.150162008591,4459.568345323741
1783303014,10,,Aggregated,4.400000,0.000000,85,180,240,290,970,1500,1500,1500,1500,1500,1500,145,0,85,260.8006437713529,7.078078997437842,1529.150162008591,4455.820689655173
1783303015,10,,Aggregated,4.400000,0.000000,78,170,230,260,970,1500,1500,1500,1500,1500,1500,152,0,76,250.87527529524922,7.078078997437842,1529.150162008591,4483.7828947368425
1783303016,10,,Aggregated,4.500000,0.000000,76,160,210,260,970,1500,1500,1500,1500,1500,1500,154,0,72,248.0168912460341,7.078078997437842,1529.150162008591,4445.941558441558
1783303017,10,,Aggregated,4.400000,0.000000,71,150,200,250,970,1500,1500,1500,1500,1500,1500,160,0,71,240.35809783681543,7.078078997437842,1529.150162008591,4580.4625
1783303018,10,,Aggregated,4.700000,0.000000,68,150,190,250,970,1500,1500,1500,1500,1500,1500,166,0,67,233.10723239708486,7.078078997437842,1529.150162008591,4490.698795180723
1783303019,10,,Aggregated,4.700000,0.000000,67,140,190,250,970,1500,1500,1500,1500,1500,1500,168,0,66,230.64798211254086,7.078078997437842,1529.150162008591,4537.059523809524
1783303020,10,,Aggregated,4.800000,0.000000,65,140,190,250,970,1500,1500,1500,1500,1500,1500,173,0,65,224.65678712080913,7.078078997437842,1529.150162008591,4522.161849710983
1783303021,10,,Aggregated,5.000000,0.000000,65,130,190,250,970,1500,1500,1500,1500,1500,1500,178,0,64,219.74302624102768,7.078078997437842,1529.150162008591,4498.808988764045
1783303022,10,,Aggregated,4.700000,0.000000,64,110,190,250,970,1500,1500,1500,1500,1500,1500,180,0,64,217.86849777725163,7.078078997437842,1529.150162008591,4456.233333333334
1783303023,10,,Aggregated,4.700000,0.000000,63,110,180,230,960,1500,1500,1500,1500,1500,1500,186,0,61,211.6519462575251,7.078078997437842,1529.150162008591,4582.887096774193
1783303024,10,,Aggregated,4.500000,0.000000,61,110,180,230,960,1500,1500,1500,1500,1500,1500,190,0,60,208.1159943888595,7.078078997437842,1529.150162008591,4502.726315789474
1783303025,10,,Aggregated,4.400000,0.000000,59,99,180,210,890,1500,1500,1500,1500,1500,1500,195,0,59,203.7137406249829,7.078078997437842,1529.150162008591,4565.625641025641
1783303026,10,,Aggregated,4.500000,0.000000,58,99,180,200,890,1500,1500,1500,1500,1500,1500,197,0,58,202.0014810704137,7.078078997437842,1529.150162008591,4635.299492385787
1783303027,10,,Aggregated,4.500000,0.000000,54,94,170,190,390,1000,1500,1500,1500,1500,1500,203,0,54,196.87073214719098,7.078078997437842,1529.150162008591,4600.1970443349755
1783303028,10,,Aggregated,4.300000,0.000000,54,90,170,190,390,1000,1500,1500,1500,1500,1500,207,0,54,193.7843939317711,7.078078997437842,1529.150162008591,4606.68115942029
1783303029,10,,Aggregated,4.300000,0.000000,52,87,160,190,370,1000,1500,1500,1500,1500,1500,213,0,52,189.12554045490364,7.078078997437842,1529.150162008591,4700.62441314554
1783303030,10,,Aggregated,4.300000,0.000000,50,86,150,190,370,1000,1500,1500,1500,1500,1500,217,0,50,186.04387259863216,7.078078997437842,1529.150162008591,4626.829493087557
1783303031,10,,Aggregated,4.000000,0.000000,48,82,150,190,330,980,1500,1500,1500,1500,1500,221,0,48,183.2064794023164,7.078078997437842,1529.150162008591,4703.932126696833
1783303032,10,,Aggregated,4.400000,0.000000,47,78,150,180,330,980,1500,1500,1500,1500,1500,227,0,47,178.98901646658328,7.078078997437842,1529.150162008591,4673.321585903083
1783303033,10,,Aggregated,4.500000,0.000000,45,76,140,180,330,980,1500,1500,1500,1500,1500,232,0,44,175.60189290044696,7.078078997437842,1529.150162008591,4660.538793103448
1783303034,10,,Aggregated,4.300000,0.000000,44,72,140,180,330,980,1500,1500,1500,1500,1500,234,0,44,174.31913438846624,7.078078997437842,1529.150162008591,4686.0
1783303035,10,,Aggregated,4.700000,0.000000,44,71,140,180,330,980,1500,1500,1500,1500,1500,239,0,44,171.09226747241823,7.078078997437842,1529.150162008591,4671.297071129708
1783303036,10,,Aggregated,4.600000,0.000000,44,69,130,180,330,970,1500,1500,1500,1500,1500,244,0,44,168.17676609797837,7.078078997437842,1529.150162008591,4702.229508196721
1783303037,10,,Aggregated,4.500000,0.000000,44,68,110,180,330,970,1500,1500,1500,1500,1500,249,0,44,165.40411250563162,7.078078997437842,1529.150162008591,4628.759036144578
1783303038,10,,Aggregated,4.400000,0.000000,44,67,110,170,330,970,1500,1500,1500,1500,1500,252,0,43,163.89854578139622,7.078078997437842,1529.150162008591,4707.912698412699
1783303039,10,,Aggregated,4.600000,0.000000,43,66,110,170,330,970,1500,1500,1500,1500,1500,258,0,41,160.68148619343947,7.078078997437842,1529.150162008591,4735.085271317829
1783303040,10,,Aggregated,4.600000,0.000000,41,65,110,170,330,970,1500,1500,1500,1500,1500,260,0,41,159.57289423811466,7.078078997437842,1529.150162008591,4733.180769230769
1783303041,10,,Aggregated,4.400000,0.000000,40,65,99,160,290,970,1500,1500,1500,1500,1500,267,0,40,156.18591986851433,7.078078997437842,1529.150162008591,4666.112359550561
1783303042,10,,Aggregated,4.600000,0.000000,40,64,95,150,290,970,1500,1500,1500,1500,1500,273,0,40,153.4454155306719,7.078078997437842,1529.150162008591,4701.7032967032965
1783303043,10,,Aggregated,4.500000,0.000000,40,64,95,150,290,970,1500,1500,1500,1500,1500,274,0,40,152.98473222212428,7.078078997437842,1529.150162008591,4687.766423357664
1783303044,10,,Aggregated,4.600000,0.000000,40,64,94,150,290,970,1500,1500,1500,1500,1500,279,0,40,151.1624007736997,7.078078997437842,1529.150162008591,4674.021505376344
1783303045,10,,Aggregated,4.600000,0.000000,39,64,90,140,290,970,1500,1500,1500,1500,1500,287,0,39,147.90673220861956,7.078078997437842,1529.150162008591,4569.428571428572
1783303046,10,,Aggregated,4.200000,0.000000,39,63,89,140,290,970,1500,1500,1500,1500,1500,289,0,39,147.0353521103427,7.078078997437842,1529.150162008591,4603.4636678200695
1783303047,10,,Aggregated,4.500000,0.000000,39,61,87,140,270,970,1500,1500,1500,1500,1500,294,0,38,145.04146533974662,7.078078997437842,1529.150162008591,4611.986394557823
1783303048,10,,Aggregated,4.800000,0.000000,38,60,85,130,260,970,1500,1500,1500,1500,1500,301,0,38,142.33132070391648,7.078078997437842,1529.150162008591,4651.162790697675
1783303049,10,,Aggregated,4.600000,0.000000,38,59,82,110,260,970,1500,1500,1500,1500,1500,306,0,37,140.39416623815782,7.078078997437842,1529.150162008591,4650.921568627451
1783303050,10,,Aggregated,4.400000,0.000000,38,59,80,110,260,970,1500,1500,1500,1500,1500,310,0,37,139.11065746412328,7.078078997437842,1529.150162008591,4657.625806451613
1783303051,10,,Aggregated,4.900000,0.000000,37,59,78,110,250,970,1500,1500,1500,1500,1500,317,0,37,136.9969700343304,7.078078997437842,1529.150162008591,4627.88643533123
1783303052,10,,Aggregated,4.700000,0.000000,37,59,78,110,250,970,1500,1500,1500,1500,1500,319,0,37,136.2415155733251,7.078078997437842,1529.150162008591,4641.119122257053
1783303053,10,,Aggregated,4.700000,0.000000,37,58,77,110,250,970,1500,1500,1500,1500,1500,323,0,37,134.87331861882015,7.078078997437842,1529.150162008591,4645.851393188855
1783303054,10,,Aggregated,5.000000,0.000000,37,56,76,110,250,970,1500,1500,1500,1500,1500,328,0,37,133.3264141216116,7.078078997437842,1529.150162008591,4706.487804878048
1783303055,10,,Aggregated,4.600000,0.000000,37,56,76,100,250,970,1500,1500,1500,1500,1500,331,0,37,132.46902590305396,7.078078997437842,1529.150162008591,4674.419939577039
1783303056,10,,Aggregated,4.900000,0.000000,37,55,73,100,250,970,1500,1500,1500,1500,1500,334,0,37,131.53644792489328,7.078078997437842,1529.150162008591,4676.51497005988
1783303057,10,,Aggregated,4.800000,0.000000,37,56,73,99,250,970,1500,1500,1500,1500,1500,340,0,37,130.18799558502747,7.078078997437842,1529.150162008591,4671.944117647059
1783303058,10,,Aggregated,4.500000,0.000000,37,56,72,98,250,970,1500,1500,1500,1500,1500,347,0,37,128.0337547778886,7.078078997437842,1529.150162008591,4682.080691642651
1783303059,10,,Aggregated,4.400000,0.000000,36,55,71,98,250,970,1500,1500,1500,1500,1500,350,0,36,127.12210674553977,7.078078997437842,1529.150162008591,4700.765714285714
1783303060,10,,Aggregated,4.700000,0.000000,36,54,71,94,250,970,1500,1500,1500,1500,1500,356,0,36,125.51005747735964,7.078078997437842,1529.150162008591,4687.9241573033705
1783303061,10,,Aggregated,4.600000,0.000000,36,54,71,94,250,970,1500,1500,1500,1500,1500,360,0,35,124.38032833872259,7.078078997437842,1529.150162008591,4649.283333333334
1783303062,10,,Aggregated,4.500000,0.000000,35,54,71,93,240,960,1500,1500,1500,1500,1500,363,0,35,123.51779247641008,7.078078997437842,1529.150162008591,4680.258953168044
1783303063,10,,Aggregated,4.600000,0.000000,36,53,71,90,240,960,1500,1500,1500,1500,1500,368,0,35,122.33596870089019,7.078078997437842,1529.150162008591,4725.059782608696
1783303064,10,,Aggregated,4.300000,0.000000,35,53,69,89,230,960,1500,1500,1500,1500,1500,373,0,35,121.01883192208187,7.078078997437842,1529.150162008591,4746.407506702413
1783303065,10,,Aggregated,4.400000,0.000000,35,53,69,87,230,960,1500,1500,1500,1500,1500,379,0,35,119.7553564483588,7.078078997437842,1529.150162008591,4820.232189973614
1783303066,10,,Aggregated,4.500000,0.000000,35,51,68,86,210,890,1500,1500,1500,1500,1500,383,0,35,118.73007102586924,7.078078997437842,1529.150162008591,4882.514360313316
1783303067,10,,Aggregated,4.500000,0.000000,35,51,68,86,210,890,1500,1500,1500,1500,1500,386,0,35,118.26803287278729,7.078078997437842,1529.150162008591,4849.9559585492225
1783303068,10,,Aggregated,4.700000,0.000000,35,50,68,85,200,890,1500,1500,1500,1500,1500,392,0,35,116.84169017833631,7.078078997437842,1529.150162008591,4824.339285714285
1783303069,10,,Aggregated,4.900000,0.000000,35,50,67,85,200,890,1500,1500,1500,1500,1500,394,0,35,116.36743914189117,7.078078997437842,1529.150162008591,4807.819796954314
1783303070,10,,Aggregated,4.500000,0.000000,35,49,66,82,200,890,1500,1500,1500,1500,1500,399,0,35,115.1951682328026,7.078078997437842,1529.150162008591,4852.869674185464
1783303071,10,,Aggregated,4.500000,0.000000,34,48,65,82,190,390,1500,1500,1500,1500,1500,405,0,34,113.83262968612806,7.078078997437842,1529.150162008591,4975.671604938271
1783303072,10,,Aggregated,4.300000,0.000000,34,47,65,82,190,390,1500,1500,1500,1500,1500,409,0,34,112.9305332881731,5.876646988326684,1529.150162008591,5021.007334963325
1783303073,10,,Aggregated,4.300000,0.000000,33,47,65,80,190,390,1500,1500,1500,1500,1500,414,0,33,111.8267307725537,5.876646988326684,1529.150162008591,4972.814009661835
1783303074,10,,Aggregated,4.500000,0.000000,33,47,64,77,190,370,1500,1500,1500,1500,1500,421,0,33,110.53953105660521,5.876646988326684,1529.150162008591,5012.612826603326
1783303075,10,,Aggregated,4.600000,0.000000,33,46,64,77,190,370,1500,1500,1500,1500,1500,424,0,33,109.92775914582005,5.876646988326684,1529.150162008591,5023.752358490566
1783303076,10,,Aggregated,4.600000,0.000000,33,45,63,76,190,370,1500,1500,1500,1500,1500,431,0,33,108.52897315277457,5.876646988326684,1529.150162008591,5047.2482598607885
1783303077,10,,Aggregated,4.800000,0.000000,33,45,62,73,190,370,1500,1500,1500,1500,1500,436,0,33,107.7097034491807,5.876646988326684,1529.150162008591,5077.126146788991
1783303079,10,,Aggregated,4.500000,0.000000,33,45,61,73,190,370,1500,1500,1500,1500,1500,439,0,33,107.1729763777402,5.876646988326684,1529.150162008591,5050.612756264237
1783303080,10,,Aggregated,4.800000,0.000000,33,45,61,73,190,330,1500,1500,1500,1500,1500,445,0,33,106.13367225807369,5.876646988326684,1529.150162008591,5013.013483146067
1783303081,10,,Aggregated,5.000000,0.000000,33,45,61,72,190,330,1500,1500,1500,1500,1500,449,0,33,105.3960392557752,5.876646988326684,1529.150162008591,4977.915367483296
1783303082,10,,Aggregated,4.700000,0.000000,33,45,60,72,180,330,1500,1500,1500,1500,1500,453,0,33,104.69929915193029,5.876646988326684,1529.150162008591,4937.940397350993
1783303083,10,,Aggregated,5.100000,0.000000,33,45,60,71,180,330,1500,1500,1500,1500,1500,459,0,33,103.54647478829965,5.876646988326684,1529.150162008591,4930.320261437909
1783303084,10,,Aggregated,5.000000,0.000000,33,44,59,71,180,330,1500,1500,1500,1500,1500,464,0,32,102.62142971081128,5.876646988326684,1529.150162008591,4888.211206896552
1783303085,10,,Aggregated,4.800000,0.000000,32,44,59,71,180,330,1500,1500,1500,1500,1500,469,0,32,101.71106049425102,5.876646988326684,1529.150162008591,4907.36460554371
1783303086,10,,Aggregated,5.000000,0.000000,32,44,59,71,180,330,1500,1500,1500,1500,1500,473,0,32,101.16127042455355,5.876646988326684,1529.150162008591,4871.040169133193
1783303087,10,,Aggregated,5.000000,0.000000,32,44,58,70,180,330,1500,1500,1500,1500,1500,478,0,32,100.27175526527755,5.876646988326684,1529.150162008591,4871.464435146443
1783303088,10,,Aggregated,4.800000,0.000000,32,44,58,70,180,330,1500,1500,1500,1500,1500,479,0,32,100.1071300893358,5.876646988326684,1529.150162008591,4899.711899791232
1783303089,10,,Aggregated,4.900000,0.000000,31,44,56,68,180,330,1500,1500,1500,1500,1500,487,0,31,98.9405534800775,5.876646988326684,1529.150162008591,4941.431211498973
1783303090,10,,Aggregated,4.700000,0.000000,31,44,56,68,180,330,1500,1500,1500,1500,1500,490,0,31,98.44024166897205,5.876646988326684,1529.150162008591,4934.118367346939
1783303091,10,,Aggregated,4.300000,0.000000,31,44,56,68,180,330,1500,1500,1500,1500,1500,494,0,31,97.89877443886381,5.876646988326684,1529.150162008591,4899.1983805668015
1783303092,10,,Aggregated,4.500000,0.000000,31,44,55,67,180,330,1500,1500,1500,1500,1500,499,0,31,97.14930013787652,5.876646988326684,1529.150162008591,4856.599198396793
1783303093,10,,Aggregated,4.500000,0.000000,31,44,55,66,170,330,1000,1500,1500,1500,1500,502,0,31,96.76342024659785,5.876646988326684,1529.150162008591,4891.796812749004
1783303094,10,,Aggregated,4.500000,0.000000,31,43,54,66,170,330,1000,1500,1500,1500,1500,509,0,31,95.70594491513239,5.876646988326684,1529.150162008591,4882.858546168959
1783303095,10,,Aggregated,4.500000,0.000000,31,43,54,65,170,330,1000,1500,1500,1500,1500,511,0,31,95.40367536165331,5.876646988326684,1529.150162008591,4905.5420743639925
1783303096,10,,Aggregated,4.300000,0.000000,31,43,54,65,170,330,1000,1500,1500,1500,1500,517,0,31,94.49309146576547,5.876646988326684,1529.150162008591,4929.04255319149
1783303097,10,,Aggregated,4.400000,0.000000,31,41,53,65,160,290,1000,1500,1500,1500,1500,521,0,31,93.95829756010633,5.876646988326684,1529.150162008591,4934.111324376199
1783303098,10,,Aggregated,4.200000,0.000000,31,41,54,65,160,290,1000,1500,1500,1500,1500,524,0,31,93.66887221145618,5.876646988326684,1529.150162008591,4909.954198473282
1783303099,10,,Aggregated,4.400000,0.000000,31,41,53,65,160,290,1000,1500,1500,1500,1500,534,0,30,92.43446815133701,5.876646988326684,1529.150162008591,4888.5074906367045
1783303100,10,,Aggregated,4.300000,0.000000,30,41,53,64,160,290,1000,1500,1500,1500,1500,536,0,30,92.14538211905273,5.876646988326684,1529.150162008591,4905.0932835820895
1783303101,10,,Aggregated,4.700000,0.000000,30,41,53,64,150,290,1000,1500,1500,1500,1500,541,0,30,91.57450611795842,5.876646988326684,1529.150162008591,4880.353049907579
1783303102,10,,Aggregated,4.700000,0.000000,30,41,53,64,150,290,1000,1500,1500,1500,1500,543,0,30,91.33765919858776,5.876646988326684,1529.150162008591,4865.510128913444
1783303103,10,,Aggregated,4.600000,0.000000,30,41,53,64,150,290,1000,1500,1500,1500,1500,546,0,30,91.09819860227134,5.876646988326684,1529.150162008591,4845.217948717948
1783303104,10,,Aggregated,4.600000,0.000000,30,40,53,64,150,290,980,1500,1500,1500,1500,553,0,30,90.19584153321716,5.876646988326684,1529.150162008591,4839.5822784810125
1783303105,10,,Aggregated,4.400000,0.000000,30,40,53,63,150,290,980,1500,1500,1500,1500,558,0,30,89.74781672921016,5.876646988326684,1529.150162008591,4850.3279569892475
1783303106,10,,Aggregated,4.500000,0.000000,30,40,53,62,150,290,980,1500,1500,1500,1500,562,0,30,89.31596245891349,5.876646988326684,1529.150162008591,4819.983985765125
1783303107,10,,Aggregated,4.500000,0.000000,30,40,53,62,150,290,980,1500,1500,1500,1500,567,0,30,88.80961091692187,5.876646988326684,1529.150162008591,4878.959435626102
1783303108,10,,Aggregated,4.400000,0.000000,30,40,52,61,140,290,980,1500,1500,1500,1500,573,0,30,88.17632154607901,5.876646988326684,1529.150162008591,4877.631762652705
1783303109,10,,Aggregated,4.600000,0.000000,30,40,52,61,140,290,980,1500,1500,1500,1500,577,0,30,87.76767937764299,5.876646988326684,1529.150162008591,4853.949740034662
1783303110,10,,Aggregated,4.800000,0.000000,30,40,52,61,140,270,980,1500,1500,1500,1500,582,0,30,87.15291801183281,5.876646988326684,1529.150162008591,4903.350515463918
1783303111,10,,Aggregated,4.800000,0.000000,29,39,51,61,140,270,980,1500,1500,1500,1500,587,0,29,86.52774751089886,5.876646988326684,1529.150162008591,4921.700170357752
1783303112,10,,Aggregated,4.500000,0.000000,29,39,51,60,140,270,980,1500,1500,1500,1500,591,0,29,86.06411286952981,5.876646988326684,1529.150162008591,4924.3536379018615
1783303113,10,,Aggregated,4.500000,0.000000,29,39,51,60,140,270,980,1500,1500,1500,1500,596,0,29,85.49348252834521,5.876646988326684,1529.150162008591,4895.612416107382
1783303114,10,,Aggregated,4.700000,0.000000,29,39,50,59,130,260,970,1500,1500,1500,1500,601,0,29,84.95646153394883,5.876646988326684,1529.150162008591,4903.391014975042
1783303115,10,,Aggregated,5.000000,0.000000,29,39,50,59,130,260,970,1500,1500,1500,1500,606,0,29,84.54852789258523,5.876646988326684,1529.150162008591,4931.3564356435645
1783303116,10,,Aggregated,4.800000,0.000000,29,39,50,59,130,260,970,1500,1500,1500,1500,610,0,29,84.09454628179178,5.876646988326684,1529.150162008591,4935.595081967213
1783303117,10,,Aggregated,4.800000,0.000000,29,39,50,59,130,260,970,1500,1500,1500,1500,614,0,29,83.7927583288132,5.876646988326684,1529.150162008591,4917.110749185667
1783303118,10,,Aggregated,4.700000,0.000000,29,39,50,59,110,250,970,1500,1500,1500,1500,622,0,29,82.94766487441792,5.876646988326684,1529.150162008591,4924.655948553054
1783303119,10,,Aggregated,4.700000,0.000000,29,38,50,59,110,250,970,1500,1500,1500,1500,624,0,29,82.72191993891727,5.876646988326684,1529.150162008591,4923.291666666667
1783303120,10,,Aggregated,4.900000,0.000000,29,39,50,58,110,250,970,1500,1500,1500,1500,631,0,29,82.2162701076156,5.876646988326684,1529.150162008591,4916.540412044374
1783303121,10,,Aggregated,4.900000,0.000000,29,39,50,59,110,250,970,1500,1500,1500,1500,635,0,29,81.88483388803434,5.876646988326684,1529.150162008591,4890.130708661417
1783303122,10,,Aggregated,4.900000,0.000000,29,38,50,58,110,250,970,1500,1500,1500,1500,638,0,29,81.55543429606053,5.876646988326684,1529.150162008591,4875.479623824452
1783303123,10,,Aggregated,4.900000,0.000000,29,38,49,58,110,250,970,1500,1500,1500,1500,643,0,29,81.09565495940114,5.876646988326684,1529.150162008591,4895.721617418351
1783303124,10,,Aggregated,4.800000,0.000000,28,37,49,57,110,250,970,1500,1500,1500,1500,650,0,28,80.35625092754624,5.876646988326684,1529.150162008591,4880.08
1783303125,10,,Aggregated,4.700000,0.000000,28,37,49,56,110,250,970,1500,1500,1500,1500,653,0,28,80.09670820201916,5.876646988326684,1529.150162008591,4897.62787136294
1783303126,10,,Aggregated,4.900000,0.000000,28,37,49,56,110,250,970,1500,1500,1500,1500,658,0,28,79.66397822021855,5.876646988326684,1529.150162008591,4896.240121580548
1783303127,10,,Aggregated,4.900000,0.000000,28,37,48,56,110,250,970,1500,1500,1500,1500,663,0,28,79.21413180524017,5.876646988326684,1529.150162008591,4863.260935143288
1783303128,10,,Aggregated,4.800000,0.000000,28,37,48,56,110,250,970,1500,1500,1500,1500,668,0,28,78.88081895492826,5.876646988326684,1529.150162008591,4843.516467065869
1783303129,10,,Aggregated,4.800000,0.000000,28,37,48,56,100,250,970,1500,1500,1500,1500,672,0,28,78.55363528854771,5.876646988326684,1529.150162008591,4876.132440476191
1783303130,10,,Aggregated,4.500000,0.000000,28,37,48,56,100,250,970,1500,1500,1500,1500,677,0,28,78.09742233959099,5.876646988326684,1529.150162008591,4900.608567208272
1783303131,10,,Aggregated,4.800000,0.000000,28,37,48,56,100,250,970,1500,1500,1500,1500,680,0,28,77.81992378368159,5.876646988326684,1529.150162008591,4911.3838235294115
1783303132,10,,Aggregated,4.600000,0.000000,28,37,48,55,100,250,970,1500,1500,1500,1500,683,0,28,77.54840083881932,5.876646988326684,1529.150162008591,4930.928257686676
1783303133,10,,Aggregated,4.400000,0.000000,28,37,47,55,99,250,970,1500,1500,1500,1500,691,0,28,76.9241963255515,5.876646988326684,1529.150162008591,4922.370477568741
1783303134,10,,Aggregated,4.400000,0.000000,28,37,47,55,99,250,970,1500,1500,1500,1500,694,0,28,76.63455614978223,5.876646988326684,1529.150162008591,4915.236311239193
1783303135,10,,Aggregated,4.700000,0.000000,28,36,47,54,99,250,970,1500,1500,1500,1500,701,0,28,76.11995766183229,5.876646988326684,1529.150162008591,4898.09272467903
1783303136,10,,Aggregated,4.300000,0.000000,27,36,47,55,99,250,970,1500,1500,1500,1500,705,0,27,75.84625749779842,5.876646988326684,1529.150162008591,4908.5971631205675
1783303137,10,,Aggregated,4.300000,0.000000,27,36,47,54,99,250,970,1500,1500,1500,1500,708,0,27,75.62514485160825,5.876646988326684,1529.150162008591,4915.7584745762715
1783303138,10,,Aggregated,4.600000,0.000000,27,36,47,54,98,250,970,1500,1500,1500,1500,711,0,27,75.39982936420277,5.876646988326684,1529.150162008591,4932.457102672292
1783303139,10,,Aggregated,4.800000,0.000000,27,36,47,54,98,250,970,1500,1500,1500,1500,717,0,27,74.98584310870002,5.876646988326684,1529.150162008591,4930.471408647141
1783303140,10,,Aggregated,4.500000,0.000000,27,36,46,54,95,240,970,1500,1500,1500,1500,722,0,27,74.66007467580849,5.876646988326684,1529.150162008591,4909.02216066482
1783303141,10,,Aggregated,4.500000,0.000000,27,36,45,54,95,240,970,1500,1500,1500,1500,727,0,27,74.35208354598859,5.876646988326684,1529.150162008591,4907.533700137552
1783303142,10,,Aggregated,4.500000,0.000000,27,36,45,54,95,240,970,1500,1500,1500,1500,730,0,27,74.09797048892695,5.6710169883444905,1529.150162008591,4892.027397260274
1783303143,10,,Aggregated,4.700000,0.000000,27,36,45,54,95,240,970,1500,1500,1500,1500,737,0,27,73.81680852090189,5.6710169883444905,1529.150162008591,4852.196743554952
1783303144,10,,Aggregated,4.900000,0.000000,27,36,45,54,94,230,970,1500,1500,1500,1500,741,0,27,73.5729782401104,5.6710169883444905,1529.150162008591,4837.985155195682
1783303145,10,,Aggregated,4.600000,0.000000,27,36,45,54,94,230,970,1500,1500,1500,1500,747,0,27,73.13748650189936,5.6710169883444905,1529.150162008591,4855.939759036145
1783303146,10,,Aggregated,4.700000,0.000000,27,36,45,54,94,230,970,1500,1500,1500,1500,749,0,27,73.06145871017617,5.6710169883444905,1529.150162008591,4868.941255006675
1783303147,10,,Aggregated,4.600000,0.000000,27,36,45,54,94,230,970,1500,1500,1500,1500,755,0,27,72.69267138796828,5.6710169883444905,1529.150162008591,4842.139072847682
1783303148,10,,Aggregated,4.400000,0.000000,27,36,45,53,93,210,970,1500,1500,1500,1500,761,0,27,72.28228212736163,5.6710169883444905,1529.150162008591,4851.240473061761
1783303149,10,,Aggregated,4.500000,0.000000,27,36,45,53,93,210,970,1500,1500,1500,1500,764,0,27,72.12710441613197,5.6710169883444905,1529.150162008591,4866.455497382199
1783303150,10,,Aggregated,4.800000,0.000000,27,36,45,53,93,210,970,1500,1500,1500,1500,769,0,27,71.76998631852108,5.6710169883444905,1529.150162008591,4865.208062418726
1783303151,10,,Aggregated,4.600000,0.000000,27,36,45,53,90,210,970,1500,1500,1500,1500,775,0,27,71.33912014313073,5.6710169883444905,1529.150162008591,4881.2554838709675
1783303152,10,,Aggregated,4.700000,0.000000,27,36,45,53,90,210,970,1500,1500,1500,1500,780,0,27,71.08473008579145,5.6710169883444905,1529.150162008591,4895.628205128205
1783303153,10,,Aggregated,4.800000,0.000000,27,36,45,53,89,200,970,1500,1500,1500,1500,784,0,27,70.87802719122139,5.6710169883444905,1529.150162008591,4889.905612244898
1783303154,10,,Aggregated,4.700000,0.000000,27,36,45,53,89,200,970,1500,1500,1500,1500,790,0,27,70.61302877205154,5.6710169883444905,1529.150162008591,4873.132911392405
1783303155,10,,Aggregated,4.700000,0.000000,27,36,45,53,88,200,970,1500,1500,1500,1500,794,0,27,70.35151667369797,5.6710169883444905,1529.150162008591,4877.7858942065495
1783303156,10,,Aggregated,4.800000,0.000000,27,36,45,53,88,200,970,1500,1500,1500,1500,799,0,27,69.9939450687236,5.6710169883444905,1529.150162008591,4854.694618272841
1783303157,10,,Aggregated,4.900000,0.000000,27,36,45,53,87,190,970,1500,1500,1500,1500,803,0,27,69.79631947433292,5.6710169883444905,1529.150162008591,4832.1183063511835
1783303158,10,,Aggregated,5.000000,0.000000,27,35,45,53,87,190,970,1500,1500,1500,1500,807,0,27,69.57908893914177,5.6710169883444905,1529.150162008591,4850.04956629492
1783303159,10,,Aggregated,4.900000,0.000000,27,35,45,52,86,190,970,1500,1500,1500,1500,812,0,27,69.32172102939246,5.6710169883444905,1529.150162008591,4856.279556650246
1783303160,10,,Aggregated,4.900000,0.000000,27,35,45,52,86,190,970,1500,1500,1500,1500,814,0,27,69.1706455465232,5.6710169883444905,1529.150162008591,4845.686732186732
1783303161,10,,Aggregated,4.600000,0.000000,27,35,45,52,86,190,970,1500,1500,1500,1500,820,0,27,68.90635946570333,5.6710169883444905,1529.150162008591,4863.673170731708
1783303162,10,,Aggregated,4.600000,0.000000,27,35,44,52,85,190,970,1500,1500,1500,1500,826,0,26,68.56754751075184,5.6710169883444905,1529.150162008591,4882.138014527845
1783303163,10,,Aggregated,4.500000,0.000000,26,35,44,52,83,190,970,1500,1500,1500,1500,831,0,26,68.27879286144295,5.6710169883444905,1529.150162008591,4905.160048134778
1783303164,10,,Aggregated,4.800000,0.000000,26,35,44,52,83,190,970,1500,1500,1500,1500,836,0,26,68.00442232759268,5.6710169883444905,1529.150162008591,4926.887559808612
1783303165,10,,Aggregated,4.800000,0.000000,26,35,44,52,83,190,970,1500,1500,1500,1500,839,0,26,67.81552793190377,5.6710169883444905,1529.150162008591,4943.57926102503
1783303166,10,,Aggregated,4.700000,0.000000,26,35,44,52,83,190,970,1500,1500,1500,1500,843,0,26,67.66767135451461,5.6710169883444905,1529.150162008591,4947.674970344009
1783303167,10,,Aggregated,4.500000,0.000000,26,35,44,52,83,190,970,1500,1500,1500,1500,847,0,26,67.48031619464794,5.6710169883444905,1529.150162008591,4962.971664698937
1783303168,10,,Aggregated,4.300000,0.000000,26,35,44,51,82,190,970,1500,1500,1500,1500,852,0,26,67.19586370056336,5.6710169883444905,1529.150162008591,4947.826291079812
1783303169,10,,Aggregated,4.300000,0.000000,26,35,44,51,82,190,970,1500,1500,1500,1500,857,0,26,66.91957531372452,5.6710169883444905,1529.150162008591,4967.448074679113
1783303170,10,,Aggregated,4.500000,0.000000,26,35,44,51,82,190,970,1500,1500,1500,1500,862,0,26,66.67596213326111,5.6710169883444905,1529.150162008591,4943.341067285382
1783303171,10,,Aggregated,4.800000,0.000000,26,35,44,51,82,190,970,1500,1500,1500,1500,865,0,26,66.49921467846376,5.6710169883444905,1529.150162008591,4951.870520231214
1783303172,10,,Aggregated,4.700000,0.000000,26,35,44,51,82,190,970,1500,1500,1500,1500,870,0,26,66.27577445847812,5.6710169883444905,1529.150162008591,4930.556321839081
1783303173,10,,Aggregated,4.500000,0.000000,26,35,44,51,82,190,970,1500,1500,1500,1500,875,0,26,65.96849985587012,5.6710169883444905,1529.150162008591,4951.453714285714
1783303174,10,,Aggregated,4.300000,0.000000,26,35,44,51,82,190,970,1500,1500,1500,1500,878,0,26,65.82112101583284,5.6710169883444905,1529.150162008591,4958.274487471526
1783303175,10,,Aggregated,4.300000,0.000000,26,35,44,51,80,190,970,1500,1500,1500,1500,884,0,26,65.49683124761924,5.6710169883444905,1529.150162008591,4955.635746606335
1783303176,10,,Aggregated,4.100000,0.000000,26,35,44,51,80,190,970,1500,1500,1500,1500,888,0,26,65.30309147513492,5.6710169883444905,1529.150162008591,4955.829954954955
1783303177,10,,Aggregated,4.400000,0.000000,26,34,44,51,78,190,970,1500,1500,1500,1500,891,0,26,65.14072064299206,5.6710169883444905,1529.150162008591,4963.382716049383
1783303178,10,,Aggregated,4.600000,0.000000,26,34,43,50,78,190,970,1500,1500,1500,1500,898,0,26,64.79909375934413,5.6710169883444905,1529.150162008591,4992.650334075724
1783303179,10,,Aggregated,4.400000,0.000000,26,34,43,50,78,180,960,1500,1500,1500,1500,901,0,26,64.64641891551291,5.6710169883444905,1529.150162008591,5000.683684794672
1783303180,10,,Aggregated,4.500000,0.000000,26,34,44,51,78,190,960,1500,1500,1500,1500,908,0,26,65.05874538202339,5.6710169883444905,1529.150162008591,4969.288546255507
1783303181,10,,Aggregated,4.200000,0.000000,26,34,43,51,78,190,960,1500,1500,1500,1500,915,0,26,64.80789885120187,5.6710169883444905,1529.150162008591,4991.569398907104
1783303182,10,,Aggregated,4.500000,0.000000,26,34,43,50,78,190,960,1500,1500,1500,1500,917,0,26,64.68830637389354,5.6710169883444905,1529.150162008591,4985.605234460197
1783303183,10,,Aggregated,4.400000,0.000000,26,34,43,50,78,180,960,1500,1500,1500,1500,921,0,26,64.54712734186386,5.6710169883444905,1529.150162008591,5020.010857763301
1783303184,10,,Aggregated,4.700000,0.000000,26,34,43,50,78,180,960,1500,1500,1500,1500,927,0,26,64.27636067083162,5.6710169883444905,1529.150162008591,5031.221143473571
1783303185,10,,Aggregated,4.400000,0.000000,26,34,43,50,78,180,960,1500,1500,1500,1500,931,0,26,64.0911289644125,5.6710169883444905,1529.150162008591,5016.43716433942
1783303186,10,,Aggregated,4.500000,0.000000,26,34,43,50,78,180,960,1500,1500,1500,1500,937,0,26,64.01300434989562,5.6710169883444905,1529.150162008591,4996.045891141943
1783303187,10,,Aggregated,4.400000,0.000000,25,34,43,50,78,180,960,1500,1500,1500,1500,939,0,25,63.90866627458905,5.6710169883444905,1529.150162008591,4988.669861554846
1783303188,10,,Aggregated,4.500000,0.000000,25,34,43,50,78,180,960,1500,1500,1500,1500,945,0,25,63.59710884426792,5.6710169883444905,1529.150162008591,5001.85291005291
1783303189,10,,Aggregated,4.800000,0.000000,25,34,43,50,78,180,960,1500,1500,1500,1500,949,0,25,63.56062463734525,5.6710169883444905,1529.150162008591,5015.920969441518
1783303190,10,,Aggregated,4.300000,0.000000,25,34,43,50,78,180,890,1500,1500,1500,1500,954,0,25,63.44043697360844,5.6710169883444905,1529.150162008591,5026.427672955975
1783303191,10,,Aggregated,4.800000,0.000000,25,34,43,50,78,180,890,1500,1500,1500,1500,960,0,25,63.17410836441013,5.6710169883444905,1529.150162008591,4999.633333333333
1783303192,10,,Aggregated,4.400000,0.000000,25,34,43,50,78,180,890,1500,1500,1500,1500,964,0,25,62.97449476018399,5.6710169883444905,1529.150162008591,5002.998962655602
1783303193,10,,Aggregated,4.700000,0.000000,25,34,43,50,78,180,890,1500,1500,1500,1500,967,0,25,62.80835590157595,5.38097700336948,1529.150162008591,5014.658738366081
1783303194,10,,Aggregated,4.500000,0.000000,25,34,43,50,78,180,890,1500,1500,1500,1500,970,0,25,62.703133735895165,5.38097700336948,1529.150162008591,5020.404123711341
1783303195,10,,Aggregated,4.700000,0.000000,25,33,43,50,77,180,890,1500,1500,1500,1500,973,0,25,62.53097305532996,5.38097700336948,1529.150162008591,5008.362795477903
1783303196,10,,Aggregated,4.600000,0.000000,25,33,43,50,77,180,890,1500,1500,1500,1500,980,0,25,62.20727627740565,5.38097700336948,1529.150162008591,4987.937755102041
1783303197,10,,Aggregated,4.300000,0.000000,25,33,43,50,77,180,890,1500,1500,1500,1500,984,0,25,62.05625021732892,5.38097700336948,1529.150162008591,4995.857723577235
1783303198,10,,Aggregated,4.100000,0.000000,25,33,43,50,77,180,890,1500,1500,1500,1500,990,0,25,61.85995138976711,5.38097700336948,1529.150162008591,4970.685858585859
1783303199,10,,Aggregated,4.300000,0.000000,25,33,43,50,76,180,890,1500,1500,1500,1500,994,0,25,61.70483657127699,5.38097700336948,1529.150162008591,4979.522132796781
1783303200,10,,Aggregated,4.500000,0.000000,25,33,43,49,76,180,890,1500,1500,1500,1500,999,0,25,61.45352046130117,5.38097700336948,1529.150162008591,4990.473473473474
1783303201,10,,Aggregated,4.300000,0.000000,25,33,43,49,76,180,590,1000,1500,1500,1500,1002,0,25,61.3460864668943,5.38097700336948,1529.150162008591,4990.290419161676
1783303202,10,,Aggregated,4.400000,0.000000,25,33,42,49,76,180,590,1000,1500,1500,1500,1009,0,25,61.14247576493379,5.38097700336948,1529.150162008591,5000.575817641229
1783303203,10,,Aggregated,4.400000,0.000000,25,33,42,49,76,180,590,1000,1500,1500,1500,1012,0,25,61.006163329869814,5.38097700336948,1529.150162008591,5011.725296442688
1783303204,10,,Aggregated,4.300000,0.000000,25,33,42,49,76,180,590,1000,1500,1500,1500,1015,0,25,60.87525691214852,5.38097700336948,1529.150162008591,5037.137931034483
1783303207,10,,Aggregated,4.500000,0.000000,25,33,43,50,80,170,590,1000,1500,1500,1500,1024,0,25,61.33963398907838,5.38097700336948,1529.150162008591,5035.1376953125
1783303208,10,,Aggregated,4.200000,0.000000,25,33,43,50,80,170,590,1000,1500,1500,1500,1027,0,25,61.26962254024684,5.38097700336948,1529.150162008591,5021.4225900681595
1783303209,10,,Aggregated,4.400000,0.000000,25,33,43,50,78,170,590,1000,1500,1500,1500,1034,0,25,60.974529920519885,5.38097700336948,1529.150162008591,5027.469052224372
1783303210,10,,Aggregated,4.400000,0.000000,25,33,43,50,78,170,590,1000,1500,1500,1500,1037,0,25,60.912997238959925,5.38097700336948,1529.150162008591,5020.151398264224
1783303211,10,,Aggregated,4.200000,0.000000,25,33,43,50,78,170,590,1000,1500,1500,1500,1044,0,25,60.60533535518624,5.38097700336948,1529.150162008591,5038.198275862069
1783303212,10,,Aggregated,4.300000,0.000000,25,33,43,50,78,170,590,1000,1500,1500,1500,1047,0,25,60.47390638758342,5.38097700336948,1529.150162008591,5027.533906399236
1783303213,10,,Aggregated,4.400000,0.000000,25,33,43,50,78,170,390,1000,1500,1500,1500,1051,0,25,60.29405306833258,5.38097700336948,1529.150162008591,5037.568030447193
1783303214,10,,Aggregated,4.400000,0.000000,25,33,43,50,78,170,390,1000,1500,1500,1500,1056,0,25,60.10929404434743,5.38097700336948,1529.150162008591,5027.248106060606
1783303215,10,,Aggregated,4.300000,0.000000,25,33,43,50,78,170,390,1000,1500,1500,1500,1060,0,25,59.959360275306096,5.38097700336948,1529.150162008591,5015.991509433962
1783303216,10,,Aggregated,4.400000,0.000000,25,33,42,49,77,160,390,1000,1500,1500,1500,1065,0,25,59.77024874537079,5.38097700336948,1529.150162008591,5036.339906103286
1783303217,10,,Aggregated,4.500000,0.000000,25,33,42,49,77,160,390,1000,1500,1500,1500,1071,0,25,59.59221819683846,5.38097700336948,1529.150162008591,5049.808590102708
1783303218,10,,Aggregated,4.700000,0.000000,25,33,42,49,77,160,390,1000,1500,1500,1500,1073,0,25,59.51987047793805,5.38097700336948,1529.150162008591,5041.981360671016
1783303219,10,,Aggregated,4.400000,0.000000,25,33,42,49,77,160,390,1000,1500,1500,1500,1080,0,25,59.22506555537068,4.671793998568319,1529.150162008591,5040.352777777778
1783303220,10,,Aggregated,4.400000,0.000000,25,33,42,49,76,160,390,1000,1500,1500,1500,1084,0,25,59.08136221106491,4.671793998568319,1529.150162008591,5059.2315498154985
1783303221,10,,Aggregated,4.600000,0.000000,25,33,42,49,76,160,390,1000,1500,1500,1500,1089,0,25,58.939188065910535,4.671793998568319,1529.150162008591,5039.098255280073
1783303222,10,,Aggregated,4.700000,0.000000,25,33,42,49,76,160,390,1000,1500,1500,1500,1095,0,25,58.74256265275797,4.671793998568319,1529.150162008591,5050.601826484019
1783303223,10,,Aggregated,4.400000,0.000000,25,33,41,49,76,160,390,1000,1500,1500,1500,1099,0,25,58.603700454762816,4.671793998568319,1529.150162008591,5057.810737033667
1783303224,10,,Aggregated,4.600000,0.000000,25,33,41,49,76,160,370,980,1500,1500,1500,1105,0,25,58.430963169047985,4.671793998568319,1529.150162008591,5042.53665158371
1783303225,10,,Aggregated,4.700000,0.000000,25,33,41,49,76,160,370,980,1500,1500,1500,1109,0,25,58.345663049402106,4.671793998568319,1529.150162008591,5028.9449954914335
1783303226,10,,Aggregated,4.600000,0.000000,25,33,41,48,75,160,370,980,1500,1500,1500,1112,0,25,58.22388795753822,4.671793998568319,1529.150162008591,5041.103417266187
1783303227,10,,Aggregated,4.700000,0.000000,25,33,41,48,75,160,370,980,1500,1500,1500,1118,0,25,58.02220026009947,4.671793998568319,1529.150162008591,5030.031305903399
1783303228,10,,Aggregated,4.900000,0.000000,25,32,41,48,75,150,370,980,1500,1500,1500,1122,0,25,57.85818964153912,4.671793998568319,1529.150162008591,5021.6426024955435
1783303229,10,,Aggregated,4.900000,0.000000,25,33,41,48,75,150,370,980,1500,1500,1500,1127,0,25,57.73846422785741,4.671793998568319,1529.150162008591,5006.663708961845
1783303230,10,,Aggregated,4.800000,0.000000,25,32,41,48,74,150,370,980,1500,1500,1500,1133,0,25,57.52200984711687,4.671793998568319,1529.150162008591,4996.879082082965
1783303231,10,,Aggregated,4.800000,0.000000,25,33,41,48,74,150,370,980,1500,1500,1500,1135,0,25,57.494535518754766,4.671793998568319,1529.150162008591,4988.644052863436
1783303232,10,,Aggregated,4.900000,0.000000,25,32,41,48,74,150,370,980,1500,1500,1500,1140,0,25,57.30794372612492,4.671793998568319,1529.150162008591,4985.755263157895
1783303233,10,,Aggregated,4.700000,0.000000,25,32,41,48,74,150,370,980,1500,1500,1500,1143,0,25,57.199436456509126,4.671793998568319,1529.150162008591,4991.922134733159
1783303234,10,,Aggregated,4.800000,0.000000,25,32,41,48,74,150,370,980,1500,1500,1500,1149,0,25,57.06826950199961,4.671793998568319,1529.150162008591,5016.231505657093
1783303235,10,,Aggregated,4.700000,0.000000,25,32,41,48,73,150,330,980,1500,1500,1500,1155,0,25,56.91129298335409,4.671793998568319,1529.150162008591,5009.915151515152
1783303236,10,,Aggregated,4.700000,0.000000,25,32,41,48,73,150,330,980,1500,1500,1500,1156,0,25,56.8713806286972,4.671793998568319,1529.150162008591,5006.28892733564
1783303237,10,,Aggregated,4.500000,0.000000,25,32,41,48,73,150,330,980,1500,1500,1500,1163,0,25,56.673148167488264,4.671793998568319,1529.150162008591,5003.44969905417
1783303238,10,,Aggregated,4.500000,0.000000,25,32,41,48,73,150,330,980,1500,1500,1500,1165,0,25,56.599665832427995,4.671793998568319,1529.150162008591,5017.488412017167
1783303239,10,,Aggregated,4.300000,0.000000,25,32,40,47,73,150,330,980,1500,1500,1500,1172,0,24,56.37676796654437,4.671793998568319,1529.150162008591,5030.431740614335
1783303240,10,,Aggregated,4.300000,0.000000,25,32,40,47,73,150,330,980,1500,1500,1500,1176,0,24,56.256064005791735,4.671793998568319,1529.150162008591,5049.384353741497
1783303241,10,,Aggregated,4.100000,0.000000,24,32,40,47,73,150,330,980,1500,1500,1500,1179,0,24,56.17462849941388,4.671793998568319,1529.150162008591,5038.24342663274
1783303242,10,,Aggregated,4.500000,0.000000,25,32,40,47,72,150,330,980,1500,1500,1500,1183,0,25,56.09161728385986,4.671793998568319,1529.150162008591,5023.711749788673
1783303243,10,,Aggregated,4.300000,0.000000,24,32,40,47,72,150,330,980,1500,1500,1500,1189,0,24,55.86900723448158,4.671793998568319,1529.150162008591,5026.989066442388
1783303244,10,,Aggregated,4.200000,0.000000,24,32,40,47,72,150,330,980,1500,1500,1500,1192,0,24,55.76533834126826,4.671793998568319,1529.150162008591,5042.1350671140935
1783303245,10,,Aggregated,4.500000,0.000000,24,32,40,47,72,150,330,980,1500,1500,1500,1200,0,24,55.51261002647758,4.671793998568319,1529.150162008591,5031.034166666666
1783303246,10,,Aggregated,4.200000,0.000000,24,32,40,47,72,140,330,970,1500,1500,1500,1204,0,24,55.393956859456935,4.671793998568319,1529.150162008591,5033.510797342193
1783303247,10,,Aggregated,4.500000,0.000000,24,32,40,47,72,140,330,970,1500,1500,1500,1209,0,24,55.25974845061617,4.671793998568319,1529.150162008591,5020.201819685691
1783303248,10,,Aggregated,4.600000,0.000000,24,32,40,47,71,140,330,970,1500,1500,1500,1214,0,24,55.15923763573445,4.671793998568319,1529.150162008591,5012.03294892916
1783303249,10,,Aggregated,4.600000,0.000000,24,32,40,47,71,140,330,970,1500,1500,1500,1219,0,24,55.04972708924927,4.671793998568319,1529.150162008591,5035.824446267432
1783303250,10,,Aggregated,4.900000,0.000000,24,32,40,47,71,140,330,970,1500,1500,1500,1222,0,24,54.96680314386162,4.671793998568319,1529.150162008591,5029.96317512275
1783303251,10,,Aggregated,5.100000,0.000000,24,32,40,47,71,140,330,970,1500,1500,1500,1228,0,24,54.863319402128866,4.671793998568319,1529.150162008591,5033.891693811075
1783303252,10,,Aggregated,4.300000,0.000000,24,32,40,47,71,140,330,970,1500,1500,1500,1235,0,24,54.86858106300288,4.671793998568319,1529.150162008591,5035.557894736842
1783303253,10,,Aggregated,4.900000,0.000000,24,32,40,47,71,140,330,970,1500,1500,1500,1240,0,24,54.68202817645496,4.34490799671039,1529.150162008591,5042.836290322581
1783303254,10,,Aggregated,4.800000,0.000000,24,32,40,47,71,140,330,970,1500,1500,1500,1242,0,24,54.63601071158589,4.34490799671039,1529.150162008591,5036.830112721417
1783303255,10,,Aggregated,4.700000,0.000000,24,32,40,47,71,140,330,970,1500,1500,1500,1249,0,24,54.490170056681976,4.34490799671039,1529.150162008591,5053.947157726181
1783303256,10,,Aggregated,5.000000,0.000000,24,32,39,47,71,140,330,970,1500,1500,1500,1253,0,24,54.35950869657374,4.34490799671039,1529.150162008591,5047.482043096568
1783303257,10,,Aggregated,4.700000,0.000000,23,32,39,46,71,140,330,970,1500,1500,1500,1259,0,23,54.15925547801026,4.34490799671039,1529.150162008591,5076.319301032566
1783303258,10,,Aggregated,4.800000,0.000000,23,32,39,46,71,140,330,970,1500,1500,1500,1261,0,23,54.10194563586893,4.34490799671039,1529.150162008591,5071.314036478985
1783303259,10,,Aggregated,4.900000,0.000000,23,32,39,46,71,140,330,970,1500,1500,1500,1267,0,23,53.95108149867948,4.34490799671039,1529.150162008591,5064.749013417521
1783303260,10,,Aggregated,4.600000,0.000000,23,31,39,46,71,140,330,970,1500,1500,1500,1270,0,23,53.85634926048989,4.34490799671039,1529.150162008591,5074.188976377953
1783303261,10,,Aggregated,4.400000,0.000000,23,31,39,46,71,140,330,970,1500,1500,1500,1275,0,23,53.786550870464254,4.34490799671039,1529.150162008591,5096.0392156862745
1783303262,10,,Aggregated,4.900000,0.000000,23,31,39,46,71,140,330,970,1500,1500,1500,1279,0,23,53.69993574109782,4.34490799671039,1529.150162008591,5106.381548084441
1783303263,10,,Aggregated,4.600000,0.000000,23,31,39,46,71,140,330,970,1500,1500,1500,1285,0,23,53.52584320378258,4.34490799671039,1529.150162008591,5131.410894941634
1783303264,10,,Aggregated,4.600000,0.000000,23,31,39,46,71,140,330,970,1500,1500,1500,1288,0,23,53.44158055423741,4.34490799671039,1529.150162008591,5126.020186335404
1783303265,10,,Aggregated,4.500000,0.000000,23,31,39,46,71,140,330,970,1500,1500,1500,1295,0,23,53.22379407938794,4.34490799671039,1529.150162008591,5158.259459459459
1783303266,10,,Aggregated,4.600000,0.000000,23,31,39,45,71,140,330,970,1500,1500,1500,1297,0,23,53.1647283660824,4.34490799671039,1529.150162008591,5167.187355435621
1783303267,10,,Aggregated,4.600000,0.000000,23,31,39,45,70,130,330,970,1500,1500,1500,1303,0,23,53.00415602749821,4.34490799671039,1529.150162008591,5200.537989255564
1783303268,10,,Aggregated,4.500000,0.000000,23,31,39,45,70,130,330,970,1500,1500,1500,1307,0,23,52.89767725159277,4.34490799671039,1529.150162008591,5205.696250956389
1783303269,10,,Aggregated,4.400000,0.000000,23,31,39,45,69,130,330,970,1500,1500,1500,1312,0,23,52.818466790274506,4.34490799671039,1529.150162008591,5217.764481707317
1783303270,10,,Aggregated,4.600000,0.000000,23,31,39,45,69,130,330,970,1500,1500,1500,1314,0,23,52.757529720570645,4.34490799671039,1529.150162008591,5225.3911719939115
1783303271,10,,Aggregated,4.500000,0.000000,23,31,39,45,69,130,330,970,1500,1500,1500,1316,0,23,52.69916457129406,4.34490799671039,1529.150162008591,5237.484802431611
1783303272,10,,Aggregated,4.400000,0.000000,23,31,39,45,69,130,330,970,1500,1500,1500,1324,0,23,52.50698914637325,4.34490799671039,1529.150162008591,5233.345921450151
1783303273,10,,Aggregated,4.200000,0.000000,23,31,39,45,69,130,330,970,1500,1500,1500,1326,0,23,52.47872049306271,4.34490799671039,1529.150162008591,5235.55580693816
1783303274,10,,Aggregated,4.200000,0.000000,23,31,39,45,69,130,330,970,1500,1500,1500,1333,0,23,52.321422746296626,4.34490799671039,1529.150162008591,5234.531882970743
1783303275,10,,Aggregated,4.500000,0.000000,23,31,39,45,69,130,330,970,1500,1500,1500,1337,0,23,52.221921628874654,4.34490799671039,1529.150162008591,5236.142109199701
1783303276,10,,Aggregated,4.100000,0.000000,23,31,39,45,69,130,330,970,1500,1500,1500,1341,0,23,52.28447615794081,4.34490799671039,1529.150162008591,5222.026099925429
1783303277,10,,Aggregated,4.400000,0.000000,23,31,39,45,69,130,330,970,1500,1500,1500,1344,0,23,52.20702032126957,4.34490799671039,1529.150162008591,5212.244047619048
1783303278,10,,Aggregated,4.300000,0.000000,23,31,39,45,69,130,330,970,1500,1500,1500,1349,0,23,52.08322222074811,4.34490799671039,1529.150162008591,5238.557449962936
1783303279,10,,Aggregated,4.200000,0.000000,23,31,39,45,69,130,290,970,1500,1500,1500,1356,0,23,51.91746524541859,4.34490799671039,1529.150162008591,5232.908554572271
1783303280,10,,Aggregated,3.900000,0.000000,23,31,39,45,69,130,290,970,1500,1500,1500,1359,0,23,51.87137293361825,4.34490799671039,1529.150162008591,5223.95217071376
1783303281,10,,Aggregated,4.200000,0.000000,23,31,39,45,68,130,290,970,1500,1500,1500,1364,0,23,51.78282107462326,4.34490799671039,1529.150162008591,5220.8570381231675
1783303282,10,,Aggregated,4.400000,0.000000,23,31,38,45,68,130,290,970,1500,1500,1500,1369,0,23,51.66621712402769,4.34490799671039,1529.150162008591,5236.583637691746
1783303283,10,,Aggregated,4.600000,0.000000,23,31,38,45,68,130,290,970,1500,1500,1500,1374,0,23,51.55904547000967,4.34490799671039,1529.150162008591,5230.528384279476
1783303284,10,,Aggregated,4.800000,0.000000,23,31,38,45,68,130,290,970,1500,1500,1500,1377,0,23,51.47714371880347,4.34490799671039,1529.150162008591,5248.450254175745
1783303285,10,,Aggregated,4.400000,0.000000,23,31,38,45,68,130,290,970,1500,1500,1500,1382,0,23,51.335010767583135,4.34490799671039,1529.150162008591,5239.931259044863
1783303286,10,,Aggregated,4.800000,0.000000,23,30,38,45,68,130,290,970,1500,1500,1500,1387,0,23,51.201928574473946,4.34490799671039,1529.150162008591,5255.651045421773
1783303288,10,,Aggregated,4.400000,0.000000,23,30,38,45,68,130,290,970,1500,1500,1500,1394,0,23,51.01392136642778,4.34490799671039,1529.150162008591,5274.459110473457
1783303289,10,,Aggregated,4.500000,0.000000,23,30,38,44,68,130,290,970,1500,1500,1500,1397,0,23,50.93857909936457,4.34490799671039,1529.150162008591,5296.259842519685
1783303290,10,,Aggregated,5.000000,0.000000,23,30,37,44,68,130,290,970,1500,1500,1500,1402,0,22,50.80276281941472,4.266628006007522,1529.150162008591,5320.465763195435
1783303291,10,,Aggregated,5.000000,0.000000,22,30,37,44,68,130,290,970,1500,1500,1500,1405,0,22,50.733274752901806,4.266628006007522,1529.150162008591,5309.810676156583
1783303292,10,,Aggregated,4.500000,0.000000,22,30,37,44,68,130,290,970,1500,1500,1500,1409,0,22,50.63477766134867,4.266628006007522,1529.150162008591,5314.770049680625
1783303293,10,,Aggregated,4.500000,0.000000,22,30,37,44,67,130,290,970,1500,1500,1500,1415,0,22,50.54569158291933,4.266628006007522,1529.150162008591,5311.0501766784455
1783303294,10,,Aggregated,4.400000,0.000000,23,30,37,44,67,130,290,970,1500,1500,1500,1418,0,22,50.498523098608,4.266628006007522,1529.150162008591,5323.567700987306
1783303295,10,,Aggregated,4.600000,0.000000,22,30,37,44,66,120,290,970,1500,1500,1500,1421,0,22,50.44184366349975,4.266628006007522,1529.150162008591,5315.764250527797
1783303296,10,,Aggregated,4.300000,0.000000,22,30,37,44,66,120,290,970,1500,1500,1500,1427,0,22,50.280720317323386,4.266628006007522,1529.150162008591,5314.583742116328
1783303297,10,,Aggregated,4.300000,0.000000,22,30,37,44,66,120,290,970,1500,1500,1500,1430,0,22,50.23640278658432,4.266628006007522,1529.150162008591,5322.251048951049
1783303298,10,,Aggregated,4.300000,0.000000,22,30,37,44,66,120,290,970,1500,1500,1500,1432,0,22,50.2130361241773,4.266628006007522,1529.150162008591,5316.657821229051
1783303299,10,,Aggregated,4.300000,0.000000,22,30,37,44,66,120,290,970,1500,1500,1500,1439,0,22,50.02304866562191,4.266628006007522,1529.150162008591,5308.722029186935
1783303300,10,,Aggregated,3.600000,0.000000,22,30,37,44,66,120,290,970,1500,1500,1500,1444,0,22,49.913905174397264,4.266628006007522,1529.150162008591,5315.41135734072
1783303301,10,,Aggregated,4.200000,0.000000,22,30,37,44,66,120,290,970,1500,1500,1500,1448,0,22,49.81535619392855,4.266628006007522,1529.150162008591,5321.171961325967
1783303302,10,,Aggregated,4.200000,0.000000,22,30,37,44,66,120,290,970,1500,1500,1500,1452,0,22,49.712877831126825,4.266628006007522,1529.150162008591,5335.873278236914
1783303303,10,,Aggregated,4.200000,0.000000,22,30,37,44,66,120,290,970,1500,1500,1500,1458,0,22,49.60487555473203,4.266628006007522,1529.150162008591,5348.1460905349795
1783303304,10,,Aggregated,4.400000,0.000000,22,30,37,44,66,110,290,970,1500,1500,1500,1462,0,22,49.50375020162874,4.266628006007522,1529.150162008591,5366.730506155951
1783303305,10,,Aggregated,4.100000,0.000000,22,29,37,44,66,110,290,970,1500,1500,1500,1468,0,22,49.369854703528915,4.266628006007522,1529.150162008591,5363.730245231608
1783303306,10,,Aggregated,4.200000,0.000000,22,29,37,44,65,110,290,970,1500,1500,1500,1471,0,22,49.29517023642267,4.266628006007522,1529.150162008591,5354.131203263087
1783303307,10,,Aggregated,4.700000,0.000000,22,29,37,44,66,110,290,970,1500,1500,1500,1476,0,22,49.22773792531605,4.266628006007522,1529.150162008591,5338.258130081301
1783303308,10,,Aggregated,4.500000,0.000000,22,29,37,44,66,110,290,970,1500,1500,1500,1480,0,22,49.13986813498431,4.266628006007522,1529.150162008591,5352.6763513513515
1783303309,10,,Aggregated,4.400000,0.000000,22,29,37,44,65,110,290,970,1500,1500,1500,1486,0,22,49.014246779808765,4.266628006007522,1529.150162008591,5355.775235531629
1783303310,10,,Aggregated,4.400000,0.000000,22,29,37,44,65,110,290,970,1500,1500,1500,1489,0,22,48.94336064795026,4.266628006007522,1529.150162008591,5350.660174613835
1783303311,10,,Aggregated,4.500000,0.000000,22,29,37,44,65,110,290,970,1500,1500,1500,1492,0,22,48.87811922774186,4.266628006007522,1529.150162008591,5355.217828418231
1783303312,10,,Aggregated,4.600000,0.000000,22,29,37,44,65,110,290,970,1500,1500,1500,1496,0,22,48.7884999604339,4.266628006007522,1529.150162008591,5364.514037433155
1783303313,10,,Aggregated,4.400000,0.000000,22,29,37,44,65,110,290,970,1500,1500,1500,1500,0,22,48.74808291453519,4.266628006007522,1529.150162008591,5351.459333333333
1783303314,10,,Aggregated,4.300000,0.000000,22,29,37,44,65,110,270,970,1500,1500,1500,1504,0,22,48.64399118603499,3.882894990965724,1529.150162008591,5342.663563829788
1783303315,10,,Aggregated,4.300000,0.000000,22,29,37,44,65,110,270,970,1500,1500,1500,1511,0,22,48.52251321098188,3.882894990965724,1529.150162008591,5341.184645929848
1783303316,10,,Aggregated,4.300000,0.000000,22,29,36,43,65,110,270,970,1500,1500,1500,1516,0,22,48.411963004484114,3.882894990965724,1529.150162008591,5343.3858839050135
1783303317,10,,Aggregated,4.300000,0.000000,22,29,36,43,65,110,270,970,1500,1500,1500,1518,0,22,48.37806890303171,3.882894990965724,1529.150162008591,5345.463109354414
1783303318,10,,Aggregated,4.400000,0.000000,22,29,36,43,65,110,270,970,1500,1500,1500,1522,0,22,48.278990659540206,3.882894990965724,1529.150162008591,5348.902759526938
1783303319,10,,Aggregated,4.400000,0.000000,22,29,36,43,65,110,270,970,1500,1500,1500,1528,0,22,48.19171419492714,3.882894990965724,1529.150162008591,5344.093586387435
1783303320,10,,Aggregated,4.300000,0.000000,22,29,36,43,65,110,270,970,1500,1500,1500,1533,0,22,48.092653040995685,3.882894990965724,1529.150162008591,5337.155251141552
1783303321,10,,Aggregated,4.400000,0.000000,21,29,36,43,65,110,270,970,1500,1500,1500,1536,0,21,48.02645470302499,3.882894990965724,1529.150162008591,5344.600911458333
1783303322,10,,Aggregated,4.200000,0.000000,21,29,36,43,64,110,270,970,1500,1500,1500,1541,0,21,47.90466407323273,3.882894990965724,1529.150162008591,5344.729396495782
1783303323,10,,Aggregated,4.400000,0.000000,21,29,36,43,64,110,270,970,1500,1500,1500,1546,0,21,47.81987593911515,3.882894990965724,1529.150162008591,5354.833117723157
1783303324,10,,Aggregated,4.500000,0.000000,21,29,36,43,64,110,270,970,1500,1500,1500,1550,0,21,47.73011634831369,3.882894990965724,1529.150162008591,5347.564516129032
1783303325,10,,Aggregated,4.500000,0.000000,21,29,36,43,64,110,260,970,1500,1500,1500,1556,0,21,47.630767936944444,3.882894990965724,1529.150162008591,5351.7956298200515
1783303326,10,,Aggregated,4.600000,0.000000,21,29,36,43,64,110,260,970,1500,1500,1500,1562,0,21,47.558495727203436,3.882894990965724,1529.150162008591,5338.209987195903
1783303327,10,,Aggregated,4.600000,0.000000,21,29,36,43,64,110,260,970,1500,1500,1500,1565,0,21,47.50637976798049,3.882894990965724,1529.150162008591,5329.825559105431
1783303328,10,,Aggregated,4.700000,0.000000,21,29,36,43,64,110,260,970,1500,1500,1500,1572,0,21,47.3752004153222,3.882894990965724,1529.150162008591,5335.774809160305
1783303329,10,,Aggregated,4.700000,0.000000,21,29,36,43,64,110,260,970,1500,1500,1500,1575,0,21,47.33765730849608,3.882894990965724,1529.150162008591,5338.990476190476
1783303330,10,,Aggregated,4.700000,0.000000,21,29,36,43,64,110,260,970,1500,1500,1500,1582,0,21,47.21025970978083,3.882894990965724,1529.150162008591,5349.226295828065
1783303331,10,,Aggregated,4.700000,0.000000,21,29,36,43,64,110,260,970,1500,1500,1500,1582,0,21,47.21025970978083,3.882894990965724,1529.150162008591,5349.226295828065
1783303332,10,,Aggregated,5.000000,0.000000,21,29,36,43,64,110,260,970,1500,1500,1500,1591,0,21,47.05862826077418,3.882894990965724,1529.150162008591,5354.802639849151
1783303333,10,,Aggregated,4.700000,0.000000,21,29,36,43,64,110,260,970,1500,1500,1500,1593,0,21,47.027479079660885,3.882894990965724,1529.150162008591,5361.114249843064
1783303334,10,,Aggregated,4.800000,0.000000,21,29,36,43,64,110,260,970,1500,1500,1500,1598,0,21,46.94834713948777,3.882894990965724,1529.150162008591,5371.379849812265
1783303335,10,,Aggregated,4.800000,0.000000,21,29,36,43,63,110,260,970,1500,1500,1500,1601,0,21,46.91004406801751,3.882894990965724,1529.150162008591,5370.551530293566
1783303336,10,,Aggregated,4.600000,0.000000,21,29,36,43,63,110,260,970,1500,1500,1500,1606,0,21,46.83058409893311,3.882894990965724,1529.150162008591,5368.607098381071
1783303337,10,,Aggregated,4.500000,0.000000,21,29,36,43,64,110,260,970,1500,1500,1500,1613,0,21,46.86084783439037,3.882894990965724,1529.150162008591,5385.590204587725
1783303338,10,,Aggregated,4.500000,0.000000,21,29,36,43,64,110,260,970,1500,1500,1500,1616,0,21,46.80190776785947,3.882894990965724,1529.150162008591,5404.371905940594
1783303339,10,,Aggregated,4.500000,0.000000,21,29,36,42,63,110,260,970,1500,1500,1500,1622,0,21,46.68320700052789,3.882894990965724,1529.150162008591,5394.973489519112
1783303340,10,,Aggregated,4.500000,0.000000,21,29,36,42,63,110,260,970,1500,1500,1500,1625,0,21,46.62607023314251,3.882894990965724,1529.150162008591,5389.502153846154
1783303341,10,,Aggregated,4.800000,0.000000,21,29,36,42,63,110,260,970,1500,1500,1500,1630,0,21,46.54232347414449,3.882894990965724,1529.150162008591,5387.830674846626
1783303342,10,,Aggregated,4.400000,0.000000,21,29,36,42,63,110,260,970,1500,1500,1500,1635,0,21,46.45608594119179,3.882894990965724,1529.150162008591,5388.209785932721
1783303343,10,,Aggregated,4.800000,0.000000,21,29,36,42,63,110,260,970,1500,1500,1500,1638,0,21,46.39561245350041,3.882894990965724,1529.150162008591,5392.35347985348
1783303344,10,,Aggregated,4.600000,0.000000,21,29,35,42,63,110,260,970,1500,1500,1500,1643,0,21,46.28968512101895,3.882894990965724,1529.150162008591,5404.576384662203
1783303345,10,,Aggregated,4.400000,0.000000,21,28,35,42,63,110,260,970,1500,1500,1500,1649,0,21,46.175639261279805,3.882894990965724,1529.150162008591,5400.026682838084
1783303346,10,,Aggregated,4.600000,0.000000,21,28,35,42,63,110,250,970,1500,1500,1500,1653,0,21,46.15870649354746,3.882894990965724,1529.150162008591,5401.418027828191
1783303347,10,,Aggregated,4.600000,0.000000,21,29,35,42,63,110,250,970,1500,1500,1500,1655,0,21,46.12961197935792,3.882894990965724,1529.150162008591,5414.76918429003
1783303348,10,,Aggregated,4.900000,0.000000,21,28,35,42,62,100,250,970,1500,1500,1500,1662,0,21,45.98335022252881,3.882894990965724,1529.150162008591,5430.014440433213
1783303349,10,,Aggregated,4.400000,0.000000,21,28,35,42,62,100,250,970,1500,1500,1500,1664,0,21,45.94234621805089,3.882894990965724,1529.150162008591,5439.489783653846
1783303350,10,,Aggregated,4.400000,0.000000,21,28,35,42,63,110,250,970,1500,1500,1500,1670,0,21,45.88382756218145,3.882894990965724,1529.150162008591,5450.765269461078
1783303351,10,,Aggregated,4.400000,0.000000,21,28,35,42,62,110,250,970,1500,1500,1500,1672,0,21,45.842075931127575,3.882894990965724,1529.150162008591,5446.078947368421
1783303352,10,,Aggregated,4.500000,0.000000,21,28,35,42,63,110,250,970,1500,1500,1500,1678,0,21,45.78919450706336,3.882894990965724,1529.150162008591,5452.448152562574
1783303353,10,,Aggregated,4.200000,0.000000,21,28,35,42,62,100,250,970,1500,1500,1500,1683,0,21,45.705373495444974,3.882894990965724,1529.150162008591,5454.410576351753
1783303354,10,,Aggregated,4.400000,0.000000,21,28,35,42,62,100,250,970,1500,1500,1500,1690,0,21,45.593778324742615,3.882894990965724,1529.150162008591,5446.0224852071005
1783303355,10,,Aggregated,4.500000,0.000000,21,28,35,42,62,100,250,970,1500,1500,1500,1693,0,21,45.54937799517124,3.882894990965724,1529.150162008591,5456.288836385115
1783303356,10,,Aggregated,4.600000,0.000000,21,28,35,42,62,100,250,970,1500,1500,1500,1697,0,21,45.47185184315617,3.882894990965724,1529.150162008591,5459.121390689452
1783303357,10,,Aggregated,4.500000,0.000000,21,28,35,42,62,100,250,970,1500,1500,1500,1701,0,21,45.40451541437097,3.882894990965724,1529.150162008591,5448.831863609641
1783303358,10,,Aggregated,4.300000,0.000000,21,28,35,42,62,100,250,970,1500,1500,1500,1705,0,21,45.364224605777444,3.882894990965724,1529.150162008591,5456.125513196481
1783303359,10,,Aggregated,4.600000,0.000000,21,28,35,42,62,100,250,970,1500,1500,1500,1710,0,21,45.29645285312643,3.882894990965724,1529.150162008591,5450.00350877193
1783303360,10,,Aggregated,4.300000,0.000000,21,28,35,41,61,100,250,970,1500,1500,1500,1715,0,21,45.19579683839643,3.882894990965724,1529.150162008591,5451.071720116618
1783303361,10,,Aggregated,4.300000,0.000000,21,28,35,41,61,100,250,970,1500,1500,1500,1720,0,21,45.09381379062096,3.882894990965724,1529.150162008591,5474.296511627907
1783303362,10,,Aggregated,4.400000,0.000000,21,28,35,41,61,100,250,970,1500,1500,1500,1723,0,21,45.05306705390941,3.882894990965724,1529.150162008591,5478.531050493326
1783303363,10,,Aggregated,4.800000,0.000000,21,28,35,41,61,100,250,970,1500,1500,1500,1726,0,21,45.00127067316085,3.882894990965724,1529.150162008591,5492.198725376593
1783303364,10,,Aggregated,4.800000,0.000000,21,28,35,41,61,100,250,970,1500,1500,1500,1731,0,21,44.954462297439854,3.882894990965724,1529.150162008591,5496.317735413056
1783303365,10,,Aggregated,4.400000,0.000000,21,28,35,41,61,100,250,970,1500,1500,1500,1735,0,21,44.87979293997824,3.882894990965724,1529.150162008591,5510.606340057637
1783303366,10,,Aggregated,4.400000,0.000000,21,28,35,41,61,100,250,970,1500,1500,1500,1741,0,21,44.796658887347746,3.882894990965724,1529.150162008591,5506.9029293509475
1783303367,10,,Aggregated,4.100000,0.000000,21,28,35,41,61,100,250,970,1500,1500,1500,1746,0,20,44.72593603198836,3.882894990965724,1529.150162008591,5494.95246277205
1783303368,10,,Aggregated,4.300000,0.000000,21,28,35,41,61,100,250,970,1500,1500,1500,1750,0,20,44.69262533420364,3.882894990965724,1529.150162008591,5498.290857142857
1783303369,10,,Aggregated,4.400000,0.000000,20,28,35,41,61,100,250,970,1500,1500,1500,1754,0,20,44.64178999821105,3.882894990965724,1529.150162008591,5491.992018244014
1783303370,10,,Aggregated,4.500000,0.000000,20,28,35,41,61,100,250,970,1500,1500,1500,1759,0,20,44.560299234155956,3.882894990965724,1529.150162008591,5483.459920409324
1783303371,10,,Aggregated,4.300000,0.000000,20,28,35,41,61,99,250,970,1500,1500,1500,1762,0,20,44.53585314296063,3.882894990965724,1529.150162008591,5475.301362088536
1783303372,10,,Aggregated,4.300000,0.000000,20,28,35,41,61,99,250,970,1500,1500,1500,1769,0,20,44.4718911847873,3.882894990965724,1529.150162008591,5464.120972300735
1783303373,10,,Aggregated,4.000000,0.000000,20,28,35,41,61,99,250,970,1500,1500,1500,1772,0,20,44.4325978413611,3.882894990965724,1529.150162008591,5470.029345372461
1783303374,10,,Aggregated,4.000000,0.000000,20,28,35,41,61,99,250,970,1500,1500,1500,1776,0,20,44.377100893528606,3.882894990965724,1529.150162008591,5462.3592342342345
1783303375,10,,Aggregated,4.500000,0.000000,20,28,35,41,61,99,250,970,1500,1500,1500,1781,0,20,44.329232678204896,3.882894990965724,1529.150162008591,5466.6586187535095
1783303376,10,,Aggregated,4.500000,0.000000,20,28,35,41,61,99,250,970,1500,1500,1500,1785,0,20,44.27111588677076,3.882894990965724,1529.150162008591,5469.992717086835
1783303378,10,,Aggregated,4.600000,0.000000,21,28,35,41,61,100,250,970,1500,1500,1500,1793,0,21,44.389756078575644,3.882894990965724,1529.150162008591,5451.89403234802
1783303379,10,,Aggregated,4.100000,0.000000,21,28,35,41,61,100,250,970,1500,1500,1500,1797,0,21,44.328433502989,3.882894990965724,1529.150162008591,5453.020033388982
1783303380,10,,Aggregated,4.400000,0.000000,21,28,35,41,61,99,250,960,1500,1500,1500,1801,0,21,44.27832935917907,3.882894990965724,1529.150162008591,5442.2126596335365
1783303381,10,,Aggregated,4.200000,0.000000,20,28,35,41,61,99,250,960,1500,1500,1500,1809,0,20,44.188634115466584,3.882894990965724,1529.150162008591,5431.291321171918
1783303382,10,,Aggregated,4.300000,0.000000,20,28,35,41,61,99,250,960,1500,1500,1500,1815,0,20,44.12934246383859,3.882894990965724,1529.150162008591,5426.371900826446
1783303383,10,,Aggregated,4.400000,0.000000,21,28,35,41,61,99,250,960,1500,1500,1500,1818,0,20,44.09905485360446,3.882894990965724,1529.150162008591,5419.350385038504
1783303384,10,,Aggregated,4.700000,0.000000,20,28,35,41,61,99,250,960,1500,1500,1500,1824,0,20,43.99603373018947,3.882894990965724,1529.150162008591,5434.453399122807
1783303385,10,,Aggregated,4.600000,0.000000,20,28,35,41,61,99,250,960,1500,1500,1500,1827,0,20,43.93777787020897,3.882894990965724,1529.150162008591,5427.444444444444
1783303386,10,,Aggregated,4.200000,0.000000,20,28,35,41,61,99,250,960,1500,1500,1500,1833,0,20,43.88322512377634,3.882894990965724,1529.150162008591,5439.578286961266
1783303387,10,,Aggregated,4.700000,0.000000,20,28,35,41,61,99,250,960,1500,1500,1500,1839,0,20,43.80797141865044,3.882894990965724,1529.150162008591,5439.108210984231
1783303388,10,,Aggregated,4.300000,0.000000,20,28,35,41,61,98,250,960,1500,1500,1500,1841,0,20,43.78222104448811,3.882894990965724,1529.150162008591,5437.332971211298
1783303389,10,,Aggregated,4.800000,0.000000,20,28,35,41,61,98,250,960,1500,1500,1500,1847,0,20,43.70300243092285,3.882894990965724,1529.150162008591,5438.521927449919
1783303390,10,,Aggregated,4.700000,0.000000,20,28,35,41,61,98,250,960,1500,1500,1500,1850,0,20,43.66721330697466,3.882894990965724,1529.150162008591,5440.834594594595
1783303391,10,,Aggregated,4.700000,0.000000,20,28,35,41,61,98,250,960,1500,1500,1500,1854,0,20,43.62820304579426,3.882894990965724,1529.150162008591,5432.085221143474
1783303392,10,,Aggregated,4.700000,0.000000,20,28,35,41,61,98,250,960,1500,1500,1500,1857,0,20,43.60740395632646,3.882894990965724,1529.150162008591,5427.615508885299
1783303394,10,,Aggregated,4.600000,0.000000,20,28,35,41,61,98,250,960,1500,1500,1500,1865,0,20,43.48240096133574,3.882894990965724,1529.150162008591,5443.586058981234
1783303395,10,,Aggregated,4.300000,0.000000,20,28,35,41,61,98,250,960,1500,1500,1500,1869,0,20,43.45291506360867,3.882894990965724,1529.150162008591,5454.607811663991
1783303396,10,,Aggregated,4.100000,0.000000,20,28,35,41,61,98,250,960,1500,1500,1500,1873,0,20,43.39095972124669,3.882894990965724,1529.150162008591,5453.127602776295
1783303397,10,,Aggregated,4.700000,0.000000,20,28,35,41,61,98,250,960,1500,1500,1500,1878,0,20,43.30828339398135,3.882894990965724,1529.150162008591,5463.9499467518635
1783303398,10,,Aggregated,4.400000,0.000000,20,28,35,41,61,96,250,960,1500,1500,1500,1882,0,20,43.30406641440333,3.882894990965724,1529.150162008591,5463.807120085016
1783303399,10,,Aggregated,4.600000,0.000000,20,28,35,41,61,96,250,960,1500,1500,1500,1885,0,20,43.26171311028752,3.882894990965724,1529.150162008591,5469.6912466843505
1783303400,10,,Aggregated,4.500000,0.000000,20,28,35,41,61,96,250,960,1500,1500,1500,1890,0,20,43.17001596238081,3.882894990965724,1529.150162008591,5460.8015873015875
1783303401,10,,Aggregated,4.300000,0.000000,20,28,35,41,60,96,250,960,1500,1500,1500,1894,0,20,43.112537626129374,3.882894990965724,1529.150162008591,5475.009503695882
1783303402,10,,Aggregated,4.400000,0.000000,20,28,35,41,60,96,250,960,1500,1500,1500,1900,0,20,43.04791274783814,3.882894990965724,1529.150162008591,5476.61052631579
1783303403,10,,Aggregated,4.300000,0.000000,20,28,35,41,60,96,240,890,1500,1500,1500,1905,0,20,42.98598356529694,3.882894990965724,1529.150162008591,5464.653543307087
1783303404,10,,Aggregated,4.400000,0.000000,20,28,35,41,60,96,240,890,1500,1500,1500,1908,0,20,42.93522401095065,3.882894990965724,1529.150162008591,5471.185534591195
1783303405,10,,Aggregated,4.600000,0.000000,20,28,35,40,60,96,240,890,1500,1500,1500,1916,0,20,42.8265482238537,3.882894990965724,1529.150162008591,5465.823068893528
1783303406,10,,Aggregated,4.800000,0.000000,20,28,34,40,60,96,240,890,1500,1500,1500,1919,0,20,42.777349423079215,3.882894990965724,1529.150162008591,5459.056279312142
1783303407,10,,Aggregated,4.300000,0.000000,20,28,34,40,60,95,240,890,1500,1500,1500,1926,0,20,42.67935978498289,3.882894990965724,1529.150162008591,5462.953271028037
1783303408,10,,Aggregated,4.700000,0.000000,20,28,34,40,60,95,240,890,1500,1500,1500,1929,0,20,42.62625798750502,3.882894990965724,1529.150162008591,5456.470710212546
1783303409,10,,Aggregated,4.800000,0.000000,20,28,34,40,60,95,240,890,1500,1500,1500,1934,0,20,42.55785464264974,3.882894990965724,1529.150162008591,5457.936401240951
1783303410,10,,Aggregated,4.800000,0.000000,20,28,34,40,60,95,240,890,1500,1500,1500,1936,0,20,42.53440696739436,3.882894990965724,1529.150162008591,5469.290289256199
1783303411,10,,Aggregated,4.800000,0.000000,20,28,34,40,60,95,240,890,1500,1500,1500,1945,0,20,42.397865929487004,3.882894990965724,1529.150162008591,5462.038046272493
1783303412,10,,Aggregated,4.800000,0.000000,20,28,34,40,60,95,240,890,1500,1500,1500,1949,0,20,42.361398236965236,3.882894990965724,1529.150162008591,5461.811698306824
1783303413,10,,Aggregated,4.600000,0.000000,20,28,34,40,60,95,230,890,1500,1500,1500,1952,0,20,42.32657772840345,3.882894990965724,1529.150162008591,5454.907274590164
1783303414,10,,Aggregated,4.900000,0.000000,20,28,34,40,60,95,230,890,1500,1500,1500,1957,0,20,42.25094773830337,3.882894990965724,1529.150162008591,5453.287685232499
1783303415,10,,Aggregated,4.700000,0.000000,20,28,34,40,60,95,230,890,1500,1500,1500,1963,0,20,42.221470486427386,3.882894990965724,1529.150162008591,5451.051451859399
1783303416,10,,Aggregated,4.700000,0.000000,20,28,34,40,60,95,230,890,1500,1500,1500,1967,0,20,42.16567516312493,3.882894990965724,1529.150162008591,5447.694458566345
1783303417,10,,Aggregated,4.900000,0.000000,20,28,34,40,59,95,230,890,1500,1500,1500,1971,0,20,42.1092191678642,3.882894990965724,1529.150162008591,5449.152207001522
1783303418,10,,Aggregated,4.600000,0.000000,20,28,34,40,59,95,230,890,1500,1500,1500,1975,0,20,42.06695709561729,3.882894990965724,1529.150162008591,5452.92911392405
1783303419,10,,Aggregated,4.500000,0.000000,20,27,34,40,59,94,230,890,1500,1500,1500,1984,0,20,41.938985114330215,3.882894990965724,1529.150162008591,5475.501512096775
1783303420,10,,Aggregated,4.500000,0.000000,20,27,34,40,59,94,230,890,1500,1500,1500,1987,0,20,41.93833683332731,3.882894990965724,1529.150162008591,5468.096628082537
1783303421,10,,Aggregated,4.600000,0.000000,20,27,34,40,59,94,230,890,1500,1500,1500,1993,0,20,41.87863965821523,3.882894990965724,1529.150162008591,5463.731560461616
1783303422,10,,Aggregated,5.000000,0.000000,20,27,34,40,59,94,230,890,1500,1500,1500,1997,0,20,41.84568922425711,3.882894990965724,1529.150162008591,5466.739609414121
1783303423,10,,Aggregated,5.000000,0.000000,20,27,34,40,59,94,210,590,1500,1500,1500,2001,0,20,41.798715469679784,3.882894990965724,1529.150162008591,5472.52323838081
1783303424,10,,Aggregated,5.000000,0.000000,20,27,34,40,59,94,210,590,1500,1500,1500,2005,0,20,41.738253245802255,3.882894990965724,1529.150162008591,5472.134164588529
1783303425,10,,Aggregated,4.800000,0.000000,20,27,34,40,59,94,210,590,1500,1500,1500,2010,0,20,41.6939149267968,3.882894990965724,1529.150162008591,5488.785074626866
1783303426,10,,Aggregated,4.700000,0.000000,20,27,34,40,59,94,210,590,1500,1500,1500,2016,0,20,41.60193382531794,3.882894990965724,1529.150162008591,5486.769841269841
1783303427,10,,Aggregated,4.800000,0.000000,20,27,34,40,59,94,210,590,1500,1500,1500,2018,0,20,41.59229717979912,3.882894990965724,1529.150162008591,5481.925173439048
1783303428,10,,Aggregated,4.800000,0.000000,20,27,33,40,58,93,210,590,1500,1500,1500,2022,0,20,41.532126435620285,3.882894990965724,1529.150162008591,5476.073194856578
1783303429,10,,Aggregated,4.900000,0.000000,20,27,33,39,58,93,210,590,1500,1500,1500,2029,0,20,41.4593205159336,3.882894990965724,1529.150162008591,5500.654509610646
1783303430,10,,Aggregated,4.700000,0.000000,20,27,33,39,58,93,210,590,1500,1500,1500,2030,0,19,41.442730852132925,3.882894990965724,1529.150162008591,5499.056650246305
1783303431,10,,Aggregated,4.600000,0.000000,19,27,33,39,58,93,210,590,1500,1500,1500,2035,0,19,41.37260789426069,3.882894990965724,1529.150162008591,5506.995577395577
1783303432,10,,Aggregated,4.600000,0.000000,19,27,33,39,58,90,210,590,1500,1500,1500,2041,0,19,41.29486975443685,3.882894990965724,1529.150162008591,5512.390494855463
1783303433,10,,Aggregated,4.100000,0.000000,19,27,33,39,58,90,210,590,1500,1500,1500,2044,0,19,41.26205361976226,3.882894990965724,1529.150162008591,5515.904598825831
1783303434,10,,Aggregated,4.100000,0.000000,19,27,33,39,58,90,210,590,1500,1500,1500,2050,0,19,41.16988329941594,3.7965200026519597,1529.150162008591,5516.872195121951
1783303435,10,,Aggregated,4.400000,0.000000,19,27,33,39,58,90,200,590,1500,1500,1500,2054,0,19,41.14130993369073,3.7965200026519597,1529.150162008591,5513.44888023369
1783303436,10,,Aggregated,4.500000,0.000000,19,27,33,39,58,90,200,590,1500,1500,1500,2058,0,19,41.10199035170034,3.7965200026519597,1529.150162008591,5516.9416909620995
1783303437,10,,Aggregated,4.400000,0.000000,19,27,33,39,57,89,200,590,1500,1500,1500,2062,0,19,41.06442452658113,3.7965200026519597,1529.150162008591,5525.897672162949
1783303438,10,,Aggregated,4.100000,0.000000,19,27,33,39,58,89,200,590,1500,1500,1500,2067,0,19,41.02426601441921,3.7965200026519597,1529.150162008591,5520.627963231736
1783303439,10,,Aggregated,4.100000,0.000000,19,27,33,39,57,89,200,590,1500,1500,1500,2071,0,19,40.99535649097203,3.7965200026519597,1529.150162008591,5539.15934331241
1783303440,10,,Aggregated,4.400000,0.000000,19,27,33,39,57,89,200,590,1500,1500,1500,2076,0,19,40.96882033131902,3.7965200026519597,1529.150162008591,5542.245664739884
1783303441,10,,Aggregated,4.200000,0.000000,19,27,33,39,57,89,200,590,1500,1500,1500,2079,0,19,40.9331908416703,3.7965200026519597,1529.150162008591,5536.839826839827
1783303442,10,,Aggregated,4.200000,0.000000,19,27,33,39,57,88,200,590,1500,1500,1500,2084,0,19,40.92518589099751,3.7965200026519597,1529.150162008591,5535.204894433781
1783303443,10,,Aggregated,4.400000,0.000000,19,27,33,39,57,88,200,590,1500,1500,1500,2087,0,19,40.878725827911836,3.7965200026519597,1529.150162008591,5531.95591758505
1783303444,10,,Aggregated,4.400000,0.000000,19,27,33,39,57,88,200,590,1500,1500,1500,2090,0,19,40.842501066437684,3.7965200026519597,1529.150162008591,5528.747368421053
1783303445,10,,Aggregated,4.400000,0.000000,19,27,33,39,57,88,200,590,1500,1500,1500,2097,0,19,40.75472614394879,3.7965200026519597,1529.150162008591,5547.314258464473
1783303446,10,,Aggregated,4.000000,0.000000,19,27,33,39,57,88,190,390,1500,1500,1500,2103,0,19,40.71877376122638,3.7965200026519597,1529.150162008591,5535.077508321446
1783303447,10,,Aggregated,4.100000,0.000000,19,27,33,39,57,88,190,390,1500,1500,1500,2108,0,19,40.6759726730693,3.7965200026519597,1529.150162008591,5524.816413662239
1783303448,10,,Aggregated,4.100000,0.000000,19,27,33,39,57,88,190,390,1500,1500,1500,2110,0,19,40.649855346832716,3.7965200026519597,1529.150162008591,5520.096208530806
1783303449,10,,Aggregated,4.700000,0.000000,19,27,33,39,57,88,190,390,1500,1500,1500,2117,0,19,40.606558525182926,3.7965200026519597,1529.150162008591,5513.025507794048
1783303450,10,,Aggregated,4.700000,0.000000,19,27,33,39,57,88,190,390,1500,1500,1500,2120,0,19,40.57258937585021,3.7965200026519597,1529.150162008591,5509.884905660378
1783303451,10,,Aggregated,4.400000,0.000000,19,27,33,39,57,87,190,390,1500,1500,1500,2123,0,19,40.53966275544519,3.7965200026519597,1529.150162008591,5515.047574187471
1783303452,10,,Aggregated,4.500000,0.000000,19,27,33,39,57,87,190,390,1500,1500,1500,2129,0,19,40.47089680404346,3.7965200026519597,1529.150162008591,5537.11038046031
1783303453,10,,Aggregated,4.500000,0.000000,19,27,33,39,57,87,190,390,1500,1500,1500,2133,0,19,40.41246051561813,3.7965200026519597,1529.150162008591,5531.522269104547
1783303454,10,,Aggregated,4.500000,0.000000,19,27,33,39,57,87,190,390,1500,1500,1500,2137,0,19,40.3790542053413,3.7965200026519597,1529.150162008591,5539.66214319139
1783303455,10,,Aggregated,4.600000,0.000000,19,27,33,39,57,86,190,390,1500,1500,1500,2141,0,19,40.3198891792649,3.7965200026519597,1529.150162008591,5532.857076132648
1783303456,10,,Aggregated,4.700000,0.000000,19,27,33,39,57,86,190,390,1500,1500,1500,2147,0,19,40.24610403110978,3.7965200026519597,1529.150162008591,5531.783884489986
1783303457,10,,Aggregated,4.400000,0.000000,19,27,33,39,57,86,190,390,1500,1500,1500,2150,0,19,40.2132449687464,3.7965200026519597,1529.150162008591,5536.8618604651165
1783303458,10,,Aggregated,4.400000,0.000000,19,27,33,39,56,86,190,390,1500,1500,1500,2156,0,19,40.14016899295315,3.7965200026519597,1529.150162008591,5549.777365491651
1783303459,10,,Aggregated,4.200000,0.000000,19,27,33,39,56,86,190,390,1500,1500,1500,2160,0,19,40.08657215130774,3.7965200026519597,1529.150162008591,5556.301851851852
1783303460,10,,Aggregated,4.200000,0.000000,19,27,33,39,56,85,190,390,1500,1500,1500,2164,0,19,40.041175834018915,3.7965200026519597,1529.150162008591,5559.788354898336
1783303461,10,,Aggregated,4.500000,0.000000,19,27,33,39,56,85,190,390,1500,1500,1500,2170,0,19,39.9901580354113,3.7965200026519597,1529.150162008591,5566.120737327189
1783303462,10,,Aggregated,4.500000,0.000000,19,27,33,39,56,85,190,390,1500,1500,1500,2173,0,19,39.9684645797592,3.7965200026519597,1529.150162008591,5563.074551311551
1783303463,10,,Aggregated,4.500000,0.000000,19,27,33,39,56,85,190,390,1500,1500,1500,2177,0,19,39.92351882582992,3.7965200026519597,1529.150162008591,5572.599448782728
1783303464,10,,Aggregated,4.500000,0.000000,19,27,33,39,56,85,190,390,1500,1500,1500,2181,0,19,39.87731149143836,3.7965200026519597,1529.150162008591,5570.7945896377805
1783303465,10,,Aggregated,4.700000,0.000000,19,27,33,39,56,85,190,390,1500,1500,1500,2183,0,19,39.880657047564725,3.7965200026519597,1529.150162008591,5566.891891891892
1783303466,10,,Aggregated,4.400000,0.000000,19,27,33,39,56,85,190,390,1500,1500,1500,2191,0,19,39.82657008982883,3.7965200026519597,1529.150162008591,5583.925604746691
1783303467,10,,Aggregated,4.400000,0.000000,19,27,33,38,56,85,190,390,1500,1500,1500,2196,0,19,39.7927250900721,3.7965200026519597,1529.150162008591,5574.469489981785
1783303468,10,,Aggregated,4.600000,0.000000,19,27,33,38,56,83,190,370,1500,1500,1500,2202,0,19,39.73105257801902,3.7965200026519597,1529.150162008591,5579.079927338783
1783303469,10,,Aggregated,4.700000,0.000000,19,27,33,38,56,83,190,370,1500,1500,1500,2204,0,19,39.70214712241569,3.7965200026519597,1529.150162008591,5576.379310344828
1783303470,10,,Aggregated,4.200000,0.000000,19,27,33,38,56,83,190,370,1500,1500,1500,2209,0,19,39.67572348022244,3.7965200026519597,1529.150162008591,5574.067451335446
1783303471,10,,Aggregated,4.400000,0.000000,19,27,33,38,56,83,190,370,1500,1500,1500,2216,0,19,39.59536049540357,3.7965200026519597,1529.150162008591,5562.065433212996
1783303472,10,,Aggregated,4.400000,0.000000,19,27,33,38,56,83,190,370,1500,1500,1500,2218,0,19,39.57649209415158,3.7965200026519597,1529.150162008591,5563.938683498647
1783303473,10,,Aggregated,4.200000,0.000000,19,27,33,38,56,83,190,370,1500,1500,1500,2223,0,19,39.55588522393887,3.7965200026519597,1529.150162008591,5561.208277103014
1783303474,10,,Aggregated,4.500000,0.000000,19,27,33,38,56,83,190,370,1500,1500,1500,2228,0,19,39.515686280000715,3.7965200026519597,1529.150162008591,5560.460053859964
1783303475,10,,Aggregated,4.500000,0.000000,19,27,33,38,56,83,190,370,1500,1500,1500,2231,0,19,39.48620922403718,3.7965200026519597,1529.150162008591,5565.3034513671
1783303476,10,,Aggregated,4.500000,0.000000,19,27,33,38,56,83,190,370,1500,1500,1500,2235,0,19,39.44028090864396,3.7965200026519597,1529.150162008591,5567.77360178971
1783303477,10,,Aggregated,4.800000,0.000000,19,27,33,38,56,82,190,370,1500,1500,1500,2242,0,19,39.360763912502904,3.7965200026519597,1529.150162008591,5566.041034790365
1783303478,10,,Aggregated,4.800000,0.000000,19,27,33,38,56,82,190,370,1500,1500,1500,2244,0,19,39.33242055473442,3.7965200026519597,1529.150162008591,5565.090017825312
1783303479,10,,Aggregated,4.200000,0.000000,19,27,33,38,56,82,190,370,1500,1500,1500,2250,0,19,39.274659672816696,3.7965200026519597,1529.150162008591,5569.377777777778
1783303480,10,,Aggregated,4.600000,0.000000,19,27,33,38,56,82,190,370,1500,1500,1500,2257,0,19,39.18363991175085,3.7965200026519597,1529.150162008591,5558.3021710234825
1783303481,10,,Aggregated,4.700000,0.000000,19,27,33,38,56,82,190,370,1500,1500,1500,2259,0,19,39.16521512917909,3.7965200026519597,1529.150162008591,5565.158034528553
1783303482,10,,Aggregated,4.800000,0.000000,19,27,33,38,56,82,190,370,1500,1500,1500,2264,0,19,39.09932269690528,3.7965200026519597,1529.150162008591,5567.928886925795
1783303483,10,,Aggregated,4.800000,0.000000,19,27,32,38,56,82,190,370,1500,1500,1500,2269,0,19,39.04407893116722,3.7965200026519597,1529.150162008591,5569.43763772587
1783303484,10,,Aggregated,4.500000,0.000000,19,27,32,38,56,82,190,370,1500,1500,1500,2273,0,19,38.99171636772255,3.7965200026519597,1529.150162008591,5563.042674879014
1783303485,10,,Aggregated,4.600000,0.000000,19,27,32,38,56,82,190,370,1500,1500,1500,2276,0,19,38.98518489580029,3.7965200026519597,1529.150162008591,5573.341388400703
1783303486,10,,Aggregated,4.700000,0.000000,19,27,32,38,56,82,190,370,1500,1500,1500,2281,0,19,38.95014977459493,3.7965200026519597,1529.150162008591,5568.761069706269
1783303487,10,,Aggregated,4.400000,0.000000,19,27,32,38,56,82,190,370,1500,1500,1500,2287,0,19,38.919228370732114,3.7965200026519597,1529.150162008591,5566.661128115435
1783303488,10,,Aggregated,4.400000,0.000000,19,27,32,38,56,82,190,370,1500,1500,1500,2290,0,19,38.919061068507716,3.7965200026519597,1529.150162008591,5568.1659388646285
1783303489,10,,Aggregated,4.500000,0.000000,19,27,32,38,56,82,190,370,1500,1500,1500,2297,0,19,38.833397881534715,3.7965200026519597,1529.150162008591,5572.958641706574
1783303490,10,,Aggregated,4.600000,0.000000,19,27,32,38,56,82,190,370,1500,1500,1500,2299,0,19,38.83403325875463,3.7965200026519597,1529.150162008591,5568.6572422792515
1783303491,10,,Aggregated,4.400000,0.000000,19,27,32,38,56,81,190,330,1500,1500,1500,2306,0,19,38.777873968714474,3.7965200026519597,1529.150162008591,5579.307458803122
1783303492,10,,Aggregated,4.400000,0.000000,19,27,32,38,56,81,190,330,1500,1500,1500,2308,0,19,38.767175836596245,3.7965200026519597,1529.150162008591,5583.24870017331
1783303493,10,,Aggregated,4.700000,0.000000,19,27,32,38,56,81,190,330,1500,1500,1500,2314,0,19,38.689938972290776,3.7965200026519597,1529.150162008591,5571.066119273984
1783303494,10,,Aggregated,4.600000,0.000000,19,27,32,37,56,81,190,330,1500,1500,1500,2317,0,19,38.67008864561966,3.7965200026519597,1529.150162008591,5567.309883470004
1783303495,10,,Aggregated,4.400000,0.000000,19,27,32,37,56,81,190,330,1500,1500,1500,2324,0,19,38.59813779943363,3.7965200026519597,1529.150162008591,5563.090791738382
1783303496,10,,Aggregated,4.300000,0.000000,19,27,32,37,56,81,190,330,1500,1500,1500,2327,0,19,38.575299526384676,3.7965200026519597,1529.150162008591,5559.950580146111
1783303497,10,,Aggregated,4.700000,0.000000,19,27,32,37,56,81,190,330,1500,1500,1500,2334,0,19,38.55516816447725,3.7965200026519597,1529.150162008591,5551.9378748928875
1783303498,10,,Aggregated,4.700000,0.000000,19,27,32,37,56,81,190,330,1500,1500,1500,2338,0,19,38.510282613724975,3.7965200026519597,1529.150162008591,5551.5513259195895
1783303499,10,,Aggregated,4.700000,0.000000,19,27,32,37,56,80,190,330,1500,1500,1500,2342,0,19,38.4665903219009,3.7965200026519597,1529.150162008591,5560.656276686593
1783303500,10,,Aggregated,4.500000,0.000000,19,27,32,37,56,80,190,330,1500,1500,1500,2346,0,19,38.4250839291973,3.7965200026519597,1529.150162008591,5560.721653878943
1783303501,10,,Aggregated,4.600000,0.000000,19,27,32,37,56,80,180,330,1500,1500,1500,2352,0,19,38.3812193243591,3.7965200026519597,1529.150162008591,5565.650935374149
1783303503,10,,Aggregated,4.800000,0.000000,19,27,32,37,56,80,180,330,1500,1500,1500,2358,0,19,38.33613543549732,3.7965200026519597,1529.150162008591,5572.718405428329
1783303504,10,,Aggregated,4.400000,0.000000,19,27,32,37,56,80,180,330,1500,1500,1500,2365,0,19,38.2681080295599,3.7965200026519597,1529.150162008591,5565.2262156448205
1783303505,10,,Aggregated,4.400000,0.000000,19,27,32,37,56,80,180,330,1500,1500,1500,2368,0,19,38.23376514987644,3.7965200026519597,1529.150162008591,5567.029560810811
1783303506,10,,Aggregated,4.800000,0.000000,19,27,32,37,56,80,180,330,1500,1500,1500,2373,0,19,38.20404223805832,3.7965200026519597,1529.150162008591,5583.398651495997
1783303507,10,,Aggregated,4.600000,0.000000,19,27,32,37,56,80,180,330,1500,1500,1500,2378,0,19,38.182642961269636,3.7965200026519597,1529.150162008591,5586.167788057191
1783303508,10,,Aggregated,4.400000,0.000000,19,27,32,37,56,79,180,330,1500,1500,1500,2384,0,19,38.156823475634496,3.7965200026519597,1529.150162008591,5594.724412751678
1783303509,10,,Aggregated,4.400000,0.000000,19,27,32,37,56,79,180,330,1500,1500,1500,2391,0,19,38.106971599723934,3.7965200026519597,1529.150162008591,5592.251777498955
1783303510,10,,Aggregated,4.700000,0.000000,19,27,32,37,56,79,180,330,1500,1500,1500,2397,0,19,38.090800399639534,3.7965200026519597,1529.150162008591,5581.214851898206
1783303511,10,,Aggregated,4.600000,0.000000,19,27,32,37,56,79,180,330,1500,1500,1500,2400,0,19,38.066488426635864,3.7965200026519597,1529.150162008591,5574.83125
1783303512,10,,Aggregated,4.700000,0.000000,19,27,32,37,56,79,180,330,1500,1500,1500,2403,0,19,38.04749561003633,3.7965200026519597,1529.150162008591,5581.518518518518
1783303513,10,,Aggregated,5.000000,0.000000,19,27,32,37,56,79,180,330,1500,1500,1500,2408,0,19,38.01314910628588,3.7965200026519597,1529.150162008591,5576.3874584717605
1783303514,10,,Aggregated,5.000000,0.000000,19,27,32,37,55,79,180,330,1500,1500,1500,2414,0,19,37.9402065177891,3.7965200026519597,1529.150162008591,5567.3744821872415
1783303515,10,,Aggregated,4.800000,0.000000,19,27,32,37,55,79,180,330,1500,1500,1500,2415,0,19,37.9373188529756,3.7965200026519597,1529.150162008591,5570.461283643893
1783303516,10,,Aggregated,4.700000,0.000000,19,27,32,37,55,79,180,330,1500,1500,1500,2419,0,19,37.90039081931854,3.7965200026519597,1529.150162008591,5577.75279040926
1783303517,10,,Aggregated,4.600000,0.000000,18,27,32,37,55,78,180,330,1500,1500,1500,2427,0,18,37.79761664934213,3.7965200026519597,1529.150162008591,5563.980634528224
1783303518,10,,Aggregated,4.700000,0.000000,18,26,32,37,55,78,180,330,1500,1500,1500,2433,0,18,37.7339103928941,3.7965200026519597,1529.150162008591,5564.348951911221
1783303519,10,,Aggregated,4.800000,0.000000,18,27,32,37,55,78,180,330,1500,1500,1500,2438,0,18,37.703109180846596,3.7965200026519597,1529.150162008591,5557.246923707958
1783303520,10,,Aggregated,4.700000,0.000000,18,26,32,37,55,78,180,330,1500,1500,1500,2440,0,18,37.67764527455867,3.7965200026519597,1529.150162008591,5554.014754098361
1783303521,10,,Aggregated,4.700000,0.000000,18,26,32,37,55,78,180,330,1500,1500,1500,2444,0,18,37.64527256666007,3.7965200026519597,1529.150162008591,5548.286006546645
1783303522,10,,Aggregated,4.700000,0.000000,18,26,32,37,55,78,180,330,1500,1500,1500,2450,0,18,37.610099856297445,3.7965200026519597,1529.150162008591,5541.183265306123
1783303523,10,,Aggregated,4.400000,0.000000,18,26,32,37,55,78,180,330,1500,1500,1500,2453,0,18,37.57985001342473,3.7965200026519597,1529.150162008591,5550.946188340808
1783303524,10,,Aggregated,4.500000,0.000000,18,26,32,37,55,78,180,330,1500,1500,1500,2458,0,18,37.53796330184675,3.7965200026519597,1529.150162008591,5541.787632221318
1783303525,10,,Aggregated,4.500000,0.000000,18,26,32,37,55,78,180,330,1500,1500,1500,2462,0,18,37.49229215310181,3.7965200026519597,1529.150162008591,5546.655158407799
1783303526,10,,Aggregated,4.400000,0.000000,18,26,32,37,55,78,180,330,1500,1500,1500,2465,0,18,37.47815636833057,3.7965200026519597,1529.150162008591,5541.080324543611
1783303528,10,,Aggregated,4.700000,0.000000,18,26,32,37,55,78,180,330,1500,1500,1500,2474,0,18,37.45102036214323,3.7965200026519597,1529.150162008591,5556.1204527081645
1783303529,10,,Aggregated,4.000000,0.000000,18,26,32,37,55,78,180,330,1500,1500,1500,2478,0,18,37.4276710758401,3.7965200026519597,1529.150162008591,5556.344632768361
1783303530,10,,Aggregated,4.000000,0.000000,18,26,32,37,55,78,180,330,1500,1500,1500,2483,0,18,37.41214219005691,3.7965200026519597,1529.150162008591,5556.556987515102
1783303531,10,,Aggregated,4.300000,0.000000,18,26,32,37,55,78,180,330,1500,1500,1500,2490,0,18,37.35032937385775,3.7965200026519597,1529.150162008591,5545.817269076305
1783303532,10,,Aggregated,4.400000,0.000000,18,26,32,37,55,78,180,330,1500,1500,1500,2493,0,18,37.314364116690406,3.7965200026519597,1529.150162008591,5540.482551143201
1783303533,10,,Aggregated,4.500000,0.000000,18,26,32,37,55,78,180,330,1500,1500,1500,2494,0,18,37.30485499635905,3.7965200026519597,1529.150162008591,5538.589013632719
1783303534,10,,Aggregated,4.500000,0.000000,18,26,32,37,55,77,180,330,1500,1500,1500,2502,0,18,37.23708471579776,3.7965200026519597,1529.150162008591,5527.276179056755
1783303535,10,,Aggregated,4.500000,0.000000,18,26,32,37,55,77,180,330,1500,1500,1500,2507,0,18,37.23363688468899,3.7965200026519597,1529.150162008591,5525.185480654169
1783303536,10,,Aggregated,4.200000,0.000000,18,26,32,37,55,77,180,330,1500,1500,1500,2510,0,18,37.2273680198888,3.7965200026519597,1529.150162008591,5524.818725099602
1783303537,10,,Aggregated,4.800000,0.000000,18,26,32,37,55,77,180,330,1500,1500,1500,2518,0,18,37.18662617788426,3.7965200026519597,1529.150162008591,5510.488085782367
1783303538,10,,Aggregated,4.600000,0.000000,18,26,32,37,55,77,180,330,1500,1500,1500,2521,0,18,37.1583636151973,3.7965200026519597,1529.150162008591,5519.80999603332
1783303539,10,,Aggregated,5.100000,0.000000,18,26,32,37,55,77,180,330,1500,1500,1500,2526,0,18,37.13418662584981,3.7965200026519597,1529.150162008591,5517.553444180523
1783303540,10,,Aggregated,5.100000,0.000000,18,26,32,37,55,77,180,330,1500,1500,1500,2530,0,18,37.09456838889755,3.7965200026519597,1529.150162008591,5515.398023715415
1783303541,10,,Aggregated,4.800000,0.000000,18,26,32,37,55,77,180,330,1500,1500,1500,2534,0,18,37.080440673203576,3.7965200026519597,1529.150162008591,5514.942383583268
1783303542,10,,Aggregated,4.700000,0.000000,18,26,32,37,55,77,180,330,1500,1500,1500,2541,0,18,37.03681380043438,3.7965200026519597,1529.150162008591,5509.033451397087
1783303543,10,,Aggregated,4.600000,0.000000,18,26,32,37,55,77,180,330,1500,1500,1500,2546,0,18,36.995405785118294,3.7965200026519597,1529.150162008591,5522.094658287509
1783303544,10,,Aggregated,4.600000,0.000000,18,26,32,37,54,77,180,330,1500,1500,1500,2551,0,18,36.97774486785629,3.7965200026519597,1529.150162008591,5539.705213641709
1783303545,10,,Aggregated,4.800000,0.000000,18,26,32,37,54,77,180,330,1500,1500,1500,2556,0,18,36.938089622019625,3.7965200026519597,1529.150162008591,5537.464006259781
1783303546,10,,Aggregated,4.400000,0.000000,18,26,32,37,54,77,180,330,1500,1500,1500,2561,0,18,36.90496006086423,3.7965200026519597,1529.150162008591,5529.251464271769
1783303547,10,,Aggregated,4.400000,0.000000,18,26,32,37,54,77,180,330,1500,1500,1500,2565,0,18,36.88390966467142,3.7965200026519597,1529.150162008591,5528.976218323587
1783303548,10,,Aggregated,4.600000,0.000000,18,26,32,37,54,77,180,330,1500,1500,1500,2571,0,18,36.82263686459848,3.7965200026519597,1529.150162008591,5528.3243873979
1783303549,10,,Aggregated,4.500000,0.000000,18,26,32,37,54,77,180,330,1500,1500,1500,2578,0,18,36.7602174200469,3.7965200026519597,1529.150162008591,5553.092319627618
1783303550,10,,Aggregated,4.700000,0.000000,18,26,32,37,54,77,180,330,1500,1500,1500,2582,0,18,36.72626220406463,3.7965200026519597,1529.150162008591,5559.252904725019
1783303551,10,,Aggregated,4.700000,0.000000,18,26,32,37,54,77,180,330,1500,1500,1500,2586,0,18,36.69482074202987,3.7965200026519597,1529.150162008591,5556.427300850734
1783303552,10,,Aggregated,4.800000,0.000000,18,26,32,37,54,77,180,330,1500,1500,1500,2588,0,18,36.72362231486554,3.7965200026519597,1529.150162008591,5552.45285935085
1783303553,10,,Aggregated,4.900000,0.000000,18,26,32,37,54,77,180,330,1500,1500,1500,2594,0,18,36.6744591040346,3.7965200026519597,1529.150162008591,5559.08866615266
1783303554,10,,Aggregated,4.800000,0.000000,18,26,32,37,54,77,180,330,1500,1500,1500,2598,0,18,36.67597139679209,3.7965200026519597,1529.150162008591,5563.680138568129
1783303555,10,,Aggregated,4.700000,0.000000,18,26,32,37,54,77,170,330,1500,1500,1500,2602,0,18,36.67230214367829,3.7965200026519597,1529.150162008591,5563.621445042275
1783303556,10,,Aggregated,4.800000,0.000000,18,26,32,37,54,77,170,330,1500,1500,1500,2606,0,18,36.65224312618826,3.7965200026519597,1529.150162008591,5557.090943975441
1783303557,10,,Aggregated,4.700000,0.000000,18,26,32,37,54,77,170,330,1500,1500,1500,2612,0,18,36.63317460867068,3.7965200026519597,1529.150162008591,5546.110260336906
1783303558,10,,Aggregated,4.600000,0.000000,18,26,32,37,54,77,170,330,1500,1500,1500,2614,0,18,36.61635056650284,3.7965200026519597,1529.150162008591,5545.303749043611
1783303559,10,,Aggregated,4.500000,0.000000,18,26,32,37,54,76,170,330,1500,1500,1500,2621,0,18,36.55784362565752,3.7965200026519597,1529.150162008591,5540.874475391072
1783303560,10,,Aggregated,4.600000,0.000000,18,26,32,37,54,76,170,330,1500,1500,1500,2622,0,18,36.55278154990361,3.7965200026519597,1529.150162008591,5546.345537757437
1783303561,10,,Aggregated,4.400000,0.000000,18,26,32,37,54,76,170,330,1500,1500,1500,2629,0,18,36.53312699766587,3.7965200026519597,1529.150162008591,5539.949030049448
1783303562,10,,Aggregated,4.300000,0.000000,18,26,32,37,54,76,170,330,1500,1500,1500,2634,0,18,36.49073893198763,3.7965200026519597,1529.150162008591,5533.070235383448
1783303563,10,,Aggregated,4.000000,0.000000,18,26,32,37,54,76,170,330,1500,1500,1500,2638,0,18,36.476932065526995,3.7965200026519597,1529.150162008591,5525.923047763457
1783303564,10,,Aggregated,4.300000,0.000000,18,26,32,37,54,76,170,330,1500,1500,1500,2642,0,18,36.45358971909946,3.7965200026519597,1529.150162008591,5525.84595003785
1783303565,10,,Aggregated,4.600000,0.000000,18,26,32,37,54,76,170,330,1500,1500,1500,2649,0,18,36.42452417473435,3.7965200026519597,1529.150162008591,5529.716119290299
1783303566,10,,Aggregated,4.400000,0.000000,18,26,32,37,54,76,170,330,1500,1500,1500,2651,0,18,36.4134597585315,3.7965200026519597,1529.150162008591,5540.546208977744
1783303567,10,,Aggregated,4.500000,0.000000,18,26,32,37,54,76,170,330,1500,1500,1500,2658,0,18,36.37801533742044,3.7965200026519597,1529.150162008591,5532.06245297216
1783303568,10,,Aggregated,4.700000,0.000000,18,26,32,37,54,76,170,330,1500,1500,1500,2659,0,18,36.367523834847155,3.7965200026519597,1529.150162008591,5530.827378713802
1783303569,10,,Aggregated,4.500000,0.000000,18,26,32,37,54,76,170,330,1500,1500,1500,2664,0,18,36.33081979612004,3.7965200026519597,1529.150162008591,5536.486861861862
1783303571,10,,Aggregated,4.600000,0.000000,18,26,32,37,54,76,170,330,1500,1500,1500,2668,0,18,36.29703591899182,3.7965200026519597,1529.150162008591,5537.28035982009
1783303572,10,,Aggregated,4.400000,0.000000,18,26,32,37,54,76,170,330,1500,1500,1500,2672,0,18,36.259709199806885,3.7965200026519597,1529.150162008591,5537.684505988024
1783303573,10,,Aggregated,4.300000,0.000000,18,26,31,37,54,76,170,330,1500,1500,1500,2678,0,18,36.22988740137678,3.7965200026519597,1529.150162008591,5548.161314413742
1783303574,10,,Aggregated,4.600000,0.000000,18,26,31,37,54,76,170,330,1500,1500,1500,2681,0,18,36.20587433789191,3.7965200026519597,1529.150162008591,5547.953748601268
1783303575,10,,Aggregated,4.300000,0.000000,18,26,31,37,54,76,170,330,1500,1500,1500,2686,0,18,36.21734425163248,3.7965200026519597,1529.150162008591,5538.643335815339
1783303576,10,,Aggregated,4.400000,0.000000,18,26,31,37,54,76,170,330,1500,1500,1500,2690,0,18,36.2012995348994,3.7965200026519597,1529.150162008591,5532.279182156134
1783303577,10,,Aggregated,4.300000,0.000000,18,26,31,37,54,76,170,330,1500,1500,1500,2696,0,18,36.17423221101068,3.7965200026519597,1529.150162008591,5530.313427299703
1783303578,10,,Aggregated,4.300000,0.000000,18,26,31,37,54,76,170,290,1500,1500,1500,2701,0,18,36.14072779522315,3.7965200026519597,1529.150162008591,5522.815623843021
1783303579,10,,Aggregated,4.100000,0.000000,18,26,31,37,54,76,170,290,1500,1500,1500,2709,0,18,36.09926939901053,3.7965200026519597,1529.150162008591,5516.709856035437
1783303580,10,,Aggregated,4.500000,0.000000,18,26,31,37,54,76,170,290,1500,1500,1500,2712,0,18,36.071485913691994,3.7965200026519597,1529.150162008591,5527.7522123893805
1783303581,10,,Aggregated,4.300000,0.000000,18,26,31,37,54,76,170,290,1500,1500,1500,2716,0,18,36.041078121477106,3.7965200026519597,1529.150162008591,5544.0607511045655
1783303582,10,,Aggregated,5.000000,0.000000,18,26,31,37,54,76,170,290,1500,1500,1500,2720,0,18,36.02664578674568,3.7965200026519597,1529.150162008591,5548.271691176471
1783303583,10,,Aggregated,4.800000,0.000000,18,26,31,37,54,76,170,290,1500,1500,1500,2724,0,18,36.01500213947057,3.7965200026519597,1529.150162008591,5548.3733480176215
1783303584,10,,Aggregated,4.800000,0.000000,18,26,31,37,54,76,170,290,1500,1500,1500,2729,0,18,35.978678355416676,3.7965200026519597,1529.150162008591,5540.105166727739
1783303585,10,,Aggregated,4.800000,0.000000,18,26,31,37,54,76,170,290,1500,1500,1500,2732,0,18,35.96514652083978,3.7965200026519597,1529.150162008591,5548.537701317716
1783303586,10,,Aggregated,4.600000,0.000000,18,26,31,37,54,76,170,290,1500,1500,1500,2737,0,18,35.94417944353051,3.7965200026519597,1529.150162008591,5560.843624406284
1783303587,10,,Aggregated,4.800000,0.000000,18,26,31,37,54,76,170,290,1500,1500,1500,2740,0,18,35.92456922443443,3.7965200026519597,1529.150162008591,5559.7047445255475
1783303588,10,,Aggregated,4.600000,0.000000,18,26,31,37,54,75,170,290,1500,1500,1500,2742,0,18,35.91305210647723,3.7965200026519597,1529.150162008591,5563.223924142962
1783303589,10,,Aggregated,4.700000,0.000000,18,26,31,37,54,75,170,290,1500,1500,1500,2748,0,18,35.871671205575886,3.7965200026519597,1529.150162008591,5568.538209606987
