Timestamp,User Count,Type,Name,Requests/s,Failures/s,50%,66%,75%,80%,90%,95%,98%,99%,99.9%,99.99%,100%,Total Request Count,Total Failure Count,Total Median Response Time,Total Average Response Time,Total Min Response Time,Total Max Response Time,Total Average Content Size
1783443736,0,,Aggregated,0.000000,0.000000,N/A,N/A,N/A,N/A,N/A,N/A,N/A,N/A,N/A,N/A,N/A,0,0,0,0.0,0,0,0
1783443737,50,,Aggregated,0.000000,0.000000,N/A,N/A,N/A,N/A,N/A,N/A,N/A,N/A,N/A,N/A,N/A,0,0,0,0.0,0,0,0
1783443738,100,,Aggregated,0.000000,0.000000,N/A,N/A,N/A,N/A,N/A,N/A,N/A,N/A,N/A,N/A,N/A,0,0,0,0.0,0,0,0
1783443739,100,,Aggregated,0.000000,0.000000,N/A,N/A,N/A,N/A,N/A,N/A,N/A,N/A,N/A,N/A,N/A,0,0,0,0.0,0,0,0
1783443740,100,,Aggregated,0.000000,0.000000,N/A,N/A,N/A,N/A,N/A,N/A,N/A,N/A,N/A,N/A,N/A,0,0,0,0.0,0,0,0
1783443741,100,,Aggregated,0.000000,0.000000,N/A,N/A,N/A,N/A,N/A,N/A,N/A,N/A,N/A,N/A,N/A,0,0,0,0.0,0,0,0
1783443742,100,,Aggregated,0.000000,0.000000,N/A,N/A,N/A,N/A,N/A,N/A,N/A,N/A,N/A,N/A,N/A,0,0,0,0.0,0,0,0
1783443743,100,,Aggregated,0.000000,0.000000,N/A,N/A,N/A,N/A,N/A,N/A,N/A,N/A,N/A,N/A,N/A,0,0,0,0.0,0,0,0
1783443744,100,,Aggregated,0.000000,0.000000,N/A,N/A,N/A,N/A,N/A,N/A,N/A,N/A,N/A,N/A,N/A,0,0,0,0.0,0,0,0
1783443745,100,,Aggregated,0.000000,0.000000,N/A,N/A,N/A,N/A,N/A,N/A,N/A,N/A,N/A,N/A,N/A,0,0,0,0.0,0,0,0
1783443746,100,,Aggregated,0.000000,0.000000,290,9400,9500,9500,9800,10000,10000,10000,10000,10000,10000,17,0,290.0,4084.278093706149,123.83062300068559,9982.69374300071,1088.9411764705883
1783443747,100,,Aggregated,0.000000,0.000000,260,390,550,9400,9800,10000,10000,10000,10000,10000,10000,40,0,250.0,2382.6816609253,79.64217700282461,10273.172738001449,2221.25
1783443748,100,,Aggregated,0.000000,0.000000,260,390,510,9200,9700,10000,10000,10000,10000,10000,10000,45,0,260.0,2161.1725080669403,79.64217700282461,10273.172738001449,3223.777777777778
1783443749,100,,Aggregated,1.300000,0.000000,290,9500,10000,13000,13000,13000,13000,13000,13000,13000,13000,73,0,290.0,4508.5646250549435,78.40736300204298,12946.574736000912,2543.4520547945203
1783443750,100,,Aggregated,4.500000,0.000000,470,740,13000,13000,13000,14000,14000,14000,14000,14000,14000,152,0,470.0,4376.733939131605,78.40736300204298,13868.284223000956,2089.0460526315787
1783443751,100,,Aggregated,7.300000,0.000000,560,730,9200,13000,13000,14000,14000,14000,14000,14000,14000,212,0,560.0,3508.0182814103955,78.40736300204298,13868.284223000956,2813.0188679245284
1783443752,100,,Aggregated,14.600000,0.000000,650,820,1000,9500,13000,14000,14000,14000,14000,14000,14000,253,0,650.0,3087.2117911620394,78.40736300204298,13868.284223000956,3936.8735177865615
1783443753,100,,Aggregated,20.600000,0.000000,700,890,1300,13000,14000,16000,16000,16000,16000,16000,16000,359,0,700.0,3644.199717960996,78.40736300204298,16193.016739998711,4880.986072423399
1783443754,100,,Aggregated,24.600000,0.000000,540,730,990,1300,14000,16000,17000,17000,17000,17000,17000,537,0,540.0,3054.9118810744285,78.40736300204298,16730.1018520011,5039.577281191806
1783443755,100,,Aggregated,31.200000,0.000000,420,630,800,1000,13000,16000,16000,17000,17000,17000,17000,659,0,420.0,2533.996616203271,54.58823300068616,16730.1018520011,6126.336874051593
1783443756,100,,Aggregated,49.000000,0.000000,390,580,740,880,13000,16000,16000,17000,17000,17000,17000,713,0,390.0,2350.4272419101703,3.4490649995859712,16730.1018520011,6253.739130434783
1783443757,100,,Aggregated,63.200000,0.000000,360,560,720,830,13000,16000,16000,17000,17000,17000,17000,763,0,360.0,2198.0665276054583,3.0279780003183987,16730.1018520011,6163.964613368283
1783443758,100,,Aggregated,69.400000,0.000000,330,540,680,800,13000,16000,16000,17000,17000,17000,17000,809,0,330.0,2075.6040365487643,3.0279780003183987,16730.1018520011,6111.286773794808
1783443759,100,,Aggregated,70.800000,0.000000,300,510,650,750,13000,15000,16000,17000,17000,17000,17000,850,0,300.0,1976.9848482493776,3.0279780003183987,16730.1018520011,6059.332941176471
1783443760,100,,Aggregated,75.500000,0.000000,290,470,640,740,13000,15000,16000,17000,17000,17000,17000,895,0,290.0,1879.6322788010673,3.0279780003183987,16730.1018520011,6062.99217877095
1783443761,100,,Aggregated,76.600000,0.000000,260,430,590,720,9800,14000,16000,17000,17000,17000,17000,947,0,260.0,1778.8000175870754,3.0279780003183987,16730.1018520011,6025.950369588173
1783443762,100,,Aggregated,73.900000,0.000000,250,410,570,710,9200,14000,16000,17000,17000,17000,17000,993,0,250.0,1697.9526110644183,3.0279780003183987,16730.1018520011,5972.095669687815
1783443763,100,,Aggregated,72.800000,0.000000,240,390,560,660,1300,14000,16000,17000,17000,17000,17000,1038,0,240.0,1625.6161527764764,3.0279780003183987,16730.1018520011,6022.590558766859
1783443764,100,,Aggregated,73.700000,0.000000,220,380,550,650,1200,14000,16000,17000,17000,17000,17000,1086,0,220.0,1555.5911865128833,3.0279780003183987,16730.1018520011,5963.220073664825
1783443765,100,,Aggregated,71.500000,0.000000,200,350,510,630,1100,14000,16000,17000,17000,17000,17000,1130,0,200.0,1495.997455327419,3.0279780003183987,16730.1018520011,5915.92831858407
1783443766,100,,Aggregated,58.300000,0.000000,190,340,500,590,1000,14000,16000,17000,17000,17000,17000,1176,0,190.0,1438.9890165994943,3.0279780003183987,16730.1018520011,5884.6454081632655
1783443767,100,,Aggregated,48.100000,0.000000,180,310,470,580,1000,14000,16000,17000,17000,17000,17000,1218,0,180.0,1390.4017932307154,3.0279780003183987,16730.1018520011,5851.172413793103
1783443768,100,,Aggregated,45.600000,0.000000,160,300,440,560,1000,13000,16000,17000,17000,17000,17000,1261,0,160.0,1343.9649318905767,3.0279780003183987,16730.1018520011,5784.855670103093
1783443769,100,,Aggregated,45.900000,0.000000,150,290,420,550,1000,13000,16000,16000,17000,17000,17000,1314,0,150.0,1291.140938879007,3.0279780003183987,16730.1018520011,5870.649162861491
1783443770,100,,Aggregated,44.800000,0.000000,140,270,410,550,970,13000,16000,16000,17000,17000,17000,1362,0,140.0,1246.9217094141118,3.0279780003183987,16730.1018520011,5845.251835535976
1783443771,100,,Aggregated,46.400000,0.000000,130,260,400,530,890,13000,16000,16000,17000,17000,17000,1403,0,130.0,1211.2501058866953,3.0279780003183987,16730.1018520011,5841.4818246614395
1783443772,100,,Aggregated,46.200000,0.000000,110,250,390,500,860,13000,16000,16000,17000,17000,17000,1457,0,110.0,1167.584436532623,3.0279780003183987,16730.1018520011,5848.059711736445
1783443773,100,,Aggregated,45.300000,0.000000,110,240,370,470,850,13000,16000,16000,17000,17000,17000,1495,0,110.0,1138.9176333833016,3.0279780003183987,16730.1018520011,5867.3732441471575
1783443774,100,,Aggregated,45.700000,0.000000,94,240,350,460,830,13000,16000,16000,17000,17000,17000,1542,0,93,1104.7671134066431,3.0279780003183987,16730.1018520011,5825.717250324255
1783443775,100,,Aggregated,45.400000,0.000000,83,230,340,430,810,13000,16000,16000,17000,17000,17000,1582,0,82,1077.3931419020494,3.0279780003183987,16730.1018520011,5848.238305941846
1783443776,100,,Aggregated,45.600000,0.000000,67,210,320,420,800,13000,16000,16000,17000,17000,17000,1636,0,66,1042.5563987500202,3.0279780003183987,16730.1018520011,5863.4180929095355
1783443777,100,,Aggregated,45.700000,0.000000,63,200,310,420,760,13000,16000,16000,17000,17000,17000,1674,0,63,1019.9622381535444,3.0279780003183987,16730.1018520011,5855.049581839904
1783443778,100,,Aggregated,45.500000,0.000000,52,190,300,400,750,13000,16000,16000,17000,17000,17000,1725,0,52,990.8083085704446,3.0279780003183987,16730.1018520011,5846.327536231884
1783443779,100,,Aggregated,45.500000,0.000000,45,190,290,390,740,13000,16000,16000,17000,17000,17000,1763,0,45,969.9371611179855,3.0279780003183987,16730.1018520011,5860.78332387975
1783443780,100,,Aggregated,46.500000,0.000000,42,180,280,390,730,13000,16000,16000,17000,17000,17000,1811,0,42,944.9737437106637,3.0279780003183987,16730.1018520011,5891.921038100497
1783443781,100,,Aggregated,44.500000,0.000000,39,180,270,370,730,10000,16000,16000,17000,17000,17000,1860,0,38,921.3699185204418,3.0279780003183987,16730.1018520011,5881.387634408602
1783443782,100,,Aggregated,45.300000,0.000000,37,170,260,360,720,9800,16000,16000,17000,17000,17000,1896,0,37,904.3892548697341,3.0279780003183987,16730.1018520011,5895.189345991561
1783443783,100,,Aggregated,45.700000,0.000000,35,170,260,350,710,9500,16000,16000,17000,17000,17000,1951,0,35,881.2849075371732,3.0279780003183987,16730.1018520011,5817.138903126602
1783443784,100,,Aggregated,44.800000,0.000000,33,160,250,340,700,9200,16000,16000,17000,17000,17000,2000,0,33,860.1123568180124,3.0279780003183987,16730.1018520011,5833.404
1783443785,100,,Aggregated,44.900000,0.000000,31,150,250,340,680,1300,16000,16000,17000,17000,17000,2036,0,31,845.2956197775268,3.0279780003183987,16730.1018520011,5833.206286836935
1783443786,100,,Aggregated,45.100000,0.000000,30,150,240,320,660,1300,15000,16000,17000,17000,17000,2079,0,30,828.5997792419663,3.0279780003183987,16730.1018520011,5822.7835497835495
1783443787,100,,Aggregated,45.400000,0.000000,29,140,240,310,650,1300,15000,16000,17000,17000,17000,2125,0,29,811.4043380946155,3.0279780003183987,16730.1018520011,5779.023529411765
1783443788,100,,Aggregated,45.000000,0.000000,28,140,230,300,650,1200,15000,16000,17000,17000,17000,2168,0,28,795.8580754700524,3.0279780003183987,16730.1018520011,5760.460332103321
1783443789,100,,Aggregated,45.200000,0.000000,27,130,230,300,640,1200,15000,16000,17000,17000,17000,2214,0,27,779.7605476296658,3.0279780003183987,16730.1018520011,5728.851400180669
1783443790,100,,Aggregated,44.100000,0.000000,27,130,220,290,610,1100,15000,16000,17000,17000,17000,2275,0,27,760.8538303472935,2.982663001603214,16730.1018520011,5748.5771428571425
1783443791,100,,Aggregated,45.000000,0.000000,27,120,210,280,600,1000,15000,16000,17000,17000,17000,2323,0,27,745.7871143405482,2.982663001603214,16730.1018520011,5732.1390443392165
1783443792,100,,Aggregated,44.600000,0.000000,27,120,210,270,590,1000,14000,16000,17000,17000,17000,2366,0,26,732.5600748783129,2.982663001603214,16730.1018520011,5718.835587489433
1783443793,100,,Aggregated,44.600000,0.000000,25,120,200,260,580,1000,14000,16000,17000,17000,17000,2418,0,25,717.6227727303875,2.982663001603214,16730.1018520011,5680.0161290322585
1783443794,100,,Aggregated,45.000000,0.000000,25,110,200,260,570,1000,14000,16000,17000,17000,17000,2459,0,25,706.1711078670475,2.982663001603214,16730.1018520011,5663.777145180968
1783443795,100,,Aggregated,45.800000,0.000000,25,110,190,250,560,1000,14000,16000,17000,17000,17000,2509,0,25,692.5488372802204,2.982663001603214,16730.1018520011,5667.021522518932
1783443796,100,,Aggregated,45.400000,0.000000,25,100,190,250,560,1000,14000,16000,17000,17000,17000,2562,0,24,678.9767331167421,2.982663001603214,16730.1018520011,5651.252537080406
1783443797,100,,Aggregated,45.400000,0.000000,24,99,180,240,560,1000,14000,16000,17000,17000,17000,2598,0,24,669.8443125058157,2.982663001603214,16730.1018520011,5674.603156274057
1783443798,100,,Aggregated,45.500000,0.000000,24,95,180,240,550,990,14000,16000,17000,17000,17000,2645,0,24,658.7162389021204,2.982663001603214,16730.1018520011,5655.0385633270325
1783443799,100,,Aggregated,46.500000,0.000000,23,90,180,240,550,990,14000,16000,17000,17000,17000,2698,0,23,646.2498184388827,2.982663001603214,16730.1018520011,5674.899555226093
1783443800,100,,Aggregated,46.200000,0.000000,23,84,170,240,540,940,14000,16000,17000,17000,17000,2744,0,23,635.7376660660012,2.982663001603214,16730.1018520011,5690.291180758018
1783443801,100,,Aggregated,46.300000,0.000000,23,78,170,230,530,890,14000,16000,17000,17000,17000,2792,0,22,625.1888011963102,2.982663001603214,16730.1018520011,5676.455229226361
1783443802,100,,Aggregated,46.600000,0.000000,22,75,160,220,530,890,14000,16000,17000,17000,17000,2840,0,22,615.1789049929907,2.982663001603214,16730.1018520011,5672.054577464789
1783443803,100,,Aggregated,46.200000,0.000000,22,73,160,220,510,860,14000,16000,17000,17000,17000,2883,0,22,606.384712881406,2.982663001603214,16730.1018520011,5644.953520638224
1783443804,100,,Aggregated,46.500000,0.000000,22,71,150,220,500,860,14000,16000,17000,17000,17000,2926,0,22,597.8686757813001,2.982663001603214,16730.1018520011,5644.545454545455
1783443805,100,,Aggregated,46.100000,0.000000,22,66,150,210,490,850,14000,16000,17000,17000,17000,2968,0,22,589.6982307102692,2.9367460010689683,16730.1018520011,5672.298180592992
1783443806,100,,Aggregated,46.100000,0.000000,21,63,140,210,470,850,14000,16000,17000,17000,17000,3019,0,21,580.1311255965791,2.9367460010689683,16730.1018520011,5650.652533951639
1783443807,100,,Aggregated,46.000000,0.000000,21,61,140,200,470,830,14000,16000,17000,17000,17000,3062,0,21,572.4733660813416,2.9367460010689683,16730.1018520011,5645.252449379491
1783443808,100,,Aggregated,46.100000,0.000000,21,59,140,200,460,820,14000,16000,17000,17000,17000,3104,0,21,565.3259068637442,2.9367460010689683,16730.1018520011,5622.482280927835
1783443809,100,,Aggregated,45.400000,0.000000,21,54,140,200,450,810,14000,16000,17000,17000,17000,3149,0,21,557.6944631984979,2.764371001831023,16730.1018520011,5602.744045728803
1783443810,100,,Aggregated,45.600000,0.000000,21,52,130,190,430,800,13000,16000,17000,17000,17000,3201,0,21,549.130752650442,2.764371001831023,16730.1018520011,5601.93252108716
1783443811,100,,Aggregated,45.800000,0.000000,21,50,130,190,430,800,13000,16000,17000,17000,17000,3246,0,21,542.0449155299071,2.764371001831023,16730.1018520011,5595.717498459642
1783443812,100,,Aggregated,44.700000,0.000000,20,48,130,190,420,800,13000,16000,17000,17000,17000,3288,0,20,535.3670188211906,2.764371001831023,16730.1018520011,5614.126520681265
1783443813,100,,Aggregated,45.700000,0.000000,20,45,130,190,420,780,13000,16000,17000,17000,17000,3337,0,20,527.8574943883948,2.764371001831023,16730.1018520011,5638.041654180402
1783443814,100,,Aggregated,45.500000,0.000000,20,44,120,180,410,750,13000,16000,17000,17000,17000,3387,0,20,520.4605707006396,2.764371001831023,16730.1018520011,5652.677590788308
1783443815,100,,Aggregated,45.000000,0.000000,20,43,120,180,410,750,13000,16000,17000,17000,17000,3436,0,20,513.4711395157351,2.764371001831023,16730.1018520011,5656.880384167637
1783443816,100,,Aggregated,45.400000,0.000000,20,42,120,180,400,750,13000,16000,17000,17000,17000,3480,0,20,507.3418166344996,2.764371001831023,16730.1018520011,5658.915517241379
1783443817,100,,Aggregated,45.800000,0.000000,19,41,120,170,400,740,13000,16000,17000,17000,17000,3529,0,19,500.57390188128585,2.764371001831023,16730.1018520011,5690.69764805894
1783443818,100,,Aggregated,45.400000,0.000000,19,41,120,170,390,740,13000,16000,17000,17000,17000,3575,0,19,494.73079569232294,2.764371001831023,16730.1018520011,5687.462937062937
1783443819,100,,Aggregated,45.400000,0.000000,19,40,110,170,390,730,13000,16000,17000,17000,17000,3613,0,19,489.688602130103,2.764371001831023,16730.1018520011,5677.982839745364
1783443820,100,,Aggregated,46.000000,0.000000,19,39,110,160,390,730,13000,16000,17000,17000,17000,3664,0,19,483.19953046535704,2.764371001831023,16730.1018520011,5687.396834061135
1783443821,100,,Aggregated,46.100000,0.000000,19,38,110,160,380,730,13000,16000,17000,17000,17000,3705,0,19,478.15948545777815,2.764371001831023,16730.1018520011,5678.310391363023
1783443822,100,,Aggregated,45.800000,0.000000,18,38,110,160,380,720,13000,16000,17000,17000,17000,3748,0,18,472.9922224930854,2.764371001831023,16730.1018520011,5673.205709711846
1783443823,100,,Aggregated,45.600000,0.000000,18,38,110,160,370,720,13000,16000,17000,17000,17000,3789,0,18,468.4356906878029,2.764371001831023,16730.1018520011,5663.680126682502
1783443824,100,,Aggregated,44.800000,0.000000,18,37,110,150,360,720,13000,16000,17000,17000,17000,3841,0,18,462.35911786802666,2.764371001831023,16730.1018520011,5652.986201510023
1783443825,100,,Aggregated,45.000000,0.000000,18,37,100,150,360,710,13000,16000,17000,17000,17000,3882,0,18,457.65345727513943,2.764371001831023,16730.1018520011,5652.511591962906
1783443826,100,,Aggregated,44.300000,0.000000,17,36,100,150,340,710,13000,16000,17000,17000,17000,3934,0,17,452.0591231624519,2.764371001831023,16730.1018520011,5650.826893746823
1783443827,100,,Aggregated,45.000000,0.000000,17,36,100,140,340,710,13000,16000,17000,17000,17000,3978,0,17,447.32173214909056,2.764371001831023,16730.1018520011,5662.13021618904
1783443828,100,,Aggregated,44.400000,0.000000,17,36,99,140,340,680,13000,16000,17000,17000,17000,4022,0,17,442.82846398659495,2.764371001831023,16730.1018520011,5668.789159622079
1783443829,100,,Aggregated,44.900000,0.000000,17,35,98,140,340,680,13000,16000,17000,17000,17000,4065,0,17,438.37730347923343,2.764371001831023,16730.1018520011,5683.5210332103325
1783443830,100,,Aggregated,44.700000,0.000000,17,35,95,140,330,680,13000,15000,17000,17000,17000,4118,0,17,433.14637236816367,2.764371001831023,16730.1018520011,5683.374939290918
1783443831,100,,Aggregated,44.300000,0.000000,17,34,93,140,330,660,13000,15000,17000,17000,17000,4155,0,17,429.51044488690974,2.764371001831023,16730.1018520011,5705.291215403129
1783443833,100,,Aggregated,44.800000,0.000000,17,34,91,140,320,660,13000,15000,17000,17000,17000,4198,0,17,425.41313582470485,2.764371001831023,16730.1018520011,5718.597427346355
1783443834,100,,Aggregated,45.300000,0.000000,16,34,90,130,310,650,13000,15000,17000,17000,17000,4244,0,16,421.1291396823984,2.764371001831023,16730.1018520011,5723.236098020735
1783443835,100,,Aggregated,44.900000,0.000000,16,34,88,130,310,650,13000,15000,17000,17000,17000,4282,0,16,417.6223297732586,2.764371001831023,16730.1018520011,5716.5859411489955
1783443836,100,,Aggregated,44.900000,0.000000,16,34,87,130,310,650,13000,15000,17000,17000,17000,4333,0,16,413.2698191726439,2.764371001831023,16730.1018520011,5712.574428802215
1783443837,100,,Aggregated,43.600000,0.000000,16,33,86,130,300,650,13000,15000,17000,17000,17000,4379,0,16,409.181723658385,2.764371001831023,16730.1018520011,5707.673898150262
1783443838,100,,Aggregated,45.100000,0.000000,16,33,85,130,300,640,13000,15000,17000,17000,17000,4416,0,16,406.09676104462557,2.764371001831023,16730.1018520011,5712.599184782609
1783443839,100,,Aggregated,45.100000,0.000000,16,33,84,130,300,640,13000,15000,17000,17000,17000,4465,0,16,401.91149540785455,2.764371001831023,16730.1018520011,5703.100111982083
1783443840,100,,Aggregated,43.600000,0.000000,16,33,82,130,300,630,13000,15000,17000,17000,17000,4509,0,16,398.2524934207309,2.764371001831023,16730.1018520011,5707.683078287869
1783443841,100,,Aggregated,44.200000,0.000000,16,33,81,130,290,610,10000,15000,17000,17000,17000,4555,0,16,394.7759178511651,2.764371001831023,16730.1018520011,5695.526454445664
1783443842,100,,Aggregated,44.300000,0.000000,16,32,80,130,290,610,10000,15000,17000,17000,17000,4602,0,16,391.2648551240922,2.764371001831023,16730.1018520011,5710.798783137766
1783443843,100,,Aggregated,43.500000,0.000000,16,32,80,130,290,610,10000,15000,17000,17000,17000,4640,0,16,388.47459354203966,2.764371001831023,16730.1018520011,5707.870043103449
1783443844,100,,Aggregated,44.500000,0.000000,16,32,78,120,290,590,10000,15000,17000,17000,17000,4690,0,16,384.5250589865802,2.764371001831023,16730.1018520011,5693.900639658848
1783443845,100,,Aggregated,43.700000,0.000000,16,32,77,120,280,590,9800,14000,17000,17000,17000,4734,0,16,381.310472833771,2.764371001831023,16730.1018520011,5684.725813265737
1783443846,100,,Aggregated,44.200000,0.000000,16,31,77,120,280,590,9700,14000,17000,17000,17000,4782,0,16,377.91345609662574,2.764371001831023,16730.1018520011,5689.4669594312
1783443847,100,,Aggregated,45.000000,0.000000,16,31,74,120,280,580,9500,14000,17000,17000,17000,4824,0,15,374.811582334177,2.764371001831023,16730.1018520011,5700.476990049751
1783443848,100,,Aggregated,44.500000,0.000000,15,31,73,120,270,580,9500,14000,17000,17000,17000,4871,0,15,371.42038303183296,2.764371001831023,16730.1018520011,5713.431328269349
1783443849,100,,Aggregated,44.400000,0.000000,15,31,72,120,270,570,9400,14000,17000,17000,17000,4916,0,15,368.24502994692324,2.764371001831023,16730.1018520011,5701.878356387307
1783443850,100,,Aggregated,44.700000,0.000000,16,31,73,120,270,570,9200,14000,17000,17000,17000,4973,0,16,364.8352601144305,2.764371001831023,16730.1018520011,5711.277699577719
1783443851,100,,Aggregated,44.900000,0.000000,16,31,72,120,260,560,1400,14000,17000,17000,17000,5012,0,16,362.2251575694475,2.764371001831023,16730.1018520011,5710.351755786113
1783443852,100,,Aggregated,45.200000,0.000000,15,31,72,120,260,560,1300,14000,17000,17000,17000,5061,0,15,359.1529532187475,2.764371001831023,16730.1018520011,5719.931831653824
1783443853,100,,Aggregated,44.900000,0.000000,15,31,70,120,260,560,1300,14000,17000,17000,17000,5113,0,15,355.81576746256087,2.764371001831023,16730.1018520011,5722.47701936241
1783443854,100,,Aggregated,44.300000,0.000000,15,31,69,120,260,560,1300,14000,17000,17000,17000,5157,0,15,353.0850331852021,2.764371001831023,16730.1018520011,5722.799301919721
1783443855,100,,Aggregated,46.400000,0.000000,15,31,69,110,260,560,1300,14000,17000,17000,17000,5210,0,15,349.8525718140257,2.764371001831023,16730.1018520011,5718.220345489443
1783443856,100,,Aggregated,45.700000,0.000000,15,30,67,110,250,550,1300,14000,17000,17000,17000,5254,0,15,347.1163152933159,2.764371001831023,16730.1018520011,5707.827750285497
1783443857,100,,Aggregated,45.700000,0.000000,15,30,65,110,250,550,1300,14000,17000,17000,17000,5301,0,15,344.27699401793916,2.764371001831023,16730.1018520011,5702.560460290511
1783443858,100,,Aggregated,45.800000,0.000000,15,30,64,110,250,550,1300,14000,17000,17000,17000,5351,0,15,341.3192990190807,2.764371001831023,16730.1018520011,5692.686600635395
1783443859,100,,Aggregated,46.100000,0.000000,15,30,64,110,250,550,1300,14000,17000,17000,17000,5394,0,15,338.884829105319,2.764371001831023,16730.1018520011,5683.187615869485
1783443860,100,,Aggregated,47.100000,0.000000,15,30,63,110,250,550,1200,14000,17000,17000,17000,5448,0,15,335.8233182215653,2.764371001831023,16730.1018520011,5676.879038179149
1783443861,100,,Aggregated,45.800000,0.000000,15,30,62,110,240,540,1200,14000,17000,17000,17000,5494,0,15,333.1260035103876,2.764371001831023,16730.1018520011,5665.49836184929
1783443862,100,,Aggregated,46.700000,0.000000,15,30,61,110,240,540,1200,14000,17000,17000,17000,5538,0,15,330.77076827375527,2.764371001831023,16730.1018520011,5657.750090285302
1783443863,100,,Aggregated,47.100000,0.000000,15,30,61,110,240,530,1200,14000,17000,17000,17000,5581,0,15,328.4757762569546,2.764371001831023,16730.1018520011,5653.818132951084
1783443864,100,,Aggregated,47.700000,0.000000,15,29,60,110,240,530,1100,14000,17000,17000,17000,5627,0,15,326.03651690013834,2.764371001831023,16730.1018520011,5655.467744801848
1783443865,100,,Aggregated,46.200000,0.000000,15,29,59,110,240,530,1100,14000,17000,17000,17000,5674,0,15,323.63550162796486,2.764371001831023,16730.1018520011,5660.531371166725
1783443866,100,,Aggregated,46.900000,0.000000,14,29,57,100,240,510,1100,14000,17000,17000,17000,5727,0,14,320.81841721216506,2.764371001831023,16730.1018520011,5650.180722891566
1783443867,100,,Aggregated,46.500000,0.000000,14,29,55,100,240,510,1100,14000,17000,17000,17000,5769,0,14,318.6185374330181,2.764371001831023,16730.1018520011,5667.6800138672215
1783443868,100,,Aggregated,46.400000,0.000000,14,29,54,100,230,510,1000,14000,17000,17000,17000,5813,0,14,316.3421554147717,2.764371001831023,16730.1018520011,5671.045243419921
1783443869,100,,Aggregated,46.400000,0.000000,14,29,54,100,230,500,1000,14000,17000,17000,17000,5862,0,14,313.94037017179835,2.764371001831023,16730.1018520011,5661.844933469805
1783443870,100,,Aggregated,45.500000,0.000000,14,29,53,100,230,500,1000,14000,17000,17000,17000,5909,0,14,311.6939906166988,2.764371001831023,16730.1018520011,5665.800981553562
1783443871,100,,Aggregated,46.700000,0.000000,14,28,52,100,230,480,1000,14000,17000,17000,17000,5956,0,14,309.4386568893685,2.764371001831023,16730.1018520011,5667.861316319678
1783443872,100,,Aggregated,46.100000,0.000000,14,28,52,100,230,470,1000,14000,17000,17000,17000,6000,0,14,307.33108353517855,2.764371001831023,16730.1018520011,5664.6705
1783443873,100,,Aggregated,46.000000,0.000000,14,28,51,99,220,470,1000,14000,17000,17000,17000,6043,0,14,305.3849719285256,2.764371001831023,16730.1018520011,5681.126758232665
1783443874,100,,Aggregated,45.500000,0.000000,14,28,51,99,220,470,1000,14000,17000,17000,17000,6085,0,14,303.4532858333749,2.764371001831023,16730.1018520011,5667.5781429745275
1783443876,100,,Aggregated,45.700000,0.000000,14,29,56,100,230,470,1000,14000,17000,17000,17000,6163,0,14,302.098449054698,2.764371001831023,16730.1018520011,5678.4342041213695
1783443877,100,,Aggregated,43.100000,0.000000,14,29,55,100,230,460,1000,14000,17000,17000,17000,6209,0,14,300.1291085574349,2.764371001831023,16730.1018520011,5669.999355773876
1783443878,100,,Aggregated,44.800000,0.000000,14,29,54,100,230,450,1000,14000,17000,17000,17000,6246,0,14,298.4970445269155,2.764371001831023,16730.1018520011,5680.32981107909
1783443879,100,,Aggregated,43.800000,0.000000,14,29,53,100,230,450,1000,14000,17000,17000,17000,6291,0,14,296.4941810081269,2.764371001831023,16730.1018520011,5698.959306946432
1783443880,100,,Aggregated,43.800000,0.000000,14,29,53,100,220,440,1000,13000,17000,17000,17000,6344,0,14,294.31136963873433,2.764371001831023,16730.1018520011,5700.016078184111
1783443881,100,,Aggregated,43.500000,0.000000,14,29,52,99,220,440,1000,13000,17000,17000,17000,6393,0,14,292.1573046414985,2.764371001831023,16730.1018520011,5704.310965118098
1783443882,100,,Aggregated,42.800000,0.000000,14,29,52,99,220,430,1000,13000,17000,17000,17000,6429,0,14,290.6469872821742,2.764371001831023,16730.1018520011,5694.46321356354
1783443883,100,,Aggregated,43.500000,0.000000,14,29,51,99,220,430,1000,13000,17000,17000,17000,6486,0,14,288.4237562870957,2.764371001831023,16730.1018520011,5694.752389762565
1783443884,100,,Aggregated,43.700000,0.000000,14,28,51,97,220,430,1000,13000,17000,17000,17000,6530,0,14,286.62399816295544,2.764371001831023,16730.1018520011,5689.274885145483
1783443885,100,,Aggregated,42.800000,0.000000,14,28,50,97,220,430,1000,13000,17000,17000,17000,6573,0,14,284.9244259893644,2.764371001831023,16730.1018520011,5695.438612505705
1783443886,100,,Aggregated,43.700000,0.000000,14,28,50,96,220,430,1000,13000,17000,17000,17000,6618,0,14,283.1736658257935,2.764371001831023,16730.1018520011,5697.482169839831
1783443887,100,,Aggregated,46.400000,0.000000,14,28,50,95,220,420,990,13000,17000,17000,17000,6660,0,14,281.4827170491163,2.764371001831023,16730.1018520011,5708.768018018018
1783443888,100,,Aggregated,45.000000,0.000000,14,28,49,94,210,420,990,13000,17000,17000,17000,6705,0,14,279.7490553728735,2.764371001831023,16730.1018520011,5715.815659955258
1783443889,100,,Aggregated,45.400000,0.000000,14,28,48,93,210,420,990,13000,17000,17000,17000,6753,0,14,277.93283640961283,2.764371001831023,16730.1018520011,5720.591588923441
1783443890,100,,Aggregated,45.400000,0.000000,13,28,48,91,210,420,990,13000,17000,17000,17000,6801,0,13,276.098464973549,2.764371001831023,16730.1018520011,5729.163652404059
1783443891,100,,Aggregated,45.200000,0.000000,14,28,48,91,210,410,970,13000,17000,17000,17000,6851,0,14,274.304375320554,2.764371001831023,16730.1018520011,5738.900744416874
1783443892,100,,Aggregated,46.200000,0.000000,13,28,47,90,210,410,970,13000,17000,17000,17000,6897,0,13,272.6099176650875,2.764371001831023,16730.1018520011,5731.0632158909675
1783443893,100,,Aggregated,45.500000,0.000000,13,28,46,88,210,410,940,13000,17000,17000,17000,6935,0,13,271.19605813901893,2.764371001831023,16730.1018520011,5731.743042537852
1783443894,100,,Aggregated,45.800000,0.000000,13,28,45,87,210,400,920,13000,17000,17000,17000,6978,0,13,269.69483748124094,2.764371001831023,16730.1018520011,5731.265692175409
1783443895,100,,Aggregated,46.100000,0.000000,13,28,45,86,200,400,890,13000,17000,17000,17000,7030,0,13,267.86474130740993,2.764371001831023,16730.1018520011,5721.742247510669
1783443896,100,,Aggregated,45.000000,0.000000,13,28,45,86,200,400,890,13000,17000,17000,17000,7070,0,13,266.48731498445466,2.764371001831023,16730.1018520011,5728.736209335219
1783443897,100,,Aggregated,45.100000,0.000000,13,27,44,85,200,400,890,13000,17000,17000,17000,7117,0,13,264.871813075467,2.764371001831023,16730.1018520011,5737.286778136855
1783443898,100,,Aggregated,45.300000,0.000000,13,27,44,85,200,400,880,13000,17000,17000,17000,7159,0,13,263.53441633693194,2.764371001831023,16730.1018520011,5738.167062438888
1783443899,100,,Aggregated,45.400000,0.000000,13,27,44,84,200,390,860,13000,17000,17000,17000,7210,0,13,261.8698605406528,2.764371001831023,16730.1018520011,5744.6112343966715
1783443901,100,,Aggregated,45.300000,0.000000,14,28,47,89,210,390,860,13000,17000,17000,17000,7283,0,14,260.974724516148,2.764371001831023,16730.1018520011,5740.11519978031
1783443902,100,,Aggregated,43.200000,0.000000,14,28,46,88,210,390,860,13000,17000,17000,17000,7330,0,14,259.6358852511715,2.764371001831023,16730.1018520011,5735.4233287858115
1783443903,100,,Aggregated,43.700000,0.000000,13,28,46,88,210,390,860,13000,17000,17000,17000,7373,0,13,258.31724221105117,2.764371001831023,16730.1018520011,5741.675301776753
1783443904,100,,Aggregated,43.200000,0.000000,13,28,45,87,200,390,860,13000,17000,17000,17000,7416,0,13,256.9431319975849,2.764371001831023,16730.1018520011,5743.527238403452
1783443905,100,,Aggregated,44.100000,0.000000,13,28,45,86,200,390,850,13000,17000,17000,17000,7464,0,13,255.5107181866404,2.764371001831023,16730.1018520011,5743.413987138264
1783443906,100,,Aggregated,43.800000,0.000000,13,28,45,86,200,380,850,13000,17000,17000,17000,7512,0,13,254.03049866734247,2.764371001831023,16730.1018520011,5755.567891373802
1783443907,100,,Aggregated,43.800000,0.000000,13,28,44,85,200,380,850,13000,17000,17000,17000,7554,0,13,252.7472702095675,2.764371001831023,16730.1018520011,5755.784882181626
1783443908,100,,Aggregated,43.500000,0.000000,13,27,44,85,200,380,840,13000,17000,17000,17000,7604,0,13,251.2478793370687,2.764371001831023,16730.1018520011,5755.435954760652
1783443909,100,,Aggregated,44.100000,0.000000,13,27,44,83,200,380,840,13000,17000,17000,17000,7649,0,13,249.85772182966153,2.764371001831023,16730.1018520011,5755.5122238201075
1783443910,100,,Aggregated,44.000000,0.000000,13,27,43,83,200,380,830,13000,17000,17000,17000,7689,0,13,248.72292450579658,2.764371001831023,16730.1018520011,5759.727662895045
1783443911,100,,Aggregated,44.300000,0.000000,13,27,43,82,200,370,830,13000,17000,17000,17000,7745,0,13,247.13887365811183,2.764371001831023,16730.1018520011,5757.889993544222
1783443912,100,,Aggregated,45.600000,0.000000,13,27,43,82,200,370,830,13000,17000,17000,17000,7780,0,13,246.16097512456273,2.764371001831023,16730.1018520011,5761.167737789203
1783443913,100,,Aggregated,44.900000,0.000000,13,27,43,81,200,370,820,13000,17000,17000,17000,7824,0,13,244.89766863012562,2.764371001831023,16730.1018520011,5762.0260736196315
1783443914,100,,Aggregated,45.900000,0.000000,13,27,43,81,200,370,820,13000,17000,17000,17000,7867,0,13,243.73108303852763,2.764371001831023,16730.1018520011,5762.24850641922
1783443915,100,,Aggregated,44.600000,0.000000,13,27,42,80,190,370,810,13000,17000,17000,17000,7919,0,13,242.26508315015627,2.764371001831023,16730.1018520011,5760.608283874227
1783443916,100,,Aggregated,44.700000,0.000000,13,27,42,80,190,360,810,13000,17000,17000,17000,7965,0,13,240.98906086127934,2.764371001831023,16730.1018520011,5758.6710608914
1783443917,100,,Aggregated,44.900000,0.000000,13,27,42,79,190,360,810,13000,17000,17000,17000,8015,0,13,239.66241512377843,2.764371001831023,16730.1018520011,5760.472738615097
1783443918,100,,Aggregated,45.300000,0.000000,13,27,42,79,190,360,800,13000,17000,17000,17000,8056,0,13,238.60616989785092,2.764371001831023,16730.1018520011,5760.4509682224425
1783443919,100,,Aggregated,44.600000,0.000000,13,27,42,78,190,360,800,13000,17000,17000,17000,8093,0,13,237.64449347091147,2.764371001831023,16730.1018520011,5764.610898307179
1783443920,100,,Aggregated,44.900000,0.000000,13,27,42,78,190,360,800,13000,17000,17000,17000,8141,0,13,236.35672809238227,2.764371001831023,16730.1018520011,5751.171354870409
1783443921,100,,Aggregated,44.700000,0.000000,13,27,42,77,190,360,800,13000,17000,17000,17000,8186,0,13,235.23840230382285,2.764371001831023,16730.1018520011,5754.736134864403
1783443922,100,,Aggregated,44.300000,0.000000,13,27,42,77,190,350,800,13000,17000,17000,17000,8224,0,13,234.2625090415985,2.764371001831023,16730.1018520011,5753.525048638132
1783443923,100,,Aggregated,44.500000,0.000000,13,27,42,76,190,350,800,13000,17000,17000,17000,8274,0,13,233.05785597572108,2.764371001831023,16730.1018520011,5752.891708967851
1783443924,100,,Aggregated,43.900000,0.000000,13,27,42,75,190,350,790,13000,17000,17000,17000,8319,0,13,231.8861658271557,2.764371001831023,16730.1018520011,5756.146772448612
1783443925,100,,Aggregated,44.400000,0.000000,13,27,41,74,190,340,780,13000,17000,17000,17000,8373,0,13,230.53505241647045,2.764371001831023,16730.1018520011,5759.957124089335
1783443926,100,,Aggregated,45.100000,0.000000,13,27,41,74,180,340,760,13000,17000,17000,17000,8415,0,13,229.48815068177169,2.764371001831023,16730.1018520011,5769.2016636957815
1783443927,100,,Aggregated,44.800000,0.000000,13,27,41,73,180,340,750,13000,17000,17000,17000,8452,0,13,228.57920181283885,2.764371001831023,16730.1018520011,5770.567084713677
1783443928,100,,Aggregated,44.600000,0.000000,13,27,41,73,180,340,750,13000,17000,17000,17000,8499,0,13,227.56495204802073,2.764371001831023,16730.1018520011,5779.116013648664
1783443929,100,,Aggregated,44.900000,0.000000,13,27,41,72,180,340,750,13000,17000,17000,17000,8541,0,13,226.56738899954595,2.764371001831023,16730.1018520011,5778.3615501697695
1783443930,100,,Aggregated,44.500000,0.000000,13,27,41,72,180,340,750,13000,17000,17000,17000,8590,0,13,225.44331501095732,2.764371001831023,16730.1018520011,5778.961117578579
1783443931,100,,Aggregated,43.800000,0.000000,13,27,41,72,180,340,750,13000,17000,17000,17000,8634,0,13,224.44665539426825,2.764371001831023,16730.1018520011,5780.701876302988
1783443932,100,,Aggregated,44.700000,0.000000,13,27,41,71,180,340,750,13000,17000,17000,17000,8678,0,13,223.4107479712056,2.764371001831023,16730.1018520011,5776.312514404241
1783443933,100,,Aggregated,44.700000,0.000000,13,26,40,70,180,330,750,13000,17000,17000,17000,8730,0,13,222.19854334422917,2.764371001831023,16730.1018520011,5785.662657502864
1783443934,100,,Aggregated,44.700000,0.000000,13,26,40,69,180,330,740,13000,17000,17000,17000,8766,0,13,221.3785708267302,2.764371001831023,16730.1018520011,5778.110540725531
1783443935,100,,Aggregated,45.200000,0.000000,13,27,40,69,180,330,740,13000,17000,17000,17000,8811,0,13,220.40298176530695,2.764371001831023,16730.1018520011,5769.546702984905
1783443936,100,,Aggregated,44.600000,0.000000,13,27,40,69,180,330,740,13000,17000,17000,17000,8859,0,13,219.35182796953603,2.764371001831023,16730.1018520011,5764.722429168078
1783443937,100,,Aggregated,44.900000,0.000000,13,27,41,69,180,330,740,13000,17000,17000,17000,8902,0,13,218.44415066267223,2.764371001831023,16730.1018520011,5759.940462817344
1783443938,100,,Aggregated,44.300000,0.000000,13,26,40,69,180,330,740,13000,17000,17000,17000,8952,0,13,217.41167889120845,2.764371001831023,16730.1018520011,5754.311327077748
1783443939,100,,Aggregated,44.100000,0.000000,13,26,40,68,180,320,740,13000,17000,17000,17000,9000,0,13,216.36386133412188,2.764371001831023,16730.1018520011,5756.363
1783443941,100,,Aggregated,45.600000,0.000000,13,27,41,71,180,330,730,13000,17000,17000,17000,9069,0,13,215.90491001478338,2.764371001831023,16730.1018520011,5760.272466644614
1783443942,100,,Aggregated,44.400000,0.000000,13,27,41,71,180,330,730,10000,17000,17000,17000,9104,0,13,215.12907787522784,2.764371001831023,16730.1018520011,5763.032293497364
1783443943,100,,Aggregated,45.900000,0.000000,13,27,41,70,180,330,730,10000,17000,17000,17000,9151,0,13,214.1687575808182,2.764371001831023,16730.1018520011,5757.674133974429
1783443944,100,,Aggregated,44.500000,0.000000,13,26,41,69,180,320,730,10000,17000,17000,17000,9198,0,13,213.21027421233524,2.764371001831023,16730.1018520011,5763.210154381387
1783443945,100,,Aggregated,44.500000,0.000000,13,26,41,69,180,320,730,10000,17000,17000,17000,9247,0,13,212.2848694173309,2.764371001831023,16730.1018520011,5747.295122742511
1783443946,100,,Aggregated,45.000000,0.000000,13,26,41,69,180,320,730,10000,17000,17000,17000,9298,0,13,211.322446437626,2.764371001831023,16730.1018520011,5758.074962357497
1783443947,100,,Aggregated,44.900000,0.000000,13,26,40,69,180,320,730,10000,17000,17000,17000,9346,0,13,210.31955900064696,2.764371001831023,16730.1018520011,5754.235929809544
1783443948,100,,Aggregated,45.400000,0.000000,13,26,40,68,170,320,720,10000,17000,17000,17000,9389,0,13,209.4635122608424,2.764371001831023,16730.1018520011,5754.941314303973
1783443949,100,,Aggregated,45.600000,0.000000,13,26,40,67,170,310,720,9800,17000,17000,17000,9431,0,13,208.59888175899212,2.764371001831023,16730.1018520011,5759.0598027780725
1783443950,100,,Aggregated,46.000000,0.000000,13,26,40,67,170,310,720,9800,17000,17000,17000,9473,0,13,207.78678584556675,2.764371001831023,16730.1018520011,5759.767127625884
1783443951,100,,Aggregated,45.500000,0.000000,13,26,40,67,170,310,720,9700,17000,17000,17000,9522,0,13,206.843514771062,2.764371001831023,16730.1018520011,5757.544213400546
1783443952,100,,Aggregated,46.000000,0.000000,13,26,40,66,170,310,720,9700,17000,17000,17000,9570,0,13,205.90390482257746,2.764371001831023,16730.1018520011,5756.426123301985
1783443953,100,,Aggregated,44.400000,0.000000,13,26,40,65,170,310,720,9500,17000,17000,17000,9615,0,13,205.02698884722463,2.764371001831023,16730.1018520011,5748.500884035361
1783443954,100,,Aggregated,45.900000,0.000000,13,26,40,65,170,310,720,9500,17000,17000,17000,9658,0,13,204.21644451108696,2.764371001831023,16730.1018520011,5750.296852350383
1783443955,100,,Aggregated,46.200000,0.000000,13,26,40,64,170,310,710,9500,17000,17000,17000,9711,0,13,203.26765925559573,2.764371001831023,16730.1018520011,5753.5312532180005
1783443956,100,,Aggregated,45.900000,0.000000,13,26,39,64,170,300,710,9500,17000,17000,17000,9754,0,13,202.44921458622946,2.764371001831023,16730.1018520011,5755.71017018659
1783443957,100,,Aggregated,46.500000,0.000000,13,26,39,64,170,300,710,9400,17000,17000,17000,9803,0,13,201.53224372152138,2.764371001831023,16730.1018520011,5757.828419871468
1783443958,100,,Aggregated,45.800000,0.000000,13,26,39,63,170,300,710,9400,17000,17000,17000,9844,0,13,200.78469239578277,2.764371001831023,16730.1018520011,5771.133685493702
1783443959,100,,Aggregated,46.600000,0.000000,13,26,39,62,170,300,710,9400,17000,17000,17000,9886,0,13,200.02771797654154,2.764371001831023,16730.1018520011,5768.594982803966
1783443960,100,,Aggregated,45.700000,0.000000,13,26,39,62,160,300,710,9200,17000,17000,17000,9934,0,13,199.17410696095052,2.764371001831023,16730.1018520011,5769.4714113146765
1783443961,100,,Aggregated,45.000000,0.000000,13,26,39,62,160,300,710,9200,17000,17000,17000,9974,0,13,198.47417973451758,2.764371001831023,16730.1018520011,5766.547523561259
1783443962,100,,Aggregated,45.400000,0.000000,13,26,39,62,160,300,700,1400,17000,17000,17000,10023,0,13,197.71106733563585,2.764371001831023,16730.1018520011,5771.624563503941
1783443963,100,,Aggregated,45.800000,0.000000,13,26,39,62,160,300,700,1400,17000,17000,17000,10067,0,13,196.93062507421064,2.764371001831023,16730.1018520011,5783.097645773319
1783443964,100,,Aggregated,45.300000,0.000000,13,26,39,61,160,300,680,1300,17000,17000,17000,10109,0,13,196.1992676524958,2.764371001831023,16730.1018520011,5785.229597388466
1783443965,100,,Aggregated,44.700000,0.000000,13,25,39,61,160,300,680,1300,17000,17000,17000,10155,0,13,195.39851017174612,2.764371001831023,16730.1018520011,5793.285672082718
1783443966,100,,Aggregated,44.800000,0.000000,13,25,38,61,160,290,680,1300,17000,17000,17000,10202,0,13,194.61144018153996,2.764371001831023,16730.1018520011,5789.237404430503
1783443967,100,,Aggregated,43.700000,0.000000,13,25,38,61,160,290,680,1300,17000,17000,17000,10244,0,13,193.89121379705787,2.764371001831023,16730.1018520011,5788.658922295978
1783443968,100,,Aggregated,43.900000,0.000000,13,25,38,61,160,290,680,1300,17000,17000,17000,10293,0,13,193.12355471699658,2.764371001831023,16730.1018520011,5783.292626056544
1783443969,100,,Aggregated,43.200000,0.000000,13,25,38,60,160,290,680,1300,17000,17000,17000,10339,0,13,192.36985894951465,2.764371001831023,16730.1018520011,5787.271592997388
1783443970,100,,Aggregated,44.200000,0.000000,13,25,38,60,160,290,680,1300,17000,17000,17000,10381,0,13,191.68013926471687,2.764371001831023,16730.1018520011,5792.883729891148
1783443972,100,,Aggregated,44.700000,0.000000,13,26,39,64,170,300,680,1300,17000,17000,17000,10466,0,13,192.22610737330467,2.764371001831023,16730.1018520011,5787.742212879802
1783443973,100,,Aggregated,41.900000,0.000000,13,26,39,63,170,300,680,1300,17000,17000,17000,10495,0,13,191.7453409273935,2.764371001831023,16730.1018520011,5787.144830871844
1783443974,100,,Aggregated,45.500000,0.000000,13,26,39,63,160,300,680,1300,17000,17000,17000,10541,0,13,191.01410993302184,2.764371001831023,16730.1018520011,5794.455459633811
1783443975,100,,Aggregated,43.500000,0.000000,13,26,39,63,160,300,680,1300,17000,17000,17000,10590,0,13,190.25356365684434,2.764371001831023,16730.1018520011,5797.884796978281
1783443976,100,,Aggregated,42.800000,0.000000,13,26,39,62,160,300,680,1300,17000,17000,17000,10638,0,13,189.52323352002233,2.764371001831023,16730.1018520011,5789.8886068809925
1783443977,100,,Aggregated,43.800000,0.000000,13,26,39,62,160,300,680,1300,17000,17000,17000,10678,0,13,188.92216587375873,2.764371001831023,16730.1018520011,5792.162015358681
1783443978,100,,Aggregated,45.400000,0.000000,13,26,39,62,160,290,660,1300,17000,17000,17000,10724,0,13,188.24994049263444,2.764371001831023,16730.1018520011,5790.479298769116
1783443979,100,,Aggregated,44.100000,0.000000,13,25,39,62,160,290,660,1300,17000,17000,17000,10777,0,13,187.47720924941987,2.764371001831023,16730.1018520011,5783.9243759858955
1783443980,100,,Aggregated,44.100000,0.000000,13,25,38,62,160,290,660,1200,17000,17000,17000,10824,0,13,186.7902865080376,2.764371001831023,16730.1018520011,5784.136363636364
1783443981,100,,Aggregated,44.500000,0.000000,13,25,38,62,160,290,660,1200,17000,17000,17000,10868,0,13,186.159459564684,2.764371001831023,16730.1018520011,5778.984265734266
1783443982,100,,Aggregated,45.400000,0.000000,13,25,38,62,160,290,660,1200,17000,17000,17000,10914,0,13,185.4493447371253,2.764371001831023,16730.1018520011,5783.488363569727
1783443983,100,,Aggregated,47.500000,0.000000,13,25,38,61,160,290,650,1200,17000,17000,17000,10961,0,13,184.72880750095783,2.764371001831023,16730.1018520011,5786.095338016605
1783443984,100,,Aggregated,44.400000,0.000000,13,25,38,61,160,290,650,1200,17000,17000,17000,11006,0,13,184.1017464728317,2.764371001831023,16730.1018520011,5780.459113210976
1783443985,100,,Aggregated,45.900000,0.000000,13,25,38,61,160,290,650,1200,17000,17000,17000,11050,0,12,183.47320130090378,2.764371001831023,16730.1018520011,5780.385882352941
1783443986,100,,Aggregated,46.700000,0.000000,13,25,38,60,160,290,650,1200,17000,17000,17000,11100,0,12,182.7713868918911,2.764371001831023,16730.1018520011,5779.814324324324
1783443987,100,,Aggregated,46.400000,0.000000,12,25,38,60,160,280,650,1200,17000,17000,17000,11133,0,12,182.28778489688182,2.764371001831023,16730.1018520011,5790.336477140034
1783443988,100,,Aggregated,45.000000,0.000000,12,25,38,60,160,280,650,1200,17000,17000,17000,11188,0,12,181.61013011270842,2.764371001831023,16730.1018520011,5788.481229889167
1783443989,100,,Aggregated,45.800000,0.000000,12,25,38,60,160,280,650,1100,17000,17000,17000,11238,0,12,180.93038066221516,2.764371001831023,16730.1018520011,5787.89046093611
1783443990,100,,Aggregated,45.800000,0.000000,13,25,38,61,160,280,640,1100,17000,17000,17000,11302,0,13,180.31913730481037,2.764371001831023,16730.1018520011,5790.120067244736
1783443991,100,,Aggregated,46.000000,0.000000,12,25,38,60,160,280,640,1100,17000,17000,17000,11346,0,12,179.722629046444,2.764371001831023,16730.1018520011,5789.453111228627
1783443992,100,,Aggregated,44.400000,0.000000,12,25,38,60,160,280,640,1100,17000,17000,17000,11389,0,12,179.19408495530234,2.764371001831023,16730.1018520011,5783.8007726753885
1783443993,100,,Aggregated,45.700000,0.000000,12,25,38,60,160,280,640,1100,17000,17000,17000,11431,0,12,178.5792836849748,2.764371001831023,16730.1018520011,5784.439769049077
1783443994,100,,Aggregated,45.200000,0.000000,12,25,38,60,160,280,640,1100,17000,17000,17000,11480,0,12,177.94327247978705,2.764371001831023,16730.1018520011,5784.530574912892
1783443995,100,,Aggregated,45.500000,0.000000,12,25,37,60,160,280,640,1100,17000,17000,17000,11522,0,12,177.4186404672775,2.764371001831023,16730.1018520011,5779.8916854712725
1783443996,100,,Aggregated,45.500000,0.000000,12,25,37,59,160,280,630,1100,17000,17000,17000,11569,0,12,176.81987441152927,2.764371001831023,16730.1018520011,5785.540669029302
1783443997,100,,Aggregated,44.700000,0.000000,12,25,37,59,160,270,630,1000,17000,17000,17000,11613,0,12,176.25377043020583,2.764371001831023,16730.1018520011,5784.952983725136
1783443998,100,,Aggregated,44.800000,0.000000,12,25,37,59,160,270,630,1000,17000,17000,17000,11658,0,12,175.7298025229877,2.764371001831023,16730.1018520011,5781.039715217018
1783443999,100,,Aggregated,45.500000,0.000000,12,25,37,59,160,270,630,1000,17000,17000,17000,11706,0,12,175.11456302801886,2.764371001831023,16730.1018520011,5786.026823851016
1783444000,100,,Aggregated,45.400000,0.000000,12,25,37,59,160,270,620,1000,17000,17000,17000,11755,0,12,174.5421917465741,2.764371001831023,16730.1018520011,5789.20059549128
1783444001,100,,Aggregated,44.300000,0.000000,12,25,37,59,160,270,620,1000,17000,17000,17000,11800,0,12,173.97764673016812,2.764371001831023,16730.1018520011,5793.322627118644
1783444002,100,,Aggregated,45.400000,0.000000,12,25,37,59,160,270,610,1000,17000,17000,17000,11856,0,12,173.34510874957655,2.764371001831023,16730.1018520011,5792.306680161943
1783444003,100,,Aggregated,44.700000,0.000000,12,25,37,58,150,270,610,1000,17000,17000,17000,11891,0,12,172.91849239340564,2.764371001831023,16730.1018520011,5793.217979984863
1783444004,100,,Aggregated,45.000000,0.000000,12,25,37,58,150,270,610,1000,17000,17000,17000,11943,0,12,172.31368072519513,2.764371001831023,16730.1018520011,5786.234865611656
1783444005,100,,Aggregated,46.400000,0.000000,12,25,37,58,150,270,610,1000,17000,17000,17000,11993,0,12,171.8038745914285,2.764371001831023,16730.1018520011,5782.776869840741
1783444006,100,,Aggregated,45.400000,0.000000,12,25,37,58,150,270,610,1000,17000,17000,17000,12033,0,12,171.34233420161223,2.764371001831023,16730.1018520011,5780.156652538852
1783444007,100,,Aggregated,46.200000,0.000000,12,25,37,58,150,270,600,1000,17000,17000,17000,12079,0,12,170.83882456958372,2.764371001831023,16730.1018520011,5792.724314926732
1783444008,100,,Aggregated,47.000000,0.000000,12,25,37,58,150,260,600,1000,17000,17000,17000,12125,0,12,170.3462945982665,2.764371001831023,16730.1018520011,5787.078927835051
1783444009,100,,Aggregated,46.100000,0.000000,12,25,37,58,150,260,590,1000,17000,17000,17000,12167,0,12,169.88742978499096,2.764371001831023,16730.1018520011,5791.8915098216485
1783444010,100,,Aggregated,45.700000,0.000000,12,25,37,58,150,260,590,1000,17000,17000,17000,12219,0,12,169.26799287952983,2.764371001831023,16730.1018520011,5791.712169571978
1783444011,100,,Aggregated,46.200000,0.000000,12,25,37,58,150,260,590,1000,17000,17000,17000,12259,0,12,168.8354167286054,2.764371001831023,16730.1018520011,5787.428583081817
1783444012,100,,Aggregated,46.300000,0.000000,12,25,37,57,150,260,590,1000,17000,17000,17000,12306,0,12,168.26223863147797,2.764371001831023,16730.1018520011,5789.960750853243
1783444013,100,,Aggregated,46.000000,0.000000,12,25,37,57,150,260,590,1000,17000,17000,17000,12351,0,12,167.7719824594751,2.764371001831023,16730.1018520011,5787.413002995709
1783444014,100,,Aggregated,46.200000,0.000000,12,25,37,57,150,260,590,1000,17000,17000,17000,12391,0,12,167.3326320214654,2.764371001831023,16730.1018520011,5790.0088774110245
1783444016,100,,Aggregated,46.000000,0.000000,12,25,37,58,150,260,590,1000,17000,17000,17000,12452,0,12,166.96919299646356,2.764371001831023,16730.1018520011,5787.109620944427
1783444017,100,,Aggregated,44.500000,0.000000,12,25,37,58,150,260,590,1000,17000,17000,17000,12497,0,12,166.4595130668944,2.764371001831023,16730.1018520011,5787.503160758582
1783444018,100,,Aggregated,44.800000,0.000000,12,25,37,58,150,260,580,1000,17000,17000,17000,12551,0,12,165.9851217851953,2.764371001831023,16730.1018520011,5786.711895466497
1783444019,100,,Aggregated,45.200000,0.000000,12,25,37,57,150,260,580,1000,17000,17000,17000,12603,0,12,165.44358174720324,2.764371001831023,16730.1018520011,5787.650559390621
1783444020,100,,Aggregated,44.900000,0.000000,12,25,37,57,150,260,580,1000,17000,17000,17000,12650,0,12,164.9159123845047,2.764371001831023,16730.1018520011,5790.112648221344
1783444021,100,,Aggregated,44.600000,0.000000,12,25,37,57,150,260,580,1000,17000,17000,17000,12694,0,12,164.43115094099306,2.764371001831023,16730.1018520011,5786.936269103513
1783444022,100,,Aggregated,45.600000,0.000000,12,25,37,57,150,260,580,1000,17000,17000,17000,12738,0,12,164.06838240798774,2.764371001831023,16730.1018520011,5793.81935939708
1783444023,100,,Aggregated,45.200000,0.000000,12,25,37,57,150,260,570,1000,17000,17000,17000,12778,0,12,163.67546221857378,2.764371001831023,16730.1018520011,5795.528173423071
1783444024,100,,Aggregated,45.000000,0.000000,12,25,37,57,150,260,570,1000,17000,17000,17000,12827,0,12,163.1795421626214,2.764371001831023,16730.1018520011,5792.233569813674
1783444025,100,,Aggregated,44.600000,0.000000,12,25,37,57,150,260,570,1000,17000,17000,17000,12882,0,12,162.80291711341053,2.764371001831023,16730.1018520011,5792.423303834808
1783444026,100,,Aggregated,44.300000,0.000000,12,25,37,57,150,260,570,1000,17000,17000,17000,12928,0,12,162.31223575618367,2.764371001831023,16730.1018520011,5791.602336014851
1783444027,100,,Aggregated,45.000000,0.000000,12,25,37,57,150,260,570,1000,17000,17000,17000,12969,0,12,161.883222105015,2.764371001831023,16730.1018520011,5789.41622330172
1783444028,100,,Aggregated,44.100000,0.000000,12,25,37,57,150,260,570,1000,16000,17000,17000,13020,0,12,161.33554933701518,2.764371001831023,16730.1018520011,5789.966666666666
1783444029,100,,Aggregated,44.300000,0.000000,12,25,37,57,150,260,560,1000,16000,17000,17000,13058,0,12,161.0388150966408,2.764371001831023,16730.1018520011,5789.767345688467
1783444030,100,,Aggregated,44.300000,0.000000,12,25,37,57,150,260,560,1000,16000,17000,17000,13113,0,12,160.51240027719967,2.764371001831023,16730.1018520011,5791.742011744071
1783444031,100,,Aggregated,45.000000,0.000000,12,25,37,57,150,260,560,1000,16000,17000,17000,13150,0,12,160.14671838782579,2.764371001831023,16730.1018520011,5789.051482889734
1783444032,100,,Aggregated,43.500000,0.000000,12,25,37,57,150,260,560,1000,16000,17000,17000,13200,0,12,159.65250807575117,2.764371001831023,16730.1018520011,5783.934848484849
1783444033,100,,Aggregated,44.300000,0.000000,12,25,37,57,150,250,560,1000,16000,17000,17000,13247,0,12,159.21217366648546,2.764371001831023,16730.1018520011,5782.080244583679
1783444034,100,,Aggregated,43.900000,0.000000,12,25,37,57,150,250,560,1000,16000,17000,17000,13284,0,12,158.8492173545585,2.764371001831023,16730.1018520011,5788.320686540199
1783444035,100,,Aggregated,44.300000,0.000000,12,25,37,57,150,250,560,990,16000,17000,17000,13334,0,12,158.38023651447065,2.764371001831023,16730.1018520011,5784.836808159592
1783444036,100,,Aggregated,45.000000,0.000000,12,25,37,57,150,250,560,990,16000,17000,17000,13380,0,12,157.90222898183387,2.764371001831023,16730.1018520011,5785.808819133034
1783444037,100,,Aggregated,45.200000,0.000000,12,25,37,56,150,250,560,990,16000,17000,17000,13428,0,12,157.4487184471957,2.764371001831023,16730.1018520011,5775.589588918678
1783444038,100,,Aggregated,45.100000,0.000000,12,25,37,56,150,250,560,990,16000,17000,17000,13475,0,12,157.01646394789947,2.764371001831023,16730.1018520011,5775.285194805195
1783444039,100,,Aggregated,45.300000,0.000000,12,25,37,56,150,250,560,990,16000,17000,17000,13515,0,12,156.63280738438417,2.764371001831023,16730.1018520011,5775.777358490566
1783444040,100,,Aggregated,46.000000,0.000000,12,25,37,56,150,250,560,990,16000,17000,17000,13560,0,12,156.18150726673647,2.764371001831023,16730.1018520011,5778.583407079646
1783444041,100,,Aggregated,45.200000,0.000000,12,25,36,56,150,250,560,990,16000,17000,17000,13609,0,12,155.69902566235177,2.764371001831023,16730.1018520011,5779.115438312881
1783444042,100,,Aggregated,45.300000,0.000000,12,25,37,56,150,250,550,990,16000,17000,17000,13652,0,12,155.3205068839689,2.764371001831023,16730.1018520011,5781.203852915324
1783444043,100,,Aggregated,44.900000,0.000000,12,25,37,56,150,250,550,990,16000,17000,17000,13698,0,12,154.9342251465143,2.764371001831023,16730.1018520011,5777.141188494671
1783444044,100,,Aggregated,45.500000,0.000000,12,25,36,55,150,250,550,970,16000,17000,17000,13743,0,12,154.49763976991494,2.764371001831023,16730.1018520011,5780.791311940624
1783444045,100,,Aggregated,45.300000,0.000000,12,25,36,55,150,250,550,970,16000,17000,17000,13791,0,12,154.04382252548262,2.764371001831023,16730.1018520011,5783.666449133493
1783444046,100,,Aggregated,44.900000,0.000000,12,25,36,55,150,250,550,940,16000,17000,17000,13834,0,12,153.67523844404508,2.764371001831023,16730.1018520011,5790.753361283793
1783444047,100,,Aggregated,45.100000,0.000000,12,25,36,55,150,250,550,940,16000,17000,17000,13867,0,12,153.40132244623365,2.764371001831023,16730.1018520011,5790.242301867744
1783444048,100,,Aggregated,45.400000,0.000000,12,25,36,55,150,250,550,940,16000,17000,17000,13915,0,12,152.96565145008364,2.764371001831023,16730.1018520011,5791.074811354653
1783444049,100,,Aggregated,45.100000,0.000000,12,25,36,55,150,250,550,940,16000,17000,17000,13960,0,12,152.5659840043624,2.764371001831023,16730.1018520011,5786.616332378224
1783444050,100,,Aggregated,43.500000,0.000000,12,25,36,54,150,250,550,920,16000,17000,17000,14011,0,12,152.15819537476844,2.764371001831023,16730.1018520011,5786.360573834844
1783444051,100,,Aggregated,44.000000,0.000000,12,25,36,54,150,250,550,920,16000,17000,17000,14060,0,12,151.72875822929456,2.764371001831023,16730.1018520011,5788.425248933144
1783444052,100,,Aggregated,44.400000,0.000000,12,25,36,54,150,250,550,910,16000,17000,17000,14101,0,12,151.3588185132886,2.764371001831023,16730.1018520011,5787.470463087724
1783444053,100,,Aggregated,45.000000,0.000000,12,25,36,54,150,240,550,910,16000,17000,17000,14143,0,12,150.9580245372187,2.764371001831023,16730.1018520011,5787.276956798416
1783444054,100,,Aggregated,45.300000,0.000000,12,25,36,54,150,250,550,910,16000,17000,17000,14181,0,12,150.69068832697897,2.764371001831023,16730.1018520011,5792.479021225584
1783444055,100,,Aggregated,44.500000,0.000000,12,25,36,54,140,250,550,910,16000,17000,17000,14234,0,12,150.26445058759924,2.764371001831023,16730.1018520011,5793.00337220739
1783444056,100,,Aggregated,44.300000,0.000000,12,25,36,54,150,240,540,910,16000,17000,17000,14287,0,12,149.84957052690538,2.764371001831023,16730.1018520011,5793.04808567229
1783444057,100,,Aggregated,43.700000,0.000000,12,25,36,53,140,240,540,890,16000,17000,17000,14322,0,12,149.54415361177882,2.764371001831023,16730.1018520011,5790.408043569334
1783444058,100,,Aggregated,43.900000,0.000000,12,25,36,53,140,240,540,890,16000,17000,17000,14374,0,12,149.13324934985934,2.764371001831023,16730.1018520011,5787.339849728677
1783444059,100,,Aggregated,45.100000,0.000000,12,25,36,53,140,240,540,890,16000,17000,17000,14416,0,12,148.816708109593,2.764371001831023,16730.1018520011,5791.449708657048
1783444061,100,,Aggregated,45.400000,0.000000,12,25,36,53,140,240,530,890,16000,17000,17000,14459,0,12,148.4197728385702,2.764371001831023,16730.1018520011,5792.456947230099
1783444062,100,,Aggregated,45.700000,0.000000,12,25,36,53,140,240,530,890,16000,17000,17000,14508,0,12,147.986607917969,2.764371001831023,16730.1018520011,5794.909429280397
1783444063,100,,Aggregated,44.500000,0.000000,12,24,36,53,140,240,530,890,16000,17000,17000,14557,0,12,147.65472364765537,2.764371001831023,16730.1018520011,5788.6223809850935
1783444064,100,,Aggregated,44.500000,0.000000,12,24,36,52,140,240,530,890,16000,17000,17000,14597,0,12,147.31358969575376,2.764371001831023,16730.1018520011,5788.335342878674
1783444065,100,,Aggregated,45.500000,0.000000,12,24,36,52,140,240,530,880,16000,17000,17000,14649,0,12,146.90301873601678,2.764371001831023,16730.1018520011,5783.760529728992
1783444066,100,,Aggregated,45.500000,0.000000,12,24,35,52,140,240,530,880,16000,17000,17000,14694,0,12,146.55151296371997,2.764371001831023,16730.1018520011,5781.670545801007
1783444067,100,,Aggregated,46.500000,0.000000,12,24,35,52,140,240,530,860,16000,17000,17000,14733,0,12,146.23564325432073,2.764371001831023,16730.1018520011,5780.6235661440305
1783444068,100,,Aggregated,46.000000,0.000000,12,24,35,52,140,240,530,860,16000,17000,17000,14781,0,12,145.81979508192262,2.764371001831023,16730.1018520011,5781.210269941141
1783444069,100,,Aggregated,44.300000,0.000000,12,24,35,52,140,240,530,860,16000,17000,17000,14826,0,12,145.43167542674334,2.764371001831023,16730.1018520011,5784.5809388911375
1783444070,100,,Aggregated,45.500000,0.000000,12,24,35,52,140,240,520,860,16000,17000,17000,14870,0,12,145.10324108412235,2.764371001831023,16730.1018520011,5789.7421654337595
1783444071,100,,Aggregated,45.100000,0.000000,12,24,35,51,140,240,510,860,16000,17000,17000,14915,0,12,144.7111291855102,2.764371001831023,16730.1018520011,5795.031377807576
1783444072,100,,Aggregated,45.200000,0.000000,12,24,35,51,140,240,510,860,16000,17000,17000,14961,0,12,144.33623849427758,2.764371001831023,16730.1018520011,5797.317024263084
1783444073,100,,Aggregated,45.300000,0.000000,12,24,35,51,140,240,510,860,16000,17000,17000,15011,0,12,143.97040100785267,2.764371001831023,16730.1018520011,5800.940909999334
1783444074,100,,Aggregated,44.900000,0.000000,12,24,35,51,140,240,510,860,16000,17000,17000,15062,0,12,143.5373925399606,2.764371001831023,16730.1018520011,5802.268158279113
1783444075,100,,Aggregated,44.900000,0.000000,12,24,35,51,140,240,510,860,16000,17000,17000,15098,0,12,143.2517719512432,2.764371001831023,16730.1018520011,5799.841700887535
1783444076,100,,Aggregated,46.100000,0.000000,12,24,35,51,140,240,510,860,16000,17000,17000,15148,0,12,142.8480070389405,2.764371001831023,16730.1018520011,5805.304528650647
1783444077,100,,Aggregated,45.200000,0.000000,12,24,35,51,140,240,510,860,16000,17000,17000,15195,0,12,142.5138542873225,2.764371001831023,16730.1018520011,5800.167160250082
1783444078,100,,Aggregated,45.200000,0.000000,12,24,35,51,140,240,510,850,16000,17000,17000,15240,0,12,142.22506503693273,2.764371001831023,16730.1018520011,5798.3305774278215
1783444079,100,,Aggregated,46.200000,0.000000,12,24,35,51,140,240,500,850,16000,17000,17000,15291,0,12,141.8545456784293,2.764371001831023,16730.1018520011,5800.993591001243
1783444080,100,,Aggregated,46.200000,0.000000,12,24,35,50,140,240,500,850,16000,17000,17000,15329,0,12,141.58681879449725,2.764371001831023,16730.1018520011,5797.251418879248
1783444081,100,,Aggregated,46.200000,0.000000,12,24,35,50,140,240,500,850,16000,17000,17000,15383,0,12,141.18739178631358,2.764371001831023,16730.1018520011,5800.940453747644
1783444082,100,,Aggregated,45.800000,0.000000,12,24,35,50,140,240,500,850,16000,17000,17000,15428,0,12,140.8823137344332,2.764371001831023,16730.1018520011,5801.49714804252
1783444083,100,,Aggregated,46.700000,0.000000,12,24,35,50,140,240,500,850,16000,17000,17000,15468,0,12,140.60889395163093,2.764371001831023,16730.1018520011,5800.83979829325
1783444084,100,,Aggregated,46.700000,0.000000,12,24,35,50,140,240,490,840,16000,17000,17000,15529,0,12,140.27643079083373,2.764371001831023,16730.1018520011,5803.866636615365
1783444085,100,,Aggregated,45.700000,0.000000,12,24,35,50,140,240,480,840,16000,17000,17000,15570,0,12,140.02944882747994,2.764371001831023,16730.1018520011,5804.689659601799
1783444086,100,,Aggregated,45.800000,0.000000,12,24,35,50,140,240,480,830,16000,17000,17000,15610,0,12,139.73394578102875,2.764371001831023,16730.1018520011,5802.006470211403
1783444087,100,,Aggregated,46.600000,0.000000,12,24,35,50,140,240,470,830,16000,17000,17000,15658,0,12,139.39975146646074,2.764371001831023,16730.1018520011,5802.457785157747
1783444088,100,,Aggregated,46.300000,0.000000,12,24,35,50,140,240,470,830,16000,17000,17000,15703,0,12,139.10488761528612,2.764371001831023,16730.1018520011,5802.383175189454
1783444089,100,,Aggregated,46.000000,0.000000,12,24,35,50,140,240,470,830,16000,17000,17000,15747,0,12,138.7986417076808,2.764371001831023,16730.1018520011,5799.974280815393
1783444090,100,,Aggregated,45.600000,0.000000,12,24,35,50,140,240,470,830,16000,17000,17000,15800,0,12,138.4940692911927,2.764371001831023,16730.1018520011,5798.381582278481
1783444091,100,,Aggregated,45.600000,0.000000,12,24,35,50,140,240,470,830,16000,17000,17000,15841,0,12,138.21915725287835,2.764371001831023,16730.1018520011,5799.544536329777
1783444092,100,,Aggregated,46.400000,0.000000,12,24,35,50,140,240,470,830,16000,17000,17000,15881,0,12,137.9514330824775,2.764371001831023,16730.1018520011,5797.201372709527
1783444093,100,,Aggregated,45.500000,0.000000,12,24,35,50,140,240,470,820,16000,17000,17000,15929,0,12,137.64279120879047,2.764371001831023,16730.1018520011,5796.697030573168
1783444094,100,,Aggregated,45.200000,0.000000,12,24,35,50,140,240,470,820,16000,17000,17000,15970,0,12,137.35415415665798,2.764371001831023,16730.1018520011,5796.455854727615
1783444095,100,,Aggregated,46.000000,0.000000,12,24,35,50,140,230,470,820,16000,17000,17000,16018,0,12,137.02654979927692,2.764371001831023,16730.1018520011,5795.818454238981
1783444096,100,,Aggregated,44.900000,0.000000,12,24,34,50,140,230,470,820,16000,17000,17000,16064,0,12,136.72796264198442,2.764371001831023,16730.1018520011,5798.908802290836
1783444097,100,,Aggregated,44.600000,0.000000,12,24,34,50,140,230,460,810,16000,17000,17000,16111,0,12,136.4086705805257,2.764371001831023,16730.1018520011,5800.028117435293
1783444098,100,,Aggregated,44.900000,0.000000,12,24,34,49,140,230,460,810,16000,17000,17000,16150,0,12,136.1319889216004,2.764371001831023,16730.1018520011,5800.031888544891
1783444099,100,,Aggregated,44.700000,0.000000,12,24,34,49,140,230,460,810,16000,17000,17000,16197,0,12,135.82157715613033,2.764371001831023,16730.1018520011,5802.589677100697
1783444100,100,,Aggregated,45.000000,0.000000,12,24,34,49,140,230,460,810,16000,17000,17000,16249,0,12,135.47403549657398,2.764371001831023,16730.1018520011,5803.284325189243
1783444101,100,,Aggregated,44.600000,0.000000,12,24,34,49,140,230,460,810,16000,17000,17000,16295,0,12,135.16535703644212,2.764371001831023,16730.1018520011,5804.706535747162
1783444102,100,,Aggregated,44.900000,0.000000,12,24,34,49,140,230,460,810,16000,17000,17000,16341,0,12,134.85184177105603,2.764371001831023,16730.1018520011,5805.549905146564
1783444103,100,,Aggregated,45.300000,0.000000,12,24,34,49,140,230,460,810,16000,17000,17000,16381,0,12,134.58454678950193,2.764371001831023,16730.1018520011,5809.322263598071
1783444104,100,,Aggregated,45.900000,0.000000,12,24,34,48,140,230,450,800,16000,17000,17000,16434,0,12,134.21722000303333,2.764371001831023,16730.1018520011,5810.229767555069
1783444105,100,,Aggregated,44.700000,0.000000,12,24,34,48,140,230,450,800,16000,17000,17000,16485,0,12,133.86407253120166,2.764371001831023,16730.1018520011,5804.875159235668
1783444106,100,,Aggregated,46.100000,0.000000,12,24,34,48,140,230,450,800,16000,17000,17000,16532,0,12,133.53915594464473,2.764371001831023,16730.1018520011,5809.583716428744
1783444107,100,,Aggregated,46.400000,0.000000,12,24,34,48,140,230,450,800,16000,17000,17000,16579,0,12,133.22174972060247,2.764371001831023,16730.1018520011,5809.700585077508
1783444108,100,,Aggregated,46.800000,0.000000,12,24,34,48,140,230,450,800,16000,17000,17000,16625,0,12,132.9492482294057,2.764371001831023,16730.1018520011,5813.17154887218
1783444109,100,,Aggregated,47.100000,0.000000,12,24,34,48,140,230,450,800,16000,17000,17000,16679,0,12,132.57719400179158,2.764371001831023,16730.1018520011,5814.232627855387
1783444110,100,,Aggregated,47.100000,0.000000,12,24,34,48,140,230,450,800,16000,17000,17000,16721,0,12,132.2918471954945,2.764371001831023,16730.1018520011,5814.851444291609
1783444111,100,,Aggregated,47.800000,0.000000,12,24,34,48,140,230,450,800,16000,17000,17000,16768,0,12,131.99522760107746,2.764371001831023,16730.1018520011,5814.620825381679
1783444112,100,,Aggregated,47.300000,0.000000,12,24,34,48,140,230,440,800,16000,17000,17000,16814,0,12,131.76399576667419,2.764371001831023,16730.1018520011,5814.197157130962
1783444113,100,,Aggregated,46.900000,0.000000,12,24,34,47,140,230,440,800,16000,17000,17000,16859,0,12,131.45997506772946,2.764371001831023,16730.1018520011,5812.512841805564
1783444114,100,,Aggregated,47.000000,0.000000,12,24,34,47,140,230,440,800,16000,17000,17000,16897,0,12,131.23454675805482,2.764371001831023,16730.1018520011,5814.415399183287
1783444115,100,,Aggregated,47.800000,0.000000,12,24,34,47,140,230,440,790,16000,17000,17000,16949,0,12,130.96357568227387,2.764371001831023,16730.1018520011,5808.153932385391
1783444116,100,,Aggregated,46.400000,0.000000,12,24,34,47,140,230,440,790,16000,17000,17000,16995,0,12,130.68608107283748,2.764371001831023,16730.1018520011,5805.421123859959
1783444117,100,,Aggregated,46.300000,0.000000,12,24,34,47,140,230,440,780,16000,17000,17000,17039,0,12,130.42463236621063,2.764371001831023,16730.1018520011,5810.982804155174
1783444118,100,,Aggregated,45.700000,0.000000,12,24,34,47,140,220,440,780,16000,17000,17000,17089,0,12,130.1386676487117,2.764371001831023,16730.1018520011,5812.807946632337
1783444119,100,,Aggregated,45.600000,0.000000,12,24,34,47,140,220,440,760,16000,17000,17000,17131,0,12,129.8698889301171,2.764371001831023,16730.1018520011,5813.551573171444
1783444120,100,,Aggregated,46.000000,0.000000,12,24,34,47,130,220,430,760,16000,17000,17000,17181,0,12,129.56047201291037,2.764371001831023,16730.1018520011,5813.763808858623
1783444121,100,,Aggregated,45.200000,0.000000,12,24,34,47,130,220,430,750,16000,17000,17000,17224,0,12,129.32911545197425,2.764371001831023,16730.1018520011,5812.582907570832
1783444122,100,,Aggregated,45.000000,0.000000,12,24,34,47,140,220,430,750,16000,17000,17000,17271,0,12,129.0977968141282,2.764371001831023,16730.1018520011,5804.641711539575
1783444123,100,,Aggregated,45.200000,0.000000,12,24,34,47,140,220,430,750,16000,17000,17000,17320,0,12,128.838737473834,2.764371001831023,16730.1018520011,5812.513741339492
1783444124,100,,Aggregated,45.300000,0.000000,12,24,34,47,130,220,430,750,16000,17000,17000,17368,0,12,128.5549128846037,2.764371001831023,16730.1018520011,5813.539958544449
1783444125,100,,Aggregated,44.900000,0.000000,12,24,34,47,130,220,430,750,16000,17000,17000,17421,0,12,128.2917320313298,2.764371001831023,16730.1018520011,5813.553412548074
1783444126,100,,Aggregated,46.300000,0.000000,12,24,34,47,130,220,430,750,16000,17000,17000,17468,0,12,128.02995681679633,2.764371001831023,16730.1018520011,5816.334153881383
1783444127,100,,Aggregated,46.400000,0.000000,12,24,34,47,130,220,430,750,16000,17000,17000,17514,0,12,127.75546975783881,2.764371001831023,16730.1018520011,5816.497773210003
1783444128,100,,Aggregated,45.900000,0.000000,12,24,34,47,130,220,430,750,16000,17000,17000,17562,0,12,127.45038261250421,2.764371001831023,16730.1018520011,5820.073681813005
1783444129,100,,Aggregated,46.300000,0.000000,12,23,34,47,130,220,430,750,16000,17000,17000,17615,0,12,127.13037547208675,2.764371001831023,16730.1018520011,5819.570763553789
1783444130,100,,Aggregated,46.400000,0.000000,12,23,34,47,130,220,430,750,16000,17000,17000,17661,0,12,126.85744488504706,2.764371001831023,16730.1018520011,5815.847177396523
1783444131,100,,Aggregated,46.700000,0.000000,12,24,34,47,130,220,430,750,16000,17000,17000,17699,0,12,126.66225401897417,2.764371001831023,16730.1018520011,5814.615797502684
1783444132,100,,Aggregated,46.800000,0.000000,12,24,34,47,130,220,430,750,16000,17000,17000,17746,0,12,126.3984054782949,2.764371001831023,16730.1018520011,5816.879691198016
1783444133,100,,Aggregated,46.700000,0.000000,12,24,34,47,130,220,430,750,16000,17000,17000,17797,0,12,126.15662764740291,2.764371001831023,16730.1018520011,5816.723717480474
1783444134,100,,Aggregated,46.300000,0.000000,12,24,34,47,130,220,430,740,16000,17000,17000,17838,0,12,125.90743526610791,2.764371001831023,16730.1018520011,5820.474156295549
1783444135,100,,Aggregated,47.400000,0.000000,12,24,34,47,130,220,430,740,16000,17000,17000,17885,0,12,125.67214718092346,2.764371001831023,16730.1018520011,5820.9426334917525
1783444136,100,,Aggregated,46.100000,0.000000,12,24,34,47,130,220,430,740,16000,17000,17000,17930,0,12,125.43262181248302,2.764371001831023,16730.1018520011,5820.738315672058
1783444137,100,,Aggregated,45.500000,0.000000,12,24,34,47,130,220,430,740,16000,17000,17000,17979,0,12,125.15998018003211,2.764371001831023,16730.1018520011,5824.973246565438
1783444138,100,,Aggregated,46.200000,0.000000,12,24,34,47,130,220,420,740,16000,17000,17000,18024,0,12,124.93377834231124,2.764371001831023,16730.1018520011,5823.841100754549
1783444139,100,,Aggregated,45.500000,0.000000,12,23,34,46,130,220,420,740,16000,17000,17000,18070,0,12,124.65339874531362,2.764371001831023,16730.1018520011,5822.668345323741
1783444140,100,,Aggregated,46.000000,0.000000,12,23,34,46,130,220,420,740,16000,17000,17000,18119,0,12,124.38538004408655,2.764371001831023,16730.1018520011,5822.116893868315
1783444141,100,,Aggregated,45.200000,0.000000,12,23,34,46,130,220,420,740,16000,17000,17000,18165,0,12,124.15886873112112,2.764371001831023,16730.1018520011,5821.939939443986
1783444142,100,,Aggregated,45.700000,0.000000,12,23,34,46,130,220,420,740,16000,17000,17000,18208,0,12,123.96020732177233,2.764371001831023,16730.1018520011,5821.416410369068
1783444143,100,,Aggregated,45.400000,0.000000,12,23,34,46,130,220,420,740,16000,17000,17000,18254,0,12,123.71783924059531,2.764371001831023,16730.1018520011,5818.767009970417
1783444144,100,,Aggregated,45.700000,0.000000,12,23,34,46,130,220,420,730,16000,17000,17000,18301,0,12,123.45463114686817,2.764371001831023,16730.1018520011,5818.465165837933
1783444145,100,,Aggregated,45.300000,0.000000,12,23,34,46,130,220,420,730,16000,17000,17000,18340,0,12,123.29300447163794,2.764371001831023,16730.1018520011,5815.142420937841
1783444146,100,,Aggregated,45.700000,0.000000,12,23,33,46,130,220,420,730,16000,17000,17000,18386,0,12,123.02751635363072,2.764371001831023,16730.1018520011,5821.466224301099
1783444147,100,,Aggregated,45.600000,0.000000,12,23,33,46,130,220,420,730,16000,17000,17000,18429,0,12,122.79509732990668,2.764371001831023,16730.1018520011,5821.428617939117
1783444148,100,,Aggregated,45.500000,0.000000,12,23,33,46,130,220,420,730,16000,17000,17000,18480,0,12,122.51586224652738,2.764371001831023,16730.1018520011,5822.838365800866
1783444149,100,,Aggregated,45.900000,0.000000,12,23,33,46,130,220,410,730,16000,17000,17000,18528,0,12,122.25175667394335,2.764371001831023,16730.1018520011,5821.282815198619
1783444150,100,,Aggregated,44.700000,0.000000,12,23,33,46,130,220,410,730,16000,17000,17000,18572,0,12,122.04443441195552,2.764371001831023,16730.1018520011,5819.921763945725
1783444151,100,,Aggregated,45.200000,0.000000,12,23,33,46,130,220,410,730,16000,17000,17000,18624,0,12,121.77939887203874,2.764371001831023,16730.1018520011,5816.9862542955325
1783444152,100,,Aggregated,45.100000,0.000000,12,23,33,46,130,220,410,730,16000,17000,17000,18673,0,12,121.55287735355003,2.764371001831023,16730.1018520011,5815.610614255877
1783444153,100,,Aggregated,45.000000,0.000000,12,23,33,46,130,210,410,730,16000,17000,17000,18720,0,12,121.31751120292925,2.764371001831023,16730.1018520011,5814.234935897436
1783444154,100,,Aggregated,45.900000,0.000000,12,23,33,46,130,210,410,730,16000,17000,17000,18767,0,12,121.07107310821276,2.764371001831023,16730.1018520011,5813.930676186924
1783444155,100,,Aggregated,45.300000,0.000000,12,23,33,46,130,210,410,730,16000,17000,17000,18816,0,12,120.80227032391826,2.764371001831023,16730.1018520011,5810.538690476191
1783444156,100,,Aggregated,46.100000,0.000000,12,23,33,46,130,210,410,730,16000,17000,17000,18865,0,12,120.58028904663944,2.764371001831023,16730.1018520011,5807.300450569838
1783444157,100,,Aggregated,46.100000,0.000000,12,23,33,46,130,210,400,730,16000,17000,17000,18904,0,12,120.37563412599717,2.764371001831023,16730.1018520011,5805.268355903512
1783444158,100,,Aggregated,46.900000,0.000000,12,23,33,45,130,210,400,730,16000,17000,17000,18950,0,12,120.13336264922778,2.764371001831023,16730.1018520011,5803.125224274407
1783444159,100,,Aggregated,46.700000,0.000000,12,23,33,45,130,210,400,730,16000,17000,17000,18994,0,12,119.9411580479546,2.764371001831023,16730.1018520011,5806.01031904812
1783444160,100,,Aggregated,46.300000,0.000000,12,23,33,45,130,210,400,720,16000,17000,17000,19046,0,12,119.66614852372385,2.764371001831023,16730.1018520011,5810.369788932059
1783444161,100,,Aggregated,46.900000,0.000000,12,23,33,45,130,210,400,720,16000,17000,17000,19085,0,12,119.46426784086181,2.764371001831023,16730.1018520011,5812.23316740896
1783444162,100,,Aggregated,46.400000,0.000000,12,23,33,45,130,210,400,720,16000,17000,17000,19125,0,12,119.25769638352149,2.764371001831023,16730.1018520011,5810.707241830065
1783444163,100,,Aggregated,47.200000,0.000000,12,23,33,45,130,210,400,720,16000,17000,17000,19171,0,12,119.03081782441363,2.764371001831023,16730.1018520011,5814.668666214595
1783444164,100,,Aggregated,45.500000,0.000000,12,23,33,45,130,210,400,720,16000,17000,17000,19218,0,12,118.78965097038305,2.764371001831023,16730.1018520011,5821.496877926944
1783444165,100,,Aggregated,45.200000,0.000000,12,23,33,45,130,210,400,720,16000,17000,17000,19270,0,12,118.52333141011098,2.764371001831023,16730.1018520011,5818.483601453036
1783444166,100,,Aggregated,44.400000,0.000000,12,23,33,45,130,210,400,720,16000,17000,17000,19303,0,12,118.38135361088142,2.764371001831023,16730.1018520011,5815.971921462985
1783444167,100,,Aggregated,44.800000,0.000000,12,23,33,45,130,210,400,720,16000,17000,17000,19352,0,12,118.15716877531172,2.764371001831023,16730.1018520011,5814.248759818107
1783444168,100,,Aggregated,44.600000,0.000000,12,23,33,45,130,210,400,720,16000,17000,17000,19401,0,12,117.89795334662269,2.764371001831023,16730.1018520011,5811.504561620535
1783444169,100,,Aggregated,43.400000,0.000000,12,23,33,44,130,210,400,720,16000,17000,17000,19439,0,12,117.69412781253192,2.764371001831023,16730.1018520011,5809.614589227841
1783444171,100,,Aggregated,44.400000,0.000000,12,23,33,45,130,210,390,720,16000,17000,17000,19502,0,12,117.58050612413113,2.764371001831023,16730.1018520011,5807.722643831402
1783444172,100,,Aggregated,43.700000,0.000000,12,23,33,45,130,210,390,720,16000,17000,17000,19547,0,12,117.36922045412675,2.764371001831023,16730.1018520011,5807.636312477618
1783444173,100,,Aggregated,44.000000,0.000000,12,23,33,45,130,210,390,720,16000,17000,17000,19586,0,12,117.19150645715372,2.764371001831023,16730.1018520011,5808.548504033493
1783444174,100,,Aggregated,44.600000,0.000000,12,23,33,45,130,210,390,720,16000,17000,17000,19627,0,12,117.02395163646081,2.764371001831023,16730.1018520011,5806.18622306007
1783444175,100,,Aggregated,44.500000,0.000000,12,23,33,45,130,210,390,720,16000,17000,17000,19675,0,12,116.7881583630909,2.764371001831023,16730.1018520011,5807.76416772554
1783444176,100,,Aggregated,44.000000,0.000000,12,23,33,45,130,210,390,710,16000,17000,17000,19717,0,12,116.58163600222318,2.764371001831023,16730.1018520011,5808.400973778973
1783444177,100,,Aggregated,44.700000,0.000000,12,23,33,45,130,210,390,710,16000,17000,17000,19762,0,12,116.36669741604226,2.764371001831023,16730.1018520011,5804.703521910737
1783444178,100,,Aggregated,43.300000,0.000000,12,23,33,45,130,210,390,710,16000,17000,17000,19808,0,12,116.17728175655411,2.764371001831023,16730.1018520011,5804.558259289176
1783444179,100,,Aggregated,44.500000,0.000000,12,23,33,44,130,210,390,710,16000,17000,17000,19854,0,12,115.97339751394377,2.764371001831023,16730.1018520011,5803.988566535711
1783444180,100,,Aggregated,44.100000,0.000000,12,23,33,44,130,210,390,710,16000,17000,17000,19895,0,12,115.8043263004692,2.764371001831023,16730.1018520011,5804.570746418698
1783444181,100,,Aggregated,44.000000,0.000000,12,23,33,44,130,210,390,710,16000,17000,17000,19944,0,12,115.59051757069018,2.764371001831023,16730.1018520011,5804.939229843562
1783444182,100,,Aggregated,44.900000,0.000000,12,23,33,44,130,210,390,710,16000,17000,17000,19986,0,12,115.38510857084165,2.764371001831023,16730.1018520011,5804.680876613629
1783444183,100,,Aggregated,43.400000,0.000000,12,23,33,44,130,210,390,710,16000,17000,17000,20025,0,12,115.21465278925548,2.764371001831023,16730.1018520011,5807.648789013733
1783444184,100,,Aggregated,43.900000,0.000000,12,23,33,44,130,210,390,710,16000,17000,17000,20078,0,12,114.95219930465328,2.764371001831023,16730.1018520011,5814.931766112162
1783444185,100,,Aggregated,43.800000,0.000000,12,23,33,44,130,210,390,710,16000,17000,17000,20123,0,12,114.75020593936466,2.764371001831023,16730.1018520011,5812.547731451573
1783444186,100,,Aggregated,45.300000,0.000000,12,23,33,44,130,210,390,710,16000,17000,17000,20167,0,12,114.55082629046649,2.764371001831023,16730.1018520011,5808.998066147667
1783444187,100,,Aggregated,44.300000,0.000000,12,23,33,44,130,210,390,710,16000,17000,17000,20208,0,11,114.36224141754965,2.764371001831023,16730.1018520011,5811.224069675376
1783444188,100,,Aggregated,45.500000,0.000000,11,23,33,44,130,210,390,710,16000,17000,17000,20248,0,11,114.17842106093711,2.764371001831023,16730.1018520011,5812.058277360727
1783444189,100,,Aggregated,44.300000,0.000000,11,23,33,44,120,210,390,710,16000,17000,17000,20298,0,11,113.96565479337166,2.764371001831023,16730.1018520011,5812.213025913883
1783444190,100,,Aggregated,44.200000,0.000000,12,23,33,45,130,210,390,710,16000,17000,17000,20365,0,12,114.10194076287071,2.764371001831023,16730.1018520011,5812.260348637368
1783444191,100,,Aggregated,43.600000,0.000000,12,23,33,45,130,210,390,710,16000,17000,17000,20407,0,12,113.94977522511263,2.764371001831023,16730.1018520011,5813.041652374185
1783444192,100,,Aggregated,41.100000,0.000000,12,23,33,45,130,210,390,710,16000,17000,17000,20458,0,12,113.73956723168726,2.764371001831023,16730.1018520011,5817.4288297976345
1783444193,100,,Aggregated,44.000000,0.000000,12,23,33,45,130,210,390,710,16000,17000,17000,20509,0,12,113.55700087673,2.764371001831023,16730.1018520011,5817.227948705447
1783444194,100,,Aggregated,43.100000,0.000000,12,23,33,45,130,210,390,710,16000,17000,17000,20544,0,12,113.40318331989126,2.764371001831023,16730.1018520011,5819.05894665109
1783444195,100,,Aggregated,44.600000,0.000000,12,23,33,45,130,210,390,710,16000,17000,17000,20597,0,12,113.1875094422896,2.764371001831023,16730.1018520011,5822.152497936593
1783444197,100,,Aggregated,43.400000,0.000000,12,23,33,45,130,210,390,710,16000,17000,17000,20638,0,12,113.03412320185292,2.764371001831023,16730.1018520011,5817.442581645509
1783444198,100,,Aggregated,43.400000,0.000000,12,23,33,45,130,210,390,710,16000,17000,17000,20678,0,12,112.84623038218584,2.764371001831023,16730.1018520011,5814.0443950091885
1783444199,100,,Aggregated,44.300000,0.000000,12,23,33,45,130,210,390,700,16000,17000,17000,20725,0,12,112.71234813721733,2.764371001831023,16730.1018520011,5812.478311218335
1783444200,100,,Aggregated,44.300000,0.000000,12,23,33,45,130,210,390,700,16000,17000,17000,20768,0,12,112.56358364781543,2.764371001831023,16730.1018520011,5810.050414098613
1783444201,100,,Aggregated,43.900000,0.000000,12,23,33,45,130,210,380,700,16000,17000,17000,20812,0,12,112.39489752180627,2.764371001831023,16730.1018520011,5809.585671727849
1783444202,100,,Aggregated,46.900000,0.000000,12,23,33,45,130,210,380,700,16000,17000,17000,20865,0,12,112.23353676093194,2.764371001831023,16730.1018520011,5811.342151929068
1783444203,100,,Aggregated,46.900000,0.000000,12,23,33,45,130,210,380,700,16000,17000,17000,20908,0,12,112.11270624970567,2.764371001831023,16730.1018520011,5811.939975129138
1783444204,100,,Aggregated,45.400000,0.000000,12,23,33,45,130,210,380,700,16000,17000,17000,20957,0,12,111.91835254568083,2.764371001831023,16730.1018520011,5811.644080736746
1783444205,100,,Aggregated,44.900000,0.000000,12,23,33,44,130,210,380,680,16000,17000,17000,21002,0,12,111.73520468549741,2.764371001831023,16730.1018520011,5809.680649461956
1783444206,100,,Aggregated,44.300000,0.000000,12,23,33,44,130,210,380,680,16000,17000,17000,21049,0,12,111.52762616398927,2.764371001831023,16730.1018520011,5809.562592047128
1783444207,100,,Aggregated,45.200000,0.000000,12,23,33,44,130,210,380,680,16000,17000,17000,21095,0,12,111.34007103910025,2.764371001831023,16730.1018520011,5811.520360274947
1783444208,100,,Aggregated,44.900000,0.000000,12,23,33,44,130,210,380,680,16000,17000,17000,21138,0,12,111.17792248513648,2.764371001831023,16730.1018520011,5809.837591068218
1783444209,100,,Aggregated,45.500000,0.000000,12,23,33,44,130,210,380,680,16000,17000,17000,21185,0,12,111.00662658167631,2.764371001831023,16730.1018520011,5811.2891668633465
1783444210,100,,Aggregated,45.500000,0.000000,12,23,33,44,130,210,380,680,16000,17000,17000,21228,0,12,110.84676649264254,2.764371001831023,16730.1018520011,5810.234124740909
1783444211,100,,Aggregated,45.500000,0.000000,12,23,33,44,130,210,380,680,16000,17000,17000,21271,0,12,110.68158709265347,2.764371001831023,16730.1018520011,5809.225283249494
1783444212,100,,Aggregated,45.500000,0.000000,12,23,33,44,130,210,380,680,16000,17000,17000,21325,0,12,110.50217161115224,2.764371001831023,16730.1018520011,5809.313575615475
1783444213,100,,Aggregated,45.700000,0.000000,12,23,33,44,130,210,380,680,16000,17000,17000,21366,0,12,110.33012158419075,2.764371001831023,16730.1018520011,5810.627351867453
1783444214,100,,Aggregated,45.900000,0.000000,12,23,33,44,130,200,380,680,16000,17000,17000,21412,0,12,110.15357885689416,2.764371001831023,16730.1018520011,5813.550158789464
1783444215,100,,Aggregated,45.200000,0.000000,12,23,33,44,130,200,380,680,16000,17000,17000,21456,0,12,109.99394463804181,2.764371001831023,16730.1018520011,5809.008156226697
1783444216,100,,Aggregated,45.400000,0.000000,12,23,33,44,130,200,380,680,16000,17000,17000,21500,0,12,109.84381597482825,2.764371001831023,16730.1018520011,5809.97111627907
1783444217,100,,Aggregated,45.500000,0.000000,12,23,33,44,130,200,380,680,16000,17000,17000,21555,0,12,109.640034554851,2.764371001831023,16730.1018520011,5810.536766411506
1783444218,100,,Aggregated,44.600000,0.000000,12,23,33,44,130,200,380,680,16000,17000,17000,21596,0,12,109.49414864196264,2.764371001831023,16730.1018520011,5808.364002593073
1783444219,100,,Aggregated,45.700000,0.000000,12,23,33,44,130,200,370,680,16000,17000,17000,21642,0,12,109.34619038978973,2.764371001831023,16730.1018520011,5811.945707420756
1783444220,100,,Aggregated,45.400000,0.000000,12,23,33,44,130,200,370,680,16000,17000,17000,21689,0,12,109.18726433601464,2.764371001831023,16730.1018520011,5807.471252708747
1783444221,100,,Aggregated,45.600000,0.000000,12,23,33,44,120,200,370,680,16000,17000,17000,21736,0,12,108.99254703205852,2.764371001831023,16730.1018520011,5812.886133603239
1783444222,100,,Aggregated,46.000000,0.000000,12,23,33,44,120,200,370,680,16000,17000,17000,21778,0,11,108.82439398548236,2.764371001831023,16730.1018520011,5809.74161998347
1783444223,100,,Aggregated,46.000000,0.000000,11,23,33,44,120,200,370,660,16000,17000,17000,21823,0,11,108.62834189455273,2.764371001831023,16730.1018520011,5812.465747147505
1783444224,100,,Aggregated,45.200000,0.000000,11,23,33,44,120,200,370,660,16000,17000,17000,21875,0,11,108.42442112086056,2.764371001831023,16730.1018520011,5812.7922285714285
1783444225,100,,Aggregated,45.900000,0.000000,11,23,33,44,120,200,370,660,16000,17000,17000,21923,0,11,108.24677815384852,2.764371001831023,16730.1018520011,5815.497514026365
1783444226,100,,Aggregated,46.200000,0.000000,11,23,33,44,120,200,370,660,16000,17000,17000,21963,0,11,108.10831412702392,2.764371001831023,16730.1018520011,5816.885124982926
1783444227,100,,Aggregated,46.300000,0.000000,11,23,33,44,120,200,370,660,16000,17000,17000,22010,0,11,107.94525328549796,2.764371001831023,16730.1018520011,5817.417446615175
1783444228,100,,Aggregated,46.100000,0.000000,11,23,33,44,120,200,370,660,16000,17000,17000,22057,0,11,107.78677192980876,2.764371001831023,16730.1018520011,5819.474407217664
1783444229,100,,Aggregated,45.700000,0.000000,11,23,33,44,120,200,370,660,16000,17000,17000,22101,0,11,107.6192137507711,2.764371001831023,16730.1018520011,5819.358219085109
1783444230,100,,Aggregated,46.500000,0.000000,11,23,33,44,120,200,370,660,16000,17000,17000,22151,0,11,107.45643076167207,2.764371001831023,16730.1018520011,5818.907182519976
1783444231,100,,Aggregated,45.400000,0.000000,11,23,33,44,120,200,370,660,16000,17000,17000,22194,0,11,107.278125331882,2.764371001831023,16730.1018520011,5816.381589618816
1783444232,100,,Aggregated,45.600000,0.000000,11,23,33,43,120,200,370,660,16000,17000,17000,22244,0,11,107.09364281962637,2.764371001831023,16730.1018520011,5813.86113109153
1783444233,100,,Aggregated,45.700000,0.000000,11,23,33,44,120,200,360,660,16000,17000,17000,22287,0,11,106.96633146878348,2.764371001831023,16730.1018520011,5816.023107641226
1783444234,100,,Aggregated,46.400000,0.000000,11,23,33,44,120,200,360,650,16000,17000,17000,22334,0,11,106.8135865677782,2.764371001831023,16730.1018520011,5815.951105937136
1783444235,100,,Aggregated,45.700000,0.000000,11,23,33,43,120,200,360,650,16000,17000,17000,22377,0,11,106.64556776684879,2.764371001831023,16730.1018520011,5813.776511596729
1783444236,100,,Aggregated,45.500000,0.000000,11,23,33,43,120,200,360,650,16000,17000,17000,22422,0,11,106.51396284300154,2.764371001831023,16730.1018520011,5812.489073231647
1783444237,100,,Aggregated,45.700000,0.000000,11,23,33,43,120,200,360,650,16000,17000,17000,22469,0,11,106.35273293719264,2.764371001831023,16730.1018520011,5808.645289064934
1783444238,100,,Aggregated,46.100000,0.000000,11,23,33,43,120,200,360,650,16000,17000,17000,22510,0,11,106.24184004303773,2.764371001831023,16730.1018520011,5809.673611728121
1783444239,100,,Aggregated,45.500000,0.000000,11,23,33,43,120,200,360,650,16000,17000,17000,22558,0,11,106.07768966800066,2.764371001831023,16730.1018520011,5813.443878003369
1783444240,100,,Aggregated,44.900000,0.000000,11,23,33,43,120,200,360,650,16000,17000,17000,22603,0,11,105.93282524084198,2.764371001831023,16730.1018520011,5811.322125381586
1783444241,100,,Aggregated,46.100000,0.000000,11,23,33,43,120,200,360,650,16000,17000,17000,22647,0,11,105.77323496629776,2.764371001831023,16730.1018520011,5810.982470084338
1783444242,100,,Aggregated,45.300000,0.000000,11,23,33,43,120,200,360,650,16000,17000,17000,22687,0,11,105.64270506509283,2.764371001831023,16730.1018520011,5812.014369462688
1783444243,100,,Aggregated,45.000000,0.000000,11,23,33,43,120,200,360,650,16000,17000,17000,22736,0,11,105.49361824053359,2.764371001831023,16730.1018520011,5810.658910978184
1783444244,100,,Aggregated,44.200000,0.000000,11,23,33,43,120,200,360,650,16000,17000,17000,22785,0,11,105.32186847139678,2.764371001831023,16730.1018520011,5811.666754443713
1783444245,100,,Aggregated,45.100000,0.000000,11,23,33,43,120,200,360,650,16000,17000,17000,22826,0,11,105.19491838884478,2.764371001831023,16730.1018520011,5810.972093227022
1783444246,100,,Aggregated,45.300000,0.000000,11,23,33,43,120,200,360,650,16000,17000,17000,22871,0,11,105.05602271757954,2.764371001831023,16730.1018520011,5811.658082287613
1783444247,100,,Aggregated,44.300000,0.000000,11,23,33,43,120,200,360,650,16000,17000,17000,22910,0,11,104.93163492211953,2.764371001831023,16730.1018520011,5809.916324749018
1783444248,100,,Aggregated,44.600000,0.000000,11,23,33,43,120,200,360,650,16000,17000,17000,22962,0,11,104.75455742456073,2.764371001831023,16730.1018520011,5807.049429492205
1783444249,100,,Aggregated,44.000000,0.000000,11,23,32,43,120,200,360,640,16000,17000,17000,23005,0,11,104.61940985232609,2.764371001831023,16730.1018520011,5803.401304064334
1783444250,100,,Aggregated,44.600000,0.000000,11,23,32,43,120,200,360,640,16000,17000,17000,23053,0,11,104.45776227227532,2.764371001831023,16730.1018520011,5803.965991411096
1783444251,100,,Aggregated,44.000000,0.000000,11,23,32,43,120,200,360,640,16000,17000,17000,23099,0,11,104.36345321255334,2.764371001831023,16730.1018520011,5802.477812892333
1783444252,100,,Aggregated,44.800000,0.000000,11,23,32,43,120,200,360,640,16000,17000,17000,23147,0,11,104.19073687107448,2.764371001831023,16730.1018520011,5798.227502484123
1783444253,100,,Aggregated,45.000000,0.000000,11,23,32,43,120,200,350,640,16000,17000,17000,23185,0,11,104.06720818700776,2.764371001831023,16730.1018520011,5798.51874056502
1783444254,100,,Aggregated,44.600000,0.000000,11,23,32,43,120,200,350,640,16000,17000,17000,23230,0,11,103.90441841350803,2.764371001831023,16730.1018520011,5801.248687042617
1783444255,100,,Aggregated,44.900000,0.000000,11,23,32,43,120,200,350,640,16000,17000,17000,23278,0,11,103.73824637528124,2.764371001831023,16730.1018520011,5800.888865022768
1783444256,100,,Aggregated,44.100000,0.000000,11,23,32,43,120,200,350,640,16000,17000,17000,23327,0,11,103.56999843682449,2.764371001831023,16730.1018520011,5799.507009045312
1783444257,100,,Aggregated,45.100000,0.000000,11,23,32,43,120,200,350,640,16000,17000,17000,23369,0,11,103.48293318382446,2.764371001831023,16730.1018520011,5800.203774230818
1783444258,100,,Aggregated,45.000000,0.000000,11,23,32,43,120,200,350,640,16000,17000,17000,23412,0,11,103.36049314923075,2.764371001831023,16730.1018520011,5798.248163335042
1783444259,100,,Aggregated,45.500000,0.000000,11,23,32,43,120,200,350,640,16000,17000,17000,23465,0,11,103.20165730738566,2.764371001831023,16730.1018520011,5798.685744726188
1783444260,100,,Aggregated,45.500000,0.000000,11,23,32,43,120,200,350,630,16000,17000,17000,23508,0,11,103.06222519962633,2.764371001831023,16730.1018520011,5798.623489875787
1783444261,100,,Aggregated,45.300000,0.000000,11,23,32,43,120,200,350,630,16000,17000,17000,23558,0,11,102.91033489293673,2.764371001831023,16730.1018520011,5798.58714661686
1783444262,100,,Aggregated,45.400000,0.000000,11,23,32,43,120,200,350,630,16000,17000,17000,23594,0,11,102.7898992445026,2.764371001831023,16730.1018520011,5798.401203695855
1783444263,100,,Aggregated,45.300000,0.000000,11,23,32,43,120,200,350,630,16000,17000,17000,23637,0,11,102.65543381968025,2.764371001831023,16730.1018520011,5799.218174895292
1783444264,100,,Aggregated,45.700000,0.000000,11,23,32,43,120,200,350,630,16000,17000,17000,23689,0,11,102.4855141511582,2.764371001831023,16730.1018520011,5796.795263624467
1783444265,100,,Aggregated,45.000000,0.000000,11,23,32,43,120,200,340,630,16000,17000,17000,23732,0,11,102.3331384254083,2.764371001831023,16730.1018520011,5801.092238327996
1783444266,100,,Aggregated,45.400000,0.000000,11,23,32,42,120,200,340,630,16000,17000,17000,23786,0,11,102.14972315714215,2.764371001831023,16730.1018520011,5805.35861431094
1783444267,100,,Aggregated,45.000000,0.000000,11,23,32,42,120,200,340,630,16000,17000,17000,23821,0,11,102.02967891439363,2.764371001831023,16730.1018520011,5803.328071869359
1783444268,100,,Aggregated,45.000000,0.000000,11,23,32,42,120,200,340,630,16000,17000,17000,23860,0,11,101.89326825279856,2.759722003247589,16730.1018520011,5800.134995808885
1783444269,100,,Aggregated,45.400000,0.000000,11,23,32,42,120,200,340,620,16000,17000,17000,23913,0,11,101.72811225964003,2.759722003247589,16730.1018520011,5802.9424162589385
1783444270,100,,Aggregated,44.100000,0.000000,11,23,32,42,120,200,340,620,16000,17000,17000,23969,0,11,101.57380259233913,2.759722003247589,16730.1018520011,5804.027660728441
1783444271,100,,Aggregated,45.300000,0.000000,11,23,32,42,120,200,340,610,16000,17000,17000,24024,0,11,101.41727894716885,2.759722003247589,16730.1018520011,5809.535755910756
1783444272,100,,Aggregated,44.600000,0.000000,11,23,32,42,120,200,340,610,16000,17000,17000,24068,0,11,101.29959599712464,2.759722003247589,16730.1018520011,5809.718464351005
1783444273,100,,Aggregated,44.700000,0.000000,11,23,32,42,120,200,340,610,16000,17000,17000,24113,0,11,101.14834382050314,2.759722003247589,16730.1018520011,5811.552938249078
1783444274,100,,Aggregated,45.600000,0.000000,11,23,32,42,120,200,340,610,16000,17000,17000,24153,0,11,101.03393080101006,2.759722003247589,16730.1018520011,5810.8519024551815
1783444276,100,,Aggregated,45.600000,0.000000,11,23,32,43,120,200,340,610,16000,17000,17000,24214,0,11,100.94570446670515,2.759722003247589,16730.1018520011,5812.421285206905
1783444277,100,,Aggregated,43.700000,0.000000,11,23,32,43,120,200,340,610,16000,17000,17000,24256,0,11,100.84609126454505,2.759722003247589,16730.1018520011,5810.560768469657
1783444278,100,,Aggregated,45.100000,0.000000,11,23,32,43,120,200,340,610,16000,17000,17000,24301,0,11,100.7101926458091,2.759722003247589,16730.1018520011,5812.145549565861
1783444279,100,,Aggregated,45.100000,0.000000,11,23,32,42,120,200,340,610,16000,17000,17000,24338,0,11,100.60536095241194,2.759722003247589,16730.1018520011,5810.811611471772
1783444280,100,,Aggregated,45.300000,0.000000,11,23,32,42,120,200,340,610,16000,17000,17000,24395,0,11,100.44643061933901,2.759722003247589,16730.1018520011,5810.324164787867
1783444281,100,,Aggregated,44.200000,0.000000,11,23,32,42,120,200,340,610,16000,17000,17000,24440,0,11,100.33970410125896,2.759722003247589,16730.1018520011,5810.602045826514
1783444282,100,,Aggregated,45.100000,0.000000,11,23,32,42,120,200,340,610,16000,17000,17000,24484,0,11,100.24255103454335,2.759722003247589,16730.1018520011,5808.577805914067
1783444283,100,,Aggregated,44.700000,0.000000,11,23,32,42,120,200,340,600,16000,17000,17000,24523,0,11,100.11382828739418,2.759722003247589,16730.1018520011,5804.897565550707
1783444284,100,,Aggregated,44.200000,0.000000,11,23,32,42,120,200,340,600,16000,17000,17000,24581,0,11,99.95134781248746,2.759722003247589,16730.1018520011,5804.51161466173
1783444285,100,,Aggregated,43.800000,0.000000,11,23,32,42,120,200,340,600,16000,17000,17000,24627,0,11,99.81332057322273,2.759722003247589,16730.1018520011,5802.275266983393
1783444286,100,,Aggregated,44.800000,0.000000,11,23,32,42,120,200,340,600,16000,17000,17000,24674,0,11,99.6606773308653,2.759722003247589,16730.1018520011,5802.355151171273
1783444287,100,,Aggregated,46.400000,0.000000,11,23,32,42,120,200,340,590,16000,17000,17000,24720,0,11,99.51918580727221,2.759722003247589,16730.1018520011,5805.797613268608
1783444288,100,,Aggregated,45.500000,0.000000,11,23,32,42,120,200,340,590,16000,17000,17000,24769,0,11,99.37988307823326,2.759722003247589,16730.1018520011,5803.461706164964
1783444289,100,,Aggregated,45.900000,0.000000,11,23,32,42,120,200,340,590,16000,17000,17000,24811,0,11,99.28897889439209,2.759722003247589,16730.1018520011,5806.361775019145
1783444290,100,,Aggregated,47.000000,0.000000,11,23,32,42,120,200,340,590,16000,17000,17000,24855,0,11,99.16016414261638,2.759722003247589,16730.1018520011,5805.925447596057
1783444291,100,,Aggregated,46.300000,0.000000,11,23,32,42,120,200,340,590,16000,17000,17000,24902,0,11,99.10302157484199,2.759722003247589,16730.1018520011,5805.339370331701
1783444292,100,,Aggregated,45.400000,0.000000,11,23,32,42,120,200,340,590,16000,17000,17000,24950,0,11,99.04211544676238,2.759722003247589,16730.1018520011,5803.984368737475
1783444293,100,,Aggregated,46.100000,0.000000,11,23,32,42,120,200,340,590,16000,17000,17000,24992,0,11,98.92650807065154,2.759722003247589,16730.1018520011,5802.385803457107
1783444294,100,,Aggregated,45.300000,0.000000,11,23,32,42,120,200,340,590,16000,17000,17000,25042,0,11,98.77171955401806,2.759722003247589,16730.1018520011,5806.869459308362
1783444295,100,,Aggregated,46.300000,0.000000,11,23,32,42,120,200,340,590,16000,17000,17000,25089,0,11,98.61860598300896,2.759722003247589,16730.1018520011,5806.348001116027
1783444296,100,,Aggregated,46.100000,0.000000,11,23,32,42,120,200,340,590,16000,17000,17000,25127,0,11,98.4956083881362,2.759722003247589,16730.1018520011,5804.991324073706
1783444297,100,,Aggregated,46.700000,0.000000,11,23,32,42,120,200,340,590,16000,17000,17000,25175,0,11,98.38515369953083,2.759722003247589,16730.1018520011,5804.063515392254
1783444298,100,,Aggregated,45.400000,0.000000,11,23,32,42,120,200,340,590,16000,17000,17000,25227,0,11,98.22866697632365,2.759722003247589,16730.1018520011,5810.709557220438
1783444299,100,,Aggregated,45.300000,0.000000,11,23,32,42,120,200,340,590,16000,17000,17000,25270,0,11,98.1186298208833,2.759722003247589,16730.1018520011,5812.161337554412
1783444300,100,,Aggregated,45.300000,0.000000,11,23,32,42,120,200,340,590,16000,17000,17000,25320,0,11,97.96284992763519,2.759722003247589,16730.1018520011,5810.180252764613
1783444301,100,,Aggregated,45.800000,0.000000,11,23,32,42,120,190,340,590,16000,17000,17000,25364,0,11,97.82520529410651,2.759722003247589,16730.1018520011,5809.811819902224
1783444302,100,,Aggregated,46.400000,0.000000,11,23,32,42,120,190,340,590,16000,17000,17000,25412,0,11,97.70549937374975,2.759722003247589,16730.1018520011,5809.340901936093
1783444303,100,,Aggregated,45.900000,0.000000,11,23,32,42,120,200,340,590,16000,17000,17000,25461,0,11,97.6428064371684,2.759722003247589,16730.1018520011,5806.001806684733
1783444304,100,,Aggregated,46.100000,0.000000,11,23,32,42,120,200,340,580,16000,17000,17000,25503,0,11,97.51352719263447,2.759722003247589,16730.1018520011,5807.931694310473
1783444305,100,,Aggregated,45.900000,0.000000,11,23,32,42,120,190,340,580,16000,17000,17000,25550,0,11,97.38655282875735,2.759722003247589,16730.1018520011,5809.225870841487
1783444306,100,,Aggregated,45.800000,0.000000,11,23,32,42,120,200,340,580,16000,17000,17000,25599,0,11,97.27268673498094,2.759722003247589,16730.1018520011,5809.7855775616235
1783444307,100,,Aggregated,45.600000,0.000000,11,23,32,42,120,190,340,580,16000,17000,17000,25641,0,11,97.17438972703063,2.759722003247589,16730.1018520011,5808.516438516439
1783444308,100,,Aggregated,46.500000,0.000000,11,23,32,42,120,190,330,580,16000,17000,17000,25695,0,11,97.05974033122376,2.759722003247589,16730.1018520011,5807.335084646818
1783444309,100,,Aggregated,46.800000,0.000000,11,23,32,42,120,190,330,580,16000,17000,17000,25733,0,11,96.95680638537284,2.759722003247589,16730.1018520011,5807.382971282012
1783444310,100,,Aggregated,46.300000,0.000000,11,23,32,42,120,190,330,580,16000,17000,17000,25779,0,11,96.85557813525747,2.759722003247589,16730.1018520011,5807.048760619108
1783444311,100,,Aggregated,46.300000,0.000000,11,23,32,42,120,190,330,580,16000,17000,17000,25827,0,11,96.76760021426402,2.759722003247589,16730.1018520011,5805.83834746583
1783444312,100,,Aggregated,44.900000,0.000000,11,23,32,42,120,190,330,580,16000,17000,17000,25870,0,11,96.64876548460775,2.759722003247589,16730.1018520011,5805.809509083881
1783444313,100,,Aggregated,45.600000,0.000000,11,23,32,42,120,190,330,580,16000,17000,17000,25915,0,11,96.54639017178508,2.759722003247589,16730.1018520011,5805.869187729115
1783444314,100,,Aggregated,46.700000,0.000000,11,23,32,42,120,190,330,580,16000,17000,17000,25961,0,11,96.42165673297626,2.759722003247589,16730.1018520011,5807.7858325950465
1783444315,100,,Aggregated,45.400000,0.000000,11,23,32,42,120,190,330,570,16000,17000,17000,26014,0,11,96.29765728441679,2.759722003247589,16730.1018520011,5806.769777811947
1783444316,100,,Aggregated,45.100000,0.000000,11,23,32,42,120,190,330,570,16000,17000,17000,26061,0,11,96.1757809674158,2.759722003247589,16730.1018520011,5806.900464295307
1783444317,100,,Aggregated,45.100000,0.000000,11,23,32,42,120,190,330,570,16000,17000,17000,26100,0,11,96.08876696263691,2.759722003247589,16730.1018520011,5804.100153256705
1783444318,100,,Aggregated,45.100000,0.000000,11,23,32,42,120,190,330,570,16000,17000,17000,26139,0,11,95.99497414552279,2.759722003247589,16730.1018520011,5803.499789586442
1783444319,100,,Aggregated,44.800000,0.000000,11,23,32,42,120,190,330,570,16000,17000,17000,26187,0,11,95.84810379248617,2.759722003247589,16730.1018520011,5803.851682132356
1783444320,100,,Aggregated,43.800000,0.000000,11,23,32,42,120,190,330,570,16000,17000,17000,26229,0,11,95.72624002206864,2.759722003247589,16730.1018520011,5806.0365625834
1783444321,100,,Aggregated,44.100000,0.000000,11,23,32,42,120,190,330,570,16000,17000,17000,26274,0,11,95.62398061314714,2.759722003247589,16730.1018520011,5804.0753596711575
1783444322,100,,Aggregated,44.800000,0.000000,11,23,32,42,120,190,330,570,16000,17000,17000,26321,0,11,95.53572494710824,2.759722003247589,16730.1018520011,5803.822423160214
1783444323,100,,Aggregated,44.400000,0.000000,11,23,32,42,120,190,330,570,16000,17000,17000,26364,0,11,95.41158919313588,2.759722003247589,16730.1018520011,5805.615953573054
1783444324,100,,Aggregated,43.000000,0.000000,11,23,32,42,120,190,330,570,16000,17000,17000,26405,0,11,95.33980035125333,2.759722003247589,16730.1018520011,5804.127968187843
1783444325,100,,Aggregated,45.300000,0.000000,11,23,32,42,120,190,330,570,16000,17000,17000,26455,0,11,95.21035018177457,2.759722003247589,16730.1018520011,5803.679153279153
1783444326,100,,Aggregated,44.000000,0.000000,11,23,32,42,120,190,330,570,16000,17000,17000,26491,0,11,95.12311328220315,2.759722003247589,16730.1018520011,5801.672152806614
1783444327,100,,Aggregated,44.100000,0.000000,11,23,32,42,120,190,330,570,16000,17000,17000,26549,0,11,94.98057946389088,2.759722003247589,16730.1018520011,5801.644318053411
1783444328,100,,Aggregated,43.500000,0.000000,11,23,32,42,120,190,330,570,16000,17000,17000,26587,0,11,94.88559075054928,2.759722003247589,16730.1018520011,5800.016361379621
1783444329,100,,Aggregated,43.400000,0.000000,11,23,32,42,120,190,330,560,16000,17000,17000,26632,0,11,94.76107287593332,2.759722003247589,16730.1018520011,5802.359717632923
1783444330,100,,Aggregated,44.700000,0.000000,11,23,32,42,120,190,330,560,16000,17000,17000,26673,0,11,94.68327071420018,2.759722003247589,16730.1018520011,5801.574101150976
1783444331,100,,Aggregated,44.400000,0.000000,11,23,32,42,120,190,330,560,16000,17000,17000,26716,0,11,94.5775878291607,2.759722003247589,16730.1018520011,5798.330513549932
1783444332,100,,Aggregated,44.100000,0.000000,11,23,32,42,120,190,330,560,16000,17000,17000,26763,0,11,94.45544724585696,2.759722003247589,16730.1018520011,5797.505698165378
1783444333,100,,Aggregated,43.800000,0.000000,11,23,32,42,120,190,330,560,16000,17000,17000,26808,0,11,94.34395643277611,2.759722003247589,16730.1018520011,5798.544762757386
1783444334,100,,Aggregated,45.000000,0.000000,11,23,32,42,120,190,330,560,16000,17000,17000,26850,0,11,94.34584462945496,2.759722003247589,16730.1018520011,5797.744729981378
1783444335,100,,Aggregated,43.100000,0.000000,11,23,32,42,120,190,330,560,16000,17000,17000,26900,0,11,94.24264898263463,2.759722003247589,16730.1018520011,5797.872156133829
