Timestamp,User Count,Type,Name,Requests/s,Failures/s,50%,66%,75%,80%,90%,95%,98%,99%,99.9%,99.99%,100%,Total Request Count,Total Failure Count,Total Median Response Time,Total Average Response Time,Total Min Response Time,Total Max Response Time,Total Average Content Size
1783446202,0,,Aggregated,0.000000,0.000000,N/A,N/A,N/A,N/A,N/A,N/A,N/A,N/A,N/A,N/A,N/A,0,0,0,0.0,0,0,0
1783446203,50,,Aggregated,0.000000,0.000000,N/A,N/A,N/A,N/A,N/A,N/A,N/A,N/A,N/A,N/A,N/A,0,0,0,0.0,0,0,0
1783446204,100,,Aggregated,0.000000,0.000000,N/A,N/A,N/A,N/A,N/A,N/A,N/A,N/A,N/A,N/A,N/A,0,0,0,0.0,0,0,0
1783446205,150,,Aggregated,0.000000,0.000000,N/A,N/A,N/A,N/A,N/A,N/A,N/A,N/A,N/A,N/A,N/A,0,0,0,0.0,0,0,0
1783446206,200,,Aggregated,0.000000,0.000000,N/A,N/A,N/A,N/A,N/A,N/A,N/A,N/A,N/A,N/A,N/A,0,0,0,0.0,0,0,0
1783446207,250,,Aggregated,0.000000,0.000000,N/A,N/A,N/A,N/A,N/A,N/A,N/A,N/A,N/A,N/A,N/A,0,0,0,0.0,0,0,0
1783446208,300,,Aggregated,0.000000,0.000000,N/A,N/A,N/A,N/A,N/A,N/A,N/A,N/A,N/A,N/A,N/A,0,0,0,0.0,0,0,0
1783446209,350,,Aggregated,0.000000,0.000000,N/A,N/A,N/A,N/A,N/A,N/A,N/A,N/A,N/A,N/A,N/A,0,0,0,0.0,0,0,0
1783446210,400,,Aggregated,0.000000,0.000000,N/A,N/A,N/A,N/A,N/A,N/A,N/A,N/A,N/A,N/A,N/A,0,0,0,0.0,0,0,0
1783446211,450,,Aggregated,0.000000,0.000000,N/A,N/A,N/A,N/A,N/A,N/A,N/A,N/A,N/A,N/A,N/A,0,0,0,0.0,0,0,0
1783446212,500,,Aggregated,0.000000,0.000000,N/A,N/A,N/A,N/A,N/A,N/A,N/A,N/A,N/A,N/A,N/A,0,0,0,0.0,0,0,0
1783446213,500,,Aggregated,0.000000,0.000000,N/A,N/A,N/A,N/A,N/A,N/A,N/A,N/A,N/A,N/A,N/A,0,0,0,0.0,0,0,0
1783446214,500,,Aggregated,0.000000,0.000000,N/A,N/A,N/A,N/A,N/A,N/A,N/A,N/A,N/A,N/A,N/A,0,0,0,0.0,0,0,0
1783446215,500,,Aggregated,0.000000,0.000000,N/A,N/A,N/A,N/A,N/A,N/A,N/A,N/A,N/A,N/A,N/A,0,0,0,0.0,0,0,0
1783446216,500,,Aggregated,0.000000,0.000000,N/A,N/A,N/A,N/A,N/A,N/A,N/A,N/A,N/A,N/A,N/A,0,0,0,0.0,0,0,0
1783446217,500,,Aggregated,0.000000,0.000000,15000,15000,15000,15000,15000,15000,15000,15000,15000,15000,15000,24,0,15000.0,14679.932710249734,14602.798115000041,15004.412025999045,655.0
1783446218,500,,Aggregated,0.000000,0.000000,15000,15000,15000,15000,15000,15000,16000,16000,16000,16000,16000,25,0,15000.0,14720.967942199786,14602.798115000041,15705.813509001018,655.0
1783446219,500,,Aggregated,0.000000,0.000000,15000,16000,16000,17000,17000,17000,17000,17000,17000,17000,17000,42,0,15000.0,15562.054796928176,14602.798115000041,17317.325162002817,655.0
1783446220,500,,Aggregated,2.400000,0.000000,16000,17000,17000,17000,17000,17000,18000,18000,18000,18000,18000,50,0,16000.0,15867.338791919683,14602.798115000041,17935.071219002566,655.0
1783446221,500,,Aggregated,3.200000,0.000000,16000,17000,17000,17000,17000,17000,18000,18000,18000,18000,18000,51,0,16000.0,15915.490122862444,14602.798115000041,18323.05667000037,655.0
1783446222,500,,Aggregated,3.200000,0.000000,16000,17000,17000,17000,17000,17000,18000,18000,18000,18000,18000,51,0,16000.0,15915.490122862444,14602.798115000041,18323.05667000037,655.0
1783446223,500,,Aggregated,3.200000,0.000000,16000,17000,17000,17000,17000,17000,18000,18000,18000,18000,18000,51,0,16000.0,15915.490122862444,14602.798115000041,18323.05667000037,655.0
1783446224,500,,Aggregated,3.200000,0.000000,16000,17000,17000,17000,17000,17000,18000,18000,18000,18000,18000,51,0,16000.0,15915.490122862444,14602.798115000041,18323.05667000037,655.0
1783446225,500,,Aggregated,5.100000,0.000000,16000,17000,17000,17000,17000,18000,22000,22000,22000,22000,22000,53,0,16000.0,16132.401271188359,14602.798115000041,21677.66330899758,655.0
1783446226,500,,Aggregated,5.100000,0.000000,17000,17000,22000,23000,23000,23000,23000,23000,23000,23000,23000,68,0,17000.0,17621.49499207333,14602.798115000041,23117.764682996494,655.0
1783446227,500,,Aggregated,5.100000,0.000000,17000,18000,23000,23000,23000,24000,24000,24000,24000,24000,24000,76,0,17000.0,18242.800435539382,14602.798115000041,23543.624629000988,655.0
1783446228,500,,Aggregated,5.100000,0.000000,17000,18000,23000,23000,23000,24000,24000,24000,24000,24000,24000,76,0,17000.0,18242.800435539382,14602.798115000041,23543.624629000988,655.0
1783446229,500,,Aggregated,5.100000,0.000000,17000,18000,23000,23000,23000,24000,24000,24000,24000,24000,24000,76,0,17000.0,18242.800435539382,14602.798115000041,23543.624629000988,655.0
1783446230,500,,Aggregated,5.100000,0.000000,17000,18000,23000,23000,23000,24000,24000,24000,24000,24000,24000,76,0,17000.0,18242.800435539382,14602.798115000041,23543.624629000988,655.0
1783446231,500,,Aggregated,5.100000,0.000000,17000,18000,23000,23000,23000,24000,24000,24000,24000,24000,24000,76,0,17000.0,18242.800435539382,14602.798115000041,23543.624629000988,655.0
1783446232,500,,Aggregated,5.100000,0.000000,17000,18000,23000,23000,23000,24000,24000,24000,24000,24000,24000,76,0,17000.0,18242.800435539382,14602.798115000041,23543.624629000988,655.0
1783446233,500,,Aggregated,5.100000,0.000000,17000,18000,23000,23000,23000,24000,24000,24000,24000,24000,24000,76,0,17000.0,18242.800435539382,14602.798115000041,23543.624629000988,655.0
1783446234,500,,Aggregated,2.500000,0.000000,17000,23000,23000,24000,30000,30000,30000,30000,30000,30000,30000,87,0,17000.0,19744.719719149325,14602.798115000041,30135.66100599928,655.0
1783446235,500,,Aggregated,2.500000,0.000000,18000,23000,24000,30000,30000,31000,31000,31000,31000,31000,31000,101,0,18000.0,21269.167800227544,14602.798115000041,31447.964333998243,655.0
1783446236,500,,Aggregated,2.500000,0.000000,18000,23000,24000,30000,30000,31000,31000,31000,31000,31000,31000,101,0,18000.0,21269.167800227544,14602.798115000041,31447.964333998243,655.0
1783446237,500,,Aggregated,2.500000,0.000000,18000,23000,24000,30000,30000,31000,31000,31000,31000,31000,31000,101,0,18000.0,21269.167800227544,14602.798115000041,31447.964333998243,655.0
1783446238,500,,Aggregated,2.500000,0.000000,18000,23000,24000,30000,30000,31000,31000,31000,31000,31000,31000,101,0,18000.0,21269.167800227544,14602.798115000041,31447.964333998243,655.0
1783446239,500,,Aggregated,2.500000,0.000000,18000,23000,24000,30000,30000,31000,31000,31000,31000,31000,31000,101,0,18000.0,21269.167800227544,14602.798115000041,31447.964333998243,655.0
1783446240,500,,Aggregated,2.500000,0.000000,18000,23000,24000,30000,30000,31000,31000,31000,31000,31000,31000,101,0,18000.0,21269.167800227544,14602.798115000041,31447.964333998243,655.0
1783446241,500,,Aggregated,2.500000,0.000000,18000,23000,24000,30000,30000,31000,31000,31000,31000,31000,31000,101,0,18000.0,21269.167800227544,14602.798115000041,31447.964333998243,655.0
1783446242,500,,Aggregated,2.500000,0.000000,23000,24000,30000,30000,31000,39000,39000,39000,39000,39000,39000,111,0,23000.0,22846.853034657397,14602.798115000041,39330.03182699758,655.0
1783446243,500,,Aggregated,2.500000,0.000000,23000,30000,30000,31000,39000,39000,40000,40000,40000,40000,40000,121,0,23000.0,24191.688027545206,14602.798115000041,39882.514386001276,655.0
1783446244,500,,Aggregated,2.500000,0.000000,23000,30000,38000,39000,40000,41000,41000,41000,41000,41000,41000,137,0,23000.0,26110.749325496134,14602.798115000041,41308.25546300184,655.0
1783446245,500,,Aggregated,3.600000,0.000000,24000,31000,39000,40000,41000,41000,41000,41000,41000,41000,41000,149,0,24000.0,27281.29186671791,14602.798115000041,41461.02105400132,655.0
1783446246,500,,Aggregated,4.800000,0.000000,30000,39000,40000,40000,41000,41000,41000,42000,42000,42000,42000,175,0,30000.0,29261.168386405552,14602.798115000041,42033.33042699887,655.0
1783446247,500,,Aggregated,4.800000,0.000000,31000,40000,41000,41000,41000,42000,42000,42000,42000,42000,42000,197,0,31000.0,30646.58033086285,14602.798115000041,42273.921134001284,655.0
1783446248,500,,Aggregated,5.000000,0.000000,38000,40000,41000,41000,42000,42000,43000,43000,44000,44000,44000,206,0,38000.0,31166.17221917953,14602.798115000041,43654.89117299876,655.0
1783446249,500,,Aggregated,7.400000,0.000000,39000,41000,41000,41000,42000,43000,43000,44000,44000,44000,44000,223,0,39000.0,32039.642389847457,14602.798115000041,44339.76389600139,655.0
1783446250,500,,Aggregated,9.900000,0.000000,39000,41000,41000,42000,42000,43000,44000,44000,45000,45000,45000,233,0,39000.0,32532.41860804285,14602.798115000041,45151.89261799969,655.0
1783446251,500,,Aggregated,10.800000,0.000000,40000,41000,42000,42000,43000,44000,46000,46000,46000,46000,46000,250,0,40000.0,33385.612822287956,14602.798115000041,46360.64732399973,655.0
1783446252,500,,Aggregated,10.800000,0.000000,40000,41000,42000,42000,43000,44000,46000,46000,46000,46000,46000,250,0,40000.0,33385.612822287956,14602.798115000041,46360.64732399973,655.0
1783446253,500,,Aggregated,13.500000,0.000000,40000,41000,42000,42000,43000,44000,46000,46000,47000,47000,47000,251,0,40000.0,33440.23190752187,14602.798115000041,47095.003215999895,655.0
1783446254,500,,Aggregated,13.500000,0.000000,40000,41000,42000,42000,43000,44000,46000,46000,47000,47000,47000,251,0,40000.0,33440.23190752187,14602.798115000041,47095.003215999895,655.0
1783446255,500,,Aggregated,13.500000,0.000000,40000,41000,42000,42000,43000,44000,46000,46000,47000,47000,47000,251,0,40000.0,33440.23190752187,14602.798115000041,47095.003215999895,655.0
1783446256,500,,Aggregated,12.700000,0.000000,40000,41000,42000,42000,43000,45000,46000,46000,50000,50000,50000,252,0,40000.0,33506.714886023765,14602.798115000041,50193.94249000106,655.0
1783446257,500,,Aggregated,10.700000,0.000000,40000,41000,42000,42000,44000,46000,46000,51000,51000,51000,51000,255,0,40000.0,33712.78719726272,14602.798115000041,51057.31610600196,655.0
1783446258,500,,Aggregated,10.000000,0.000000,40000,41000,42000,43000,45000,51000,52000,52000,52000,52000,52000,266,0,40000.0,34462.014364586445,14602.798115000041,52076.35783099977,655.0
1783446259,500,,Aggregated,7.700000,0.000000,40000,42000,42000,43000,46000,52000,53000,53000,53000,53000,53000,275,0,40000.0,35058.28962729452,14602.798115000041,53075.891945001786,655.0
1783446260,500,,Aggregated,7.700000,0.000000,40000,42000,42000,43000,46000,52000,53000,53000,54000,54000,54000,276,0,40000.0,35125.366760010846,14602.798115000041,53571.57825700051,655.0
1783446261,500,,Aggregated,7.700000,0.000000,40000,42000,42000,43000,46000,52000,53000,53000,54000,54000,54000,276,0,40000.0,35125.366760010846,14602.798115000041,53571.57825700051,655.0
1783446262,500,,Aggregated,7.700000,0.000000,40000,42000,42000,43000,46000,52000,53000,53000,54000,54000,54000,276,0,40000.0,35125.366760010846,14602.798115000041,53571.57825700051,655.0
1783446263,500,,Aggregated,7.700000,0.000000,40000,42000,42000,43000,46000,52000,53000,53000,54000,54000,54000,276,0,40000.0,35125.366760010846,14602.798115000041,53571.57825700051,655.0
1783446264,500,,Aggregated,7.700000,0.000000,40000,42000,42000,43000,46000,52000,53000,53000,54000,54000,54000,276,0,40000.0,35125.366760010846,14602.798115000041,53571.57825700051,655.0
1783446265,500,,Aggregated,2.600000,0.000000,40000,42000,42000,43000,50000,52000,53000,58000,58000,58000,58000,279,0,40000.0,35374.6966917204,14602.798115000041,58315.37590899825,655.0
1783446266,500,,Aggregated,2.500000,0.000000,41000,42000,43000,45000,53000,58000,59000,59000,59000,59000,59000,300,0,41000.0,36974.44011579661,14602.798115000041,58998.763052997674,655.0
1783446267,500,,Aggregated,2.500000,0.000000,41000,42000,43000,45000,53000,58000,59000,59000,59000,59000,59000,301,0,41000.0,37047.13103985709,14602.798115000041,58998.763052997674,655.0
1783446268,500,,Aggregated,2.500000,0.000000,41000,42000,43000,45000,53000,58000,59000,59000,59000,59000,59000,301,0,41000.0,37047.13103985709,14602.798115000041,58998.763052997674,655.0
1783446269,500,,Aggregated,4.800000,0.000000,41000,42000,43000,46000,53000,58000,59000,59000,59000,59000,59000,302,0,41000.0,37096.69832690061,14602.798115000041,58998.763052997674,655.5397350993378
1783446270,500,,Aggregated,4.600000,0.000000,41000,42000,43000,46000,53000,58000,59000,59000,59000,59000,59000,303,0,41000.0,37149.70140895705,14602.798115000041,58998.763052997674,656.0759075907591
1783446271,500,,Aggregated,3.200000,0.000000,41000,42000,44000,46000,53000,58000,59000,59000,59000,59000,59000,304,0,41000.0,37206.89450454272,14602.798115000041,58998.763052997674,656.608552631579
1783446272,500,,Aggregated,3.200000,0.000000,41000,42000,44000,46000,53000,58000,59000,59000,59000,59000,59000,304,0,41000.0,37206.89450454272,14602.798115000041,58998.763052997674,656.608552631579
1783446273,500,,Aggregated,2.700000,0.000000,41000,43000,46000,52000,58000,64000,64000,65000,66000,66000,66000,322,0,41000.0,38704.54581124222,14602.798115000041,66397.47077799984,657.0248447204968
1783446274,500,,Aggregated,2.800000,0.000000,41000,44000,53000,57000,59000,65000,66000,67000,67000,67000,67000,361,0,41000.0,41151.62901828528,14602.798115000041,67403.63519300081,665.8365650969529
1783446275,500,,Aggregated,2.800000,0.000000,42000,49000,55000,57000,64000,66000,67000,68000,68000,68000,68000,402,0,42000.0,42532.53926400988,14602.798115000041,67730.61187300118,678.1119402985074
1783446276,500,,Aggregated,4.800000,0.000000,42000,50000,55000,57000,64000,66000,67000,68000,69000,69000,69000,442,0,42000.0,42906.94797640716,14602.798115000041,68761.36326100095,689.6651583710408
1783446277,500,,Aggregated,4.800000,0.000000,42000,50000,55000,57000,64000,66000,68000,68000,69000,69000,69000,475,0,42000.0,42693.40729729254,14602.798115000041,68761.36326100095,697.5515789473684
1783446278,500,,Aggregated,11.600000,0.000000,41000,46000,54000,57000,66000,69000,70000,70000,70000,70000,70000,661,0,41000.0,41332.41562768524,4381.163951999042,70347.94837500158,729.768532526475
1783446279,500,,Aggregated,17.500000,0.000000,41000,44000,53000,57000,66000,69000,70000,70000,70000,70000,70000,699,0,41000.0,39762.199794137254,4039.754430999892,70347.94837500158,752.6137339055794
1783446280,500,,Aggregated,17.500000,0.000000,41000,44000,53000,57000,66000,69000,70000,70000,70000,70000,70000,699,0,41000.0,39762.199794137254,4039.754430999892,70347.94837500158,752.6137339055794
1783446281,500,,Aggregated,36.100000,0.000000,40000,43000,52000,56000,65000,68000,69000,70000,70000,70000,70000,754,0,40000.0,37621.27197901453,4039.754430999892,70347.94837500158,803.079575596817
1783446282,500,,Aggregated,39.700000,0.000000,32000,42000,50000,56000,68000,71000,72000,73000,73000,73000,73000,1015,0,32000.0,32952.28867655162,3673.602838000079,73051.31098200218,1038.3320197044336
1783446283,500,,Aggregated,39.600000,0.000000,30000,41000,46000,53000,67000,70000,72000,73000,73000,73000,73000,1131,0,30000.0,30294.27954992742,3673.602838000079,73051.31098200218,1138.656940760389
1783446284,500,,Aggregated,39.600000,0.000000,30000,41000,46000,53000,67000,70000,72000,73000,73000,73000,73000,1131,0,30000.0,30294.27954992742,3673.602838000079,73051.31098200218,1138.656940760389
1783446285,500,,Aggregated,73.900000,0.000000,30000,41000,46000,55000,68000,72000,74000,75000,75000,75000,75000,1213,0,30000.0,29953.887848618215,3202.669723999861,75435.39170400254,1317.9200329760924
1783446286,500,,Aggregated,80.700000,0.000000,7300,32000,41000,46000,67000,72000,75000,75000,75000,75000,75000,1662,0,7300.0,23825.224415732224,607.3670930018125,75435.39170400254,2205.5535499398316
1783446287,500,,Aggregated,77.000000,0.000000,6200,31000,41000,43000,65000,72000,75000,75000,75000,75000,75000,1785,0,6200.0,22287.74525795629,607.3670930018125,75435.39170400254,2554.7271708683475
1783446288,500,,Aggregated,91.600000,0.000000,5600,29000,40000,42000,64000,72000,74000,75000,75000,75000,75000,1881,0,5600.0,21269.351307862285,607.3670930018125,75435.39170400254,2623.3599149388624
1783446289,500,,Aggregated,122.400000,0.000000,4900,23000,34000,42000,59000,71000,74000,75000,75000,75000,75000,2025,0,4900.0,19957.487665144694,607.3670930018125,75435.39170400254,3110.2103703703706
1783446290,500,,Aggregated,131.500000,0.000000,4600,17000,32000,41000,58000,70000,74000,75000,75000,75000,75000,2181,0,4600.0,18739.573070419086,607.3670930018125,75435.39170400254,3442.4658413571756
1783446291,500,,Aggregated,125.400000,0.000000,4300,15000,31000,40000,58000,70000,74000,75000,75000,75000,75000,2318,2,4300.0,17820.54390194696,607.3670930018125,75435.39170400254,3742.3912855910266
1783446292,500,,Aggregated,135.300000,0.000000,4300,7400,30000,39000,57000,69000,74000,75000,75000,75000,75000,2431,9,4300.0,17150.414693059247,607.3670930018125,75435.39170400254,3957.731386260798
1783446293,500,,Aggregated,149.500000,0.000000,4200,6900,29000,34000,56000,69000,73000,75000,75000,75000,75000,2558,10,4200.0,16460.84412762198,607.3670930018125,75435.39170400254,4231.884675527756
1783446294,500,,Aggregated,154.000000,0.300000,4200,6500,27000,33000,55000,69000,73000,75000,75000,75000,75000,2653,11,4200.0,15990.434148948762,607.3670930018125,75435.39170400254,4425.36223143611
1783446295,500,,Aggregated,141.400000,0.900000,4100,6200,23000,32000,53000,69000,73000,75000,75000,75000,75000,2773,17,4100.0,15454.96677504691,607.3670930018125,75435.39170400254,4665.397403534079
1783446296,500,,Aggregated,143.300000,1.000000,4100,5900,18000,31000,52000,68000,73000,75000,75000,75000,75000,2907,19,4100.0,14899.84817627902,607.3670930018125,75435.39170400254,4903.17750257998
1783446297,500,,Aggregated,154.700000,1.200000,4100,5700,16000,31000,50000,68000,73000,75000,75000,75000,75000,3030,24,4100.0,14430.540616527418,607.3670930018125,75435.39170400254,5116.797359735973
1783446298,500,,Aggregated,146.900000,1.700000,4000,5500,15000,30000,50000,68000,73000,75000,75000,75000,75000,3132,26,4000.0,14055.406859016295,607.3670930018125,75435.39170400254,5281.734035759898
1783446299,500,,Aggregated,121.900000,2.000000,3900,5300,7800,28000,46000,67000,72000,75000,75000,75000,75000,3277,30,3900.0,13573.497049368025,607.3670930018125,75435.39170400254,5488.768080561489
1783446300,500,,Aggregated,123.700000,2.400000,3800,5100,7100,24000,44000,66000,72000,75000,75000,75000,75000,3402,33,3800.0,13178.739401529403,607.3670930018125,75435.39170400254,5609.779541446208
1783446301,500,,Aggregated,122.700000,2.600000,3800,5000,6800,22000,43000,66000,72000,75000,75000,75000,75000,3541,36,3800.0,12770.750316215474,560.7082059977984,75435.39170400254,5711.6791866704325
1783446302,500,,Aggregated,123.600000,3.100000,3800,5000,6600,17000,43000,65000,72000,75000,75000,75000,75000,3642,38,3800.0,12491.038035638117,560.7082059977984,75435.39170400254,5786.38522789676
1783446303,500,,Aggregated,122.900000,3.400000,3800,4900,6300,16000,42000,64000,72000,74000,75000,75000,75000,3763,40,3800.0,12173.133770675013,560.7082059977984,75435.39170400254,5741.572681371246
1783446304,500,,Aggregated,120.900000,3.300000,3700,4900,6200,15000,42000,64000,72000,74000,75000,75000,75000,3881,43,3700.0,11875.140444593431,462.7785340016999,75435.39170400254,5753.382118010822
1783446305,500,,Aggregated,119.400000,3.000000,3700,4800,6200,15000,42000,64000,72000,74000,75000,75000,75000,3958,46,3700.0,11699.495686530347,462.7785340016999,75435.39170400254,5755.629105608893
1783446306,500,,Aggregated,121.100000,3.000000,3600,4700,6000,8000,42000,59000,72000,74000,75000,75000,75000,4084,55,3600.0,11417.043478648897,462.7785340016999,75435.39170400254,5721.785749265426
1783446307,500,,Aggregated,120.800000,3.100000,3600,4600,5900,7300,41000,58000,72000,74000,75000,75000,75000,4214,59,3600.0,11134.563942027546,451.16217699978733,75435.39170400254,5686.357854769815
1783446308,500,,Aggregated,118.300000,3.100000,3500,4500,5800,7000,41000,58000,72000,74000,75000,75000,75000,4334,67,3500.0,10891.602357336666,158.43367499837768,75435.39170400254,5694.6421319796955
1783446309,500,,Aggregated,118.400000,3.500000,3500,4400,5700,6800,41000,58000,72000,74000,75000,75000,75000,4461,74,3500.0,10640.760929665792,158.43367499837768,75435.39170400254,5654.76260928043
1783446310,500,,Aggregated,118.900000,3.600000,3400,4400,5600,6500,40000,58000,72000,74000,75000,75000,75000,4600,76,3400.0,10376.394457696322,158.43367499837768,75435.39170400254,5643.19847826087
1783446311,500,,Aggregated,120.500000,4.200000,3400,4300,5500,6300,40000,57000,72000,74000,75000,75000,75000,4715,79,3400.0,10166.07405789355,130.28869700065115,75435.39170400254,5617.413149522799
1783446312,500,,Aggregated,118.500000,4.300000,3400,4300,5500,6300,40000,57000,71000,74000,75000,75000,75000,4763,83,3400.0,10090.756907764875,130.28869700065115,75435.39170400254,5619.127650640353
1783446313,500,,Aggregated,119.000000,4.300000,3400,4300,5400,6200,39000,57000,71000,74000,75000,75000,75000,4865,91,3400.0,9938.467761291695,130.28869700065115,75435.39170400254,5609.505652620761
1783446314,500,,Aggregated,117.000000,4.400000,3300,4300,5300,6200,38000,57000,71000,73000,75000,75000,75000,4981,99,3300.0,9775.013676933559,130.28869700065115,75435.39170400254,5582.099578397912
1783446315,500,,Aggregated,111.600000,4.500000,3300,4200,5200,6100,34000,56000,71000,73000,75000,75000,75000,5071,102,3300.0,9652.562990227969,130.28869700065115,75435.39170400254,5568.653914415303
1783446316,500,,Aggregated,109.300000,5.100000,3300,4200,5200,6000,34000,56000,71000,73000,75000,75000,75000,5199,113,3300.0,9480.450669446242,130.28869700065115,75435.39170400254,5571.491248316984
1783446317,500,,Aggregated,110.000000,5.600000,3300,4200,5100,6000,33000,55000,70000,73000,75000,75000,75000,5295,114,3300.0,9350.491596877999,130.28869700065115,75435.39170400254,5546.112559017942
1783446318,500,,Aggregated,110.600000,5.400000,3300,4200,5100,5900,33000,55000,70000,73000,75000,75000,75000,5385,119,3300.0,9239.267508091558,130.28869700065115,75435.39170400254,5556.372330547818
1783446319,500,,Aggregated,110.100000,5.800000,3300,4200,5100,5800,32000,53000,70000,73000,75000,75000,75000,5525,124,3300.0,9067.18100843638,130.28869700065115,75435.39170400254,5563.178461538461
1783446320,500,,Aggregated,107.000000,5.400000,3200,4100,5000,5800,32000,53000,70000,73000,75000,75000,75000,5655,128,3200.0,8911.846472368528,130.28869700065115,75435.39170400254,5584.635013262599
1783446321,500,,Aggregated,103.700000,5.100000,3200,4100,5000,5700,32000,52000,70000,73000,75000,75000,75000,5722,134,3200.0,8834.328633811787,130.28869700065115,75435.39170400254,5562.603460328556
1783446322,500,,Aggregated,105.200000,5.000000,3200,4100,5000,5700,31000,52000,70000,73000,75000,75000,75000,5802,142,3200.0,8748.278157570501,130.28869700065115,75435.39170400254,5534.143571182351
1783446323,500,,Aggregated,104.300000,5.100000,3200,4100,5000,5700,31000,52000,70000,73000,75000,75000,75000,5875,146,3200.0,8676.885136106395,130.28869700065115,75435.39170400254,5509.701106382979
1783446325,500,,Aggregated,100.600000,5.400000,3200,4100,4900,5600,31000,51000,69000,73000,75000,75000,75000,6013,158,3200.0,8550.495701842183,130.28869700065115,75435.39170400254,5532.7600199567605
1783446326,500,,Aggregated,100.700000,5.500000,3100,4100,4900,5600,30000,50000,69000,73000,75000,75000,75000,6152,168,3100.0,8418.003683416942,130.28869700065115,75435.39170400254,5566.078023407023
1783446327,500,,Aggregated,100.700000,5.500000,3100,4100,4900,5500,30000,49000,69000,73000,75000,75000,75000,6290,173,3100.0,8282.21906426407,16.42290900053922,75435.39170400254,5561.199682034976
1783446328,500,,Aggregated,107.300000,6.600000,3100,4000,4900,5500,29000,49000,69000,72000,75000,75000,75000,6421,179,3100.0,8151.539978284071,16.42290900053922,75435.39170400254,5585.494782744121
1783446329,500,,Aggregated,108.700000,6.000000,3100,4000,4800,5400,28000,46000,69000,72000,75000,75000,75000,6555,181,3100.0,8019.138987875975,16.42290900053922,75435.39170400254,5574.072768878718
1783446330,500,,Aggregated,112.500000,6.500000,3000,3900,4800,5400,27000,46000,69000,72000,75000,75000,75000,6676,187,3000.0,7904.238233794639,16.42290900053922,75435.39170400254,5570.077441581786
1783446331,500,,Aggregated,116.900000,6.200000,3000,3900,4700,5300,24000,44000,69000,72000,75000,75000,75000,6817,191,3000.0,7774.048657856685,16.42290900053922,75435.39170400254,5589.725539093442
1783446332,500,,Aggregated,114.700000,6.300000,3000,3900,4600,5300,23000,44000,69000,72000,75000,75000,75000,6935,191,3000.0,7668.054386900938,16.42290900053922,75435.39170400254,5594.222206200433
1783446333,500,,Aggregated,115.300000,6.300000,2900,3800,4600,5200,22000,43000,69000,72000,75000,75000,75000,7063,192,2900.0,7560.569090311768,16.42290900053922,75435.39170400254,5594.7941384680735
1783446334,500,,Aggregated,121.000000,5.700000,2900,3800,4500,5200,20000,43000,68000,72000,75000,75000,75000,7171,198,2900.0,7473.490724312928,16.42290900053922,75435.39170400254,5582.441221586947
1783446335,500,,Aggregated,125.400000,5.000000,2900,3800,4500,5200,18000,43000,68000,72000,75000,75000,75000,7267,202,2900.0,7403.686151211094,16.42290900053922,75435.39170400254,5578.862666850145
1783446336,500,,Aggregated,129.200000,5.100000,2900,3800,4500,5200,17000,43000,68000,72000,75000,75000,75000,7341,207,2900.0,7353.058527888574,16.42290900053922,75435.39170400254,5589.698269990465
1783446337,500,,Aggregated,125.000000,4.400000,2900,3800,4500,5100,17000,42000,68000,72000,75000,75000,75000,7437,211,2900.0,7292.160615146568,16.42290900053922,75435.39170400254,5579.973779749899
1783446338,500,,Aggregated,119.100000,3.800000,2800,3800,4500,5100,16000,42000,68000,72000,75000,75000,75000,7595,221,2800.0,7196.649235439098,16.42290900053922,75435.39170400254,5607.749045424622
1783446339,500,,Aggregated,114.100000,3.800000,2800,3800,4400,5100,15000,42000,68000,72000,75000,75000,75000,7762,221,2800.0,7089.584022908517,16.42290900053922,75435.39170400254,5615.34333934553
1783446340,500,,Aggregated,116.400000,4.200000,2800,3700,4400,5000,15000,42000,68000,72000,75000,75000,75000,7914,225,2800.0,6987.493028604738,16.42290900053922,75435.39170400254,5623.6173869092745
1783446341,500,,Aggregated,119.900000,4.000000,2700,3700,4300,5000,9300,42000,67000,72000,75000,75000,75000,8043,225,2700.0,6895.717724390136,16.42290900053922,75435.39170400254,5613.779435534005
1783446342,500,,Aggregated,123.100000,3.800000,2700,3700,4300,5000,8500,42000,67000,72000,75000,75000,75000,8157,225,2700.0,6815.173833345696,16.42290900053922,75435.39170400254,5621.91491970087
1783446343,500,,Aggregated,122.000000,3.400000,2700,3700,4300,4900,7800,42000,67000,72000,75000,75000,75000,8267,226,2700.0,6742.195513815151,16.42290900053922,75435.39170400254,5616.2783355509855
1783446344,500,,Aggregated,122.300000,3.400000,2600,3600,4300,4900,7400,41000,67000,72000,75000,75000,75000,8385,230,2600.0,6673.438564198787,16.42290900053922,75435.39170400254,5634.958974358974
1783446345,500,,Aggregated,120.100000,3.400000,2600,3600,4200,4900,7300,41000,67000,72000,75000,75000,75000,8462,234,2600.0,6632.757054315033,16.42290900053922,75435.39170400254,5629.6437012526585
1783446346,500,,Aggregated,120.300000,3.100000,2600,3600,4200,4900,7200,41000,66000,72000,75000,75000,75000,8559,241,2600.0,6587.885348529482,16.42290900053922,75435.39170400254,5653.126182965299
1783446347,500,,Aggregated,119.800000,3.200000,2600,3600,4200,4900,7100,41000,66000,72000,75000,75000,75000,8651,245,2600.0,6545.187371882773,16.42290900053922,75435.39170400254,5652.998497283551
1783446348,500,,Aggregated,120.600000,3.300000,2600,3600,4200,4900,7000,41000,66000,72000,75000,75000,75000,8769,253,2600.0,6493.837602793462,16.42290900053922,75435.39170400254,5646.101607937051
1783446349,500,,Aggregated,120.300000,3.400000,2600,3600,4200,4800,6900,41000,65000,72000,75000,75000,75000,8915,258,2600.0,6428.82909333615,16.42290900053922,75435.39170400254,5652.0570947840715
1783446350,500,,Aggregated,116.300000,3.100000,2600,3600,4200,4800,6800,41000,65000,72000,75000,75000,75000,8995,263,2600.0,6393.780036536053,16.42290900053922,75435.39170400254,5642.019121734297
1783446351,500,,Aggregated,113.600000,3.600000,2600,3600,4200,4800,6800,41000,65000,72000,75000,75000,75000,9088,265,2600.0,6351.937877973242,16.42290900053922,75435.39170400254,5633.777838908451
1783446352,500,,Aggregated,107.200000,3.700000,2600,3600,4200,4800,6800,40000,65000,72000,75000,75000,75000,9118,266,2600.0,6339.567279219108,16.42290900053922,75435.39170400254,5634.805110769906
1783446353,500,,Aggregated,105.400000,4.000000,2600,3600,4200,4800,6700,40000,65000,72000,75000,75000,75000,9212,279,2600.0,6312.983643465465,16.42290900053922,75435.39170400254,5615.706686930092
1783446354,500,,Aggregated,95.800000,4.100000,2600,3600,4200,4800,6700,40000,65000,72000,75000,75000,75000,9344,290,2600.0,6271.443732351761,16.42290900053922,75435.39170400254,5614.547089041096
1783446355,500,,Aggregated,93.700000,5.000000,2600,3600,4200,4800,6600,40000,64000,72000,75000,75000,75000,9475,293,2600.0,6227.010315770961,16.42290900053922,75435.39170400254,5633.505013192612
1783446356,500,,Aggregated,94.500000,6.000000,2600,3600,4200,4800,6600,40000,64000,71000,75000,75000,75000,9591,299,2600.0,6182.232285762467,16.42290900053922,75435.39170400254,5643.272964237306
1783446357,500,,Aggregated,99.300000,5.900000,2600,3600,4200,4800,6400,39000,64000,71000,75000,75000,75000,9719,300,2600.0,6129.3523383057745,16.42290900053922,75435.39170400254,5638.03251363309
1783446358,500,,Aggregated,102.400000,5.900000,2600,3500,4200,4800,6300,39000,64000,71000,75000,75000,75000,9855,304,2600.0,6073.959847341532,16.42290900053922,75435.39170400254,5640.73932014206
1783446359,500,,Aggregated,105.500000,5.500000,2500,3500,4200,4700,6300,38000,59000,71000,75000,75000,75000,9986,310,2500.0,6019.150438644375,16.42290900053922,75435.39170400254,5654.719006609253
1783446360,500,,Aggregated,106.800000,4.900000,2500,3500,4100,4700,6300,34000,59000,71000,75000,75000,75000,10127,315,2500.0,5958.651638341428,16.42290900053922,75435.39170400254,5646.999210032586
1783446361,500,,Aggregated,106.900000,5.100000,2500,3500,4100,4700,6300,34000,59000,71000,75000,75000,75000,10227,320,2500.0,5918.024848892213,16.42290900053922,75435.39170400254,5635.53945438545
1783446362,500,,Aggregated,112.600000,5.100000,2500,3500,4100,4700,6200,34000,59000,71000,75000,75000,75000,10304,322,2500.0,5887.237068741821,16.42290900053922,75435.39170400254,5647.49136257764
1783446363,500,,Aggregated,113.000000,5.400000,2500,3500,4100,4600,6200,34000,59000,71000,75000,75000,75000,10427,328,2500.0,5847.195915160518,16.42290900053922,75435.39170400254,5646.153927304114
1783446364,500,,Aggregated,117.200000,5.600000,2500,3500,4100,4600,6200,33000,58000,70000,75000,75000,75000,10525,335,2500.0,5815.069937073128,16.42290900053922,75435.39170400254,5639.792874109264
1783446365,500,,Aggregated,119.000000,5.100000,2500,3500,4100,4600,6200,33000,58000,70000,75000,75000,75000,10648,342,2500.0,5776.630284054443,16.42290900053922,75435.39170400254,5630.989763335838
1783446367,500,,Aggregated,114.900000,4.700000,2500,3500,4100,4600,6100,32000,58000,70000,75000,75000,75000,10915,351,2500.0,5711.78507193447,16.42290900053922,75435.39170400254,5614.619697663766
1783446368,500,,Aggregated,107.800000,4.400000,2500,3400,4100,4600,6100,32000,58000,70000,75000,75000,75000,11016,353,2500.0,5674.343197545727,16.42290900053922,75435.39170400254,5613.382716049383
1783446369,500,,Aggregated,99.400000,4.200000,2500,3400,4100,4600,6100,32000,58000,70000,75000,75000,75000,11121,356,2500.0,5638.050577324677,16.42290900053922,75435.39170400254,5607.75784551749
1783446370,500,,Aggregated,111.100000,5.000000,2500,3400,4100,4600,6100,32000,58000,70000,75000,75000,75000,11230,357,2500.0,5602.621178456611,16.42290900053922,75435.39170400254,5607.592876224399
1783446371,500,,Aggregated,106.600000,4.500000,2400,3400,4100,4500,6100,32000,58000,70000,75000,75000,75000,11368,357,2400.0,5558.437298015371,16.42290900053922,75435.39170400254,5622.760380014074
1783446372,500,,Aggregated,103.400000,4.300000,2400,3400,4000,4500,6000,31000,58000,70000,75000,75000,75000,11500,364,2400.0,5518.184162546847,16.42290900053922,75435.39170400254,5613.483043478261
1783446373,500,,Aggregated,103.900000,3.800000,2400,3400,4000,4500,6000,31000,58000,70000,75000,75000,75000,11611,368,2400.0,5482.007789660387,16.42290900053922,75435.39170400254,5612.028162948928
1783446374,500,,Aggregated,108.900000,3.500000,2400,3400,4000,4500,6000,31000,58000,70000,75000,75000,75000,11687,374,2400.0,5461.686582983891,16.42290900053922,75435.39170400254,5606.335500984
1783446375,500,,Aggregated,112.700000,3.700000,2400,3400,4000,4500,6000,31000,58000,70000,75000,75000,75000,11736,378,2400.0,5450.078817294115,16.42290900053922,75435.39170400254,5593.884713701432
1783446376,500,,Aggregated,112.100000,3.700000,2400,3400,4000,4500,6000,31000,57000,70000,75000,75000,75000,11853,386,2400.0,5427.003397876467,16.42290900053922,75435.39170400254,5586.052138699063
1783446377,500,,Aggregated,108.500000,3.500000,2400,3400,4000,4500,6000,31000,57000,69000,75000,75000,75000,11990,392,2400.0,5399.916060895398,16.42290900053922,75435.39170400254,5594.77189324437
1783446378,500,,Aggregated,109.000000,3.700000,2400,3400,4000,4500,5900,31000,57000,69000,75000,75000,75000,12107,396,2400.0,5369.695683595264,16.42290900053922,75435.39170400254,5606.439497811183
1783446379,500,,Aggregated,117.400000,4.400000,2400,3400,4000,4500,5900,30000,57000,69000,75000,75000,75000,12237,400,2400.0,5337.1172819460535,16.42290900053922,75435.39170400254,5601.272534117839
1783446380,500,,Aggregated,106.600000,4.100000,2400,3400,4000,4500,5900,30000,57000,69000,75000,75000,75000,12367,406,2400.0,5301.375335852017,16.42290900053922,75435.39170400254,5603.9905393385625
1783446382,500,,Aggregated,108.300000,4.300000,2400,3300,4000,4500,5900,30000,57000,69000,75000,75000,75000,12496,411,2400.0,5264.927244505675,16.42290900053922,75435.39170400254,5596.832026248399
1783446383,500,,Aggregated,111.500000,4.900000,2400,3300,4000,4500,5900,30000,57000,69000,75000,75000,75000,12573,417,2400.0,5245.279908818653,16.42290900053922,75435.39170400254,5585.698162729659
1783446384,500,,Aggregated,112.200000,5.400000,2400,3300,4000,4400,5900,30000,56000,69000,75000,75000,75000,12689,420,2400.0,5216.2897613248415,16.42290900053922,75435.39170400254,5580.7800457088815
1783446385,500,,Aggregated,105.800000,5.200000,2400,3300,4000,4400,5800,29000,56000,69000,75000,75000,75000,12840,426,2400.0,5178.770875837143,16.42290900053922,75435.39170400254,5584.267289719626
1783446386,500,,Aggregated,107.500000,5.200000,2300,3300,3900,4400,5800,28000,56000,69000,75000,75000,75000,12984,432,2300.0,5142.9231662097945,16.42290900053922,75435.39170400254,5594.000847196549
1783446387,500,,Aggregated,114.200000,5.000000,2300,3300,3900,4400,5800,28000,55000,69000,75000,75000,75000,13129,439,2300.0,5107.873511648941,16.42290900053922,75435.39170400254,5591.88171224008
1783446388,500,,Aggregated,124.200000,5.300000,2300,3300,3900,4400,5800,27000,55000,69000,75000,75000,75000,13276,443,2300.0,5067.764946777335,16.42290900053922,75435.39170400254,5596.14989454655
1783446389,500,,Aggregated,124.200000,5.300000,2300,3300,3900,4400,5800,27000,55000,69000,75000,75000,75000,13358,445,2300.0,5045.981484387401,16.42290900053922,75435.39170400254,5593.4879472975
1783446390,500,,Aggregated,127.800000,5.100000,2300,3300,3900,4300,5700,25000,55000,69000,75000,75000,75000,13507,446,2300.0,5005.038682171457,16.42290900053922,75435.39170400254,5608.779595765159
1783446391,500,,Aggregated,125.100000,4.900000,2300,3200,3900,4300,5700,24000,54000,69000,75000,75000,75000,13661,447,2300.0,4967.091516549959,16.42290900053922,75435.39170400254,5609.741453773516
1783446392,500,,Aggregated,126.500000,4.600000,2300,3200,3900,4300,5700,23000,53000,69000,75000,75000,75000,13808,449,2300.0,4933.5682022521005,16.42290900053922,75435.39170400254,5606.541207995365
1783446393,500,,Aggregated,128.500000,4.100000,2300,3200,3800,4300,5700,23000,53000,69000,75000,75000,75000,13934,453,2300.0,4902.285181275575,16.42290900053922,75435.39170400254,5610.325032295105
1783446394,500,,Aggregated,128.200000,3.700000,2200,3200,3800,4300,5600,23000,53000,69000,75000,75000,75000,14085,453,2200.0,4862.19786680077,16.42290900053922,75435.39170400254,5612.259566915158
1783446395,500,,Aggregated,135.400000,3.700000,2200,3200,3800,4300,5600,21000,52000,68000,75000,75000,75000,14201,453,2200.0,4833.619265378831,16.42290900053922,75435.39170400254,5616.345679881699
1783446396,500,,Aggregated,138.500000,3.300000,2200,3200,3800,4200,5600,20000,52000,68000,75000,75000,75000,14352,454,2200.0,4796.039396881673,16.42290900053922,75435.39170400254,5618.453734671126
1783446397,500,,Aggregated,135.700000,2.800000,2200,3100,3800,4200,5600,18000,52000,68000,75000,75000,75000,14498,457,2200.0,4765.531131099377,16.42290900053922,75435.39170400254,5620.9702027865915
1783446398,500,,Aggregated,136.000000,2.200000,2200,3100,3800,4200,5600,17000,52000,68000,75000,75000,75000,14623,461,2200.0,4739.181325780947,16.42290900053922,75435.39170400254,5615.992477603775
1783446399,500,,Aggregated,136.000000,1.600000,2200,3100,3800,4200,5600,17000,52000,68000,75000,75000,75000,14759,465,2200.0,4708.449509061499,16.42290900053922,75435.39170400254,5615.864828240396
1783446400,500,,Aggregated,133.200000,1.500000,2200,3100,3800,4200,5600,17000,51000,68000,75000,75000,75000,14884,468,2200.0,4682.051868580864,16.42290900053922,75435.39170400254,5613.496909432948
1783446401,500,,Aggregated,138.200000,2.000000,2100,3100,3700,4200,5500,16000,51000,68000,75000,75000,75000,15055,473,2100.0,4647.5372390410785,16.42290900053922,75435.39170400254,5609.1309199601465
1783446402,500,,Aggregated,136.200000,2.200000,2100,3100,3700,4200,5500,16000,50000,68000,75000,75000,75000,15208,479,2100.0,4619.223570587939,16.42290900053922,75435.39170400254,5603.239084692267
1783446403,500,,Aggregated,135.000000,2.500000,2100,3100,3700,4200,5500,15000,50000,68000,75000,75000,75000,15360,481,2100.0,4587.9301089552955,16.42290900053922,75435.39170400254,5606.910807291667
1783446404,500,,Aggregated,135.100000,2.700000,2100,3100,3700,4100,5500,15000,50000,68000,75000,75000,75000,15512,482,2100.0,4555.887292754404,16.42290900053922,75435.39170400254,5614.361010830325
1783446405,500,,Aggregated,136.700000,2.700000,2100,3000,3700,4100,5400,15000,50000,68000,75000,75000,75000,15628,483,2100.0,4530.302696964955,16.42290900053922,75435.39170400254,5614.504415152291
1783446406,500,,Aggregated,137.300000,2.800000,2100,3000,3700,4100,5400,15000,49000,68000,75000,75000,75000,15739,484,2100.0,4507.382497524198,16.42290900053922,75435.39170400254,5621.111887667577
1783446407,500,,Aggregated,138.300000,3.000000,2100,3000,3700,4100,5400,13000,49000,68000,75000,75000,75000,15871,487,2100.0,4482.581489992398,16.42290900053922,75435.39170400254,5620.935731837943
1783446408,500,,Aggregated,134.900000,2.900000,2100,3000,3600,4100,5400,11000,49000,67000,75000,75000,75000,16025,491,2100.0,4454.839576206079,16.42290900053922,75435.39170400254,5611.510265210609
1783446409,500,,Aggregated,132.300000,3.100000,2100,3000,3600,4100,5400,9300,49000,67000,75000,75000,75000,16143,492,2100.0,4434.874317387189,16.42290900053922,75435.39170400254,5606.781329368767
1783446410,500,,Aggregated,134.700000,2.900000,2100,3000,3600,4100,5400,9200,49000,67000,75000,75000,75000,16236,495,2100.0,4418.401007308596,16.42290900053922,75435.39170400254,5605.30586351318
1783446411,500,,Aggregated,134.800000,2.700000,2100,3000,3600,4100,5400,9000,46000,67000,75000,75000,75000,16376,498,2100.0,4396.343637592478,16.42290900053922,75435.39170400254,5615.829140205178
1783446412,500,,Aggregated,132.000000,2.500000,2000,3000,3600,4100,5300,8600,46000,67000,75000,75000,75000,16529,503,2000.0,4373.07845773601,16.42290900053922,75435.39170400254,5617.671183979672
1783446413,500,,Aggregated,129.500000,2.500000,2000,3000,3600,4100,5300,8300,46000,67000,75000,75000,75000,16677,509,2000.0,4351.271511774209,16.42290900053922,75435.39170400254,5617.427534928344
1783446414,500,,Aggregated,130.600000,2.600000,2000,3000,3600,4000,5300,8100,45000,67000,75000,75000,75000,16797,510,2000.0,4330.7546367707055,16.42290900053922,75435.39170400254,5608.728582484968
1783446415,500,,Aggregated,129.300000,2.700000,2000,3000,3600,4000,5300,8000,44000,67000,75000,75000,75000,16934,513,2000.0,4307.394085177305,16.42290900053922,75435.39170400254,5606.593067202079
1783446416,500,,Aggregated,127.500000,2.800000,2000,2900,3600,4000,5300,7800,44000,66000,75000,75000,75000,17069,515,2000.0,4283.815425017663,16.42290900053922,75435.39170400254,5612.5371140664365
1783446417,500,,Aggregated,128.000000,2.800000,2000,2900,3600,4000,5300,7600,44000,66000,75000,75000,75000,17216,515,2000.0,4259.476887700717,16.42290900053922,75435.39170400254,5615.850604089219
1783446418,500,,Aggregated,128.600000,3.100000,2000,2900,3600,4000,5300,7600,44000,66000,75000,75000,75000,17347,519,2000.0,4240.551475074799,16.42290900053922,75435.39170400254,5628.505332334121
1783446419,500,,Aggregated,131.200000,2.900000,2000,2900,3500,4000,5300,7400,43000,66000,75000,75000,75000,17473,521,2000.0,4220.30714645016,16.42290900053922,75435.39170400254,5624.8863961540665
1783446420,500,,Aggregated,130.700000,2.900000,2000,2900,3500,4000,5300,7300,43000,66000,75000,75000,75000,17575,522,2000.0,4203.76119425483,16.42290900053922,75435.39170400254,5629.049559032717
1783446421,500,,Aggregated,129.700000,2.700000,2000,2900,3500,4000,5300,7300,43000,66000,75000,75000,75000,17719,524,2000.0,4182.2236405115755,16.42290900053922,75435.39170400254,5626.344263220272
1783446422,500,,Aggregated,131.600000,2.900000,2000,2900,3500,4000,5200,7200,43000,65000,75000,75000,75000,17851,529,2000.0,4165.229541292174,16.42290900053922,75435.39170400254,5625.926838832558
1783446423,500,,Aggregated,132.200000,2.500000,2000,2900,3500,3900,5200,7200,43000,65000,75000,75000,75000,17978,533,2000.0,4146.954383895681,8.622735000244575,75435.39170400254,5628.698854155078
1783446424,500,,Aggregated,132.000000,2.400000,2000,2900,3500,3900,5200,7100,43000,65000,75000,75000,75000,18097,539,2000.0,4131.519855664559,8.622735000244575,75435.39170400254,5627.311211803061
1783446425,500,,Aggregated,131.300000,2.400000,1900,2900,3500,3900,5200,7100,43000,65000,75000,75000,75000,18213,543,1900.0,4116.689730880392,8.622735000244575,75435.39170400254,5627.646076977982
1783446426,500,,Aggregated,127.700000,2.700000,1900,2800,3500,3900,5200,7100,43000,65000,75000,75000,75000,18368,547,1900.0,4095.518688479399,8.622735000244575,75435.39170400254,5636.130825348432
1783446427,500,,Aggregated,128.600000,2.900000,1900,2800,3500,3900,5200,7000,42000,65000,75000,75000,75000,18495,551,1900.0,4080.813556843611,5.705895000573946,75435.39170400254,5632.6486618004865
1783446428,500,,Aggregated,127.900000,3.000000,1900,2800,3500,3900,5200,7000,42000,65000,75000,75000,75000,18647,557,1900.0,4059.400594391728,5.705895000573946,75435.39170400254,5627.821043599507
1783446429,500,,Aggregated,128.800000,3.300000,1900,2800,3500,3900,5200,6900,42000,65000,75000,75000,75000,18770,559,1900.0,4043.0499534470187,5.705895000573946,75435.39170400254,5631.684336707512
1783446430,500,,Aggregated,127.200000,3.500000,1900,2800,3500,3900,5200,6900,42000,64000,75000,75000,75000,18906,562,1900.0,4026.2045744776515,5.705895000573946,75435.39170400254,5634.938908283085
1783446431,500,,Aggregated,128.800000,3.800000,1900,2800,3500,3900,5200,6800,42000,64000,75000,75000,75000,19038,563,1900.0,4007.5910538661324,5.705895000573946,75435.39170400254,5633.989179535665
1783446432,500,,Aggregated,129.400000,3.700000,1900,2800,3500,3900,5200,6800,42000,64000,75000,75000,75000,19167,566,1900.0,3991.256282859414,5.705895000573946,75435.39170400254,5634.106589450618
1783446433,500,,Aggregated,131.100000,4.000000,1900,2800,3400,3900,5200,6800,42000,64000,75000,75000,75000,19308,569,1900.0,3974.367386413781,5.705895000573946,75435.39170400254,5635.303242179408
1783446434,500,,Aggregated,130.300000,3.800000,1900,2800,3400,3900,5200,6700,42000,64000,75000,75000,75000,19459,572,1900.0,3955.6773613921714,5.705895000573946,75435.39170400254,5633.718690580195
1783446435,500,,Aggregated,129.400000,3.600000,1900,2800,3400,3900,5100,6700,42000,64000,75000,75000,75000,19573,576,1900.0,3942.6784051513423,5.705895000573946,75435.39170400254,5637.186992285291
1783446436,500,,Aggregated,133.700000,3.500000,1900,2700,3400,3800,5100,6700,42000,64000,75000,75000,75000,19710,577,1900.0,3923.448165201382,5.705895000573946,75435.39170400254,5632.628868594622
1783446437,500,,Aggregated,134.300000,3.200000,1900,2700,3400,3800,5100,6700,42000,64000,75000,75000,75000,19820,579,1900.0,3911.2808037542986,5.705895000573946,75435.39170400254,5638.710040363269
1783446438,500,,Aggregated,134.400000,3.200000,1900,2700,3400,3800,5100,6600,42000,59000,75000,75000,75000,19970,583,1900.0,3894.0543476877433,5.705895000573946,75435.39170400254,5642.263645468202
1783446439,500,,Aggregated,133.100000,2.900000,1900,2700,3400,3800,5100,6600,42000,59000,75000,75000,75000,20111,586,1900.0,3879.509555875997,5.705895000573946,75435.39170400254,5644.207896176222
1783446440,500,,Aggregated,131.500000,2.800000,1900,2700,3400,3800,5100,6500,42000,59000,75000,75000,75000,20255,594,1900.0,3862.8006114444456,5.705895000573946,75435.39170400254,5645.264428536164
1783446441,500,,Aggregated,132.000000,2.600000,1900,2700,3400,3800,5100,6500,42000,59000,75000,75000,75000,20375,595,1900.0,3848.1196426898255,5.705895000573946,75435.39170400254,5644.10154601227
1783446442,500,,Aggregated,132.800000,2.700000,1900,2700,3400,3800,5100,6400,42000,59000,75000,75000,75000,20528,599,1900.0,3830.2119239787235,5.705895000573946,75435.39170400254,5641.820586515978
1783446443,500,,Aggregated,133.800000,3.300000,1900,2700,3400,3800,5100,6400,42000,59000,75000,75000,75000,20678,602,1900.0,3815.7026822568073,5.705895000573946,75435.39170400254,5638.809556049908
1783446444,500,,Aggregated,132.700000,3.300000,1800,2700,3400,3800,5100,6400,41000,59000,75000,75000,75000,20795,606,1800.0,3802.4616451057586,5.705895000573946,75435.39170400254,5642.270305361866
1783446445,500,,Aggregated,135.300000,3.300000,1800,2700,3400,3800,5100,6300,41000,59000,75000,75000,75000,20932,613,1800.0,3786.9211991792595,5.705895000573946,75435.39170400254,5640.064207911332
1783446446,500,,Aggregated,134.300000,3.100000,1800,2700,3300,3800,5100,6300,41000,58000,75000,75000,75000,21071,615,1800.0,3770.270176406968,5.705895000573946,75435.39170400254,5644.9340325565945
1783446447,500,,Aggregated,132.600000,3.400000,1800,2700,3300,3800,5100,6300,41000,58000,75000,75000,75000,21227,616,1800.0,3753.966054880959,5.705895000573946,75435.39170400254,5641.242144438686
1783446448,500,,Aggregated,134.600000,3.900000,1800,2700,3300,3800,5100,6300,41000,58000,75000,75000,75000,21366,617,1800.0,3739.8372617991286,5.705895000573946,75435.39170400254,5641.244547411776
1783446449,500,,Aggregated,134.000000,3.800000,1800,2600,3300,3800,5000,6300,41000,58000,75000,75000,75000,21492,620,1800.0,3725.540112558258,5.705895000573946,75435.39170400254,5638.20072585148
1783446450,500,,Aggregated,138.900000,3.700000,1800,2600,3300,3700,5000,6300,41000,58000,75000,75000,75000,21636,623,1800.0,3709.587606540906,5.705895000573946,75435.39170400254,5641.35889258643
1783446451,500,,Aggregated,137.700000,3.400000,1800,2600,3300,3700,5000,6300,41000,58000,75000,75000,75000,21762,623,1800.0,3696.491217523851,5.705895000573946,75435.39170400254,5638.729482584321
1783446453,500,,Aggregated,137.000000,3.400000,1800,2600,3300,3700,5000,6200,41000,58000,75000,75000,75000,21892,627,1800.0,3684.238880887496,5.705895000573946,75435.39170400254,5639.968207564407
1783446454,500,,Aggregated,137.700000,2.700000,1800,2600,3300,3700,5000,6200,41000,58000,75000,75000,75000,22002,630,1800.0,3674.4220487233442,5.705895000573946,75435.39170400254,5636.07476593037
1783446455,500,,Aggregated,134.900000,2.700000,1800,2600,3300,3700,5000,6200,41000,58000,75000,75000,75000,22150,637,1800.0,3660.5538754189183,5.705895000573946,75435.39170400254,5637.831331828443
1783446456,500,,Aggregated,132.100000,2.800000,1800,2600,3300,3700,5000,6200,41000,58000,75000,75000,75000,22275,645,1800.0,3649.779549051358,5.705895000573946,75435.39170400254,5633.48305274972
1783446457,500,,Aggregated,133.400000,3.000000,1800,2600,3300,3700,5000,6200,41000,58000,75000,75000,75000,22395,648,1800.0,3639.89301344568,5.705895000573946,75435.39170400254,5627.786693458361
1783446458,500,,Aggregated,132.100000,3.000000,1800,2600,3300,3700,5000,6200,41000,58000,75000,75000,75000,22531,654,1800.0,3627.708667041145,5.705895000573946,75435.39170400254,5626.468820735875
1783446459,500,,Aggregated,131.000000,3.300000,1800,2600,3300,3700,5000,6200,41000,58000,75000,75000,75000,22683,659,1800.0,3614.714032114889,5.705895000573946,75435.39170400254,5625.800290966803
1783446460,500,,Aggregated,129.000000,3.800000,1800,2600,3300,3700,5000,6200,40000,58000,75000,75000,75000,22824,665,1800.0,3603.6369940267705,5.705895000573946,75435.39170400254,5628.317779530319
1783446461,500,,Aggregated,130.000000,4.100000,1800,2600,3300,3700,5000,6200,40000,58000,75000,75000,75000,22952,667,1800.0,3591.391059250745,5.705895000573946,75435.39170400254,5629.839447542698
1783446462,500,,Aggregated,132.300000,4.500000,1800,2600,3300,3700,5000,6200,40000,58000,75000,75000,75000,23024,672,1800.0,3586.1097780212876,5.705895000573946,75435.39170400254,5621.139028839472
1783446463,500,,Aggregated,131.300000,4.400000,1800,2600,3300,3700,5000,6100,40000,58000,75000,75000,75000,23129,677,1800.0,3578.834464168492,5.705895000573946,75435.39170400254,5619.662155735225
1783446464,500,,Aggregated,125.300000,4.800000,1800,2600,3300,3700,5000,6100,40000,58000,75000,75000,75000,23239,680,1800.0,3572.028193763157,5.705895000573946,75435.39170400254,5625.805155127157
1783446465,500,,Aggregated,122.700000,5.000000,1800,2600,3300,3700,5000,6100,40000,58000,75000,75000,75000,23359,689,1800.0,3564.8640496712214,5.705895000573946,75435.39170400254,5620.504858940879
1783446466,500,,Aggregated,123.800000,5.000000,1800,2600,3300,3700,5000,6100,40000,58000,75000,75000,75000,23472,698,1800.0,3559.342773049765,5.705895000573946,75435.39170400254,5616.638036809816
1783446467,500,,Aggregated,121.000000,5.200000,1800,2600,3300,3700,5000,6100,40000,57000,75000,75000,75000,23572,701,1800.0,3554.0845561213755,5.705895000573946,75435.39170400254,5612.20409808247
1783446468,500,,Aggregated,119.300000,5.300000,1800,2600,3300,3700,5000,6100,40000,57000,75000,75000,75000,23648,708,1800.0,3551.9449372984204,5.705895000573946,75435.39170400254,5609.549856224628
1783446469,500,,Aggregated,116.400000,5.300000,1800,2600,3300,3700,5000,6100,40000,57000,75000,75000,75000,23789,713,1800.0,3544.9157571781498,5.705895000573946,75435.39170400254,5603.403295640843
1783446470,500,,Aggregated,111.900000,5.400000,1800,2600,3300,3700,5000,6100,40000,57000,75000,75000,75000,23916,724,1800.0,3539.1293092365772,5.705895000573946,75435.39170400254,5602.57948653621
1783446471,500,,Aggregated,110.200000,5.500000,1800,2600,3300,3700,5000,6100,40000,57000,75000,75000,75000,24062,731,1800.0,3529.512365892363,5.705895000573946,75435.39170400254,5599.590848641011
1783446472,500,,Aggregated,108.600000,5.600000,1800,2600,3300,3700,5000,6100,39000,57000,75000,75000,75000,24209,734,1800.0,3519.590181826097,5.705895000573946,75435.39170400254,5605.1924490891815
1783446473,500,,Aggregated,110.000000,6.200000,1800,2600,3200,3700,5000,6000,39000,57000,75000,75000,75000,24334,736,1800.0,3509.99329262916,5.705895000573946,75435.39170400254,5606.389413988658
1783446474,500,,Aggregated,116.300000,6.300000,1800,2600,3200,3700,5000,6000,39000,57000,75000,75000,75000,24467,740,1800.0,3500.65138171991,5.705895000573946,75435.39170400254,5603.948011607471
1783446475,500,,Aggregated,119.200000,5.900000,1800,2600,3200,3700,5000,6000,39000,57000,75000,75000,75000,24587,742,1800.0,3491.0115925097416,5.705895000573946,75435.39170400254,5601.123723919144
1783446476,500,,Aggregated,119.900000,5.800000,1800,2600,3200,3600,5000,6000,39000,57000,75000,75000,75000,24710,743,1800.0,3480.0849649274387,5.705895000573946,75435.39170400254,5599.981545932821
1783446477,500,,Aggregated,121.600000,5.300000,1700,2600,3200,3600,5000,6000,38000,57000,75000,75000,75000,24834,744,1700.0,3471.1548254558284,5.705895000573946,75435.39170400254,5606.525529515986
1783446478,500,,Aggregated,123.600000,4.500000,1700,2500,3200,3600,5000,6000,38000,57000,75000,75000,75000,24987,744,1700.0,3460.830850069759,5.705895000573946,75435.39170400254,5604.876175611318
1783446479,500,,Aggregated,124.800000,4.200000,1700,2500,3200,3600,5000,6000,35000,57000,75000,75000,75000,25118,748,1700.0,3451.7987848131997,5.705895000573946,75435.39170400254,5604.838124054463
1783446480,500,,Aggregated,129.700000,3.600000,1700,2500,3200,3600,5000,6000,35000,57000,75000,75000,75000,25263,751,1700.0,3441.407423370223,5.705895000573946,75435.39170400254,5603.594505798995
1783446481,500,,Aggregated,130.700000,3.400000,1700,2500,3200,3600,5000,6000,34000,56000,75000,75000,75000,25457,756,1700.0,3429.2356069752127,5.705895000573946,75435.39170400254,5597.812075264171
1783446482,500,,Aggregated,133.200000,2.900000,1700,2500,3200,3600,5000,6000,34000,56000,75000,75000,75000,25545,756,1700.0,3421.794876878646,5.705895000573946,75435.39170400254,5601.382697201017
1783446483,500,,Aggregated,124.500000,2.300000,1700,2500,3200,3600,5000,6000,34000,56000,75000,75000,75000,25632,756,1700.0,3416.585502232055,5.705895000573946,75435.39170400254,5598.879174469414
1783446484,500,,Aggregated,128.900000,2.200000,1700,2500,3200,3600,5000,5900,34000,56000,75000,75000,75000,25776,759,1700.0,3408.98711329745,5.705895000573946,75435.39170400254,5601.481300434512
1783446485,500,,Aggregated,123.400000,2.000000,1700,2500,3200,3600,5000,5900,34000,56000,75000,75000,75000,25923,760,1700.0,3402.1146040446743,5.705895000573946,75435.39170400254,5604.2876981830805
1783446486,500,,Aggregated,120.100000,1.800000,1700,2500,3200,3600,5000,5900,34000,56000,75000,75000,75000,26054,768,1700.0,3395.691087352928,5.705895000573946,75435.39170400254,5600.168688109311
1783446487,500,,Aggregated,121.900000,1.800000,1700,2500,3200,3600,5000,5900,33000,55000,75000,75000,75000,26206,771,1700.0,3384.413030162526,5.705895000573946,75435.39170400254,5597.4188735404105
1783446488,500,,Aggregated,123.300000,1.700000,1700,2500,3200,3600,5000,5900,33000,55000,75000,75000,75000,26276,773,1700.0,3380.3026334451274,5.705895000573946,75435.39170400254,5596.595296087685
1783446490,500,,Aggregated,126.200000,2.500000,1700,2500,3200,3600,5000,5900,33000,55000,75000,75000,75000,26353,780,1700.0,3376.437450477105,5.705895000573946,75435.39170400254,5595.865176640231
1783446491,500,,Aggregated,127.200000,2.700000,1700,2500,3200,3600,5000,5900,33000,55000,75000,75000,75000,26479,788,1700.0,3371.492204865032,5.705895000573946,75435.39170400254,5588.551720231127
1783446492,500,,Aggregated,119.700000,2.600000,1700,2500,3200,3600,5000,5900,33000,55000,75000,75000,75000,26584,791,1700.0,3367.254055020171,5.705895000573946,75435.39170400254,5587.718477279566
1783446493,500,,Aggregated,118.400000,3.600000,1700,2500,3200,3600,5000,5900,33000,55000,75000,75000,75000,26685,802,1700.0,3365.202998234897,5.705895000573946,75435.39170400254,5585.955143338954
1783446494,500,,Aggregated,111.700000,3.500000,1700,2500,3200,3600,5000,5900,33000,55000,75000,75000,75000,26800,808,1700.0,3360.8031661993728,5.705895000573946,75435.39170400254,5586.496492537313
1783446495,500,,Aggregated,113.000000,4.600000,1700,2500,3200,3600,5000,5800,33000,55000,75000,75000,75000,26932,813,1700.0,3355.755062025997,5.705895000573946,75435.39170400254,5592.052688251893
1783446496,500,,Aggregated,115.600000,5.100000,1700,2500,3200,3600,5000,5800,32000,55000,75000,75000,75000,27085,819,1700.0,3348.4469309329997,5.705895000573946,75435.39170400254,5596.653719771091
1783446497,500,,Aggregated,113.800000,5.400000,1700,2500,3200,3600,5000,5800,32000,54000,75000,75000,75000,27231,823,1700.0,3340.879101822199,5.705895000573946,75435.39170400254,5591.370753920164
1783446498,500,,Aggregated,115.000000,5.900000,1700,2500,3200,3600,5000,5800,32000,54000,75000,75000,75000,27360,825,1700.0,3332.291763720114,5.705895000573946,75435.39170400254,5588.752302631579
1783446499,500,,Aggregated,116.200000,5.500000,1700,2500,3200,3600,5000,5800,32000,53000,75000,75000,75000,27493,828,1700.0,3322.7259268456464,5.705895000573946,75435.39170400254,5595.925690175681
1783446500,500,,Aggregated,113.900000,5.300000,1700,2500,3200,3600,5000,5800,32000,53000,75000,75000,75000,27611,836,1700.0,3315.9914197487315,5.705895000573946,75435.39170400254,5597.048314077722
1783446501,500,,Aggregated,120.500000,5.500000,1700,2500,3100,3600,4900,5800,32000,53000,75000,75000,75000,27738,837,1700.0,3307.692579113786,5.705895000573946,75435.39170400254,5594.707260797462
1783446502,500,,Aggregated,125.100000,5.500000,1700,2500,3100,3600,4900,5800,32000,53000,75000,75000,75000,27841,843,1700.0,3302.231002164656,5.705895000573946,75435.39170400254,5590.876800402284
1783446503,500,,Aggregated,124.500000,4.800000,1700,2500,3100,3600,4900,5800,32000,53000,75000,75000,75000,27947,850,1700.0,3297.259420685985,5.705895000573946,75435.39170400254,5585.263212509392
1783446504,500,,Aggregated,124.800000,5.100000,1700,2500,3100,3600,4900,5800,32000,53000,75000,75000,75000,28080,858,1700.0,3291.6819983914284,5.705895000573946,75435.39170400254,5584.633475783476
1783446505,500,,Aggregated,125.400000,4.700000,1700,2500,3100,3600,4900,5800,32000,53000,75000,75000,75000,28222,866,1700.0,3286.084173953524,5.705895000573946,75435.39170400254,5581.4695627524625
1783446506,500,,Aggregated,126.800000,4.900000,1700,2500,3100,3600,4900,5800,32000,53000,75000,75000,75000,28374,873,1700.0,3279.253966192162,5.705895000573946,75435.39170400254,5577.93744272926
1783446507,500,,Aggregated,126.900000,5.300000,1700,2500,3100,3600,4900,5800,32000,52000,75000,75000,75000,28497,877,1700.0,3272.5906863269965,5.705895000573946,75435.39170400254,5579.893743201039
1783446508,500,,Aggregated,125.800000,5.100000,1700,2500,3100,3600,4900,5800,32000,52000,75000,75000,75000,28610,879,1700.0,3266.222501300608,5.705895000573946,75435.39170400254,5581.082628451591
1783446509,500,,Aggregated,120.100000,5.300000,1700,2500,3100,3600,4900,5800,31000,52000,75000,75000,75000,28803,885,1700.0,3256.5141426641103,5.705895000573946,75435.39170400254,5588.915911536993
1783446510,500,,Aggregated,121.200000,5.500000,1700,2500,3100,3500,4900,5700,31000,52000,75000,75000,75000,28941,889,1700.0,3249.304955216211,5.705895000573946,75435.39170400254,5590.095228222936
1783446511,500,,Aggregated,122.100000,5.400000,1700,2500,3100,3500,4900,5700,31000,52000,75000,75000,75000,29034,891,1700.0,3243.9807848529445,5.705895000573946,75435.39170400254,5587.321485155335
1783446512,500,,Aggregated,123.600000,5.000000,1700,2500,3100,3500,4900,5700,31000,52000,75000,75000,75000,29182,894,1700.0,3235.1377175461053,5.705895000573946,75435.39170400254,5587.402234253992
1783446513,500,,Aggregated,124.500000,5.300000,1700,2500,3100,3500,4900,5700,31000,52000,75000,75000,75000,29323,898,1700.0,3227.974548736125,5.705895000573946,75435.39170400254,5589.788493673908
1783446514,500,,Aggregated,124.800000,4.900000,1700,2500,3100,3500,4900,5700,31000,52000,75000,75000,75000,29453,900,1700.0,3220.6898079536313,5.705895000573946,75435.39170400254,5592.608223270974
1783446515,500,,Aggregated,129.200000,4.600000,1700,2500,3100,3500,4900,5700,31000,52000,75000,75000,75000,29592,907,1700.0,3214.159166067967,5.705895000573946,75435.39170400254,5584.768315761016
1783446516,500,,Aggregated,128.600000,4.200000,1700,2500,3100,3500,4900,5700,31000,52000,75000,75000,75000,29697,911,1700.0,3208.7439038433954,5.705895000573946,75435.39170400254,5584.585816749167
1783446517,500,,Aggregated,129.300000,3.400000,1700,2500,3100,3500,4900,5700,31000,51000,75000,75000,75000,29783,914,1700.0,3204.7032008982733,5.705895000573946,75435.39170400254,5584.536849880805
1783446518,500,,Aggregated,127.700000,3.700000,1700,2500,3100,3500,4900,5700,31000,51000,75000,75000,75000,29906,921,1700.0,3200.4901751572706,5.705895000573946,75435.39170400254,5587.7381461914
1783446519,500,,Aggregated,129.700000,3.600000,1700,2500,3100,3500,4900,5700,31000,51000,75000,75000,75000,30046,925,1700.0,3195.413284097695,5.705895000573946,75435.39170400254,5592.638787192971
1783446520,500,,Aggregated,125.500000,3.500000,1700,2500,3100,3500,4900,5700,31000,51000,75000,75000,75000,30139,932,1700.0,3191.9808540124527,5.705895000573946,75435.39170400254,5599.15279206344
1783446521,500,,Aggregated,123.200000,3.900000,1700,2500,3100,3500,4900,5700,31000,51000,75000,75000,75000,30184,939,1700.0,3191.416759012866,5.705895000573946,75435.39170400254,5599.290948847071
1783446522,500,,Aggregated,122.800000,4.000000,1700,2500,3100,3500,4900,5700,31000,50000,75000,75000,75000,30219,946,1700.0,3191.994761193566,5.705895000573946,75435.39170400254,5596.029584036533
1783446523,500,,Aggregated,117.300000,4.500000,1700,2500,3100,3500,4900,5700,31000,50000,75000,75000,75000,30256,962,1700.0,3193.772575254869,5.705895000573946,75435.39170400254,5591.169487043892
1783446524,500,,Aggregated,110.500000,4.900000,1700,2500,3100,3600,4900,5700,31000,50000,75000,75000,75000,30350,981,1700.0,3197.5611239838986,5.705895000573946,75435.39170400254,5585.533476112027
1783446525,500,,Aggregated,101.100000,5.200000,1700,2500,3100,3600,4900,5700,30000,50000,75000,75000,75000,30481,1000,1700.0,3201.2943155605853,5.705895000573946,75435.39170400254,5583.318099799875
1783446526,500,,Aggregated,91.300000,6.700000,1700,2500,3100,3600,4900,5700,30000,50000,75000,75000,75000,30499,1011,1700.0,3202.675752971678,5.705895000573946,75435.39170400254,5581.40076723827
1783446527,500,,Aggregated,88.600000,8.500000,1700,2500,3200,3600,5000,5700,30000,50000,75000,75000,75000,30550,1021,1700.0,3205.8064927440328,5.705895000573946,75435.39170400254,5579.211325695581
1783446528,500,,Aggregated,86.900000,9.300000,1700,2500,3200,3600,5000,5700,30000,50000,75000,75000,75000,30602,1027,1700.0,3209.562780087222,5.705895000573946,75435.39170400254,5577.8749428141955
1783446529,500,,Aggregated,78.000000,9.900000,1700,2500,3200,3600,5000,5800,30000,50000,75000,75000,75000,30703,1047,1700.0,3216.573656178297,5.705895000573946,75435.39170400254,5571.818258802072
1783446530,500,,Aggregated,75.000000,10.700000,1700,2500,3200,3600,5000,5800,30000,50000,75000,75000,75000,30781,1079,1700.0,3223.3900803305696,5.705895000573946,75435.39170400254,5568.60966180436
1783446531,500,,Aggregated,66.800000,10.600000,1700,2500,3200,3600,5000,5800,30000,50000,75000,75000,75000,30789,1087,1700.0,3224.3218767083467,5.705895000573946,75435.39170400254,5567.182240410536
1783446532,500,,Aggregated,65.100000,12.500000,1700,2500,3200,3600,5000,5900,30000,50000,75000,75000,75000,30815,1105,1700.0,3227.5101173782673,5.705895000573946,75435.39170400254,5563.483271134188
1783446533,500,,Aggregated,63.900000,14.500000,1700,2600,3200,3600,5000,5900,30000,50000,75000,75000,75000,30864,1128,1700.0,3233.92231632492,5.705895000573946,75435.39170400254,5560.271772939347
1783446534,500,,Aggregated,60.400000,14.700000,1700,2600,3200,3700,5000,6000,30000,50000,75000,75000,75000,30931,1172,1700.0,3242.7261686509446,5.705895000573946,75435.39170400254,5552.0865474766415
1783446535,500,,Aggregated,59.100000,16.400000,1700,2600,3200,3700,5000,6100,30000,50000,75000,75000,75000,30979,1207,1700.0,3248.5272555895735,5.705895000573946,75435.39170400254,5544.013944930437
1783446536,500,,Aggregated,60.400000,16.300000,1700,2600,3200,3700,5000,6100,30000,50000,75000,75000,75000,31019,1211,1700.0,3253.0225251135553,5.705895000573946,75435.39170400254,5542.882265708115
1783446537,500,,Aggregated,56.600000,19.100000,1800,2600,3200,3700,5000,6200,30000,50000,75000,75000,75000,31052,1233,1800.0,3258.4441409032074,5.705895000573946,75435.39170400254,5538.215509467989
1783446538,500,,Aggregated,49.800000,20.700000,1800,2600,3300,3700,5100,6300,30000,50000,75000,75000,75000,31100,1254,1800.0,3266.0387644174066,5.705895000573946,75435.39170400254,5534.26424437299
1783446540,500,,Aggregated,48.600000,21.200000,1800,2600,3300,3700,5100,6300,30000,50000,75000,75000,75000,31157,1293,1800.0,3275.5388185782117,5.705895000573946,75435.39170400254,5526.858169913663
1783446541,500,,Aggregated,49.800000,22.700000,1800,2600,3300,3700,5100,6500,30000,50000,75000,75000,75000,31239,1321,1800.0,3286.9985657535567,5.705895000573946,75435.39170400254,5518.089535516502
1783446542,500,,Aggregated,49.800000,22.700000,1800,2600,3300,3800,5100,6600,30000,50000,75000,75000,75000,31271,1336,1800.0,3291.809239190923,5.705895000573946,75435.39170400254,5516.753125899396
1783446543,500,,Aggregated,43.700000,24.200000,1800,2600,3300,3800,5100,6700,30000,50000,75000,75000,75000,31338,1345,1800.0,3300.746573817932,5.705895000573946,75435.39170400254,5516.131501691238
1783446544,500,,Aggregated,48.200000,24.900000,1800,2600,3300,3800,5100,6700,30000,50000,75000,75000,75000,31365,1368,1800.0,3306.538261652459,5.705895000573946,75435.39170400254,5511.447600828949
1783446545,500,,Aggregated,51.500000,23.400000,1800,2600,3300,3800,5100,6800,30000,49000,75000,75000,75000,31404,1393,1800.0,3312.939812652667,5.705895000573946,75435.39170400254,5505.9663100242005
1783446546,500,,Aggregated,49.900000,23.800000,1800,2600,3300,3800,5200,6900,30000,49000,75000,75000,75000,31518,1429,1800.0,3327.018812536977,5.705895000573946,75435.39170400254,5498.100260168792
1783446547,500,,Aggregated,45.700000,21.500000,1800,2600,3400,3800,5200,6900,30000,49000,75000,75000,75000,31615,1435,1800.0,3333.0342712210154,5.705895000573946,75435.39170400254,5494.745279139649
1783446548,500,,Aggregated,52.400000,21.800000,1800,2700,3400,3800,5200,7000,29000,49000,75000,75000,75000,31751,1453,1800.0,3339.9104125134745,5.705895000573946,75435.39170400254,5495.460552423546
1783446549,500,,Aggregated,59.000000,22.400000,1800,2700,3400,3800,5200,7000,29000,49000,75000,75000,75000,31897,1454,1800.0,3338.125292361831,5.705895000573946,75435.39170400254,5497.165125246888
1783446550,500,,Aggregated,68.400000,21.900000,1800,2700,3400,3800,5200,7000,29000,49000,75000,75000,75000,31979,1460,1800.0,3335.985162539145,5.705895000573946,75435.39170400254,5497.122642984458
1783446551,500,,Aggregated,78.100000,20.000000,1800,2700,3400,3900,5200,7000,29000,49000,75000,75000,75000,32100,1469,1800.0,3333.6221155636895,5.705895000573946,75435.39170400254,5498.454953271028
1783446552,500,,Aggregated,80.600000,16.500000,1800,2700,3400,3800,5200,7000,29000,49000,75000,75000,75000,32220,1474,1800.0,3329.9830897972847,5.705895000573946,75435.39170400254,5499.845065176909
1783446553,500,,Aggregated,84.300000,14.600000,1800,2700,3400,3800,5200,7000,29000,49000,75000,75000,75000,32346,1480,1800.0,3324.755682358394,5.705895000573946,75435.39170400254,5501.6161503740805
1783446554,500,,Aggregated,93.200000,13.800000,1800,2700,3400,3800,5200,7000,28000,49000,75000,75000,75000,32483,1489,1800.0,3318.59569935956,5.705895000573946,75435.39170400254,5500.054212972939
1783446555,500,,Aggregated,98.900000,13.300000,1800,2700,3400,3800,5200,7000,28000,47000,75000,75000,75000,32560,1494,1800.0,3314.8943635007254,5.705895000573946,75435.39170400254,5497.876351351351
1783446556,500,,Aggregated,110.400000,12.000000,1800,2700,3400,3800,5200,7000,28000,46000,75000,75000,75000,32697,1496,1800.0,3310.170371499667,5.705895000573946,75435.39170400254,5503.996819280056
1783446557,500,,Aggregated,114.700000,10.100000,1800,2700,3400,3800,5200,7000,28000,46000,75000,75000,75000,32809,1502,1800.0,3306.0822510174257,5.705895000573946,75435.39170400254,5501.84162882136
1783446558,500,,Aggregated,117.400000,7.000000,1800,2700,3400,3800,5200,7000,28000,46000,75000,75000,75000,32924,1508,1800.0,3302.3930917559433,5.705895000573946,75435.39170400254,5500.019469080306
1783446559,500,,Aggregated,118.200000,6.400000,1800,2700,3400,3800,5200,7000,27000,46000,75000,75000,75000,33070,1517,1800.0,3296.7884075072475,5.705895000573946,75435.39170400254,5499.524795887512
1783446560,500,,Aggregated,115.500000,5.400000,1800,2700,3400,3800,5200,7000,27000,46000,75000,75000,75000,33196,1520,1800.0,3291.656576478479,5.705895000573946,75435.39170400254,5500.624623448608
1783446561,500,,Aggregated,116.200000,6.300000,1800,2700,3400,3800,5200,6900,27000,46000,75000,75000,75000,33294,1524,1800.0,3287.5414575849277,5.705895000573946,75435.39170400254,5497.077131014597
1783446562,500,,Aggregated,121.000000,6.200000,1800,2600,3400,3800,5200,6900,27000,46000,75000,75000,75000,33409,1526,1800.0,3284.0327841024455,5.705895000573946,75435.39170400254,5497.170672573258
1783446563,500,,Aggregated,119.400000,5.500000,1800,2600,3400,3800,5200,6900,26000,45000,75000,75000,75000,33552,1529,1800.0,3278.2220434022897,5.705895000573946,75435.39170400254,5505.176293514544
1783446564,500,,Aggregated,116.900000,5.200000,1800,2600,3400,3800,5200,6900,26000,45000,75000,75000,75000,33596,1531,1800.0,3277.301310260406,5.705895000573946,75435.39170400254,5501.88349803548
1783446565,500,,Aggregated,119.200000,4.900000,1800,2600,3400,3800,5200,6900,26000,44000,75000,75000,75000,33735,1536,1800.0,3274.3122130041106,5.705895000573946,75435.39170400254,5497.744301170891
1783446566,500,,Aggregated,110.800000,4.400000,1800,2600,3400,3800,5200,6900,24000,44000,75000,75000,75000,33868,1542,1800.0,3270.5975584668067,5.705895000573946,75435.39170400254,5499.0512873508915
1783446567,500,,Aggregated,115.200000,4.400000,1800,2600,3300,3800,5200,6900,24000,44000,75000,75000,75000,33990,1543,1800.0,3266.297442014023,5.705895000573946,75435.39170400254,5498.447661076787
1783446568,500,,Aggregated,114.800000,4.500000,1800,2600,3300,3800,5200,6900,24000,44000,75000,75000,75000,34079,1547,1800.0,3263.7036962435695,5.705895000573946,75435.39170400254,5496.291909973884
1783446569,500,,Aggregated,116.600000,4.400000,1800,2600,3300,3800,5200,6900,24000,44000,75000,75000,75000,34208,1552,1800.0,3259.7215125224984,5.705895000573946,75435.39170400254,5497.833840037418
1783446570,500,,Aggregated,114.200000,3.900000,1800,2600,3300,3800,5200,6900,24000,44000,75000,75000,75000,34322,1561,1800.0,3256.652800142521,5.705895000573946,75435.39170400254,5496.864605792203
1783446571,500,,Aggregated,111.900000,3.200000,1800,2600,3300,3800,5200,6900,23000,44000,75000,75000,75000,34444,1567,1800.0,3253.380431336797,5.705895000573946,75435.39170400254,5498.733973986761
1783446572,500,,Aggregated,111.100000,3.900000,1800,2600,3300,3800,5200,6800,23000,44000,75000,75000,75000,34558,1572,1800.0,3249.0907635611347,5.705895000573946,75435.39170400254,5499.026535100411
1783446573,500,,Aggregated,112.200000,4.100000,1800,2600,3300,3800,5200,6800,23000,44000,75000,75000,75000,34661,1577,1800.0,3245.8861119708836,5.705895000573946,75435.39170400254,5499.208187876865
1783446574,500,,Aggregated,113.900000,4.400000,1800,2600,3300,3800,5200,6800,23000,44000,75000,75000,75000,34760,1583,1800.0,3243.167928250397,5.705895000573946,75435.39170400254,5498.177790563866
1783446575,500,,Aggregated,110.400000,4.800000,1800,2600,3300,3800,5200,6800,23000,44000,75000,75000,75000,34792,1584,1800.0,3242.738387272155,5.705895000573946,75435.39170400254,5497.538313405381
1783446576,500,,Aggregated,113.400000,5.100000,1800,2600,3300,3800,5200,6800,23000,43000,75000,75000,75000,34906,1597,1800.0,3242.918325861335,5.705895000573946,75435.39170400254,5495.707786626941
1783446577,500,,Aggregated,109.200000,4.700000,1800,2700,3300,3800,5200,6800,23000,43000,75000,75000,75000,35022,1602,1800.0,3241.910937623802,5.705895000573946,75435.39170400254,5494.075152761122
1783446578,500,,Aggregated,102.000000,5.100000,1800,2700,3400,3800,5200,6800,23000,43000,75000,75000,75000,35121,1606,1800.0,3241.45125310745,5.705895000573946,75435.39170400254,5494.91819709006
1783446579,500,,Aggregated,100.600000,5.800000,1800,2700,3400,3800,5200,6800,23000,43000,75000,75000,75000,35240,1612,1800.0,3240.303561995142,5.705895000573946,75435.39170400254,5495.147105561861
1783446580,500,,Aggregated,105.000000,5.900000,1800,2700,3400,3800,5200,6800,22000,43000,75000,75000,75000,35363,1616,1800.0,3237.634040833664,5.705895000573946,75435.39170400254,5498.102395158782
1783446582,500,,Aggregated,102.600000,5.600000,1800,2700,3400,3800,5200,6800,21000,43000,75000,75000,75000,35597,1627,1800.0,3233.1899165913123,5.705895000573946,75435.39170400254,5502.278057139647
1783446583,500,,Aggregated,96.700000,5.300000,1800,2700,3400,3800,5200,6800,21000,43000,75000,75000,75000,35702,1628,1800.0,3228.2978245053214,5.705895000573946,75435.39170400254,5504.002913002073
1783446584,500,,Aggregated,105.700000,5.400000,1800,2700,3300,3800,5200,6800,21000,43000,75000,75000,75000,35795,1630,1800.0,3224.679754762984,5.705895000573946,75435.39170400254,5501.593406900405
1783446585,500,,Aggregated,104.700000,5.300000,1800,2600,3300,3800,5200,6800,20000,43000,75000,75000,75000,35906,1634,1800.0,3220.295196745918,5.705895000573946,75435.39170400254,5502.71962903136
1783446586,500,,Aggregated,105.900000,4.800000,1800,2600,3300,3800,5200,6700,20000,43000,75000,75000,75000,36002,1635,1800.0,3218.0106369002237,5.705895000573946,75435.39170400254,5505.878423420921
1783446587,500,,Aggregated,108.800000,5.000000,1800,2600,3300,3800,5200,6700,20000,43000,75000,75000,75000,36134,1644,1800.0,3214.8531002684426,5.705895000573946,75435.39170400254,5502.580478219959
1783446588,500,,Aggregated,112.600000,4.400000,1800,2600,3300,3800,5200,6700,18000,43000,75000,75000,75000,36234,1650,1800.0,3212.7138444120433,5.705895000573946,75435.39170400254,5501.224540486835
1783446589,500,,Aggregated,111.400000,4.000000,1800,2600,3300,3800,5200,6700,17000,43000,75000,75000,75000,36374,1656,1800.0,3208.9852882094365,5.705895000573946,75435.39170400254,5503.922884477924
1783446590,500,,Aggregated,110.200000,4.200000,1800,2600,3300,3800,5200,6700,17000,43000,75000,75000,75000,36507,1661,1800.0,3203.5029951276215,5.705895000573946,75435.39170400254,5505.873941983729
1783446591,500,,Aggregated,114.900000,4.500000,1800,2600,3300,3800,5200,6700,17000,43000,75000,75000,75000,36634,1666,1800.0,3198.798968503961,5.705895000573946,75435.39170400254,5505.180351585958
1783446592,500,,Aggregated,114.700000,4.600000,1800,2600,3300,3800,5200,6700,17000,43000,75000,75000,75000,36757,1670,1800.0,3194.893475594067,5.705895000573946,75435.39170400254,5505.480398291482
1783446593,500,,Aggregated,122.700000,4.700000,1800,2600,3300,3800,5200,6700,17000,43000,75000,75000,75000,36855,1674,1800.0,3191.452306644478,5.705895000573946,75435.39170400254,5505.720119386786
1783446594,500,,Aggregated,114.700000,4.400000,1800,2600,3300,3800,5200,6700,17000,42000,75000,75000,75000,36990,1680,1800.0,3187.5647880140364,5.705895000573946,75435.39170400254,5510.046309813463
1783446595,500,,Aggregated,112.500000,4.500000,1800,2600,3300,3800,5200,6700,17000,42000,74000,75000,75000,37104,1682,1800.0,3183.5560831133894,5.705895000573946,75435.39170400254,5509.673808753773
1783446596,500,,Aggregated,115.500000,5.000000,1800,2600,3300,3800,5200,6600,17000,42000,74000,75000,75000,37232,1690,1800.0,3180.079451733809,5.705895000573946,75435.39170400254,5508.884319939837
1783446597,500,,Aggregated,118.200000,4.800000,1800,2600,3300,3800,5200,6600,17000,42000,74000,75000,75000,37347,1692,1800.0,3176.492949510913,5.705895000573946,75435.39170400254,5507.282378772056
1783446598,500,,Aggregated,121.000000,5.500000,1800,2600,3300,3800,5200,6600,16000,42000,74000,75000,75000,37475,1695,1800.0,3171.9293372142242,5.705895000573946,75435.39170400254,5505.639066044029
1783446599,500,,Aggregated,120.900000,5.000000,1800,2600,3300,3800,5200,6600,16000,42000,74000,75000,75000,37595,1698,1800.0,3167.8428363147787,5.705895000573946,75435.39170400254,5504.830376379838
1783446600,500,,Aggregated,123.400000,4.700000,1800,2600,3300,3800,5200,6600,16000,42000,74000,75000,75000,37727,1701,1800.0,3162.882584909882,5.705895000573946,75435.39170400254,5507.533066504096
1783446601,500,,Aggregated,121.800000,4.300000,1800,2600,3300,3800,5100,6600,16000,42000,74000,75000,75000,37829,1705,1800.0,3159.7137935242586,5.705895000573946,75435.39170400254,5508.187501652172
1783446602,500,,Aggregated,121.500000,3.800000,1800,2600,3300,3800,5100,6600,16000,42000,74000,75000,75000,37925,1710,1800.0,3157.401777194995,5.705895000573946,75435.39170400254,5504.278602504944
1783446603,500,,Aggregated,119.600000,3.900000,1800,2600,3300,3800,5100,6500,16000,42000,74000,75000,75000,38068,1717,1800.0,3153.374641436985,5.705895000573946,75435.39170400254,5500.901124303878
1783446604,500,,Aggregated,116.500000,4.200000,1800,2600,3300,3800,5100,6500,16000,42000,74000,75000,75000,38217,1725,1800.0,3148.442699290945,5.705895000573946,75435.39170400254,5500.324096606222
1783446605,500,,Aggregated,119.500000,3.900000,1800,2600,3300,3800,5100,6500,15000,42000,74000,75000,75000,38334,1728,1800.0,3145.267571135232,5.705895000573946,75435.39170400254,5502.035373297856
1783446606,500,,Aggregated,121.600000,4.300000,1800,2600,3300,3800,5100,6500,15000,42000,74000,75000,75000,38460,1732,1800.0,3140.4491997635228,5.705895000573946,75435.39170400254,5497.630733229329
1783446607,500,,Aggregated,121.800000,4.500000,1800,2600,3300,3800,5100,6500,15000,42000,74000,75000,75000,38600,1733,1800.0,3134.497127342412,5.705895000573946,75435.39170400254,5499.232772020725
1783446608,500,,Aggregated,121.200000,4.100000,1800,2600,3300,3800,5100,6500,15000,42000,74000,75000,75000,38722,1735,1800.0,3130.014689292317,5.705895000573946,75435.39170400254,5501.48189659625
1783446609,500,,Aggregated,123.500000,4.200000,1800,2600,3300,3800,5100,6500,15000,42000,74000,75000,75000,38860,1739,1800.0,3125.0249755124073,5.705895000573946,75435.39170400254,5498.2394750386
1783446610,500,,Aggregated,123.800000,4.100000,1800,2600,3300,3800,5100,6400,15000,42000,74000,75000,75000,39003,1745,1800.0,3119.727150478684,5.705895000573946,75435.39170400254,5499.745788785478
1783446611,500,,Aggregated,124.100000,4.200000,1800,2600,3300,3800,5100,6400,15000,42000,74000,75000,75000,39128,1748,1800.0,3114.8231325486663,5.705895000573946,75435.39170400254,5501.817879779186
1783446612,500,,Aggregated,124.500000,4.300000,1800,2600,3300,3800,5100,6400,15000,42000,74000,75000,75000,39269,1754,1800.0,3109.8057769306624,5.705895000573946,75435.39170400254,5500.971962616823
1783446613,500,,Aggregated,125.400000,4.400000,1800,2600,3300,3800,5100,6400,15000,42000,74000,75000,75000,39403,1759,1800.0,3104.6500325911793,5.705895000573946,75435.39170400254,5501.398142273431
1783446614,500,,Aggregated,130.300000,4.000000,1800,2600,3300,3700,5100,6400,15000,42000,74000,75000,75000,39551,1763,1800.0,3099.1525706978637,5.705895000573946,75435.39170400254,5502.513868170211
1783446615,500,,Aggregated,132.500000,4.200000,1800,2600,3300,3700,5100,6400,13000,42000,74000,75000,75000,39689,1766,1800.0,3093.6485748163263,5.705895000573946,75435.39170400254,5503.0859684043435
1783446616,500,,Aggregated,130.900000,3.800000,1800,2600,3300,3700,5100,6400,13000,42000,74000,75000,75000,39812,1770,1800.0,3088.5567721550824,5.705895000573946,75435.39170400254,5503.344368532101
1783446617,500,,Aggregated,131.700000,3.800000,1800,2600,3300,3700,5100,6300,13000,42000,74000,75000,75000,39945,1774,1800.0,3083.3905061650553,5.705895000573946,75435.39170400254,5501.329152584804
1783446618,500,,Aggregated,133.400000,3.500000,1800,2600,3300,3700,5100,6300,13000,42000,74000,75000,75000,40058,1776,1800.0,3079.625865411356,5.705895000573946,75435.39170400254,5499.009960557192
1783446619,500,,Aggregated,132.600000,3.700000,1800,2600,3300,3700,5100,6300,12000,42000,74000,75000,75000,40209,1778,1800.0,3074.4560210182335,5.705895000573946,75435.39170400254,5500.914397274242
1783446620,500,,Aggregated,131.800000,4.100000,1800,2600,3300,3700,5100,6300,12000,42000,74000,75000,75000,40301,1781,1800.0,3071.6965791315392,5.705895000573946,75435.39170400254,5502.936403563187
1783446621,500,,Aggregated,132.200000,3.900000,1800,2600,3200,3700,5100,6300,12000,42000,74000,75000,75000,40478,1784,1800.0,3064.8288994480504,5.705895000573946,75435.39170400254,5500.782079154108
1783446622,500,,Aggregated,132.800000,3.800000,1800,2600,3200,3700,5100,6300,11000,42000,74000,75000,75000,40603,1789,1800.0,3060.1332625872537,5.705895000573946,75435.39170400254,5503.403861783612
1783446623,500,,Aggregated,132.300000,3.600000,1800,2600,3200,3700,5100,6300,11000,42000,74000,75000,75000,40731,1792,1800.0,3055.517474375224,5.705895000573946,75435.39170400254,5504.374923277111
1783446624,500,,Aggregated,131.900000,3.600000,1800,2600,3200,3700,5100,6300,11000,42000,74000,75000,75000,40853,1796,1800.0,3051.333914932299,5.705895000573946,75435.39170400254,5508.553814897315
1783446625,500,,Aggregated,131.000000,3.500000,1700,2600,3200,3700,5100,6300,11000,42000,74000,75000,75000,40972,1800,1700.0,3047.5001398430177,5.705895000573946,75435.39170400254,5508.445816655277
1783446626,500,,Aggregated,130.800000,3.300000,1700,2600,3200,3700,5100,6300,10000,42000,74000,75000,75000,41098,1805,1700.0,3044.370817777292,5.705895000573946,75435.39170400254,5507.826147257774
1783446627,500,,Aggregated,128.000000,3.200000,1700,2600,3200,3700,5100,6300,10000,42000,74000,75000,75000,41227,1809,1700.0,3040.523066865382,5.705895000573946,75435.39170400254,5506.2196133601765
1783446628,500,,Aggregated,126.500000,3.500000,1700,2600,3200,3700,5100,6300,10000,42000,74000,75000,75000,41344,1814,1700.0,3037.464804873191,5.705895000573946,75435.39170400254,5509.601707623839
1783446629,500,,Aggregated,126.600000,3.500000,1700,2600,3200,3700,5100,6300,10000,41000,74000,75000,75000,41483,1816,1700.0,3032.902364296514,5.705895000573946,75435.39170400254,5507.7064339609
1783446630,500,,Aggregated,126.600000,3.500000,1700,2600,3200,3700,5100,6200,10000,41000,74000,75000,75000,41627,1823,1700.0,3029.445801848181,5.705895000573946,75435.39170400254,5506.400028827444
1783446631,500,,Aggregated,125.700000,3.800000,1700,2600,3200,3700,5100,6200,10000,41000,74000,75000,75000,41758,1826,1700.0,3024.9630724994554,5.705895000573946,75435.39170400254,5506.953685521337
1783446632,500,,Aggregated,124.700000,3.800000,1700,2600,3200,3700,5100,6200,10000,41000,74000,75000,75000,41896,1830,1700.0,3020.117745203941,5.705895000573946,75435.39170400254,5511.638796066451
1783446633,500,,Aggregated,127.400000,4.100000,1700,2500,3200,3700,5100,6200,10000,41000,74000,75000,75000,42034,1832,1700.0,3015.1958363437298,5.705895000573946,75435.39170400254,5513.662106865871
1783446634,500,,Aggregated,125.900000,4.000000,1700,2500,3200,3700,5100,6200,10000,41000,74000,75000,75000,42147,1836,1700.0,3011.182408732564,5.705895000573946,75435.39170400254,5514.132037867464
1783446635,500,,Aggregated,127.800000,4.100000,1700,2500,3200,3700,5100,6200,9900,41000,74000,75000,75000,42294,1839,1700.0,3006.2077153407427,5.705895000573946,75435.39170400254,5512.1823426490755
1783446637,500,,Aggregated,128.100000,3.900000,1700,2500,3200,3700,5100,6200,9900,41000,74000,75000,75000,42431,1841,1700.0,3003.088397468699,5.705895000573946,75435.39170400254,5509.990007305979
1783446638,500,,Aggregated,130.200000,3.800000,1700,2500,3200,3700,5100,6200,9900,41000,74000,75000,75000,42548,1846,1700.0,2999.2907404975185,5.705895000573946,75435.39170400254,5511.518919808216
1783446639,500,,Aggregated,131.800000,3.600000,1700,2500,3200,3700,5100,6200,9900,41000,74000,75000,75000,42671,1849,1700.0,2994.22049772352,5.705895000573946,75435.39170400254,5509.482622858616
1783446640,500,,Aggregated,130.600000,3.600000,1700,2500,3200,3700,5100,6200,9900,41000,74000,75000,75000,42796,1852,1700.0,2989.764888598314,5.705895000573946,75435.39170400254,5511.113351715114
1783446641,500,,Aggregated,131.000000,3.500000,1700,2500,3200,3700,5100,6200,9900,41000,74000,75000,75000,42921,1854,1700.0,2986.2548565464117,5.705895000573946,75435.39170400254,5511.518627245405
1783446642,500,,Aggregated,129.900000,3.300000,1700,2500,3200,3700,5100,6200,9900,41000,74000,75000,75000,43060,1858,1700.0,2983.1247785939986,5.705895000573946,75435.39170400254,5512.194728286112
1783446643,500,,Aggregated,127.100000,3.000000,1700,2500,3200,3700,5100,6200,9900,41000,74000,75000,75000,43174,1862,1700.0,2979.79955790741,5.705895000573946,75435.39170400254,5514.699680363182
1783446644,500,,Aggregated,128.500000,3.000000,1700,2500,3200,3700,5000,6200,9800,41000,74000,75000,75000,43312,1864,1700.0,2975.6040325537842,5.705895000573946,75435.39170400254,5520.958256372368
1783446645,500,,Aggregated,126.200000,3.200000,1700,2500,3200,3700,5000,6100,9800,41000,74000,75000,75000,43471,1871,1700.0,2971.0953130204375,5.705895000573946,75435.39170400254,5517.709001403235
1783446646,500,,Aggregated,126.100000,3.200000,1700,2500,3200,3600,5000,6100,9700,41000,74000,75000,75000,43598,1874,1700.0,2967.8395395712505,5.705895000573946,75435.39170400254,5520.804302949677
1783446647,500,,Aggregated,129.600000,3.200000,1700,2500,3200,3600,5000,6100,9700,41000,74000,75000,75000,43695,1880,1700.0,2964.8802968809327,5.705895000573946,75435.39170400254,5518.422771484152
1783446648,500,,Aggregated,128.800000,3.500000,1700,2500,3200,3600,5000,6100,9700,41000,74000,75000,75000,43825,1884,1700.0,2961.4989527297053,5.705895000573946,75435.39170400254,5520.003833428408
1783446649,500,,Aggregated,124.900000,3.900000,1700,2500,3200,3600,5000,6100,9600,41000,74000,75000,75000,43947,1885,1700.0,2958.1476640209194,5.705895000573946,75435.39170400254,5519.307802580381
1783446650,500,,Aggregated,126.200000,3.800000,1700,2500,3200,3600,5000,6100,9500,41000,74000,75000,75000,44086,1888,1700.0,2954.640678929964,5.705895000573946,75435.39170400254,5522.303452343148
1783446651,500,,Aggregated,125.600000,3.600000,1700,2500,3200,3600,5000,6100,9500,41000,74000,75000,75000,44214,1896,1700.0,2951.2126364552946,5.705895000573946,75435.39170400254,5523.9099606459495
1783446652,500,,Aggregated,126.800000,3.700000,1700,2500,3200,3600,5000,6100,9400,41000,74000,75000,75000,44330,1900,1700.0,2947.9533705263552,5.705895000573946,75435.39170400254,5521.062959621024
1783446653,500,,Aggregated,128.000000,4.100000,1700,2500,3200,3600,5000,6100,9400,41000,74000,75000,75000,44517,1908,1700.0,2942.609334886634,5.705895000573946,75435.39170400254,5522.523889749983
1783446654,500,,Aggregated,127.800000,4.400000,1700,2500,3200,3600,5000,6100,9400,41000,74000,75000,75000,44658,1911,1700.0,2938.2189941814727,5.705895000573946,75435.39170400254,5523.707958260558
1783446655,500,,Aggregated,128.900000,4.500000,1700,2500,3200,3600,5000,6100,9400,41000,74000,75000,75000,44796,1915,1700.0,2934.026125063136,5.705895000573946,75435.39170400254,5522.184011965354
1783446656,500,,Aggregated,128.800000,4.500000,1700,2500,3200,3600,5000,6100,9300,41000,74000,75000,75000,44939,1917,1700.0,2929.6011070983395,5.705895000573946,75435.39170400254,5518.962482476246
1783446657,500,,Aggregated,129.000000,4.700000,1700,2500,3100,3600,5000,6000,9300,41000,74000,75000,75000,45091,1918,1700.0,2924.0813291291233,5.705895000573946,75435.39170400254,5519.107582444391
1783446658,500,,Aggregated,127.800000,4.300000,1700,2500,3100,3600,5000,6000,9300,41000,74000,75000,75000,45262,1919,1700.0,2918.1451671559894,5.705895000573946,75435.39170400254,5517.922539878927
1783446659,500,,Aggregated,133.800000,3.800000,1700,2500,3100,3600,5000,6000,9300,41000,74000,75000,75000,45389,1920,1700.0,2913.4200798564493,5.705895000573946,75435.39170400254,5520.883584128313
1783446660,500,,Aggregated,136.100000,3.500000,1700,2500,3100,3600,5000,6000,9200,40000,74000,75000,75000,45515,1920,1700.0,2908.6090712716773,5.705895000573946,75435.39170400254,5522.097747995166
1783446661,500,,Aggregated,139.000000,3.400000,1700,2500,3100,3600,5000,6000,9200,40000,74000,75000,75000,45641,1923,1700.0,2904.127732297395,5.705895000573946,75435.39170400254,5521.583948642668
1783446662,500,,Aggregated,137.900000,3.300000,1700,2500,3100,3600,5000,6000,9200,40000,74000,75000,75000,45782,1924,1700.0,2899.759547832783,5.705895000573946,75435.39170400254,5524.602420165131
1783446663,500,,Aggregated,138.500000,2.700000,1700,2500,3100,3600,5000,6000,9200,40000,74000,75000,75000,45875,1926,1700.0,2897.034093914102,5.705895000573946,75435.39170400254,5525.155923705722
1783446664,500,,Aggregated,137.600000,2.400000,1700,2500,3100,3600,5000,6000,9200,40000,74000,75000,75000,46014,1931,1700.0,2893.7539345080054,5.705895000573946,75435.39170400254,5523.195005867779
1783446665,500,,Aggregated,137.900000,1.700000,1700,2500,3100,3600,5000,6000,9200,40000,74000,75000,75000,46155,1937,1700.0,2890.0356831509976,5.705895000573946,75435.39170400254,5524.977250568736
1783446666,500,,Aggregated,134.600000,1.800000,1700,2500,3100,3600,5000,6000,9200,40000,74000,75000,75000,46283,1942,1700.0,2887.3341862057405,5.705895000573946,75435.39170400254,5523.569625996586
1783446667,500,,Aggregated,132.700000,1.600000,1700,2500,3100,3600,5000,6000,9200,40000,74000,75000,75000,46442,1943,1700.0,2883.4987344464125,5.705895000573946,75435.39170400254,5524.466065199604
1783446668,500,,Aggregated,135.200000,2.200000,1700,2500,3100,3600,5000,6000,9200,40000,74000,75000,75000,46584,1944,1700.0,2879.132721826319,5.705895000573946,75435.39170400254,5527.999377468659
1783446669,500,,Aggregated,132.600000,2.500000,1700,2500,3100,3600,5000,6000,9200,40000,74000,75000,75000,46708,1946,1700.0,2875.2959179080076,5.705895000573946,75435.39170400254,5528.052432131541
1783446670,500,,Aggregated,132.000000,2.500000,1700,2500,3100,3600,5000,5900,9200,40000,74000,75000,75000,46854,1946,1700.0,2870.4743654909107,5.705895000573946,75435.39170400254,5528.129850172877
1783446671,500,,Aggregated,131.700000,2.600000,1700,2500,3100,3600,5000,5900,9100,40000,74000,75000,75000,46992,1947,1700.0,2865.718005053841,5.705895000573946,75435.39170400254,5530.85057030984
1783446672,500,,Aggregated,131.300000,2.600000,1700,2500,3100,3600,5000,5900,9100,40000,74000,75000,75000,47099,1947,1700.0,2862.468298970067,5.705895000573946,75435.39170400254,5531.378033503896
1783446673,500,,Aggregated,132.400000,2.600000,1700,2500,3100,3600,5000,5900,9100,40000,74000,75000,75000,47228,1950,1700.0,2858.6174939993684,5.705895000573946,75435.39170400254,5533.162530702126
1783446674,500,,Aggregated,132.900000,2.300000,1700,2500,3100,3600,5000,5900,9100,40000,74000,75000,75000,47366,1952,1700.0,2854.946515685325,5.705895000573946,75435.39170400254,5535.756998691044
1783446675,500,,Aggregated,130.700000,2.500000,1700,2500,3100,3600,5000,5900,9100,40000,74000,75000,75000,47509,1960,1700.0,2851.70808255617,5.705895000573946,75435.39170400254,5534.937506577701
1783446676,500,,Aggregated,133.700000,2.400000,1700,2400,3100,3600,5000,5900,9100,40000,74000,75000,75000,47641,1966,1700.0,2848.884548389377,5.705895000573946,75435.39170400254,5533.88087991436
1783446677,500,,Aggregated,132.900000,2.200000,1700,2400,3100,3600,5000,5900,9100,40000,74000,75000,75000,47755,1971,1700.0,2845.8927844318564,5.705895000573946,75435.39170400254,5533.147565699926
1783446678,500,,Aggregated,133.800000,2.600000,1700,2400,3100,3500,5000,5900,9100,40000,74000,75000,75000,47903,1974,1700.0,2841.7127992734368,5.705895000573946,75435.39170400254,5537.317767154458
1783446679,500,,Aggregated,132.600000,2.600000,1700,2400,3100,3500,5000,5900,9100,40000,74000,75000,75000,48054,1976,1700.0,2838.2483615913857,5.705895000573946,75435.39170400254,5539.7259333250095
1783446680,500,,Aggregated,128.700000,2.700000,1700,2400,3100,3500,5000,5900,9100,40000,74000,75000,75000,48192,1978,1700.0,2834.6145208282614,5.705895000573946,75435.39170400254,5539.430382636122
1783446681,500,,Aggregated,130.500000,2.900000,1700,2400,3100,3500,5000,5900,9000,39000,74000,75000,75000,48328,1980,1700.0,2830.978205611088,5.705895000573946,75435.39170400254,5536.011959940407
1783446682,500,,Aggregated,133.000000,3.000000,1700,2400,3100,3500,5000,5900,9000,39000,74000,75000,75000,48466,1981,1700.0,2827.0421641565563,5.705895000573946,75435.39170400254,5536.324144761276
1783446683,500,,Aggregated,131.200000,3.200000,1700,2400,3100,3500,5000,5900,9000,39000,74000,75000,75000,48608,1983,1700.0,2822.840144132377,5.705895000573946,75435.39170400254,5535.596527320606
1783446684,500,,Aggregated,132.300000,3.400000,1700,2400,3100,3500,5000,5800,9000,39000,74000,75000,75000,48756,1985,1700.0,2818.5179536419846,5.705895000573946,75435.39170400254,5535.848859627533
1783446685,500,,Aggregated,134.700000,3.200000,1700,2400,3100,3500,5000,5800,9000,39000,74000,75000,75000,48893,1987,1700.0,2814.37675138356,5.705895000573946,75435.39170400254,5536.772032806332
1783446686,500,,Aggregated,135.400000,3.300000,1600,2400,3100,3500,5000,5800,9000,39000,73000,75000,75000,49018,1987,1600.0,2810.4744447557528,5.705895000573946,75435.39170400254,5535.949691949896
1783446687,500,,Aggregated,137.500000,3.200000,1600,2400,3100,3500,5000,5800,9000,39000,73000,75000,75000,49148,1989,1600.0,2806.466474754505,5.705895000573946,75435.39170400254,5538.903536257833
1783446688,500,,Aggregated,135.300000,2.200000,1600,2400,3100,3500,5000,5800,9000,39000,73000,75000,75000,49265,1993,1600.0,2803.348633370798,5.705895000573946,75435.39170400254,5537.568923170608
1783446689,500,,Aggregated,135.100000,1.800000,1600,2400,3100,3500,5000,5800,9000,39000,73000,75000,75000,49406,1997,1600.0,2800.4489825116248,5.705895000573946,75435.39170400254,5536.097903088694
1783446690,500,,Aggregated,137.200000,1.800000,1600,2400,3100,3500,5000,5800,9000,38000,73000,75000,75000,49557,2001,1600.0,2796.890368168579,5.705895000573946,75435.39170400254,5532.910224589867
1783446692,500,,Aggregated,132.700000,2.100000,1600,2400,3100,3500,5000,5800,8900,38000,73000,75000,75000,49696,2007,1600.0,2794.1335331692967,5.705895000573946,75435.39170400254,5531.715610914359
1783446693,500,,Aggregated,134.800000,2.200000,1600,2400,3100,3500,5000,5800,8900,38000,73000,75000,75000,49803,2009,1600.0,2791.0541752524996,5.705895000573946,75435.39170400254,5531.346083569263
1783446694,500,,Aggregated,134.200000,2.600000,1600,2400,3000,3500,5000,5800,8900,38000,73000,75000,75000,49938,2013,1600.0,2787.3058899342436,5.705895000573946,75435.39170400254,5532.779046017061
1783446695,500,,Aggregated,131.200000,2.800000,1600,2400,3000,3500,5000,5800,8900,35000,73000,75000,75000,50087,2017,1600.0,2784.035619360041,5.705895000573946,75435.39170400254,5534.931419330365
1783446696,500,,Aggregated,131.300000,2.800000,1600,2400,3000,3500,5000,5800,8900,35000,73000,75000,75000,50223,2018,1600.0,2781.0845719201006,5.705895000573946,75435.39170400254,5534.492224677936
1783446697,500,,Aggregated,130.900000,3.200000,1600,2400,3000,3500,5000,5800,8900,35000,73000,75000,75000,50345,2022,1600.0,2778.2904837310975,5.705895000573946,75435.39170400254,5534.411917767405
1783446698,500,,Aggregated,131.800000,3.100000,1600,2400,3000,3500,5000,5800,8900,35000,73000,75000,75000,50450,2024,1600.0,2775.489395179626,5.705895000573946,75435.39170400254,5534.238513379583
1783446699,500,,Aggregated,131.300000,3.400000,1600,2400,3000,3500,5000,5800,8900,34000,73000,75000,75000,50630,2029,1600.0,2772.497557927453,5.705895000573946,75435.39170400254,5533.6822239778785
1783446700,500,,Aggregated,129.700000,3.500000,1600,2400,3000,3500,5000,5800,8900,34000,73000,75000,75000,50729,2034,1600.0,2770.8786882208233,5.705895000573946,75435.39170400254,5535.530032131523
1783446701,500,,Aggregated,130.700000,3.400000,1600,2400,3000,3500,5000,5800,8900,34000,73000,75000,75000,50861,2040,1600.0,2768.53528538818,5.705895000573946,75435.39170400254,5533.324275967834
1783446702,500,,Aggregated,126.900000,3.400000,1600,2400,3000,3500,5000,5800,8800,34000,73000,75000,75000,50991,2044,1600.0,2766.4035355616124,5.705895000573946,75435.39170400254,5535.013767135377
1783446703,500,,Aggregated,125.400000,3.800000,1600,2400,3000,3500,5000,5800,8800,34000,73000,75000,75000,51119,2049,1600.0,2763.9333170075747,5.705895000573946,75435.39170400254,5535.74833232262
1783446704,500,,Aggregated,122.900000,3.500000,1600,2400,3000,3500,5000,5800,8800,34000,73000,75000,75000,51256,2059,1600.0,2761.307702976828,5.705895000573946,75435.39170400254,5533.761335258311
1783446705,500,,Aggregated,126.000000,3.500000,1600,2400,3000,3500,5000,5800,8800,34000,73000,75000,75000,51395,2062,1600.0,2758.1716065792243,5.705895000573946,75435.39170400254,5534.065784609398
1783446706,500,,Aggregated,125.400000,4.200000,1600,2400,3000,3500,5000,5700,8800,34000,73000,75000,75000,51526,2070,1600.0,2755.3869500445453,5.705895000573946,75435.39170400254,5534.13628071265
1783446707,500,,Aggregated,124.900000,4.400000,1600,2400,3000,3500,5000,5700,8800,34000,73000,75000,75000,51645,2074,1600.0,2753.1834707626717,5.705895000573946,75435.39170400254,5534.458727853616
1783446708,500,,Aggregated,123.700000,4.800000,1600,2400,3000,3500,5000,5700,8800,34000,73000,75000,75000,51779,2078,1600.0,2750.8005655392203,5.705895000573946,75435.39170400254,5534.008381776396
1783446709,500,,Aggregated,125.000000,5.000000,1600,2400,3000,3500,5000,5700,8800,34000,73000,75000,75000,51881,2081,1600.0,2748.6654882386283,5.705895000573946,75435.39170400254,5535.143636398681
1783446710,500,,Aggregated,126.100000,5.100000,1600,2400,3000,3500,5000,5700,8800,34000,73000,75000,75000,51904,2085,1600.0,2748.533618908778,5.705895000573946,75435.39170400254,5536.290825369913
1783446711,500,,Aggregated,126.200000,5.100000,1600,2400,3000,3500,5000,5700,8800,34000,73000,75000,75000,51918,2097,1600.0,2749.1555090278366,5.705895000573946,75435.39170400254,5534.818155552987
1783446712,500,,Aggregated,121.500000,5.100000,1600,2400,3000,3500,5000,5700,8700,34000,73000,75000,75000,52005,2115,1600.0,2751.237291987409,5.705895000573946,75435.39170400254,5533.9571771945
1783446713,500,,Aggregated,109.800000,5.100000,1600,2400,3000,3500,5000,5700,8700,34000,73000,75000,75000,52044,2150,1600.0,2753.0425050731897,5.705895000573946,75435.39170400254,5529.8664207209285
1783446714,500,,Aggregated,102.400000,6.100000,1600,2400,3000,3500,5000,5700,8700,34000,73000,75000,75000,52098,2192,1600.0,2755.572001939059,5.705895000573946,75435.39170400254,5525.358996506584
1783446715,500,,Aggregated,95.900000,8.400000,1600,2400,3000,3500,5000,5700,8700,34000,73000,75000,75000,52138,2200,1600.0,2757.6117395672272,5.705895000573946,75435.39170400254,5523.776535348498
1783446716,500,,Aggregated,87.200000,11.200000,1600,2400,3000,3500,5000,5700,8700,34000,73000,75000,75000,52144,2205,1600.0,2758.068262780514,5.705895000573946,75435.39170400254,5523.1495665848415
1783446717,500,,Aggregated,80.200000,13.200000,1600,2400,3100,3500,5000,5800,8700,33000,73000,75000,75000,52241,2257,1600.0,2766.267314476835,5.705895000573946,75435.39170400254,5515.520740414617
1783446718,500,,Aggregated,68.200000,13.600000,1600,2400,3100,3500,5000,5900,8700,33000,73000,75000,75000,52316,2278,1600.0,2772.4145718546592,5.705895000573946,75435.39170400254,5514.133228840125
1783446720,500,,Aggregated,57.700000,14.600000,1600,2400,3100,3500,5000,5900,8700,33000,73000,75000,75000,52414,2309,1600.0,2779.7193932444648,5.705895000573946,75435.39170400254,5511.652707291945
1783446721,500,,Aggregated,53.700000,18.300000,1600,2400,3100,3600,5000,5900,8800,33000,73000,75000,75000,52466,2310,1600.0,2783.6749321540306,5.705895000573946,75435.39170400254,5513.18126024473
1783446722,500,,Aggregated,52.300000,22.700000,1600,2400,3100,3600,5000,6000,8800,33000,73000,75000,75000,52497,2312,1600.0,2786.054451477121,5.705895000573946,75435.39170400254,5514.3327047259845
1783446723,500,,Aggregated,55.700000,22.000000,1700,2400,3100,3600,5000,6000,8900,33000,73000,75000,75000,52562,2325,1700.0,2791.3401831014694,5.705895000573946,75435.39170400254,5513.99573836612
1783446724,500,,Aggregated,54.800000,20.900000,1700,2400,3100,3600,5000,6000,8900,33000,73000,75000,75000,52612,2341,1700.0,2795.4229893868574,5.705895000573946,75435.39170400254,5511.637059986315
1783446725,500,,Aggregated,54.200000,19.500000,1700,2400,3100,3600,5000,6100,8900,33000,73000,75000,75000,52685,2365,1700.0,2800.173264522414,5.705895000573946,75435.39170400254,5509.023896744804
1783446726,500,,Aggregated,53.800000,17.300000,1700,2500,3100,3600,5000,6100,8900,33000,73000,75000,75000,52756,2380,1700.0,2804.6009280519847,5.705895000573946,75435.39170400254,5505.820096292365
1783446727,500,,Aggregated,54.900000,17.000000,1700,2500,3100,3600,5000,6100,8900,33000,73000,75000,75000,52809,2386,1700.0,2807.3595268227295,5.705895000573946,75435.39170400254,5505.6392092257
1783446728,500,,Aggregated,60.800000,17.600000,1700,2500,3100,3600,5000,6100,8900,33000,73000,75000,75000,52857,2407,1700.0,2810.7471334009415,5.705895000573946,75435.39170400254,5502.496149989594
1783446729,500,,Aggregated,64.200000,16.900000,1700,2500,3100,3600,5100,6200,8900,33000,73000,75000,75000,52988,2419,1700.0,2817.300441985839,5.705895000573946,75435.39170400254,5501.103117687024
1783446730,500,,Aggregated,61.100000,14.800000,1700,2500,3100,3600,5100,6200,8900,33000,73000,75000,75000,53050,2432,1700.0,2820.039734207458,5.705895000573946,75435.39170400254,5500.5685956644675
1783446731,500,,Aggregated,65.200000,13.600000,1700,2500,3100,3600,5100,6200,8900,33000,73000,75000,75000,53094,2444,1700.0,2822.7618232581403,5.705895000573946,75435.39170400254,5500.733642219459
1783446732,500,,Aggregated,62.900000,12.100000,1700,2500,3200,3600,5100,6200,8900,33000,73000,75000,75000,53188,2453,1700.0,2826.201227549481,5.705895000573946,75435.39170400254,5499.990223358653
1783446733,500,,Aggregated,62.400000,13.100000,1700,2500,3200,3600,5100,6200,9000,33000,73000,75000,75000,53201,2462,1700.0,2827.530044203695,5.705895000573946,75435.39170400254,5499.043702186049
1783446734,500,,Aggregated,68.900000,13.700000,1700,2500,3200,3700,5100,6300,9000,33000,73000,75000,75000,53307,2488,1700.0,2833.0043381903474,5.705895000573946,75435.39170400254,5495.911493800064
1783446735,500,,Aggregated,68.900000,13.700000,1700,2500,3200,3700,5100,6300,9000,33000,73000,75000,75000,53374,2502,1700.0,2835.6241290620897,5.705895000573946,75435.39170400254,5492.747217746468
1783446736,500,,Aggregated,68.100000,13.900000,1700,2500,3200,3700,5100,6300,9000,33000,73000,75000,75000,53446,2515,1700.0,2838.4453413026026,5.705895000573946,75435.39170400254,5489.292257605808
1783446737,500,,Aggregated,69.600000,13.900000,1700,2500,3200,3700,5100,6400,9000,33000,73000,75000,75000,53474,2540,1700.0,2840.4920218640445,5.705895000573946,75435.39170400254,5487.197516550099
1783446738,500,,Aggregated,67.800000,13.500000,1700,2500,3200,3700,5100,6400,9000,33000,73000,75000,75000,53532,2543,1700.0,2843.149453525963,5.705895000573946,75435.39170400254,5485.469308077411
1783446739,500,,Aggregated,66.900000,15.200000,1700,2500,3200,3700,5100,6400,9000,33000,73000,75000,75000,53594,2571,1700.0,2847.6067424056396,5.705895000573946,75435.39170400254,5481.016830242192
1783446740,500,,Aggregated,65.900000,13.700000,1700,2500,3200,3700,5100,6400,9000,33000,73000,75000,75000,53625,2587,1700.0,2849.6820040785988,5.705895000573946,75435.39170400254,5478.868867132867
1783446741,500,,Aggregated,60.700000,14.800000,1700,2500,3200,3700,5100,6500,9000,33000,73000,75000,75000,53706,2612,1700.0,2854.7599093578324,5.705895000573946,75435.39170400254,5477.682642535285
1783446742,500,,Aggregated,56.900000,15.700000,1700,2500,3200,3700,5100,6500,9000,33000,73000,75000,75000,53727,2624,1700.0,2856.408267958043,5.705895000573946,75435.39170400254,5475.738027434995
1783446743,500,,Aggregated,60.600000,16.200000,1700,2500,3200,3700,5100,6600,9000,33000,73000,75000,75000,53782,2650,1700.0,2860.7316262723357,5.705895000573946,75435.39170400254,5474.923636160797
1783446744,500,,Aggregated,53.300000,17.300000,1700,2500,3200,3700,5100,6700,9000,33000,73000,75000,75000,53901,2673,1700.0,2868.8491024277228,5.705895000573946,75435.39170400254,5471.431105174301
1783446745,500,,Aggregated,57.200000,17.900000,1700,2500,3300,3800,5100,6700,9000,32000,73000,75000,75000,54047,2678,1700.0,2873.7931082783984,5.705895000573946,75435.39170400254,5473.407293651821
1783446746,500,,Aggregated,57.400000,18.900000,1700,2500,3300,3800,5100,6700,9000,32000,73000,75000,75000,54136,2687,1700.0,2876.025449461202,5.705895000573946,75435.39170400254,5472.012893453524
1783446747,500,,Aggregated,61.800000,17.200000,1700,2600,3300,3800,5200,6700,9000,32000,73000,75000,75000,54260,2689,1700.0,2876.053607813667,5.705895000573946,75435.39170400254,5472.890434942868
1783446748,500,,Aggregated,67.700000,17.300000,1700,2600,3300,3800,5200,6700,9000,32000,73000,75000,75000,54398,2691,1700.0,2875.1272023359093,5.705895000573946,75435.39170400254,5470.923177322696
1783446749,500,,Aggregated,73.100000,14.900000,1700,2500,3300,3800,5200,6700,9000,32000,73000,75000,75000,54532,2697,1700.0,2873.448344067421,5.705895000573946,75435.39170400254,5472.743636763735
1783446750,500,,Aggregated,83.400000,14.700000,1700,2500,3300,3800,5200,6700,9000,32000,73000,75000,75000,54653,2704,1700.0,2871.9974080938214,5.705895000573946,75435.39170400254,5472.609609719503
1783446751,500,,Aggregated,89.700000,13.300000,1700,2500,3300,3800,5200,6700,8900,32000,73000,75000,75000,54767,2707,1700.0,2870.159217572821,5.705895000573946,75435.39170400254,5471.158873043986
1783446752,500,,Aggregated,97.900000,11.500000,1700,2500,3300,3800,5100,6700,8900,32000,73000,75000,75000,54907,2712,1700.0,2867.1866048979114,5.705895000573946,75435.39170400254,5472.373923179194
1783446753,500,,Aggregated,101.000000,10.200000,1700,2500,3200,3800,5100,6700,8900,32000,73000,75000,75000,55038,2717,1700.0,2864.805211733084,5.705895000573946,75435.39170400254,5476.510774374069
1783446754,500,,Aggregated,112.800000,8.700000,1700,2500,3200,3800,5100,6700,8900,32000,73000,75000,75000,55148,2724,1700.0,2862.7918476360755,5.705895000573946,75435.39170400254,5474.616667875535
1783446755,500,,Aggregated,120.400000,7.500000,1700,2500,3200,3700,5100,6700,8900,32000,73000,75000,75000,55278,2726,1700.0,2859.8613060075513,5.705895000573946,75435.39170400254,5475.26442707768
1783446756,500,,Aggregated,122.400000,5.300000,1700,2500,3200,3700,5100,6700,8900,32000,73000,75000,75000,55348,2730,1700.0,2858.461416958815,5.705895000573946,75435.39170400254,5471.752348775023
1783446757,500,,Aggregated,122.400000,5.000000,1700,2500,3200,3700,5100,6700,8900,32000,73000,75000,75000,55496,2739,1700.0,2856.766298125928,5.705895000573946,75435.39170400254,5469.12779299409
1783446758,500,,Aggregated,120.800000,4.000000,1700,2500,3200,3700,5100,6700,8900,32000,73000,75000,75000,55638,2745,1700.0,2854.636255022083,5.705895000573946,75435.39170400254,5470.244077788562
1783446759,500,,Aggregated,120.500000,4.700000,1700,2500,3200,3700,5100,6700,8900,32000,73000,75000,75000,55792,2751,1700.0,2852.014915936326,5.705895000573946,75435.39170400254,5467.669361198738
1783446760,500,,Aggregated,121.000000,5.100000,1700,2500,3200,3700,5100,6700,8900,32000,73000,75000,75000,55927,2755,1700.0,2849.502115834305,5.705895000573946,75435.39170400254,5467.031362311584
1783446761,500,,Aggregated,122.900000,5.400000,1700,2500,3200,3700,5100,6700,8900,32000,73000,75000,75000,56066,2756,1700.0,2845.362131478852,5.705895000573946,75435.39170400254,5468.373613241537
1783446762,500,,Aggregated,126.200000,5.100000,1700,2500,3200,3700,5100,6700,8900,32000,73000,75000,75000,56171,2759,1700.0,2842.826109752583,5.705895000573946,75435.39170400254,5468.0628794217655
1783446763,500,,Aggregated,127.700000,5.100000,1700,2500,3200,3700,5100,6700,8900,32000,73000,75000,75000,56295,2763,1700.0,2840.3311559980184,5.705895000573946,75435.39170400254,5469.608277822187
1783446764,500,,Aggregated,125.100000,4.700000,1700,2500,3200,3700,5100,6600,8900,32000,73000,75000,75000,56428,2766,1700.0,2837.4910111563663,5.705895000573946,75435.39170400254,5470.177819522223
1783446765,500,,Aggregated,124.500000,4.700000,1700,2500,3200,3700,5100,6600,8900,32000,73000,75000,75000,56580,2769,1700.0,2834.243627415471,5.705895000573946,75435.39170400254,5470.515075998586
1783446766,500,,Aggregated,126.000000,4.300000,1700,2500,3200,3700,5100,6600,8800,32000,73000,75000,75000,56715,2773,1700.0,2832.2460485969377,5.705895000573946,75435.39170400254,5470.460195715419
1783446767,500,,Aggregated,126.200000,4.300000,1700,2500,3200,3700,5100,6600,8800,32000,73000,75000,75000,56833,2776,1700.0,2829.541587480747,5.705895000573946,75435.39170400254,5471.272535322788
1783446768,500,,Aggregated,130.800000,4.400000,1700,2500,3200,3700,5100,6600,8800,32000,73000,75000,75000,56966,2779,1700.0,2826.5913395003063,5.705895000573946,75435.39170400254,5473.4788996945545
1783446769,500,,Aggregated,133.500000,4.000000,1700,2500,3200,3700,5100,6600,8800,32000,73000,75000,75000,57096,2785,1700.0,2823.981524726326,5.705895000573946,75435.39170400254,5471.991698192518
1783446770,500,,Aggregated,131.100000,3.600000,1700,2500,3200,3700,5100,6600,8800,32000,73000,75000,75000,57223,2786,1700.0,2821.1131945689017,5.705895000573946,75435.39170400254,5472.762141097111
1783446771,500,,Aggregated,130.400000,3.100000,1700,2500,3200,3700,5100,6600,8800,32000,73000,75000,75000,57352,2789,1700.0,2818.4304699414565,5.705895000573946,75435.39170400254,5474.787470358488
1783446772,500,,Aggregated,128.000000,3.300000,1700,2500,3200,3700,5100,6600,8800,31000,73000,75000,75000,57448,2795,1700.0,2817.2386347683896,5.705895000573946,75435.39170400254,5476.687787216265
1783446773,500,,Aggregated,127.500000,3.000000,1700,2500,3200,3700,5100,6600,8800,31000,73000,75000,75000,57589,2800,1700.0,2815.3163545573734,5.705895000573946,75435.39170400254,5475.79688829464
1783446774,500,,Aggregated,127.800000,3.300000,1700,2500,3200,3700,5100,6600,8800,31000,73000,75000,75000,57715,2802,1700.0,2813.6110518188275,5.705895000573946,75435.39170400254,5479.290323139565
1783446775,500,,Aggregated,125.000000,3.300000,1700,2500,3200,3700,5100,6500,8800,31000,73000,75000,75000,57860,2807,1700.0,2811.088587546555,5.705895000573946,75435.39170400254,5478.75397511234
1783446776,500,,Aggregated,126.500000,3.700000,1700,2500,3200,3700,5100,6500,8800,31000,73000,75000,75000,57999,2813,1700.0,2808.6877156845912,5.705895000573946,75435.39170400254,5479.124071104674
1783446777,500,,Aggregated,126.300000,3.600000,1700,2500,3200,3700,5100,6500,8800,31000,73000,75000,75000,58140,2813,1700.0,2805.687969990362,5.705895000573946,75435.39170400254,5478.213450292397
1783446778,500,,Aggregated,126.000000,3.900000,1700,2500,3200,3700,5100,6500,8800,31000,73000,75000,75000,58260,2819,1700.0,2802.61988633532,5.705895000573946,75435.39170400254,5479.454926192928
1783446779,500,,Aggregated,127.700000,3.900000,1700,2500,3200,3700,5100,6500,8800,31000,73000,75000,75000,58391,2822,1700.0,2799.902272177713,5.705895000573946,75435.39170400254,5480.813104759295
1783446780,500,,Aggregated,128.900000,3.800000,1700,2500,3200,3700,5100,6500,8700,31000,73000,75000,75000,58518,2828,1700.0,2797.51409163898,5.705895000573946,75435.39170400254,5478.670289483578
1783446781,500,,Aggregated,126.900000,3.900000,1700,2500,3200,3700,5100,6500,8700,31000,73000,75000,75000,58644,2832,1700.0,2794.8957679360715,5.705895000573946,75435.39170400254,5480.822675806562
1783446782,500,,Aggregated,126.700000,3.600000,1700,2500,3200,3700,5100,6500,8700,31000,73000,75000,75000,58772,2835,1700.0,2793.067356258641,5.705895000573946,75435.39170400254,5483.149918328456
1783446783,500,,Aggregated,127.100000,4.300000,1700,2500,3200,3700,5100,6500,8700,31000,73000,75000,75000,58915,2839,1700.0,2790.020444016718,5.705895000573946,75435.39170400254,5487.074106763982
1783446784,500,,Aggregated,127.900000,4.300000,1700,2500,3200,3700,5100,6500,8700,31000,73000,75000,75000,59046,2844,1700.0,2787.592078824982,5.705895000573946,75435.39170400254,5486.536242929242
1783446785,500,,Aggregated,130.700000,4.000000,1700,2500,3200,3700,5100,6500,8700,31000,73000,75000,75000,59193,2847,1700.0,2784.6959547192537,5.705895000573946,75435.39170400254,5486.292314969675
1783446786,500,,Aggregated,131.800000,4.000000,1700,2500,3200,3700,5100,6500,8700,31000,73000,75000,75000,59328,2847,1700.0,2781.61457909393,5.705895000573946,75435.39170400254,5487.745229908306
1783446788,500,,Aggregated,131.600000,3.800000,1700,2500,3200,3700,5100,6500,8700,31000,73000,75000,75000,59464,2849,1700.0,2778.2259497114514,5.705895000573946,75435.39170400254,5485.122998789183
1783446789,500,,Aggregated,130.800000,3.400000,1700,2500,3200,3700,5100,6400,8700,31000,73000,75000,75000,59585,2850,1700.0,2775.408143176297,5.705895000573946,75435.39170400254,5484.637207350844
1783446790,500,,Aggregated,130.500000,3.400000,1700,2500,3200,3700,5100,6400,8700,31000,73000,75000,75000,59737,2852,1700.0,2772.5763746680695,5.705895000573946,75435.39170400254,5485.482933525286
1783446791,500,,Aggregated,130.900000,3.100000,1700,2500,3200,3700,5100,6400,8700,31000,73000,75000,75000,59876,2854,1700.0,2769.796403168857,5.705895000573946,75435.39170400254,5485.975516066537
1783446792,500,,Aggregated,133.400000,3.000000,1700,2500,3200,3700,5100,6400,8700,31000,73000,75000,75000,60018,2857,1700.0,2766.964680516487,5.705895000573946,75435.39170400254,5484.103185710954
1783446793,500,,Aggregated,134.000000,2.500000,1700,2500,3200,3700,5100,6400,8700,31000,73000,75000,75000,60140,2858,1700.0,2763.411518284645,5.705895000573946,75435.39170400254,5485.83752909877
1783446794,500,,Aggregated,136.000000,2.500000,1700,2500,3200,3600,5100,6400,8700,31000,73000,75000,75000,60282,2860,1700.0,2760.0928352129226,5.705895000573946,75435.39170400254,5485.805746325603
1783446795,500,,Aggregated,135.200000,2.300000,1700,2500,3200,3600,5100,6400,8700,31000,73000,75000,75000,60409,2862,1700.0,2757.6268067915926,5.705895000573946,75435.39170400254,5487.510983462729
1783446796,500,,Aggregated,135.400000,2.000000,1700,2500,3200,3600,5100,6400,8700,31000,73000,75000,75000,60562,2865,1700.0,2754.903811946409,5.705895000573946,75435.39170400254,5487.662313001552
1783446797,500,,Aggregated,134.500000,1.800000,1700,2500,3100,3600,5100,6400,8700,30000,73000,75000,75000,60712,2869,1700.0,2752.5239994434437,5.705895000573946,75435.39170400254,5489.341448148636
1783446798,500,,Aggregated,135.300000,1.800000,1700,2500,3100,3600,5100,6400,8700,30000,73000,75000,75000,60855,2870,1700.0,2749.2419113684705,5.705895000573946,75435.39170400254,5489.271234902638
1783446799,500,,Aggregated,137.200000,2.200000,1600,2500,3100,3600,5100,6400,8700,30000,73000,75000,75000,61004,2871,1600.0,2745.897043537445,5.705895000573946,75435.39170400254,5489.880007868336
1783446800,500,,Aggregated,133.000000,2.100000,1600,2500,3100,3600,5100,6400,8700,30000,73000,75000,75000,61150,2871,1600.0,2742.2848816965347,5.705895000573946,75435.39170400254,5492.482158626329
1783446801,500,,Aggregated,139.700000,2.100000,1600,2500,3100,3600,5100,6300,8600,30000,73000,75000,75000,61278,2872,1600.0,2739.255425320999,5.705895000573946,75435.39170400254,5494.236055354287
1783446802,500,,Aggregated,139.200000,1.900000,1600,2500,3100,3600,5100,6300,8600,30000,73000,75000,75000,61422,2872,1600.0,2735.741508745093,5.705895000573946,75435.39170400254,5496.1558562078735
