Timestamp,User Count,Type,Name,Requests/s,Failures/s,50%,66%,75%,80%,90%,95%,98%,99%,99.9%,99.99%,100%,Total Request Count,Total Failure Count,Total Median Response Time,Total Average Response Time,Total Min Response Time,Total Max Response Time,Total Average Content Size
1783511709,0,,Aggregated,0.000000,0.000000,N/A,N/A,N/A,N/A,N/A,N/A,N/A,N/A,N/A,N/A,N/A,0,0,0,0.0,0,0,0
1783511710,25,,Aggregated,0.000000,0.000000,N/A,N/A,N/A,N/A,N/A,N/A,N/A,N/A,N/A,N/A,N/A,0,0,0,0.0,0,0,0
1783511711,25,,Aggregated,0.000000,0.000000,88,120,1700,1700,1800,2000,2000,2000,2000,2000,2000,57,0,88,601.3246970358427,12.401157000567764,1980.3460609982722,2680.7719298245615
1783511712,25,,Aggregated,0.000000,0.000000,72,100,130,170,1700,2000,2000,2100,2100,2100,2100,155,0,72,357.67111443865656,7.763839996187016,2061.017070998787,6470.406451612903
1783511713,25,,Aggregated,0.000000,0.000000,69,96,120,160,1700,2000,2000,2100,2100,2100,2100,166,0,68,335.0206529456878,6.089249000069685,2061.017070998787,6444.439759036145
1783511714,25,,Aggregated,34.666667,0.000000,64,89,120,150,1700,2000,2000,2100,2100,2100,2100,179,0,64,311.9995423574579,4.978080993168987,2061.017070998787,6226.698324022346
1783511715,25,,Aggregated,39.000000,0.000000,60,88,110,150,1700,2000,2000,2100,2100,2100,2100,185,0,60,302.3293658648146,4.978080993168987,2061.017070998787,6195.8216216216215
1783511716,25,,Aggregated,33.600000,0.000000,59,85,110,120,1700,2000,2000,2100,2100,2100,2100,196,0,59,286.99843543884583,4.978080993168987,2061.017070998787,6272.2959183673465
1783511717,25,,Aggregated,30.000000,0.000000,51,77,100,120,1700,1800,2000,2100,2100,2100,2100,213,0,51,264.99057289666854,4.6962309861555696,2061.017070998787,6173.732394366197
1783511718,25,,Aggregated,26.714286,0.000000,44,73,96,120,1700,1800,2000,2100,2100,2100,2100,226,0,44,250.26683753094403,3.8060299993958324,2061.017070998787,6172.314159292036
1783511719,25,,Aggregated,25.500000,0.000000,42,71,91,110,1600,1800,2000,2100,2100,2100,2100,233,0,42,242.9744943906703,3.8060299993958324,2061.017070998787,6129.244635193133
1783511720,25,,Aggregated,23.888889,0.000000,40,69,89,110,1500,1800,2000,2100,2100,2100,2100,245,0,40,231.76549376340165,3.8060299993958324,2061.017070998787,6202.869387755102
1783511721,25,,Aggregated,22.600000,0.000000,39,67,87,110,200,1800,2000,2100,2100,2100,2100,258,0,39,221.36725134900075,3.8060299993958324,2061.017070998787,6135.139534883721
1783511722,25,,Aggregated,23.500000,0.000000,39,65,85,100,190,1800,2000,2100,2100,2100,2100,269,0,39,213.43660655795625,3.8060299993958324,2061.017070998787,6007.542750929368
1783511723,25,,Aggregated,24.700000,0.000000,38,64,80,100,190,1800,2000,2100,2100,2100,2100,277,0,38,207.66441179085345,3.8060299993958324,2061.017070998787,6010.296028880866
1783511724,25,,Aggregated,15.500000,0.000000,37,60,77,93,180,1700,2000,2100,2100,2100,2100,294,0,37,196.90692933007233,3.8060299993958324,2061.017070998787,5832.207482993197
1783511725,25,,Aggregated,11.400000,0.000000,35,58,74,90,170,1700,2000,2000,2100,2100,2100,304,0,35,190.7098750723794,3.8060299993958324,2061.017070998787,5822.5328947368425
1783511726,25,,Aggregated,11.800000,0.000000,35,56,73,88,170,1700,2000,2000,2100,2100,2100,318,0,35,183.8450367735357,3.8060299993958324,2061.017070998787,5665.066037735849
1783511727,25,,Aggregated,11.600000,0.000000,35,55,72,86,160,1700,2000,2000,2100,2100,2100,329,0,35,178.1562321366796,3.8060299993958324,2061.017070998787,5667.425531914893
1783511728,25,,Aggregated,12.100000,0.000000,33,53,70,81,160,1700,2000,2000,2100,2100,2100,341,0,33,172.30613279175847,3.8060299993958324,2061.017070998787,5721.882697947214
1783511729,25,,Aggregated,11.600000,0.000000,31,51,70,80,160,1700,2000,2000,2100,2100,2100,350,0,30,168.12580448853882,3.8060299993958324,2061.017070998787,5679.5542857142855
1783511730,25,,Aggregated,11.400000,0.000000,26,48,68,78,150,1700,2000,2000,2100,2100,2100,363,0,26,162.6520722892572,3.8060299993958324,2061.017070998787,5759.3140495867765
1783511731,25,,Aggregated,11.700000,0.000000,24,47,65,77,150,1700,2000,2000,2100,2100,2100,372,0,23,158.96347026888003,3.8060299993958324,2061.017070998787,5704.8387096774195
1783511732,25,,Aggregated,11.600000,0.000000,23,46,64,76,130,1700,2000,2000,2100,2100,2100,385,0,23,154.24931814811683,3.8060299993958324,2061.017070998787,5688.91948051948
1783511733,25,,Aggregated,11.900000,0.000000,21,44,64,73,120,1700,2000,2000,2100,2100,2100,392,0,21,151.7327619617483,3.8060299993958324,2061.017070998787,5707.563775510204
1783511734,25,,Aggregated,11.600000,0.000000,20,43,60,73,120,1700,2000,2000,2100,2100,2100,409,0,20,146.12764720291938,3.8060299993958324,2061.017070998787,5664.97555012225
1783511735,25,,Aggregated,11.600000,0.000000,20,43,59,72,120,1700,2000,2000,2100,2100,2100,416,0,20,144.0978521634581,3.8060299993958324,2061.017070998787,5691.153846153846
1783511736,25,,Aggregated,10.800000,0.000000,19,41,58,70,120,1700,2000,2000,2100,2100,2100,429,0,19,140.2488019091342,3.8060299993958324,2061.017070998787,5684.1701631701635
1783511737,25,,Aggregated,11.300000,0.000000,18,41,58,70,120,1700,2000,2000,2100,2100,2100,437,0,18,138.10504364761235,3.8060299993958324,2061.017070998787,5703.951945080092
1783511738,25,,Aggregated,10.800000,0.000000,18,40,56,68,120,1700,2000,2000,2100,2100,2100,450,0,18,134.49907479772162,3.8060299993958324,2061.017070998787,5660.8711111111115
1783511739,25,,Aggregated,10.900000,0.000000,17,40,55,67,120,1700,2000,2000,2100,2100,2100,457,0,17,132.57691638502934,3.8060299993958324,2061.017070998787,5673.741794310722
1783511740,25,,Aggregated,10.800000,0.000000,16,39,54,65,110,1600,2000,2000,2100,2100,2100,471,0,16,129.2619196538771,3.8060299993958324,2061.017070998787,5654.074309978769
1783511741,25,,Aggregated,10.700000,0.000000,16,39,53,64,110,1500,2000,2000,2100,2100,2100,484,0,16,126.12058333871566,3.8060299993958324,2061.017070998787,5699.332644628099
1783511742,25,,Aggregated,10.700000,0.000000,16,38,53,64,110,1500,2000,2000,2100,2100,2100,492,0,16,124.31027599379333,3.8060299993958324,2061.017070998787,5709.798780487805
1783511743,25,,Aggregated,10.700000,0.000000,15,37,52,63,110,200,1800,2000,2100,2100,2100,507,0,15,120.99362560346974,3.8060299993958324,2061.017070998787,5672.7278106508875
1783511744,25,,Aggregated,11.000000,0.000000,15,37,51,60,110,200,1800,2000,2100,2100,2100,516,0,15,119.26540309876202,3.8060299993958324,2061.017070998787,5696.56007751938
1783511745,25,,Aggregated,10.700000,0.000000,15,37,51,60,100,190,1800,2000,2100,2100,2100,524,0,15,117.54802819265885,3.8060299993958324,2061.017070998787,5621.946564885497
1783511746,25,,Aggregated,11.300000,0.000000,15,36,51,59,100,190,1800,2000,2100,2100,2100,534,0,15,115.58515954866141,3.8060299993958324,2061.017070998787,5621.2734082397
1783511747,25,,Aggregated,10.700000,0.000000,15,35,50,59,100,190,1800,2000,2100,2100,2100,546,0,15,113.54405553293996,3.8060299993958324,2061.017070998787,5635.421245421246
1783511748,25,,Aggregated,10.800000,0.000000,15,35,49,58,100,190,1800,2000,2100,2100,2100,557,0,15,111.55241155298636,3.8060299993958324,2061.017070998787,5669.138240574506
1783511749,25,,Aggregated,10.500000,0.000000,15,35,48,58,96,180,1800,2000,2100,2100,2100,567,0,15,109.8969442663325,3.8060299993958324,2061.017070998787,5672.116402116402
1783511750,25,,Aggregated,10.900000,0.000000,15,34,47,57,96,180,1800,2000,2100,2100,2100,579,0,15,107.97122765974554,3.8060299993958324,2061.017070998787,5742.516407599309
1783511751,25,,Aggregated,10.700000,0.000000,14,33,47,56,93,180,1800,2000,2100,2100,2100,590,0,14,106.19192929320349,3.8060299993958324,2061.017070998787,5728.245762711865
1783511752,25,,Aggregated,10.900000,0.000000,14,33,47,55,90,170,1800,2000,2100,2100,2100,601,0,14,104.51388872379555,3.8060299993958324,2061.017070998787,5759.051580698835
1783511753,25,,Aggregated,10.600000,0.000000,14,32,46,54,90,170,1800,2000,2100,2100,2100,608,0,14,103.39231735191022,3.8060299993958324,2061.017070998787,5777.139802631579
1783511754,25,,Aggregated,10.500000,0.000000,14,30,46,54,89,170,1800,2000,2100,2100,2100,624,0,13,101.05436468431715,3.8060299993958324,2061.017070998787,5781.596153846154
1783511755,25,,Aggregated,10.800000,0.000000,13,29,45,53,88,170,1800,2000,2100,2100,2100,635,0,13,99.4551938283578,3.8060299993958324,2061.017070998787,5827.87874015748
1783511756,25,,Aggregated,10.100000,0.000000,13,28,44,53,87,160,1800,2000,2100,2100,2100,644,0,13,98.28434468632305,3.8060299993958324,2061.017070998787,5829.281055900621
1783511757,25,,Aggregated,10.800000,0.000000,13,27,43,52,86,160,1800,2000,2100,2100,2100,654,0,13,97.0430898012231,3.8060299993958324,2061.017070998787,5899.645259938838
1783511758,25,,Aggregated,11.200000,0.000000,13,27,42,51,86,160,1800,2000,2100,2100,2100,666,0,13,95.51359211112944,3.8060299993958324,2061.017070998787,5839.557057057057
1783511759,25,,Aggregated,11.000000,0.000000,13,25,41,51,85,160,1800,2000,2100,2100,2100,678,0,13,93.96765787167057,3.8060299993958324,2061.017070998787,5806.733038348083
1783511760,25,,Aggregated,10.800000,0.000000,13,25,42,51,85,160,1800,2000,2100,2100,2100,688,0,12,92.99438181105235,3.8060299993958324,2061.017070998787,5754.9011627906975
1783511761,25,,Aggregated,10.900000,0.000000,12,25,42,51,81,160,1800,2000,2100,2100,2100,700,0,12,91.77075107575676,3.8060299993958324,2061.017070998787,5734.605714285714
1783511763,25,,Aggregated,11.100000,0.000000,12,23,41,51,80,150,1700,2000,2100,2100,2100,712,0,12,90.4037484241997,3.8060299993958324,2061.017070998787,5818.849719101124
1783511764,25,,Aggregated,11.000000,0.000000,12,23,41,50,78,150,1700,2000,2100,2100,2100,722,0,12,89.40398269116078,3.8060299993958324,2061.017070998787,5862.128808864266
1783511765,25,,Aggregated,11.000000,0.000000,12,21,40,49,78,150,1700,2000,2100,2100,2100,731,0,12,88.38233689602532,3.8060299993958324,2061.017070998787,5814.512995896032
1783511766,25,,Aggregated,11.100000,0.000000,12,21,41,50,78,150,1700,2000,2100,2100,2100,749,0,12,87.00814096530488,3.8060299993958324,2061.017070998787,5768.873164218959
1783511767,25,,Aggregated,10.700000,0.000000,12,21,40,49,78,150,1700,2000,2100,2100,2100,760,0,12,85.91502858161172,3.8060299993958324,2061.017070998787,5780.16052631579
1783511768,25,,Aggregated,10.700000,0.000000,12,21,40,48,78,130,1700,2000,2100,2100,2100,771,0,12,84.95890123349655,3.8060299993958324,2061.017070998787,5777.162127107653
1783511769,25,,Aggregated,11.300000,0.000000,11,20,40,48,78,120,1700,2000,2100,2100,2100,782,0,11,83.85867914711923,3.8060299993958324,2061.017070998787,5778.709718670077
1783511770,25,,Aggregated,11.500000,0.000000,11,19,39,47,77,120,1700,2000,2100,2100,2100,793,0,11,82.82692271757027,3.8060299993958324,2061.017070998787,5816.699873896595
1783511771,25,,Aggregated,11.700000,0.000000,11,18,39,47,77,120,1700,2000,2100,2100,2100,806,0,11,81.66984782014235,3.8060299993958324,2061.017070998787,5816.846153846154
1783511772,25,,Aggregated,11.600000,0.000000,11,18,38,47,76,120,1700,2000,2100,2100,2100,816,0,11,80.79669993509799,3.8060299993958324,2061.017070998787,5858.475490196079
1783511773,25,,Aggregated,11.500000,0.000000,11,18,38,47,76,120,1700,2000,2100,2100,2100,830,0,11,79.88416687231259,3.8060299993958324,2061.017070998787,5855.486746987952
1783511774,25,,Aggregated,11.700000,0.000000,11,18,38,47,74,120,1700,2000,2100,2100,2100,840,0,11,79.02702183930073,3.8060299993958324,2061.017070998787,5891.5559523809525
1783511775,25,,Aggregated,11.600000,0.000000,11,18,38,46,73,120,1700,2000,2100,2100,2100,854,0,11,78.04773149765707,3.8060299993958324,2061.017070998787,5865.932084309134
1783511776,25,,Aggregated,11.800000,0.000000,11,18,37,46,73,120,1700,2000,2100,2100,2100,866,0,11,77.14843156812853,3.8060299993958324,2061.017070998787,5893.922632794457
1783511777,25,,Aggregated,11.800000,0.000000,11,18,37,46,73,120,1700,2000,2100,2100,2100,872,0,11,76.69416568239009,3.8060299993958324,2061.017070998787,5924.011467889908
1783511778,25,,Aggregated,11.700000,0.000000,11,18,37,46,72,120,1700,2000,2100,2100,2100,887,0,11,75.64202733375285,3.8060299993958324,2061.017070998787,5911.67305524239
1783511779,25,,Aggregated,11.700000,0.000000,11,17,37,46,72,120,1700,2000,2100,2100,2100,898,0,11,74.94104330403378,3.8060299993958324,2061.017070998787,5871.243875278396
1783511780,25,,Aggregated,11.300000,0.000000,10,17,35,45,72,120,1700,2000,2100,2100,2100,910,0,10,74.09781231872729,3.8060299993958324,2061.017070998787,5861.081318681318
1783511781,25,,Aggregated,11.600000,0.000000,10,17,35,45,71,120,1700,2000,2100,2100,2100,919,0,10,73.52075493368558,3.8060299993958324,2061.017070998787,5867.983677910773
1783511782,25,,Aggregated,11.600000,0.000000,10,17,35,45,70,120,1700,2000,2100,2100,2100,929,0,10,72.96474175248245,3.8060299993958324,2061.017070998787,5829.5435952637245
1783511783,25,,Aggregated,11.200000,0.000000,10,17,35,44,70,120,1700,2000,2100,2100,2100,942,0,10,72.16170473681588,3.8060299993958324,2061.017070998787,5842.007430997877
1783511784,25,,Aggregated,11.300000,0.000000,10,17,35,44,70,120,1700,2000,2100,2100,2100,954,0,10,71.56001115627517,3.8060299993958324,2061.017070998787,5808.24213836478
1783511785,25,,Aggregated,11.300000,0.000000,10,17,35,43,70,120,1700,2000,2100,2100,2100,970,0,10,70.52149894128532,3.8060299993958324,2061.017070998787,5806.7474226804125
1783511786,25,,Aggregated,11.200000,0.000000,10,17,35,44,70,110,1700,2000,2100,2100,2100,981,0,10,70.08694208873078,3.8060299993958324,2061.017070998787,5814.388379204893
1783511787,25,,Aggregated,11.600000,0.000000,10,17,35,43,70,110,1700,2000,2100,2100,2100,992,0,10,69.40675787706324,3.8060299993958324,2061.017070998787,5830.933467741936
1783511788,25,,Aggregated,11.400000,0.000000,10,16,34,43,69,110,1700,1800,2100,2100,2100,1004,0,10,68.75557443229363,3.8060299993958324,2061.017070998787,5860.812749003984
1783511789,25,,Aggregated,11.800000,0.000000,10,16,34,42,68,110,1700,1800,2100,2100,2100,1016,0,10,68.06534595769936,3.8060299993958324,2061.017070998787,5848.983267716535
1783511790,25,,Aggregated,11.800000,0.000000,10,16,33,42,68,110,1700,1800,2100,2100,2100,1029,0,10,67.34791665696163,3.8060299993958324,2061.017070998787,5848.153547133139
1783511791,25,,Aggregated,11.700000,0.000000,10,16,33,41,67,110,1700,1800,2100,2100,2100,1042,0,10,66.68843958637343,3.8060299993958324,2061.017070998787,5834.349328214971
1783511792,25,,Aggregated,11.700000,0.000000,10,16,33,41,67,110,1700,1800,2100,2100,2100,1056,0,10,66.06775503315944,3.8060299993958324,2061.017070998787,5815.333333333333
1783511793,25,,Aggregated,12.200000,0.000000,10,16,32,41,67,110,1700,1800,2100,2100,2100,1069,0,10,65.40230333207924,3.8060299993958324,2061.017070998787,5816.7923292797
1783511794,25,,Aggregated,12.700000,0.000000,10,16,32,41,67,110,1700,1800,2100,2100,2100,1077,0,10,65.09335358682699,3.8060299993958324,2061.017070998787,5805.489322191272
1783511795,25,,Aggregated,12.700000,0.000000,10,16,32,41,66,110,1700,1800,2100,2100,2100,1092,0,10,64.41912265297402,3.8060299993958324,2061.017070998787,5801.75641025641
1783511796,25,,Aggregated,12.200000,0.000000,10,16,32,41,65,100,1700,1800,2100,2100,2100,1104,0,10,63.95404716490241,3.8060299993958324,2061.017070998787,5807.680253623188
1783511797,25,,Aggregated,12.200000,0.000000,10,16,31,41,65,100,1700,1800,2100,2100,2100,1116,0,10,63.338620732137834,3.7183300009928644,2061.017070998787,5791.427419354839
1783511798,25,,Aggregated,12.300000,0.000000,10,16,30,41,65,100,1700,1800,2100,2100,2100,1125,0,10,62.94606959830142,3.7183300009928644,2061.017070998787,5803.861333333333
1783511799,25,,Aggregated,12.600000,0.000000,10,16,30,40,64,100,1700,1800,2100,2100,2100,1141,0,10,62.24285832786695,3.7183300009928644,2061.017070998787,5804.454864154251
1783511800,25,,Aggregated,12.100000,0.000000,10,16,30,40,64,100,1600,1800,2100,2100,2100,1151,0,10,61.846113889748196,3.7183300009928644,2061.017070998787,5817.072980017376
1783511801,25,,Aggregated,12.200000,0.000000,10,16,29,40,64,100,1600,1800,2100,2100,2100,1163,0,10,61.31691184017094,3.7183300009928644,2061.017070998787,5829.936371453138
1783511802,25,,Aggregated,11.700000,0.000000,9,16,28,40,64,100,1600,1800,2100,2100,2100,1173,0,9,60.963379384617134,3.7183300009928644,2061.017070998787,5798.570332480818
1783511803,25,,Aggregated,12.200000,0.000000,9,16,27,40,64,100,1600,1800,2100,2100,2100,1187,0,9,60.371147599138446,3.7183300009928644,2061.017070998787,5792.3748946925025
1783511804,25,,Aggregated,11.600000,0.000000,9,16,27,40,64,100,1600,1800,2100,2100,2100,1199,0,9,59.95386947636039,3.7183300009928644,2061.017070998787,5793.296080066722
1783511805,25,,Aggregated,11.800000,0.000000,9,15,27,40,64,96,1500,1800,2100,2100,2100,1209,0,9,59.58040687608226,3.7183300009928644,2061.017070998787,5790.29693961952
1783511806,25,,Aggregated,12.100000,0.000000,9,15,26,40,64,96,1500,1800,2100,2100,2100,1223,0,9,59.09521102061714,3.7183300009928644,2061.017070998787,5791.381030253475
1783511807,25,,Aggregated,11.700000,0.000000,9,15,26,40,64,96,1500,1800,2100,2100,2100,1234,0,9,58.68380438590462,3.7183300009928644,2061.017070998787,5790.303079416532
1783511808,25,,Aggregated,11.900000,0.000000,9,15,25,39,63,94,1500,1800,2100,2100,2100,1244,0,9,58.3228267565819,3.7183300009928644,2061.017070998787,5800.712218649518
1783511809,25,,Aggregated,11.300000,0.000000,9,15,24,39,63,94,200,1800,2100,2100,2100,1257,0,9,57.81661161590305,3.7183300009928644,2061.017070998787,5828.684168655529
1783511810,25,,Aggregated,11.900000,0.000000,9,15,24,39,63,93,200,1800,2100,2100,2100,1268,0,9,57.44231466338843,3.7183300009928644,2061.017070998787,5823.996845425868
1783511811,25,,Aggregated,11.700000,0.000000,9,15,23,38,61,92,200,1800,2100,2100,2100,1281,0,9,57.033258061795145,3.7183300009928644,2061.017070998787,5849.302888368462
1783511812,25,,Aggregated,11.900000,0.000000,9,15,23,38,61,92,200,1800,2100,2100,2100,1291,0,9,56.64195568565175,3.7183300009928644,2061.017070998787,5814.380325329203
1783511813,25,,Aggregated,11.700000,0.000000,9,15,23,38,61,91,190,1800,2100,2100,2100,1303,0,9,56.315334321727214,3.7183300009928644,2061.017070998787,5814.012279355334
1783511814,25,,Aggregated,11.700000,0.000000,9,15,23,38,61,91,190,1800,2100,2100,2100,1316,0,9,55.896195724307425,3.7183300009928644,2061.017070998787,5828.612462006079
1783511815,25,,Aggregated,11.500000,0.000000,9,15,23,38,60,90,190,1800,2100,2100,2100,1329,0,9,55.45302734701648,3.7183300009928644,2061.017070998787,5816.414597441685
1783511816,25,,Aggregated,11.500000,0.000000,9,15,23,38,60,90,190,1800,2100,2100,2100,1337,0,9,55.23508870771523,3.7183300009928644,2061.017070998787,5804.667913238593
1783511817,25,,Aggregated,12.000000,0.000000,9,15,23,38,59,89,190,1800,2100,2100,2100,1352,0,9,54.84659854231959,3.7183300009928644,2061.017070998787,5793.672337278106
1783511818,25,,Aggregated,11.500000,0.000000,9,15,23,38,59,89,190,1800,2100,2100,2100,1362,0,9,54.54565451776658,3.7183300009928644,2061.017070998787,5762.255506607929
1783511819,25,,Aggregated,11.800000,0.000000,9,15,23,38,59,89,190,1800,2100,2100,2100,1374,0,9,54.25631249503702,3.7183300009928644,2061.017070998787,5765.850072780204
1783511820,25,,Aggregated,11.700000,0.000000,9,15,23,38,59,89,190,1800,2100,2100,2100,1388,0,9,53.864141650008015,3.7183300009928644,2061.017070998787,5763.9409221902015
1783511821,25,,Aggregated,11.900000,0.000000,9,15,22,38,59,89,190,1800,2100,2100,2100,1398,0,9,53.56276158598326,3.7183300009928644,2061.017070998787,5748.638769670959
1783511822,25,,Aggregated,12.000000,0.000000,9,15,22,38,59,88,180,1700,2100,2100,2100,1408,0,9,53.31104569474767,3.7183300009928644,2061.017070998787,5736.988636363636
1783511823,25,,Aggregated,11.800000,0.000000,9,15,21,37,59,88,180,1700,2100,2100,2100,1417,0,9,53.02531832192654,3.7183300009928644,2061.017070998787,5742.228652081863
1783511824,25,,Aggregated,11.800000,0.000000,9,15,21,37,59,88,180,1700,2100,2100,2100,1436,0,9,52.538321608751524,3.7183300009928644,2061.017070998787,5761.020891364902
1783511825,25,,Aggregated,11.500000,0.000000,9,15,21,37,59,87,180,1700,2100,2100,2100,1444,0,9,52.33740263031292,3.7183300009928644,2061.017070998787,5778.062326869806
1783511826,25,,Aggregated,11.700000,0.000000,9,15,20,37,59,87,180,1700,2100,2100,2100,1458,0,9,51.98124701317143,3.7183300009928644,2061.017070998787,5781.838134430727
1783511827,25,,Aggregated,11.600000,0.000000,9,15,20,37,58,87,180,1700,2100,2100,2100,1470,0,9,51.640987211015144,3.7183300009928644,2061.017070998787,5817.495238095238
1783511828,25,,Aggregated,11.100000,0.000000,9,15,20,36,58,86,180,1700,2100,2100,2100,1482,0,9,51.33376924776701,3.7183300009928644,2061.017070998787,5866.081646423751
1783511829,25,,Aggregated,11.800000,0.000000,9,15,20,36,58,86,180,1700,2100,2100,2100,1491,0,9,51.119482667469725,3.7183300009928644,2061.017070998787,5861.493628437291
1783511830,25,,Aggregated,11.900000,0.000000,9,15,20,36,58,86,170,1700,2100,2100,2100,1505,0,9,50.7469169881471,3.7183300009928644,2061.017070998787,5861.55415282392
1783511831,25,,Aggregated,11.600000,0.000000,9,15,19,35,58,86,170,1700,2100,2100,2100,1517,0,9,50.47036773774125,3.7183300009928644,2061.017070998787,5868.771918259723
1783511832,25,,Aggregated,11.500000,0.000000,9,15,19,35,58,85,170,1700,2100,2100,2100,1524,0,9,50.30746393579951,3.7183300009928644,2061.017070998787,5870.334645669292
1783511833,25,,Aggregated,11.800000,0.000000,9,15,19,35,58,85,170,1700,2100,2100,2100,1535,0,9,50.007074841130176,3.7183300009928644,2061.017070998787,5864.171335504886
1783511834,25,,Aggregated,11.400000,0.000000,9,15,19,35,57,84,170,1700,2100,2100,2100,1551,0,9,49.68847958744646,3.7183300009928644,2061.017070998787,5865.581560283688
1783511835,25,,Aggregated,11.600000,0.000000,9,15,19,35,57,81,170,1700,2100,2100,2100,1561,0,9,49.45645839214218,3.7183300009928644,2061.017070998787,5838.907751441384
1783511836,25,,Aggregated,11.600000,0.000000,9,15,19,35,57,81,170,1700,2100,2100,2100,1568,0,9,49.27408264677292,3.7183300009928644,2061.017070998787,5836.762117346939
1783511837,25,,Aggregated,11.600000,0.000000,9,15,19,35,57,81,170,1700,2100,2100,2100,1586,0,9,48.883079411183026,3.5462610103422776,2061.017070998787,5822.773013871374
1783511838,25,,Aggregated,11.900000,0.000000,9,15,19,35,57,81,170,1700,2100,2100,2100,1595,0,9,48.74489648597166,3.5462610103422776,2061.017070998787,5810.015673981191
1783511839,25,,Aggregated,11.700000,0.000000,9,15,19,35,57,81,160,1700,2100,2100,2100,1604,0,9,48.54134879372706,3.5462610103422776,2061.017070998787,5800.15897755611
1783511840,25,,Aggregated,11.200000,0.000000,9,15,19,35,56,81,160,1700,2100,2100,2100,1619,0,9,48.209117203905585,3.5462610103422776,2061.017070998787,5823.6899320568255
1783511841,25,,Aggregated,11.300000,0.000000,9,14,19,35,56,80,160,1700,2100,2100,2100,1626,0,9,48.03265518395587,3.5462610103422776,2061.017070998787,5813.659901599016
1783511842,25,,Aggregated,11.100000,0.000000,9,15,19,35,56,80,160,1700,2100,2100,2100,1640,0,9,47.764165028106284,3.5462610103422776,2061.017070998787,5842.598170731707
1783511843,25,,Aggregated,11.000000,0.000000,9,15,19,34,56,80,160,1700,2100,2100,2100,1648,0,9,47.59800594361983,3.5462610103422776,2061.017070998787,5830.648058252427
1783511844,25,,Aggregated,11.300000,0.000000,9,15,19,34,55,80,160,1700,2100,2100,2100,1661,0,9,47.37979577367728,3.5462610103422776,2061.017070998787,5822.110776640578
1783511845,25,,Aggregated,11.200000,0.000000,9,15,19,35,55,80,160,1700,2100,2100,2100,1669,0,9,47.260406901204064,3.5462610103422776,2061.017070998787,5802.186938286399
1783511846,25,,Aggregated,11.200000,0.000000,9,14,18,34,55,78,160,1700,2100,2100,2100,1682,0,9,46.955161469741924,3.5462610103422776,2061.017070998787,5792.103448275862
1783511847,25,,Aggregated,10.700000,0.000000,9,14,18,34,55,80,160,1700,2100,2100,2100,1695,0,9,46.79999103133325,3.5462610103422776,2061.017070998787,5793.530973451328
1783511848,25,,Aggregated,11.300000,0.000000,9,14,18,34,55,80,160,1700,2100,2100,2100,1704,0,9,46.647451304060795,3.5462610103422776,2061.017070998787,5816.99530516432
1783511849,25,,Aggregated,11.100000,0.000000,9,14,18,34,55,80,160,1700,2100,2100,2100,1715,0,9,46.429198369761906,3.5462610103422776,2061.017070998787,5851.604081632653
1783511850,25,,Aggregated,10.800000,0.000000,9,15,18,34,55,78,160,1700,2100,2100,2100,1728,0,9,46.19118607358899,3.5462610103422776,2061.017070998787,5849.858217592592
1783511851,25,,Aggregated,11.100000,0.000000,9,15,18,34,54,78,160,1700,2100,2100,2100,1735,0,9,46.06841540988837,3.5462610103422776,2061.017070998787,5844.427665706052
1783511852,25,,Aggregated,11.100000,0.000000,9,15,18,33,54,78,160,1700,2100,2100,2100,1746,0,9,45.88116699035126,3.5462610103422776,2061.017070998787,5854.564146620848
1783511853,25,,Aggregated,10.800000,0.000000,9,15,18,34,54,78,150,1700,2100,2100,2100,1763,0,9,45.688156747109375,3.5462610103422776,2061.017070998787,5830.179239931934
1783511854,25,,Aggregated,10.800000,0.000000,9,15,18,34,55,80,150,1700,2100,2100,2100,1770,0,9,45.628168174658576,3.5462610103422776,2061.017070998787,5832.282485875706
1783511855,25,,Aggregated,11.300000,0.000000,9,15,18,33,54,78,150,1700,2100,2100,2100,1786,0,9,45.31857540490165,3.5462610103422776,2061.017070998787,5820.46640537514
1783511856,25,,Aggregated,10.800000,0.000000,9,14,18,33,54,78,150,1700,2100,2100,2100,1792,0,9,45.1959407595593,3.5462610103422776,2061.017070998787,5825.551897321428
1783511857,25,,Aggregated,11.400000,0.000000,9,15,18,33,54,78,150,1700,2100,2100,2100,1807,0,9,45.010032031064895,3.5462610103422776,2061.017070998787,5852.7692307692305
1783511858,25,,Aggregated,11.000000,0.000000,9,15,18,33,54,78,150,1700,2100,2100,2100,1818,0,9,44.795085893932956,3.5462610103422776,2061.017070998787,5874.473597359736
1783511859,25,,Aggregated,10.600000,0.000000,9,14,18,32,54,78,150,1700,2100,2100,2100,1832,0,9,44.51036955359634,3.5462610103422776,2061.017070998787,5869.286572052401
1783511860,25,,Aggregated,11.500000,0.000000,9,14,18,32,54,78,150,1700,2100,2100,2100,1840,0,9,44.36416819139792,3.5462610103422776,2061.017070998787,5854.109782608695
1783511861,25,,Aggregated,11.600000,0.000000,9,14,18,32,53,78,150,1700,2100,2100,2100,1853,0,9,44.14496725157551,3.5462610103422776,2061.017070998787,5843.107393416082
1783511862,25,,Aggregated,11.400000,0.000000,9,14,18,31,53,78,150,1700,2100,2100,2100,1867,0,9,43.915397889219875,3.5462610103422776,2061.017070998787,5856.436529191215
1783511863,25,,Aggregated,11.500000,0.000000,9,14,18,31,53,78,150,1700,2100,2100,2100,1873,0,9,43.827244968604035,3.5462610103422776,2061.017070998787,5865.866524292579
1783511864,25,,Aggregated,11.900000,0.000000,9,14,17,30,53,78,150,1700,2100,2100,2100,1887,0,9,43.57894456341351,3.5462610103422776,2061.017070998787,5868.041865394806
1783511865,25,,Aggregated,11.400000,0.000000,8,14,17,30,53,78,150,1700,2100,2100,2100,1897,0,8,43.42880790466067,3.5462610103422776,2061.017070998787,5854.131787032156
1783511866,25,,Aggregated,11.500000,0.000000,8,14,17,30,52,78,150,1700,2100,2100,2100,1907,0,8,43.25812495601632,3.5462610103422776,2061.017070998787,5863.515993707394
1783511867,25,,Aggregated,11.200000,0.000000,8,14,17,30,52,78,150,1700,2100,2100,2100,1918,0,8,43.07200250058352,3.5462610103422776,2061.017070998787,5861.435870698644
1783511868,25,,Aggregated,11.200000,0.000000,9,14,17,30,52,78,150,1700,2100,2100,2100,1930,0,8,42.91382260629491,3.5462610103422776,2061.017070998787,5859.40207253886
1783511869,25,,Aggregated,11.500000,0.000000,8,14,17,30,52,77,150,1700,2100,2100,2100,1944,0,8,42.6886733364829,3.5462610103422776,2061.017070998787,5861.206790123457
1783511870,25,,Aggregated,10.800000,0.000000,8,14,17,30,52,77,130,1700,2100,2100,2100,1951,0,8,42.611856983151974,3.5462610103422776,2061.017070998787,5856.288569964121
1783511871,25,,Aggregated,10.700000,0.000000,8,14,17,29,52,77,130,1700,2100,2100,2100,1962,0,8,42.430666221772576,3.5462610103422776,2061.017070998787,5855.114169215087
1783511872,25,,Aggregated,11.200000,0.000000,9,14,17,29,52,77,130,1700,2100,2100,2100,1975,0,9,42.263292297779856,3.5462610103422776,2061.017070998787,5877.79493670886
1783511873,25,,Aggregated,11.000000,0.000000,9,14,17,29,52,77,130,1700,2100,2100,2100,1987,0,9,42.115731710696615,3.5462610103422776,2061.017070998787,5883.061399094112
1783511874,25,,Aggregated,11.000000,0.000000,9,14,17,29,52,77,130,1700,2100,2100,2100,1998,0,9,41.997133964541064,3.5462610103422776,2061.017070998787,5872.15965965966
1783511875,25,,Aggregated,11.100000,0.000000,9,14,17,29,52,77,130,1700,2100,2100,2100,2010,0,8,41.81916513889293,3.5462610103422776,2061.017070998787,5882.92039800995
1783511876,25,,Aggregated,11.500000,0.000000,8,14,17,29,52,76,130,1700,2100,2100,2100,2023,0,8,41.64808101539501,3.5462610103422776,2061.017070998787,5888.568462679189
1783511877,25,,Aggregated,11.300000,0.000000,8,14,17,28,52,76,130,1700,2100,2100,2100,2034,0,8,41.48976277736307,3.5462610103422776,2061.017070998787,5881.156833824975
1783511878,25,,Aggregated,11.400000,0.000000,8,14,17,28,51,75,130,1700,2100,2100,2100,2044,0,8,41.357172648814554,3.5462610103422776,2061.017070998787,5869.245596868885
1783511879,25,,Aggregated,11.400000,0.000000,8,14,17,27,51,75,130,1700,2100,2100,2100,2055,0,8,41.18265841176638,3.5462610103422776,2061.017070998787,5864.685644768856
1783511880,25,,Aggregated,12.000000,0.000000,8,14,17,27,51,75,130,1700,2100,2100,2100,2065,0,8,41.04307756425061,3.5462610103422776,2061.017070998787,5888.521065375303
1783511881,25,,Aggregated,11.400000,0.000000,8,14,17,27,51,75,130,1700,2100,2100,2100,2078,0,8,40.895083770055905,3.5462610103422776,2061.017070998787,5897.733397497594
1783511882,25,,Aggregated,11.200000,0.000000,8,14,17,27,51,75,130,1700,2100,2100,2100,2088,0,8,40.765189761102725,3.5462610103422776,2061.017070998787,5880.157088122605
1783511883,25,,Aggregated,11.800000,0.000000,8,14,17,27,51,75,130,1700,2100,2100,2100,2099,0,8,40.61203045648675,3.5462610103422776,2061.017070998787,5874.231538828013
1783511884,25,,Aggregated,11.200000,0.000000,8,14,17,27,51,75,130,1700,2100,2100,2100,2119,0,8,40.418432427154556,3.5462610103422776,2061.017070998787,5880.671543180746
1783511885,25,,Aggregated,11.100000,0.000000,8,14,17,26,51,75,130,1700,2100,2100,2100,2128,0,8,40.29531874067815,3.5462610103422776,2061.017070998787,5883.671052631579
1783511886,25,,Aggregated,11.100000,0.000000,8,14,17,26,51,75,130,1700,2100,2100,2100,2136,0,8,40.17518422057882,3.5462610103422776,2061.017070998787,5879.674625468165
1783511887,25,,Aggregated,12.000000,0.000000,8,14,17,25,51,75,120,1700,2100,2100,2100,2151,0,8,39.96663931900769,3.5462610103422776,2061.017070998787,5873.632264063226
1783511888,25,,Aggregated,11.600000,0.000000,8,14,17,25,51,74,120,1700,2100,2100,2100,2161,0,8,39.82415119489769,3.5462610103422776,2061.017070998787,5868.8190652475705
1783511889,25,,Aggregated,11.500000,0.000000,8,14,17,25,51,74,120,1700,2100,2100,2100,2172,0,8,39.691651593076124,3.5462610103422776,2061.017070998787,5883.277163904236
1783511890,25,,Aggregated,11.300000,0.000000,8,14,17,25,51,73,120,1700,2100,2100,2100,2184,0,8,39.55300798130311,3.5462610103422776,2061.017070998787,5871.818681318681
1783511891,25,,Aggregated,11.400000,0.000000,8,14,17,25,51,73,120,1700,2100,2100,2100,2192,0,8,39.50534295446053,3.5462610103422776,2061.017070998787,5862.381386861314
1783511892,25,,Aggregated,11.700000,0.000000,8,14,17,25,51,73,120,1700,2100,2100,2100,2206,0,8,39.35494631920978,3.5462610103422776,2061.017070998787,5861.021305530372
1783511893,25,,Aggregated,11.100000,0.000000,8,14,16,25,51,73,120,1700,2100,2100,2100,2219,0,8,39.18884942099161,3.5462610103422776,2061.017070998787,5854.03424966201
1783511894,25,,Aggregated,12.000000,0.000000,8,14,16,24,51,73,120,1700,2100,2100,2100,2229,0,8,39.05392777037718,3.5462610103422776,2061.017070998787,5860.33692238672
1783511895,25,,Aggregated,12.000000,0.000000,8,14,16,23,51,73,120,1700,2100,2100,2100,2241,0,8,38.915718635069894,3.5462610103422776,2061.017070998787,5871.203480589023
1783511896,25,,Aggregated,11.600000,0.000000,8,14,16,24,51,73,120,1700,2100,2100,2100,2249,0,8,38.871611183278986,3.5462610103422776,2061.017070998787,5870.071587372166
1783511897,25,,Aggregated,10.700000,0.000000,8,14,16,23,51,73,120,1700,2100,2100,2100,2265,0,8,38.67553493783991,3.5462610103422776,2061.017070998787,5858.789845474614
1783511898,25,,Aggregated,11.200000,0.000000,8,14,16,23,51,73,120,1700,2100,2100,2100,2273,0,8,38.60144589450829,3.5462610103422776,2061.017070998787,5868.452265728112
1783511899,25,,Aggregated,11.300000,0.000000,8,14,16,24,51,73,120,1700,2100,2100,2100,2284,0,8,38.52742085867499,3.5462610103422776,2061.017070998787,5871.502189141856
1783511900,25,,Aggregated,11.700000,0.000000,8,14,16,24,51,73,120,1700,2100,2100,2100,2295,0,8,38.40592933342765,3.5462610103422776,2061.017070998787,5869.936383442266
1783511901,25,,Aggregated,11.200000,0.000000,8,14,16,23,51,72,120,1600,2100,2100,2100,2307,0,8,38.28620733084042,3.5462610103422776,2061.017070998787,5869.764195925444
1783511902,25,,Aggregated,11.200000,0.000000,8,14,16,23,51,72,120,1600,2100,2100,2100,2319,0,8,38.13597504925917,3.5462610103422776,2061.017070998787,5869.9965502371715
1783511903,25,,Aggregated,11.200000,0.000000,8,14,16,23,51,72,120,1600,2100,2100,2100,2330,0,8,38.018426824138245,3.5462610103422776,2061.017070998787,5877.378111587983
1783511904,25,,Aggregated,11.000000,0.000000,8,14,16,23,50,72,120,1600,2100,2100,2100,2342,0,8,37.92421118497507,3.5462610103422776,2061.017070998787,5856.821520068318
1783511905,25,,Aggregated,10.800000,0.000000,8,14,16,23,50,72,120,1600,2100,2100,2100,2352,0,8,37.794747816845295,3.5462610103422776,2061.017070998787,5854.7040816326535
1783511906,25,,Aggregated,11.400000,0.000000,8,14,16,23,50,72,120,1600,2100,2100,2100,2366,0,8,37.640651199992355,3.5462610103422776,2061.017070998787,5840.252747252747
1783511907,25,,Aggregated,11.300000,0.000000,8,14,16,23,50,72,120,1600,2100,2100,2100,2378,0,8,37.503317849107894,3.5462610103422776,2061.017070998787,5832.63330529857
1783511908,25,,Aggregated,11.400000,0.000000,8,14,16,23,50,71,120,1600,2100,2100,2100,2386,0,8,37.399077504269584,3.5462610103422776,2061.017070998787,5829.664710813076
1783511909,25,,Aggregated,11.400000,0.000000,8,14,16,23,50,71,120,1600,2100,2100,2100,2395,0,8,37.3305274673061,3.5462610103422776,2061.017070998787,5831.327348643006
1783511910,25,,Aggregated,10.700000,0.000000,8,14,16,23,50,70,120,1500,2100,2100,2100,2412,0,8,37.1817099424471,3.5462610103422776,2061.017070998787,5824.439469320067
1783511911,25,,Aggregated,11.500000,0.000000,8,14,16,23,50,70,120,1500,2100,2100,2100,2421,0,8,37.080089968277385,3.5462610103422776,2061.017070998787,5823.653035935564
1783511912,25,,Aggregated,11.500000,0.000000,8,14,16,22,50,70,120,1500,2100,2100,2100,2432,0,8,36.95493572540368,3.5462610103422776,2061.017070998787,5835.469572368421
1783511913,25,,Aggregated,11.800000,0.000000,8,14,16,22,50,70,120,1500,2100,2100,2100,2441,0,8,36.850208125030164,3.5462610103422776,2061.017070998787,5837.267103646047
1783511914,25,,Aggregated,11.100000,0.000000,8,14,16,22,50,70,120,1500,2100,2100,2100,2455,0,8,36.73006677237228,3.5462610103422776,2061.017070998787,5826.329531568228
1783511915,25,,Aggregated,11.300000,0.000000,8,14,16,22,50,70,120,1500,2100,2100,2100,2466,0,8,36.60699846641261,3.5462610103422776,2061.017070998787,5832.175182481752
1783511916,25,,Aggregated,11.300000,0.000000,8,14,16,22,50,70,120,1500,2100,2100,2100,2481,0,8,36.474463036750265,3.5462610103422776,2061.017070998787,5810.569931479242
1783511917,25,,Aggregated,11.200000,0.000000,8,13,16,22,50,70,120,1500,2100,2100,2100,2491,0,8,36.372033670088825,3.5462610103422776,2061.017070998787,5808.6053793657165
1783511918,25,,Aggregated,11.500000,0.000000,8,13,16,22,50,70,120,1500,2100,2100,2100,2500,0,8,36.28176496488159,3.5462610103422776,2061.017070998787,5803.4804
1783511919,25,,Aggregated,11.300000,0.000000,8,13,16,22,50,70,120,200,2100,2100,2100,2514,0,8,36.148826087186755,3.5462610103422776,2061.017070998787,5810.9717581543355
1783511920,25,,Aggregated,11.300000,0.000000,8,13,16,21,50,70,120,200,2100,2100,2100,2528,0,8,36.00866420379422,3.5462610103422776,2061.017070998787,5801.036392405063
1783511921,25,,Aggregated,11.100000,0.000000,8,13,16,21,50,70,120,200,2100,2100,2100,2538,0,8,35.90361174396154,3.5462610103422776,2061.017070998787,5804.864460204885
1783511922,25,,Aggregated,11.100000,0.000000,8,13,16,21,50,69,120,200,2100,2100,2100,2552,0,8,35.79329502475199,3.5462610103422776,2061.017070998787,5820.209639498433
1783511923,25,,Aggregated,11.500000,0.000000,8,13,16,21,50,69,120,200,2100,2100,2100,2562,0,8,35.7084383681329,3.5462610103422776,2061.017070998787,5817.334113973458
1783511924,25,,Aggregated,12.000000,0.000000,8,13,16,21,50,69,120,200,2100,2100,2100,2574,0,8,35.60442605678695,3.5462610103422776,2061.017070998787,5815.483682983683
1783511925,25,,Aggregated,12.100000,0.000000,8,13,16,21,50,69,120,200,2100,2100,2100,2586,0,8,35.519954161698905,3.5462610103422776,2061.017070998787,5828.264887857696
1783511926,25,,Aggregated,11.500000,0.000000,8,13,16,21,49,69,120,200,2100,2100,2100,2594,0,8,35.44854957523708,3.5462610103422776,2061.017070998787,5820.124518118736
1783511927,25,,Aggregated,11.900000,0.000000,8,13,16,21,49,68,110,190,2100,2100,2100,2606,0,8,35.39827421494807,3.5462610103422776,2061.017070998787,5812.848042977744
1783511928,25,,Aggregated,11.600000,0.000000,8,13,16,21,49,68,110,190,2100,2100,2100,2616,0,8,35.31536317589373,3.5462610103422776,2061.017070998787,5816.448394495413
1783511929,25,,Aggregated,11.600000,0.000000,8,13,16,21,49,68,110,190,2100,2100,2100,2627,0,8,35.24121271570673,3.5462610103422776,2061.017070998787,5826.614769699277
1783511930,25,,Aggregated,11.700000,0.000000,8,13,16,21,49,68,110,190,2100,2100,2100,2639,0,8,35.13356007432959,3.5462610103422776,2061.017070998787,5824.903751420993
1783511931,25,,Aggregated,11.700000,0.000000,8,13,16,21,49,68,110,190,2100,2100,2100,2647,0,8,35.05303398722401,3.5462610103422776,2061.017070998787,5820.756327918398
1783511932,25,,Aggregated,11.400000,0.000000,8,13,16,21,49,68,110,190,2100,2100,2100,2663,0,8,34.89718679353448,3.374756997800432,2061.017070998787,5819.076229815997
1783511933,25,,Aggregated,10.900000,0.000000,8,13,16,21,49,68,110,190,2100,2100,2100,2672,0,8,34.818473107488735,3.374756997800432,2061.017070998787,5825.188997005988
1783511934,25,,Aggregated,10.600000,0.000000,8,13,16,20,49,67,110,190,2100,2100,2100,2683,0,8,34.71473173060742,3.374756997800432,2061.017070998787,5825.036526276556
1783511935,25,,Aggregated,10.900000,0.000000,8,13,16,20,49,68,110,190,2100,2100,2100,2696,0,8,34.637032599484264,3.374756997800432,2061.017070998787,5812.495919881306
1783511936,25,,Aggregated,11.000000,0.000000,8,13,16,21,49,67,110,190,2100,2100,2100,2705,0,8,34.58916513241639,3.374756997800432,2061.017070998787,5813.260998151572
1783511937,25,,Aggregated,11.000000,0.000000,8,13,16,20,49,67,110,190,2100,2100,2100,2718,0,8,34.47633825872867,3.374756997800432,2061.017070998787,5809.420529801325
1783511938,25,,Aggregated,11.000000,0.000000,8,13,16,20,49,67,110,190,2100,2100,2100,2729,0,8,34.40695720566157,3.374756997800432,2061.017070998787,5807.238182484427
1783511939,25,,Aggregated,10.900000,0.000000,8,13,16,20,49,67,110,190,2100,2100,2100,2741,0,8,34.35379722591307,3.374756997800432,2061.017070998787,5801.266326158337
1783511940,25,,Aggregated,11.400000,0.000000,8,13,16,20,49,68,110,190,2100,2100,2100,2753,0,8,34.29027495213333,3.374756997800432,2061.017070998787,5793.623683254631
1783511941,25,,Aggregated,11.200000,0.000000,8,13,16,20,49,68,110,190,2100,2100,2100,2766,0,8,34.221849592266594,3.374756997800432,2061.017070998787,5790.001084598698
1783511942,25,,Aggregated,11.300000,0.000000,8,13,16,20,49,68,110,190,2100,2100,2100,2775,0,8,34.17791797159668,3.374756997800432,2061.017070998787,5794.66018018018
1783511943,25,,Aggregated,11.400000,0.000000,8,13,16,20,49,68,110,190,2100,2100,2100,2783,0,8,34.10495948802644,3.374756997800432,2061.017070998787,5793.882500898311
1783511944,25,,Aggregated,11.700000,0.000000,8,13,16,20,49,68,110,190,2100,2100,2100,2796,0,8,34.027774797985494,3.374756997800432,2061.017070998787,5813.144492131617
1783511945,25,,Aggregated,11.300000,0.000000,8,13,16,20,49,67,110,180,2100,2100,2100,2806,0,8,33.93381787925058,3.374756997800432,2061.017070998787,5819.745901639344
1783511946,25,,Aggregated,11.200000,0.000000,8,13,16,20,49,67,110,180,2100,2100,2100,2820,0,8,33.857134056458385,3.374756997800432,2061.017070998787,5831.990425531915
1783511947,25,,Aggregated,11.400000,0.000000,8,13,16,20,49,67,110,180,2100,2100,2100,2829,0,8,33.8023462669583,3.374756997800432,2061.017070998787,5827.492046659597
1783511948,25,,Aggregated,10.900000,0.000000,8,13,16,20,49,67,110,180,2100,2100,2100,2841,0,8,33.72632652314385,3.374756997800432,2061.017070998787,5837.714889123548
1783511949,25,,Aggregated,11.200000,0.000000,8,13,16,20,49,67,110,180,2100,2100,2100,2852,0,8,33.64589777567851,3.374756997800432,2061.017070998787,5849.2191444600285
1783511950,25,,Aggregated,10.800000,0.000000,8,13,16,20,49,68,110,180,2100,2100,2100,2870,0,8,33.597784015066715,3.374756997800432,2061.017070998787,5847.478048780487
1783511951,25,,Aggregated,11.100000,0.000000,8,13,16,20,49,68,110,180,2100,2100,2100,2874,0,8,33.61237992876005,3.374756997800432,2061.017070998787,5844.416840640222
1783511952,25,,Aggregated,11.300000,0.000000,8,13,16,20,49,68,110,180,2100,2100,2100,2888,0,8,33.51145238098435,3.374756997800432,2061.017070998787,5854.182479224377
1783511953,25,,Aggregated,11.500000,0.000000,8,13,16,20,49,68,110,180,2100,2100,2100,2900,0,8,33.419021411828,3.374756997800432,2061.017070998787,5862.575862068966
1783511954,25,,Aggregated,11.000000,0.000000,8,13,16,20,49,67,110,180,2100,2100,2100,2911,0,8,33.35847714953164,3.374756997800432,2061.017070998787,5878.434215046376
1783511955,25,,Aggregated,11.600000,0.000000,8,13,16,20,49,67,110,180,2100,2100,2100,2925,0,8,33.24634127052696,3.374756997800432,2061.017070998787,5871.11452991453
1783511956,25,,Aggregated,11.600000,0.000000,8,13,16,20,49,67,110,180,2100,2100,2100,2937,0,8,33.19869133377482,3.374756997800432,2061.017070998787,5870.170922710248
1783511957,25,,Aggregated,11.200000,0.000000,8,13,16,20,49,67,110,180,2100,2100,2100,2944,0,8,33.139535718849245,3.374756997800432,2061.017070998787,5867.077785326087
1783511958,25,,Aggregated,11.700000,0.000000,8,13,16,20,49,67,110,180,2100,2100,2100,2955,0,8,33.071545622438194,3.374756997800432,2061.017070998787,5870.164805414552
1783511959,25,,Aggregated,11.700000,0.000000,8,13,16,20,49,67,110,180,2100,2100,2100,2970,0,8,32.97984707821866,3.374756997800432,2061.017070998787,5863.821548821549
1783511960,25,,Aggregated,11.600000,0.000000,8,13,16,20,49,67,110,180,2100,2100,2100,2979,0,8,32.90558827100002,3.374756997800432,2061.017070998787,5868.418261161463
1783511961,25,,Aggregated,11.600000,0.000000,8,13,16,20,49,67,110,180,2100,2100,2100,2992,0,8,32.86092818091475,3.374756997800432,2061.017070998787,5864.894719251337
1783511962,25,,Aggregated,11.700000,0.000000,8,13,16,20,49,66,110,170,2000,2100,2100,3005,0,8,32.757568256005555,3.374756997800432,2061.017070998787,5863.553743760399
1783511963,25,,Aggregated,11.100000,0.000000,8,13,16,20,49,67,110,170,2000,2100,2100,3014,0,8,32.716133566132555,3.374756997800432,2061.017070998787,5855.237889847379
1783511964,25,,Aggregated,11.500000,0.000000,8,13,16,20,49,67,110,180,2000,2100,2100,3025,0,8,32.73418579382383,3.374756997800432,2061.017070998787,5853.723966942149
1783511965,25,,Aggregated,11.400000,0.000000,8,13,16,20,49,67,110,180,2000,2100,2100,3035,0,8,32.68748227456724,3.374756997800432,2061.017070998787,5855.999670510709
1783511966,25,,Aggregated,11.300000,0.000000,8,13,16,20,49,66,110,180,2000,2100,2100,3049,0,8,32.59364492367782,3.374756997800432,2061.017070998787,5861.79862249918
1783511967,25,,Aggregated,11.300000,0.000000,8,13,16,19,49,66,110,180,2000,2100,2100,3058,0,8,32.53300582645887,3.374756997800432,2061.017070998787,5866.980706344016
1783511968,25,,Aggregated,11.100000,0.000000,8,13,16,19,48,66,110,180,2000,2100,2100,3072,0,8,32.435474366963035,3.374756997800432,2061.017070998787,5858.3203125
1783511969,25,,Aggregated,11.300000,0.000000,8,13,16,19,48,66,110,180,2000,2100,2100,3079,0,8,32.389315364503084,3.374756997800432,2061.017070998787,5872.253329002923
1783511970,25,,Aggregated,11.100000,0.000000,8,13,16,19,49,66,110,180,2000,2100,2100,3095,0,8,32.34402062853773,3.374756997800432,2061.017070998787,5862.650403877221
1783511971,25,,Aggregated,11.400000,0.000000,8,13,16,19,48,66,110,170,2000,2100,2100,3105,0,8,32.29123991830672,3.374756997800432,2061.017070998787,5858.723027375201
1783511972,25,,Aggregated,10.800000,0.000000,8,13,16,19,48,66,110,170,2000,2100,2100,3118,0,8,32.24837237408358,3.374756997800432,2061.017070998787,5853.517639512508
1783511973,25,,Aggregated,11.400000,0.000000,8,13,16,20,48,66,110,170,2000,2100,2100,3130,0,8,32.19317986401443,3.374756997800432,2061.017070998787,5852.71054313099
1783511974,25,,Aggregated,11.300000,0.000000,8,13,16,19,48,66,110,170,2000,2100,2100,3137,0,8,32.137448547140345,3.374756997800432,2061.017070998787,5851.005737966209
1783511975,25,,Aggregated,11.300000,0.000000,8,13,16,19,48,66,110,170,2000,2100,2100,3151,0,8,32.04686407057591,3.374756997800432,2061.017070998787,5850.025071405903
1783511976,25,,Aggregated,11.500000,0.000000,8,13,16,19,48,66,110,170,2000,2100,2100,3159,0,8,32.03294358164394,3.374756997800432,2061.017070998787,5849.336815447927
1783511977,25,,Aggregated,11.600000,0.000000,8,13,16,19,48,66,110,170,2000,2100,2100,3167,0,8,31.972552250209038,3.374756997800432,2061.017070998787,5845.804231133565
1783511978,25,,Aggregated,11.500000,0.000000,8,13,16,19,48,65,110,170,2000,2100,2100,3182,0,8,31.876632455491972,3.374756997800432,2061.017070998787,5840.475172847266
1783511979,25,,Aggregated,11.000000,0.000000,8,13,16,19,48,65,110,170,2000,2100,2100,3195,0,8,31.799760238298088,3.374756997800432,2061.017070998787,5844.615336463224
1783511980,25,,Aggregated,10.900000,0.000000,8,13,16,19,48,65,110,170,2000,2100,2100,3204,0,8,31.750256399613768,3.374756997800432,2061.017070998787,5834.869850187266
1783511981,25,,Aggregated,11.000000,0.000000,8,13,16,19,48,65,110,170,2000,2100,2100,3214,0,8,31.685931667506466,3.374756997800432,2061.017070998787,5828.463596764157
1783511982,25,,Aggregated,11.500000,0.000000,8,13,16,19,48,65,110,170,2000,2100,2100,3228,0,8,31.591915121549626,3.374756997800432,2061.017070998787,5838.102850061958
1783511983,25,,Aggregated,11.000000,0.000000,8,13,16,19,48,65,110,170,2000,2100,2100,3240,0,8,31.51039994701461,3.374756997800432,2061.017070998787,5840.722530864197
1783511984,25,,Aggregated,11.100000,0.000000,8,13,16,19,48,65,110,170,2000,2100,2100,3254,0,8,31.446400102438,3.374756997800432,2061.017070998787,5860.496004917025
1783511985,25,,Aggregated,10.900000,0.000000,8,13,16,19,48,65,110,170,2000,2100,2100,3265,0,8,31.409071171619704,3.374756997800432,2061.017070998787,5851.932006125574
1783511986,25,,Aggregated,11.000000,0.000000,8,13,16,19,48,65,110,170,2000,2100,2100,3272,0,8,31.375291484828555,3.374756997800432,2061.017070998787,5850.433679706602
1783511987,25,,Aggregated,11.400000,0.000000,8,13,16,19,48,64,110,170,2000,2100,2100,3286,0,8,31.3014061388822,3.374756997800432,2061.017070998787,5853.734936092514
1783511988,25,,Aggregated,11.400000,0.000000,8,13,16,19,48,64,110,170,2000,2100,2100,3299,0,8,31.223551852489873,3.374756997800432,2061.017070998787,5853.293725371324
1783511989,25,,Aggregated,11.200000,0.000000,8,13,16,19,48,64,100,160,2000,2100,2100,3308,0,8,31.171817057242713,3.374756997800432,2061.017070998787,5857.881801692865
1783511990,25,,Aggregated,11.900000,0.000000,8,13,16,19,48,64,100,160,2000,2100,2100,3318,0,8,31.101841544716486,3.374756997800432,2061.017070998787,5861.355937311633
1783511991,25,,Aggregated,11.700000,0.000000,8,13,16,19,48,64,100,160,2000,2100,2100,3331,0,8,31.065388798977164,3.374756997800432,2061.017070998787,5862.502251576103
1783511992,25,,Aggregated,11.300000,0.000000,8,13,16,19,48,64,100,160,2000,2100,2100,3341,0,8,31.028925980362455,3.374756997800432,2061.017070998787,5850.819814426818
1783511994,25,,Aggregated,11.300000,0.000000,8,13,16,19,48,64,100,160,2000,2100,2100,3353,0,8,30.959414858165477,3.374756997800432,2061.017070998787,5840.872651356994
1783511995,25,,Aggregated,11.600000,0.000000,8,13,16,19,48,64,100,160,2000,2100,2100,3368,0,8,30.903884892042498,3.374756997800432,2061.017070998787,5838.03770783848
1783511996,25,,Aggregated,11.200000,0.000000,8,13,16,19,48,64,100,160,2000,2100,2100,3379,0,8,30.84416993885828,3.374756997800432,2061.017070998787,5839.862385321101
1783511997,25,,Aggregated,11.300000,0.000000,8,13,16,19,48,64,100,160,2000,2100,2100,3392,0,8,30.788321037261824,3.374756997800432,2061.017070998787,5833.549528301887
1783511998,25,,Aggregated,11.300000,0.000000,8,13,16,19,48,64,100,160,2000,2100,2100,3403,0,8,30.723302008923262,3.374756997800432,2061.017070998787,5835.229797237731
1783511999,25,,Aggregated,11.400000,0.000000,8,13,16,19,48,64,100,160,2000,2100,2100,3420,0,8,30.64094719980613,3.374756997800432,2061.017070998787,5842.0228070175435
1783512000,25,,Aggregated,12.000000,0.000000,8,13,16,19,48,64,100,160,2000,2100,2100,3426,0,8,30.61494067582124,3.374756997800432,2061.017070998787,5839.35610040864
1783512001,25,,Aggregated,11.700000,0.000000,8,13,16,19,48,64,100,160,2000,2100,2100,3437,0,8,30.571158810985832,3.374756997800432,2061.017070998787,5843.377363980216
1783512002,25,,Aggregated,12.100000,0.000000,8,13,16,19,48,64,100,160,2000,2100,2100,3448,0,8,30.497056245754877,3.374756997800432,2061.017070998787,5837.196345707656
1783512003,25,,Aggregated,11.900000,0.000000,8,13,16,19,48,64,100,160,2000,2100,2100,3463,0,8,30.40756766080325,3.374756997800432,2061.017070998787,5838.90181923188
1783512004,25,,Aggregated,11.600000,0.000000,8,13,16,19,48,64,100,160,2000,2100,2100,3473,0,8,30.382437003555733,3.374756997800432,2061.017070998787,5842.9668874172185
1783512005,25,,Aggregated,12.100000,0.000000,8,13,16,19,48,64,100,160,2000,2100,2100,3483,0,8,30.34948321945697,3.374756997800432,2061.017070998787,5839.52540913006
1783512006,25,,Aggregated,12.100000,0.000000,8,13,16,19,48,64,100,160,2000,2100,2100,3495,0,8,30.267781175201517,3.374756997800432,2061.017070998787,5831.865808297568
1783512007,25,,Aggregated,11.900000,0.000000,8,13,16,19,48,63,100,160,2000,2100,2100,3508,0,8,30.1841258184999,3.374756997800432,2061.017070998787,5838.657924743444
1783512008,25,,Aggregated,11.400000,0.000000,8,13,15,19,48,64,100,160,2000,2100,2100,3517,0,8,30.1424743563608,3.374756997800432,2061.017070998787,5828.133636622121
1783512009,25,,Aggregated,11.600000,0.000000,8,13,15,19,48,63,100,160,2000,2100,2100,3527,0,8,30.093453691613718,3.374756997800432,2061.017070998787,5827.198752480862
1783512010,25,,Aggregated,11.400000,0.000000,8,13,15,19,47,63,100,160,2000,2100,2100,3541,0,8,30.02454965020282,3.374756997800432,2061.017070998787,5821.805704603219
1783512011,25,,Aggregated,11.400000,0.000000,8,13,15,19,48,63,100,160,2000,2100,2100,3550,0,8,29.98376730433911,3.374756997800432,2061.017070998787,5824.8518309859155
1783512012,25,,Aggregated,11.400000,0.000000,8,13,15,19,47,63,100,160,2000,2100,2100,3561,0,8,29.942058700469513,3.374756997800432,2061.017070998787,5818.419264251615
1783512013,25,,Aggregated,11.300000,0.000000,8,13,15,19,47,63,100,160,2000,2100,2100,3577,0,8,29.887368815032875,3.374756997800432,2061.017070998787,5824.360357841767
1783512014,25,,Aggregated,11.300000,0.000000,8,13,15,19,47,63,100,160,2000,2100,2100,3585,0,8,29.855670313072565,3.374756997800432,2061.017070998787,5815.247977684798
1783512015,25,,Aggregated,11.200000,0.000000,8,13,15,18,47,63,100,160,2000,2100,2100,3597,0,8,29.795876674550918,3.374756997800432,2061.017070998787,5804.830692243536
1783512016,25,,Aggregated,11.300000,0.000000,8,13,15,19,48,64,100,150,2000,2100,2100,3610,0,8,29.787479397605225,3.374756997800432,2061.017070998787,5800.211634349031
1783512017,25,,Aggregated,11.300000,0.000000,8,13,15,19,48,63,100,150,2000,2100,2100,3624,0,8,29.73507974458084,3.374756997800432,2061.017070998787,5792.772902869757
1783512018,25,,Aggregated,11.400000,0.000000,8,13,15,19,48,63,100,150,2000,2100,2100,3638,0,8,29.65850332967581,3.374756997800432,2061.017070998787,5794.069543705333
1783512019,25,,Aggregated,11.500000,0.000000,8,13,15,19,47,63,100,150,2000,2100,2100,3648,0,8,29.618491362482434,3.374756997800432,2061.017070998787,5802.290021929824
1783512020,25,,Aggregated,11.500000,0.000000,8,13,15,19,48,63,100,150,2000,2100,2100,3658,0,8,29.604618359856005,3.374756997800432,2061.017070998787,5796.7468562055765
1783512021,25,,Aggregated,11.800000,0.000000,8,13,15,19,48,63,100,150,2000,2100,2100,3670,0,8,29.55781890200156,3.374756997800432,2061.017070998787,5791.690190735695
1783512022,25,,Aggregated,11.800000,0.000000,8,13,15,19,47,63,100,150,2000,2100,2100,3679,0,8,29.516471952528267,3.374756997800432,2061.017070998787,5791.736069584126
1783512023,25,,Aggregated,12.000000,0.000000,8,13,15,19,47,63,100,150,2000,2100,2100,3695,0,8,29.45055355489127,3.374756997800432,2061.017070998787,5806.580243572395
1783512024,25,,Aggregated,11.900000,0.000000,8,13,15,18,47,63,100,150,2000,2100,2100,3703,0,8,29.403817282558197,3.374756997800432,2061.017070998787,5808.523899540913
1783512025,25,,Aggregated,11.900000,0.000000,8,13,15,18,47,63,100,150,2000,2100,2100,3715,0,8,29.33692403992702,3.374756997800432,2061.017070998787,5815.48532974428
1783512026,25,,Aggregated,11.700000,0.000000,8,13,15,18,47,63,100,150,2000,2100,2100,3732,0,8,29.268803447300925,3.374756997800432,2061.017070998787,5823.144426580921
1783512027,25,,Aggregated,12.000000,0.000000,8,13,15,18,47,63,100,150,2000,2100,2100,3741,0,8,29.223138982982864,3.374756997800432,2061.017070998787,5816.352312215985
1783512028,25,,Aggregated,12.200000,0.000000,8,13,15,18,47,63,100,150,2000,2100,2100,3755,0,8,29.147797069604852,3.374756997800432,2061.017070998787,5812.267643142477
1783512029,25,,Aggregated,12.200000,0.000000,8,13,15,18,47,63,100,150,2000,2100,2100,3764,0,8,29.104619833517226,3.374756997800432,2061.017070998787,5808.965462274176
1783512030,25,,Aggregated,11.900000,0.000000,8,13,15,18,47,63,100,150,2000,2100,2100,3773,0,8,29.08844620842084,3.374756997800432,2061.017070998787,5809.345878611185
1783512031,25,,Aggregated,11.700000,0.000000,8,13,15,18,47,62,100,150,2000,2100,2100,3786,0,8,29.02643149534533,3.374756997800432,2061.017070998787,5812.259904912837
1783512032,25,,Aggregated,11.400000,0.000000,8,13,15,18,47,63,100,150,2000,2100,2100,3800,0,8,28.981092359846162,3.374756997800432,2061.017070998787,5809.206842105264
1783512033,25,,Aggregated,11.400000,0.000000,8,13,15,18,47,63,99,150,2000,2100,2100,3807,0,8,28.961799610291795,3.374756997800432,2061.017070998787,5811.21329130549
1783512034,25,,Aggregated,11.400000,0.000000,8,13,15,18,47,63,99,150,2000,2100,2100,3818,0,8,28.946607679519484,3.374756997800432,2061.017070998787,5801.026453640649
1783512035,25,,Aggregated,11.200000,0.000000,8,13,15,18,47,63,99,150,2000,2100,2100,3834,0,8,28.8733140165357,3.374756997800432,2061.017070998787,5809.051643192488
1783512036,25,,Aggregated,11.600000,0.000000,8,13,15,18,47,62,99,150,2000,2100,2100,3843,0,8,28.841509092750012,3.374756997800432,2061.017070998787,5802.539942753057
1783512037,25,,Aggregated,11.300000,0.000000,8,13,15,18,47,63,97,150,2000,2100,2100,3855,0,8,28.833887657702807,3.374756997800432,2061.017070998787,5791.271076523994
1783512038,25,,Aggregated,11.000000,0.000000,8,13,15,18,47,63,97,150,2000,2100,2100,3866,0,8,28.779912914487145,3.374756997800432,2061.017070998787,5802.85100879462
1783512039,25,,Aggregated,11.400000,0.000000,8,13,15,18,47,63,97,150,2000,2100,2100,3878,0,8,28.729802285567487,3.374756997800432,2061.017070998787,5811.124806601341
1783512040,25,,Aggregated,10.900000,0.000000,8,13,15,18,47,63,97,150,2000,2100,2100,3888,0,8,28.700371774030966,3.374756997800432,2061.017070998787,5818.495627572016
1783512041,25,,Aggregated,10.900000,0.000000,8,13,15,18,47,63,97,150,2000,2100,2100,3898,0,8,28.67079793135984,3.374756997800432,2061.017070998787,5810.7031811185225
1783512042,25,,Aggregated,11.500000,0.000000,8,13,15,18,47,63,97,150,2000,2100,2100,3912,0,8,28.60290326212534,3.374756997800432,2061.017070998787,5821.761247443763
1783512043,25,,Aggregated,11.400000,0.000000,8,13,15,18,47,62,97,150,2000,2100,2100,3923,0,8,28.573713824474922,3.374756997800432,2061.017070998787,5815.472342594953
1783512044,25,,Aggregated,11.100000,0.000000,8,13,15,18,47,62,97,150,2000,2100,2100,3936,0,8,28.513673899241684,3.374756997800432,2061.017070998787,5812.478150406504
1783512045,25,,Aggregated,11.100000,0.000000,8,13,15,18,47,62,97,150,2000,2100,2100,3945,0,8,28.476005340792817,3.374756997800432,2061.017070998787,5812.249429657794
1783512046,25,,Aggregated,11.600000,0.000000,8,13,15,18,47,63,96,150,2000,2100,2100,3956,0,8,28.48180174580811,3.374756997800432,2061.017070998787,5810.659757330637
1783512047,25,,Aggregated,11.700000,0.000000,8,13,15,18,47,63,96,150,2000,2100,2100,3969,0,8,28.42988768517184,3.374756997800432,2061.017070998787,5808.976820357772
1783512048,25,,Aggregated,11.300000,0.000000,8,13,15,18,47,63,96,150,2000,2100,2100,3980,0,8,28.407645541820653,3.374756997800432,2061.017070998787,5807.586683417086
1783512049,25,,Aggregated,11.200000,0.000000,8,13,15,18,47,63,96,150,2000,2100,2100,3994,0,8,28.377497358660133,3.374756997800432,2061.017070998787,5804.983975963946
1783512050,25,,Aggregated,11.600000,0.000000,8,13,15,18,47,63,96,150,2000,2100,2100,4000,0,8,28.37095542762836,3.374756997800432,2061.017070998787,5802.20925
1783512051,25,,Aggregated,11.600000,0.000000,8,13,15,18,47,63,96,130,2000,2100,2100,4018,0,8,28.30739040406145,3.374756997800432,2061.017070998787,5797.460925833748
1783512052,25,,Aggregated,11.000000,0.000000,8,13,15,18,47,63,96,130,2000,2100,2100,4028,0,8,28.2708773886572,3.374756997800432,2061.017070998787,5791.7365938430985
1783512053,25,,Aggregated,11.600000,0.000000,8,13,15,18,47,63,96,130,2000,2100,2100,4040,0,8,28.23782073725969,3.374756997800432,2061.017070998787,5786.056930693069
1783512054,25,,Aggregated,11.600000,0.000000,8,13,15,18,47,62,96,130,2000,2100,2100,4053,0,8,28.185924787449654,3.374756997800432,2061.017070998787,5782.852208240809
1783512055,25,,Aggregated,11.800000,0.000000,8,13,15,18,47,62,96,130,2000,2100,2100,4063,0,8,28.14566081751609,3.374756997800432,2061.017070998787,5779.648781688407
1783512056,25,,Aggregated,11.700000,0.000000,8,13,15,18,47,62,96,130,2000,2100,2100,4068,0,8,28.121466988097342,3.374756997800432,2061.017070998787,5782.562684365782
1783512057,25,,Aggregated,11.600000,0.000000,8,13,15,18,47,62,96,130,2000,2100,2100,4085,0,8,28.080959845436315,3.374756997800432,2061.017070998787,5788.100367197062
1783512058,25,,Aggregated,11.200000,0.000000,8,13,15,18,47,62,96,130,2000,2100,2100,4094,0,8,28.064085680658117,3.374756997800432,2061.017070998787,5783.221787982413
1783512059,25,,Aggregated,11.400000,0.000000,8,13,15,18,47,62,96,130,2000,2100,2100,4108,0,8,28.032779422497935,3.374756997800432,2061.017070998787,5782.097127555989
1783512060,25,,Aggregated,11.400000,0.000000,8,13,15,18,47,63,96,130,2000,2100,2100,4120,0,8,28.04191071276699,3.374756997800432,2061.017070998787,5777.810436893204
1783512061,25,,Aggregated,11.000000,0.000000,8,13,15,18,47,63,96,130,2000,2100,2100,4130,0,8,27.99463725316769,3.374756997800432,2061.017070998787,5784.23196125908
1783512062,25,,Aggregated,12.100000,0.000000,8,13,15,18,47,62,96,130,2000,2100,2100,4141,0,8,27.968185747303494,3.374756997800432,2061.017070998787,5774.721323351848
1783512063,25,,Aggregated,11.400000,0.000000,8,13,15,18,47,63,96,130,2000,2100,2100,4156,0,8,27.941402043933444,3.374756997800432,2061.017070998787,5779.345765158807
1783512064,25,,Aggregated,11.400000,0.000000,8,13,15,18,47,63,96,130,2000,2100,2100,4166,0,8,27.89677114056401,3.374756997800432,2061.017070998787,5773.089294287086
1783512065,25,,Aggregated,11.500000,0.000000,8,13,15,18,47,63,96,130,2000,2100,2100,4175,0,8,27.865449358704975,3.374756997800432,2061.017070998787,5777.515209580838
1783512066,25,,Aggregated,11.100000,0.000000,8,13,15,18,47,63,96,130,2000,2100,2100,4187,0,8,27.8500604243112,3.374756997800432,2061.017070998787,5766.171960831144
1783512067,25,,Aggregated,10.900000,0.000000,8,13,15,18,47,63,96,130,2000,2100,2100,4205,0,8,27.824024484800418,3.374756997800432,2061.017070998787,5761.21212841855
1783512068,25,,Aggregated,11.800000,0.000000,8,13,15,18,47,63,96,130,2000,2100,2100,4211,0,8,27.795036031960485,3.374756997800432,2061.017070998787,5760.23937307053
1783512069,25,,Aggregated,11.700000,0.000000,8,13,15,18,47,63,96,130,2000,2100,2100,4223,0,8,27.750379670276104,3.374756997800432,2061.017070998787,5760.995027231826
1783512070,25,,Aggregated,11.500000,0.000000,8,13,15,18,47,63,96,130,2000,2100,2100,4234,0,8,27.71548078331967,3.374756997800432,2061.017070998787,5766.494095418045
1783512071,25,,Aggregated,11.600000,0.000000,8,13,15,18,47,63,96,130,2000,2100,2100,4249,0,8,27.64783917782164,3.374756997800432,2061.017070998787,5769.7507648858555
1783512072,25,,Aggregated,11.500000,0.000000,8,13,15,18,47,63,96,130,2000,2100,2100,4259,0,8,27.598841497195693,3.374756997800432,2061.017070998787,5765.17586287861
1783512073,25,,Aggregated,11.500000,0.000000,8,13,15,18,47,63,96,130,2000,2100,2100,4269,0,8,27.583365705442848,3.374756997800432,2061.017070998787,5773.008432888264
1783512074,25,,Aggregated,11.600000,0.000000,8,13,15,18,47,62,96,130,2000,2100,2100,4283,0,8,27.548479722275978,3.374756997800432,2061.017070998787,5772.227410693439
1783512075,25,,Aggregated,11.400000,0.000000,8,13,15,18,47,62,96,130,2000,2100,2100,4291,0,8,27.524030595556003,3.374756997800432,2061.017070998787,5771.477044977861
1783512076,25,,Aggregated,11.600000,0.000000,8,13,15,18,47,63,94,130,2000,2100,2100,4305,0,8,27.510029160629625,3.374756997800432,2061.017070998787,5765.7152148664345
1783512077,25,,Aggregated,12.000000,0.000000,8,13,15,18,47,63,94,130,2000,2100,2100,4320,0,8,27.460603182518955,3.374756997800432,2061.017070998787,5764.985879629629
1783512078,25,,Aggregated,12.000000,0.000000,8,13,15,18,47,62,94,130,2000,2100,2100,4329,0,8,27.423492567216794,3.374756997800432,2061.017070998787,5772.59574959575
1783512079,25,,Aggregated,12.000000,0.000000,8,13,15,18,47,62,94,130,2000,2100,2100,4346,0,8,27.351280545440382,3.374756997800432,2061.017070998787,5788.669811320755
1783512080,25,,Aggregated,11.900000,0.000000,8,13,15,18,47,62,94,130,2000,2100,2100,4361,0,8,27.30451076576213,3.374756997800432,2061.017070998787,5796.072001834442
1783512081,25,,Aggregated,11.800000,0.000000,8,13,15,18,47,62,94,130,2000,2100,2100,4371,0,8,27.269334747309983,3.374756997800432,2061.017070998787,5794.236101578586
1783512082,25,,Aggregated,11.800000,0.000000,8,13,15,18,47,62,94,130,2000,2100,2100,4380,0,8,27.256232611753937,3.374756997800432,2061.017070998787,5789.08105022831
1783512083,25,,Aggregated,11.800000,0.000000,8,13,15,18,47,62,94,130,2000,2100,2100,4395,0,8,27.213247409663868,3.374756997800432,2061.017070998787,5792.401820250285
1783512084,25,,Aggregated,12.000000,0.000000,8,13,15,18,47,62,94,120,2000,2100,2100,4405,0,8,27.171209633245848,3.374756997800432,2061.017070998787,5800.781838819523
1783512085,25,,Aggregated,11.900000,0.000000,8,13,15,18,47,62,94,120,2000,2100,2100,4417,0,8,27.14488599104723,3.374756997800432,2061.017070998787,5788.584333257867
1783512086,25,,Aggregated,11.900000,0.000000,8,13,15,18,47,62,94,120,2000,2100,2100,4426,0,8,27.10463471655486,3.374756997800432,2061.017070998787,5787.6459557162225
1783512087,25,,Aggregated,11.700000,0.000000,8,13,15,18,47,62,94,120,2000,2100,2100,4440,0,8,27.060012853034348,3.374756997800432,2061.017070998787,5778.339639639639
1783512088,25,,Aggregated,11.400000,0.000000,8,13,15,18,47,62,94,120,2000,2100,2100,4450,0,8,27.03367468213278,3.374756997800432,2061.017070998787,5774.262247191011
1783512089,25,,Aggregated,11.600000,0.000000,8,13,15,18,47,61,93,120,2000,2100,2100,4464,0,8,26.974676628458344,3.374756997800432,2061.017070998787,5768.502240143369
1783512090,25,,Aggregated,11.500000,0.000000,8,13,15,18,47,61,93,120,2000,2100,2100,4474,0,8,26.94494858077859,3.374756997800432,2061.017070998787,5760.186857398301
1783512091,25,,Aggregated,11.800000,0.000000,8,13,15,18,47,61,93,120,2000,2100,2100,4486,0,8,26.892565287429647,3.374756997800432,2061.017070998787,5757.205528310299
1783512092,25,,Aggregated,11.500000,0.000000,8,13,15,18,47,61,93,120,2000,2100,2100,4499,0,8,26.83684586495926,3.374756997800432,2061.017070998787,5759.151144698822
1783512093,25,,Aggregated,11.900000,0.000000,8,13,15,18,47,61,93,120,2000,2100,2100,4510,0,8,26.845496157082927,3.374756997800432,2061.017070998787,5755.511529933481
1783512094,25,,Aggregated,11.400000,0.000000,8,13,15,18,47,62,93,120,2000,2100,2100,4522,0,8,26.820368211506366,3.374756997800432,2061.017070998787,5748.924369747899
1783512095,25,,Aggregated,11.500000,0.000000,8,13,15,18,47,62,93,120,2000,2100,2100,4534,0,8,26.78030423851562,3.374756997800432,2061.017070998787,5746.065725628584
1783512096,25,,Aggregated,11.700000,0.000000,8,13,15,18,47,61,93,120,2000,2100,2100,4543,0,8,26.74797457020955,3.374756997800432,2061.017070998787,5740.931983270966
1783512097,25,,Aggregated,11.800000,0.000000,8,12,15,18,47,61,92,120,2000,2100,2100,4552,0,8,26.71735466618499,3.374756997800432,2061.017070998787,5746.871704745167
1783512098,25,,Aggregated,11.700000,0.000000,8,12,15,18,47,61,92,120,2000,2100,2100,4568,0,8,26.6864644585178,3.374756997800432,2061.017070998787,5744.281742556917
1783512099,25,,Aggregated,11.300000,0.000000,8,12,15,18,47,61,92,120,2000,2100,2100,4578,0,8,26.641610317717483,3.374756997800432,2061.017070998787,5736.446701616426
1783512100,25,,Aggregated,11.200000,0.000000,8,12,15,18,47,61,92,120,2000,2100,2100,4590,0,8,26.618153311651806,3.374756997800432,2061.017070998787,5735.041830065359
1783512101,25,,Aggregated,11.400000,0.000000,8,12,15,18,47,61,92,120,2000,2100,2100,4602,0,8,26.57821508767664,3.374756997800432,2061.017070998787,5722.159061277705
1783512102,25,,Aggregated,11.300000,0.000000,8,12,15,18,47,61,92,120,2000,2100,2100,4609,0,8,26.581891161532432,3.374756997800432,2061.017070998787,5715.55955738772
1783512103,25,,Aggregated,11.200000,0.000000,8,12,15,18,47,61,92,120,2000,2100,2100,4624,0,8,26.525732294871368,3.374756997800432,2061.017070998787,5721.6875
1783512104,25,,Aggregated,11.300000,0.000000,8,12,15,18,47,61,92,120,2000,2100,2100,4634,0,8,26.49626927999215,3.374756997800432,2061.017070998787,5723.15904186448
1783512105,25,,Aggregated,11.100000,0.000000,8,12,15,18,47,61,92,120,2000,2100,2100,4643,0,8,26.480138186405632,3.374756997800432,2061.017070998787,5728.728839112643
1783512106,25,,Aggregated,11.100000,0.000000,8,12,15,18,47,61,91,120,2000,2100,2100,4658,0,8,26.414857909081043,3.374756997800432,2061.017070998787,5719.844353799914
1783512107,25,,Aggregated,11.100000,0.000000,8,12,15,18,47,61,91,120,2000,2100,2100,4665,0,8,26.409800886279466,3.374756997800432,2061.017070998787,5716.702250803858
1783512108,25,,Aggregated,11.100000,0.000000,8,12,15,18,47,61,91,120,2000,2100,2100,4679,0,8,26.361538077473146,3.374756997800432,2061.017070998787,5725.9589655909385
1783512109,25,,Aggregated,11.200000,0.000000,8,12,15,18,47,60,91,120,2000,2100,2100,4691,0,8,26.32519924781756,3.374756997800432,2061.017070998787,5716.721807716905
1783512110,25,,Aggregated,11.100000,0.000000,8,12,15,18,47,60,91,120,2000,2100,2100,4697,0,8,26.303376131893906,3.374756997800432,2061.017070998787,5721.424526293379
1783512111,25,,Aggregated,11.200000,0.000000,8,12,15,17,47,60,91,120,2000,2100,2100,4711,0,8,26.274739932603328,3.374756997800432,2061.017070998787,5724.722139673106
1783512112,25,,Aggregated,11.200000,0.000000,8,12,15,17,47,60,91,120,2000,2100,2100,4727,0,8,26.233753586948563,3.374756997800432,2061.017070998787,5723.928284324095
1783512113,25,,Aggregated,10.800000,0.000000,8,12,15,17,47,60,91,120,2000,2100,2100,4735,0,8,26.209075521120734,3.374756997800432,2061.017070998787,5716.387750791974
1783512114,25,,Aggregated,10.900000,0.000000,8,12,15,17,47,60,91,120,2000,2100,2100,4741,0,8,26.20155245022325,3.374756997800432,2061.017070998787,5709.803627926598
1783512115,25,,Aggregated,11.600000,0.000000,8,12,15,17,47,60,91,120,2000,2100,2100,4756,0,8,26.144628988752363,3.374756997800432,2061.017070998787,5716.306139613121
1783512116,25,,Aggregated,11.100000,0.000000,8,12,15,17,47,60,91,120,2000,2100,2100,4765,0,8,26.123859820675992,3.374756997800432,2061.017070998787,5722.233158447009
1783512117,25,,Aggregated,10.600000,0.000000,8,12,15,17,46,60,91,120,2000,2100,2100,4781,0,8,26.072442283320463,3.374756997800432,2061.017070998787,5724.550094122568
1783512118,25,,Aggregated,11.100000,0.000000,8,12,15,17,46,60,91,120,2000,2100,2100,4792,0,8,26.031664359251344,3.374756997800432,2061.017070998787,5730.716819699499
1783512119,25,,Aggregated,10.800000,0.000000,8,12,15,17,46,60,91,120,2000,2100,2100,4805,0,8,26.01252485858725,3.374756997800432,2061.017070998787,5729.123829344433
1783512120,25,,Aggregated,11.600000,0.000000,8,12,15,17,46,60,91,120,2000,2100,2100,4814,0,8,25.992263032718558,3.374756997800432,2061.017070998787,5721.224968840881
1783512121,25,,Aggregated,11.300000,0.000000,8,12,15,18,46,60,91,120,2000,2100,2100,4828,0,8,25.98842348808149,3.374756997800432,2061.017070998787,5717.53314001657
1783512122,25,,Aggregated,11.400000,0.000000,8,12,15,18,46,60,91,120,2000,2100,2100,4838,0,8,25.95256399451469,3.374756997800432,2061.017070998787,5722.144894584539
1783512123,25,,Aggregated,11.400000,0.000000,8,12,15,18,46,60,91,120,2000,2100,2100,4849,0,8,25.94206042617143,3.374756997800432,2061.017070998787,5719.246442565477
1783512124,25,,Aggregated,11.700000,0.000000,8,12,15,17,46,60,91,120,2000,2100,2100,4862,0,8,25.90374914716625,3.374756997800432,2061.017070998787,5720.310777457837
1783512125,25,,Aggregated,11.000000,0.000000,8,12,15,17,46,60,91,120,2000,2100,2100,4873,0,8,25.872890383442734,3.374756997800432,2061.017070998787,5716.169300225733
1783512126,25,,Aggregated,11.400000,0.000000,8,12,15,17,46,60,91,120,2000,2100,2100,4888,0,8,25.857107164183066,3.374756997800432,2061.017070998787,5701.072831423895
1783512127,25,,Aggregated,12.000000,0.000000,8,12,15,17,46,60,91,120,2000,2100,2100,4896,0,8,25.836030623475594,3.374756997800432,2061.017070998787,5693.77410130719
1783512128,25,,Aggregated,11.600000,0.000000,8,12,15,17,46,60,91,120,2000,2100,2100,4907,0,8,25.81547409304185,3.374756997800432,2061.017070998787,5695.67638068066
1783512129,25,,Aggregated,12.200000,0.000000,8,12,15,17,46,60,91,120,2000,2100,2100,4923,0,8,25.757290144739247,3.374756997800432,2061.017070998787,5694.125330083282
1783512131,25,,Aggregated,11.500000,0.000000,8,12,15,17,46,60,91,120,2000,2100,2100,4933,0,8,25.72791770880739,3.374756997800432,2061.017070998787,5694.615041556862
1783512132,25,,Aggregated,11.400000,0.000000,8,12,15,17,46,59,91,120,2000,2100,2100,4946,0,8,25.67785444875412,3.374756997800432,2061.017070998787,5694.512333198544
1783512133,25,,Aggregated,11.800000,0.000000,8,12,15,17,46,59,90,120,2000,2100,2100,4954,0,8,25.650959993048822,3.374756997800432,2061.017070998787,5700.839119903108
1783512134,25,,Aggregated,11.900000,0.000000,8,12,15,17,46,59,90,120,2000,2100,2100,4966,0,8,25.6248573557337,3.374756997800432,2061.017070998787,5696.357430527588
1783512135,25,,Aggregated,11.800000,0.000000,8,12,15,17,46,59,90,120,2000,2100,2100,4977,0,8,25.607982796775044,3.374756997800432,2061.017070998787,5695.437211171388
1783512136,25,,Aggregated,11.600000,0.000000,8,12,15,17,46,59,90,120,2000,2100,2100,4986,0,8,25.585630848284822,3.374756997800432,2061.017070998787,5692.935218612114
1783512137,25,,Aggregated,11.500000,0.000000,8,12,15,17,46,59,90,120,2000,2100,2100,4999,0,8,25.54148216173698,3.374756997800432,2061.017070998787,5698.919783956791
1783512138,25,,Aggregated,11.500000,0.000000,8,12,15,17,46,59,90,120,2000,2100,2100,5007,0,8,25.522668346614807,3.374756997800432,2061.017070998787,5698.293788695826
1783512139,25,,Aggregated,11.300000,0.000000,8,12,15,17,46,59,90,120,2000,2100,2100,5021,0,8,25.479886630664726,3.374756997800432,2061.017070998787,5699.069707229635
1783512140,25,,Aggregated,11.000000,0.000000,8,12,15,17,46,59,90,120,2000,2100,2100,5033,0,8,25.460316394307466,3.374756997800432,2061.017070998787,5699.710709318498
1783512141,25,,Aggregated,11.400000,0.000000,8,12,15,17,46,59,90,120,2000,2100,2100,5044,0,8,25.450464990993396,3.374756997800432,2061.017070998787,5697.833267248216
1783512142,25,,Aggregated,11.400000,0.000000,8,12,15,17,46,59,90,120,2000,2100,2100,5056,0,8,25.428802156169166,3.374756997800432,2061.017070998787,5704.84295886076
1783512143,25,,Aggregated,11.000000,0.000000,8,12,15,17,46,59,90,120,2000,2100,2100,5070,0,8,25.392391324966102,3.374756997800432,2061.017070998787,5708.538067061144
1783512144,25,,Aggregated,11.000000,0.000000,8,12,15,17,46,59,90,120,2000,2100,2100,5083,0,8,25.362841218491496,3.374756997800432,2061.017070998787,5706.172142435569
1783512145,25,,Aggregated,11.000000,0.000000,8,12,15,17,46,59,90,120,2000,2100,2100,5091,0,8,25.34429188736905,3.374756997800432,2061.017070998787,5707.536633274406
1783512146,25,,Aggregated,11.500000,0.000000,8,12,15,17,46,59,90,120,2000,2100,2100,5104,0,8,25.306672587696234,3.374756997800432,2061.017070998787,5714.162421630094
1783512147,25,,Aggregated,11.400000,0.000000,8,12,15,17,46,59,90,120,2000,2100,2100,5117,0,8,25.27259280410243,3.374756997800432,2061.017070998787,5706.885088919289
1783512148,25,,Aggregated,11.700000,0.000000,8,12,15,17,46,59,90,120,2000,2100,2100,5130,0,8,25.245786204015165,3.374756997800432,2061.017070998787,5711.10350877193
1783512149,25,,Aggregated,11.700000,0.000000,8,12,15,17,46,59,90,120,2000,2100,2100,5143,0,8,25.216108372853462,3.374756997800432,2061.017070998787,5712.100913863504
1783512150,25,,Aggregated,12.200000,0.000000,8,12,15,17,46,59,89,120,2000,2100,2100,5153,0,8,25.18126816565185,3.374756997800432,2061.017070998787,5708.589365418203
1783512151,25,,Aggregated,12.200000,0.000000,8,12,15,17,46,59,89,120,2000,2100,2100,5163,0,8,25.17172231020439,3.374756997800432,2061.017070998787,5708.997675769901
1783512152,25,,Aggregated,11.800000,0.000000,8,12,15,17,46,59,89,120,2000,2100,2100,5171,0,8,25.15604465646525,3.374756997800432,2061.017070998787,5714.591568362019
1783512153,25,,Aggregated,11.800000,0.000000,8,12,15,17,46,59,89,120,2000,2100,2100,5185,0,8,25.129259452183923,3.374756997800432,2061.017070998787,5716.243201542912
1783512154,25,,Aggregated,11.800000,0.000000,8,12,15,17,46,59,89,120,2000,2100,2100,5194,0,8,25.11155641193049,3.374756997800432,2061.017070998787,5714.443396226415
1783512155,25,,Aggregated,11.500000,0.000000,8,12,15,17,46,59,89,120,2000,2100,2100,5206,0,8,25.07343065876507,3.374756997800432,2061.017070998787,5716.419900115252
1783512156,25,,Aggregated,11.300000,0.000000,8,12,15,17,46,59,89,120,2000,2100,2100,5219,0,8,25.05296831472805,3.374756997800432,2061.017070998787,5715.052117263844
1783512157,25,,Aggregated,11.300000,0.000000,8,12,15,17,46,59,89,120,2000,2100,2100,5231,0,8,25.018852614139064,3.374756997800432,2061.017070998787,5716.878417128656
1783512158,25,,Aggregated,11.500000,0.000000,8,12,15,17,46,59,89,120,2000,2100,2100,5242,0,8,24.99524050601678,3.374756997800432,2061.017070998787,5716.122281571919
1783512159,25,,Aggregated,11.300000,0.000000,8,12,15,17,46,59,89,120,2000,2100,2100,5251,0,8,24.987171677878592,3.374756997800432,2061.017070998787,5711.54465816035
1783512160,25,,Aggregated,11.000000,0.000000,8,12,15,17,46,59,89,120,2000,2100,2100,5263,0,8,24.961866744349546,3.374756997800432,2061.017070998787,5715.454873646209
1783512161,25,,Aggregated,10.700000,0.000000,8,12,15,17,46,59,89,120,2000,2100,2100,5276,0,8,24.919587990248743,3.374756997800432,2061.017070998787,5709.619219105383
1783512162,25,,Aggregated,10.700000,0.000000,8,12,15,17,46,59,89,120,2000,2100,2100,5287,0,8,24.889581723576036,3.374756997800432,2061.017070998787,5709.8010213731795
1783512163,25,,Aggregated,11.000000,0.000000,8,12,15,17,46,59,89,120,2000,2100,2100,5296,0,8,24.881697539566552,3.374756997800432,2061.017070998787,5705.094033232628
1783512164,25,,Aggregated,11.700000,0.000000,8,12,15,17,46,59,89,120,2000,2100,2100,5314,0,8,24.840981773720813,3.374756997800432,2061.017070998787,5706.085811065111
1783512165,25,,Aggregated,11.200000,0.000000,8,12,15,17,46,59,89,120,2000,2100,2100,5322,0,8,24.829671200211838,3.374756997800432,2061.017070998787,5705.735813603908
1783512166,25,,Aggregated,11.500000,0.000000,8,12,15,17,46,59,89,120,2000,2100,2100,5337,0,8,24.811366507117587,3.374756997800432,2061.017070998787,5704.1913059771405
1783512167,25,,Aggregated,11.600000,0.000000,8,12,15,17,46,59,89,120,2000,2100,2100,5343,0,8,24.792994600692815,3.374756997800432,2061.017070998787,5705.914093206064
1783512168,25,,Aggregated,11.600000,0.000000,8,12,15,17,46,59,89,120,2000,2100,2100,5355,0,8,24.76256457357437,3.374756997800432,2061.017070998787,5706.179271708684
1783512169,25,,Aggregated,11.300000,0.000000,8,12,15,17,46,59,89,120,2000,2100,2100,5368,0,8,24.748895669619873,3.374756997800432,2061.017070998787,5701.563524590164
1783512170,25,,Aggregated,11.600000,0.000000,8,12,15,17,46,59,89,120,2000,2100,2100,5380,0,8,24.745566379096054,3.374756997800432,2061.017070998787,5698.476394052044
1783512171,25,,Aggregated,11.500000,0.000000,8,12,15,17,46,59,89,120,2000,2100,2100,5390,0,8,24.72260678933777,3.374756997800432,2061.017070998787,5697.5962894248605
1783512172,25,,Aggregated,11.700000,0.000000,8,12,15,17,46,59,89,120,2000,2100,2100,5402,0,8,24.70780709376129,3.374756997800432,2061.017070998787,5699.360792299149
1783512173,25,,Aggregated,11.200000,0.000000,8,12,15,17,46,59,89,120,2000,2100,2100,5414,0,8,24.680513876709213,3.374756997800432,2061.017070998787,5695.335057258958
1783512174,25,,Aggregated,11.300000,0.000000,8,12,15,17,46,59,89,120,2000,2100,2100,5424,0,8,24.651878550242394,3.374756997800432,2061.017070998787,5691.924225663717
1783512175,25,,Aggregated,11.500000,0.000000,8,12,15,17,46,59,89,120,2000,2100,2100,5437,0,8,24.629636359661756,3.374756997800432,2061.017070998787,5694.214272576789
1783512176,25,,Aggregated,11.000000,0.000000,8,12,15,17,46,59,89,120,2000,2100,2100,5449,0,8,24.611820889607113,3.374756997800432,2061.017070998787,5687.686364470545
1783512177,25,,Aggregated,11.400000,0.000000,8,12,15,17,46,59,89,120,2000,2100,2100,5458,0,8,24.6080989315653,3.374756997800432,2061.017070998787,5683.8290582631
1783512178,25,,Aggregated,11.300000,0.000000,8,12,15,17,46,59,89,120,2000,2100,2100,5471,0,8,24.592043554279773,3.374756997800432,2061.017070998787,5685.544872966551
1783512179,25,,Aggregated,11.500000,0.000000,8,12,15,17,46,59,89,120,2000,2100,2100,5482,0,8,24.563607996073795,3.374756997800432,2061.017070998787,5687.570229843123
1783512180,25,,Aggregated,11.200000,0.000000,8,12,15,17,46,59,89,120,2000,2100,2100,5494,0,8,24.531810092553716,3.374756997800432,2061.017070998787,5687.017837641063
1783512181,25,,Aggregated,11.200000,0.000000,8,12,15,17,46,59,88,120,2000,2100,2100,5503,0,8,24.514403133104345,3.374756997800432,2061.017070998787,5685.964019625659
1783512182,25,,Aggregated,11.400000,0.000000,8,12,15,17,46,59,88,120,2000,2100,2100,5516,0,8,24.48732719334594,3.374756997800432,2061.017070998787,5692.761965192169
1783512183,25,,Aggregated,11.600000,0.000000,8,12,15,17,46,59,88,120,2000,2100,2100,5526,0,8,24.47695538952217,3.374756997800432,2061.017070998787,5688.365001809627
1783512184,25,,Aggregated,11.500000,0.000000,8,12,15,17,46,59,89,120,2000,2100,2100,5538,0,8,24.461014306695695,3.374756997800432,2061.017070998787,5686.271939328278
1783512185,25,,Aggregated,11.500000,0.000000,8,12,15,17,46,59,88,120,2000,2100,2100,5551,0,8,24.453573423793816,3.374756997800432,2061.017070998787,5695.076202486039
1783512186,25,,Aggregated,11.600000,0.000000,8,12,15,17,46,59,88,120,2000,2100,2100,5562,0,8,24.44593758728486,3.374756997800432,2061.017070998787,5689.356166846458
1783512187,25,,Aggregated,11.700000,0.000000,8,12,15,17,46,59,88,120,2000,2100,2100,5573,0,8,24.416955255602875,3.374756997800432,2061.017070998787,5695.126143908128
1783512188,25,,Aggregated,10.900000,0.000000,8,12,15,17,46,59,88,120,2000,2100,2100,5583,0,8,24.417428129941943,3.374756997800432,2061.017070998787,5696.428801719506
1783512189,25,,Aggregated,11.400000,0.000000,8,12,15,17,46,59,89,120,2000,2100,2100,5594,0,8,24.41215809840316,3.374756997800432,2061.017070998787,5694.982123703969
1783512190,25,,Aggregated,11.100000,0.000000,8,12,15,17,46,59,88,120,2000,2100,2100,5609,0,8,24.398671425824624,3.374756997800432,2061.017070998787,5694.076484221787
1783512191,25,,Aggregated,11.400000,0.000000,8,12,15,17,46,59,88,120,2000,2100,2100,5618,0,8,24.379150255510243,3.374756997800432,2061.017070998787,5696.014773940904
1783512192,25,,Aggregated,11.500000,0.000000,8,12,15,17,46,59,88,120,2000,2100,2100,5630,0,8,24.354186426543386,3.374756997800432,2061.017070998787,5700.498579040853
1783512193,25,,Aggregated,11.200000,0.000000,8,12,15,17,46,59,88,120,2000,2100,2100,5643,0,8,24.330061040480256,3.374756997800432,2061.017070998787,5695.5124933545985
1783512194,25,,Aggregated,11.200000,0.000000,8,12,15,17,46,59,88,120,2000,2100,2100,5655,0,8,24.308384127217444,3.374756997800432,2061.017070998787,5692.181962864722
1783512195,25,,Aggregated,11.700000,0.000000,8,12,15,17,46,59,88,120,2000,2100,2100,5666,0,8,24.281921964944367,3.374756997800432,2061.017070998787,5687.44034592305
1783512196,25,,Aggregated,11.800000,0.000000,8,12,15,17,46,59,88,120,2000,2100,2100,5676,0,8,24.268815738620905,3.374756997800432,2061.017070998787,5693.254404510219
1783512197,25,,Aggregated,11.300000,0.000000,8,12,15,17,46,59,88,120,2000,2100,2100,5692,0,8,24.250943791536532,3.374756997800432,2061.017070998787,5680.073963457484
1783512198,25,,Aggregated,11.800000,0.000000,8,12,15,17,46,59,87,120,2000,2100,2100,5703,0,8,24.226559602396165,3.374756997800432,2061.017070998787,5682.502016482553
1783512199,25,,Aggregated,12.000000,0.000000,8,12,15,17,46,59,87,120,2000,2100,2100,5717,0,8,24.21788446237979,3.374756997800432,2061.017070998787,5689.146580374322
1783512200,25,,Aggregated,12.100000,0.000000,8,12,15,17,46,59,87,120,2000,2100,2100,5727,0,8,24.200814794033597,3.374756997800432,2061.017070998787,5689.23555089925
1783512201,25,,Aggregated,12.300000,0.000000,8,12,15,17,46,59,87,120,2000,2100,2100,5743,0,8,24.170726036642726,3.374756997800432,2061.017070998787,5693.823611352951
1783512202,25,,Aggregated,11.900000,0.000000,8,12,15,17,46,59,87,120,2000,2100,2100,5752,0,8,24.14210234221909,3.374756997800432,2061.017070998787,5687.600139082058
1783512203,25,,Aggregated,12.100000,0.000000,8,12,15,17,46,59,87,120,2000,2100,2100,5767,0,8,24.13186416654469,3.374756997800432,2061.017070998787,5693.475810646783
1783512204,25,,Aggregated,12.100000,0.000000,8,12,15,17,46,59,87,120,2000,2100,2100,5774,0,8,24.11812046163275,3.374756997800432,2061.017070998787,5692.9942847246275
1783512205,25,,Aggregated,12.200000,0.000000,8,12,15,17,46,59,87,120,2000,2100,2100,5787,0,8,24.095363765761046,3.374756997800432,2061.017070998787,5693.041299464317
1783512206,25,,Aggregated,11.800000,0.000000,8,12,15,17,46,59,87,110,2000,2100,2100,5804,0,8,24.0823275991545,3.374756997800432,2061.017070998787,5696.308235699517
1783512207,25,,Aggregated,12.100000,0.000000,8,12,15,17,46,59,87,110,2000,2100,2100,5816,0,8,24.069115741663012,3.374756997800432,2061.017070998787,5700.4477303989
1783512208,25,,Aggregated,12.500000,0.000000,8,12,15,17,46,59,87,110,2000,2100,2100,5824,0,8,24.04800595012263,3.374756997800432,2061.017070998787,5703.8732829670325
1783512209,25,,Aggregated,12.000000,0.000000,8,12,15,17,46,59,87,110,2000,2100,2100,5836,0,8,24.03242579891996,3.374756997800432,2061.017070998787,5708.589273474983
1783512210,25,,Aggregated,12.300000,0.000000,8,12,15,17,46,59,87,110,2000,2100,2100,5849,0,8,24.008633174132697,3.374756997800432,2061.017070998787,5715.068729697384
1783512211,25,,Aggregated,11.800000,0.000000,8,12,15,17,46,59,87,110,2000,2100,2100,5865,0,8,23.980319394793746,3.374756997800432,2061.017070998787,5719.5754475703325
1783512212,25,,Aggregated,11.900000,0.000000,8,12,15,17,46,59,87,110,2000,2100,2100,5870,0,8,23.97698192001246,3.374756997800432,2061.017070998787,5717.835434412265
1783512213,25,,Aggregated,12.500000,0.000000,8,12,15,17,46,59,87,110,2000,2100,2100,5882,0,8,23.94442601367983,3.374756997800432,2061.017070998787,5719.184121047263
1783512214,25,,Aggregated,11.900000,0.000000,8,12,15,17,46,59,87,110,2000,2100,2100,5895,0,8,23.91695224502915,3.374756997800432,2061.017070998787,5722.63647158609
1783512215,25,,Aggregated,11.700000,0.000000,8,12,15,17,46,59,86,110,2000,2100,2100,5910,0,8,23.898112287216186,3.374756997800432,2061.017070998787,5725.588155668359
1783512216,25,,Aggregated,12.000000,0.000000,8,12,15,17,46,59,86,110,2000,2100,2100,5918,0,8,23.883866927584215,3.374756997800432,2061.017070998787,5725.070969922271
1783512217,25,,Aggregated,12.000000,0.000000,8,12,15,17,46,59,86,110,2000,2100,2100,5928,0,8,23.856637825813603,3.374756997800432,2061.017070998787,5727.439271255061
1783512218,25,,Aggregated,11.500000,0.000000,8,12,15,17,45,58,86,110,2000,2100,2100,5942,0,8,23.824946996373953,3.374756997800432,2061.017070998787,5721.8813530797715
1783512219,25,,Aggregated,11.700000,0.000000,8,12,15,17,45,59,86,110,2000,2100,2100,5953,0,8,23.80756765067449,3.374756997800432,2061.017070998787,5730.694103813204
1783512220,25,,Aggregated,11.700000,0.000000,8,12,15,17,45,58,86,110,2000,2100,2100,5966,0,8,23.77718307733994,3.374756997800432,2061.017070998787,5728.9756956084475
1783512221,25,,Aggregated,11.600000,0.000000,8,12,15,17,45,58,86,110,2000,2100,2100,5975,0,8,23.749522068520722,3.374756997800432,2061.017070998787,5725.731715481172
1783512222,25,,Aggregated,11.500000,0.000000,8,12,15,17,45,58,86,110,2000,2100,2100,5984,0,8,23.73067674355244,3.374756997800432,2061.017070998787,5723.957887700535
1783512223,25,,Aggregated,11.100000,0.000000,8,12,15,17,45,58,86,110,2000,2100,2100,5999,0,8,23.705370099589533,3.374756997800432,2061.017070998787,5716.221870311719
1783512224,25,,Aggregated,11.600000,0.000000,8,12,15,17,45,58,86,110,2000,2100,2100,6007,0,8,23.683696073149502,3.374756997800432,2061.017070998787,5714.14549692026
1783512225,25,,Aggregated,11.200000,0.000000,8,12,15,17,45,58,86,110,2000,2100,2100,6021,0,8,23.649669626867183,3.374756997800432,2061.017070998787,5713.695731606045
1783512226,25,,Aggregated,11.100000,0.000000,8,12,15,17,45,58,86,110,2000,2100,2100,6028,0,8,23.63485735457454,3.374756997800432,2061.017070998787,5717.201891174519
1783512227,25,,Aggregated,11.000000,0.000000,8,12,15,17,45,58,86,110,2000,2100,2100,6040,0,8,23.61247438880278,3.374756997800432,2061.017070998787,5710.837086092715
1783512228,25,,Aggregated,11.000000,0.000000,8,12,15,17,45,58,85,110,2000,2100,2100,6052,0,8,23.614434720643256,3.374756997800432,2061.017070998787,5707.654659616655
1783512229,25,,Aggregated,11.000000,0.000000,8,12,15,17,45,58,85,110,2000,2100,2100,6064,0,8,23.609921569319017,3.374756997800432,2061.017070998787,5702.968007915567
1783512230,25,,Aggregated,11.000000,0.000000,8,12,15,17,45,58,85,110,2000,2100,2100,6078,0,8,23.579798545470997,3.374756997800432,2061.017070998787,5703.085718986509
1783512231,25,,Aggregated,11.100000,0.000000,8,12,15,17,45,58,85,110,2000,2100,2100,6086,0,8,23.55794945454283,3.374756997800432,2061.017070998787,5701.751068024975
1783512232,25,,Aggregated,11.100000,0.000000,8,12,15,17,45,58,85,110,2000,2100,2100,6100,0,8,23.546824835464605,3.374756997800432,2061.017070998787,5700.312459016393
1783512233,25,,Aggregated,10.900000,0.000000,8,12,15,17,45,58,85,110,2000,2100,2100,6109,0,8,23.51905293817995,3.374756997800432,2061.017070998787,5696.753969553119
1783512234,25,,Aggregated,11.200000,0.000000,8,12,15,17,45,58,85,110,2000,2100,2100,6122,0,8,23.508252541382227,3.374756997800432,2061.017070998787,5699.231133616465
1783512235,25,,Aggregated,11.600000,0.000000,8,12,15,17,45,58,85,110,2000,2100,2100,6134,0,8,23.486313633413776,3.374756997800432,2061.017070998787,5700.8873492011735
1783512236,25,,Aggregated,11.400000,0.000000,8,12,15,17,45,58,85,110,2000,2100,2100,6145,0,8,23.464215292331144,3.374756997800432,2061.017070998787,5702.359153783564
1783512237,25,,Aggregated,11.700000,0.000000,8,12,15,17,45,58,85,110,2000,2100,2100,6156,0,8,23.441251315200372,3.374756997800432,2061.017070998787,5700.9530539311245
1783512238,25,,Aggregated,11.600000,0.000000,8,12,15,17,45,58,85,110,2000,2100,2100,6166,0,8,23.420760997464868,3.374756997800432,2061.017070998787,5702.702075900097
1783512239,25,,Aggregated,11.400000,0.000000,8,12,15,17,45,58,85,110,2000,2100,2100,6180,0,7,23.38151229406972,3.374756997800432,2061.017070998787,5700.368284789644
1783512240,25,,Aggregated,11.100000,0.000000,8,12,15,17,45,58,85,110,2000,2100,2100,6190,0,8,23.368310987786597,3.374756997800432,2061.017070998787,5707.917770597738
1783512241,25,,Aggregated,11.600000,0.000000,8,12,15,17,45,58,85,110,2000,2100,2100,6199,0,8,23.349870930857268,3.374756997800432,2061.017070998787,5708.57670592031
1783512242,25,,Aggregated,11.700000,0.000000,8,12,15,17,45,58,85,110,2000,2100,2100,6211,0,8,23.32922950658368,3.374756997800432,2061.017070998787,5712.557237159877
1783512243,25,,Aggregated,11.500000,0.000000,7,12,15,17,45,58,85,110,2000,2100,2100,6223,0,7,23.306079751794204,3.374756997800432,2061.017070998787,5714.529165997107
1783512244,25,,Aggregated,11.200000,0.000000,8,12,15,17,45,58,85,110,2000,2100,2100,6234,0,8,23.31598661620773,3.374756997800432,2061.017070998787,5715.801090792429
1783512245,25,,Aggregated,11.300000,0.000000,7,12,15,17,45,58,85,110,2000,2100,2100,6247,0,7,23.284233707773478,3.374756997800432,2061.017070998787,5715.06675204098
1783512246,25,,Aggregated,11.300000,0.000000,7,12,15,17,45,58,85,110,2000,2100,2100,6258,0,7,23.261241542419423,3.374756997800432,2061.017070998787,5715.107062959412
1783512247,25,,Aggregated,10.900000,0.000000,7,12,15,17,45,58,85,110,2000,2100,2100,6268,0,7,23.24433806149547,3.374756997800432,2061.017070998787,5716.1853860880665
1783512248,25,,Aggregated,11.500000,0.000000,7,12,15,17,45,58,85,110,2000,2100,2100,6282,0,7,23.209075611669277,3.374756997800432,2061.017070998787,5713.42088506845
1783512249,25,,Aggregated,11.100000,0.000000,7,12,15,17,45,58,85,110,2000,2100,2100,6294,0,7,23.204023269542656,3.374756997800432,2061.017070998787,5716.75738798856
1783512250,25,,Aggregated,11.700000,0.000000,7,12,15,17,45,58,85,110,2000,2100,2100,6304,0,7,23.19081239046991,3.374756997800432,2061.017070998787,5717.518083756345
1783512251,25,,Aggregated,11.100000,0.000000,7,12,15,17,45,58,85,110,2000,2100,2100,6319,0,7,23.158015943588165,3.374756997800432,2061.017070998787,5727.100648836841
1783512252,25,,Aggregated,11.100000,0.000000,7,12,15,17,45,58,85,110,2000,2100,2100,6325,0,7,23.162002383796647,3.374756997800432,2061.017070998787,5728.176758893281
1783512253,25,,Aggregated,11.600000,0.000000,7,12,15,17,45,58,85,110,2000,2100,2100,6339,0,7,23.13555253754677,3.374756997800432,2061.017070998787,5729.392017668402
1783512254,25,,Aggregated,11.400000,0.000000,7,12,15,17,45,58,85,110,2000,2100,2100,6351,0,7,23.113530069041303,3.374756997800432,2061.017070998787,5731.593607305936
1783512255,25,,Aggregated,10.900000,0.000000,7,12,15,17,45,58,85,110,2000,2100,2100,6358,0,7,23.108454941882226,3.374756997800432,2061.017070998787,5728.97829506134
1783512256,25,,Aggregated,11.600000,0.000000,7,12,15,17,45,58,85,110,2000,2100,2100,6372,0,7,23.099057454090865,3.374756997800432,2061.017070998787,5724.536566227244
1783512257,25,,Aggregated,11.200000,0.000000,7,12,15,17,45,58,85,110,2000,2100,2100,6386,0,7,23.116366077422974,3.374756997800432,2061.017070998787,5727.605543376135
1783512258,25,,Aggregated,11.000000,0.000000,7,12,15,17,45,58,85,110,2000,2100,2100,6397,0,7,23.107628778240613,3.374756997800432,2061.017070998787,5723.060340784743
1783512259,25,,Aggregated,11.700000,0.000000,7,12,15,17,45,58,85,110,2000,2100,2100,6411,0,7,23.0789612363753,3.374756997800432,2061.017070998787,5727.911714241148
1783512260,25,,Aggregated,11.400000,0.000000,7,12,15,17,45,58,85,110,2000,2100,2100,6419,0,7,23.068529918894438,3.374756997800432,2061.017070998787,5732.878641532949
1783512261,25,,Aggregated,12.000000,0.000000,7,12,15,17,45,58,85,110,2000,2100,2100,6432,0,7,23.0389251426287,3.374756997800432,2061.017070998787,5734.168221393034
1783512262,25,,Aggregated,11.900000,0.000000,7,12,15,17,45,58,85,110,2000,2100,2100,6442,0,7,23.018617789255423,3.374756997800432,2061.017070998787,5733.196057125117
1783512263,25,,Aggregated,11.700000,0.000000,7,12,15,17,45,58,85,110,2000,2100,2100,6454,0,7,23.02407398874893,3.374756997800432,2061.017070998787,5735.095134800124
1783512264,25,,Aggregated,11.900000,0.000000,7,12,15,17,45,58,85,110,2000,2100,2100,6464,0,7,23.005840536726364,3.374756997800432,2061.017070998787,5733.765470297029
1783512265,25,,Aggregated,12.100000,0.000000,7,12,15,17,45,58,85,110,2000,2100,2100,6477,0,7,22.985405090686154,3.374756997800432,2061.017070998787,5727.396634244249
1783512266,25,,Aggregated,11.400000,0.000000,7,12,15,17,45,58,85,110,2000,2100,2100,6490,0,7,22.963078115931864,3.374756997800432,2061.017070998787,5727.135439137134
1783512267,25,,Aggregated,11.700000,0.000000,7,12,15,17,45,58,85,110,2000,2100,2100,6505,0,7,22.940543654323683,3.374756997800432,2061.017070998787,5723.868255188317
1783512268,25,,Aggregated,12.000000,0.000000,7,12,15,17,45,58,85,110,2000,2100,2100,6511,0,7,22.925728798550406,3.374756997800432,2061.017070998787,5722.5581323913375
1783512269,25,,Aggregated,11.400000,0.000000,7,12,15,17,45,58,85,110,2000,2100,2100,6523,0,7,22.90366358490536,3.374756997800432,2061.017070998787,5726.144258776637
1783512270,25,,Aggregated,11.600000,0.000000,7,12,15,17,45,58,85,110,2000,2100,2100,6537,0,7,22.88622296654636,3.374756997800432,2061.017070998787,5725.321095303656
1783512271,25,,Aggregated,11.000000,0.000000,7,12,15,17,45,58,85,110,2000,2100,2100,6549,0,7,22.86791751524169,3.374756997800432,2061.017070998787,5719.308596732326
1783512272,25,,Aggregated,11.200000,0.000000,7,12,15,17,45,58,84,110,2000,2100,2100,6560,0,7,22.853021889681614,3.374756997800432,2061.017070998787,5721.709908536585
1783512273,25,,Aggregated,11.500000,0.000000,7,12,15,17,45,57,84,110,2000,2100,2100,6574,0,7,22.8362981915572,3.374756997800432,2061.017070998787,5715.2610282932765
1783512274,25,,Aggregated,11.400000,0.000000,7,12,15,17,45,57,84,110,2000,2100,2100,6585,0,7,22.8233010770386,3.374756997800432,2061.017070998787,5715.163097949886
1783512275,25,,Aggregated,11.200000,0.000000,7,12,15,17,45,58,85,110,2000,2100,2100,6598,0,7,22.82305624557684,3.374756997800432,2061.017070998787,5710.653228250985
1783512276,25,,Aggregated,12.200000,0.000000,7,12,15,17,45,57,84,110,2000,2100,2100,6612,0,7,22.817786751560856,3.374756997800432,2061.017070998787,5713.712038717484
1783512277,25,,Aggregated,11.800000,0.000000,7,12,15,17,45,57,84,110,2000,2100,2100,6624,0,7,22.788316837302748,3.374756997800432,2061.017070998787,5709.000905797101
1783512278,25,,Aggregated,11.700000,0.000000,7,12,15,17,45,57,84,110,2000,2100,2100,6634,0,7,22.767600114607347,3.374756997800432,2061.017070998787,5705.580192945433
1783512279,25,,Aggregated,12.100000,0.000000,7,12,15,17,45,57,85,110,2000,2100,2100,6650,0,7,22.769520882452763,3.374756997800432,2061.017070998787,5707.23022556391
1783512280,25,,Aggregated,12.000000,0.000000,7,12,15,17,45,57,84,110,2000,2100,2100,6657,0,7,22.762211165435765,3.374756997800432,2061.017070998787,5708.587802313355
1783512281,25,,Aggregated,12.400000,0.000000,7,12,15,17,45,57,84,110,2000,2100,2100,6669,0,7,22.7416117596827,3.374756997800432,2061.017070998787,5712.856500224922
1783512282,25,,Aggregated,12.400000,0.000000,7,12,15,17,45,57,84,110,2000,2100,2100,6682,0,7,22.720444011269468,3.374756997800432,2061.017070998787,5712.1872193953905
1783512283,25,,Aggregated,11.700000,0.000000,7,12,15,16,45,57,84,110,2000,2100,2100,6691,0,7,22.700609974640024,3.374756997800432,2061.017070998787,5711.587356150052
1783512284,25,,Aggregated,11.800000,0.000000,7,12,15,16,45,57,84,110,2000,2100,2100,6706,0,7,22.67658884974039,3.374756997800432,2061.017070998787,5708.465254995526
1783512285,25,,Aggregated,12.400000,0.000000,7,12,15,16,45,57,84,110,2000,2100,2100,6715,0,7,22.654132413903593,3.374756997800432,2061.017070998787,5706.96053611318
1783512286,25,,Aggregated,11.500000,0.000000,7,12,15,16,45,57,84,110,2000,2100,2100,6729,0,7,22.626851226839822,3.374756997800432,2061.017070998787,5705.285183533958
1783512287,25,,Aggregated,12.000000,0.000000,7,12,15,16,45,57,84,110,2000,2100,2100,6740,0,7,22.613899311333952,3.374756997800432,2061.017070998787,5702.5342729970325
1783512288,25,,Aggregated,11.800000,0.000000,7,12,15,16,45,57,84,110,2000,2100,2100,6750,0,7,22.592099090428004,3.374756997800432,2061.017070998787,5702.944740740741
1783512289,25,,Aggregated,11.700000,0.000000,7,12,15,16,45,57,84,110,2000,2100,2100,6761,0,7,22.581911935277407,3.374756997800432,2061.017070998787,5700.5108711729035
1783512290,25,,Aggregated,11.400000,0.000000,7,12,15,16,45,57,84,110,2000,2100,2100,6772,0,7,22.572193642114257,3.374756997800432,2061.017070998787,5702.791346721796
1783512291,25,,Aggregated,11.400000,0.000000,7,12,15,16,45,57,84,110,2000,2100,2100,6782,0,7,22.551169484872865,3.374756997800432,2061.017070998787,5704.50073724565
1783512292,25,,Aggregated,11.000000,0.000000,7,12,15,16,45,57,84,110,2000,2100,2100,6795,0,7,22.542202059078292,3.2341689948225394,2061.017070998787,5706.4548933039
1783512293,25,,Aggregated,11.600000,0.000000,7,12,15,16,45,57,84,110,2000,2100,2100,6811,0,7,22.518158415719235,3.2341689948225394,2061.017070998787,5702.315078549405
1783512294,25,,Aggregated,11.400000,0.000000,7,12,15,16,45,57,84,110,2000,2100,2100,6819,0,7,22.510216457760208,3.2341689948225394,2061.017070998787,5704.474263088429
1783512295,25,,Aggregated,11.400000,0.000000,7,12,15,16,45,57,84,110,2000,2100,2100,6829,0,7,22.488945633249223,3.2341689948225394,2061.017070998787,5709.093717967492
1783512296,25,,Aggregated,11.800000,0.000000,7,12,15,16,45,57,84,110,2000,2100,2100,6840,0,7,22.4735101854445,3.2341689948225394,2061.017070998787,5714.970906432749
1783512297,25,,Aggregated,11.500000,0.000000,7,12,15,16,45,57,84,110,2000,2100,2100,6856,0,7,22.479079036238247,3.2341689948225394,2061.017070998787,5710.2421236872815
1783512298,25,,Aggregated,11.300000,0.000000,7,12,15,16,45,57,84,110,2000,2100,2100,6865,0,7,22.46528476758296,3.2341689948225394,2061.017070998787,5707.970866715222
1783512299,25,,Aggregated,11.300000,0.000000,7,12,15,16,45,57,84,110,2000,2100,2100,6876,0,7,22.459181951780877,3.2341689948225394,2061.017070998787,5712.126236183828
1783512300,25,,Aggregated,11.800000,0.000000,7,12,15,16,45,57,84,110,2000,2100,2100,6891,0,7,22.4460552390727,3.2341689948225394,2061.017070998787,5707.674357858075
1783512301,25,,Aggregated,11.200000,0.000000,7,12,15,16,45,57,84,110,2000,2100,2100,6899,0,7,22.43483986439207,3.2341689948225394,2061.017070998787,5703.46847369184
1783512302,25,,Aggregated,11.900000,0.000000,7,12,15,16,45,57,84,110,2000,2100,2100,6912,0,7,22.423329079637604,3.2341689948225394,2061.017070998787,5706.126880787037
1783512303,25,,Aggregated,11.600000,0.000000,7,12,15,16,45,57,84,110,2000,2100,2100,6927,0,7,22.409716598454004,3.2341689948225394,2061.017070998787,5705.232423848708
1783512304,25,,Aggregated,11.700000,0.000000,7,12,15,16,45,57,84,110,2000,2100,2100,6934,0,7,22.39925316577287,3.2341689948225394,2061.017070998787,5703.043841938275
1783512305,25,,Aggregated,11.400000,0.000000,7,12,15,16,45,57,84,110,2000,2100,2100,6943,0,7,22.384984516698054,3.2341689948225394,2061.017070998787,5699.088434394354
1783512306,25,,Aggregated,11.400000,0.000000,7,12,15,16,45,57,84,110,2000,2100,2100,6955,0,7,22.36145737877517,3.2341689948225394,2061.017070998787,5703.929690869878
1783512307,25,,Aggregated,11.500000,0.000000,7,12,15,16,45,57,84,110,2000,2100,2100,6965,0,7,22.35951016445451,3.2341689948225394,2061.017070998787,5705.941134242642
