Timestamp,User Count,Type,Name,Requests/s,Failures/s,50%,66%,75%,80%,90%,95%,98%,99%,99.9%,99.99%,100%,Total Request Count,Total Failure Count,Total Median Response Time,Total Average Response Time,Total Min Response Time,Total Max Response Time,Total Average Content Size
1783515922,0,,Aggregated,0.000000,0.000000,N/A,N/A,N/A,N/A,N/A,N/A,N/A,N/A,N/A,N/A,N/A,0,0,0,0.0,0,0,0
1783515923,50,,Aggregated,0.000000,0.000000,N/A,N/A,N/A,N/A,N/A,N/A,N/A,N/A,N/A,N/A,N/A,0,0,0,0.0,0,0,0
1783515924,100,,Aggregated,0.000000,0.000000,N/A,N/A,N/A,N/A,N/A,N/A,N/A,N/A,N/A,N/A,N/A,0,0,0,0.0,0,0,0
1783515925,150,,Aggregated,0.000000,0.000000,N/A,N/A,N/A,N/A,N/A,N/A,N/A,N/A,N/A,N/A,N/A,0,0,0,0.0,0,0,0
1783515926,200,,Aggregated,0.000000,0.000000,N/A,N/A,N/A,N/A,N/A,N/A,N/A,N/A,N/A,N/A,N/A,0,0,0,0.0,0,0,0
1783515927,250,,Aggregated,0.000000,0.000000,N/A,N/A,N/A,N/A,N/A,N/A,N/A,N/A,N/A,N/A,N/A,0,0,0,0.0,0,0,0
1783515928,300,,Aggregated,0.000000,0.000000,N/A,N/A,N/A,N/A,N/A,N/A,N/A,N/A,N/A,N/A,N/A,0,0,0,0.0,0,0,0
1783515929,350,,Aggregated,0.000000,0.000000,N/A,N/A,N/A,N/A,N/A,N/A,N/A,N/A,N/A,N/A,N/A,0,0,0,0.0,0,0,0
1783515930,400,,Aggregated,0.000000,0.000000,N/A,N/A,N/A,N/A,N/A,N/A,N/A,N/A,N/A,N/A,N/A,0,0,0,0.0,0,0,0
1783515931,450,,Aggregated,0.000000,0.000000,N/A,N/A,N/A,N/A,N/A,N/A,N/A,N/A,N/A,N/A,N/A,0,0,0,0.0,0,0,0
1783515932,500,,Aggregated,0.000000,0.000000,N/A,N/A,N/A,N/A,N/A,N/A,N/A,N/A,N/A,N/A,N/A,0,0,0,0.0,0,0,0
1783515933,550,,Aggregated,0.000000,0.000000,N/A,N/A,N/A,N/A,N/A,N/A,N/A,N/A,N/A,N/A,N/A,0,0,0,0.0,0,0,0
1783515934,600,,Aggregated,0.000000,0.000000,N/A,N/A,N/A,N/A,N/A,N/A,N/A,N/A,N/A,N/A,N/A,0,0,0,0.0,0,0,0
1783515935,650,,Aggregated,0.000000,0.000000,13000,13000,13000,13000,13000,13000,13000,13000,13000,13000,13000,2,0,12925.563445998705,12915.17893299897,12904.794419999234,12925.563445998705,655.0
1783515936,700,,Aggregated,0.000000,0.000000,13000,13000,13000,14000,14000,14000,14000,14000,14000,14000,14000,17,0,13000.0,13286.119498234577,12904.794419999234,13592.609498999082,655.0
1783515937,750,,Aggregated,0.000000,0.000000,14000,14000,14000,14000,14000,14000,15000,15000,15000,15000,15000,82,0,14000.0,13694.603317145684,12224.045130002196,14626.017311995383,655.0
1783515938,800,,Aggregated,1.700000,0.000000,14000,14000,14000,14000,14000,15000,15000,15000,15000,15000,15000,165,0,14000.0,13667.653801441571,12224.045130002196,15482.822334990487,655.0
1783515939,850,,Aggregated,6.400000,0.000000,14000,14000,14000,14000,14000,15000,15000,15000,15000,15000,15000,196,0,14000.0,13664.688876703376,12224.045130002196,15482.822334990487,655.0
1783515940,900,,Aggregated,6.400000,0.000000,14000,14000,14000,14000,14000,15000,15000,15000,15000,15000,15000,200,0,14000.0,13674.192047499379,12224.045130002196,15482.822334990487,655.0
1783515941,950,,Aggregated,6.400000,0.000000,14000,14000,14000,14000,14000,15000,15000,15000,15000,15000,15000,200,0,14000.0,13674.192047499379,12224.045130002196,15482.822334990487,655.0
1783515942,1000,,Aggregated,6.400000,0.000000,14000,14000,14000,14000,14000,15000,15000,15000,15000,15000,15000,200,0,14000.0,13674.192047499379,12224.045130002196,15482.822334990487,655.0
1783515943,1050,,Aggregated,6.400000,0.000000,14000,14000,14000,14000,14000,15000,15000,15000,15000,15000,15000,200,0,14000.0,13674.192047499379,12224.045130002196,15482.822334990487,655.0
1783515944,1100,,Aggregated,6.400000,0.000000,14000,14000,14000,14000,14000,15000,15000,15000,15000,15000,15000,200,0,14000.0,13674.192047499379,12224.045130002196,15482.822334990487,655.0
1783515945,1150,,Aggregated,6.400000,0.000000,14000,14000,14000,14000,14000,15000,15000,15000,15000,15000,15000,200,0,14000.0,13674.192047499379,12224.045130002196,15482.822334990487,655.0
1783515946,1200,,Aggregated,6.400000,0.000000,14000,14000,14000,14000,14000,15000,15000,15000,15000,15000,15000,200,0,14000.0,13674.192047499379,12224.045130002196,15482.822334990487,655.0
1783515947,1250,,Aggregated,6.400000,0.000000,14000,14000,14000,14000,14000,15000,15000,15000,15000,15000,15000,200,0,14000.0,13674.192047499379,12224.045130002196,15482.822334990487,655.0
1783515948,1300,,Aggregated,6.400000,0.000000,14000,14000,14000,14000,14000,15000,15000,15000,15000,15000,15000,200,0,14000.0,13674.192047499379,12224.045130002196,15482.822334990487,655.0
1783515949,1350,,Aggregated,13.600000,0.000000,14000,14000,14000,14000,14000,15000,23000,23000,23000,23000,23000,209,0,14000.0,14060.917440860621,12224.045130002196,22942.700915999012,655.0
1783515950,1400,,Aggregated,5.600000,0.000000,14000,14000,14000,15000,23000,24000,24000,24000,24000,24000,24000,239,0,14000.0,15245.966475878286,12224.045130002196,23936.402470004396,655.0
1783515951,1450,,Aggregated,1.500000,0.000000,14000,14000,23000,23000,24000,24000,24000,24000,25000,25000,25000,277,0,14000.0,16387.585355729065,12224.045130002196,24530.545941001037,655.0
1783515952,1500,,Aggregated,3.000000,0.000000,14000,23000,23000,23000,24000,24000,24000,25000,25000,25000,25000,363,0,14000.0,18118.547085239505,12224.045130002196,25453.592041987577,655.0
1783515953,1550,,Aggregated,6.900000,0.000000,15000,23000,23000,24000,24000,24000,24000,25000,25000,25000,25000,399,0,15000.0,18599.70320096962,12224.045130002196,25453.592041987577,655.0
1783515954,1600,,Aggregated,6.900000,0.000000,22000,23000,23000,24000,24000,24000,24000,25000,25000,25000,25000,400,0,15000.0,18613.387691444696,12224.045130002196,25453.592041987577,655.0
1783515955,1650,,Aggregated,6.900000,0.000000,22000,23000,23000,24000,24000,24000,24000,25000,25000,25000,25000,400,0,15000.0,18613.387691444696,12224.045130002196,25453.592041987577,655.0
1783515956,1700,,Aggregated,6.900000,0.000000,22000,23000,23000,24000,24000,24000,24000,25000,25000,25000,25000,400,0,15000.0,18613.387691444696,12224.045130002196,25453.592041987577,655.0
1783515957,1750,,Aggregated,6.900000,0.000000,22000,23000,23000,24000,24000,24000,24000,25000,25000,25000,25000,400,0,15000.0,18613.387691444696,12224.045130002196,25453.592041987577,655.0
1783515958,1800,,Aggregated,6.900000,0.000000,22000,23000,23000,24000,24000,24000,24000,25000,25000,25000,25000,400,0,15000.0,18613.387691444696,12224.045130002196,25453.592041987577,655.0
1783515959,1850,,Aggregated,6.900000,0.000000,22000,23000,23000,24000,24000,24000,24000,25000,25000,25000,25000,400,0,15000.0,18613.387691444696,12224.045130002196,25453.592041987577,655.0
1783515960,1900,,Aggregated,6.900000,0.000000,22000,23000,23000,24000,24000,24000,24000,25000,25000,25000,25000,400,0,15000.0,18613.387691444696,12224.045130002196,25453.592041987577,655.0
1783515961,1950,,Aggregated,6.900000,0.000000,22000,23000,23000,24000,24000,24000,24000,25000,25000,25000,25000,400,0,15000.0,18613.387691444696,12224.045130002196,25453.592041987577,655.0
1783515962,2000,,Aggregated,6.900000,0.000000,22000,23000,23000,24000,24000,24000,24000,25000,25000,25000,25000,400,0,15000.0,18613.387691444696,12224.045130002196,25453.592041987577,655.0
1783515963,2050,,Aggregated,13.100000,0.000000,22000,23000,23000,24000,24000,24000,33000,33000,33000,33000,33000,413,0,22000.0,19056.381484808433,12224.045130002196,32986.40827399504,655.0
1783515964,2100,,Aggregated,4.400000,0.000000,23000,23000,24000,24000,25000,33000,34000,34000,34000,34000,34000,440,0,23000.0,19940.367198665463,12224.045130002196,33800.68079500052,655.0
1783515965,2150,,Aggregated,1.200000,0.000000,23000,24000,24000,32000,33000,34000,34000,34000,35000,35000,35000,505,0,23000.0,21649.76142397793,12224.045130002196,34579.79655401141,655.9683168316832
1783515966,2200,,Aggregated,3.400000,0.000000,23000,29000,33000,33000,34000,34000,34000,34000,35000,35000,35000,615,0,23000.0,23532.68610849724,12224.045130002196,34690.68125000922,665.8666666666667
1783515967,2250,,Aggregated,7.900000,0.000000,24000,30000,33000,33000,34000,34000,34000,34000,35000,35000,35000,672,0,24000.0,24177.899784224315,12224.045130002196,34690.68125000922,674.1622023809524
1783515968,2300,,Aggregated,18.000000,0.000000,24000,30000,33000,33000,34000,34000,34000,34000,35000,35000,35000,707,0,24000.0,24521.386401102933,12224.045130002196,34690.68125000922,679.6690240452617
1783515969,2350,,Aggregated,18.000000,0.000000,24000,30000,33000,33000,34000,34000,34000,34000,35000,35000,35000,709,0,24000.0,24538.76635415481,12224.045130002196,34690.68125000922,680.0592383638929
1783515970,2400,,Aggregated,18.000000,0.000000,24000,30000,33000,33000,34000,34000,34000,34000,35000,35000,35000,709,0,24000.0,24538.76635415481,12224.045130002196,34690.68125000922,680.0592383638929
1783515971,2450,,Aggregated,18.000000,0.000000,24000,30000,33000,33000,34000,34000,34000,34000,35000,35000,35000,709,0,24000.0,24538.76635415481,12224.045130002196,34690.68125000922,680.0592383638929
1783515972,2500,,Aggregated,18.000000,0.000000,24000,30000,33000,33000,34000,34000,34000,34000,35000,35000,35000,709,0,24000.0,24538.76635415481,12224.045130002196,34690.68125000922,680.0592383638929
1783515973,2550,,Aggregated,18.000000,0.000000,24000,30000,33000,33000,34000,34000,34000,34000,35000,35000,35000,709,0,24000.0,24538.76635415481,12224.045130002196,34690.68125000922,680.0592383638929
1783515974,2600,,Aggregated,18.000000,0.000000,24000,30000,33000,33000,34000,34000,34000,34000,35000,35000,35000,709,0,24000.0,24538.76635415481,12224.045130002196,34690.68125000922,680.0592383638929
1783515975,2650,,Aggregated,18.000000,0.000000,24000,30000,33000,33000,34000,34000,34000,34000,35000,35000,35000,709,0,24000.0,24538.76635415481,12224.045130002196,34690.68125000922,680.0592383638929
1783515976,2700,,Aggregated,27.500000,0.000000,24000,30000,33000,33000,34000,34000,34000,34000,42000,42000,42000,710,0,24000.0,24563.40907216587,12224.045130002196,42035.09614200448,680.0239436619719
1783515977,2750,,Aggregated,23.000000,0.000000,24000,30000,33000,33000,34000,34000,40000,43000,43000,43000,43000,738,0,24000.0,25180.01249478827,12224.045130002196,42912.9556909902,682.6084010840109
1783515978,2800,,Aggregated,12.900000,0.000000,29000,33000,33000,34000,40000,43000,43000,44000,44000,44000,44000,814,0,29000.0,26686.165253059968,12224.045130002196,43962.444514996605,688.6412776412776
1783515979,2850,,Aggregated,7.000000,0.000000,30000,33000,34000,39000,43000,44000,44000,44000,45000,45000,45000,896,0,30000.0,28148.299738451886,12224.045130002196,44754.69413200335,689.7466517857143
1783515980,2900,,Aggregated,10.100000,0.000000,30000,34000,39000,40000,43000,44000,44000,44000,45000,45000,45000,959,0,30000.0,29127.03911735337,12224.045130002196,44754.69413200335,688.9937434827946
1783515981,2950,,Aggregated,13.200000,0.000000,30000,34000,40000,41000,43000,44000,44000,44000,45000,45000,45000,994,0,30000.0,29634.364936318747,12224.045130002196,44754.69413200335,687.7967806841046
1783515982,3000,,Aggregated,23.700000,0.000000,31000,34000,40000,42000,43000,44000,44000,44000,45000,45000,45000,1000,0,31000.0,29724.164075908855,12224.045130002196,45007.74702800845,687.6
1783515983,3050,,Aggregated,23.700000,0.000000,31000,34000,40000,42000,43000,44000,44000,44000,45000,45000,45000,1000,0,31000.0,29724.164075908855,12224.045130002196,45007.74702800845,687.6
1783515984,3100,,Aggregated,23.700000,0.000000,31000,34000,40000,42000,43000,44000,44000,44000,45000,45000,45000,1000,0,31000.0,29724.164075908855,12224.045130002196,45007.74702800845,687.6
1783515985,3150,,Aggregated,23.700000,0.000000,31000,34000,40000,42000,43000,44000,44000,44000,45000,45000,45000,1000,0,31000.0,29724.164075908855,12224.045130002196,45007.74702800845,687.6
1783515986,3200,,Aggregated,23.700000,0.000000,31000,34000,40000,42000,43000,44000,44000,44000,45000,45000,45000,1000,0,31000.0,29724.164075908855,12224.045130002196,45007.74702800845,687.6
1783515987,3250,,Aggregated,23.700000,0.000000,31000,34000,40000,42000,43000,44000,44000,44000,45000,45000,45000,1000,0,31000.0,29724.164075908855,12224.045130002196,45007.74702800845,687.6
1783515988,3300,,Aggregated,23.700000,0.000000,31000,34000,40000,42000,43000,44000,44000,44000,45000,45000,45000,1000,0,31000.0,29724.164075908855,12224.045130002196,45007.74702800845,687.6
1783515989,3350,,Aggregated,23.700000,0.000000,31000,34000,40000,42000,43000,44000,44000,44000,45000,45000,45000,1000,0,31000.0,29724.164075908855,12224.045130002196,45007.74702800845,687.6
1783515990,3400,,Aggregated,23.700000,0.000000,31000,34000,40000,42000,43000,44000,44000,44000,45000,45000,45000,1000,0,31000.0,29724.164075908855,12224.045130002196,45007.74702800845,687.6
1783515991,3450,,Aggregated,15.900000,0.000000,31000,34000,40000,42000,43000,44000,44000,44000,53000,53000,53000,1002,0,31000.0,29770.242539227405,12224.045130002196,52944.56537500082,687.5349301397206
1783515992,3500,,Aggregated,5.400000,0.000000,33000,34000,40000,43000,44000,45000,53000,54000,54000,54000,54000,1050,0,33000.0,30849.177377505628,12224.045130002196,53929.04653000005,686.047619047619
1783515993,3550,,Aggregated,1.400000,0.000000,33000,40000,43000,43000,53000,53000,54000,54000,54000,54000,54000,1123,0,33000.0,32311.75721334993,12224.045130002196,54388.805309004965,684.0293855743544
1783515994,3600,,Aggregated,3.300000,0.000000,33000,40000,43000,44000,53000,53000,54000,54000,54000,55000,55000,1165,0,33000.0,33067.63179795796,12224.045130002196,54843.596484002774,682.9828326180258
1783515995,3650,,Aggregated,8.400000,0.000000,33000,40000,43000,44000,53000,54000,54000,54000,54000,55000,55000,1192,0,33000.0,33533.27478558394,12224.045130002196,54843.596484002774,682.3489932885906
1783515996,3700,,Aggregated,8.400000,0.000000,33000,41000,43000,44000,53000,54000,54000,54000,55000,55000,55000,1199,0,33000.0,33654.45287338119,12224.045130002196,54843.596484002774,682.1893244370309
1783515997,3750,,Aggregated,14.200000,0.000000,33000,41000,43000,44000,53000,54000,54000,54000,55000,55000,55000,1200,0,33000.0,33672.40488902421,12224.045130002196,55196.87164500647,682.1666666666666
1783515998,3800,,Aggregated,14.200000,0.000000,33000,41000,43000,44000,53000,54000,54000,54000,55000,55000,55000,1200,0,33000.0,33672.40488902421,12224.045130002196,55196.87164500647,682.1666666666666
1783515999,3850,,Aggregated,14.200000,0.000000,33000,41000,43000,44000,53000,54000,54000,54000,55000,55000,55000,1200,0,33000.0,33672.40488902421,12224.045130002196,55196.87164500647,682.1666666666666
1783516000,3900,,Aggregated,14.200000,0.000000,33000,41000,43000,44000,53000,54000,54000,54000,55000,55000,55000,1200,0,33000.0,33672.40488902421,12224.045130002196,55196.87164500647,682.1666666666666
1783516001,3950,,Aggregated,14.200000,0.000000,33000,41000,43000,44000,53000,54000,54000,54000,55000,55000,55000,1200,0,33000.0,33672.40488902421,12224.045130002196,55196.87164500647,682.1666666666666
1783516002,4000,,Aggregated,14.200000,0.000000,33000,41000,43000,44000,53000,54000,54000,54000,55000,55000,55000,1200,0,33000.0,33672.40488902421,12224.045130002196,55196.87164500647,682.1666666666666
1783516003,4000,,Aggregated,14.200000,0.000000,33000,41000,43000,44000,53000,54000,54000,54000,55000,55000,55000,1200,0,33000.0,33672.40488902421,12224.045130002196,55196.87164500647,682.1666666666666
1783516004,4000,,Aggregated,14.200000,0.000000,33000,41000,43000,44000,53000,54000,54000,54000,55000,55000,55000,1200,0,33000.0,33672.40488902421,12224.045130002196,55196.87164500647,682.1666666666666
1783516005,4000,,Aggregated,11.600000,0.000000,33000,42000,44000,44000,53000,54000,54000,63000,63000,63000,63000,1215,0,33000.0,34031.49118902391,12224.045130002196,62870.542092990945,681.8312757201646
1783516006,4000,,Aggregated,5.800000,0.000000,34000,43000,44000,53000,54000,62000,63000,63000,64000,64000,64000,1271,0,34000.0,35307.50833645555,12224.045130002196,63844.153179001296,680.6490952006294
1783516007,4000,,Aggregated,1.600000,0.000000,34000,43000,52000,53000,62000,63000,64000,64000,64000,64000,64000,1339,0,34000.0,36715.519349576505,12224.045130002196,64289.44117100036,679.3465272591486
1783516008,4000,,Aggregated,5.800000,0.000000,34000,44000,53000,53000,62000,63000,64000,64000,64000,64000,64000,1382,0,34000.0,37509.88063817866,12224.045130002196,64289.44117100036,679.650506512301
1783516009,4000,,Aggregated,11.200000,0.000000,34000,44000,53000,54000,63000,63000,64000,64000,64000,65000,65000,1406,0,34000.0,37955.698489059,12224.045130002196,64558.837944001425,679.3456614509246
1783516010,4000,,Aggregated,11.200000,0.000000,34000,44000,53000,54000,63000,63000,64000,64000,65000,65000,65000,1410,0,34000.0,38030.55834033968,12224.045130002196,64558.837944001425,679.2765957446809
1783516011,4000,,Aggregated,11.200000,0.000000,34000,44000,53000,54000,63000,63000,64000,64000,65000,65000,65000,1410,0,34000.0,38030.55834033968,12224.045130002196,64558.837944001425,679.2765957446809
1783516012,4000,,Aggregated,11.200000,0.000000,34000,44000,53000,54000,63000,63000,64000,64000,65000,65000,65000,1410,0,34000.0,38030.55834033968,12224.045130002196,64558.837944001425,679.2765957446809
1783516013,4000,,Aggregated,11.200000,0.000000,34000,44000,53000,54000,63000,63000,64000,64000,65000,65000,65000,1410,0,34000.0,38030.55834033968,12224.045130002196,64558.837944001425,679.2765957446809
1783516014,4000,,Aggregated,11.200000,0.000000,34000,44000,53000,54000,63000,63000,64000,64000,65000,65000,65000,1410,0,34000.0,38030.55834033968,12224.045130002196,64558.837944001425,679.2765957446809
1783516015,4000,,Aggregated,11.200000,0.000000,34000,44000,53000,54000,63000,63000,64000,64000,65000,65000,65000,1410,0,34000.0,38030.55834033968,12224.045130002196,64558.837944001425,679.2765957446809
1783516016,4000,,Aggregated,11.200000,0.000000,34000,44000,53000,54000,63000,63000,64000,64000,65000,65000,65000,1410,0,34000.0,38030.55834033968,12224.045130002196,64558.837944001425,679.2765957446809
1783516017,4000,,Aggregated,11.200000,0.000000,34000,44000,53000,54000,63000,63000,64000,64000,65000,65000,65000,1410,0,34000.0,38030.55834033968,12224.045130002196,64558.837944001425,679.2765957446809
1783516018,4000,,Aggregated,15.300000,0.000000,35000,44000,53000,54000,63000,63000,64000,64000,72000,72000,72000,1414,0,35000.0,38126.58622085143,12224.045130002196,72115.80406299618,679.2079207920792
1783516019,4000,,Aggregated,9.800000,0.000000,40000,44000,53000,54000,63000,64000,72000,73000,73000,73000,73000,1477,0,40000.0,39539.05059972983,12224.045130002196,73157.41493100359,681.2654028436019
1783516020,4000,,Aggregated,5.000000,0.000000,40000,53000,54000,63000,69000,73000,73000,73000,74000,74000,74000,1572,0,40000.0,41480.02135882502,12224.045130002196,73839.74475199648,683.3072519083969
1783516021,4000,,Aggregated,4.000000,0.000000,43000,53000,63000,63000,70000,73000,73000,73000,74000,74000,74000,1671,0,43000.0,43216.677348104655,12224.045130002196,73839.74475199648,687.2878515858768
1783516022,4000,,Aggregated,9.500000,0.000000,43000,54000,63000,64000,72000,73000,73000,74000,74000,74000,74000,1757,0,43000.0,44586.902384702815,12224.045130002196,73905.37657801178,690.3460443938532
1783516023,4000,,Aggregated,20.300000,0.000000,43000,54000,63000,69000,72000,73000,73000,74000,74000,74000,74000,1798,0,43000.0,45210.28218783636,12224.045130002196,74080.28192199708,691.2625139043381
1783516024,4000,,Aggregated,20.300000,0.000000,43000,54000,63000,69000,72000,73000,73000,74000,74000,75000,75000,1800,0,43000.0,45242.79567745821,12224.045130002196,74573.63724400057,691.2222222222222
1783516025,4000,,Aggregated,20.300000,0.000000,43000,54000,63000,69000,72000,73000,73000,74000,74000,75000,75000,1800,0,43000.0,45242.79567745821,12224.045130002196,74573.63724400057,691.2222222222222
1783516026,4000,,Aggregated,20.300000,0.000000,43000,54000,63000,69000,72000,73000,73000,74000,74000,75000,75000,1800,0,43000.0,45242.79567745821,12224.045130002196,74573.63724400057,691.2222222222222
1783516027,4000,,Aggregated,20.300000,0.000000,43000,54000,63000,69000,72000,73000,73000,74000,74000,75000,75000,1800,0,43000.0,45242.79567745821,12224.045130002196,74573.63724400057,691.2222222222222
1783516028,4000,,Aggregated,20.300000,0.000000,43000,54000,63000,69000,72000,73000,73000,74000,74000,75000,75000,1800,0,43000.0,45242.79567745821,12224.045130002196,74573.63724400057,691.2222222222222
1783516029,4000,,Aggregated,20.300000,0.000000,43000,54000,63000,69000,72000,73000,73000,74000,74000,75000,75000,1800,0,43000.0,45242.79567745821,12224.045130002196,74573.63724400057,691.2222222222222
1783516030,4000,,Aggregated,20.300000,0.000000,43000,54000,63000,69000,72000,73000,73000,74000,74000,75000,75000,1800,0,43000.0,45242.79567745821,12224.045130002196,74573.63724400057,691.2222222222222
1783516031,4000,,Aggregated,20.300000,0.000000,43000,54000,63000,69000,72000,73000,73000,74000,74000,75000,75000,1800,0,43000.0,45242.79567745821,12224.045130002196,74573.63724400057,691.2222222222222
1783516032,4000,,Aggregated,20.300000,0.000000,43000,54000,63000,69000,72000,73000,73000,74000,74000,75000,75000,1800,0,43000.0,45242.79567745821,12224.045130002196,74573.63724400057,691.2222222222222
1783516033,4000,,Aggregated,18.700000,0.000000,44000,62000,64000,69000,73000,73000,83000,83000,83000,83000,83000,1844,0,44000.0,46139.16465274992,12224.045130002196,83121.70965599944,690.3579175704989
1783516034,4000,,Aggregated,8.000000,0.000000,44000,63000,69000,70000,73000,82000,83000,83000,84000,84000,84000,1895,0,44000.0,47127.21850854558,12224.045130002196,83720.56721200352,689.4063324538258
1783516035,4000,,Aggregated,2.700000,0.000000,44000,63000,69000,70000,73000,83000,83000,83000,84000,84000,84000,1951,0,44000.0,48151.49518381338,12224.045130002196,83720.56721200352,688.4187596104562
1783516036,4000,,Aggregated,6.800000,0.000000,44000,63000,69000,70000,74000,83000,83000,83000,84000,84000,84000,1986,0,44000.0,48762.87942506288,12224.045130002196,83720.56721200352,687.8298086606244
1783516037,4000,,Aggregated,10.900000,0.000000,45000,63000,69000,70000,75000,83000,83000,83000,84000,84000,84000,1999,0,45000.0,48989.13195174581,12224.045130002196,84047.88545701012,687.616308154077
1783516038,4000,,Aggregated,10.900000,0.000000,52000,63000,69000,72000,82000,83000,83000,83000,84000,84000,84000,2000,0,45000.0,49006.78563029943,12224.045130002196,84296.48905899376,687.6
1783516039,4000,,Aggregated,10.900000,0.000000,52000,63000,69000,72000,82000,83000,83000,83000,84000,84000,84000,2000,0,45000.0,49006.78563029943,12224.045130002196,84296.48905899376,687.6
1783516040,4000,,Aggregated,10.900000,0.000000,52000,63000,69000,72000,82000,83000,83000,83000,84000,84000,84000,2000,0,45000.0,49006.78563029943,12224.045130002196,84296.48905899376,687.6
1783516041,4000,,Aggregated,10.900000,0.000000,52000,63000,69000,72000,82000,83000,83000,83000,84000,84000,84000,2000,0,45000.0,49006.78563029943,12224.045130002196,84296.48905899376,687.6
1783516042,4000,,Aggregated,10.900000,0.000000,52000,63000,69000,72000,82000,83000,83000,83000,84000,84000,84000,2000,0,45000.0,49006.78563029943,12224.045130002196,84296.48905899376,687.6
1783516043,4000,,Aggregated,10.900000,0.000000,52000,63000,69000,72000,82000,83000,83000,83000,84000,84000,84000,2000,0,45000.0,49006.78563029943,12224.045130002196,84296.48905899376,687.6
1783516044,4000,,Aggregated,10.900000,0.000000,52000,63000,69000,72000,82000,83000,83000,83000,84000,84000,84000,2000,0,45000.0,49006.78563029943,12224.045130002196,84296.48905899376,687.6
1783516045,4000,,Aggregated,10.900000,0.000000,52000,63000,69000,72000,82000,83000,83000,83000,84000,84000,84000,2000,0,45000.0,49006.78563029943,12224.045130002196,84296.48905899376,687.6
1783516046,4000,,Aggregated,13.200000,0.000000,52000,63000,70000,72000,82000,83000,83000,83000,92000,92000,92000,2007,0,52000.0,49156.02340622614,12224.045130002196,91923.8839210011,687.48629795715
1783516047,4000,,Aggregated,9.100000,0.000000,53000,63000,70000,73000,83000,83000,92000,92000,93000,93000,93000,2056,0,53000.0,50185.62582876159,12224.045130002196,92841.64467199298,686.7120622568093
1783516048,4000,,Aggregated,3.600000,0.000000,53000,64000,70000,73000,83000,92000,92000,93000,93000,93000,93000,2124,0,53000.0,51540.954124086136,12224.045130002196,93206.26202100539,685.6967984934087
1783516049,4000,,Aggregated,3.400000,0.000000,53000,69000,72000,73000,83000,92000,93000,93000,93000,94000,94000,2161,0,53000.0,52241.381053580764,12224.045130002196,93666.003929,685.1712170291531
1783516050,4000,,Aggregated,8.300000,0.000000,53000,69000,73000,73000,83000,92000,93000,93000,93000,94000,94000,2196,0,53000.0,52885.879044779176,12224.045130002196,93666.003929,684.6903460837887
1783516051,4000,,Aggregated,13.700000,0.000000,53000,69000,73000,73000,83000,92000,93000,93000,94000,94000,94000,2200,0,53000.0,52960.09995989275,12224.045130002196,94074.70231999469,684.6363636363636
1783516052,4000,,Aggregated,13.700000,0.000000,53000,69000,73000,73000,83000,92000,93000,93000,94000,94000,94000,2200,0,53000.0,52960.09995989275,12224.045130002196,94074.70231999469,684.6363636363636
1783516053,4000,,Aggregated,13.700000,0.000000,53000,69000,73000,73000,83000,92000,93000,93000,94000,94000,94000,2200,0,53000.0,52960.09995989275,12224.045130002196,94074.70231999469,684.6363636363636
1783516054,4000,,Aggregated,13.700000,0.000000,53000,69000,73000,73000,83000,92000,93000,93000,94000,94000,94000,2200,0,53000.0,52960.09995989275,12224.045130002196,94074.70231999469,684.6363636363636
1783516055,4000,,Aggregated,13.700000,0.000000,53000,69000,73000,73000,83000,92000,93000,93000,94000,94000,94000,2200,0,53000.0,52960.09995989275,12224.045130002196,94074.70231999469,684.6363636363636
1783516056,4000,,Aggregated,13.700000,0.000000,53000,69000,73000,73000,83000,92000,93000,93000,94000,94000,94000,2200,0,53000.0,52960.09995989275,12224.045130002196,94074.70231999469,684.6363636363636
1783516057,4000,,Aggregated,13.700000,0.000000,53000,69000,73000,73000,83000,92000,93000,93000,94000,94000,94000,2200,0,53000.0,52960.09995989275,12224.045130002196,94074.70231999469,684.6363636363636
1783516058,4000,,Aggregated,13.700000,0.000000,53000,69000,73000,73000,83000,92000,93000,93000,94000,94000,94000,2200,0,53000.0,52960.09995989275,12224.045130002196,94074.70231999469,684.6363636363636
1783516059,4000,,Aggregated,13.700000,0.000000,53000,69000,73000,73000,83000,92000,93000,93000,94000,94000,94000,2200,0,53000.0,52960.09995989275,12224.045130002196,94074.70231999469,684.6363636363636
1783516060,4000,,Aggregated,11.700000,0.000000,53000,69000,73000,74000,92000,93000,93000,102000,102000,102000,102000,2226,0,53000.0,53532.075286489235,12224.045130002196,102061.51644699275,684.2902066486972
1783516061,4000,,Aggregated,6.300000,0.000000,54000,70000,73000,83000,92000,93000,102000,102000,103000,103000,103000,2288,0,54000.0,54831.707687850525,12224.045130002196,102935.87960100558,684.3513986013986
1783516062,4000,,Aggregated,1.500000,0.000000,54000,70000,74000,83000,93000,101000,102000,103000,103000,103000,103000,2357,0,54000.0,56184.70029487143,12224.045130002196,103076.63758400304,684.8752651675859
1783516063,4000,,Aggregated,4.600000,0.000000,62000,72000,83000,83000,98000,102000,102000,103000,103000,103000,103000,2457,0,62000.0,57993.82861205621,12224.045130002196,103432.76093699387,687.2303622303622
1783516064,4000,,Aggregated,12.700000,0.000000,63000,73000,83000,92000,99000,102000,102000,103000,103000,103000,103000,2521,0,63000.0,59053.740942298005,12224.045130002196,103432.76093699387,692.4236414121381
1783516065,4000,,Aggregated,19.600000,0.000000,63000,73000,83000,92000,99000,102000,103000,103000,103000,104000,104000,2527,0,63000.0,59157.388995192036,12224.045130002196,103851.12431699235,692.3992876929165
1783516066,4000,,Aggregated,19.600000,0.000000,63000,73000,83000,92000,99000,102000,103000,103000,103000,104000,104000,2527,0,63000.0,59157.388995192036,12224.045130002196,103851.12431699235,692.3992876929165
1783516067,4000,,Aggregated,19.600000,0.000000,63000,73000,83000,92000,99000,102000,103000,103000,103000,104000,104000,2527,0,63000.0,59157.388995192036,12224.045130002196,103851.12431699235,692.3992876929165
1783516068,4000,,Aggregated,19.600000,0.000000,63000,73000,83000,92000,99000,102000,103000,103000,103000,104000,104000,2527,0,63000.0,59157.388995192036,12224.045130002196,103851.12431699235,692.3992876929165
1783516069,4000,,Aggregated,19.600000,0.000000,63000,73000,83000,92000,99000,102000,103000,103000,103000,104000,104000,2527,0,63000.0,59157.388995192036,12224.045130002196,103851.12431699235,692.3992876929165
1783516070,4000,,Aggregated,19.600000,0.000000,63000,73000,83000,92000,99000,102000,103000,103000,103000,104000,104000,2527,0,63000.0,59157.388995192036,12224.045130002196,103851.12431699235,692.3992876929165
1783516071,4000,,Aggregated,19.600000,0.000000,63000,73000,83000,92000,99000,102000,103000,103000,103000,104000,104000,2527,0,63000.0,59157.388995192036,12224.045130002196,103851.12431699235,692.3992876929165
1783516072,4000,,Aggregated,19.600000,0.000000,63000,73000,83000,92000,99000,102000,103000,103000,103000,104000,104000,2527,0,63000.0,59157.388995192036,12224.045130002196,103851.12431699235,692.3992876929165
1783516073,4000,,Aggregated,28.400000,0.000000,63000,73000,83000,92000,99000,102000,103000,103000,103000,111000,111000,2528,0,63000.0,59177.96345649813,12224.045130002196,111169.62717700517,692.3844936708861
1783516074,4000,,Aggregated,20.000000,0.000000,63000,73000,83000,92000,101000,102000,109000,112000,112000,112000,112000,2593,0,63000.0,60460.19405878687,12224.045130002196,112189.51310400735,700.5233320478211
1783516075,4000,,Aggregated,13.100000,0.000000,64000,74000,92000,93000,102000,109000,112000,112000,113000,113000,113000,2725,0,64000.0,62839.02105017329,12224.045130002196,112723.5235489934,732.4642201834862
1783516076,4000,,Aggregated,4.900000,0.000000,64000,83000,93000,99000,103000,109000,112000,112000,113000,113000,113000,2801,0,64000.0,64137.96774493727,12224.045130002196,113485.99233799905,744.131381649411
1783516077,4000,,Aggregated,9.100000,0.000000,69000,83000,93000,99000,109000,112000,112000,113000,113000,113000,113000,2867,0,69000.0,65233.95415783231,12224.045130002196,113485.99233799905,749.331008022323
1783516078,4000,,Aggregated,23.900000,0.000000,69000,83000,93000,99000,109000,112000,113000,113000,113000,113000,113000,2907,0,69000.0,65886.04665722263,12224.045130002196,113485.99233799905,748.5810113519092
1783516079,4000,,Aggregated,31.600000,0.000000,69000,83000,93000,101000,109000,112000,113000,113000,113000,114000,114000,2909,0,69000.0,65918.947931592,12224.045130002196,114041.33076299331,748.5166723960124
1783516080,4000,,Aggregated,31.600000,0.000000,69000,83000,93000,101000,109000,112000,113000,113000,113000,114000,114000,2909,0,69000.0,65918.947931592,12224.045130002196,114041.33076299331,748.5166723960124
1783516081,4000,,Aggregated,31.600000,0.000000,69000,83000,93000,101000,109000,112000,113000,113000,113000,114000,114000,2909,0,69000.0,65918.947931592,12224.045130002196,114041.33076299331,748.5166723960124
1783516082,4000,,Aggregated,31.600000,0.000000,69000,83000,93000,101000,109000,112000,113000,113000,113000,114000,114000,2909,0,69000.0,65918.947931592,12224.045130002196,114041.33076299331,748.5166723960124
1783516083,4000,,Aggregated,31.600000,0.000000,69000,83000,93000,101000,109000,112000,113000,113000,113000,114000,114000,2909,0,69000.0,65918.947931592,12224.045130002196,114041.33076299331,748.5166723960124
1783516084,4000,,Aggregated,31.600000,0.000000,69000,83000,93000,101000,109000,112000,113000,113000,113000,114000,114000,2909,0,69000.0,65918.947931592,12224.045130002196,114041.33076299331,748.5166723960124
1783516085,4000,,Aggregated,31.600000,0.000000,69000,83000,93000,101000,109000,112000,113000,113000,113000,114000,114000,2909,0,69000.0,65918.947931592,12224.045130002196,114041.33076299331,748.5166723960124
1783516086,4000,,Aggregated,31.600000,0.000000,69000,83000,93000,101000,109000,112000,113000,113000,113000,114000,114000,2909,0,69000.0,65918.947931592,12224.045130002196,114041.33076299331,748.5166723960124
1783516087,4000,,Aggregated,31.600000,0.000000,69000,83000,93000,101000,109000,112000,113000,113000,113000,114000,114000,2909,0,69000.0,65918.947931592,12224.045130002196,114041.33076299331,748.5166723960124
1783516088,4000,,Aggregated,14.300000,0.000000,69000,83000,98000,102000,109000,112000,113000,113000,122000,122000,122000,2935,0,69000.0,66416.41965416257,12224.045130002196,122307.57006299973,747.6882453151618
1783516089,4000,,Aggregated,6.600000,0.000000,69000,83000,99000,102000,109000,113000,122000,122000,123000,123000,123000,2996,0,69000.0,67551.07664237422,12224.045130002196,122936.75010898733,745.8010680907877
1783516090,4000,,Aggregated,1.900000,0.000000,70000,92000,99000,102000,112000,113000,122000,123000,123000,123000,123000,3049,0,70000.0,68500.14580594558,12224.045130002196,123071.21802699112,744.2226959658905
1783516091,4000,,Aggregated,5.800000,0.000000,70000,92000,99000,103000,112000,122000,122000,123000,123000,123000,123000,3097,0,70000.0,69331.01412187054,12224.045130002196,123071.21802699112,742.8398450113012
1783516092,4000,,Aggregated,9.500000,0.000000,70000,92000,101000,103000,112000,122000,122000,123000,123000,123000,123000,3107,0,70000.0,69502.55277229741,12224.045130002196,123203.21983301255,742.5571290634052
1783516093,4000,,Aggregated,9.500000,0.000000,70000,92000,101000,103000,112000,122000,122000,123000,123000,124000,124000,3109,0,70000.0,69537.29625693022,12224.045130002196,123522.63965299062,742.5008041170795
1783516094,4000,,Aggregated,9.500000,0.000000,70000,92000,101000,103000,112000,122000,122000,123000,123000,124000,124000,3109,0,70000.0,69537.29625693022,12224.045130002196,123522.63965299062,742.5008041170795
1783516095,4000,,Aggregated,9.500000,0.000000,70000,92000,101000,103000,112000,122000,122000,123000,123000,124000,124000,3109,0,70000.0,69537.29625693022,12224.045130002196,123522.63965299062,742.5008041170795
1783516096,4000,,Aggregated,9.500000,0.000000,70000,92000,101000,103000,112000,122000,122000,123000,123000,124000,124000,3109,0,70000.0,69537.29625693022,12224.045130002196,123522.63965299062,742.5008041170795
1783516097,4000,,Aggregated,9.500000,0.000000,70000,92000,101000,103000,112000,122000,122000,123000,123000,124000,124000,3109,0,70000.0,69537.29625693022,12224.045130002196,123522.63965299062,742.5008041170795
1783516098,4000,,Aggregated,9.500000,0.000000,70000,92000,101000,103000,112000,122000,122000,123000,123000,124000,124000,3109,0,70000.0,69537.29625693022,12224.045130002196,123522.63965299062,742.5008041170795
1783516099,4000,,Aggregated,9.500000,0.000000,70000,92000,101000,103000,112000,122000,122000,123000,123000,124000,124000,3109,0,70000.0,69537.29625693022,12224.045130002196,123522.63965299062,742.5008041170795
1783516100,4000,,Aggregated,9.500000,0.000000,70000,92000,101000,103000,112000,122000,122000,123000,123000,124000,124000,3109,0,70000.0,69537.29625693022,12224.045130002196,123522.63965299062,742.5008041170795
1783516101,4000,,Aggregated,14.300000,0.000000,70000,92000,102000,103000,112000,122000,122000,123000,132000,132000,132000,3117,0,70000.0,69696.27617130832,12224.045130002196,131529.03643199534,742.2762271414822
1783516102,4000,,Aggregated,10.500000,0.000000,70000,92000,102000,108000,113000,122000,131000,132000,132000,132000,132000,3180,0,70000.0,70926.14810888114,12224.045130002196,132459.25634999003,740.5471698113207
1783516103,4000,,Aggregated,5.500000,0.000000,72000,93000,102000,108000,113000,122000,132000,132000,132000,132000,132000,3217,0,72000.0,71625.83960673859,12224.045130002196,132459.25634999003,739.5632576935033
1783516104,4000,,Aggregated,1.300000,0.000000,73000,93000,102000,109000,122000,131000,132000,132000,132000,133000,133000,3294,0,73000.0,73014.40926579476,12224.045130002196,132759.49909300834,740.3564055859138
1783516105,4000,,Aggregated,7.200000,0.000000,73000,98000,103000,109000,122000,131000,132000,132000,132000,133000,133000,3349,0,73000.0,73943.48927232275,12224.045130002196,132759.49909300834,749.994923857868
1783516106,4000,,Aggregated,12.400000,0.000000,73000,98000,103000,109000,122000,131000,132000,132000,133000,133000,133000,3354,0,73000.0,74031.3376521076,12224.045130002196,133367.92029401113,749.8533094812165
1783516107,4000,,Aggregated,12.400000,0.000000,73000,98000,103000,109000,122000,131000,132000,132000,133000,133000,133000,3354,0,73000.0,74031.3376521076,12224.045130002196,133367.92029401113,749.8533094812165
1783516108,4000,,Aggregated,12.400000,0.000000,73000,98000,103000,109000,122000,131000,132000,132000,133000,133000,133000,3354,0,73000.0,74031.3376521076,12224.045130002196,133367.92029401113,749.8533094812165
1783516109,4000,,Aggregated,12.400000,0.000000,73000,98000,103000,109000,122000,131000,132000,132000,133000,133000,133000,3354,0,73000.0,74031.3376521076,12224.045130002196,133367.92029401113,749.8533094812165
1783516110,4000,,Aggregated,12.400000,0.000000,73000,98000,103000,109000,122000,131000,132000,132000,133000,133000,133000,3354,0,73000.0,74031.3376521076,12224.045130002196,133367.92029401113,749.8533094812165
1783516111,4000,,Aggregated,12.400000,0.000000,73000,98000,103000,109000,122000,131000,132000,132000,133000,133000,133000,3354,0,73000.0,74031.3376521076,12224.045130002196,133367.92029401113,749.8533094812165
1783516112,4000,,Aggregated,12.400000,0.000000,73000,98000,103000,109000,122000,131000,132000,132000,133000,133000,133000,3354,0,73000.0,74031.3376521076,12224.045130002196,133367.92029401113,749.8533094812165
1783516113,4000,,Aggregated,12.400000,0.000000,73000,98000,103000,109000,122000,131000,132000,132000,133000,133000,133000,3354,0,73000.0,74031.3376521076,12224.045130002196,133367.92029401113,749.8533094812165
1783516114,4000,,Aggregated,12.400000,0.000000,73000,98000,103000,109000,122000,131000,132000,132000,133000,133000,133000,3354,0,73000.0,74031.3376521076,12224.045130002196,133367.92029401113,749.8533094812165
1783516115,4000,,Aggregated,17.300000,0.000000,73000,98000,108000,110000,122000,132000,132000,133000,141000,142000,142000,3382,0,73000.0,74583.71833089853,12224.045130002196,141511.54527599283,750.1117681845062
1783516116,4000,,Aggregated,12.100000,0.000000,73000,99000,109000,112000,128000,132000,139000,141000,142000,142000,142000,3491,0,73000.0,76615.9716573067,12224.045130002196,142379.3533279968,762.5147522199943
1783516117,4000,,Aggregated,5.500000,0.000000,82000,102000,110000,113000,132000,138000,141000,142000,142000,143000,143000,3603,0,82000.0,78578.20890973067,12224.045130002196,142509.26898699254,769.684152095476
1783516118,4000,,Aggregated,3.700000,0.000000,83000,102000,112000,122000,132000,139000,142000,142000,143000,143000,143000,3717,0,83000.0,80458.88538931147,12224.045130002196,143004.5347760024,773.48533763788
1783516119,4000,,Aggregated,17.000000,0.000000,83000,103000,113000,122000,138000,140000,142000,142000,143000,143000,143000,3778,0,83000.0,81428.36066303562,12224.045130002196,143313.91299399547,773.8824775013235
1783516120,4000,,Aggregated,26.400000,0.000000,83000,103000,113000,122000,138000,141000,142000,142000,143000,144000,144000,3795,0,83000.0,81702.87858135719,12224.045130002196,143571.35736099735,773.3928853754941
1783516121,4000,,Aggregated,26.400000,0.000000,83000,103000,113000,122000,138000,141000,142000,142000,143000,144000,144000,3795,0,83000.0,81702.87858135719,12224.045130002196,143571.35736099735,773.3928853754941
1783516122,4000,,Aggregated,26.400000,0.000000,83000,103000,113000,122000,138000,141000,142000,142000,143000,144000,144000,3795,0,83000.0,81702.87858135719,12224.045130002196,143571.35736099735,773.3928853754941
1783516123,4000,,Aggregated,26.400000,0.000000,83000,103000,113000,122000,138000,141000,142000,142000,143000,144000,144000,3795,0,83000.0,81702.87858135719,12224.045130002196,143571.35736099735,773.3928853754941
1783516124,4000,,Aggregated,26.400000,0.000000,83000,103000,113000,122000,138000,141000,142000,142000,143000,144000,144000,3795,0,83000.0,81702.87858135719,12224.045130002196,143571.35736099735,773.3928853754941
1783516125,4000,,Aggregated,26.400000,0.000000,83000,103000,113000,122000,138000,141000,142000,142000,143000,144000,144000,3795,0,83000.0,81702.87858135719,12224.045130002196,143571.35736099735,773.3928853754941
1783516126,4000,,Aggregated,26.400000,0.000000,83000,103000,113000,122000,138000,141000,142000,142000,143000,144000,144000,3795,0,83000.0,81702.87858135719,12224.045130002196,143571.35736099735,773.3928853754941
1783516127,4000,,Aggregated,26.400000,0.000000,83000,103000,113000,122000,138000,141000,142000,142000,143000,144000,144000,3795,0,83000.0,81702.87858135719,12224.045130002196,143571.35736099735,773.3928853754941
1783516128,4000,,Aggregated,26.400000,0.000000,83000,103000,113000,122000,138000,141000,142000,142000,143000,144000,144000,3795,0,83000.0,81702.87858135719,12224.045130002196,143571.35736099735,773.3928853754941
1783516129,4000,,Aggregated,27.100000,0.000000,83000,108000,113000,123000,138000,141000,142000,143000,151000,152000,152000,3832,0,83000.0,82370.51727304341,12224.045130002196,151592.15975900588,772.4624217118998
1783516130,4000,,Aggregated,17.700000,0.000000,83000,108000,113000,123000,139000,142000,143000,151000,152000,152000,152000,3869,0,83000.0,83032.03602125471,12224.045130002196,152146.9643270102,771.3391057120702
1783516132,4000,,Aggregated,7.800000,0.000000,83000,109000,122000,128000,139000,142000,151000,152000,152000,152000,152000,3931,0,83000.0,84113.9209318961,12224.045130002196,152495.70976900577,769.5041974052403
1783516133,4000,,Aggregated,4.700000,0.000000,84000,109000,122000,131000,140000,143000,152000,152000,152000,153000,153000,3985,0,84000.0,85027.16947869126,12224.045130002196,152540.97800698946,767.9525721455458
1783516134,4000,,Aggregated,7.400000,0.000000,84000,109000,122000,131000,140000,148000,152000,152000,152000,153000,153000,3998,0,84000.0,85245.02729755346,12224.045130002196,152540.97800698946,767.5852926463232
1783516135,4000,,Aggregated,13.600000,0.000000,92000,109000,122000,131000,141000,151000,152000,152000,152000,153000,153000,4000,0,84000.0,85278.76518606469,12224.045130002196,152795.48686499766,767.529
1783516136,4000,,Aggregated,13.600000,0.000000,92000,109000,122000,131000,141000,151000,152000,152000,152000,153000,153000,4000,0,84000.0,85278.76518606469,12224.045130002196,152795.48686499766,767.529
1783516137,4000,,Aggregated,13.600000,0.000000,92000,109000,122000,131000,141000,151000,152000,152000,152000,153000,153000,4000,0,84000.0,85278.76518606469,12224.045130002196,152795.48686499766,767.529
1783516138,4000,,Aggregated,13.600000,0.000000,92000,109000,122000,131000,141000,151000,152000,152000,152000,153000,153000,4000,0,84000.0,85278.76518606469,12224.045130002196,152795.48686499766,767.529
1783516139,4000,,Aggregated,13.600000,0.000000,92000,109000,122000,131000,141000,151000,152000,152000,152000,153000,153000,4000,0,84000.0,85278.76518606469,12224.045130002196,152795.48686499766,767.529
1783516140,4000,,Aggregated,13.600000,0.000000,92000,109000,122000,131000,141000,151000,152000,152000,152000,153000,153000,4000,0,84000.0,85278.76518606469,12224.045130002196,152795.48686499766,767.529
1783516141,4000,,Aggregated,13.600000,0.000000,92000,109000,122000,131000,141000,151000,152000,152000,152000,153000,153000,4000,0,84000.0,85278.76518606469,12224.045130002196,152795.48686499766,767.529
1783516142,4000,,Aggregated,13.600000,0.000000,92000,109000,122000,131000,141000,151000,152000,152000,152000,153000,153000,4000,0,84000.0,85278.76518606469,12224.045130002196,152795.48686499766,767.529
1783516143,4000,,Aggregated,16.800000,0.000000,92000,109000,122000,131000,141000,151000,152000,152000,152000,160000,160000,4001,0,92000.0,85297.5421889682,12224.045130002196,160405.55380300793,767.5008747813047
1783516144,4000,,Aggregated,13.100000,0.000000,92000,109000,122000,132000,141000,151000,152000,161000,161000,161000,161000,4045,0,92000.0,86121.78558175836,12224.045130002196,161475.42648299714,766.277132262052
1783516145,4000,,Aggregated,6.900000,0.000000,92000,109000,123000,132000,142000,151000,161000,161000,162000,162000,162000,4084,0,92000.0,86838.8925859458,12224.045130002196,161933.75670000387,765.2144955925563
1783516146,4000,,Aggregated,1.600000,0.000000,92000,112000,128000,132000,142000,152000,161000,161000,162000,162000,162000,4150,0,92000.0,88021.17722194377,12224.045130002196,161933.75670000387,763.461686746988
1783516147,4000,,Aggregated,8.400000,0.000000,92000,112000,128000,138000,143000,152000,161000,161000,162000,162000,162000,4193,0,92000.0,88771.59449329368,12224.045130002196,161940.55967101303,762.3493918435488
1783516148,4000,,Aggregated,8.400000,0.000000,93000,112000,128000,138000,143000,152000,161000,161000,162000,163000,163000,4200,0,93000.0,88893.57347206392,12224.045130002196,162557.84180200135,762.1704761904762
1783516149,4000,,Aggregated,8.400000,0.000000,93000,112000,128000,138000,143000,152000,161000,161000,162000,163000,163000,4200,0,93000.0,88893.57347206392,12224.045130002196,162557.84180200135,762.1704761904762
1783516150,4000,,Aggregated,8.400000,0.000000,93000,112000,128000,138000,143000,152000,161000,161000,162000,163000,163000,4200,0,93000.0,88893.57347206392,12224.045130002196,162557.84180200135,762.1704761904762
1783516151,4000,,Aggregated,8.400000,0.000000,93000,112000,128000,138000,143000,152000,161000,161000,162000,163000,163000,4200,0,93000.0,88893.57347206392,12224.045130002196,162557.84180200135,762.1704761904762
1783516152,4000,,Aggregated,8.400000,0.000000,93000,112000,128000,138000,143000,152000,161000,161000,162000,163000,163000,4200,0,93000.0,88893.57347206392,12224.045130002196,162557.84180200135,762.1704761904762
1783516153,4000,,Aggregated,8.400000,0.000000,93000,112000,128000,138000,143000,152000,161000,161000,162000,163000,163000,4200,0,93000.0,88893.57347206392,12224.045130002196,162557.84180200135,762.1704761904762
1783516154,4000,,Aggregated,8.400000,0.000000,93000,112000,128000,138000,143000,152000,161000,161000,162000,163000,163000,4200,0,93000.0,88893.57347206392,12224.045130002196,162557.84180200135,762.1704761904762
1783516155,4000,,Aggregated,8.400000,0.000000,93000,112000,128000,138000,143000,152000,161000,161000,162000,163000,163000,4200,0,93000.0,88893.57347206392,12224.045130002196,162557.84180200135,762.1704761904762
1783516156,4000,,Aggregated,8.400000,0.000000,93000,112000,128000,138000,143000,152000,161000,161000,162000,163000,163000,4200,0,93000.0,88893.57347206392,12224.045130002196,162557.84180200135,762.1704761904762
1783516157,4000,,Aggregated,11.600000,0.000000,93000,112000,131000,138000,148000,161000,161000,162000,171000,171000,171000,4219,0,93000.0,89260.95172520581,12224.045130002196,170662.0914840023,761.6878407205498
1783516158,4000,,Aggregated,5.000000,0.000000,93000,112000,131000,138000,151000,161000,162000,171000,171000,171000,171000,4262,0,93000.0,90082.18685315261,12224.045130002196,171487.44016599085,760.6879399343031
1783516159,4000,,Aggregated,5.000000,0.000000,93000,113000,132000,138000,151000,161000,170000,171000,171000,171000,171000,4318,0,93000.0,91123.76390677704,12224.045130002196,171487.44016599085,759.6192681797128
1783516160,4000,,Aggregated,5.900000,0.000000,98000,122000,132000,139000,152000,167000,171000,171000,171000,172000,172000,4437,0,98000.0,93216.15600596085,12224.045130002196,171720.7149409951,759.0175794455713
1783516161,4000,,Aggregated,5.900000,0.000000,99000,122000,138000,141000,161000,168000,171000,171000,172000,172000,172000,4519,0,99000.0,94586.40771979073,12224.045130002196,171720.7149409951,759.1139632662093
1783516162,4000,,Aggregated,11.800000,0.000000,99000,122000,138000,141000,161000,168000,171000,171000,172000,172000,172000,4525,0,99000.0,94688.93047158152,12224.045130002196,172420.23076298938,758.97591160221
1783516163,4000,,Aggregated,11.800000,0.000000,99000,122000,138000,141000,161000,168000,171000,171000,172000,172000,172000,4525,0,99000.0,94688.93047158152,12224.045130002196,172420.23076298938,758.97591160221
1783516164,4000,,Aggregated,11.800000,0.000000,99000,122000,138000,141000,161000,168000,171000,171000,172000,172000,172000,4525,0,99000.0,94688.93047158152,12224.045130002196,172420.23076298938,758.97591160221
1783516165,4000,,Aggregated,11.800000,0.000000,99000,122000,138000,141000,161000,168000,171000,171000,172000,172000,172000,4525,0,99000.0,94688.93047158152,12224.045130002196,172420.23076298938,758.97591160221
1783516166,4000,,Aggregated,11.800000,0.000000,99000,122000,138000,141000,161000,168000,171000,171000,172000,172000,172000,4525,0,99000.0,94688.93047158152,12224.045130002196,172420.23076298938,758.97591160221
1783516167,4000,,Aggregated,11.800000,0.000000,99000,122000,138000,141000,161000,168000,171000,171000,172000,172000,172000,4525,0,99000.0,94688.93047158152,12224.045130002196,172420.23076298938,758.97591160221
1783516168,4000,,Aggregated,11.800000,0.000000,99000,122000,138000,141000,161000,168000,171000,171000,172000,172000,172000,4525,0,99000.0,94688.93047158152,12224.045130002196,172420.23076298938,758.97591160221
1783516169,4000,,Aggregated,11.800000,0.000000,99000,122000,138000,141000,161000,168000,171000,171000,172000,172000,172000,4525,0,99000.0,94688.93047158152,12224.045130002196,172420.23076298938,758.97591160221
1783516170,4000,,Aggregated,31.500000,0.000000,99000,122000,138000,141000,161000,168000,171000,171000,172000,180000,180000,4527,0,99000.0,94726.42471726559,12224.045130002196,179559.3330700067,758.9299757013474
1783516171,4000,,Aggregated,20.700000,0.000000,99000,122000,138000,142000,161000,170000,171000,177000,180000,181000,181000,4579,0,99000.0,95671.09057746852,12224.045130002196,180542.38428499957,758.9956322341122
1783516172,4000,,Aggregated,11.300000,0.000000,101000,123000,139000,142000,162000,171000,177000,180000,181000,182000,182000,4655,0,101000.0,97038.3871711879,12224.045130002196,181689.00066099013,758.2781954887218
1783516173,4000,,Aggregated,5.600000,0.000000,102000,123000,139000,143000,167000,171000,180000,181000,182000,182000,182000,4705,0,102000.0,97922.35391974218,12224.045130002196,182097.8194729978,757.4924548352816
1783516174,4000,,Aggregated,11.900000,0.000000,102000,128000,139000,151000,168000,177000,181000,181000,182000,182000,182000,4774,0,102000.0,99120.83033251402,12224.045130002196,182097.8194729978,756.0793883535819
1783516175,4000,,Aggregated,17.800000,0.000000,102000,131000,140000,151000,168000,177000,181000,181000,182000,182000,182000,4794,0,102000.0,99462.95125948307,12224.045130002196,182268.66891499958,755.6916979557781
1783516176,4000,,Aggregated,17.800000,0.000000,102000,131000,141000,151000,168000,177000,181000,181000,182000,182000,182000,4800,0,102000.0,99565.90748397644,12224.045130002196,182268.66891499958,755.5658333333333
1783516177,4000,,Aggregated,17.800000,0.000000,102000,131000,141000,151000,168000,177000,181000,181000,182000,182000,182000,4800,0,102000.0,99565.90748397644,12224.045130002196,182268.66891499958,755.5658333333333
1783516178,4000,,Aggregated,17.800000,0.000000,102000,131000,141000,151000,168000,177000,181000,181000,182000,182000,182000,4800,0,102000.0,99565.90748397644,12224.045130002196,182268.66891499958,755.5658333333333
1783516179,4000,,Aggregated,17.800000,0.000000,102000,131000,141000,151000,168000,177000,181000,181000,182000,182000,182000,4800,0,102000.0,99565.90748397644,12224.045130002196,182268.66891499958,755.5658333333333
1783516180,4000,,Aggregated,17.800000,0.000000,102000,131000,141000,151000,168000,177000,181000,181000,182000,182000,182000,4800,0,102000.0,99565.90748397644,12224.045130002196,182268.66891499958,755.5658333333333
1783516181,4000,,Aggregated,17.800000,0.000000,102000,131000,141000,151000,168000,177000,181000,181000,182000,182000,182000,4800,0,102000.0,99565.90748397644,12224.045130002196,182268.66891499958,755.5658333333333
1783516182,4000,,Aggregated,17.800000,0.000000,102000,131000,141000,151000,168000,177000,181000,181000,182000,182000,182000,4800,0,102000.0,99565.90748397644,12224.045130002196,182268.66891499958,755.5658333333333
1783516183,4000,,Aggregated,17.800000,0.000000,102000,131000,141000,151000,168000,177000,181000,181000,182000,182000,182000,4800,0,102000.0,99565.90748397644,12224.045130002196,182268.66891499958,755.5658333333333
1783516184,4000,,Aggregated,15.600000,0.000000,102000,131000,141000,151000,168000,177000,181000,181000,182000,190000,190000,4802,0,102000.0,99603.33613156433,12224.045130002196,189602.05636099272,755.5239483548521
1783516185,4000,,Aggregated,9.700000,0.000000,102000,131000,141000,151000,170000,178000,181000,182000,191000,191000,191000,4838,0,102000.0,100279.48104024395,12224.045130002196,190714.92719399976,754.7759404712691
1783516186,4000,,Aggregated,3.600000,0.000000,102000,132000,141000,152000,171000,180000,182000,190000,191000,191000,191000,4877,0,102000.0,101002.22737553643,12224.045130002196,191378.6442050041,753.9780602829609
1783516187,4000,,Aggregated,3.300000,0.000000,102000,132000,142000,152000,171000,181000,190000,191000,191000,192000,192000,4927,0,102000.0,101911.33596046016,12224.045130002196,191819.39354199858,752.9736147757257
1783516188,4000,,Aggregated,7.300000,0.000000,103000,132000,142000,152000,171000,181000,191000,191000,191000,192000,192000,4984,0,103000.0,102925.2739778229,12224.045130002196,191819.39354199858,751.8531300160514
1783516189,4000,,Aggregated,12.500000,0.000000,103000,132000,142000,160000,171000,181000,191000,191000,192000,192000,192000,5000,0,103000.0,103207.94332715408,12224.045130002196,191819.39354199858,751.5432
1783516190,4000,,Aggregated,12.500000,0.000000,103000,132000,142000,160000,171000,181000,191000,191000,192000,192000,192000,5000,0,103000.0,103207.94332715408,12224.045130002196,191819.39354199858,751.5432
1783516191,4000,,Aggregated,12.500000,0.000000,103000,132000,142000,160000,171000,181000,191000,191000,192000,192000,192000,5000,0,103000.0,103207.94332715408,12224.045130002196,191819.39354199858,751.5432
1783516192,4000,,Aggregated,12.500000,0.000000,103000,132000,142000,160000,171000,181000,191000,191000,192000,192000,192000,5000,0,103000.0,103207.94332715408,12224.045130002196,191819.39354199858,751.5432
1783516193,4000,,Aggregated,12.500000,0.000000,103000,132000,142000,160000,171000,181000,191000,191000,192000,192000,192000,5000,0,103000.0,103207.94332715408,12224.045130002196,191819.39354199858,751.5432
1783516194,4000,,Aggregated,12.500000,0.000000,103000,132000,142000,160000,171000,181000,191000,191000,192000,192000,192000,5000,0,103000.0,103207.94332715408,12224.045130002196,191819.39354199858,751.5432
1783516195,4000,,Aggregated,12.500000,0.000000,103000,132000,142000,160000,171000,181000,191000,191000,192000,192000,192000,5000,0,103000.0,103207.94332715408,12224.045130002196,191819.39354199858,751.5432
1783516196,4000,,Aggregated,12.500000,0.000000,103000,132000,142000,160000,171000,181000,191000,191000,192000,192000,192000,5000,0,103000.0,103207.94332715408,12224.045130002196,191819.39354199858,751.5432
1783516197,4000,,Aggregated,12.500000,0.000000,103000,132000,142000,160000,171000,181000,191000,191000,192000,192000,192000,5000,0,103000.0,103207.94332715408,12224.045130002196,191819.39354199858,751.5432
1783516198,4000,,Aggregated,17.400000,0.000000,103000,132000,142000,160000,171000,181000,191000,191000,192000,199000,199000,5005,0,103000.0,103301.44773107,12224.045130002196,199390.60443699418,751.5118881118881
1783516199,4000,,Aggregated,7.500000,0.000000,108000,138000,151000,161000,180000,190000,192000,199000,200000,201000,201000,5121,0,108000.0,105398.21490245566,12224.045130002196,200732.63209700235,751.4583089240383
1783516200,4000,,Aggregated,2.900000,0.000000,109000,139000,152000,167000,181000,191000,194000,200000,201000,201000,201000,5295,0,109000.0,108240.41926619144,12224.045130002196,200805.61527200916,756.0593012275732
1783516201,4000,,Aggregated,2.900000,0.000000,112000,141000,161000,171000,182000,192000,200000,200000,201000,201000,201000,5513,0,112000.0,111315.46631291069,12224.045130002196,201126.67969599715,777.199709776891
1783516202,4000,,Aggregated,22.600000,0.000000,113000,151000,168000,177000,182000,192000,200000,200000,201000,202000,202000,5812,0,113000.0,114677.4838685597,12224.045130002196,201757.10899899423,794.8826565726084
1783516203,4000,,Aggregated,51.300000,0.000000,129000,152000,167000,171000,182000,192000,200000,201000,201000,202000,202000,6739,0,129000.0,119217.24007453836,12224.045130002196,201859.36807999678,915.7569372310431
1783516204,4000,,Aggregated,67.500000,0.000000,127000,142000,161000,170000,181000,192000,200000,200000,201000,202000,202000,7347,0,127000.0,118521.86626829836,12224.045130002196,201859.36807999678,976.4148632094733
1783516205,4000,,Aggregated,67.500000,0.000000,127000,142000,161000,169000,181000,192000,200000,200000,201000,202000,202000,7415,0,127000.0,118313.21353914333,12224.045130002196,201859.36807999678,985.8234659474039
1783516206,4000,,Aggregated,223.700000,0.000000,113000,139000,154000,167000,181000,191000,200000,200000,201000,202000,202000,8498,0,113000.0,111960.72141307306,12224.045130002196,201859.36807999678,1034.7775947281714
1783516207,4000,,Aggregated,241.500000,0.000000,108000,138000,152000,162000,180000,191000,200000,200000,201000,202000,202000,9110,0,108000.0,106025.27025006118,5991.8884100043215,201859.36807999678,1086.6534577387486
1783516208,4000,,Aggregated,292.000000,0.000000,99000,129000,142000,156000,180000,191000,196000,200000,201000,202000,202000,10038,0,99000.0,97216.7519334884,5654.486949992133,201859.36807999678,1226.7472604104403
1783516209,4000,,Aggregated,369.600000,0.000000,90000,127000,141000,154000,180000,190000,194000,200000,201000,202000,202000,10746,0,90000.0,91244.98957364439,5654.486949992133,201859.36807999678,1359.318909361623
1783516210,4000,,Aggregated,413.300000,0.000000,88000,126000,141000,152000,180000,190000,194000,200000,201000,202000,202000,11000,0,88000.0,89296.6256192066,5654.486949992133,201859.36807999678,1395.6295454545455
1783516212,4000,,Aggregated,552.100000,0.000000,83000,115000,139000,151000,178000,190000,193000,200000,201000,202000,202000,11888,0,83000.0,83120.17524010954,5301.965708000353,201859.36807999678,1537.8934219380887
1783516213,4000,,Aggregated,548.700000,0.000000,73000,112000,138000,142000,177000,182000,193000,200000,201000,202000,202000,12539,0,73000.0,79129.83987898057,5183.767455004272,201859.36807999678,1644.6371321476993
1783516214,4000,,Aggregated,587.800000,0.000000,64000,109000,132000,141000,171000,182000,193000,200000,201000,202000,202000,13256,0,64000.0,75212.43464080342,5183.767455004272,201859.36807999678,1803.7558086904044
1783516215,4000,,Aggregated,586.700000,0.000000,60000,102000,128000,140000,171000,181000,193000,200000,201000,202000,202000,13868,0,60000.0,72196.01982692654,5183.767455004272,201859.36807999678,1971.5995096625325
1783516216,4000,,Aggregated,558.300000,0.000000,53000,101000,128000,139000,171000,181000,193000,200000,201000,202000,202000,14332,0,53000.0,70089.61512522608,5183.767455004272,201859.36807999678,2107.7807703042145
1783516217,4000,,Aggregated,586.300000,0.000000,47000,99000,127000,139000,170000,181000,193000,200000,201000,202000,202000,14772,0,47000.0,68226.01575923123,5183.767455004272,201859.36807999678,2264.6540075819116
1783516218,4000,,Aggregated,611.800000,0.000000,44000,98000,125000,139000,169000,181000,193000,200000,201000,202000,202000,15112,0,44000.0,66848.55219956563,5183.767455004272,201859.36807999678,2358.4484515616728
1783516219,4000,,Aggregated,576.100000,0.000000,40000,92000,122000,138000,168000,181000,193000,200000,201000,202000,202000,15480,0,40000.0,65429.614234822686,5183.767455004272,201859.36807999678,2443.614018087855
1783516220,4000,,Aggregated,570.300000,0.000000,36000,92000,122000,138000,168000,181000,193000,200000,201000,202000,202000,15677,0,36000.0,64702.600462161136,5183.767455004272,201859.36807999678,2490.106270332334
1783516221,4000,,Aggregated,513.000000,0.000000,34000,88000,115000,132000,168000,181000,192000,200000,201000,202000,202000,16200,0,34000.0,62899.43080475295,5183.767455004272,201859.36807999678,2643.6803703703704
1783516222,4000,,Aggregated,480.300000,0.000000,33000,87000,113000,132000,167000,181000,192000,200000,201000,202000,202000,16506,0,33000.0,61907.296811465574,5183.767455004272,201859.36807999678,2714.998667151339
1783516223,4000,,Aggregated,473.300000,0.000000,30000,87000,113000,131000,167000,181000,192000,200000,201000,202000,202000,16733,0,30000.0,61201.98166861513,5183.767455004272,201859.36807999678,2766.5128189804577
1783516224,4000,,Aggregated,466.700000,0.000000,24000,86000,113000,129000,167000,181000,192000,200000,201000,202000,202000,16924,0,24000.0,60619.96378732548,5183.767455004272,201859.36807999678,2785.277593949421
1783516225,4000,,Aggregated,408.400000,0.000000,23000,83000,112000,129000,167000,181000,192000,200000,201000,202000,202000,17079,0,23000.0,60162.82710279795,5183.767455004272,201859.36807999678,2803.881784647813
1783516226,4000,,Aggregated,392.800000,0.000000,22000,83000,112000,128000,167000,181000,192000,200000,201000,202000,202000,17246,0,22000.0,59694.15228979887,5183.767455004272,201859.36807999678,2836.495361243187
1783516227,4000,,Aggregated,365.200000,0.000000,21000,83000,112000,128000,167000,181000,192000,200000,201000,202000,202000,17394,0,21000.0,59287.47830696178,5183.767455004272,201859.36807999678,2846.85046567782
1783516228,4000,,Aggregated,304.400000,0.000000,20000,83000,112000,128000,166000,181000,192000,200000,201000,202000,202000,17546,0,20000.0,58881.45250737805,5183.767455004272,201859.36807999678,2859.8060526615754
1783516229,4000,,Aggregated,280.100000,0.000000,18000,76000,109000,128000,166000,181000,192000,200000,201000,202000,202000,17695,0,18000.0,58497.79920524033,5183.767455004272,201859.36807999678,2874.1007064142414
1783516230,4000,,Aggregated,255.600000,0.000000,16000,75000,109000,128000,166000,181000,192000,200000,201000,202000,202000,17859,0,16000.0,58088.16259581853,5183.767455004272,201859.36807999678,2897.6894003023685
1783516231,4000,,Aggregated,235.400000,0.000000,14000,74000,109000,128000,162000,180000,192000,200000,201000,202000,202000,18023,0,14000.0,57687.0572380237,5183.767455004272,201859.36807999678,2917.675747655773
1783516232,4000,,Aggregated,214.700000,0.000000,14000,74000,108000,127000,162000,180000,192000,200000,201000,202000,202000,18172,0,14000.0,57331.51599438927,5183.767455004272,201859.36807999678,2935.3706251375743
1783516233,4000,,Aggregated,212.800000,0.000000,14000,73000,103000,127000,161000,180000,192000,200000,201000,202000,202000,18353,0,14000.0,56912.974488545246,5183.767455004272,201859.36807999678,2960.5911295156106
1783516234,4000,,Aggregated,180.800000,0.000000,14000,73000,103000,127000,161000,180000,192000,200000,201000,202000,202000,18488,0,14000.0,56606.54059216075,5183.767455004272,201859.36807999678,2975.9549978364344
1783516236,4000,,Aggregated,165.700000,0.000000,14000,73000,102000,126000,161000,180000,192000,200000,201000,202000,202000,18638,0,14000.0,56279.80319427008,5183.767455004272,201859.36807999678,3001.074686125121
1783516237,4000,,Aggregated,155.800000,0.000000,14000,70000,102000,125000,161000,180000,192000,200000,201000,202000,202000,18844,0,14000.0,55857.85767610764,5183.767455004272,201859.36807999678,3065.6189237953727
1783516238,4000,,Aggregated,155.600000,0.000000,14000,70000,102000,123000,161000,180000,192000,199000,201000,202000,202000,19090,0,14000.0,55371.19790841422,5183.767455004272,201859.36807999678,3156.017653221582
1783516239,4000,,Aggregated,158.400000,0.000000,14000,64000,101000,122000,161000,180000,192000,199000,201000,202000,202000,19431,0,14000.0,54729.041073227985,5183.767455004272,201859.36807999678,3303.934280273789
1783516240,4000,,Aggregated,158.400000,0.000000,14000,63000,100000,122000,161000,180000,191000,199000,201000,202000,202000,19764,0,14000.0,54130.99296439512,5183.767455004272,201859.36807999678,3449.1124772313296
1783516241,4000,,Aggregated,184.800000,0.000000,15000,62000,99000,115000,156000,180000,191000,195000,201000,202000,202000,20153,0,15000.0,53441.30361453027,5183.767455004272,201859.36807999678,3596.2370366694786
1783516242,4000,,Aggregated,204.500000,0.000000,15000,59000,98000,114000,155000,180000,191000,195000,201000,202000,202000,20501,0,15000.0,52838.30474026806,5183.767455004272,201859.36807999678,3712.3993951514562
1783516243,4000,,Aggregated,223.900000,0.000000,15000,53000,93000,113000,155000,180000,191000,195000,201000,202000,202000,20841,0,15000.0,52252.19824673408,5183.767455004272,201859.36807999678,3810.8387313468643
1783516244,4000,,Aggregated,225.800000,0.000000,15000,50000,92000,113000,154000,180000,191000,194000,201000,202000,202000,21183,0,15000.0,51683.603738638594,5183.767455004272,201859.36807999678,3913.1640938488413
1783516245,4000,,Aggregated,257.000000,0.000000,15000,47000,89000,112000,153000,180000,191000,194000,201000,202000,202000,21551,0,15000.0,51088.73182464043,5183.767455004272,201859.36807999678,4027.599554545033
1783516246,4000,,Aggregated,270.600000,0.000000,15000,46000,88000,112000,153000,180000,191000,194000,201000,202000,202000,21869,0,15000.0,50596.69910599661,5183.767455004272,201859.36807999678,4133.6383007910745
1783516247,4000,,Aggregated,294.400000,0.000000,14000,45000,88000,109000,152000,180000,191000,194000,201000,202000,202000,22124,0,14000.0,50172.6236357863,5183.767455004272,201859.36807999678,4163.3389531730245
1783516248,4000,,Aggregated,310.300000,0.000000,14000,44000,88000,109000,152000,180000,191000,194000,201000,202000,202000,22281,0,14000.0,49922.25410248366,5183.767455004272,201859.36807999678,4193.008527444908
1783516249,4000,,Aggregated,302.700000,0.000000,14000,44000,87000,109000,152000,180000,191000,194000,201000,202000,202000,22408,0,14000.0,49722.42989340632,5183.767455004272,201859.36807999678,4215.1436540521245
1783516250,4000,,Aggregated,314.800000,0.000000,14000,43000,87000,109000,152000,179000,191000,194000,201000,202000,202000,22527,0,14000.0,49537.277940700005,5183.767455004272,201859.36807999678,4233.866737692547
1783516251,4000,,Aggregated,288.800000,0.000000,14000,41000,87000,108000,152000,179000,191000,194000,201000,202000,202000,22750,0,14000.0,49211.3203985518,5183.767455004272,201859.36807999678,4293.9913406593405
1783516252,4000,,Aggregated,266.600000,0.000000,14000,40000,87000,108000,152000,179000,191000,194000,201000,202000,202000,22878,0,14000.0,48999.1005335234,5183.767455004272,201859.36807999678,4284.803435615001
1783516253,4000,,Aggregated,242.900000,0.000000,14000,37000,86000,103000,151000,179000,191000,194000,201000,202000,202000,23034,0,14000.0,48767.91321431554,5183.767455004272,201859.36807999678,4307.288226100547
1783516255,4000,,Aggregated,246.600000,0.000000,14000,35000,84000,103000,151000,179000,191000,194000,201000,202000,202000,23208,0,14000.0,48515.84600439498,5183.767455004272,201859.36807999678,4331.177051016891
1783516256,4000,,Aggregated,213.500000,0.000000,14000,35000,83000,102000,151000,179000,191000,193000,201000,202000,202000,23377,0,14000.0,48269.804243849074,5183.767455004272,201859.36807999678,4345.798904906532
1783516257,4000,,Aggregated,197.400000,0.000000,14000,34000,83000,102000,151000,179000,191000,193000,201000,202000,202000,23441,0,14000.0,48176.13215417731,5183.767455004272,201859.36807999678,4347.262062198712
1783516258,4000,,Aggregated,163.600000,0.000000,14000,34000,83000,102000,151000,178000,191000,193000,201000,202000,202000,23784,0,14000.0,47710.95170221325,5183.767455004272,201859.36807999678,4393.794904137235
1783516259,4000,,Aggregated,157.200000,0.000000,14000,33000,77000,102000,151000,178000,191000,193000,201000,202000,202000,23986,0,14000.0,47449.12081326838,5183.767455004272,201859.36807999678,4437.704952889186
1783516260,4000,,Aggregated,160.700000,0.000000,14000,33000,76000,101000,143000,177000,191000,193000,201000,202000,202000,24201,0,14000.0,47171.32795487032,5183.767455004272,201859.36807999678,4471.401181769348
1783516261,4000,,Aggregated,167.600000,0.000000,14000,30000,74000,100000,143000,177000,191000,193000,201000,202000,202000,24488,0,14000.0,46827.558496596444,5183.767455004272,201859.36807999678,4548.678087226396
1783516262,4000,,Aggregated,171.500000,0.000000,14000,25000,74000,100000,142000,177000,191000,193000,201000,202000,202000,24788,0,14000.0,46477.67828358457,5183.767455004272,201859.36807999678,4622.264805551074
1783516263,4000,,Aggregated,188.300000,0.000000,14000,24000,73000,99000,142000,177000,191000,193000,201000,202000,202000,25124,0,14000.0,46102.31997200324,5183.767455004272,201859.36807999678,4719.753064798599
1783516264,4000,,Aggregated,188.300000,0.000000,14000,24000,73000,99000,142000,177000,191000,193000,201000,202000,202000,25194,0,14000.0,46025.3124664778,5183.767455004272,201859.36807999678,4739.612963403985
1783516265,4000,,Aggregated,216.100000,0.000000,14000,24000,70000,98000,142000,171000,191000,193000,201000,202000,202000,25744,0,14000.0,45424.71413428635,5183.767455004272,201859.36807999678,4863.851149782474
1783516266,4000,,Aggregated,216.000000,0.000000,14000,24000,69000,93000,142000,171000,191000,193000,201000,202000,202000,26010,0,14000.0,45135.90324580942,5183.767455004272,201859.36807999678,4921.013264129181
1783516267,4000,,Aggregated,240.400000,0.000000,14000,24000,65000,92000,141000,171000,191000,193000,201000,202000,202000,26366,0,14000.0,44757.899073484085,5183.767455004272,201859.36807999678,4999.689107183494
1783516268,4000,,Aggregated,248.500000,0.000000,14000,24000,63000,92000,141000,171000,190000,193000,201000,202000,202000,26629,0,14000.0,44476.71378777024,5183.767455004272,201859.36807999678,5045.410642532577
1783516269,4000,,Aggregated,274.300000,0.000000,14000,23000,63000,90000,141000,171000,190000,193000,201000,202000,202000,26846,0,14000.0,44245.83825155936,5183.767455004272,201859.36807999678,5073.925277508753
1783516270,4000,,Aggregated,274.300000,0.000000,14000,23000,63000,89000,141000,171000,190000,193000,201000,202000,202000,27053,0,14000.0,44018.971512192635,5183.767455004272,201859.36807999678,5087.394817580305
1783516271,4000,,Aggregated,275.800000,0.000000,14000,23000,62000,89000,141000,171000,190000,193000,201000,202000,202000,27178,0,14000.0,43886.460361274534,5183.767455004272,201859.36807999678,5096.797041724924
1783516272,4000,,Aggregated,282.100000,0.000000,14000,23000,61000,88000,141000,171000,190000,193000,201000,202000,202000,27477,0,14000.0,43577.901010571746,5183.767455004272,201859.36807999678,5120.770680933144
1783516273,4000,,Aggregated,273.700000,0.000000,14000,23000,61000,88000,140000,171000,190000,193000,201000,202000,202000,27637,0,14000.0,43416.72139305499,5183.767455004272,201859.36807999678,5136.240510909288
1783516274,4000,,Aggregated,248.400000,0.000000,14000,23000,59000,88000,140000,171000,190000,193000,201000,202000,202000,27884,0,14000.0,43183.10808496778,5183.767455004272,201859.36807999678,5180.032706928705
1783516275,4000,,Aggregated,244.000000,0.000000,14000,23000,54000,87000,140000,171000,190000,193000,201000,202000,202000,28031,0,14000.0,43017.58729977403,5183.767455004272,201859.36807999678,5167.062430880097
1783516277,4000,,Aggregated,244.500000,0.000000,14000,23000,54000,87000,140000,171000,190000,193000,201000,202000,202000,28184,0,14000.0,42867.009031093214,5183.767455004272,201859.36807999678,5176.538142208346
1783516278,4000,,Aggregated,227.400000,0.000000,14000,23000,53000,87000,140000,171000,190000,193000,201000,202000,202000,28347,0,14000.0,42712.062331617475,5183.767455004272,201859.36807999678,5189.899918862666
1783516279,4000,,Aggregated,200.000000,0.000000,14000,23000,53000,87000,140000,171000,190000,193000,201000,202000,202000,28466,0,14000.0,42599.016727663926,5183.767455004272,201859.36807999678,5195.797969507483
1783516280,4000,,Aggregated,186.800000,0.000000,14000,23000,53000,87000,139000,171000,190000,193000,201000,202000,202000,28635,0,14000.0,42438.685601489284,5183.767455004272,201859.36807999678,5202.705744718002
1783516281,4000,,Aggregated,174.700000,0.000000,14000,23000,49000,86000,139000,171000,190000,193000,201000,202000,202000,28875,0,14000.0,42217.294725366795,5183.767455004272,201859.36807999678,5221.342164502164
1783516282,4000,,Aggregated,168.800000,0.000000,14000,23000,48000,83000,139000,170000,190000,193000,201000,202000,202000,29102,0,14000.0,42015.74330641643,5183.767455004272,201859.36807999678,5241.840938767095
1783516284,4000,,Aggregated,191.900000,0.000000,14000,23000,47000,83000,139000,170000,190000,193000,201000,202000,202000,29506,0,14000.0,41697.460491361264,5183.767455004272,201859.36807999678,5337.850606656273
1783516285,4000,,Aggregated,190.100000,0.000000,14000,23000,45000,76000,139000,169000,190000,193000,201000,202000,202000,30078,0,14000.0,41214.97344136301,5183.767455004272,201859.36807999678,5388.953088636213
1783516286,4000,,Aggregated,180.700000,0.000000,14000,23000,44000,75000,139000,169000,190000,193000,201000,202000,202000,30365,0,14000.0,40979.20684360919,5183.767455004272,201859.36807999678,5420.349184916845
1783516287,4000,,Aggregated,215.900000,0.000000,14000,23000,43000,74000,138000,168000,182000,193000,201000,202000,202000,30763,0,14000.0,40665.68667739986,5183.767455004272,201859.36807999678,5482.1539836816955
1783516288,4000,,Aggregated,231.000000,0.000000,14000,23000,40000,73000,138000,168000,182000,193000,201000,202000,202000,31137,0,14000.0,40376.10087922041,5183.767455004272,201859.36807999678,5539.108006551691
1783516289,4000,,Aggregated,255.200000,0.000000,14000,23000,36000,73000,138000,168000,182000,193000,201000,202000,202000,31518,0,14000.0,40083.96056479474,5183.767455004272,201859.36807999678,5596.192429722698
1783516290,4000,,Aggregated,276.400000,0.000000,14000,23000,35000,73000,133000,168000,182000,193000,201000,202000,202000,31807,0,14000.0,39855.89914146343,5183.767455004272,201859.36807999678,5620.958342503222
1783516291,4000,,Aggregated,303.100000,0.000000,14000,23000,34000,70000,132000,168000,182000,192000,201000,202000,202000,32398,0,14000.0,39399.46351563882,5183.767455004272,201859.36807999678,5673.9978702389035
1783516292,4000,,Aggregated,317.400000,0.000000,14000,23000,33000,69000,132000,168000,182000,192000,201000,202000,202000,32597,0,14000.0,39218.77302636647,5183.767455004272,201859.36807999678,5655.374114182287
1783516293,4000,,Aggregated,293.700000,0.000000,14000,23000,33000,69000,132000,167000,182000,192000,201000,202000,202000,32820,0,14000.0,39023.55901873165,5183.767455004272,201859.36807999678,5638.787568555758
1783516294,4000,,Aggregated,331.400000,0.000000,13000,23000,33000,64000,132000,167000,182000,192000,201000,202000,202000,33010,0,13000.0,38872.3370331717,5183.767455004272,201859.36807999678,5639.392699182066
1783516295,4000,,Aggregated,323.700000,0.000000,13000,23000,30000,63000,131000,167000,182000,192000,201000,202000,202000,33273,0,13000.0,38664.565685323374,5183.767455004272,201859.36807999678,5638.351846842786
1783516296,4000,,Aggregated,337.500000,0.000000,13000,23000,30000,63000,131000,167000,182000,192000,201000,202000,202000,33481,0,13000.0,38497.82702222762,5183.767455004272,201859.36807999678,5629.856127355813
1783516297,4000,,Aggregated,297.800000,0.000000,13000,23000,26000,63000,131000,167000,182000,192000,201000,202000,202000,33706,0,13000.0,38320.86489641609,5183.767455004272,201859.36807999678,5618.110217765383
1783516298,4000,,Aggregated,294.500000,0.000000,13000,23000,25000,63000,129000,167000,182000,192000,201000,202000,202000,33910,0,13000.0,38169.78983315905,5183.767455004272,201859.36807999678,5613.843379534061
1783516299,4000,,Aggregated,276.200000,0.000000,13000,23000,25000,62000,129000,167000,182000,192000,201000,202000,202000,34135,0,13000.0,38002.27367318724,5183.767455004272,201859.36807999678,5603.0184268346275
1783516300,4000,,Aggregated,260.800000,0.000000,13000,23000,24000,61000,129000,167000,182000,192000,201000,202000,202000,34350,0,13000.0,37848.01869805667,5183.767455004272,201859.36807999678,5596.871149927219
1783516301,4000,,Aggregated,243.600000,0.000000,13000,23000,24000,60000,128000,167000,181000,192000,201000,202000,202000,34642,0,13000.0,37654.483714613234,5183.767455004272,201859.36807999678,5615.633277524393
1783516302,4000,,Aggregated,234.000000,0.000000,13000,23000,24000,59000,128000,167000,181000,192000,201000,202000,202000,34860,0,13000.0,37495.560714314735,5183.767455004272,201859.36807999678,5599.5404761904765
1783516303,4000,,Aggregated,255.400000,0.000000,13000,23000,24000,54000,128000,166000,181000,192000,201000,202000,202000,35129,0,13000.0,37314.48349796033,5183.767455004272,201859.36807999678,5597.151897292835
1783516305,4000,,Aggregated,225.800000,0.000000,13000,23000,24000,54000,128000,166000,181000,192000,201000,202000,202000,35171,0,13000.0,37288.19821215116,5183.767455004272,201859.36807999678,5600.046913650451
1783516306,4000,,Aggregated,232.000000,0.000000,13000,23000,24000,53000,128000,166000,181000,192000,201000,202000,202000,35726,0,13000.0,36933.83878681222,5183.767455004272,201859.36807999678,5596.8948664837935
1783516307,4000,,Aggregated,214.600000,0.000000,13000,23000,24000,52000,128000,165000,181000,192000,201000,202000,202000,35995,0,13000.0,36765.906271017964,5183.767455004272,201859.36807999678,5600.543797749688
1783516308,4000,,Aggregated,233.900000,0.000000,13000,23000,24000,48000,128000,162000,181000,192000,201000,202000,202000,36282,0,13000.0,36592.58243099902,5183.767455004272,201859.36807999678,5610.847362328427
1783516309,4000,,Aggregated,238.700000,0.000000,13000,23000,24000,48000,127000,162000,181000,192000,201000,202000,202000,36532,0,13000.0,36437.18565337656,5183.767455004272,201859.36807999678,5613.213429322238
1783516310,4000,,Aggregated,243.900000,0.000000,13000,22000,24000,47000,127000,161000,181000,192000,201000,202000,202000,36818,0,13000.0,36266.47204491501,5183.767455004272,201859.36807999678,5619.518605030148
1783516311,4000,,Aggregated,249.800000,0.000000,13000,22000,24000,47000,127000,161000,181000,192000,201000,202000,202000,37062,0,13000.0,36120.06229553606,5183.767455004272,201859.36807999678,5621.145297069775
1783516312,4000,,Aggregated,257.700000,0.000000,13000,22000,24000,46000,126000,161000,181000,192000,201000,202000,202000,37313,0,13000.0,35974.304280724995,5183.767455004272,201859.36807999678,5625.705142979658
1783516313,4000,,Aggregated,259.700000,0.000000,13000,22000,24000,45000,126000,161000,181000,192000,201000,202000,202000,37588,0,13000.0,35811.32532407035,5183.767455004272,201859.36807999678,5626.727625838033
1783516314,4000,,Aggregated,258.300000,0.000000,13000,22000,24000,44000,125000,161000,181000,192000,201000,202000,202000,37849,0,13000.0,35658.40208702406,5183.767455004272,201859.36807999678,5629.175592485931
1783516315,4000,,Aggregated,261.500000,0.000000,13000,22000,24000,44000,123000,161000,181000,192000,201000,202000,202000,38109,0,13000.0,35515.656097627136,5183.767455004272,201859.36807999678,5642.849169487523
1783516316,4000,,Aggregated,261.400000,0.000000,13000,22000,23000,43000,123000,161000,181000,192000,201000,202000,202000,38299,0,13000.0,35401.44019638848,5183.767455004272,201859.36807999678,5636.4755476644295
1783516318,4000,,Aggregated,286.900000,0.000000,13000,22000,23000,43000,122000,161000,181000,192000,201000,202000,202000,38571,0,13000.0,35250.26084277854,5183.767455004272,201859.36807999678,5641.135905213761
1783516319,4000,,Aggregated,257.000000,0.000000,13000,22000,23000,37000,122000,161000,181000,191000,201000,202000,202000,39120,0,13000.0,34947.85398471265,5183.767455004272,201859.36807999678,5636.565925357873
1783516320,4000,,Aggregated,241.300000,0.000000,13000,22000,23000,36000,122000,161000,181000,191000,201000,202000,202000,39368,0,13000.0,34811.93902636626,5183.767455004272,201859.36807999678,5635.4228307254625
1783516321,4000,,Aggregated,245.700000,0.000000,13000,22000,23000,35000,122000,161000,181000,191000,201000,202000,202000,39574,0,13000.0,34701.0544878369,5183.767455004272,201859.36807999678,5633.145171071916
1783516322,4000,,Aggregated,249.600000,0.000000,13000,22000,23000,34000,122000,161000,181000,191000,201000,202000,202000,39820,0,13000.0,34572.26299435584,5183.767455004272,201859.36807999678,5631.269964841788
1783516323,4000,,Aggregated,247.800000,0.000000,13000,22000,23000,34000,116000,156000,181000,191000,201000,201000,202000,40058,0,13000.0,34450.43804780973,5183.767455004272,201859.36807999678,5632.610090368965
1783516324,4000,,Aggregated,243.100000,0.000000,13000,22000,23000,34000,115000,156000,181000,191000,201000,201000,202000,40259,0,13000.0,34346.786157026276,5183.767455004272,201859.36807999678,5628.6282818748605
1783516325,4000,,Aggregated,240.500000,0.000000,13000,22000,23000,34000,115000,156000,181000,191000,201000,201000,202000,40509,0,13000.0,34220.63917277952,5183.767455004272,201859.36807999678,5626.979189809672
1783516326,4000,,Aggregated,236.800000,0.000000,13000,22000,23000,33000,114000,155000,181000,191000,201000,201000,202000,40765,0,13000.0,34094.71879749951,5183.767455004272,201859.36807999678,5627.816092235987
1783516327,4000,,Aggregated,232.300000,0.000000,13000,22000,23000,33000,114000,155000,181000,191000,201000,201000,202000,41018,0,13000.0,33972.96025667426,5183.767455004272,201859.36807999678,5631.883490175045
1783516328,4000,,Aggregated,237.200000,0.000000,13000,22000,23000,32000,113000,155000,181000,191000,201000,201000,202000,41334,0,13000.0,33837.05562973655,5183.767455004272,201859.36807999678,5655.392800116128
1783516329,4000,,Aggregated,238.500000,0.000000,13000,22000,23000,30000,113000,155000,181000,191000,201000,201000,202000,41538,0,13000.0,33728.703590104735,5183.767455004272,201859.36807999678,5639.241489720256
1783516330,4000,,Aggregated,252.200000,0.000000,13000,22000,23000,30000,113000,154000,181000,191000,201000,201000,202000,41775,0,13000.0,33613.5308115864,5183.767455004272,201859.36807999678,5635.224153201676
1783516331,4000,,Aggregated,252.600000,0.000000,13000,22000,23000,27000,113000,154000,181000,191000,201000,201000,202000,42037,0,13000.0,33489.394327965536,5183.767455004272,201859.36807999678,5634.282132407165
1783516333,4000,,Aggregated,238.800000,0.000000,13000,22000,23000,25000,113000,154000,181000,191000,201000,201000,202000,42218,0,13000.0,33405.02017023906,5183.767455004272,201859.36807999678,5633.1199251504095
1783516334,4000,,Aggregated,242.900000,0.000000,13000,22000,23000,25000,112000,154000,181000,191000,201000,201000,202000,42744,0,13000.0,33175.93209938413,5183.767455004272,201859.36807999678,5634.0623947220665
1783516335,4000,,Aggregated,232.200000,0.000000,13000,22000,23000,24000,112000,154000,181000,191000,201000,201000,202000,43010,0,13000.0,33062.13135321884,5183.767455004272,201859.36807999678,5638.132318065566
1783516336,4000,,Aggregated,210.500000,0.000000,13000,22000,23000,24000,112000,153000,181000,191000,201000,201000,202000,43211,0,13000.0,32974.73178440762,5183.767455004272,201859.36807999678,5638.890421420471
1783516337,4000,,Aggregated,240.900000,0.000000,13000,22000,23000,24000,112000,153000,181000,191000,201000,201000,202000,43444,0,13000.0,32877.76213656746,5183.767455004272,201859.36807999678,5640.91126507688
1783516338,4000,,Aggregated,244.900000,0.000000,13000,22000,23000,24000,112000,153000,181000,191000,201000,201000,202000,43719,0,13000.0,32763.206566307115,5183.767455004272,201859.36807999678,5642.213774331526
1783516339,4000,,Aggregated,240.000000,0.000000,13000,22000,23000,24000,111000,152000,181000,191000,201000,201000,202000,43930,0,13000.0,32672.08937337219,5183.767455004272,201859.36807999678,5639.194491236058
1783516340,4000,,Aggregated,239.600000,0.000000,13000,22000,23000,24000,109000,152000,181000,191000,201000,201000,202000,44161,0,13000.0,32576.310596672716,5183.767455004272,201859.36807999678,5638.394239260886
1783516341,4000,,Aggregated,233.400000,0.000000,13000,22000,23000,24000,109000,152000,181000,191000,201000,201000,202000,44401,0,13000.0,32477.824326231217,5183.767455004272,201859.36807999678,5636.250557419878
1783516342,4000,,Aggregated,235.400000,0.000000,13000,22000,23000,24000,109000,152000,181000,191000,201000,201000,202000,44629,0,13000.0,32383.811464399278,5183.767455004272,201859.36807999678,5631.262519886172
1783516343,4000,,Aggregated,234.300000,0.000000,13000,22000,23000,24000,109000,152000,181000,191000,201000,201000,202000,44851,0,13000.0,32295.700750924243,5183.767455004272,201859.36807999678,5629.6910882700495
1783516344,4000,,Aggregated,233.700000,0.000000,13000,22000,23000,24000,109000,152000,180000,191000,201000,201000,202000,45125,0,13000.0,32197.33044473394,5183.767455004272,201859.36807999678,5646.534227146814
1783516345,4000,,Aggregated,243.600000,0.000000,13000,22000,23000,24000,108000,152000,180000,191000,201000,201000,202000,45385,0,13000.0,32091.76627051519,5183.767455004272,201859.36807999678,5643.893797510191
1783516346,4000,,Aggregated,274.700000,0.000000,12000,22000,23000,24000,108000,152000,180000,191000,201000,201000,202000,45624,0,12000.0,31999.623710794014,5183.767455004272,201859.36807999678,5645.09705418201
1783516347,4000,,Aggregated,238.100000,0.000000,12000,22000,23000,24000,104000,152000,180000,191000,201000,201000,202000,45825,0,12000.0,31917.48224013509,5183.767455004272,201859.36807999678,5639.432929623568
1783516349,4000,,Aggregated,237.900000,0.000000,12000,22000,23000,24000,103000,152000,180000,191000,201000,201000,202000,45922,0,12000.0,31879.236935840952,5183.767455004272,201859.36807999678,5636.527960454684
1783516350,4000,,Aggregated,235.100000,0.000000,13000,22000,23000,24000,102000,151000,180000,191000,201000,201000,202000,46545,0,13000.0,31657.16075643655,5183.767455004272,201859.36807999678,5642.002212912235
1783516351,4000,,Aggregated,217.700000,0.000000,12000,22000,23000,24000,102000,151000,180000,191000,201000,201000,202000,46746,0,12000.0,31584.604045989676,5183.767455004272,201859.36807999678,5643.469537500535
1783516352,4000,,Aggregated,218.500000,0.000000,12000,22000,23000,24000,102000,151000,180000,191000,201000,201000,202000,46960,0,12000.0,31504.947334545453,5183.767455004272,201859.36807999678,5639.502981260647
1783516353,4000,,Aggregated,240.700000,0.000000,12000,22000,23000,24000,102000,151000,180000,191000,201000,201000,202000,47186,0,12000.0,31423.836257042403,5183.767455004272,201859.36807999678,5639.306001780189
1783516354,4000,,Aggregated,236.100000,0.000000,12000,22000,23000,24000,102000,151000,180000,191000,201000,201000,202000,47423,0,12000.0,31341.44003898303,5183.767455004272,201859.36807999678,5640.448811758008
1783516355,4000,,Aggregated,237.100000,0.000000,12000,22000,23000,24000,102000,151000,180000,191000,201000,201000,202000,47675,0,12000.0,31256.545328691198,5183.767455004272,201859.36807999678,5644.219695857368
1783516356,4000,,Aggregated,227.900000,0.000000,12000,22000,23000,24000,102000,151000,180000,191000,201000,201000,202000,47930,0,12000.0,31168.06055388321,5183.767455004272,201859.36807999678,5644.962340913833
1783516357,4000,,Aggregated,233.300000,0.000000,12000,22000,23000,24000,102000,143000,180000,191000,201000,201000,202000,48148,0,12000.0,31091.26501218069,5183.767455004272,201859.36807999678,5643.531403173548
1783516358,4000,,Aggregated,232.500000,0.000000,12000,22000,23000,24000,101000,143000,180000,191000,201000,201000,202000,48387,0,12000.0,31008.99682679076,5183.767455004272,201859.36807999678,5642.754500175667
1783516359,4000,,Aggregated,234.800000,0.000000,12000,22000,23000,24000,101000,143000,180000,191000,201000,201000,202000,48725,0,12000.0,30908.636723180523,5183.767455004272,201859.36807999678,5664.78955361724
1783516360,4000,,Aggregated,236.700000,0.000000,12000,22000,23000,24000,101000,143000,180000,191000,201000,201000,202000,48911,0,12000.0,30836.21530695978,5183.767455004272,201859.36807999678,5652.520782646031
1783516361,4000,,Aggregated,251.400000,0.000000,12000,22000,23000,24000,100000,142000,180000,191000,201000,201000,202000,49180,0,12000.0,30746.099031337566,5183.767455004272,201859.36807999678,5656.781293208622
1783516362,4000,,Aggregated,261.300000,0.000000,12000,22000,23000,24000,100000,142000,180000,191000,201000,201000,202000,49437,0,12000.0,30656.92494209228,5183.767455004272,201859.36807999678,5653.260392014078
1783516363,4000,,Aggregated,235.300000,0.000000,12000,22000,23000,24000,99000,142000,180000,191000,201000,201000,202000,49648,0,12000.0,30584.112900843436,5183.767455004272,201859.36807999678,5650.883781824041
1783516365,4000,,Aggregated,242.900000,0.000000,12000,22000,23000,24000,99000,142000,180000,191000,201000,201000,202000,49765,0,12000.0,30547.05534507769,5183.767455004272,201859.36807999678,5652.447342509796
1783516366,4000,,Aggregated,245.600000,0.000000,12000,22000,23000,23000,99000,142000,180000,191000,201000,201000,202000,50441,0,12000.0,30337.62016973717,5183.767455004272,201859.36807999678,5656.582423028885
1783516367,4000,,Aggregated,228.000000,0.000000,12000,22000,23000,23000,99000,142000,180000,191000,201000,201000,202000,50689,0,12000.0,30258.826519140963,5183.767455004272,201859.36807999678,5659.861508414055
1783516368,4000,,Aggregated,213.800000,0.000000,12000,22000,23000,23000,99000,142000,180000,191000,201000,201000,202000,50917,0,12000.0,30186.119729755945,5183.767455004272,201859.36807999678,5659.930219769429
1783516369,4000,,Aggregated,249.200000,0.000000,12000,22000,23000,23000,98000,142000,180000,191000,201000,201000,202000,51182,0,12000.0,30103.044979356317,5183.767455004272,201859.36807999678,5660.359364620374
1783516370,4000,,Aggregated,253.100000,0.000000,12000,22000,23000,23000,98000,142000,180000,191000,201000,201000,202000,51427,0,12000.0,30026.182398225643,5183.767455004272,201859.36807999678,5661.303109261672
1783516371,4000,,Aggregated,252.300000,0.000000,12000,22000,23000,23000,93000,142000,180000,191000,201000,201000,202000,51703,0,12000.0,29939.651332779562,5183.767455004272,201859.36807999678,5663.0897046593045
1783516372,4000,,Aggregated,247.300000,0.000000,12000,22000,23000,23000,93000,142000,180000,191000,201000,201000,202000,51935,0,12000.0,29867.428505889,5183.767455004272,201859.36807999678,5663.14878213151
1783516373,4000,,Aggregated,251.600000,0.000000,12000,22000,23000,23000,93000,141000,180000,191000,201000,201000,202000,52163,0,12000.0,29796.347333298363,5183.767455004272,201859.36807999678,5661.375055115695
1783516374,4000,,Aggregated,250.800000,0.000000,12000,22000,23000,23000,93000,141000,180000,191000,201000,201000,202000,52416,0,12000.0,29719.700541917708,5183.767455004272,201859.36807999678,5660.763717185592
1783516375,4000,,Aggregated,252.200000,0.000000,12000,22000,23000,23000,92000,141000,180000,191000,201000,201000,202000,52754,0,12000.0,29628.153546952268,5183.767455004272,201859.36807999678,5682.052166660348
1783516376,4000,,Aggregated,250.500000,0.000000,12000,22000,23000,23000,92000,141000,180000,191000,201000,201000,202000,52969,0,12000.0,29554.914755671085,5183.767455004272,201859.36807999678,5672.301289433442
1783516377,4000,,Aggregated,282.100000,0.000000,12000,21000,23000,23000,92000,141000,180000,190000,201000,201000,202000,53216,0,12000.0,29479.33609590074,5183.767455004272,201859.36807999678,5673.620339747445
1783516378,4000,,Aggregated,289.900000,0.000000,12000,21000,23000,23000,92000,141000,180000,190000,201000,201000,202000,53473,0,12000.0,29397.20848310658,5183.767455004272,201859.36807999678,5668.850934116283
1783516379,4000,,Aggregated,252.400000,0.000000,12000,21000,23000,23000,90000,141000,180000,190000,201000,201000,202000,53723,0,12000.0,29318.95232061129,5183.767455004272,201859.36807999678,5663.736723563465
1783516381,4000,,Aggregated,254.300000,0.000000,12000,21000,23000,23000,90000,141000,180000,190000,201000,201000,202000,53783,0,12000.0,29301.930687260454,5183.767455004272,201859.36807999678,5664.9040217168995
1783516382,4000,,Aggregated,252.600000,0.000000,12000,21000,23000,23000,89000,141000,180000,190000,201000,201000,202000,54441,0,12000.0,29123.356749770388,5183.767455004272,201859.36807999678,5665.760897117981
1783516383,4000,,Aggregated,231.000000,0.000000,12000,21000,23000,23000,88000,141000,180000,190000,201000,201000,202000,54672,0,12000.0,29058.068415317695,5183.767455004272,201859.36807999678,5664.340174129353
1783516384,4000,,Aggregated,204.400000,0.000000,12000,21000,23000,23000,88000,141000,180000,190000,201000,201000,202000,54939,0,12000.0,28985.21297864785,5183.767455004272,201859.36807999678,5666.561277052731
1783516385,4000,,Aggregated,249.300000,0.000000,12000,21000,23000,23000,88000,140000,180000,190000,201000,201000,202000,55175,0,12000.0,28920.265625373835,5183.767455004272,201859.36807999678,5665.635070231083
1783516386,4000,,Aggregated,248.500000,0.000000,12000,21000,23000,23000,88000,140000,180000,190000,201000,201000,202000,55398,0,12000.0,28858.50461477083,5183.767455004272,201859.36807999678,5663.790082674464
1783516387,4000,,Aggregated,236.900000,0.000000,12000,21000,23000,23000,88000,140000,180000,190000,201000,201000,202000,55637,0,12000.0,28793.940123149376,5183.767455004272,201859.36807999678,5664.707766414436
1783516388,4000,,Aggregated,242.300000,0.000000,12000,21000,23000,23000,88000,140000,180000,190000,201000,201000,202000,55881,0,12000.0,28729.35273336954,5183.767455004272,201859.36807999678,5665.677475349403
1783516389,4000,,Aggregated,241.300000,0.000000,12000,21000,23000,23000,87000,140000,179000,190000,201000,201000,202000,56147,0,12000.0,28660.228525017832,5183.767455004272,201859.36807999678,5666.989402817604
1783516390,4000,,Aggregated,239.900000,0.000000,12000,21000,23000,23000,87000,140000,179000,190000,201000,201000,202000,56393,0,12000.0,28595.19928802161,5183.767455004272,201859.36807999678,5665.239816998564
1783516391,4000,,Aggregated,239.900000,0.000000,12000,21000,23000,23000,87000,140000,179000,190000,201000,201000,202000,56743,0,12000.0,28514.603720756433,5183.767455004272,201859.36807999678,5685.492395537775
1783516392,4000,,Aggregated,240.900000,0.000000,12000,21000,23000,23000,87000,140000,179000,190000,201000,201000,202000,56919,0,12000.0,28460.621517173808,5183.767455004272,201859.36807999678,5674.179483125143
1783516393,4000,,Aggregated,263.600000,0.000000,12000,21000,23000,23000,87000,139000,179000,190000,201000,201000,202000,57169,0,12000.0,28396.402563745232,5183.767455004272,201859.36807999678,5674.803215029124
1783516394,4000,,Aggregated,296.500000,0.000000,12000,21000,23000,23000,86000,139000,179000,190000,201000,201000,202000,57393,0,12000.0,28337.088758024944,5183.767455004272,201859.36807999678,5673.770024218981
1783516395,4000,,Aggregated,246.900000,0.000000,12000,21000,23000,23000,86000,139000,179000,190000,201000,201000,202000,57623,0,12000.0,28275.908135171045,5183.767455004272,201859.36807999678,5669.995401141905
1783516396,4000,,Aggregated,248.500000,0.000000,12000,21000,23000,23000,86000,139000,179000,190000,201000,201000,202000,57874,0,12000.0,28212.883408430713,5183.767455004272,201859.36807999678,5667.804229878702
1783516398,4000,,Aggregated,245.000000,0.000000,12000,21000,23000,23000,85000,139000,179000,190000,201000,201000,202000,57904,0,12000.0,28205.87135360422,5183.767455004272,201859.36807999678,5668.265905636917
1783516399,4000,,Aggregated,246.400000,0.000000,12000,21000,23000,23000,83000,139000,179000,190000,201000,201000,202000,58525,0,12000.0,28062.975636453495,5183.767455004272,201859.36807999678,5670.027595044852
1783516400,4000,,Aggregated,225.100000,0.000000,12000,21000,22000,23000,83000,139000,179000,190000,201000,201000,202000,58809,0,12000.0,27997.86709696288,5183.767455004272,201859.36807999678,5674.573755717663
1783516401,4000,,Aggregated,246.300000,0.000000,12000,21000,22000,23000,83000,139000,179000,190000,201000,201000,202000,59044,0,12000.0,27940.09976725194,5183.767455004272,201859.36807999678,5673.658576654698
1783516402,4000,,Aggregated,247.100000,0.000000,12000,21000,22000,23000,83000,139000,179000,190000,201000,201000,202000,59266,0,12000.0,27887.28840418862,5183.767455004272,201859.36807999678,5674.298569162757
1783516403,4000,,Aggregated,248.500000,0.000000,12000,21000,22000,23000,83000,139000,178000,190000,201000,201000,202000,59481,0,12000.0,27833.798827974686,5183.767455004272,201859.36807999678,5669.664060792522
1783516404,4000,,Aggregated,237.900000,0.000000,12000,21000,22000,23000,83000,139000,178000,190000,201000,201000,202000,59705,0,12000.0,27779.94549761654,5183.767455004272,201859.36807999678,5666.84972782849
1783516405,4000,,Aggregated,242.800000,0.000000,12000,21000,22000,23000,82000,139000,178000,190000,201000,201000,202000,59948,0,12000.0,27725.27146027737,5183.767455004272,201859.36807999678,5668.102405418029
1783516406,4000,,Aggregated,240.000000,0.000000,12000,21000,22000,23000,76000,139000,177000,190000,201000,201000,202000,60197,0,12000.0,27669.93047630089,5183.767455004272,201859.36807999678,5669.740717975978
1783516407,4000,,Aggregated,240.400000,0.000000,12000,21000,22000,23000,76000,139000,177000,190000,201000,201000,202000,60436,0,12000.0,27618.794919080603,5183.767455004272,201859.36807999678,5672.704067112317
1783516408,4000,,Aggregated,242.300000,0.000000,12000,21000,22000,23000,75000,139000,177000,190000,201000,201000,202000,60776,0,12000.0,27552.692627970267,5183.767455004272,201859.36807999678,5691.3031624325395
1783516409,4000,,Aggregated,239.800000,0.000000,12000,21000,22000,23000,75000,139000,177000,189000,201000,201000,202000,60971,0,12000.0,27501.466270614797,5183.767455004272,201859.36807999678,5679.525725344836
1783516410,4000,,Aggregated,264.100000,0.000000,12000,21000,22000,23000,74000,138000,177000,183000,201000,201000,202000,61247,0,12000.0,27443.581909993263,5183.767455004272,201859.36807999678,5685.800839224778
1783516411,4000,,Aggregated,248.100000,0.000000,12000,21000,22000,23000,74000,138000,177000,183000,201000,201000,202000,61462,0,12000.0,27395.133801257696,5183.767455004272,201859.36807999678,5684.849533044809
1783516412,4000,,Aggregated,242.800000,0.000000,12000,21000,22000,23000,74000,138000,177000,182000,201000,201000,202000,61721,0,12000.0,27334.687956326015,5183.767455004272,201859.36807999678,5680.674276178286
1783516413,4000,,Aggregated,240.400000,0.000000,12000,21000,22000,23000,74000,138000,177000,182000,201000,201000,202000,61938,0,12000.0,27286.655485744544,5183.767455004272,201859.36807999678,5678.273806064129
1783516414,4000,,Aggregated,244.300000,0.000000,12000,21000,22000,23000,73000,138000,177000,182000,201000,201000,202000,62168,0,12000.0,27236.683749462016,5183.767455004272,201859.36807999678,5677.173899755501
1783516416,4000,,Aggregated,244.300000,0.000000,12000,21000,22000,23000,73000,138000,177000,182000,201000,201000,202000,62183,0,12000.0,27233.498284401798,5183.767455004272,201859.36807999678,5677.298908061689
1783516417,4000,,Aggregated,237.500000,0.000000,12000,20000,22000,23000,73000,138000,177000,182000,201000,201000,202000,62872,0,12000.0,27102.792984910175,5183.767455004272,201859.36807999678,5684.926135640667
1783516418,4000,,Aggregated,212.100000,0.000000,12000,20000,22000,23000,73000,138000,177000,182000,201000,201000,202000,63126,0,12000.0,27049.9291758359,5183.767455004272,201859.36807999678,5684.990225897412
1783516419,4000,,Aggregated,249.100000,0.000000,12000,20000,22000,23000,73000,138000,177000,182000,201000,201000,202000,63339,0,12000.0,27005.792359838266,5183.767455004272,201859.36807999678,5684.3830657256985
1783516420,4000,,Aggregated,248.500000,0.000000,12000,20000,22000,23000,73000,133000,177000,182000,201000,201000,202000,63577,0,12000.0,26955.42676235382,5183.767455004272,201859.36807999678,5682.09575789987
1783516421,4000,,Aggregated,240.800000,0.000000,12000,20000,22000,23000,72000,132000,172000,182000,201000,201000,202000,63838,0,12000.0,26902.85028424721,5183.767455004272,201859.36807999678,5682.34446567875
1783516422,4000,,Aggregated,241.700000,0.000000,12000,20000,22000,23000,70000,132000,172000,182000,201000,201000,202000,64068,0,12000.0,26855.78266304098,5183.767455004272,201859.36807999678,5681.036945120809
1783516423,4000,,Aggregated,242.900000,0.000000,12000,20000,22000,23000,70000,132000,172000,182000,201000,201000,202000,64282,0,12000.0,26813.807159300733,5183.767455004272,201859.36807999678,5680.556625493918
1783516424,4000,,Aggregated,242.100000,0.000000,12000,20000,22000,23000,70000,132000,171000,182000,201000,201000,202000,64507,0,12000.0,26769.158697500625,5183.767455004272,201859.36807999678,5678.855194009952
1783516425,4000,,Aggregated,239.900000,0.000000,12000,20000,22000,23000,70000,132000,171000,182000,201000,201000,202000,64747,0,12000.0,26725.65653800757,5183.767455004272,201859.36807999678,5684.019954592491
1783516426,4000,,Aggregated,238.600000,0.000000,12000,20000,22000,23000,69000,132000,171000,182000,201000,201000,202000,65092,0,12000.0,26671.32360734415,5183.767455004272,201859.36807999678,5703.367111165735
1783516427,4000,,Aggregated,245.700000,0.000000,12000,20000,22000,23000,69000,132000,171000,182000,201000,201000,202000,65304,0,12000.0,26622.640470465114,5183.767455004272,201859.36807999678,5692.127924782555
1783516428,4000,,Aggregated,284.100000,0.000000,12000,20000,22000,23000,69000,132000,171000,182000,201000,201000,202000,65582,0,12000.0,26569.44817847842,5183.767455004272,201859.36807999678,5696.009316580769
1783516429,4000,,Aggregated,242.500000,0.000000,12000,20000,22000,23000,69000,132000,171000,182000,201000,201000,202000,65802,0,12000.0,26525.141172348813,5183.767455004272,201859.36807999678,5695.093249445305
1783516430,4000,,Aggregated,244.600000,0.000000,12000,20000,22000,23000,64000,132000,171000,182000,201000,201000,202000,66037,0,12000.0,26477.201332559496,5183.767455004272,201859.36807999678,5691.745778881536
1783516431,4000,,Aggregated,245.500000,0.000000,12000,19000,22000,23000,64000,132000,171000,182000,201000,201000,202000,66290,0,12000.0,26427.577075214936,5183.767455004272,201859.36807999678,5688.551078594056
1783516432,4000,,Aggregated,245.400000,0.000000,12000,19000,22000,23000,63000,131000,171000,182000,201000,201000,202000,66548,0,12000.0,26378.93245572493,5183.767455004272,201859.36807999678,5688.631018212418
1783516434,4000,,Aggregated,245.400000,0.000000,12000,19000,22000,23000,63000,131000,171000,182000,201000,201000,202000,66635,0,12000.0,26362.888054767627,5183.767455004272,201859.36807999678,5689.468477526825
1783516435,4000,,Aggregated,243.900000,0.000000,12000,18000,22000,23000,63000,131000,171000,182000,201000,201000,202000,67259,0,12000.0,26255.367790261294,5183.767455004272,201859.36807999678,5692.514191409328
1783516436,4000,,Aggregated,223.400000,0.000000,12000,18000,22000,23000,63000,130000,171000,182000,201000,201000,202000,67485,0,12000.0,26215.67721062966,5183.767455004272,201859.36807999678,5694.460991331407
1783516437,4000,,Aggregated,254.700000,0.000000,12000,17000,22000,23000,63000,129000,171000,182000,201000,201000,202000,67758,0,12000.0,26166.25673033454,5183.767455004272,201859.36807999678,5695.146624752797
1783516438,4000,,Aggregated,241.600000,0.000000,12000,16000,22000,23000,62000,129000,171000,182000,201000,201000,202000,67987,0,12000.0,26124.438757964115,5183.767455004272,201859.36807999678,5696.029873358142
1783516439,4000,,Aggregated,246.800000,0.000000,12000,16000,22000,23000,62000,129000,171000,182000,201000,201000,202000,68208,0,12000.0,26083.761062648027,5183.767455004272,201859.36807999678,5695.249765423411
1783516440,4000,,Aggregated,245.900000,0.000000,12000,16000,22000,23000,62000,129000,171000,182000,201000,201000,202000,68465,0,12000.0,26037.97610222549,5183.767455004272,201859.36807999678,5695.1020229314245
1783516441,4000,,Aggregated,244.200000,0.000000,12000,15000,22000,23000,61000,129000,171000,182000,201000,201000,202000,68709,0,12000.0,25995.93356343154,5183.767455004272,201859.36807999678,5695.506163675792
1783516442,4000,,Aggregated,243.300000,0.000000,12000,15000,22000,23000,61000,129000,171000,182000,201000,201000,202000,68938,0,12000.0,25955.69699030389,5183.767455004272,201859.36807999678,5695.42404769503
1783516443,4000,,Aggregated,244.300000,0.000000,12000,15000,22000,23000,60000,128000,171000,181000,200000,201000,202000,69200,0,12000.0,25912.751289392876,5183.767455004272,201859.36807999678,5697.867803468208
1783516444,4000,,Aggregated,244.200000,0.000000,12000,15000,22000,23000,60000,128000,171000,181000,200000,201000,202000,69498,0,12000.0,25869.312689889393,5183.767455004272,201859.36807999678,5711.788310454977
1783516445,4000,,Aggregated,248.800000,0.000000,12000,15000,22000,23000,59000,128000,171000,181000,200000,201000,202000,69684,0,12000.0,25830.89264844305,5183.767455004272,201859.36807999678,5703.563601400609
1783516446,4000,,Aggregated,280.000000,0.000000,12000,15000,22000,23000,59000,128000,171000,181000,200000,201000,202000,69953,0,12000.0,25787.425911638387,5183.767455004272,201859.36807999678,5708.1894700727635
1783516447,4000,,Aggregated,244.300000,0.000000,12000,15000,22000,23000,54000,128000,171000,181000,200000,201000,202000,70176,0,12000.0,25746.344311155346,5183.767455004272,201859.36807999678,5704.256212950297
1783516448,4000,,Aggregated,243.100000,0.000000,12000,15000,22000,23000,54000,128000,171000,181000,200000,201000,202000,70382,0,12000.0,25708.51703028187,5183.767455004272,201859.36807999678,5700.55346537467
1783516449,4000,,Aggregated,242.200000,0.000000,12000,15000,22000,23000,54000,128000,171000,181000,200000,201000,202000,70647,0,12000.0,25665.771049760064,5183.767455004272,201859.36807999678,5701.324755474401
1783516450,4000,,Aggregated,237.600000,0.000000,12000,15000,22000,23000,53000,128000,171000,181000,200000,201000,202000,70919,0,12000.0,25620.48025432965,5183.767455004272,201859.36807999678,5700.081092513995
1783516451,4000,,Aggregated,241.700000,0.000000,12000,15000,22000,23000,53000,128000,171000,181000,200000,201000,202000,71145,0,12000.0,25583.561823903216,5183.767455004272,201859.36807999678,5698.910914329889
1783516453,4000,,Aggregated,242.600000,0.000000,12000,15000,22000,23000,53000,128000,171000,181000,200000,201000,202000,71278,0,12000.0,25564.64808494071,5183.767455004272,201859.36807999678,5703.052021661662
1783516454,4000,,Aggregated,240.300000,0.000000,12000,15000,22000,23000,52000,128000,171000,181000,200000,201000,202000,71981,0,12000.0,25460.60362665104,5183.767455004272,201859.36807999678,5704.737722454536
1783516455,4000,,Aggregated,215.400000,0.000000,12000,15000,22000,23000,49000,128000,171000,181000,200000,201000,202000,72243,0,12000.0,25420.246907925648,5183.767455004272,201859.36807999678,5706.050842296139
1783516456,4000,,Aggregated,220.300000,0.000000,12000,14000,22000,23000,49000,128000,170000,181000,200000,201000,202000,72503,0,12000.0,25378.118895345666,5183.767455004272,201859.36807999678,5704.670868791636
1783516457,4000,,Aggregated,244.100000,0.000000,12000,14000,22000,23000,48000,127000,170000,181000,200000,201000,202000,72740,0,12000.0,25341.22255548829,5183.767455004272,201859.36807999678,5704.9875721748695
1783516458,4000,,Aggregated,243.500000,0.000000,12000,14000,22000,23000,48000,127000,170000,181000,200000,201000,202000,72973,0,12000.0,25303.83521249587,5183.767455004272,201859.36807999678,5704.172817343401
1783516459,4000,,Aggregated,247.500000,0.000000,12000,14000,22000,23000,47000,127000,170000,181000,200000,201000,202000,73237,0,12000.0,25263.419173375638,5183.767455004272,201859.36807999678,5704.823135846635
1783516460,4000,,Aggregated,251.900000,0.000000,12000,14000,22000,23000,47000,127000,170000,181000,200000,201000,202000,73496,0,12000.0,25224.052431883443,5183.767455004272,201859.36807999678,5706.740271579406
1783516461,4000,,Aggregated,248.700000,0.000000,12000,14000,22000,23000,47000,127000,170000,181000,200000,201000,202000,73771,0,12000.0,25182.672239338386,5183.767455004272,201859.36807999678,5709.124574697375
1783516462,4000,,Aggregated,252.400000,0.000000,12000,14000,22000,23000,47000,127000,169000,181000,200000,201000,202000,74112,0,12000.0,25140.686437772398,5183.767455004272,201859.36807999678,5728.9011900906735
1783516463,4000,,Aggregated,254.400000,0.000000,12000,14000,22000,23000,46000,127000,169000,181000,200000,201000,202000,74244,0,12000.0,25115.409857940424,5183.767455004272,201859.36807999678,5722.715141964334
1783516464,4000,,Aggregated,256.700000,0.000000,12000,14000,22000,23000,46000,126000,169000,181000,200000,201000,202000,74353,0,12000.0,25095.19036378766,5183.767455004272,201859.36807999678,5718.727421892862
1783516465,4000,,Aggregated,288.400000,0.000000,12000,14000,22000,23000,46000,126000,169000,181000,200000,201000,202000,74616,0,12000.0,25056.601236794588,5183.767455004272,201859.36807999678,5720.578468425003
1783516466,4000,,Aggregated,266.500000,0.000000,12000,14000,22000,23000,46000,126000,169000,181000,200000,201000,202000,74877,0,12000.0,25014.91277856517,5183.767455004272,201859.36807999678,5717.523592024253
1783516467,4000,,Aggregated,233.900000,0.000000,12000,14000,22000,23000,45000,126000,169000,181000,200000,201000,202000,75110,0,12000.0,24976.965725176426,5183.767455004272,201859.36807999678,5713.41724137931
1783516468,4000,,Aggregated,239.100000,0.000000,12000,14000,22000,23000,44000,126000,169000,181000,200000,201000,202000,75318,0,12000.0,24946.988291493635,5183.767455004272,201859.36807999678,5714.983098329749
1783516469,4000,,Aggregated,239.000000,0.000000,12000,14000,22000,23000,44000,125000,169000,181000,200000,201000,202000,75599,0,12000.0,24907.327316902694,5183.767455004272,201859.36807999678,5714.286789507798
1783516470,4000,,Aggregated,233.600000,0.000000,12000,14000,22000,23000,44000,125000,169000,181000,200000,201000,202000,75872,0,12000.0,24870.107346072888,5183.767455004272,201859.36807999678,5714.6625896246305
1783516472,4000,,Aggregated,233.400000,0.000000,12000,14000,22000,23000,44000,123000,169000,181000,200000,201000,202000,76036,0,12000.0,24847.32930628603,5183.767455004272,201859.36807999678,5714.963477826293
1783516473,4000,,Aggregated,233.400000,0.000000,12000,14000,22000,23000,43000,123000,168000,181000,200000,201000,202000,76656,0,12000.0,24766.45063525915,5183.767455004272,201859.36807999678,5715.060725840117
1783516474,4000,,Aggregated,219.200000,0.000000,12000,14000,22000,23000,43000,123000,168000,181000,200000,201000,202000,76897,0,12000.0,24731.92489451012,5183.767455004272,201859.36807999678,5712.158549748365
1783516475,4000,,Aggregated,205.300000,0.000000,12000,14000,22000,23000,43000,122000,168000,181000,200000,201000,202000,77116,0,12000.0,24698.883174575978,5183.767455004272,201859.36807999678,5707.28564759583
1783516476,4000,,Aggregated,242.100000,0.000000,12000,14000,22000,23000,40000,122000,168000,181000,200000,201000,202000,77393,0,12000.0,24662.999555675706,5183.767455004272,201859.36807999678,5709.477381675345
1783516477,4000,,Aggregated,254.200000,0.000000,12000,14000,22000,23000,40000,122000,168000,181000,200000,201000,202000,77664,0,12000.0,24628.47855630573,5183.767455004272,201859.36807999678,5713.192547383601
1783516478,4000,,Aggregated,248.200000,0.000000,12000,14000,22000,23000,40000,122000,168000,181000,200000,201000,202000,77930,0,12000.0,24592.225025055825,5183.767455004272,201859.36807999678,5713.47191068908
1783516479,4000,,Aggregated,249.800000,0.000000,12000,14000,22000,23000,38000,122000,168000,181000,200000,201000,202000,78186,0,12000.0,24556.969679791287,5183.767455004272,201859.36807999678,5713.390696544138
1783516480,4000,,Aggregated,255.900000,0.000000,12000,14000,22000,23000,36000,122000,168000,181000,200000,201000,202000,78447,0,12000.0,24521.015233260965,5183.767455004272,201859.36807999678,5713.834831159891
1783516481,4000,,Aggregated,257.300000,0.000000,12000,14000,22000,23000,35000,122000,168000,181000,200000,201000,202000,78819,0,12000.0,24481.22020363244,5183.767455004272,201859.36807999678,5733.5694692904
1783516482,4000,,Aggregated,256.500000,0.000000,12000,14000,22000,23000,35000,122000,168000,181000,200000,201000,202000,78997,0,12000.0,24450.397042257726,5183.767455004272,201859.36807999678,5725.5236781143585
1783516483,4000,,Aggregated,255.200000,0.000000,12000,14000,22000,23000,35000,122000,168000,181000,200000,201000,202000,79186,0,12000.0,24419.936379612205,5183.767455004272,201859.36807999678,5720.001351248959
1783516484,4000,,Aggregated,281.900000,0.000000,12000,14000,22000,23000,35000,122000,168000,181000,200000,201000,202000,79447,0,12000.0,24385.20733450584,5183.767455004272,201859.36807999678,5722.547509660529
1783516485,4000,,Aggregated,281.200000,0.000000,12000,14000,22000,23000,34000,122000,168000,181000,200000,201000,202000,79668,0,12000.0,24353.27038856497,5183.767455004272,201859.36807999678,5720.629223778681
1783516486,4000,,Aggregated,253.000000,0.000000,12000,14000,22000,23000,34000,122000,168000,181000,200000,201000,202000,79914,0,12000.0,24318.084035507363,5183.767455004272,201859.36807999678,5717.181582701404
1783516487,4000,,Aggregated,253.100000,0.000000,12000,14000,22000,23000,34000,116000,168000,181000,200000,201000,202000,80135,0,12000.0,24288.467348334052,5183.767455004272,201859.36807999678,5715.963012416547
1783516488,4000,,Aggregated,252.600000,0.000000,12000,14000,22000,23000,34000,115000,168000,181000,200000,201000,202000,80382,0,12000.0,24256.83181858063,5183.767455004272,201859.36807999678,5716.670286880148
1783516489,4000,,Aggregated,249.500000,0.000000,12000,14000,22000,23000,34000,115000,168000,181000,200000,201000,202000,80624,0,12000.0,24225.488284739262,5183.767455004272,201859.36807999678,5716.987088211947
1783516490,4000,,Aggregated,246.400000,0.000000,12000,14000,22000,23000,34000,115000,168000,181000,200000,201000,202000,80870,0,12000.0,24193.7100575781,5183.767455004272,201859.36807999678,5717.39326078892
1783516493,4000,,Aggregated,246.400000,0.000000,12000,14000,22000,23000,34000,115000,168000,181000,200000,201000,202000,80928,0,12000.0,24186.32480752321,5183.767455004272,201859.36807999678,5717.123789047054
1783516494,4000,,Aggregated,207.300000,0.000000,12000,14000,22000,22000,33000,114000,168000,181000,200000,201000,202000,81726,0,12000.0,24095.44098174944,5183.767455004272,201859.36807999678,5714.041369943469
1783516495,4000,,Aggregated,190.200000,0.000000,12000,14000,22000,22000,33000,114000,167000,181000,200000,201000,202000,81951,0,12000.0,24068.79565612048,5183.767455004272,201859.36807999678,5714.135324767239
1783516496,4000,,Aggregated,227.900000,0.000000,12000,14000,22000,22000,33000,114000,167000,181000,200000,201000,202000,82192,0,12000.0,24041.31746994135,5183.767455004272,201859.36807999678,5715.074569301149
1783516497,4000,,Aggregated,235.400000,0.000000,12000,14000,22000,22000,33000,113000,167000,181000,200000,201000,202000,82434,0,12000.0,24013.241943628087,5183.767455004272,201859.36807999678,5715.521520246501
1783516498,4000,,Aggregated,237.200000,0.000000,12000,14000,22000,22000,32000,113000,167000,181000,200000,201000,202000,82669,0,12000.0,23985.83091115553,5183.767455004272,201859.36807999678,5715.363812311749
1783516499,4000,,Aggregated,237.100000,0.000000,12000,14000,22000,22000,31000,113000,167000,181000,200000,201000,202000,82894,0,12000.0,23960.95587405939,5183.767455004272,201859.36807999678,5717.589716987961
1783516500,4000,,Aggregated,236.300000,0.000000,12000,14000,22000,22000,30000,113000,167000,181000,200000,201000,202000,83134,0,12000.0,23934.874426072874,5183.767455004272,201859.36807999678,5721.180768398008
1783516501,4000,,Aggregated,237.100000,0.000000,12000,14000,22000,22000,30000,113000,167000,181000,200000,201000,202000,83375,0,12000.0,23907.792034634753,5183.767455004272,201859.36807999678,5722.585367316342
1783516502,4000,,Aggregated,236.100000,0.000000,12000,14000,22000,22000,30000,113000,167000,181000,200000,201000,202000,83755,0,12000.0,23876.86073694499,5183.767455004272,201859.36807999678,5746.002423735897
1783516503,4000,,Aggregated,235.700000,0.000000,12000,14000,22000,22000,29000,113000,167000,181000,200000,201000,202000,83956,0,12000.0,23846.346318595908,5183.767455004272,201859.36807999678,5738.044416122731
1783516504,4000,,Aggregated,255.900000,0.000000,12000,14000,22000,22000,26000,113000,167000,181000,200000,201000,202000,84141,0,12000.0,23820.674389045995,5183.767455004272,201859.36807999678,5733.8855136021675
1783516505,4000,,Aggregated,294.100000,0.000000,12000,14000,22000,22000,26000,113000,167000,181000,200000,201000,202000,84397,0,12000.0,23789.787568317868,5183.767455004272,201859.36807999678,5734.54627534154
1783516506,4000,,Aggregated,250.900000,0.000000,12000,14000,22000,22000,25000,113000,167000,181000,200000,201000,202000,84666,0,12000.0,23752.94791006511,5183.767455004272,201859.36807999678,5730.704355939811
1783516507,4000,,Aggregated,244.300000,0.000000,12000,14000,22000,22000,25000,113000,167000,181000,200000,201000,202000,84869,0,12000.0,23726.975928953,5183.767455004272,201859.36807999678,5728.472822821053
1783516508,4000,,Aggregated,244.900000,0.000000,12000,14000,22000,22000,25000,112000,167000,181000,200000,201000,202000,85078,0,12000.0,23703.14097281614,5183.767455004272,201859.36807999678,5728.2107830461455
1783516509,4000,,Aggregated,247.400000,0.000000,12000,14000,22000,22000,25000,112000,167000,181000,200000,201000,202000,85306,0,12000.0,23678.157620720085,5183.767455004272,201859.36807999678,5728.465653060746
1783516510,4000,,Aggregated,240.900000,0.000000,12000,14000,22000,22000,25000,112000,167000,181000,200000,201000,202000,85578,0,12000.0,23650.52872889081,5183.767455004272,201859.36807999678,5730.841793451588
1783516511,4000,,Aggregated,240.800000,0.000000,12000,14000,22000,22000,25000,112000,167000,181000,200000,201000,202000,85850,0,12000.0,23620.592830674643,5183.767455004272,201859.36807999678,5730.004053581829
1783516513,4000,,Aggregated,246.100000,0.000000,12000,14000,22000,22000,25000,112000,167000,181000,200000,201000,202000,85898,0,12000.0,23615.69162541385,5183.767455004272,201859.36807999678,5730.157512398426
1783516514,4000,,Aggregated,240.500000,0.000000,12000,14000,22000,22000,25000,112000,167000,181000,200000,201000,202000,86625,0,12000.0,23540.95050861471,5183.767455004272,201859.36807999678,5729.4658354978355
1783516515,4000,,Aggregated,202.300000,0.000000,12000,14000,22000,22000,25000,112000,167000,181000,200000,201000,202000,86894,0,12000.0,23510.387185981846,5183.767455004272,201859.36807999678,5728.442032821598
1783516516,4000,,Aggregated,240.000000,0.000000,12000,14000,22000,22000,25000,112000,167000,181000,200000,201000,202000,87124,0,12000.0,23483.698494084805,5183.767455004272,201859.36807999678,5726.637757678711
1783516517,4000,,Aggregated,246.900000,0.000000,12000,14000,22000,22000,25000,112000,167000,181000,200000,201000,202000,87352,0,12000.0,23457.90027374128,5183.767455004272,201859.36807999678,5726.159389596117
1783516518,4000,,Aggregated,248.300000,0.000000,12000,14000,22000,22000,25000,112000,166000,181000,200000,201000,202000,87584,0,12000.0,23432.231606126556,5183.767455004272,201859.36807999678,5724.507398611619
1783516519,4000,,Aggregated,241.600000,0.000000,12000,14000,22000,22000,24000,112000,166000,181000,200000,201000,202000,87839,0,12000.0,23407.05383392702,5183.767455004272,201859.36807999678,5728.081581074466
1783516520,4000,,Aggregated,248.300000,0.000000,12000,14000,22000,22000,24000,110000,166000,181000,200000,201000,202000,88156,0,12000.0,23373.604676487856,5183.767455004272,201859.36807999678,5729.871500521802
