Timestamp,User Count,Type,Name,Requests/s,Failures/s,50%,66%,75%,80%,90%,95%,98%,99%,99.9%,99.99%,100%,Total Request Count,Total Failure Count,Total Median Response Time,Total Average Response Time,Total Min Response Time,Total Max Response Time,Total Average Content Size
1783341275,0,,Aggregated,0.000000,0.000000,N/A,N/A,N/A,N/A,N/A,N/A,N/A,N/A,N/A,N/A,N/A,0,0,0,0.0,0,0,0
1783341276,50,,Aggregated,0.000000,0.000000,55,160,350,460,720,720,720,720,720,720,720,9,0,55,211.94126544287428,33.41522000846453,720.4021989891771,2419.777777777778
1783341277,100,,Aggregated,0.000000,0.000000,60,160,350,460,720,720,720,720,720,720,720,10,0,55,196.76370339875575,33.41522000846453,720.4021989891771,2402.6
1783341278,100,,Aggregated,0.000000,0.000000,330,2500,2600,2700,2700,2800,2800,2800,2800,2800,2800,23,0,330.0,1057.9864136120507,33.41522000846453,2776.962456002366,1512.4347826086957
1783341279,100,,Aggregated,5.000000,0.000000,460,670,2500,2600,2700,2800,2800,2800,2800,2800,2800,32,0,440.0,916.5342863452679,33.41522000846453,2776.962456002366,1638.4375
1783341280,100,,Aggregated,3.333333,0.000000,230,540,660,970,2700,2800,4900,5000,5000,5000,5000,70,0,230.0,770.81102295945,14.947128016501665,4970.814223983325,5890.0142857142855
1783341281,100,,Aggregated,6.250000,0.000000,150,430,1000,4800,5700,5800,5800,5900,5900,5900,5900,183,0,150.0,1384.0785042193204,6.599808984901756,5891.157911013579,3601.792349726776
1783341282,100,,Aggregated,7.600000,0.000000,200,310,390,580,5600,5800,5900,6000,6100,6100,6100,308,0,200.0,1042.8699537856178,6.599808984901756,6070.726354024373,5862.074675324675
1783341283,100,,Aggregated,12.000000,0.000000,170,270,350,440,5500,5800,5900,6000,6700,6700,6700,359,0,170.0,945.9222421060773,3.821577993221581,6686.156893003499,6043.643454038997
1783341284,100,,Aggregated,28.142857,0.000000,130,200,310,410,5800,7400,7700,7800,8000,8000,8000,601,0,130.0,1145.3155768179927,3.821577993221581,7992.542077990947,5700.978369384359
1783341285,100,,Aggregated,39.125000,0.000000,120,180,260,340,5800,7300,7700,7800,8000,8000,8000,692,0,120.0,1002.9656965791239,3.6997880088165402,7992.542077990947,6225.073699421965
1783341286,100,,Aggregated,40.000000,0.000000,110,170,240,320,5700,7200,7700,7800,8000,8000,8000,739,0,110.0,939.9377040388815,3.618318005464971,7992.542077990947,6239.696887686062
1783341287,100,,Aggregated,60.800000,0.000000,100,160,220,280,5600,7100,7700,7800,8000,8000,8000,786,0,100.0,884.404485256846,3.618318005464971,7992.542077990947,6167.320610687023
1783341288,100,,Aggregated,69.300000,0.000000,92,150,200,270,5400,7100,7600,7700,8000,8000,8000,833,0,92,835.3965119590104,3.618318005464971,7992.542077990947,6202.713085234093
1783341289,100,,Aggregated,72.900000,0.000000,85,140,190,250,5000,7100,7600,7700,8000,8000,8000,880,0,85,791.2567289056659,3.618318005464971,7992.542077990947,6111.75
1783341290,100,,Aggregated,77.600000,0.000000,79,130,180,240,2700,6100,7600,7700,8000,8000,8000,921,0,79,756.6200199891344,3.618318005464971,7992.542077990947,6137.214983713355
1783341291,100,,Aggregated,80.900000,0.000000,73,120,170,220,2600,6000,7600,7700,8000,8000,8000,964,0,72,723.3780932229778,3.618318005464971,7992.542077990947,6127.273858921162
1783341293,100,,Aggregated,84.900000,0.000000,66,120,160,210,720,5900,7600,7700,7900,8000,8000,1013,0,66,688.9921691490079,3.618318005464971,7992.542077990947,6055.522211253702
1783341294,100,,Aggregated,84.900000,0.000000,63,110,160,200,580,5900,7600,7700,7900,8000,8000,1057,0,63,660.8428747900153,3.618318005464971,7992.542077990947,6053.117313150426
1783341295,100,,Aggregated,69.900000,0.000000,56,110,150,190,540,5800,7500,7700,7900,8000,8000,1105,0,56,632.7978528091027,3.3411130134481937,7992.542077990947,6099.003619909502
1783341296,100,,Aggregated,69.700000,0.000000,52,100,150,180,460,5800,7500,7700,7900,8000,8000,1148,0,52,609.5244872508707,3.3411130134481937,7992.542077990947,6081.645470383275
1783341297,100,,Aggregated,49.600000,0.000000,45,95,140,170,410,5800,7500,7700,7900,8000,8000,1197,0,45,585.1350128112354,3.2210069766733795,7992.542077990947,6049.103592314119
1783341298,100,,Aggregated,49.600000,0.000000,42,91,130,170,390,5800,7500,7700,7900,8000,8000,1240,0,41,565.3303066878335,3.2210069766733795,7992.542077990947,6032.015322580645
1783341299,100,,Aggregated,45.600000,0.000000,38,86,130,160,370,5800,7500,7700,7900,8000,8000,1279,0,38,548.4560827951141,3.2210069766733795,7992.542077990947,6060.813917122752
1783341300,100,,Aggregated,45.600000,0.000000,36,85,120,160,360,5800,7400,7700,7900,8000,8000,1328,0,36,529.5293645188843,3.2210069766733795,7992.542077990947,6052.640060240964
1783341301,100,,Aggregated,44.200000,0.000000,34,80,120,150,340,5800,7400,7700,7900,8000,8000,1375,0,34,511.8006555229976,3.2210069766733795,7992.542077990947,5999.357090909091
1783341302,100,,Aggregated,44.800000,0.000000,31,76,110,150,330,5700,7400,7700,7900,8000,8000,1423,0,31,494.9844960486209,3.2210069766733795,7992.542077990947,6010.921995783556
1783341303,100,,Aggregated,45.300000,0.000000,29,71,110,140,320,5700,7400,7700,7900,8000,8000,1466,0,29,480.94902780980374,3.2210069766733795,7992.542077990947,5959.080491132333
1783341304,100,,Aggregated,45.800000,0.000000,25,68,110,140,310,5600,7400,7700,7900,8000,8000,1514,0,25,466.2090952326416,3.2210069766733795,7992.542077990947,5912.313738441216
1783341305,100,,Aggregated,45.100000,0.000000,20,65,100,130,280,5600,7400,7700,7900,8000,8000,1564,0,20,451.7154489361803,3.2210069766733795,7992.542077990947,5915.001278772378
1783341306,100,,Aggregated,45.100000,0.000000,18,63,98,130,270,5500,7400,7600,7900,8000,8000,1610,0,18,439.2510050186462,3.2210069766733795,7992.542077990947,5936.57701863354
1783341307,100,,Aggregated,45.900000,0.000000,16,60,95,120,270,5500,7400,7600,7900,8000,8000,1653,0,16,428.151935053922,3.2210069766733795,7992.542077990947,5956.9407138536
1783341308,100,,Aggregated,46.300000,0.000000,16,57,92,120,260,5300,7400,7600,7900,8000,8000,1700,0,16,416.6304647041868,3.2210069766733795,7992.542077990947,5942.47705882353
1783341309,100,,Aggregated,45.500000,0.000000,15,55,87,120,250,5000,7300,7600,7900,8000,8000,1751,0,15,404.782925367248,3.2210069766733795,7992.542077990947,5953.247858366648
1783341310,100,,Aggregated,45.800000,0.000000,14,53,85,110,240,4800,7300,7600,7900,8000,8000,1795,0,14,395.24206335052867,3.2210069766733795,7992.542077990947,5958.1470752089135
1783341311,100,,Aggregated,47.000000,0.000000,14,50,82,110,240,2700,7200,7600,7900,8000,8000,1843,0,14,385.2276317103161,3.2210069766733795,7992.542077990947,5995.489419424851
1783341312,100,,Aggregated,46.500000,0.000000,13,48,79,110,230,2700,7200,7600,7900,8000,8000,1888,0,13,376.28733630989996,3.2210069766733795,7992.542077990947,5978.9909957627115
1783341313,100,,Aggregated,46.200000,0.000000,13,45,76,110,220,2600,7200,7600,7900,8000,8000,1933,0,13,367.7241455923657,3.1709249888081104,7992.542077990947,6004.756337299535
1783341314,100,,Aggregated,46.400000,0.000000,13,43,73,100,220,1000,7100,7600,7900,8000,8000,1982,0,13,358.98860456763464,3.1709249888081104,7992.542077990947,5993.996972754793
1783341315,100,,Aggregated,46.700000,0.000000,13,42,70,97,210,720,7100,7600,7900,8000,8000,2027,0,13,351.35900799070635,3.1709249888081104,7992.542077990947,6047.687715836211
1783341316,100,,Aggregated,46.600000,0.000000,12,40,68,95,200,660,7100,7600,7900,8000,8000,2075,0,12,343.49522822421517,3.1709249888081104,7992.542077990947,6071.906024096385
1783341317,100,,Aggregated,45.600000,0.000000,12,39,66,92,200,580,7100,7600,7900,8000,8000,2117,0,12,336.90904179470226,3.1709249888081104,7992.542077990947,6056.142654700047
1783341318,100,,Aggregated,46.200000,0.000000,12,37,64,90,190,580,7100,7600,7900,8000,8000,2173,0,12,328.5683216825911,3.1709249888081104,7992.542077990947,6073.344224574321
1783341319,100,,Aggregated,46.400000,0.000000,12,36,63,86,190,540,6700,7500,7900,8000,8000,2215,0,12,322.5927357283199,3.1709249888081104,7992.542077990947,6038.644695259593
1783341320,100,,Aggregated,47.000000,0.000000,12,35,60,85,180,540,6300,7500,7900,8000,8000,2258,0,11,316.6715938211654,3.1709249888081104,7992.542077990947,6029.352967227635
1783341321,100,,Aggregated,46.500000,0.000000,11,34,58,82,180,440,6100,7500,7900,8000,8000,2311,0,11,309.76852598275525,3.1709249888081104,7992.542077990947,6028.262224145392
1783341322,100,,Aggregated,46.500000,0.000000,11,34,58,81,180,430,6100,7500,7900,8000,8000,2348,0,11,305.1910908130374,3.1709249888081104,7992.542077990947,6013.466354344123
1783341323,100,,Aggregated,46.400000,0.000000,11,33,57,79,170,410,6000,7500,7900,8000,8000,2400,0,11,298.88570111334656,3.1709249888081104,7992.542077990947,6027.044166666667
1783341324,100,,Aggregated,46.200000,0.000000,11,32,56,77,170,390,6000,7500,7900,8000,8000,2442,0,11,293.96194229445445,3.1709249888081104,7992.542077990947,5998.660524160524
1783341325,100,,Aggregated,46.300000,0.000000,11,31,55,74,170,380,6000,7500,7900,8000,8000,2491,0,11,288.50591702941756,3.1709249888081104,7992.542077990947,5968.914893617021
1783341326,100,,Aggregated,46.100000,0.000000,11,30,54,72,170,380,5900,7500,7900,8000,8000,2529,0,11,284.38362191588334,3.1709249888081104,7992.542077990947,5933.573744563068
1783341327,100,,Aggregated,46.000000,0.000000,11,29,53,71,160,370,5900,7500,7900,8000,8000,2572,0,11,279.98424295466276,3.1709249888081104,7992.542077990947,5927.800933125972
1783341328,100,,Aggregated,45.600000,0.000000,11,28,52,69,160,360,5900,7400,7900,8000,8000,2625,0,11,274.6502725125202,3.147074981825426,7992.542077990947,5896.079619047619
1783341329,100,,Aggregated,45.100000,0.000000,11,28,51,68,160,350,5900,7400,7900,8000,8000,2673,0,11,270.0007280109752,3.147074981825426,7992.542077990947,5912.396932285821
1783341330,100,,Aggregated,44.800000,0.000000,11,26,50,67,160,350,5900,7400,7900,8000,8000,2719,0,11,265.6710117996965,3.147074981825426,7992.542077990947,5901.203751379184
1783341331,100,,Aggregated,44.800000,0.000000,10,23,49,65,150,340,5800,7400,7900,8000,8000,2761,0,10,261.7873510895469,3.147074981825426,7992.542077990947,5922.377037305324
1783341332,100,,Aggregated,45.900000,0.000000,10,21,47,64,150,330,5800,7400,7900,8000,8000,2815,0,10,256.96810261997956,3.060743008973077,7992.542077990947,5945.709769094138
1783341333,100,,Aggregated,45.900000,0.000000,10,21,47,63,150,330,5800,7400,7900,8000,8000,2854,0,10,253.7508927176741,3.060743008973077,7992.542077990947,5924.185353889278
1783341334,100,,Aggregated,45.900000,0.000000,10,20,46,61,140,330,5800,7400,7900,8000,8000,2903,0,10,249.67681027596683,3.060743008973077,7992.542077990947,5913.8163968308645
1783341335,100,,Aggregated,45.200000,0.000000,10,19,45,60,140,320,5800,7400,7900,8000,8000,2944,0,10,246.3725485910266,3.060743008973077,7992.542077990947,5916.1015625
1783341336,100,,Aggregated,46.200000,0.000000,10,19,45,59,140,320,5800,7400,7900,8000,8000,2995,0,10,242.36358747116364,3.060743008973077,7992.542077990947,5902.967946577629
1783341337,100,,Aggregated,46.000000,0.000000,10,18,44,58,130,310,5800,7400,7900,8000,8000,3043,0,10,238.70944535958688,3.060743008973077,7992.542077990947,5915.819914558002
1783341338,100,,Aggregated,46.200000,0.000000,10,18,43,57,130,290,5800,7400,7900,8000,8000,3084,0,10,235.74132421568643,3.060743008973077,7992.542077990947,5909.044098573281
1783341339,100,,Aggregated,46.400000,0.000000,9,17,43,57,130,280,5800,7400,7900,8000,8000,3133,0,9,232.26191516539578,3.060743008973077,7992.542077990947,5907.735078199808
1783341340,100,,Aggregated,46.100000,0.000000,9,17,42,57,130,280,5800,7400,7900,8000,8000,3182,0,9,228.8850082775565,3.060743008973077,7992.542077990947,5895.343494657448
1783341341,100,,Aggregated,46.400000,0.000000,9,16,41,56,130,270,5800,7400,7900,8000,8000,3222,0,9,226.13556636099932,3.060743008973077,7992.542077990947,5904.284295468653
1783341342,100,,Aggregated,46.100000,0.000000,9,16,40,55,120,270,5800,7400,7900,8000,8000,3278,0,9,222.4176529826681,2.9902849928475916,7992.542077990947,5904.982001220256
1783341343,100,,Aggregated,45.300000,0.000000,9,16,39,54,120,270,5800,7400,7900,8000,8000,3318,0,9,219.8432629575712,2.9902849928475916,7992.542077990947,5891.489451476793
1783341344,100,,Aggregated,45.800000,0.000000,9,15,39,53,120,260,5800,7400,7900,8000,8000,3364,0,9,216.99548269059053,2.9902849928475916,7992.542077990947,5889.7155172413795
1783341345,100,,Aggregated,46.400000,0.000000,9,15,39,52,120,260,5800,7300,7900,8000,8000,3404,0,9,214.62412728174374,2.9902849928475916,7992.542077990947,5881.903055229142
1783341346,100,,Aggregated,46.000000,0.000000,9,15,38,51,120,260,5800,7300,7900,8000,8000,3453,0,9,211.71056116941625,2.9902849928475916,7992.542077990947,5871.863307269042
1783341347,100,,Aggregated,45.800000,0.000000,8,15,37,50,120,250,5800,7300,7900,8000,8000,3502,0,8,208.9463805565467,2.9902849928475916,7992.542077990947,5882.446887492862
1783341348,100,,Aggregated,45.300000,0.000000,8,15,37,50,110,250,5800,7300,7900,8000,8000,3544,0,8,206.60292912808652,2.9902849928475916,7992.542077990947,5869.025959367946
1783341349,100,,Aggregated,45.800000,0.000000,8,15,37,49,110,240,5700,7300,7900,8000,8000,3591,0,8,204.0135598885751,2.9902849928475916,7992.542077990947,5875.267056530214
1783341350,100,,Aggregated,45.400000,0.000000,8,14,36,48,110,240,5700,7200,7900,8000,8000,3640,0,8,201.3953748463981,2.9902849928475916,7992.542077990947,5856.2082417582415
1783341351,100,,Aggregated,45.500000,0.000000,8,14,36,47,110,240,5700,7200,7900,8000,8000,3686,0,8,199.09483846412016,2.9902849928475916,7992.542077990947,5842.938958220293
1783341352,100,,Aggregated,45.400000,0.000000,8,14,36,47,110,230,5600,7200,7900,8000,8000,3727,0,8,197.12018566670884,2.9902849928475916,7992.542077990947,5828.54386906359
1783341353,100,,Aggregated,46.200000,0.000000,8,14,35,47,110,230,5600,7200,7900,8000,8000,3766,0,8,195.17820452969042,2.9902849928475916,7992.542077990947,5817.496548061604
1783341354,100,,Aggregated,44.900000,0.000000,8,14,35,47,110,230,5600,7200,7900,8000,8000,3816,0,8,192.8610537303121,2.9902849928475916,7992.542077990947,5816.891247379455
1783341355,100,,Aggregated,44.800000,0.000000,8,14,35,46,110,220,5600,7200,7900,8000,8000,3863,0,8,190.66583492642522,2.9902849928475916,7992.542077990947,5816.73285011649
1783341356,100,,Aggregated,44.900000,0.000000,8,14,34,46,100,220,5600,7100,7900,8000,8000,3905,0,8,188.7776894360216,2.9902849928475916,7992.542077990947,5811.48271446863
1783341357,100,,Aggregated,45.700000,0.000000,8,14,34,45,100,220,5500,7100,7900,8000,8000,3953,0,8,186.63978131964964,2.9902849928475916,7992.542077990947,5816.646091576018
1783341358,100,,Aggregated,45.300000,0.000000,8,14,34,45,100,210,5500,7100,7900,8000,8000,3998,0,8,184.71367712718467,2.9902849928475916,7992.542077990947,5796.008504252126
1783341359,100,,Aggregated,44.900000,0.000000,8,14,33,45,99,210,5500,7100,7900,8000,8000,4040,0,8,182.90140099589635,2.9902849928475916,7992.542077990947,5772.9
1783341360,100,,Aggregated,45.300000,0.000000,8,14,33,45,97,210,5500,7100,7900,8000,8000,4094,0,8,180.67094567718794,2.9902849928475916,7992.542077990947,5785.814118221788
1783341361,100,,Aggregated,44.900000,0.000000,8,14,33,44,96,200,5500,7100,7900,8000,8000,4136,0,8,178.95578826386733,2.9902849928475916,7992.542077990947,5799.045212765957
1783341362,100,,Aggregated,45.700000,0.000000,8,14,32,44,95,200,5400,7100,7900,8000,8000,4185,0,8,176.97260242133967,2.9902849928475916,7992.542077990947,5788.621027479092
1783341363,100,,Aggregated,44.800000,0.000000,8,14,32,43,94,200,5300,7100,7900,8000,8000,4230,0,8,175.21421810571903,2.9902849928475916,7992.542077990947,5793.0099290780145
1783341364,100,,Aggregated,45.300000,0.000000,8,13,32,43,93,200,5200,7100,7900,8000,8000,4269,0,8,173.7327213420601,2.9902849928475916,7992.542077990947,5801.729444834856
1783341365,100,,Aggregated,45.900000,0.000000,8,13,31,43,92,200,5100,7100,7900,8000,8000,4316,0,8,171.96522157699172,2.9902849928475916,7992.542077990947,5795.517377201112
1783341366,100,,Aggregated,44.800000,0.000000,8,13,31,43,91,190,5000,7100,7900,8000,8000,4366,0,8,170.1710554546947,2.9902849928475916,7992.542077990947,5792.332569857994
1783341367,100,,Aggregated,44.600000,0.000000,8,13,30,42,90,190,4900,6700,7900,8000,8000,4410,0,8,168.5801710853263,2.9902849928475916,7992.542077990947,5814.520634920635
1783341368,100,,Aggregated,45.100000,0.000000,8,13,30,42,89,190,4800,6700,7900,8000,8000,4451,0,8,167.14033952981552,2.9902849928475916,7992.542077990947,5809.636935520108
1783341369,100,,Aggregated,45.600000,0.000000,7,13,30,42,87,180,4800,6700,7900,8000,8000,4496,0,7,165.65096784682822,2.9902849928475916,7992.542077990947,5792.318727758007
1783341370,100,,Aggregated,45.100000,0.000000,7,13,30,42,86,180,2800,6300,7900,8000,8000,4537,0,7,164.2593344089154,2.9902849928475916,7992.542077990947,5792.405333921093
1783341371,100,,Aggregated,44.600000,0.000000,7,13,30,41,86,180,2800,6300,7900,8000,8000,4590,0,7,162.51666954908623,2.9902849928475916,7992.542077990947,5790.780392156863
1783341372,100,,Aggregated,44.700000,0.000000,7,13,29,41,85,180,2700,6100,7900,8000,8000,4631,0,7,161.1984052270158,2.9902849928475916,7992.542077990947,5795.607644137335
1783341373,100,,Aggregated,44.900000,0.000000,7,13,29,41,84,180,2700,6100,7900,8000,8000,4673,0,7,159.86164469256602,2.9902849928475916,7992.542077990947,5788.711534346245
1783341374,100,,Aggregated,44.800000,0.000000,7,13,29,41,83,180,2700,6000,7900,8000,8000,4719,0,7,158.44373662923275,2.9902849928475916,7992.542077990947,5775.345200254291
1783341375,100,,Aggregated,44.200000,0.000000,7,13,28,41,82,170,2600,6000,7900,8000,8000,4766,0,7,156.98617813560898,2.9902849928475916,7992.542077990947,5777.760176248426
1783341376,100,,Aggregated,45.100000,0.000000,7,13,28,40,81,170,2600,6000,7900,8000,8000,4815,0,7,155.5393380777287,2.9902849928475916,7992.542077990947,5783.8764278296985
1783341377,100,,Aggregated,45.800000,0.000000,7,13,27,40,80,170,2500,6000,7900,8000,8000,4864,0,7,154.0874530314915,2.9902849928475916,7992.542077990947,5781.0368009868425
1783341378,100,,Aggregated,45.200000,0.000000,7,13,27,40,79,170,1000,6000,7900,8000,8000,4911,0,7,152.7302709430304,2.9877430060878396,7992.542077990947,5790.7707187945425
1783341379,100,,Aggregated,45.700000,0.000000,7,13,27,39,79,170,1000,6000,7900,8000,8000,4965,0,7,151.30009268260912,2.9877430060878396,7992.542077990947,5790.348841893253
1783341380,100,,Aggregated,45.200000,0.000000,7,13,26,39,79,170,1000,6000,7900,8000,8000,4995,0,7,150.43451170814834,2.9877430060878396,7992.542077990947,5777.80980980981
1783341381,100,,Aggregated,46.100000,0.000000,7,13,25,39,79,170,970,5900,7800,8000,8000,5038,0,7,149.26481760661468,2.9877430060878396,7992.542077990947,5767.883485510123
1783341382,100,,Aggregated,45.500000,0.000000,7,13,24,39,78,160,720,5900,7800,8000,8000,5091,0,7,147.84164355550848,2.9877430060878396,7992.542077990947,5767.724612060499
1783341383,100,,Aggregated,45.100000,0.000000,7,13,23,39,77,160,670,5900,7800,8000,8000,5138,0,7,146.62823635479063,2.9877430060878396,7992.542077990947,5769.92156481121
1783341384,100,,Aggregated,44.900000,0.000000,7,13,23,39,76,160,660,5900,7800,8000,8000,5182,0,7,145.47342864298417,2.9877430060878396,7992.542077990947,5759.57313778464
1783341385,100,,Aggregated,45.700000,0.000000,7,13,22,38,76,160,660,5900,7800,8000,8000,5229,0,7,144.26994761484028,2.9877430060878396,7992.542077990947,5765.80187416332
1783341386,100,,Aggregated,45.400000,0.000000,7,13,21,38,74,160,580,5900,7800,8000,8000,5269,0,7,143.2500787614604,2.9877430060878396,7992.542077990947,5767.442778515848
1783341387,100,,Aggregated,45.400000,0.000000,7,13,21,38,73,160,580,5900,7800,8000,8000,5316,0,7,142.1298943051625,2.9877430060878396,7992.542077990947,5773.843867569602
1783341388,100,,Aggregated,45.800000,0.000000,7,13,21,38,73,160,580,5900,7800,8000,8000,5358,0,7,141.1561305211287,2.9877430060878396,7992.542077990947,5760.2049272116465
1783341389,100,,Aggregated,44.800000,0.000000,7,13,21,38,72,160,580,5900,7800,8000,8000,5410,0,7,139.91625858694053,2.9877430060878396,7992.542077990947,5757.213308687616
1783341390,100,,Aggregated,45.300000,0.000000,7,13,21,37,71,150,580,5900,7800,8000,8000,5452,0,7,138.93335940926818,2.9877430060878396,7992.542077990947,5764.544754218636
1783341391,100,,Aggregated,45.100000,0.000000,7,13,20,37,71,150,580,5900,7800,8000,8000,5493,0,7,137.99368161684592,2.9877430060878396,7992.542077990947,5767.789368286911
1783341392,100,,Aggregated,44.600000,0.000000,7,12,20,37,70,150,540,5800,7800,8000,8000,5548,0,7,136.74346313415737,2.9877430060878396,7992.542077990947,5771.848413842827
1783341393,100,,Aggregated,45.300000,0.000000,7,12,19,37,69,150,540,5800,7800,8000,8000,5587,0,7,135.86659642730805,2.9877430060878396,7992.542077990947,5767.444603543941
1783341394,100,,Aggregated,45.700000,0.000000,7,12,20,37,69,150,540,5800,7800,8000,8000,5644,0,7,134.67821446427777,2.9877430060878396,7992.542077990947,5754.150070871722
1783341395,100,,Aggregated,45.500000,0.000000,7,12,19,37,69,150,530,5800,7800,8000,8000,5692,0,7,133.664011847574,2.9877430060878396,7992.542077990947,5746.99191848208
1783341396,100,,Aggregated,46.300000,0.000000,7,12,19,37,68,150,460,5800,7800,8000,8000,5738,0,7,132.7213613402359,2.9877430060878396,7992.542077990947,5747.228999651446
1783341397,100,,Aggregated,45.500000,0.000000,7,12,19,37,68,140,440,5800,7800,8000,8000,5784,0,7,131.75034910328196,2.9877430060878396,7992.542077990947,5753.3386929460585
1783341398,100,,Aggregated,46.200000,0.000000,7,12,19,37,68,140,430,5800,7800,8000,8000,5821,0,7,131.02200068157936,2.9877430060878396,7992.542077990947,5750.00309225219
1783341399,100,,Aggregated,46.300000,0.000000,7,12,19,36,67,140,430,5800,7800,8000,8000,5875,0,7,129.93167583513113,2.9877430060878396,7992.542077990947,5748.453957446808
1783341400,100,,Aggregated,46.900000,0.000000,7,12,19,36,67,140,410,5800,7800,8000,8000,5913,0,7,129.1899480807292,2.9877430060878396,7992.542077990947,5744.827160493827
1783341401,100,,Aggregated,46.300000,0.000000,7,12,19,36,67,140,410,5800,7800,8000,8000,5955,0,7,128.51867021430374,2.9877430060878396,7992.542077990947,5739.146767422334
1783341402,100,,Aggregated,46.600000,0.000000,7,12,18,36,67,140,410,5800,7800,8000,8000,6006,0,7,127.580558826348,2.9877430060878396,7992.542077990947,5746.191142191142
1783341403,100,,Aggregated,46.400000,0.000000,7,12,18,36,67,140,410,5800,7800,8000,8000,6049,0,7,126.77081009853973,2.9877430060878396,7992.542077990947,5750.40105802612
1783341404,100,,Aggregated,45.900000,0.000000,7,12,18,35,66,140,400,5800,7800,8000,8000,6100,0,7,125.80142142935313,2.9877430060878396,7992.542077990947,5750.041967213115
1783341405,100,,Aggregated,45.700000,0.000000,7,12,18,35,66,140,390,5800,7800,8000,8000,6139,0,7,125.0705335572674,2.9877430060878396,7992.542077990947,5743.5114839550415
1783341406,100,,Aggregated,45.300000,0.000000,7,12,17,35,66,130,390,5800,7800,8000,8000,6184,0,7,124.25353506533666,2.9877430060878396,7992.542077990947,5750.849288486416
1783341407,100,,Aggregated,45.600000,0.000000,7,12,17,35,65,130,380,5800,7800,8000,8000,6234,0,7,123.34193651169777,2.9877430060878396,7992.542077990947,5760.062880975297
1783341408,100,,Aggregated,44.400000,0.000000,7,12,17,35,65,130,380,5800,7800,8000,8000,6276,0,7,122.58188937219059,2.9877430060878396,7992.542077990947,5762.081739961759
1783341409,100,,Aggregated,45.700000,0.000000,7,12,17,34,64,130,380,5800,7800,8000,8000,6332,0,7,121.6465575359903,2.9877430060878396,7992.542077990947,5752.501263423878
1783341410,100,,Aggregated,45.000000,0.000000,7,12,17,34,64,130,370,5800,7800,8000,8000,6372,0,7,120.95696199055027,2.9877430060878396,7992.542077990947,5756.71311989956
1783341411,100,,Aggregated,45.000000,0.000000,7,12,17,34,64,130,370,5800,7800,8000,8000,6422,0,7,120.1026524463944,2.9877430060878396,7992.542077990947,5746.053877296792
1783341412,100,,Aggregated,45.500000,0.000000,7,12,17,34,64,130,360,5800,7800,8000,8000,6464,0,7,119.41068735421429,2.9877430060878396,7992.542077990947,5750.023205445545
1783341413,100,,Aggregated,45.500000,0.000000,7,12,17,34,63,130,360,5800,7800,8000,8000,6514,0,7,118.5898749169099,2.9877430060878396,7992.542077990947,5748.015812097022
1783341414,100,,Aggregated,46.300000,0.000000,7,12,17,34,63,130,360,5800,7800,8000,8000,6558,0,7,117.87304140189416,2.9877430060878396,7992.542077990947,5740.331655992681
1783341415,100,,Aggregated,46.300000,0.000000,7,12,16,33,63,130,360,5800,7800,8000,8000,6601,0,7,117.17542628898127,2.9877430060878396,7992.542077990947,5739.558703226784
1783341416,100,,Aggregated,45.700000,0.000000,7,12,16,33,61,120,360,5800,7800,8000,8000,6649,0,7,116.39384662979687,2.9877430060878396,7992.542077990947,5734.7073244096855
1783341417,100,,Aggregated,45.600000,0.000000,7,12,16,33,61,120,350,5800,7800,8000,8000,6699,0,7,115.61582274317381,2.9877430060878396,7992.542077990947,5736.305120167189
1783341418,100,,Aggregated,46.400000,0.000000,7,12,16,33,61,120,350,5800,7800,8000,8000,6746,0,7,114.88177224777148,2.9877430060878396,7992.542077990947,5740.190779721316
1783341419,100,,Aggregated,45.800000,0.000000,7,12,16,33,60,120,350,5800,7800,8000,8000,6787,0,7,114.23400151224021,2.9877430060878396,7992.542077990947,5741.887431855017
1783341420,100,,Aggregated,45.500000,0.000000,7,12,16,32,60,120,340,5800,7800,8000,8000,6839,0,7,113.47575229150043,2.9877430060878396,7992.542077990947,5751.612955110396
1783341421,100,,Aggregated,46.400000,0.000000,7,12,16,32,60,120,340,5800,7800,8000,8000,6884,0,7,112.80787761935434,2.9877430060878396,7992.542077990947,5742.007989540964
1783341422,100,,Aggregated,45.400000,0.000000,7,12,16,32,60,120,340,5800,7800,8000,8000,6920,0,7,112.29862025138152,2.9877430060878396,7992.542077990947,5741.47514450867
1783341423,100,,Aggregated,45.900000,0.000000,7,12,16,32,59,120,340,5800,7800,8000,8000,6982,0,7,111.45544646899273,2.9877430060878396,7992.542077990947,5731.598968776855
1783341424,100,,Aggregated,45.900000,0.000000,7,12,16,32,59,120,330,5800,7800,8000,8000,7023,0,7,110.87584420071317,2.9877430060878396,7992.542077990947,5727.9859034600595
1783341425,100,,Aggregated,45.700000,0.000000,7,12,16,32,59,120,330,5800,7800,8000,8000,7066,0,7,110.28637056080258,2.9877430060878396,7992.542077990947,5726.230399094255
1783341426,100,,Aggregated,46.700000,0.000000,7,12,16,32,59,120,330,5700,7800,8000,8000,7117,0,7,109.58901681937016,2.9877430060878396,7992.542077990947,5717.8861880005625
1783341427,100,,Aggregated,45.800000,0.000000,7,12,16,32,59,110,330,5700,7800,8000,8000,7164,0,7,108.94100301443234,2.9877430060878396,7992.542077990947,5713.467336683417
1783341428,100,,Aggregated,46.800000,0.000000,7,12,16,32,59,110,330,5700,7800,8000,8000,7208,0,7,108.36883012797323,2.9877430060878396,7992.542077990947,5713.546753607103
1783341429,100,,Aggregated,45.900000,0.000000,7,12,15,31,58,110,330,5700,7800,8000,8000,7257,0,7,107.69863868451561,2.9877430060878396,7992.542077990947,5716.360892930963
1783341430,100,,Aggregated,47.000000,0.000000,7,12,15,31,58,110,330,5700,7800,8000,8000,7298,0,7,107.18506010601455,2.9877430060878396,7992.542077990947,5718.249246368869
1783341431,100,,Aggregated,46.100000,0.000000,7,12,15,31,58,110,320,5700,7800,8000,8000,7341,0,7,106.61455612785649,2.9877430060878396,7992.542077990947,5726.925759433319
1783341432,100,,Aggregated,46.600000,0.000000,7,12,15,31,58,110,320,5700,7800,8000,8000,7391,0,7,105.9925720888451,2.9877430060878396,7992.542077990947,5728.4688134217295
1783341433,100,,Aggregated,46.300000,0.000000,7,12,15,31,57,110,320,5600,7800,8000,8000,7432,0,7,105.44647020527863,2.9877430060878396,7992.542077990947,5735.48264262648
1783341434,100,,Aggregated,45.600000,0.000000,7,12,15,31,57,110,320,5600,7800,8000,8000,7482,0,7,104.82896421367717,2.9877430060878396,7992.542077990947,5732.226944667202
1783341435,100,,Aggregated,45.600000,0.000000,7,12,15,31,57,110,310,5600,7800,8000,8000,7530,0,7,104.26663600395271,2.9877430060878396,7992.542077990947,5720.846746347942
1783341436,100,,Aggregated,45.200000,0.000000,7,12,15,31,57,110,310,5600,7800,8000,8000,7566,0,7,103.84138104504036,2.9877430060878396,7992.542077990947,5707.89703938673
1783341437,100,,Aggregated,46.000000,0.000000,7,12,15,30,57,110,310,5600,7800,8000,8000,7621,0,7,103.18524704628437,2.9877430060878396,7992.542077990947,5703.796483401128
1783341438,100,,Aggregated,45.400000,0.000000,7,12,15,30,57,110,310,5600,7800,8000,8000,7661,0,7,102.72968153278647,2.9877430060878396,7992.542077990947,5704.158987077405
1783341439,100,,Aggregated,45.200000,0.000000,7,12,15,30,57,110,310,5600,7800,8000,8000,7706,0,7,102.25063648905514,2.9877430060878396,7992.542077990947,5708.486893329873
1783341440,100,,Aggregated,44.600000,0.000000,7,12,15,30,57,110,300,5600,7800,8000,8000,7751,0,7,101.7279939579158,2.9877430060878396,7992.542077990947,5709.70829570378
1783341441,100,,Aggregated,46.000000,0.000000,7,12,15,30,57,110,300,5600,7800,8000,8000,7802,0,7,101.17210532218816,2.9877430060878396,7992.542077990947,5703.720328120995
1783341442,100,,Aggregated,44.600000,0.000000,7,12,15,30,57,110,300,5600,7800,8000,8000,7850,0,7,100.63745435870439,2.9877430060878396,7992.542077990947,5701.517197452229
1783341443,100,,Aggregated,45.100000,0.000000,7,12,15,30,57,110,290,5600,7800,8000,8000,7895,0,7,100.13044279276177,2.9685170156881213,7992.542077990947,5692.973147561748
1783341444,100,,Aggregated,46.300000,0.000000,7,11,15,30,56,110,290,5500,7800,8000,8000,7947,0,7,99.55450000274843,2.9685170156881213,7992.542077990947,5703.662639989933
1783341445,100,,Aggregated,46.400000,0.000000,7,11,15,30,56,100,280,5500,7800,8000,8000,7989,0,7,99.07967488881852,2.9685170156881213,7992.542077990947,5704.662285642758
1783341446,100,,Aggregated,45.300000,0.000000,7,11,15,30,56,100,280,5500,7700,8000,8000,8035,0,7,98.55895793114617,2.9685170156881213,7992.542077990947,5709.466583696329
1783341447,100,,Aggregated,46.100000,0.000000,7,11,15,30,56,100,280,5500,7700,8000,8000,8079,0,7,98.10599590615047,2.9685170156881213,7992.542077990947,5712.767050377522
1783341448,100,,Aggregated,45.800000,0.000000,7,11,15,29,56,100,280,5500,7700,8000,8000,8129,0,7,97.57978435906892,2.9685170156881213,7992.542077990947,5710.569934801329
1783341449,100,,Aggregated,46.300000,0.000000,7,11,15,29,55,100,280,5500,7700,8000,8000,8167,0,7,97.18690425197117,2.9685170156881213,7992.542077990947,5714.886371984817
1783341451,100,,Aggregated,45.500000,0.000000,7,11,15,30,56,100,280,5500,7700,8000,8000,8225,0,7,96.79367996861247,2.9685170156881213,7992.542077990947,5719.768145896656
1783341452,100,,Aggregated,44.900000,0.000000,7,11,15,30,56,100,270,5500,7700,8000,8000,8271,0,7,96.3338950413237,2.9685170156881213,7992.542077990947,5716.901583847177
1783341453,100,,Aggregated,45.600000,0.000000,7,11,15,30,55,100,270,5400,7700,8000,8000,8322,0,7,95.81326452208862,2.9685170156881213,7992.542077990947,5729.829007450132
1783341454,100,,Aggregated,44.700000,0.000000,7,11,15,30,55,100,270,5400,7700,8000,8000,8361,0,7,95.45554571018523,2.9685170156881213,7992.542077990947,5725.136347326875
1783341455,100,,Aggregated,44.700000,0.000000,7,11,15,30,55,99,270,5300,7700,8000,8000,8411,0,7,94.97289495515683,2.9685170156881213,7992.542077990947,5722.489240280585
1783341456,100,,Aggregated,45.400000,0.000000,7,11,15,30,55,99,270,5300,7700,8000,8000,8456,0,7,94.55367177836008,2.9685170156881213,7992.542077990947,5709.092596972564
1783341457,100,,Aggregated,44.500000,0.000000,7,11,15,29,55,98,270,5200,7700,8000,8000,8508,0,7,94.05478110470119,2.9685170156881213,7992.542077990947,5713.321932299013
1783341458,100,,Aggregated,45.100000,0.000000,7,11,15,29,55,98,270,5200,7700,8000,8000,8554,0,7,93.6548226394403,2.9685170156881213,7992.542077990947,5709.166588730419
1783341459,100,,Aggregated,45.000000,0.000000,7,11,15,29,55,97,270,5200,7700,8000,8000,8596,0,7,93.2349790312584,2.9685170156881213,7992.542077990947,5700.0403676128435
1783341460,100,,Aggregated,45.500000,0.000000,7,11,15,29,55,97,270,5100,7700,8000,8000,8641,0,7,92.82970185646005,2.9685170156881213,7992.542077990947,5702.35725031825
1783341461,100,,Aggregated,45.400000,0.000000,7,11,15,29,55,96,260,5100,7700,8000,8000,8687,0,7,92.40970364885693,2.9685170156881213,7992.542077990947,5694.597789800852
1783341462,100,,Aggregated,47.100000,0.000000,7,11,15,29,55,96,260,5000,7700,8000,8000,8734,0,7,91.99280115373335,2.9685170156881213,7992.542077990947,5696.284863750859
1783341463,100,,Aggregated,46.100000,0.000000,7,11,15,29,55,95,260,5000,7700,8000,8000,8785,0,7,91.52963269468067,2.9685170156881213,7992.542077990947,5685.723619806488
1783341464,100,,Aggregated,46.100000,0.000000,7,11,15,29,55,95,260,4900,7700,8000,8000,8820,0,7,91.21931167151459,2.9685170156881213,7992.542077990947,5686.750453514739
1783341465,100,,Aggregated,46.900000,0.000000,7,11,15,29,55,94,260,4900,7700,8000,8000,8875,0,7,90.75653438137608,2.9685170156881213,7992.542077990947,5695.505915492958
1783341466,100,,Aggregated,45.700000,0.000000,7,11,15,28,55,94,250,4800,7700,8000,8000,8919,0,7,90.35504738453645,2.9685170156881213,7992.542077990947,5697.098777889898
1783341467,100,,Aggregated,46.300000,0.000000,7,11,15,28,54,94,250,4800,7700,8000,8000,8953,0,7,90.05631650772732,2.9685170156881213,7992.542077990947,5693.734837484642
1783341468,100,,Aggregated,46.400000,0.000000,7,11,15,28,54,93,250,2800,7700,8000,8000,9013,0,7,89.56817130808099,2.9685170156881213,7992.542077990947,5684.362365472096
1783341469,100,,Aggregated,44.800000,0.000000,7,11,15,28,54,93,250,2800,7700,8000,8000,9056,0,7,89.20762528752881,2.9685170156881213,7992.542077990947,5683.782906360424
1783341470,100,,Aggregated,45.900000,0.000000,7,11,15,28,54,92,250,2800,7700,8000,8000,9093,0,7,88.90727727052592,2.9685170156881213,7992.542077990947,5688.142967117563
1783341471,100,,Aggregated,46.000000,0.000000,7,11,15,28,54,92,250,2800,7700,8000,8000,9141,0,7,88.51110377254679,2.9685170156881213,7992.542077990947,5690.561207745323
1783341472,100,,Aggregated,44.300000,0.000000,7,11,14,28,54,92,250,2800,7700,8000,8000,9180,0,7,88.18316951969881,2.9685170156881213,7992.542077990947,5689.786165577342
1783341473,100,,Aggregated,44.900000,0.000000,7,11,14,28,54,91,240,2700,7700,8000,8000,9232,0,7,87.77730609085705,2.9685170156881213,7992.542077990947,5687.713063258232
1783341474,100,,Aggregated,44.800000,0.000000,7,11,14,28,54,91,240,2700,7700,8000,8000,9281,0,7,87.37420591613487,2.9685170156881213,7992.542077990947,5696.021657149014
1783341475,100,,Aggregated,43.500000,0.000000,7,11,14,27,53,91,240,2700,7700,8000,8000,9319,0,7,87.05959837595239,2.9685170156881213,7992.542077990947,5703.053224594913
1783341476,100,,Aggregated,45.600000,0.000000,7,11,14,27,53,90,240,2700,7700,8000,8000,9374,0,7,86.61234836467929,2.9685170156881213,7992.542077990947,5699.119586089183
1783341477,100,,Aggregated,44.700000,0.000000,7,11,14,27,53,90,240,2700,7700,8000,8000,9412,0,7,86.31793888476001,2.9685170156881213,7992.542077990947,5701.635784105398
1783341478,100,,Aggregated,43.900000,0.000000,7,11,14,27,53,90,240,2700,7700,8000,8000,9466,0,7,85.8931855001502,2.9685170156881213,7992.542077990947,5706.730403549545
1783341479,100,,Aggregated,45.700000,0.000000,7,11,14,27,53,89,240,2600,7700,8000,8000,9511,0,7,85.55088275129262,2.9685170156881213,7992.542077990947,5700.993165808011
1783341480,100,,Aggregated,45.200000,0.000000,7,11,14,27,53,89,230,2600,7700,8000,8000,9558,0,7,85.17305076841726,2.9066700080875307,7992.542077990947,5705.219397363465
1783341481,100,,Aggregated,45.300000,0.000000,7,11,14,27,53,89,230,2600,7700,8000,8000,9606,0,7,84.83232624603934,2.9066700080875307,7992.542077990947,5695.4273370809915
1783341482,100,,Aggregated,46.400000,0.000000,7,11,14,26,53,89,230,2600,7700,8000,8000,9657,0,7,84.45008316478749,2.9066700080875307,7992.542077990947,5692.385523454489
1783341483,100,,Aggregated,45.500000,0.000000,7,11,14,26,53,89,230,2600,7700,8000,8000,9693,0,7,84.22642530232359,2.9066700080875307,7992.542077990947,5691.402042711235
1783341484,100,,Aggregated,46.500000,0.000000,7,11,14,26,53,89,230,2500,7700,8000,8000,9745,0,7,83.86998360916189,2.9066700080875307,7992.542077990947,5689.853258081067
1783341485,100,,Aggregated,46.800000,0.000000,7,11,14,26,53,89,230,2500,7700,8000,8000,9788,0,7,83.55318555856446,2.9066700080875307,7992.542077990947,5693.841847159788
1783341486,100,,Aggregated,46.700000,0.000000,7,11,14,26,53,88,220,1000,7700,8000,8000,9845,0,7,83.17516150138717,2.9066700080875307,7992.542077990947,5696.0457084814625
1783341487,100,,Aggregated,46.100000,0.000000,7,11,14,26,53,88,220,1000,7700,8000,8000,9884,0,7,82.90064478511982,2.9066700080875307,7992.542077990947,5701.669971671388
1783341488,100,,Aggregated,47.500000,0.000000,7,11,14,25,53,87,220,1000,7700,8000,8000,9924,0,7,82.60085019005156,2.9066700080875307,7992.542077990947,5705.094115276098
1783341489,100,,Aggregated,46.900000,0.000000,7,11,14,25,52,87,220,1000,7700,8000,8000,9970,0,7,82.28209908455743,2.9066700080875307,7992.542077990947,5704.306920762287
1783341490,100,,Aggregated,45.800000,0.000000,7,11,14,25,52,86,220,970,7700,7900,8000,10023,0,7,81.92645760571399,2.9066700080875307,7992.542077990947,5692.935448468523
1783341491,100,,Aggregated,45.500000,0.000000,7,11,14,25,52,86,220,970,7700,7900,8000,10066,0,7,81.62375569461578,2.9066700080875307,7992.542077990947,5696.596761374925
1783341492,100,,Aggregated,46.900000,0.000000,7,11,14,25,52,86,220,720,7700,7900,8000,10107,0,7,81.34508989175482,2.9066700080875307,7992.542077990947,5692.950628277432
1783341493,100,,Aggregated,46.900000,0.000000,7,11,14,25,52,86,220,720,7700,7900,8000,10157,0,7,81.00408650673543,2.9066700080875307,7992.542077990947,5693.719306881953
1783341494,100,,Aggregated,45.500000,0.000000,7,11,14,24,52,86,220,720,7700,7900,8000,10196,0,7,80.71638933962687,2.9066700080875307,7992.542077990947,5690.480384464496
1783341495,100,,Aggregated,46.100000,0.000000,7,11,14,23,52,85,210,670,7700,7900,8000,10245,0,7,80.3865845211214,2.9066700080875307,7992.542077990947,5695.016691068814
1783341496,100,,Aggregated,45.000000,0.000000,7,11,14,23,51,85,210,670,7700,7900,8000,10288,0,7,80.09934206172854,2.9066700080875307,7992.542077990947,5701.086605754277
1783341497,100,,Aggregated,45.800000,0.000000,7,11,14,23,51,85,210,660,7700,7900,8000,10331,0,7,79.81815175906561,2.9066700080875307,7992.542077990947,5704.7536540509145
1783341498,100,,Aggregated,44.700000,0.000000,7,11,14,23,51,85,210,660,7700,7900,8000,10381,0,7,79.49076588730037,2.9066700080875307,7992.542077990947,5706.786822078798
1783341499,100,,Aggregated,45.000000,0.000000,7,11,14,23,51,85,210,660,7700,7900,8000,10428,0,7,79.20756314039491,2.9066700080875307,7992.542077990947,5706.030015343306
1783341500,100,,Aggregated,45.300000,0.000000,7,11,14,22,51,84,210,660,7700,7900,8000,10466,0,7,78.9511711867054,2.9066700080875307,7992.542077990947,5706.545862793809
1783341501,100,,Aggregated,45.100000,0.000000,7,11,14,22,51,84,210,580,7700,7900,8000,10516,0,7,78.62965060185843,2.9066700080875307,7992.542077990947,5709.291080258654
1783341502,100,,Aggregated,44.400000,0.000000,7,11,14,22,51,84,200,580,7700,7900,8000,10559,0,7,78.35869376268211,2.9066700080875307,7992.542077990947,5710.7766833980495
1783341503,100,,Aggregated,44.500000,0.000000,7,11,14,21,51,83,200,580,7700,7900,8000,10614,0,7,78.00421845846142,2.9066700080875307,7992.542077990947,5709.766440550216
1783341504,100,,Aggregated,45.100000,0.000000,7,11,14,21,51,83,200,580,7700,7900,8000,10651,0,7,77.78934225462245,2.9066700080875307,7992.542077990947,5714.258003943291
1783341505,100,,Aggregated,45.100000,0.000000,7,11,14,21,51,83,200,580,7700,7900,8000,10697,0,7,77.49529081096215,2.9066700080875307,7992.542077990947,5715.717210432832
1783341506,100,,Aggregated,44.500000,0.000000,7,11,14,21,51,83,200,580,7700,7900,8000,10737,0,7,77.26991546362383,2.9066700080875307,7992.542077990947,5711.714072832262
1783341507,100,,Aggregated,45.000000,0.000000,7,11,14,21,51,83,200,580,7700,7900,8000,10778,0,7,77.04590370465895,2.9066700080875307,7992.542077990947,5705.569400630915
1783341508,100,,Aggregated,45.000000,0.000000,7,11,14,21,51,82,200,580,7700,7900,8000,10830,0,7,76.74135239138334,2.9066700080875307,7992.542077990947,5709.940904893813
1783341509,100,,Aggregated,43.800000,0.000000,7,11,14,21,51,82,200,580,7700,7900,8000,10873,0,7,76.48649973526976,2.9066700080875307,7992.542077990947,5704.090407431252
1783341510,100,,Aggregated,44.700000,0.000000,7,11,14,21,50,82,200,580,7700,7900,8000,10919,0,7,76.21957467082323,2.9066700080875307,7992.542077990947,5706.854748603352
1783341511,100,,Aggregated,44.600000,0.000000,7,11,14,21,50,82,200,580,7700,7900,8000,10960,0,7,75.98152224714383,2.9066700080875307,7992.542077990947,5702.424452554745
1783341512,100,,Aggregated,44.900000,0.000000,7,11,14,21,50,82,200,540,7700,7900,8000,11009,0,7,75.70851277207123,2.9066700080875307,7992.542077990947,5701.507857207739
1783341513,100,,Aggregated,44.300000,0.000000,7,11,14,21,50,81,200,540,7700,7900,8000,11049,0,7,75.47891351503574,2.9066700080875307,7992.542077990947,5705.344284550638
1783341514,100,,Aggregated,44.100000,0.000000,7,11,14,21,50,81,200,540,7700,7900,8000,11098,0,7,75.19253032191321,2.9066700080875307,7992.542077990947,5711.301405658677
1783341515,100,,Aggregated,43.400000,0.000000,7,11,14,20,50,81,190,540,7700,7900,8000,11144,0,7,74.93608920033225,2.9066700080875307,7992.542077990947,5713.952351040919
1783341516,100,,Aggregated,44.200000,0.000000,7,11,14,21,50,81,190,540,7700,7900,8000,11189,0,7,74.73217966150446,2.9066700080875307,7992.542077990947,5723.427205290911
1783341517,100,,Aggregated,44.500000,0.000000,7,11,14,21,50,81,190,540,7700,7900,8000,11240,0,7,74.4568372015778,2.9066700080875307,7992.542077990947,5715.011120996442
1783341518,100,,Aggregated,44.300000,0.000000,7,11,14,21,50,80,190,540,7700,7900,8000,11280,0,7,74.24426545105028,2.9066700080875307,7992.542077990947,5723.476241134752
1783341519,100,,Aggregated,45.300000,0.000000,7,11,14,21,50,80,190,530,7700,7900,8000,11324,0,7,74.00772295381066,2.9066700080875307,7992.542077990947,5721.033380430943
1783341520,100,,Aggregated,45.100000,0.000000,7,11,14,20,50,80,190,530,7700,7900,8000,11373,0,7,73.7320295716069,2.9066700080875307,7992.542077990947,5715.613294645213
1783341521,100,,Aggregated,44.700000,0.000000,7,11,14,20,50,79,180,460,7700,7900,8000,11414,0,7,73.50114169326176,2.9066700080875307,7992.542077990947,5715.596548098826
1783341522,100,,Aggregated,44.800000,0.000000,7,11,14,20,50,79,180,460,7700,7900,8000,11461,0,7,73.27153854794071,2.9066700080875307,7992.542077990947,5711.8829945030975
1783341523,100,,Aggregated,45.500000,0.000000,7,11,14,20,50,79,180,440,7700,7900,8000,11504,0,7,73.02942145480569,2.9066700080875307,7992.542077990947,5711.21166550765
1783341524,100,,Aggregated,45.500000,0.000000,7,11,14,20,50,79,180,440,7700,7900,8000,11555,0,7,72.77802003212106,2.9066700080875307,7992.542077990947,5706.990220683687
1783341525,100,,Aggregated,46.000000,0.000000,7,11,14,20,50,79,180,440,7700,7900,8000,11600,0,7,72.5467629019163,2.9066700080875307,7992.542077990947,5702.952586206897
1783341526,100,,Aggregated,45.800000,0.000000,7,11,14,20,50,79,180,430,7700,7900,8000,11651,0,7,72.27499434333689,2.9066700080875307,7992.542077990947,5714.227104969531
1783341527,100,,Aggregated,45.600000,0.000000,7,11,14,20,50,79,180,430,7700,7900,8000,11688,0,7,72.0859108215404,2.9066700080875307,7992.542077990947,5723.666666666667
1783341528,100,,Aggregated,45.900000,0.000000,7,11,14,20,50,78,180,430,7700,7900,8000,11738,0,7,71.82907749132075,2.9066700080875307,7992.542077990947,5716.901772022491
1783341529,100,,Aggregated,45.500000,0.000000,7,11,14,20,50,78,180,430,7700,7900,8000,11784,0,7,71.59496658273979,2.9066700080875307,7992.542077990947,5717.731839782757
1783341530,100,,Aggregated,45.300000,0.000000,7,11,14,19,50,78,180,410,7700,7900,8000,11828,0,7,71.38328163021436,2.9066700080875307,7992.542077990947,5715.731907338519
1783341531,100,,Aggregated,45.900000,0.000000,7,11,14,19,49,78,180,410,7700,7900,8000,11875,0,7,71.1397626882713,2.9066700080875307,7992.542077990947,5717.808589473684
1783341532,100,,Aggregated,45.600000,0.000000,7,11,14,19,49,78,180,410,7700,7900,8000,11917,0,7,70.92768817364062,2.9066700080875307,7992.542077990947,5724.063690526139
1783341533,100,,Aggregated,45.000000,0.000000,7,11,14,19,49,77,180,410,7700,7900,8000,11957,0,7,70.73933405421963,2.9066700080875307,7992.542077990947,5715.141590700008
1783341534,100,,Aggregated,45.300000,0.000000,7,11,14,19,49,77,180,410,7700,7900,8000,12002,0,7,70.53774003401419,2.9066700080875307,7992.542077990947,5711.106815530745
1783341535,100,,Aggregated,44.800000,0.000000,7,11,14,19,49,77,170,410,7700,7900,8000,12056,0,7,70.2955559364058,2.9066700080875307,7992.542077990947,5712.304661579296
1783341536,100,,Aggregated,44.800000,0.000000,7,11,14,19,49,77,170,400,7700,7900,8000,12103,0,7,70.0576824965231,2.9066700080875307,7992.542077990947,5709.321573163678
1783341537,100,,Aggregated,44.700000,0.000000,7,11,14,19,49,77,170,400,7700,7900,8000,12144,0,7,69.86676550464819,2.9066700080875307,7992.542077990947,5712.203392621871
1783341538,100,,Aggregated,45.400000,0.000000,7,11,14,19,49,77,170,400,7700,7900,8000,12186,0,7,69.6652704526793,2.9066700080875307,7992.542077990947,5711.006318726408
1783341539,100,,Aggregated,45.100000,0.000000,7,11,14,19,49,76,170,390,7700,7900,8000,12235,0,7,69.42309463305277,2.9066700080875307,7992.542077990947,5707.602370249285
1783341540,100,,Aggregated,44.800000,0.000000,7,11,14,19,49,76,170,390,7700,7900,8000,12278,0,7,69.22603779854131,2.9066700080875307,7992.542077990947,5712.686838247271
1783341541,100,,Aggregated,44.900000,0.000000,7,11,14,19,49,76,170,390,7700,7900,8000,12321,0,7,69.03729851696426,2.9066700080875307,7992.542077990947,5715.300706111517
1783341542,100,,Aggregated,44.400000,0.000000,7,11,14,19,49,76,170,390,7700,7900,8000,12369,0,7,68.83171694238774,2.9066700080875307,7992.542077990947,5710.474816072439
1783341543,100,,Aggregated,45.000000,0.000000,7,11,14,19,49,76,170,390,7700,7900,8000,12405,0,7,68.67093706330787,2.9066700080875307,7992.542077990947,5705.893833131801
1783341544,100,,Aggregated,44.800000,0.000000,7,11,14,19,49,75,170,390,7700,7900,8000,12463,0,7,68.40753211092222,2.9066700080875307,7992.542077990947,5704.3537671507665
1783341545,100,,Aggregated,44.600000,0.000000,7,11,14,19,49,75,170,380,7700,7900,8000,12502,0,7,68.24052293844633,2.9066700080875307,7992.542077990947,5701.157254839226
1783341546,100,,Aggregated,45.700000,0.000000,7,11,14,19,49,75,170,380,7700,7900,8000,12548,0,7,68.04695062198128,2.9066700080875307,7992.542077990947,5711.715253426841
1783341547,100,,Aggregated,45.200000,0.000000,7,11,14,19,49,74,170,380,7700,7900,8000,12597,0,7,67.81744431075528,2.9066700080875307,7992.542077990947,5716.386203064221
1783341548,100,,Aggregated,44.300000,0.000000,7,11,14,19,49,74,170,380,7700,7900,8000,12640,0,7,67.63890226057477,2.9066700080875307,7992.542077990947,5715.676107594937
1783341549,100,,Aggregated,45.300000,0.000000,7,11,14,19,48,73,170,380,7700,7900,8000,12683,0,7,67.44209129588933,2.9066700080875307,7992.542077990947,5716.338011511472
1783341550,100,,Aggregated,45.100000,0.000000,7,11,14,19,48,73,170,380,7700,7900,8000,12736,0,7,67.2294596347113,2.9066700080875307,7992.542077990947,5722.758951005025
1783341551,100,,Aggregated,45.000000,0.000000,7,11,14,19,48,73,170,380,7700,7900,8000,12779,0,7,67.03577312127804,2.9066700080875307,7992.542077990947,5724.032083887628
1783341552,100,,Aggregated,44.700000,0.000000,7,11,14,18,48,73,170,370,7700,7900,8000,12824,0,7,66.84247228623914,2.9066700080875307,7992.542077990947,5726.082657517155
1783341553,100,,Aggregated,45.900000,0.000000,7,11,14,18,48,73,170,370,7700,7900,8000,12873,0,7,66.63364151057937,2.9066700080875307,7992.542077990947,5724.756000932183
1783341554,100,,Aggregated,45.500000,0.000000,7,11,14,18,48,72,160,370,7700,7900,8000,12917,0,7,66.44125272399081,2.9066700080875307,7992.542077990947,5723.5544631106295
1783341555,100,,Aggregated,45.800000,0.000000,7,11,14,18,48,72,160,370,7700,7900,8000,12965,0,7,66.25071642173755,2.9066700080875307,7992.542077990947,5717.319475510991
1783341556,100,,Aggregated,45.800000,0.000000,7,11,14,18,48,72,160,360,7700,7900,8000,13008,0,7,66.07062157778823,2.9066700080875307,7992.542077990947,5718.82795202952
1783341557,100,,Aggregated,45.800000,0.000000,7,11,14,18,48,72,160,360,7700,7900,8000,13056,0,7,65.88629252350047,2.9066700080875307,7992.542077990947,5721.76171875
1783341558,100,,Aggregated,46.400000,0.000000,7,11,14,18,48,72,160,360,7700,7900,8000,13099,0,7,65.70583440162412,2.9066700080875307,7992.542077990947,5723.917398274678
1783341559,100,,Aggregated,45.200000,0.000000,7,11,14,18,48,72,160,360,7700,7900,8000,13151,0,7,65.5114334101385,2.9066700080875307,7992.542077990947,5728.203938863965
1783341560,100,,Aggregated,46.000000,0.000000,7,11,14,18,48,72,160,360,7700,7900,8000,13193,0,7,65.3343271174602,2.9066700080875307,7992.542077990947,5732.010687485788
1783341561,100,,Aggregated,45.800000,0.000000,7,11,14,18,48,72,160,360,7700,7900,8000,13239,0,7,65.14808859510799,2.9066700080875307,7992.542077990947,5735.11262179923
1783341562,100,,Aggregated,46.500000,0.000000,7,11,14,18,48,71,160,360,7700,7900,8000,13287,0,7,64.95260584138899,2.9066700080875307,7992.542077990947,5735.344547301874
1783341563,100,,Aggregated,45.300000,0.000000,7,11,14,18,48,71,160,360,7700,7900,8000,13339,0,7,64.74289067827472,2.9066700080875307,7992.542077990947,5730.604693005473
1783341564,100,,Aggregated,45.900000,0.000000,7,11,14,18,48,71,160,360,7700,7900,8000,13375,0,7,64.60986649888028,2.9066700080875307,7992.542077990947,5725.790953271028
1783341565,100,,Aggregated,45.800000,0.000000,7,11,14,18,48,71,160,350,7700,7900,8000,13423,0,7,64.43019822615808,2.9066700080875307,7992.542077990947,5730.238918274603
1783341566,100,,Aggregated,45.200000,0.000000,7,11,14,18,48,71,160,350,7700,7900,8000,13464,0,7,64.26872611376433,2.9066700080875307,7992.542077990947,5728.39468211527
1783341567,100,,Aggregated,45.500000,0.000000,7,11,14,18,47,71,160,350,7700,7900,8000,13503,0,7,64.11119565879734,2.9066700080875307,7992.542077990947,5729.0819077242095
1783341568,100,,Aggregated,44.600000,0.000000,7,11,14,18,47,71,160,350,7700,7900,8000,13559,0,7,63.926086556001906,2.9066700080875307,7992.542077990947,5733.574083634487
1783341569,100,,Aggregated,45.800000,0.000000,7,11,14,18,47,71,160,350,7700,7900,8000,13604,0,7,63.760413372588125,2.9066700080875307,7992.542077990947,5729.14775066157
1783341570,100,,Aggregated,44.500000,0.000000,7,11,14,18,47,71,160,350,7700,7900,8000,13640,0,7,63.61697645613151,2.9066700080875307,7992.542077990947,5733.063049853373
1783341571,100,,Aggregated,45.600000,0.000000,7,11,14,18,47,71,160,350,7700,7900,8000,13691,0,7,63.43202844538889,2.9066700080875307,7992.542077990947,5731.938499744358
1783341572,100,,Aggregated,45.000000,0.000000,7,11,14,18,47,71,160,340,7700,7900,8000,13741,0,7,63.26735145803331,2.9066700080875307,7992.542077990947,5730.920820900953
1783341573,100,,Aggregated,44.900000,0.000000,7,11,14,18,47,71,160,340,7700,7900,8000,13779,0,7,63.12832709680393,2.9066700080875307,7992.542077990947,5726.951738152261
1783341574,100,,Aggregated,45.300000,0.000000,7,11,14,18,47,71,160,340,7700,7900,8000,13825,0,7,62.94601559231839,2.9066700080875307,7992.542077990947,5722.555081374322
1783341575,100,,Aggregated,45.500000,0.000000,7,11,14,18,47,70,150,340,7700,7900,8000,13872,0,7,62.77312053366497,2.9066700080875307,7992.542077990947,5722.89907727797
1783341576,100,,Aggregated,45.200000,0.000000,7,11,14,18,47,70,150,340,7700,7900,8000,13920,0,7,62.596817444471355,2.9066700080875307,7992.542077990947,5724.5210488505745
1783341577,100,,Aggregated,45.000000,0.000000,7,11,14,17,47,70,150,340,7700,7900,8000,13958,0,7,62.45419645757892,2.9066700080875307,7992.542077990947,5723.499283564981
1783341578,100,,Aggregated,45.400000,0.000000,7,11,13,17,47,70,150,340,7700,7900,8000,14006,0,7,62.28226659866512,2.9066700080875307,7992.542077990947,5724.47201199486
1783341579,100,,Aggregated,45.400000,0.000000,7,11,13,17,47,70,150,340,7700,7900,8000,14050,0,7,62.12853779038994,2.9066700080875307,7992.542077990947,5723.239857651246
1783341580,100,,Aggregated,45.300000,0.000000,7,11,13,17,47,70,150,340,7700,7900,8000,14098,0,7,61.953430108378114,2.9066700080875307,7992.542077990947,5724.9194921265425
1783341581,100,,Aggregated,44.500000,0.000000,7,11,13,17,47,70,150,330,7700,7900,8000,14140,0,7,61.80341722156325,2.9066700080875307,7992.542077990947,5726.05919377652
1783341582,100,,Aggregated,44.900000,0.000000,7,11,13,17,47,69,150,330,7700,7900,8000,14188,0,7,61.64049194043196,2.9066700080875307,7992.542077990947,5721.016492810826
1783341583,100,,Aggregated,45.000000,0.000000,7,11,13,17,47,69,150,330,7700,7900,8000,14239,0,7,61.472422284915844,2.9066700080875307,7992.542077990947,5717.762623779759
1783341584,100,,Aggregated,44.700000,0.000000,7,11,13,17,47,69,150,330,7700,7900,8000,14279,0,7,61.33348789201113,2.9066700080875307,7992.542077990947,5721.2009244344845
1783341585,100,,Aggregated,44.400000,0.000000,7,11,13,17,47,69,150,330,7700,7900,8000,14327,0,7,61.169913545753836,2.9066700080875307,7992.542077990947,5720.934319815732
1783341586,100,,Aggregated,45.100000,0.000000,7,11,13,17,47,69,150,330,7700,7900,8000,14377,0,7,61.0054124547534,2.9066700080875307,7992.542077990947,5718.69715517841
1783341587,100,,Aggregated,44.600000,0.000000,7,11,13,17,47,69,150,330,7700,7900,8000,14419,0,7,60.876689557260455,2.9066700080875307,7992.542077990947,5719.402455093973
1783341588,100,,Aggregated,44.900000,0.000000,7,11,13,17,47,69,150,330,7700,7900,8000,14462,0,7,60.72942919480429,2.9066700080875307,7992.542077990947,5721.505462591619
1783341589,100,,Aggregated,45.100000,0.000000,7,11,13,17,47,69,150,330,7700,7900,8000,14509,0,7,60.572738998770106,2.9066700080875307,7992.542077990947,5721.916603487491
1783341590,100,,Aggregated,45.600000,0.000000,7,11,13,17,47,68,150,330,7700,7900,8000,14553,0,7,60.430077981188646,2.9066700080875307,7992.542077990947,5716.277949563664
1783341591,100,,Aggregated,45.600000,0.000000,7,11,13,17,47,68,150,330,7700,7900,8000,14594,0,7,60.302832826521914,2.9066700080875307,7992.542077990947,5716.385912018638
1783341592,100,,Aggregated,45.800000,0.000000,7,11,13,17,46,68,150,330,7700,7900,8000,14646,0,7,60.13297423666174,2.9066700080875307,7992.542077990947,5717.339751467977
1783341593,100,,Aggregated,45.400000,0.000000,7,11,13,17,47,68,150,330,7700,7900,8000,14689,0,7,60.00524939370399,2.9066700080875307,7992.542077990947,5715.377084893457
1783341594,100,,Aggregated,45.300000,0.000000,7,11,13,17,46,68,150,320,7700,7900,8000,14740,0,7,59.85087743134436,2.9066700080875307,7992.542077990947,5715.042469470828
1783341595,100,,Aggregated,45.600000,0.000000,7,11,13,17,46,68,150,320,7700,7900,8000,14787,0,7,59.70372551004119,2.9066700080875307,7992.542077990947,5712.910394265233
1783341596,100,,Aggregated,45.300000,0.000000,7,11,13,17,46,68,150,320,7700,7900,8000,14826,0,7,59.575771568866855,2.9066700080875307,7992.542077990947,5717.640631323351
1783341597,100,,Aggregated,46.200000,0.000000,7,11,13,17,46,68,140,320,7700,7900,8000,14884,0,7,59.38538700389522,2.9066700080875307,7992.542077990947,5721.465936576189
1783341598,100,,Aggregated,45.700000,0.000000,7,11,13,17,46,68,140,320,7700,7900,8000,14921,0,7,59.26980921889328,2.9066700080875307,7992.542077990947,5720.715099524161
1783341599,100,,Aggregated,45.300000,0.000000,7,11,13,17,46,68,140,320,7700,7900,8000,14967,0,7,59.138963701758094,2.9066700080875307,7992.542077990947,5714.384646221688
1783341600,100,,Aggregated,45.800000,0.000000,7,11,13,17,46,68,140,320,7700,7900,8000,15008,0,7,59.00301837428104,2.9066700080875307,7992.542077990947,5712.655517057569
1783341601,100,,Aggregated,45.200000,0.000000,7,11,13,17,46,68,140,320,7700,7900,8000,15064,0,7,58.83962267321514,2.9066700080875307,7992.542077990947,5706.518587360595
1783341602,100,,Aggregated,45.500000,0.000000,7,11,13,17,46,68,140,310,7700,7900,8000,15103,0,7,58.71695203941087,2.9066700080875307,7992.542077990947,5706.215321459313
1783341603,100,,Aggregated,45.300000,0.000000,7,11,13,17,46,68,140,310,7700,7900,8000,15160,0,7,58.56987527798498,2.9066700080875307,7992.542077990947,5705.526055408971
1783341604,100,,Aggregated,46.400000,0.000000,7,11,13,17,46,68,140,310,7700,7900,8000,15198,0,7,58.45798662436854,2.9066700080875307,7992.542077990947,5705.841821292275
1783341605,100,,Aggregated,46.000000,0.000000,7,11,13,17,46,67,140,310,7700,7900,8000,15247,0,7,58.301465048547485,2.9066700080875307,7992.542077990947,5709.741063815833
1783341606,100,,Aggregated,46.700000,0.000000,7,11,13,17,46,67,140,310,7700,7900,8000,15297,0,7,58.16232965955135,2.9066700080875307,7992.542077990947,5708.2597895012095
1783341607,100,,Aggregated,45.600000,0.000000,7,11,13,17,46,67,140,310,7700,7900,8000,15350,0,7,58.00538886385304,2.9066700080875307,7992.542077990947,5706.743713355049
1783341608,100,,Aggregated,46.400000,0.000000,7,11,13,17,46,67,140,310,7700,7900,8000,15384,0,7,57.91451038547216,2.9066700080875307,7992.542077990947,5704.165366614665
1783341609,100,,Aggregated,46.500000,0.000000,7,11,13,17,46,67,140,310,7700,7900,8000,15432,0,7,57.78221379382532,2.9066700080875307,7992.542077990947,5701.540694660446
1783341610,100,,Aggregated,46.600000,0.000000,7,11,13,17,46,67,140,310,7700,7900,8000,15480,0,7,57.641774509322076,2.9066700080875307,7992.542077990947,5705.294573643411
1783341611,100,,Aggregated,45.800000,0.000000,7,11,13,17,46,67,140,310,7700,7900,8000,15518,0,7,57.520464268216145,2.9066700080875307,7992.542077990947,5703.824268591314
1783341612,100,,Aggregated,45.900000,0.000000,7,11,13,17,46,67,140,310,7700,7900,8000,15571,0,7,57.37292748726701,2.9066700080875307,7992.542077990947,5702.784021578575
1783341613,100,,Aggregated,46.400000,0.000000,7,11,13,17,46,67,140,300,7700,7900,8000,15611,0,7,57.27491931894955,2.9066700080875307,7992.542077990947,5706.554672986997
1783341614,100,,Aggregated,44.900000,0.000000,7,11,13,17,46,67,140,300,7700,7900,8000,15661,0,7,57.119705751939534,2.9066700080875307,7992.542077990947,5708.051273865015
1783341615,100,,Aggregated,46.200000,0.000000,7,11,13,17,46,67,140,300,7700,7900,8000,15697,0,7,57.00943780959324,2.9066700080875307,7992.542077990947,5706.814677963942
1783341616,100,,Aggregated,45.100000,0.000000,7,11,13,17,46,67,140,300,7700,7900,8000,15743,0,7,56.86729452982653,2.9066700080875307,7992.542077990947,5706.913231277393
1783341617,100,,Aggregated,46.000000,0.000000,7,11,13,17,46,67,140,300,7700,7900,8000,15793,0,7,56.73173563110613,2.9066700080875307,7992.542077990947,5706.963718102957
1783341618,100,,Aggregated,44.600000,0.000000,6,11,13,17,46,66,140,290,7700,7900,8000,15842,0,6,56.58112566766476,2.9066700080875307,7992.542077990947,5704.318899128898
1783341619,100,,Aggregated,44.500000,0.000000,6,11,13,17,46,66,140,290,7700,7900,8000,15877,0,6,56.47613928873299,2.9066700080875307,7992.542077990947,5701.923537192165
1783341620,100,,Aggregated,44.700000,0.000000,6,11,13,17,46,66,130,290,7700,7900,8000,15934,0,6,56.31396445340494,2.9066700080875307,7992.542077990947,5706.784360487009
1783341621,100,,Aggregated,45.800000,0.000000,6,11,13,17,45,66,130,290,7700,7900,8000,15973,0,6,56.202232699648356,2.9066700080875307,7992.542077990947,5706.7528329055285
1783341622,100,,Aggregated,44.700000,0.000000,6,11,13,17,45,66,130,280,7600,7900,8000,16020,0,6,56.058497415202886,2.9066700080875307,7992.542077990947,5706.869725343321
1783341623,100,,Aggregated,46.000000,0.000000,6,11,13,17,45,66,130,280,7600,7900,8000,16058,0,6,55.95239191684243,2.9066700080875307,7992.542077990947,5704.64684269523
1783341624,100,,Aggregated,45.600000,0.000000,6,11,13,17,45,66,130,280,7600,7900,8000,16107,0,6,55.81444510358808,2.9066700080875307,7992.542077990947,5705.727013099894
1783341625,100,,Aggregated,44.400000,0.000000,6,11,13,17,45,66,130,280,7600,7900,8000,16151,0,6,55.6958498059865,2.9066700080875307,7992.542077990947,5707.828184013374
1783341626,100,,Aggregated,44.400000,0.000000,6,11,13,17,45,66,130,280,7600,7900,8000,16189,0,6,55.588400447188306,2.9066700080875307,7992.542077990947,5707.133547470505
1783341627,100,,Aggregated,44.300000,0.000000,6,11,13,17,45,66,130,280,7600,7900,8000,16247,0,6,55.435836061147214,2.9066700080875307,7992.542077990947,5707.965716747707
1783341628,100,,Aggregated,44.700000,0.000000,6,11,13,17,45,65,130,280,7600,7900,8000,16292,0,6,55.309044636849634,2.9066700080875307,7992.542077990947,5707.746501350356
1783341629,100,,Aggregated,44.700000,0.000000,6,11,13,17,45,65,130,280,7600,7900,8000,16337,0,6,55.19800805028296,2.9066700080875307,7992.542077990947,5707.180877762135
1783341630,100,,Aggregated,45.100000,0.000000,6,11,13,17,45,66,130,280,7600,7900,8000,16380,0,6,55.093829124273704,2.9066700080875307,7992.542077990947,5705.386446886447
1783341631,100,,Aggregated,45.300000,0.000000,6,11,13,17,45,65,130,280,7600,7900,8000,16427,0,6,54.97420499254541,2.9066700080875307,7992.542077990947,5704.821635112924
1783341632,100,,Aggregated,45.600000,0.000000,6,11,13,17,45,65,130,280,7600,7900,8000,16472,0,6,54.85841112376075,2.9066700080875307,7992.542077990947,5708.3409422049535
1783341633,100,,Aggregated,44.600000,0.000000,6,11,13,16,45,65,130,270,7600,7900,8000,16527,0,6,54.71880426444453,2.9066700080875307,7992.542077990947,5708.80716403461
1783341634,100,,Aggregated,44.900000,0.000000,6,11,13,17,45,65,130,270,7600,7900,8000,16560,0,6,54.64273518716435,2.9066700080875307,7992.542077990947,5709.250905797101
1783341635,100,,Aggregated,45.400000,0.000000,6,11,13,16,45,65,130,270,7600,7900,8000,16611,0,6,54.50660882966551,2.9066700080875307,7992.542077990947,5713.234001565228
1783341636,100,,Aggregated,46.400000,0.000000,6,11,13,16,45,65,130,270,7600,7900,8000,16653,0,6,54.39561671563909,2.9066700080875307,7992.542077990947,5711.892271662763
1783341637,100,,Aggregated,44.900000,0.000000,6,11,13,16,45,65,130,270,7600,7900,8000,16691,0,6,54.30095612638842,2.9066700080875307,7992.542077990947,5708.856988796358
1783341638,100,,Aggregated,45.800000,0.000000,6,11,13,16,45,65,130,270,7600,7900,8000,16736,0,6,54.180946721106594,2.9066700080875307,7992.542077990947,5710.634380975143
1783341639,100,,Aggregated,45.600000,0.000000,6,11,13,16,45,65,130,270,7600,7900,8000,16791,0,6,54.04438679402338,2.9066700080875307,7992.542077990947,5712.70704544101
1783341640,100,,Aggregated,43.800000,0.000000,6,11,13,16,45,65,130,270,7600,7900,8000,16830,0,6,53.95059882480163,2.9066700080875307,7992.542077990947,5707.322103386809
1783341641,100,,Aggregated,44.200000,0.000000,6,11,13,16,45,65,130,270,7600,7900,8000,16882,0,6,53.8058262599981,2.9066700080875307,7992.542077990947,5709.689847174505
1783341642,100,,Aggregated,45.200000,0.000000,6,11,13,16,45,64,130,270,7600,7900,8000,16923,0,6,53.69890492810637,2.9066700080875307,7992.542077990947,5713.780594457247
1783341643,100,,Aggregated,44.300000,0.000000,6,11,13,16,45,64,130,270,7600,7900,8000,16976,0,6,53.574090604414074,2.9066700080875307,7992.542077990947,5707.332822808671
1783341644,100,,Aggregated,45.600000,0.000000,6,11,13,16,45,64,130,270,7600,7900,8000,17019,0,6,53.469329457927195,2.9066700080875307,7992.542077990947,5708.731535342852
1783341645,100,,Aggregated,44.600000,0.000000,6,11,13,16,45,64,130,270,7600,7900,8000,17065,0,6,53.35861019171224,2.9066700080875307,7992.542077990947,5712.172165250513
1783341646,100,,Aggregated,44.600000,0.000000,6,11,13,16,45,64,130,270,7600,7900,8000,17113,0,6,53.241222186623666,2.9066700080875307,7992.542077990947,5709.10418979723
1783341647,100,,Aggregated,46.300000,0.000000,6,11,13,16,45,64,130,270,7600,7900,8000,17163,0,6,53.118663967409695,2.9066700080875307,7992.542077990947,5711.767406630543
1783341648,100,,Aggregated,45.200000,0.000000,6,11,13,16,45,64,130,270,7600,7900,8000,17207,0,6,53.01416960078722,2.9066700080875307,7992.542077990947,5710.380484686465
1783341650,100,,Aggregated,47.200000,0.000000,6,11,13,16,45,65,130,270,7600,7900,8000,17269,0,6,53.01060554853687,2.9066700080875307,7992.542077990947,5707.020788696508
1783341651,100,,Aggregated,46.700000,0.000000,6,11,13,16,45,64,130,270,7600,7900,8000,17312,0,6,52.91552003845583,2.9066700080875307,7992.542077990947,5706.337742606284
1783341652,100,,Aggregated,47.000000,0.000000,6,11,13,16,45,64,130,270,7600,7900,8000,17362,0,6,52.80284329856492,2.9066700080875307,7992.542077990947,5702.19387167377
1783341653,100,,Aggregated,47.000000,0.000000,6,11,13,16,45,64,130,270,7600,7900,8000,17408,0,6,52.69465559827575,2.9066700080875307,7992.542077990947,5705.155215992647
1783341654,100,,Aggregated,45.500000,0.000000,6,11,13,16,45,64,130,270,7600,7900,8000,17451,0,6,52.590869240257234,2.9066700080875307,7992.542077990947,5708.517678070025
1783341655,100,,Aggregated,47.100000,0.000000,6,11,13,16,45,64,130,270,7600,7900,8000,17499,0,6,52.47310600604184,2.9066700080875307,7992.542077990947,5708.665752328705
1783341656,100,,Aggregated,45.700000,0.000000,6,11,13,16,45,64,130,260,7600,7900,8000,17546,0,6,52.374531179225166,2.9066700080875307,7992.542077990947,5705.749458566055
1783341657,100,,Aggregated,45.700000,0.000000,6,11,13,16,45,64,130,260,7600,7900,8000,17590,0,6,52.27464188656422,2.9066700080875307,7992.542077990947,5705.408243320068
1783341658,100,,Aggregated,46.000000,0.000000,6,11,13,16,45,64,130,260,7600,7900,8000,17638,0,6,52.17310538387166,2.9066700080875307,7992.542077990947,5710.8931851683865
1783341659,100,,Aggregated,46.400000,0.000000,6,11,13,16,45,64,120,260,7600,7900,8000,17688,0,6,52.052084655683366,2.9066700080875307,7992.542077990947,5711.399084124831
1783341660,100,,Aggregated,45.700000,0.000000,6,11,13,16,45,64,120,260,7600,7900,8000,17735,0,6,51.93896283189999,2.9066700080875307,7992.542077990947,5710.872230053566
1783341661,100,,Aggregated,46.100000,0.000000,6,11,13,16,45,64,120,260,7600,7900,8000,17778,0,6,51.8547643793857,2.9066700080875307,7992.542077990947,5713.655754303071
1783341662,100,,Aggregated,45.500000,0.000000,6,11,13,16,45,64,120,260,7600,7900,8000,17829,0,6,51.73205074388338,2.9066700080875307,7992.542077990947,5710.641034270009
1783341663,100,,Aggregated,45.600000,0.000000,6,11,13,16,44,64,120,260,7600,7900,8000,17870,0,6,51.63831345622128,2.8817120182793587,7992.542077990947,5708.6772803581425
1783341664,100,,Aggregated,46.900000,0.000000,6,11,13,16,44,64,120,260,7600,7900,8000,17911,0,6,51.54184186180079,2.8817120182793587,7992.542077990947,5709.804701021719
1783341665,100,,Aggregated,46.100000,0.000000,6,11,13,16,44,64,120,260,7600,7900,8000,17958,0,6,51.44295929829132,2.8817120182793587,7992.542077990947,5711.478338345028
1783341666,100,,Aggregated,46.000000,0.000000,6,11,13,16,44,64,120,250,7600,7900,8000,18006,0,6,51.32912877473,2.8817120182793587,7992.542077990947,5712.259469065867
1783341667,100,,Aggregated,46.300000,0.000000,6,11,13,16,44,64,120,250,7600,7900,8000,18050,0,6,51.235744172011934,2.8817120182793587,7992.542077990947,5716.517950138505
1783341668,100,,Aggregated,45.700000,0.000000,6,11,13,16,44,64,120,250,7600,7900,8000,18089,0,6,51.14843118728208,2.8817120182793587,7992.542077990947,5718.595223616562
1783341669,100,,Aggregated,45.400000,0.000000,6,11,13,16,44,64,120,250,7600,7900,8000,18139,0,6,51.031465875053854,2.84145402838476,7992.542077990947,5717.590275097856
1783341670,100,,Aggregated,45.500000,0.000000,6,11,13,16,44,64,120,250,7600,7900,8000,18189,0,6,50.928427437487784,2.84145402838476,7992.542077990947,5716.630875804058
1783341671,100,,Aggregated,45.000000,0.000000,6,11,13,16,44,63,120,250,7600,7900,8000,18227,0,6,50.85157170403471,2.84145402838476,7992.542077990947,5716.558237779119
1783341672,100,,Aggregated,44.300000,0.000000,6,11,13,16,44,63,120,250,7600,7900,8000,18269,0,6,50.75800110604703,2.84145402838476,7992.542077990947,5713.546444797197
1783341673,100,,Aggregated,45.500000,0.000000,6,11,13,16,44,63,120,250,7600,7900,8000,18323,0,6,50.661026412283746,2.84145402838476,7992.542077990947,5714.093379905037
1783341674,100,,Aggregated,44.300000,0.000000,6,11,13,16,44,63,120,250,7600,7900,8000,18363,0,6,50.582147123689865,2.84145402838476,7992.542077990947,5712.894189402603
1783341675,100,,Aggregated,44.100000,0.000000,6,11,13,16,44,63,120,250,7600,7900,8000,18410,0,6,50.48265105460799,2.84145402838476,7992.542077990947,5709.34546442151
1783341676,100,,Aggregated,45.600000,0.000000,6,11,13,16,44,63,120,250,7600,7900,8000,18457,0,6,50.38890593094448,2.84145402838476,7992.542077990947,5711.594950425313
1783341677,100,,Aggregated,44.700000,0.000000,6,11,13,16,44,63,120,250,7600,7900,8000,18502,0,6,50.300689464078765,2.84145402838476,7992.542077990947,5710.681656037185
1783341678,100,,Aggregated,45.700000,0.000000,6,11,13,16,44,63,120,250,7600,7900,8000,18547,0,6,50.20786531117728,2.84145402838476,7992.542077990947,5712.078934598588
1783341679,100,,Aggregated,44.600000,0.000000,6,11,13,16,44,63,120,250,7600,7900,8000,18594,0,6,50.128386210312506,2.84145402838476,7992.542077990947,5710.487953103152
1783341680,100,,Aggregated,44.500000,0.000000,6,11,13,16,44,63,120,240,7600,7900,8000,18636,0,6,50.04710279730281,2.84145402838476,7992.542077990947,5715.448969735995
1783341681,100,,Aggregated,45.700000,0.000000,6,11,13,16,44,63,120,240,7600,7900,8000,18679,0,6,49.97493076194963,2.84145402838476,7992.542077990947,5716.593714866963
1783341682,100,,Aggregated,45.300000,0.000000,6,11,13,16,44,63,120,240,7600,7900,8000,18733,0,6,49.86904454996465,2.84145402838476,7992.542077990947,5719.403565899749
1783341683,100,,Aggregated,44.900000,0.000000,6,11,13,16,44,63,120,240,7600,7900,8000,18778,0,6,49.775162763043994,2.84145402838476,7992.542077990947,5724.309937160507
1783341684,100,,Aggregated,45.200000,0.000000,6,11,13,16,44,63,120,240,7600,7900,8000,18820,0,6,49.69935768482496,2.84145402838476,7992.542077990947,5726.6613708820405
1783341685,100,,Aggregated,45.800000,0.000000,6,11,13,16,44,63,120,240,7600,7900,8000,18875,0,6,49.59764819547213,2.84145402838476,7992.542077990947,5729.759523178808
1783341686,100,,Aggregated,44.800000,0.000000,6,11,13,16,44,63,120,240,7600,7900,8000,18919,0,6,49.51094456866279,2.84145402838476,7992.542077990947,5727.906496115017
1783341687,100,,Aggregated,45.700000,0.000000,6,11,13,16,44,63,120,240,7600,7900,8000,18960,0,6,49.43448722750324,2.84145402838476,7992.542077990947,5723.750421940928
1783341688,100,,Aggregated,45.800000,0.000000,6,11,13,16,44,63,120,240,7600,7900,8000,19014,0,6,49.335780310794945,2.84145402838476,7992.542077990947,5721.715840959293
1783341689,100,,Aggregated,46.300000,0.000000,6,11,13,16,44,63,120,240,7600,7900,8000,19051,0,6,49.26751258812594,2.84145402838476,7992.542077990947,5717.638444176158
1783341690,100,,Aggregated,46.800000,0.000000,6,11,13,16,44,63,120,240,7600,7900,8000,19102,0,6,49.16590236888184,2.84145402838476,7992.542077990947,5717.616846403518
1783341691,100,,Aggregated,45.700000,0.000000,6,11,13,16,44,63,120,240,7600,7900,8000,19146,0,6,49.07386207309035,2.84145402838476,7992.542077990947,5719.642013997702
1783341692,100,,Aggregated,46.300000,0.000000,6,11,13,16,44,63,120,240,7600,7900,8000,19198,0,6,48.97666421150444,2.84145402838476,7992.542077990947,5721.259974997395
1783341693,100,,Aggregated,46.300000,0.000000,6,11,13,16,44,62,120,240,7600,7900,8000,19248,0,6,48.88504240183207,2.84145402838476,7992.542077990947,5721.057928096426
1783341694,100,,Aggregated,46.600000,0.000000,6,11,13,16,44,62,120,240,7600,7900,8000,19290,0,6,48.80620854787818,2.84145402838476,7992.542077990947,5715.813322965267
1783341696,100,,Aggregated,47.300000,0.000000,6,11,13,16,44,64,130,240,7600,7900,8000,19373,0,6,49.10466330240907,2.84145402838476,7992.542077990947,5718.738605275384
1783341697,100,,Aggregated,44.200000,0.000000,6,11,13,16,44,64,130,240,7600,7900,8000,19412,0,6,49.02916006231182,2.84145402838476,7992.542077990947,5721.472388213476
1783341698,100,,Aggregated,45.800000,0.000000,6,11,13,16,44,64,130,240,7600,7900,8000,19464,0,6,48.92991638150837,2.84145402838476,7992.542077990947,5720.8469995889845
1783341699,100,,Aggregated,44.900000,0.000000,6,11,13,16,44,64,130,240,7600,7900,8000,19507,0,6,48.84616550589691,2.84145402838476,7992.542077990947,5721.138770697698
1783341700,100,,Aggregated,44.500000,0.000000,6,11,13,16,44,64,130,240,7600,7900,8000,19557,0,6,48.75004091407753,2.84145402838476,7992.542077990947,5722.201615789742
1783341701,100,,Aggregated,45.100000,0.000000,6,11,13,16,44,64,130,240,7600,7900,8000,19603,0,6,48.669210087772306,2.84145402838476,7992.542077990947,5721.273988675202
1783341702,100,,Aggregated,44.600000,0.000000,6,11,13,16,44,64,130,240,7600,7900,8000,19645,0,6,48.59759745571881,2.84145402838476,7992.542077990947,5721.240111987783
1783341703,100,,Aggregated,45.100000,0.000000,6,11,13,16,44,64,130,240,7600,7900,8000,19692,0,6,48.5109596697938,2.84145402838476,7992.542077990947,5722.518992484258
1783341704,100,,Aggregated,44.500000,0.000000,6,11,13,16,44,64,130,240,7600,7900,8000,19739,0,6,48.42012968521915,2.84145402838476,7992.542077990947,5719.265514970363
1783341705,100,,Aggregated,43.400000,0.000000,6,11,13,16,44,64,130,240,7600,7900,8000,19785,0,6,48.33979699557677,2.84145402838476,7992.542077990947,5720.016477129138
1783341706,100,,Aggregated,43.700000,0.000000,6,11,13,16,44,64,130,240,7600,7900,8000,19837,0,6,48.23285199347129,2.84145402838476,7992.542077990947,5721.7376619448505
1783341707,100,,Aggregated,45.900000,0.000000,6,11,13,16,44,64,130,240,7600,7900,8000,19877,0,6,48.158148068242305,2.84145402838476,7992.542077990947,5721.640489007395
1783341708,100,,Aggregated,44.800000,0.000000,6,11,13,16,44,64,120,240,7600,7900,8000,19922,0,6,48.072839017993374,2.84145402838476,7992.542077990947,5723.0828732055015
1783341709,100,,Aggregated,45.900000,0.000000,6,11,13,16,44,64,120,240,7600,7900,8000,19966,0,6,48.00144359558594,2.84145402838476,7992.542077990947,5721.863668236001
1783341710,100,,Aggregated,45.400000,0.000000,6,11,13,16,44,64,120,240,7600,7900,8000,20013,0,6,47.919250822097105,2.84145402838476,7992.542077990947,5720.502773197421
1783341711,100,,Aggregated,45.300000,0.000000,6,11,13,16,44,64,120,240,7600,7900,8000,20055,0,6,47.85517040950295,2.84145402838476,7992.542077990947,5727.178309648467
1783341712,100,,Aggregated,45.900000,0.000000,6,11,13,16,44,63,120,230,7600,7900,8000,20109,0,6,47.746529471118656,2.84145402838476,7992.542077990947,5729.074195633796
1783341713,100,,Aggregated,45.400000,0.000000,6,11,13,16,44,63,120,230,7600,7900,8000,20156,0,6,47.65941761628431,2.84145402838476,7992.542077990947,5729.083796388172
1783341714,100,,Aggregated,46.300000,0.000000,6,11,13,16,44,63,120,230,7600,7900,8000,20208,0,6,47.5754804624309,2.84145402838476,7992.542077990947,5725.5983768804435
1783341715,100,,Aggregated,47.400000,0.000000,6,11,13,16,44,63,120,230,7600,7900,8000,20249,0,6,47.499182150464044,2.84145402838476,7992.542077990947,5723.188750061731
1783341716,100,,Aggregated,46.400000,0.000000,6,11,13,16,44,63,120,230,7600,7900,8000,20296,0,6,47.406987965494686,2.84145402838476,7992.542077990947,5726.064052029957
1783341717,100,,Aggregated,47.200000,0.000000,6,11,13,16,44,63,120,230,7600,7900,8000,20344,0,6,47.32111229043763,2.84145402838476,7992.542077990947,5723.814294140779
1783341718,100,,Aggregated,45.400000,0.000000,6,11,13,16,44,63,120,230,7600,7900,8000,20386,0,6,47.2531483753909,2.84145402838476,7992.542077990947,5721.058912979495
1783341719,100,,Aggregated,45.700000,0.000000,6,11,13,16,44,63,120,230,7600,7900,8000,20444,0,6,47.16767543772251,2.84145402838476,7992.542077990947,5720.728233222461
1783341720,100,,Aggregated,46.800000,0.000000,6,11,13,16,44,63,120,230,7600,7900,8000,20478,0,6,47.10493876447199,2.84145402838476,7992.542077990947,5721.698359214767
1783341721,100,,Aggregated,46.300000,0.000000,6,11,13,16,44,63,120,230,7600,7900,8000,20524,0,6,47.02877505373237,2.84145402838476,7992.542077990947,5718.621954784642
1783341722,100,,Aggregated,46.900000,0.000000,6,11,13,16,44,63,120,230,7600,7900,8000,20575,0,6,46.93933083662788,2.84145402838476,7992.542077990947,5718.661190765492
1783341723,100,,Aggregated,46.500000,0.000000,6,11,13,16,44,63,120,230,7600,7900,8000,20622,0,6,46.86571391410075,2.84145402838476,7992.542077990947,5720.22931820386
1783341724,100,,Aggregated,45.400000,0.000000,6,11,13,16,44,63,120,230,7600,7900,8000,20664,0,6,46.79654976488315,2.84145402838476,7992.542077990947,5724.051296941541
1783341725,100,,Aggregated,45.800000,0.000000,6,11,13,16,44,63,120,230,7600,7900,8000,20711,0,6,46.72866298631444,2.84145402838476,7992.542077990947,5724.492491912511
1783341726,100,,Aggregated,45.600000,0.000000,6,11,13,16,44,63,120,230,7600,7900,8000,20765,0,6,46.66121737772242,2.84145402838476,7992.542077990947,5724.845557428365
1783341727,100,,Aggregated,45.500000,0.000000,6,11,13,16,44,63,120,220,7600,7900,8000,20805,0,6,46.5971475074992,2.84145402838476,7992.542077990947,5720.082335976928
1783341728,100,,Aggregated,46.200000,0.000000,6,11,13,16,44,63,120,220,7600,7900,8000,20850,0,6,46.522186199447134,2.84145402838476,7992.542077990947,5716.730647482014
1783341729,100,,Aggregated,46.800000,0.000000,6,11,13,16,44,63,120,220,7600,7900,8000,20894,0,6,46.45544143488305,2.84145402838476,7992.542077990947,5713.942280080406
1783341730,100,,Aggregated,45.700000,0.000000,6,11,13,16,44,63,120,220,7600,7900,8000,20940,0,6,46.37962021635094,2.84145402838476,7992.542077990947,5714.249426934098
1783341731,100,,Aggregated,46.100000,0.000000,6,10,13,16,44,63,120,220,7600,7900,8000,20999,0,6,46.27928802515768,2.84145402838476,7992.542077990947,5710.306490785276
1783341732,100,,Aggregated,45.200000,0.000000,6,10,13,16,44,63,120,220,7600,7900,8000,21036,0,6,46.21880090755103,2.84145402838476,7992.542077990947,5712.986023958928
1783341733,100,,Aggregated,45.700000,0.000000,6,10,13,16,44,62,120,220,7600,7900,8000,21087,0,6,46.13504932318751,2.84145402838476,7992.542077990947,5712.151230616019
1783341734,100,,Aggregated,47.300000,0.000000,6,10,13,16,44,62,120,220,7600,7900,8000,21135,0,6,46.06029700818288,2.84145402838476,7992.542077990947,5712.644381357937
1783341735,100,,Aggregated,46.100000,0.000000,6,10,13,16,44,62,120,220,7600,7900,8000,21184,0,6,45.98966718849542,2.84145402838476,7992.542077990947,5710.050179380664
1783341736,100,,Aggregated,46.900000,0.000000,6,10,13,16,44,62,120,220,7600,7900,8000,21227,0,6,45.916978562448314,2.84145402838476,7992.542077990947,5713.639751260188
1783341737,100,,Aggregated,46.600000,0.000000,6,10,13,16,43,62,120,220,7600,7900,8000,21277,0,6,45.8333423151772,2.84145402838476,7992.542077990947,5715.235888518118
1783341738,100,,Aggregated,46.900000,0.000000,6,10,13,16,43,62,120,220,7600,7900,8000,21318,0,6,45.76952043498852,2.84145402838476,7992.542077990947,5714.155830753354
1783341739,100,,Aggregated,46.000000,0.000000,6,10,13,16,43,62,120,220,7600,7900,8000,21369,0,6,45.70218120717235,2.84145402838476,7992.542077990947,5713.821002386635
1783341740,100,,Aggregated,47.500000,0.000000,6,10,13,16,43,62,120,220,7600,7900,8000,21413,0,6,45.63428282333749,2.84145402838476,7992.542077990947,5716.402278989399
1783341741,100,,Aggregated,46.300000,0.000000,6,10,13,16,43,62,120,220,7600,7900,8000,21462,0,6,45.55928427555573,2.84145402838476,7992.542077990947,5717.755521386637
1783341742,100,,Aggregated,47.500000,0.000000,6,10,13,16,43,62,120,220,7600,7900,8000,21510,0,6,45.47833411622497,2.84145402838476,7992.542077990947,5718.709437470944
1783341743,100,,Aggregated,47.000000,0.000000,6,10,13,16,43,61,120,220,7600,7900,8000,21562,0,6,45.39485965888834,2.84145402838476,7992.542077990947,5722.637093034042
1783341744,100,,Aggregated,46.400000,0.000000,6,10,13,16,43,61,120,220,7600,7900,8000,21603,0,6,45.33198760866502,2.84145402838476,7992.542077990947,5725.120399944452
1783341745,100,,Aggregated,46.900000,0.000000,6,11,13,16,43,61,120,220,7600,7900,8000,21647,0,6,45.27545151499366,2.84145402838476,7992.542077990947,5723.327250889269
1783341746,100,,Aggregated,47.500000,0.000000,6,10,13,16,43,61,120,220,7600,7900,8000,21700,0,6,45.19411990319246,2.84145402838476,7992.542077990947,5718.766082949309
1783341747,100,,Aggregated,46.400000,0.000000,6,10,13,16,43,61,120,220,7600,7900,8000,21742,0,6,45.13100911664607,2.84145402838476,7992.542077990947,5718.241560114065
1783341748,100,,Aggregated,46.000000,0.000000,6,10,13,16,43,61,120,220,7600,7900,8000,21782,0,6,45.07515861698391,2.84145402838476,7992.542077990947,5719.431273528601
1783341749,100,,Aggregated,46.900000,0.000000,6,10,13,16,43,61,120,210,7600,7900,8000,21839,0,6,44.98846760685657,2.84145402838476,7992.542077990947,5720.868812674573
1783341750,100,,Aggregated,46.100000,0.000000,6,11,13,16,43,61,120,210,7600,7900,8000,21891,0,6,44.930349820255294,2.84145402838476,7992.542077990947,5721.426613676854
1783341751,100,,Aggregated,46.100000,0.000000,6,11,13,16,43,61,120,210,7600,7900,8000,21924,0,6,44.8801918638537,2.84145402838476,7992.542077990947,5722.100072979383
1783341752,100,,Aggregated,46.400000,0.000000,6,11,13,16,43,61,120,210,7600,7900,8000,21974,0,6,44.80704833967695,2.84145402838476,7992.542077990947,5722.494038409029
1783341753,100,,Aggregated,47.300000,0.000000,6,11,13,16,43,61,110,210,7500,7900,8000,22019,0,6,44.73460404456025,2.84145402838476,7992.542077990947,5723.550024978428
1783341754,100,,Aggregated,45.800000,0.000000,6,11,13,16,43,61,110,210,7500,7900,8000,22072,0,6,44.65747296978544,2.84145402838476,7992.542077990947,5723.323169626677
1783341755,100,,Aggregated,46.100000,0.000000,6,11,13,16,43,61,110,210,7500,7900,8000,22116,0,6,44.592913668433575,2.84145402838476,7992.542077990947,5726.075420510038
1783341756,100,,Aggregated,45.000000,0.000000,6,11,13,16,43,61,110,210,7500,7900,8000,22155,0,6,44.52745422622885,2.84145402838476,7992.542077990947,5724.6612502821035
1783341757,100,,Aggregated,47.000000,0.000000,6,10,13,16,43,61,110,210,7500,7900,8000,22208,0,6,44.45634198009954,2.84145402838476,7992.542077990947,5724.413724783862
1783341758,100,,Aggregated,47.100000,0.000000,6,10,13,16,43,61,110,210,7500,7900,8000,22251,0,6,44.3837152377428,2.84145402838476,7992.542077990947,5725.102961664645
1783341759,100,,Aggregated,45.200000,0.000000,6,10,13,16,43,61,110,210,7500,7900,8000,22295,0,6,44.3240797112379,2.84145402838476,7992.542077990947,5727.148060103162
1783341760,100,,Aggregated,46.100000,0.000000,6,10,13,16,43,61,110,210,7500,7900,8000,22349,0,6,44.265997861062885,2.84145402838476,7992.542077990947,5725.966351962056
1783341761,100,,Aggregated,46.800000,0.000000,6,10,13,16,43,61,110,210,7500,7900,8000,22397,0,6,44.19982989252672,2.84145402838476,7992.542077990947,5726.145198017592
1783341762,100,,Aggregated,45.400000,0.000000,6,10,13,16,43,61,110,210,7500,7900,8000,22441,0,6,44.13204647809328,2.84145402838476,7992.542077990947,5726.50082438394
1783341763,100,,Aggregated,45.800000,0.000000,6,10,13,16,43,61,110,210,7500,7900,8000,22483,0,6,44.07358296805409,2.84145402838476,7992.542077990947,5727.7202330649825
1783341764,100,,Aggregated,46.900000,0.000000,6,10,13,16,43,61,110,210,7500,7900,8000,22531,0,6,44.012092210764926,2.84145402838476,7992.542077990947,5724.738538014291
1783341765,100,,Aggregated,46.300000,0.000000,6,10,13,16,43,61,110,210,7500,7900,8000,22577,0,6,43.94861480438818,2.84145402838476,7992.542077990947,5723.591221154272
1783341766,100,,Aggregated,46.200000,0.000000,6,10,13,16,43,61,110,210,7500,7900,8000,22623,0,6,43.88229591794787,2.84145402838476,7992.542077990947,5726.330150731556
1783341768,100,,Aggregated,45.600000,0.000000,6,10,13,16,43,61,110,210,7500,7900,8000,22668,0,6,43.817031005683056,2.84145402838476,7992.542077990947,5729.586421386977
1783341769,100,,Aggregated,46.800000,0.000000,6,10,13,16,43,61,110,200,7500,7900,8000,22714,0,6,43.76091471823032,2.84145402838476,7992.542077990947,5729.848551554108
1783341770,100,,Aggregated,45.800000,0.000000,6,10,13,16,43,61,110,200,7500,7900,8000,22760,0,6,43.69995059239856,2.84145402838476,7992.542077990947,5727.682952548331
1783341771,100,,Aggregated,45.800000,0.000000,6,10,13,16,43,61,110,200,7500,7900,8000,22801,0,6,43.641761276347644,2.84145402838476,7992.542077990947,5729.085303276172
1783341772,100,,Aggregated,46.100000,0.000000,6,10,13,16,43,61,110,200,7500,7900,8000,22849,0,6,43.57357391505181,2.84145402838476,7992.542077990947,5729.148102761609
1783341773,100,,Aggregated,44.900000,0.000000,6,10,13,16,43,61,110,200,7500,7900,8000,22887,0,6,43.52421390596942,2.84145402838476,7992.542077990947,5726.982391750776
1783341774,100,,Aggregated,45.200000,0.000000,6,10,13,16,43,61,110,200,7500,7900,8000,22944,0,6,43.4481015673381,2.84145402838476,7992.542077990947,5725.062848675035
1783341775,100,,Aggregated,44.300000,0.000000,6,10,13,16,43,61,110,200,7500,7900,8000,22992,0,6,43.383607031182024,2.84145402838476,7992.542077990947,5726.779749478079
1783341776,100,,Aggregated,46.000000,0.000000,6,10,13,16,43,60,110,200,7500,7900,8000,23031,0,6,43.32698013915725,2.84145402838476,7992.542077990947,5727.635317615388
1783341777,100,,Aggregated,46.000000,0.000000,6,10,13,16,43,61,110,200,7500,7900,8000,23079,0,6,43.27107451908162,2.84145402838476,7992.542077990947,5724.716148879934
1783341778,100,,Aggregated,44.700000,0.000000,6,10,13,16,43,60,110,200,7500,7900,8000,23129,0,6,43.19838846196762,2.84145402838476,7992.542077990947,5725.659561589347
1783341779,100,,Aggregated,45.600000,0.000000,6,10,13,16,43,60,110,200,7500,7900,8000,23172,0,6,43.14083349536943,2.84145402838476,7992.542077990947,5725.648152943208
1783341780,100,,Aggregated,45.900000,0.000000,6,10,13,16,43,60,110,200,7500,7900,8000,23222,0,6,43.07196005941378,2.84145402838476,7992.542077990947,5721.614288175007
1783341781,100,,Aggregated,45.600000,0.000000,6,10,13,16,43,60,110,200,7500,7900,8000,23265,0,6,43.01693130594739,2.84145402838476,7992.542077990947,5725.210530840318
1783341782,100,,Aggregated,46.000000,0.000000,6,10,13,16,43,60,110,200,7500,7900,8000,23314,0,6,42.95407059629369,2.84145402838476,7992.542077990947,5722.313802865231
1783341783,100,,Aggregated,46.100000,0.000000,6,10,13,16,43,60,110,200,7500,7900,8000,23361,0,6,42.89942748713308,2.84145402838476,7992.542077990947,5724.282136894824
1783341784,100,,Aggregated,46.100000,0.000000,6,10,13,16,43,60,110,200,7500,7900,8000,23409,0,6,42.83638992174182,2.84145402838476,7992.542077990947,5726.722670767654
1783341785,100,,Aggregated,46.900000,0.000000,6,10,13,16,43,60,110,200,7500,7900,8000,23452,0,6,42.78275482517282,2.84145402838476,7992.542077990947,5723.651500938086
1783341786,100,,Aggregated,46.400000,0.000000,6,10,13,16,43,60,110,200,7500,7900,8000,23496,0,6,42.72604227055843,2.84145402838476,7992.542077990947,5724.369765066394
1783341787,100,,Aggregated,45.700000,0.000000,6,10,13,16,43,60,110,200,7500,7900,8000,23544,0,6,42.669518621516495,2.84145402838476,7992.542077990947,5724.278457356439
1783341788,100,,Aggregated,46.800000,0.000000,6,10,13,16,43,60,110,200,7500,7900,8000,23590,0,6,42.61294495087574,2.84145402838476,7992.542077990947,5723.274311148792
1783341789,100,,Aggregated,46.000000,0.000000,6,10,13,16,43,60,110,200,7500,7900,8000,23636,0,6,42.558716879382985,2.84145402838476,7992.542077990947,5723.828355051616
1783341790,100,,Aggregated,46.000000,0.000000,6,10,13,16,43,60,110,200,7500,7900,8000,23681,0,6,42.500411874080704,2.84145402838476,7992.542077990947,5723.280097968835
1783341791,100,,Aggregated,46.100000,0.000000,6,10,13,16,43,60,110,200,7500,7900,8000,23722,0,6,42.44840633522115,2.84145402838476,7992.542077990947,5722.922814265239
1783341792,100,,Aggregated,45.900000,0.000000,6,10,13,16,43,60,110,200,7500,7900,8000,23765,0,6,42.395876602108004,2.84145402838476,7992.542077990947,5720.511845150431
1783341793,100,,Aggregated,45.400000,0.000000,6,10,13,16,43,60,110,200,7500,7900,8000,23819,0,6,42.32337551492597,2.84145402838476,7992.542077990947,5718.993450606658
1783341794,100,,Aggregated,44.500000,0.000000,6,10,13,16,43,60,110,200,7500,7900,8000,23859,0,6,42.2670989284593,2.84145402838476,7992.542077990947,5721.386520809758
1783341795,100,,Aggregated,45.700000,0.000000,6,10,13,16,43,60,110,200,7500,7900,8000,23906,0,6,42.210283492895506,2.84145402838476,7992.542077990947,5725.184388856354
1783341796,100,,Aggregated,44.400000,0.000000,6,10,13,16,43,60,110,200,7500,7900,8000,23966,0,6,42.15106415940354,2.84145402838476,7992.542077990947,5728.958566302262
1783341797,100,,Aggregated,45.200000,0.000000,6,10,13,16,43,60,110,200,7500,7900,8000,24005,0,6,42.1012096512532,2.84145402838476,7992.542077990947,5732.623745053114
1783341798,100,,Aggregated,45.800000,0.000000,6,10,13,16,43,60,110,200,7500,7900,8000,24054,0,6,42.044332124953485,2.84145402838476,7992.542077990947,5731.363972728029
1783341799,100,,Aggregated,45.000000,0.000000,6,10,13,16,43,60,110,200,7500,7900,8000,24096,0,6,41.99793079675426,2.84145402838476,7992.542077990947,5729.046480743692
1783341800,100,,Aggregated,44.700000,0.000000,6,10,13,16,43,60,110,200,7500,7900,8000,24148,0,6,41.937819374793776,2.84145402838476,7992.542077990947,5730.471219148584
1783341801,100,,Aggregated,45.300000,0.000000,6,10,13,16,43,60,110,200,7500,7900,8000,24190,0,6,41.88822930113348,2.84145402838476,7992.542077990947,5732.143241008681
1783341802,100,,Aggregated,44.700000,0.000000,6,10,13,16,42,60,110,190,7500,7900,8000,24238,0,6,41.828370462181674,2.84145402838476,7992.542077990947,5732.771103226339
1783341803,100,,Aggregated,45.500000,0.000000,6,10,13,16,42,60,110,190,7500,7900,8000,24290,0,6,41.76466549478803,2.84145402838476,7992.542077990947,5733.083614656237
1783341804,100,,Aggregated,46.700000,0.000000,6,10,13,16,42,59,110,190,7500,7900,8000,24332,0,6,41.711189693998,2.84145402838476,7992.542077990947,5737.777782344238
1783341805,100,,Aggregated,45.600000,0.000000,6,10,13,16,42,59,110,190,7500,7900,8000,24369,0,6,41.66406407051656,2.84145402838476,7992.542077990947,5736.125651442407
1783341806,100,,Aggregated,46.400000,0.000000,6,10,13,16,42,59,110,190,7500,7900,8000,24417,0,6,41.603381622453234,2.84145402838476,7992.542077990947,5737.148625957325
1783341807,100,,Aggregated,45.400000,0.000000,6,10,13,16,42,59,110,190,7500,7900,8000,24469,0,6,41.54305894223021,2.84145402838476,7992.542077990947,5737.267767379133
1783341808,100,,Aggregated,44.900000,0.000000,6,10,13,16,42,59,110,190,7500,7900,8000,24511,0,6,41.49704307977626,2.84145402838476,7992.542077990947,5739.440210517727
1783341809,100,,Aggregated,45.700000,0.000000,6,10,13,16,42,59,110,190,7500,7900,8000,24558,0,6,41.439368748815276,2.84145402838476,7992.542077990947,5741.921329098461
1783341810,100,,Aggregated,46.100000,0.000000,6,10,13,16,42,59,110,190,7500,7900,8000,24606,0,6,41.39803593311895,2.84145402838476,7992.542077990947,5741.934812647321
1783341811,100,,Aggregated,46.300000,0.000000,6,10,13,16,42,59,110,190,7500,7900,8000,24650,0,6,41.335426809018976,2.84145402838476,7992.542077990947,5740.822677484787
1783341812,100,,Aggregated,45.500000,0.000000,6,10,13,16,42,59,110,190,7500,7900,8000,24700,0,6,41.281057598027125,2.84145402838476,7992.542077990947,5739.098056680162
1783341813,100,,Aggregated,45.800000,0.000000,6,10,13,16,42,59,110,190,7500,7900,8000,24744,0,6,41.226507696702576,2.84145402838476,7992.542077990947,5736.853742321371
1783341814,100,,Aggregated,45.800000,0.000000,6,10,13,16,42,59,110,190,7500,7900,8000,24798,0,6,41.17006830503095,2.84145402838476,7992.542077990947,5738.146705379466
1783341815,100,,Aggregated,46.100000,0.000000,6,10,13,16,42,59,110,190,7500,7900,8000,24843,0,6,41.1226009139045,2.84145402838476,7992.542077990947,5738.174536086624
1783341816,100,,Aggregated,46.000000,0.000000,6,10,13,16,42,59,110,190,7500,7900,8000,24882,0,6,41.07539911920841,2.84145402838476,7992.542077990947,5739.940599630255
1783341817,100,,Aggregated,46.700000,0.000000,6,10,13,16,42,59,110,190,7500,7900,8000,24934,0,6,41.02010075035311,2.84145402838476,7992.542077990947,5736.965869896527
1783341818,100,,Aggregated,46.600000,0.000000,6,10,13,16,42,59,110,190,7500,7900,8000,24978,0,6,40.97027317821155,2.84145402838476,7992.542077990947,5736.489991192249
1783341819,100,,Aggregated,46.100000,0.000000,6,10,13,16,42,59,110,180,7500,7900,8000,25026,0,6,40.93068092157142,2.84145402838476,7992.542077990947,5741.443938304164
1783341820,100,,Aggregated,46.500000,0.000000,6,10,13,16,42,59,110,180,7500,7900,8000,25073,0,6,40.87275439202305,2.84145402838476,7992.542077990947,5745.124436644996
1783341821,100,,Aggregated,45.200000,0.000000,6,10,13,16,42,59,110,180,7500,7900,8000,25121,0,6,40.811419686527756,2.84145402838476,7992.542077990947,5748.182835078222
1783341822,100,,Aggregated,47.100000,0.000000,6,10,13,16,42,59,110,180,7500,7900,8000,25165,0,6,40.76210303569338,2.84145402838476,7992.542077990947,5749.361017285913
1783341823,100,,Aggregated,46.700000,0.000000,6,10,13,16,42,59,110,180,7500,7900,8000,25213,0,6,40.713424366923704,2.84145402838476,7992.542077990947,5747.388688375045
1783341824,100,,Aggregated,46.400000,0.000000,6,10,13,16,42,59,100,180,7500,7900,8000,25256,0,6,40.66490810874263,2.84145402838476,7992.542077990947,5749.769361735825
1783341825,100,,Aggregated,46.000000,0.000000,6,10,13,16,42,59,100,180,7500,7900,8000,25306,0,6,40.61201043106841,2.84145402838476,7992.542077990947,5751.8964277246505
1783341826,100,,Aggregated,46.500000,0.000000,6,10,13,16,42,59,100,180,7500,7900,8000,25348,0,6,40.56913529073911,2.84145402838476,7992.542077990947,5751.6933091368155
1783341827,100,,Aggregated,46.300000,0.000000,6,10,13,16,42,59,100,180,7500,7900,8000,25394,0,6,40.518432794460985,2.84145402838476,7992.542077990947,5754.497361581476
1783341828,100,,Aggregated,46.800000,0.000000,6,10,13,16,42,59,100,180,7500,7900,8000,25441,0,6,40.47087598842642,2.84145402838476,7992.542077990947,5751.334067057112
1783341829,100,,Aggregated,46.500000,0.000000,6,10,13,16,42,59,100,180,7500,7900,8000,25486,0,6,40.42307309403639,2.84145402838476,7992.542077990947,5754.064270579926
1783341830,100,,Aggregated,46.000000,0.000000,6,10,13,16,42,59,100,180,7500,7900,8000,25538,0,6,40.37445744700677,2.84145402838476,7992.542077990947,5756.38530816822
1783341831,100,,Aggregated,47.100000,0.000000,6,10,13,16,42,59,100,180,7500,7900,8000,25585,0,6,40.32264599177409,2.84145402838476,7992.542077990947,5756.286965018566
1783341832,100,,Aggregated,45.500000,0.000000,6,10,13,16,42,59,100,180,7500,7900,8000,25628,0,6,40.28058028517935,2.84145402838476,7992.542077990947,5754.8083736538165
1783341833,100,,Aggregated,46.500000,0.000000,6,10,13,16,42,59,100,180,7500,7900,8000,25673,0,6,40.23279700706981,2.84145402838476,7992.542077990947,5757.502395512795
1783341834,100,,Aggregated,46.000000,0.000000,6,10,13,16,42,59,100,180,7500,7900,8000,25717,0,6,40.19335034745675,2.84145402838476,7992.542077990947,5758.248784850488
1783341835,100,,Aggregated,45.900000,0.000000,6,10,13,16,42,59,100,180,7500,7900,8000,25766,0,6,40.139098639468564,2.84145402838476,7992.542077990947,5757.684312660094
1783341836,100,,Aggregated,44.800000,0.000000,6,10,13,16,42,59,100,180,7500,7900,8000,25805,0,6,40.09388393987832,2.84145402838476,7992.542077990947,5760.5285022282505
1783341837,100,,Aggregated,45.400000,0.000000,6,10,13,15,42,58,100,180,7500,7900,8000,25847,0,6,40.04420996961226,2.84145402838476,7992.542077990947,5764.670484002012
1783341838,100,,Aggregated,44.800000,0.000000,6,10,13,15,42,58,100,180,7500,7900,8000,25893,0,6,39.988248542912736,2.84145402838476,7992.542077990947,5762.700420963195
1783341839,100,,Aggregated,45.500000,0.000000,6,10,13,15,42,58,100,180,7500,7900,8000,25943,0,6,39.94624870032982,2.84145402838476,7992.542077990947,5760.4531858304745
1783341840,100,,Aggregated,44.700000,0.000000,6,10,13,15,42,58,100,180,7500,7900,8000,25987,0,6,39.90182248992035,2.84145402838476,7992.542077990947,5761.391041674684
1783341841,100,,Aggregated,44.500000,0.000000,6,10,13,15,42,58,100,180,7400,7900,8000,26033,0,6,39.854520693449686,2.84145402838476,7992.542077990947,5758.129835209158
1783341842,100,,Aggregated,46.100000,0.000000,6,10,13,15,42,58,100,180,7400,7900,8000,26081,0,6,39.80285701520842,2.84145402838476,7992.542077990947,5758.230627659982
1783341843,100,,Aggregated,44.300000,0.000000,6,10,13,15,42,58,100,180,7400,7900,8000,26125,0,6,39.75096862184432,2.84145402838476,7992.542077990947,5760.775311004784
1783341844,100,,Aggregated,44.500000,0.000000,6,10,13,15,42,58,100,180,7400,7900,8000,26174,0,6,39.701767923687335,2.84145402838476,7992.542077990947,5761.493619622526
1783341845,100,,Aggregated,44.700000,0.000000,6,10,13,15,42,58,100,180,7400,7900,8000,26217,0,6,39.656955627708676,2.84145402838476,7992.542077990947,5760.014532555212
1783341846,100,,Aggregated,45.200000,0.000000,6,10,13,15,42,58,100,180,7400,7900,8000,26261,0,6,39.615176050281384,2.84145402838476,7992.542077990947,5762.02437073988
1783341847,100,,Aggregated,45.700000,0.000000,6,10,13,15,42,58,100,180,7400,7900,8000,26301,0,6,39.567854149969804,2.84145402838476,7992.542077990947,5763.425953385803
1783341848,100,,Aggregated,45.800000,0.000000,6,10,13,15,42,58,100,180,7400,7900,8000,26357,0,6,39.50387249518128,2.84145402838476,7992.542077990947,5764.595970709868
1783341849,100,,Aggregated,45.100000,0.000000,6,10,13,15,42,58,100,180,7400,7900,8000,26406,0,6,39.454835869174005,2.84145402838476,7992.542077990947,5764.035067787624
1783341850,100,,Aggregated,46.100000,0.000000,6,10,13,15,42,58,100,180,7400,7900,8000,26456,0,6,39.40062907749885,2.84145402838476,7992.542077990947,5760.132748714847
1783341851,100,,Aggregated,46.600000,0.000000,6,10,13,15,42,58,100,180,7400,7900,8000,26496,0,6,39.35461709346308,2.84145402838476,7992.542077990947,5762.322727958937
1783341852,100,,Aggregated,45.800000,0.000000,6,10,13,15,42,58,100,180,7400,7900,8000,26550,0,6,39.300883183744254,2.84145402838476,7992.542077990947,5768.470357815442
1783341853,100,,Aggregated,47.100000,0.000000,6,10,13,15,42,58,100,180,7400,7900,8000,26596,0,6,39.25023285946885,2.84145402838476,7992.542077990947,5767.461159572868
1783341854,100,,Aggregated,46.700000,0.000000,6,10,13,15,42,58,100,180,7400,7900,8000,26640,0,6,39.19941211514687,2.84145402838476,7992.542077990947,5770.152402402402
1783341855,100,,Aggregated,46.800000,0.000000,6,10,13,15,42,58,100,180,7400,7900,8000,26687,0,6,39.15253971452146,2.84145402838476,7992.542077990947,5771.066137070484
1783341856,100,,Aggregated,47.500000,0.000000,6,10,13,15,42,58,100,170,7400,7900,8000,26739,0,6,39.10313628574195,2.84145402838476,7992.542077990947,5772.22401735293
1783341857,100,,Aggregated,46.200000,0.000000,6,10,13,15,42,58,100,170,7400,7900,8000,26776,0,6,39.0634955233953,2.84145402838476,7992.542077990947,5770.1136838960265
1783341858,100,,Aggregated,46.700000,0.000000,6,10,13,15,42,58,100,170,7400,7900,8000,26828,0,6,39.00776551630374,2.84145402838476,7992.542077990947,5770.59251528254
1783341859,100,,Aggregated,47.100000,0.000000,6,10,13,15,42,58,100,170,7400,7900,8000,26873,0,6,38.972568713300795,2.84145402838476,7992.542077990947,5769.097979384513
1783341860,100,,Aggregated,46.300000,0.000000,6,10,13,15,42,58,100,170,7400,7900,8000,26910,0,6,38.93826686381899,2.84145402838476,7992.542077990947,5768.652694165738
1783341861,100,,Aggregated,46.400000,0.000000,6,10,13,15,42,58,100,170,7400,7900,8000,26954,0,6,38.889673694637054,2.84145402838476,7992.542077990947,5768.163983082289
1783341862,100,,Aggregated,46.400000,0.000000,6,10,13,15,42,58,100,170,7400,7900,8000,27006,0,6,38.82941636118694,2.84145402838476,7992.542077990947,5766.458194475302
1783341863,100,,Aggregated,45.400000,0.000000,6,10,13,15,42,58,100,170,7400,7900,8000,27056,0,6,38.774401029131816,2.84145402838476,7992.542077990947,5766.975458308693
1783341864,100,,Aggregated,46.100000,0.000000,6,10,13,15,42,58,100,170,7400,7900,8000,27097,0,6,38.72885055682391,2.84145402838476,7992.542077990947,5768.595564084585
1783341865,100,,Aggregated,46.400000,0.000000,6,10,13,15,42,58,100,170,7400,7900,8000,27142,0,6,38.68272109800949,2.84145402838476,7992.542077990947,5767.16859479773
1783341866,100,,Aggregated,45.700000,0.000000,6,10,13,15,42,58,99,170,7400,7900,8000,27195,0,6,38.63252448388299,2.84145402838476,7992.542077990947,5765.28416988417
1783341867,100,,Aggregated,46.200000,0.000000,6,10,13,15,42,58,99,170,7400,7900,8000,27234,0,6,38.59018153529467,2.84145402838476,7992.542077990947,5760.52515238305
1783341868,100,,Aggregated,45.000000,0.000000,6,10,13,15,42,58,99,170,7400,7900,8000,27279,0,6,38.54583277566019,2.84145402838476,7992.542077990947,5762.87352908831
1783341869,100,,Aggregated,45.900000,0.000000,6,10,13,15,42,58,99,170,7400,7900,8000,27327,0,6,38.50360414652923,2.84145402838476,7992.542077990947,5760.420719434991
1783341870,100,,Aggregated,45.900000,0.000000,6,10,13,15,42,58,99,170,7400,7900,8000,27373,0,6,38.46532849516667,2.84145402838476,7992.542077990947,5760.182698279326
1783341871,100,,Aggregated,44.800000,0.000000,6,10,13,15,42,58,99,170,7400,7900,8000,27415,0,6,38.423963061910484,2.84145402838476,7992.542077990947,5759.713186211928
1783341872,100,,Aggregated,44.800000,0.000000,6,10,13,15,42,58,99,170,7400,7900,8000,27457,0,6,38.38381663787606,2.84145402838476,7992.542077990947,5756.572422333103
1783341873,100,,Aggregated,46.100000,0.000000,6,10,13,15,42,57,99,170,7400,7900,8000,27507,0,6,38.33784899374733,2.84145402838476,7992.542077990947,5759.696913512924
1783341874,100,,Aggregated,45.000000,0.000000,6,10,13,15,42,57,99,170,7400,7900,8000,27548,0,6,38.30034871965213,2.84145402838476,7992.542077990947,5759.361986351097
