Timestamp,User Count,Type,Name,Requests/s,Failures/s,50%,66%,75%,80%,90%,95%,98%,99%,99.9%,99.99%,100%,Total Request Count,Total Failure Count,Total Median Response Time,Total Average Response Time,Total Min Response Time,Total Max Response Time,Total Average Content Size
1783343682,0,,Aggregated,0.000000,0.000000,N/A,N/A,N/A,N/A,N/A,N/A,N/A,N/A,N/A,N/A,N/A,0,0,0,0.0,0,0,0
1783343683,50,,Aggregated,0.000000,0.000000,N/A,N/A,N/A,N/A,N/A,N/A,N/A,N/A,N/A,N/A,N/A,0,0,0,0.0,0,0,0
1783343684,100,,Aggregated,0.000000,0.000000,N/A,N/A,N/A,N/A,N/A,N/A,N/A,N/A,N/A,N/A,N/A,0,0,0,0.0,0,0,0
1783343685,150,,Aggregated,0.000000,0.000000,N/A,N/A,N/A,N/A,N/A,N/A,N/A,N/A,N/A,N/A,N/A,0,0,0,0.0,0,0,0
1783343686,200,,Aggregated,0.000000,0.000000,N/A,N/A,N/A,N/A,N/A,N/A,N/A,N/A,N/A,N/A,N/A,0,0,0,0.0,0,0,0
1783343687,250,,Aggregated,0.000000,0.000000,N/A,N/A,N/A,N/A,N/A,N/A,N/A,N/A,N/A,N/A,N/A,0,0,0,0.0,0,0,0
1783343688,300,,Aggregated,0.000000,0.000000,N/A,N/A,N/A,N/A,N/A,N/A,N/A,N/A,N/A,N/A,N/A,0,0,0,0.0,0,0,0
1783343689,350,,Aggregated,0.000000,0.000000,N/A,N/A,N/A,N/A,N/A,N/A,N/A,N/A,N/A,N/A,N/A,0,0,0,0.0,0,0,0
1783343690,400,,Aggregated,0.000000,0.000000,N/A,N/A,N/A,N/A,N/A,N/A,N/A,N/A,N/A,N/A,N/A,0,0,0,0.0,0,0,0
1783343691,450,,Aggregated,0.000000,0.000000,N/A,N/A,N/A,N/A,N/A,N/A,N/A,N/A,N/A,N/A,N/A,0,0,0,0.0,0,0,0
1783343692,500,,Aggregated,0.000000,0.000000,9900,9900,9900,9900,9900,9900,9900,9900,9900,9900,9900,3,0,9900.0,9889.716277325837,9860.677107004449,9936.860821995651,655.0
1783343693,550,,Aggregated,0.000000,0.000000,10000,10000,11000,11000,11000,11000,11000,11000,11000,11000,11000,45,0,10000.0,10389.88990522145,9860.677107004449,10954.286588996183,655.0
1783343694,600,,Aggregated,0.000000,0.000000,10000,11000,11000,11000,11000,11000,11000,11000,11000,11000,11000,50,0,10000.0,10467.373964900034,9860.677107004449,11314.441607013578,655.0
1783343695,650,,Aggregated,0.000000,0.000000,10000,11000,11000,11000,11000,11000,11000,11000,11000,11000,11000,50,0,10000.0,10467.373964900034,9860.677107004449,11314.441607013578,655.0
1783343696,700,,Aggregated,5.000000,0.000000,11000,11000,13000,13000,13000,13000,13000,13000,13000,13000,13000,72,0,11000.0,11164.96165890203,9860.677107004449,12820.263383997371,655.0
1783343697,750,,Aggregated,5.000000,0.000000,12000,13000,13000,13000,13000,13000,13000,13000,13000,13000,13000,100,0,11000.0,11746.030653418857,9860.677107004449,13458.603817998664,655.0
1783343698,800,,Aggregated,5.100000,0.000000,13000,13000,13000,13000,14000,14000,14000,14000,14000,14000,14000,150,0,13000.0,12333.722343279902,9860.677107004449,13812.795140984235,655.0
1783343699,850,,Aggregated,9.300000,0.000000,13000,13000,13000,14000,14000,14000,14000,14000,14000,14000,14000,184,0,13000.0,12571.993418194963,9860.677107004449,13905.904715997167,655.0
1783343700,900,,Aggregated,10.600000,0.000000,13000,13000,14000,14000,14000,14000,14000,14000,14000,14000,14000,200,0,13000.0,12695.034081099155,9860.677107004449,14335.731570987264,655.0
1783343701,950,,Aggregated,10.600000,0.000000,13000,13000,14000,14000,14000,14000,14000,14000,14000,14000,14000,200,0,13000.0,12695.034081099155,9860.677107004449,14335.731570987264,655.0
1783343702,1000,,Aggregated,10.600000,0.000000,13000,13000,14000,14000,14000,14000,14000,14000,14000,14000,14000,200,0,13000.0,12695.034081099155,9860.677107004449,14335.731570987264,655.0
1783343703,1050,,Aggregated,10.600000,0.000000,13000,13000,14000,14000,14000,14000,14000,14000,14000,14000,14000,200,0,13000.0,12695.034081099155,9860.677107004449,14335.731570987264,655.0
1783343704,1100,,Aggregated,10.600000,0.000000,13000,13000,14000,14000,14000,14000,14000,14000,14000,14000,14000,200,0,13000.0,12695.034081099155,9860.677107004449,14335.731570987264,655.0
1783343705,1150,,Aggregated,10.600000,0.000000,13000,13000,14000,14000,14000,14000,14000,14000,14000,14000,14000,200,0,13000.0,12695.034081099155,9860.677107004449,14335.731570987264,655.0
1783343706,1200,,Aggregated,15.000000,0.000000,13000,13000,14000,14000,14000,14000,14000,14000,20000,20000,20000,201,0,13000.0,12731.487392840001,9860.677107004449,20022.149741009343,655.0
1783343707,1250,,Aggregated,15.000000,0.000000,13000,14000,14000,14000,20000,21000,21000,21000,21000,21000,21000,249,0,13000.0,14239.42751054155,9860.677107004449,20901.74837099039,655.0
1783343708,1300,,Aggregated,15.000000,0.000000,13000,14000,14000,20000,20000,21000,21000,21000,21000,21000,21000,250,0,13000.0,14267.096040099394,9860.677107004449,21156.55990000232,655.0
1783343709,1350,,Aggregated,15.000000,0.000000,13000,14000,14000,20000,20000,21000,21000,21000,21000,21000,21000,250,0,13000.0,14267.096040099394,9860.677107004449,21156.55990000232,655.0
1783343710,1400,,Aggregated,14.400000,0.000000,14000,14000,20000,20000,22000,23000,23000,23000,23000,23000,23000,278,0,13000.0,15124.917639438067,9860.677107004449,22948.87827799539,655.0
1783343711,1450,,Aggregated,10.000000,0.000000,14000,20000,21000,23000,23000,23000,23000,23000,23000,23000,23000,320,0,14000.0,16162.060721183565,9860.677107004449,23370.010014012223,655.0
1783343712,1500,,Aggregated,5.400000,0.000000,14000,21000,23000,23000,23000,23000,23000,24000,24000,24000,24000,373,0,14000.0,17028.637561551423,9860.677107004449,23896.764769015135,661.1179624664879
1783343713,1550,,Aggregated,9.800000,0.000000,20000,21000,23000,23000,23000,24000,24000,24000,24000,24000,24000,442,0,20000.0,17795.21561260318,9860.677107004449,23958.171574020525,671.5950226244344
1783343714,1600,,Aggregated,12.000000,0.000000,20000,21000,23000,23000,23000,24000,24000,24000,24000,24000,24000,445,0,20000.0,17838.305023259774,9860.677107004449,24320.960292010568,671.4831460674158
1783343715,1650,,Aggregated,12.000000,0.000000,20000,21000,23000,23000,23000,24000,24000,24000,24000,24000,24000,445,0,20000.0,17838.305023259774,9860.677107004449,24320.960292010568,671.4831460674158
1783343716,1700,,Aggregated,12.000000,0.000000,20000,21000,23000,23000,23000,24000,24000,24000,24000,24000,24000,445,0,20000.0,17838.305023259774,9860.677107004449,24320.960292010568,671.4831460674158
1783343717,1750,,Aggregated,12.000000,0.000000,20000,21000,23000,23000,23000,24000,24000,24000,24000,24000,24000,445,0,20000.0,17838.305023259774,9860.677107004449,24320.960292010568,671.4831460674158
1783343718,1800,,Aggregated,12.000000,0.000000,20000,21000,23000,23000,23000,24000,24000,24000,24000,24000,24000,445,0,20000.0,17838.305023259774,9860.677107004449,24320.960292010568,671.4831460674158
1783343719,1850,,Aggregated,12.000000,0.000000,20000,21000,23000,23000,23000,24000,24000,24000,24000,24000,24000,445,0,20000.0,17838.305023259774,9860.677107004449,24320.960292010568,671.4831460674158
1783343720,1900,,Aggregated,19.500000,0.000000,20000,23000,23000,23000,24000,24000,30000,30000,30000,30000,30000,465,0,20000.0,18345.58451852386,9860.677107004449,30050.84364800132,671.4752688172043
1783343721,1950,,Aggregated,19.500000,0.000000,20000,23000,23000,23000,27000,30000,31000,31000,31000,31000,31000,498,0,20000.0,19136.805820420937,9860.677107004449,30890.283512999304,671.3654618473896
1783343722,2000,,Aggregated,19.500000,0.000000,20000,23000,23000,23000,30000,30000,31000,31000,31000,31000,31000,500,0,20000.0,19184.645276215262,9860.677107004449,31110.65542200231,671.3
1783343723,2000,,Aggregated,17.300000,0.000000,20000,23000,23000,23000,30000,30000,31000,31000,32000,32000,32000,502,0,20000.0,19235.13340569841,9860.677107004449,31917.344852990936,671.2350597609561
1783343724,2000,,Aggregated,18.000000,0.000000,20000,23000,23000,24000,31000,33000,33000,33000,33000,33000,33000,544,0,20000.0,20280.378714515824,9860.677107004449,33046.83772599674,669.9816176470588
1783343725,2000,,Aggregated,11.000000,0.000000,21000,23000,24000,30000,32000,33000,33000,33000,33000,33000,33000,573,0,21000.0,20881.589963363887,9860.677107004449,33354.18745299103,670.9301919720768
1783343726,2000,,Aggregated,6.000000,0.000000,23000,24000,30000,30000,33000,33000,34000,34000,34000,34000,34000,651,0,23000.0,22116.03806101956,9860.677107004449,33728.548606013646,679.7880184331797
1783343727,2000,,Aggregated,10.200000,0.000000,23000,29000,30000,32000,33000,34000,34000,34000,34000,34000,34000,703,0,23000.0,22925.058037685263,9860.677107004449,34292.43175499141,679.5775248933144
1783343728,2000,,Aggregated,15.000000,0.000000,23000,29000,30000,32000,33000,34000,34000,34000,34000,34000,34000,706,0,23000.0,22973.077337754556,9860.677107004449,34395.42362699285,679.4730878186969
1783343729,2000,,Aggregated,15.000000,0.000000,23000,29000,30000,32000,33000,34000,34000,34000,34000,34000,34000,706,0,23000.0,22973.077337754556,9860.677107004449,34395.42362699285,679.4730878186969
1783343730,2000,,Aggregated,15.000000,0.000000,23000,29000,30000,32000,33000,34000,34000,34000,34000,34000,34000,706,0,23000.0,22973.077337754556,9860.677107004449,34395.42362699285,679.4730878186969
1783343731,2000,,Aggregated,15.000000,0.000000,23000,29000,30000,32000,33000,34000,34000,34000,34000,34000,34000,706,0,23000.0,22973.077337754556,9860.677107004449,34395.42362699285,679.4730878186969
1783343732,2000,,Aggregated,15.000000,0.000000,23000,29000,30000,32000,33000,34000,34000,34000,34000,34000,34000,706,0,23000.0,22973.077337754556,9860.677107004449,34395.42362699285,679.4730878186969
1783343733,2000,,Aggregated,15.000000,0.000000,23000,29000,30000,32000,33000,34000,34000,34000,34000,34000,34000,706,0,23000.0,22973.077337754556,9860.677107004449,34395.42362699285,679.4730878186969
1783343734,2000,,Aggregated,20.600000,0.000000,23000,29000,31000,33000,33000,34000,40000,40000,40000,40000,40000,731,0,23000.0,23523.71607970141,9860.677107004449,39997.173794021364,679.9740082079344
1783343735,2000,,Aggregated,20.600000,0.000000,23000,30000,33000,33000,37000,40000,40000,41000,41000,41000,41000,804,0,23000.0,24869.404575405162,9860.677107004449,40939.607798005454,686.6268656716418
1783343736,2000,,Aggregated,20.200000,0.000000,23000,30000,33000,33000,37000,40000,40000,41000,41000,41000,41000,807,0,23000.0,24929.52662293278,9860.677107004449,41096.7564790044,686.5092936802974
1783343737,2000,,Aggregated,19.600000,0.000000,23000,31000,33000,33000,37000,40000,41000,41000,42000,42000,42000,815,0,23000.0,25078.72717128674,9860.677107004449,42031.79721199558,687.0
1783343738,2000,,Aggregated,21.100000,0.000000,24000,33000,34000,37000,40000,41000,43000,43000,43000,43000,43000,889,0,24000.0,26392.19314910995,9860.677107004449,43073.788548994344,690.7536557930259
1783343739,2000,,Aggregated,15.600000,0.000000,29000,33000,34000,37000,40000,43000,43000,43000,44000,44000,44000,919,0,29000.0,26931.55134401598,9860.677107004449,43551.25087700435,689.7638737758433
1783343740,2000,,Aggregated,11.100000,0.000000,29000,33000,37000,39000,42000,43000,43000,43000,44000,44000,44000,964,0,29000.0,27677.904040001646,9860.677107004449,43793.01741099334,688.8174273858921
1783343741,2000,,Aggregated,18.500000,0.000000,30000,33000,37000,40000,43000,43000,44000,44000,45000,45000,45000,999,0,30000.0,28235.66719453416,9860.677107004449,44552.23794601625,687.6326326326326
1783343742,2000,,Aggregated,18.500000,0.000000,30000,33000,37000,40000,43000,43000,44000,44000,45000,45000,45000,1000,0,30000.0,28251.648410108613,9860.677107004449,44552.23794601625,687.6
1783343743,2000,,Aggregated,18.500000,0.000000,30000,33000,37000,40000,43000,43000,44000,44000,45000,45000,45000,1000,0,30000.0,28251.648410108613,9860.677107004449,44552.23794601625,687.6
1783343744,2000,,Aggregated,18.500000,0.000000,30000,33000,37000,40000,43000,43000,44000,44000,45000,45000,45000,1000,0,30000.0,28251.648410108613,9860.677107004449,44552.23794601625,687.6
1783343745,2000,,Aggregated,18.500000,0.000000,30000,33000,37000,40000,43000,43000,44000,44000,45000,45000,45000,1000,0,30000.0,28251.648410108613,9860.677107004449,44552.23794601625,687.6
1783343746,2000,,Aggregated,18.500000,0.000000,30000,33000,37000,40000,43000,43000,44000,44000,45000,45000,45000,1000,0,30000.0,28251.648410108613,9860.677107004449,44552.23794601625,687.6
1783343747,2000,,Aggregated,18.500000,0.000000,30000,33000,37000,40000,43000,43000,44000,44000,45000,45000,45000,1000,0,30000.0,28251.648410108613,9860.677107004449,44552.23794601625,687.6
1783343748,2000,,Aggregated,19.400000,0.000000,30000,34000,38000,40000,43000,43000,44000,44000,50000,50000,50000,1008,0,30000.0,28423.21421308491,9860.677107004449,49968.36646398879,687.3412698412699
1783343749,2000,,Aggregated,19.300000,0.000000,30000,34000,39000,41000,43000,44000,50000,50000,51000,51000,51000,1050,0,30000.0,29298.067612089122,9860.677107004449,51014.58106498467,686.047619047619
1783343750,2000,,Aggregated,19.300000,0.000000,30000,34000,39000,41000,43000,44000,50000,50000,51000,51000,51000,1050,0,30000.0,29298.067612089122,9860.677107004449,51014.58106498467,686.047619047619
1783343751,2000,,Aggregated,13.700000,0.000000,30000,34000,39000,41000,43000,45000,50000,50000,52000,52000,52000,1052,0,30000.0,29340.677232922593,9860.677107004449,51733.588634990156,685.9885931558936
1783343752,2000,,Aggregated,11.800000,0.000000,31000,37000,40000,43000,44000,50000,53000,53000,53000,53000,53000,1099,0,31000.0,30329.453612826626,9860.677107004449,52803.942417987855,684.663330300273
1783343753,2000,,Aggregated,8.600000,0.000000,32000,37000,41000,43000,50000,52000,53000,53000,53000,53000,53000,1119,0,32000.0,30730.698097013843,9860.677107004449,53221.318323980086,684.1331546023235
1783343754,2000,,Aggregated,6.800000,0.000000,33000,39000,43000,43000,52000,53000,53000,53000,53000,54000,54000,1175,0,33000.0,31791.65743733231,9860.677107004449,53553.04941901704,682.7446808510638
1783343755,2000,,Aggregated,10.000000,0.000000,33000,39000,43000,43000,52000,53000,53000,53000,54000,54000,54000,1200,0,33000.0,32241.709085497892,9860.677107004449,53988.26902901055,682.1666666666666
1783343756,2000,,Aggregated,10.000000,0.000000,33000,39000,43000,43000,52000,53000,53000,53000,54000,54000,54000,1200,0,33000.0,32241.709085497892,9860.677107004449,53988.26902901055,682.1666666666666
1783343757,2000,,Aggregated,10.000000,0.000000,33000,39000,43000,43000,52000,53000,53000,53000,54000,54000,54000,1200,0,33000.0,32241.709085497892,9860.677107004449,53988.26902901055,682.1666666666666
1783343758,2000,,Aggregated,10.000000,0.000000,33000,39000,43000,43000,52000,53000,53000,53000,54000,54000,54000,1200,0,33000.0,32241.709085497892,9860.677107004449,53988.26902901055,682.1666666666666
1783343759,2000,,Aggregated,10.000000,0.000000,33000,39000,43000,43000,52000,53000,53000,53000,54000,54000,54000,1200,0,33000.0,32241.709085497892,9860.677107004449,53988.26902901055,682.1666666666666
1783343760,2000,,Aggregated,10.000000,0.000000,33000,39000,43000,43000,52000,53000,53000,53000,54000,54000,54000,1200,0,33000.0,32241.709085497892,9860.677107004449,53988.26902901055,682.1666666666666
1783343761,2000,,Aggregated,10.000000,0.000000,33000,39000,43000,43000,52000,53000,53000,53000,54000,54000,54000,1200,0,33000.0,32241.709085497892,9860.677107004449,53988.26902901055,682.1666666666666
1783343762,2000,,Aggregated,15.000000,0.000000,33000,40000,43000,44000,53000,53000,60000,60000,60000,60000,60000,1239,0,33000.0,33089.96375609322,9860.677107004449,60091.38601599261,682.1008878127523
1783343763,2000,,Aggregated,15.000000,0.000000,33000,40000,43000,50000,53000,54000,60000,60000,61000,61000,61000,1261,0,33000.0,33549.341322296284,9860.677107004449,60725.46046500793,682.274385408406
1783343764,2000,,Aggregated,15.000000,0.000000,33000,40000,43000,50000,53000,54000,60000,60000,61000,61000,61000,1261,0,33000.0,33549.341322296284,9860.677107004449,60725.46046500793,682.274385408406
1783343765,2000,,Aggregated,14.500000,0.000000,33000,42000,43000,50000,53000,60000,60000,62000,62000,62000,62000,1291,0,33000.0,34190.52494302757,9860.677107004449,62117.86934299744,682.5243996901627
1783343766,2000,,Aggregated,11.200000,0.000000,34000,43000,50000,52000,59000,60000,62000,62000,63000,63000,63000,1352,0,34000.0,35380.48322953366,9860.677107004449,63087.270909018116,685.0199704142012
1783343767,2000,,Aggregated,8.000000,0.000000,34000,43000,51000,53000,60000,62000,63000,63000,63000,63000,63000,1396,0,34000.0,36241.93331146886,9860.677107004449,63087.270909018116,684.1905444126074
1783343768,2000,,Aggregated,10.700000,0.000000,37000,43000,52000,53000,60000,63000,63000,63000,64000,64000,64000,1439,0,37000.0,37038.72843128727,9860.677107004449,64072.754710010486,683.318276580959
1783343769,2000,,Aggregated,15.200000,0.000000,37000,43000,53000,53000,62000,63000,63000,63000,64000,64000,64000,1450,0,37000.0,37239.8593297906,9860.677107004449,64072.754710010486,683.1034482758621
1783343770,2000,,Aggregated,15.200000,0.000000,37000,43000,53000,53000,62000,63000,63000,63000,64000,64000,64000,1450,0,37000.0,37239.8593297906,9860.677107004449,64072.754710010486,683.1034482758621
1783343771,2000,,Aggregated,15.200000,0.000000,37000,43000,53000,53000,62000,63000,63000,63000,64000,64000,64000,1450,0,37000.0,37239.8593297906,9860.677107004449,64072.754710010486,683.1034482758621
1783343772,2000,,Aggregated,15.200000,0.000000,37000,43000,53000,53000,62000,63000,63000,63000,64000,64000,64000,1450,0,37000.0,37239.8593297906,9860.677107004449,64072.754710010486,683.1034482758621
1783343773,2000,,Aggregated,15.200000,0.000000,37000,43000,53000,53000,62000,63000,63000,63000,64000,64000,64000,1450,0,37000.0,37239.8593297906,9860.677107004449,64072.754710010486,683.1034482758621
1783343774,2000,,Aggregated,15.200000,0.000000,37000,43000,53000,53000,62000,63000,63000,63000,64000,64000,64000,1450,0,37000.0,37239.8593297906,9860.677107004449,64072.754710010486,683.1034482758621
1783343775,2000,,Aggregated,20.500000,0.000000,37000,43000,53000,53000,62000,63000,63000,63000,69000,69000,69000,1452,0,37000.0,37283.41272362627,9860.677107004449,68992.74903800688,683.064738292011
1783343776,2000,,Aggregated,18.900000,0.000000,39000,50000,53000,59000,63000,64000,70000,70000,70000,70000,70000,1525,0,39000.0,38756.59368422771,9860.677107004449,70140.2034109924,685.4622950819672
1783343777,2000,,Aggregated,18.800000,0.000000,39000,50000,53000,59000,63000,66000,70000,70000,70000,70000,70000,1541,0,39000.0,39069.40623474125,9860.677107004449,70498.38675701176,685.780661907852
1783343778,2000,,Aggregated,18.800000,0.000000,39000,50000,53000,59000,63000,66000,70000,70000,70000,70000,70000,1541,0,39000.0,39069.40623474125,9860.677107004449,70498.38675701176,685.780661907852
1783343779,2000,,Aggregated,17.500000,0.000000,39000,50000,53000,60000,63000,70000,72000,72000,72000,72000,72000,1581,0,39000.0,39890.655724263896,9860.677107004449,72114.24249401898,685.6204933586338
1783343780,2000,,Aggregated,14.100000,0.000000,40000,52000,59000,62000,66000,70000,72000,72000,72000,73000,73000,1632,0,40000.0,40823.74435751047,9860.677107004449,72751.54538502102,691.6752450980392
1783343781,2000,,Aggregated,10.200000,0.000000,42000,53000,61000,63000,69000,72000,72000,73000,73000,73000,73000,1731,0,42000.0,42559.85220646336,9860.677107004449,73271.30398800364,703.5869439630271
1783343782,2000,,Aggregated,13.600000,0.000000,43000,54000,63000,66000,70000,72000,73000,73000,74000,74000,74000,1814,0,43000.0,43854.507762674846,9860.677107004449,73575.30451199273,722.0165380374863
1783343783,2000,,Aggregated,18.200000,0.000000,43000,59000,63000,66000,70000,72000,73000,73000,74000,74000,74000,1843,0,43000.0,44275.26481523177,9860.677107004449,74067.23183300346,729.2278893109061
1783343784,2000,,Aggregated,18.200000,0.000000,43000,59000,63000,66000,70000,72000,73000,73000,74000,74000,74000,1843,0,43000.0,44275.26481523177,9860.677107004449,74067.23183300346,729.2278893109061
1783343785,2000,,Aggregated,18.200000,0.000000,43000,59000,63000,66000,70000,72000,73000,73000,74000,74000,74000,1843,0,43000.0,44275.26481523177,9860.677107004449,74067.23183300346,729.2278893109061
1783343786,2000,,Aggregated,18.200000,0.000000,43000,59000,63000,66000,70000,72000,73000,73000,74000,74000,74000,1843,0,43000.0,44275.26481523177,9860.677107004449,74067.23183300346,729.2278893109061
1783343787,2000,,Aggregated,18.200000,0.000000,43000,59000,63000,66000,70000,72000,73000,73000,74000,74000,74000,1843,0,43000.0,44275.26481523177,9860.677107004449,74067.23183300346,729.2278893109061
1783343788,2000,,Aggregated,18.200000,0.000000,43000,59000,63000,66000,70000,72000,73000,73000,74000,74000,74000,1843,0,43000.0,44275.26481523177,9860.677107004449,74067.23183300346,729.2278893109061
1783343789,2000,,Aggregated,31.600000,0.000000,43000,59000,63000,66000,70000,72000,73000,73000,79000,79000,79000,1845,0,43000.0,44313.05025004019,9860.677107004449,79201.76825998351,729.1474254742548
1783343790,2000,,Aggregated,30.200000,0.000000,43000,59000,63000,68000,72000,73000,77000,80000,80000,80000,80000,1882,0,43000.0,45006.89947019729,9860.677107004449,80066.98990400764,727.8629117959617
1783343791,2000,,Aggregated,30.200000,0.000000,43000,59000,63000,69000,72000,73000,80000,80000,81000,81000,81000,1895,0,43000.0,45249.640368939974,9860.677107004449,80755.84011798492,727.3630606860158
1783343792,2000,,Aggregated,30.200000,0.000000,43000,59000,63000,69000,72000,73000,80000,80000,81000,81000,81000,1895,0,43000.0,45249.640368939974,9860.677107004449,80755.84011798492,727.3630606860158
1783343793,2000,,Aggregated,25.700000,0.000000,43000,60000,63000,69000,72000,73000,80000,82000,82000,82000,82000,1921,0,43000.0,45746.040075858524,9860.677107004449,82020.70294198347,726.3836543466945
1783343794,2000,,Aggregated,16.200000,0.000000,44000,60000,66000,69000,72000,79000,82000,82000,82000,83000,83000,1953,0,44000.0,46344.18833689414,9860.677107004449,82647.53264302271,725.2140296979006
1783343795,2000,,Aggregated,6.800000,0.000000,49000,62000,68000,69000,73000,82000,82000,83000,83000,83000,83000,2000,0,45000.0,47194.37522323215,9860.677107004449,83249.04867800069,723.564
1783343796,2000,,Aggregated,7.800000,0.000000,50000,62000,69000,70000,73000,82000,83000,83000,83000,84000,84000,2026,0,50000.0,47652.89363763103,9860.677107004449,83914.30773300817,722.6841066140178
1783343797,2000,,Aggregated,11.000000,0.000000,50000,63000,69000,70000,74000,82000,83000,83000,84000,84000,84000,2045,0,50000.0,47985.58541026427,9860.677107004449,83921.13904701546,722.0552567237164
1783343798,2000,,Aggregated,11.000000,0.000000,50000,63000,69000,70000,74000,82000,83000,83000,84000,84000,84000,2045,0,50000.0,47985.58541026427,9860.677107004449,83921.13904701546,722.0552567237164
1783343799,2000,,Aggregated,11.000000,0.000000,50000,63000,69000,70000,74000,82000,83000,83000,84000,84000,84000,2045,0,50000.0,47985.58541026427,9860.677107004449,83921.13904701546,722.0552567237164
1783343800,2000,,Aggregated,11.000000,0.000000,50000,63000,69000,70000,74000,82000,83000,83000,84000,84000,84000,2045,0,50000.0,47985.58541026427,9860.677107004449,83921.13904701546,722.0552567237164
1783343801,2000,,Aggregated,11.000000,0.000000,50000,63000,69000,70000,74000,82000,83000,83000,84000,84000,84000,2045,0,50000.0,47985.58541026427,9860.677107004449,83921.13904701546,722.0552567237164
1783343802,2000,,Aggregated,11.000000,0.000000,50000,63000,69000,70000,74000,82000,83000,83000,84000,84000,84000,2045,0,50000.0,47985.58541026427,9860.677107004449,83921.13904701546,722.0552567237164
1783343803,2000,,Aggregated,15.600000,0.000000,50000,63000,69000,70000,80000,82000,83000,84000,89000,89000,89000,2063,0,50000.0,48342.44976339579,9860.677107004449,89120.83499200526,721.47018904508
1783343804,2000,,Aggregated,15.000000,0.000000,50000,63000,69000,70000,80000,82000,84000,89000,90000,90000,90000,2083,0,50000.0,48737.970345787086,9860.677107004449,90014.88871700712,720.8319731156985
1783343806,2000,,Aggregated,15.000000,0.000000,51000,63000,69000,70000,80000,83000,89000,90000,91000,91000,91000,2095,0,51000.0,48976.89705240215,9860.677107004449,90879.9928209919,720.454892601432
1783343807,2000,,Aggregated,14.200000,0.000000,52000,63000,69000,70000,81000,83000,89000,90000,91000,91000,91000,2103,0,52000.0,49136.169295686384,9860.677107004449,91116.63914300152,720.205896338564
1783343808,2000,,Aggregated,13.000000,0.000000,52000,63000,69000,72000,82000,83000,91000,92000,92000,92000,92000,2135,0,52000.0,49773.689779959954,9860.677107004449,92219.5702129975,719.2285714285714
1783343809,2000,,Aggregated,7.700000,0.000000,53000,63000,70000,72000,82000,89000,92000,92000,93000,93000,93000,2183,0,53000.0,50677.90050153846,9860.677107004449,92843.5874239949,719.5167201099405
1783343810,2000,,Aggregated,7.700000,0.000000,53000,66000,70000,73000,83000,90000,92000,92000,93000,94000,94000,2226,0,53000.0,51467.21205927196,9860.677107004449,93766.27922299667,720.9420485175202
1783343811,2000,,Aggregated,9.000000,0.000000,53000,69000,72000,73000,88000,92000,92000,93000,93000,94000,94000,2292,0,53000.0,52608.19125784488,9860.677107004449,93766.27922299667,721.8045375218151
1783343812,2000,,Aggregated,12.800000,0.000000,53000,69000,72000,74000,89000,92000,93000,93000,94000,94000,94000,2298,0,53000.0,52714.755114067244,9860.677107004449,93766.27922299667,721.6301131418625
1783343813,2000,,Aggregated,18.100000,0.000000,53000,69000,72000,74000,89000,92000,93000,93000,94000,94000,94000,2299,0,53000.0,52732.86050831211,9860.677107004449,94339.05648300424,721.6011309264898
1783343814,2000,,Aggregated,18.100000,0.000000,53000,69000,72000,74000,89000,92000,93000,93000,94000,94000,94000,2299,0,53000.0,52732.86050831211,9860.677107004449,94339.05648300424,721.6011309264898
1783343815,2000,,Aggregated,18.100000,0.000000,53000,69000,72000,74000,89000,92000,93000,93000,94000,94000,94000,2299,0,53000.0,52732.86050831211,9860.677107004449,94339.05648300424,721.6011309264898
1783343816,2000,,Aggregated,18.100000,0.000000,53000,69000,72000,74000,89000,92000,93000,93000,94000,94000,94000,2299,0,53000.0,52732.86050831211,9860.677107004449,94339.05648300424,721.6011309264898
1783343817,2000,,Aggregated,21.600000,0.000000,53000,69000,72000,74000,89000,92000,93000,93000,94000,98000,98000,2301,0,53000.0,52772.3508386456,9860.677107004449,98266.99089299655,721.5432420686658
1783343818,2000,,Aggregated,20.400000,0.000000,53000,69000,72000,80000,89000,92000,93000,94000,99000,99000,99000,2331,0,53000.0,53333.05832486507,9860.677107004449,99259.52702399809,721.7357357357357
1783343819,2000,,Aggregated,19.700000,0.000000,58000,69000,73000,82000,92000,93000,94000,99000,100000,100000,100000,2429,0,58000.0,55013.549096411916,9860.677107004449,100244.23104498419,732.6792918896665
1783343820,2000,,Aggregated,19.700000,0.000000,62000,72000,82000,85000,92000,93000,95000,99000,101000,101000,101000,2627,0,62000.0,57653.46471962107,9860.677107004449,101177.47560099815,779.7213551579749
1783343821,2000,,Aggregated,24.100000,0.000000,62000,72000,82000,85000,92000,93000,95000,99000,101000,101000,101000,2644,0,62000.0,57829.31718501346,9860.677107004449,101177.47560099815,783.7772314674735
1783343822,2000,,Aggregated,24.100000,0.000000,66000,79000,83000,85000,92000,93000,99000,100000,102000,102000,102000,2956,0,66000.0,60203.691020373444,9860.677107004449,102206.27420398523,811.2577807848444
1783343823,2000,,Aggregated,40.100000,0.000000,66000,79000,83000,85000,92000,93000,100000,102000,102000,102000,102000,3018,0,66000.0,60481.31958008875,9860.677107004449,102472.90922500542,813.0752153744202
1783343824,2000,,Aggregated,34.800000,0.000000,67000,73000,83000,85000,92000,94000,100000,102000,104000,104000,104000,3175,0,67000.0,60919.2206000176,9860.677107004449,104013.94319799147,820.5814173228347
1783343825,2000,,Aggregated,71.900000,0.000000,59000,70000,82000,83000,92000,94000,103000,104000,104000,105000,105000,4012,0,59000.0,57470.201287130454,5175.100751017453,104718.20872201351,967.8098205383849
1783343826,2000,,Aggregated,71.900000,0.000000,53000,69000,75000,82000,92000,94000,103000,104000,104000,105000,105000,4648,0,53000.0,52345.477198460234,3692.235100985272,104718.20872201351,1136.3218588640275
1783343827,2000,,Aggregated,164.500000,0.000000,44000,63000,72000,81000,92000,93000,103000,104000,104000,105000,105000,5266,0,44000.0,46831.83492268101,2357.9366220219526,104718.20872201351,1351.5345613368781
1783343828,2000,,Aggregated,164.500000,0.000000,44000,63000,72000,81000,92000,93000,103000,104000,104000,105000,105000,5296,0,44000.0,46581.38084105424,2357.9366220219526,104718.20872201351,1378.2316842900302
1783343829,2000,,Aggregated,286.700000,0.000000,40000,58000,69000,73000,89000,93000,102000,103000,104000,105000,105000,6086,0,40000.0,41086.43293446779,1924.9161969928537,104718.20872201351,1661.9142293789023
1783343830,2000,,Aggregated,296.600000,0.000000,29000,50000,63000,70000,85000,93000,102000,103000,104000,105000,105000,7103,0,29000.0,35733.47400660007,918.2528570236173,104718.20872201351,2224.7945938335915
1783343831,2000,,Aggregated,335.700000,0.000000,22000,45000,62000,70000,85000,93000,101000,103000,104000,105000,105000,7512,0,22000.0,33961.06909856885,918.2528570236173,104718.20872201351,2475.9414270500533
1783343832,2000,,Aggregated,407.500000,0.000000,17000,44000,60000,69000,83000,93000,100000,103000,104000,105000,105000,7902,0,17000.0,32440.37934256677,918.2528570236173,104718.20872201351,2659.1002277904327
1783343833,2000,,Aggregated,471.000000,0.000000,14000,43000,59000,69000,83000,93000,100000,103000,104000,105000,105000,8189,0,14000.0,31432.64724130228,918.2528570236173,104718.20872201351,2771.8809378434485
1783343834,2000,,Aggregated,479.700000,0.000000,13000,43000,58000,68000,83000,92000,100000,103000,104000,105000,105000,8409,0,13000.0,30720.820193821055,918.2528570236173,104718.20872201351,2830.2659055773574
1783343835,2000,,Aggregated,499.300000,0.000000,10000,42000,57000,66000,83000,92000,100000,103000,104000,105000,105000,8562,0,10000.0,30257.956837883936,918.2528570236173,104718.20872201351,2848.692945573464
1783343836,2000,,Aggregated,510.500000,0.000000,7700,42000,56000,66000,83000,92000,100000,103000,104000,105000,105000,8737,0,7700.0,29773.256536792258,918.2528570236173,104718.20872201351,2938.986494219984
1783343837,2000,,Aggregated,453.900000,0.000000,7100,40000,56000,63000,83000,92000,99000,103000,104000,105000,105000,8898,0,7100.0,29344.219964935342,918.2528570236173,104718.20872201351,2980.052034164981
1783343838,2000,,Aggregated,397.900000,0.000000,7000,37000,53000,63000,82000,92000,99000,103000,104000,105000,105000,9129,0,7000.0,28781.669405707762,918.2528570236173,104718.20872201351,3127.45108993318
1783343839,2000,,Aggregated,362.300000,0.000000,6900,34000,53000,62000,82000,92000,99000,103000,104000,105000,105000,9360,0,6900.0,28253.137547611095,918.2528570236173,104718.20872201351,3249.657158119658
1783343840,2000,,Aggregated,367.700000,0.000000,7000,33000,50000,61000,82000,92000,99000,103000,104000,105000,105000,9682,0,7000.0,27588.590485783632,918.2528570236173,104718.20872201351,3514.3024168560214
1783343841,2000,,Aggregated,343.500000,0.000000,7100,31000,48000,60000,82000,92000,98000,103000,104000,105000,105000,9995,0,7100.0,26978.396249917085,918.2528570236173,104718.20872201351,3733.136668334167
1783343842,2000,,Aggregated,277.200000,0.000000,7100,29000,45000,58000,82000,92000,95000,103000,104000,105000,105000,10334,0,7100.0,26353.63573466361,918.2528570236173,104718.20872201351,3957.6407005999613
1783343843,2000,,Aggregated,249.700000,0.000000,7100,28000,44000,58000,81000,92000,94000,103000,104000,105000,105000,10570,0,7100.0,25928.895484924236,918.2528570236173,104718.20872201351,4069.535004730369
1783343844,2000,,Aggregated,236.900000,0.000000,7000,23000,43000,57000,81000,91000,94000,103000,104000,105000,105000,10767,0,7000.0,25580.628527803186,918.2528570236173,104718.20872201351,4149.576390823813
1783343845,2000,,Aggregated,236.500000,0.000000,7000,23000,43000,56000,80000,91000,94000,103000,104000,105000,105000,10899,1,7000.0,25359.426820452714,918.2528570236173,104718.20872201351,4218.403798513625
1783343846,2000,,Aggregated,232.900000,0.000000,7000,21000,43000,56000,80000,91000,94000,103000,104000,105000,105000,11065,1,7000.0,25086.878950722396,918.2528570236173,104718.20872201351,4284.128603705377
1783343847,2000,,Aggregated,231.300000,0.000000,6900,20000,43000,55000,80000,90000,94000,102000,104000,105000,105000,11205,1,6900.0,24865.278070814442,918.2528570236173,104718.20872201351,4343.319232485497
1783343848,2000,,Aggregated,230.100000,0.100000,6900,20000,43000,53000,80000,90000,94000,102000,104000,105000,105000,11395,1,6900.0,24578.300312359865,918.2528570236173,104718.20872201351,4425.082404563405
1783343849,2000,,Aggregated,230.000000,0.100000,6900,17000,42000,53000,75000,90000,94000,102000,104000,105000,105000,11613,1,6900.0,24266.267901338153,918.2528570236173,104718.20872201351,4518.26143115474
1783343850,2000,,Aggregated,225.600000,0.100000,7000,15000,42000,52000,73000,89000,94000,102000,104000,105000,105000,11935,1,7000.0,23840.266727891565,918.2528570236173,104718.20872201351,4701.573942186846
1783343851,2000,,Aggregated,223.000000,0.100000,7000,14000,39000,50000,73000,89000,94000,102000,104000,105000,105000,12201,1,7000.0,23500.61474074422,918.2528570236173,104718.20872201351,4818.095893779198
1783343852,2000,,Aggregated,217.400000,0.100000,7000,13000,37000,48000,73000,89000,94000,102000,104000,105000,105000,12515,1,7000.0,23112.868479270623,918.2528570236173,104718.20872201351,4947.728405912904
1783343853,2000,,Aggregated,210.800000,0.100000,7000,11000,34000,45000,72000,88000,94000,102000,104000,105000,105000,12779,1,7000.0,22788.65343103616,918.2528570236173,104718.20872201351,5024.239690116598
1783343854,2000,,Aggregated,212.200000,0.100000,7000,11000,33000,44000,72000,88000,93000,102000,104000,105000,105000,12992,1,7000.0,22533.44034140519,918.2528570236173,104718.20872201351,5079.916025246305
1783343855,2000,,Aggregated,217.200000,0.100000,7000,11000,33000,44000,72000,88000,93000,102000,104000,105000,105000,13188,1,7000.0,22310.89521873711,918.2528570236173,104718.20872201351,5142.414164391871
1783343856,2000,,Aggregated,217.200000,0.100000,6900,11000,31000,44000,72000,86000,93000,102000,104000,105000,105000,13415,1,6900.0,22049.952655464054,918.2528570236173,104718.20872201351,5194.824450242266
1783343857,2000,,Aggregated,221.200000,0.100000,6900,11000,31000,43000,72000,86000,93000,102000,104000,105000,105000,13628,1,6900.0,21813.59964732394,918.2528570236173,104718.20872201351,5255.357792779571
1783343859,2000,,Aggregated,235.000000,0.000000,6800,11000,30000,43000,70000,85000,93000,102000,104000,105000,105000,13872,1,6800.0,21547.956197607375,918.2528570236173,104718.20872201351,5322.70335928489
1783343860,2000,,Aggregated,241.900000,0.000000,6800,11000,29000,43000,70000,85000,93000,102000,104000,105000,105000,14281,1,6800.0,21131.03376009433,918.2528570236173,104718.20872201351,5454.341922834536
1783343861,2000,,Aggregated,243.500000,0.000000,6800,10000,23000,42000,70000,85000,93000,102000,104000,105000,105000,14574,1,6800.0,20844.152045357332,918.2528570236173,104718.20872201351,5544.456154796212
1783343862,2000,,Aggregated,257.900000,0.000000,6800,10000,23000,42000,70000,85000,93000,101000,104000,105000,105000,14896,1,6800.0,20531.465983826725,918.2528570236173,104718.20872201351,5604.465695488721
1783343863,2000,,Aggregated,256.300000,0.000000,6700,10000,21000,40000,69000,84000,93000,101000,104000,105000,105000,15196,1,6700.0,20247.31409149834,918.2528570236173,104718.20872201351,5649.408923400895
1783343864,2000,,Aggregated,261.700000,0.000000,6600,10000,19000,37000,69000,83000,93000,100000,104000,105000,105000,15569,1,6600.0,19898.215691370366,918.2528570236173,104718.20872201351,5665.497334446657
1783343865,2000,,Aggregated,260.900000,0.000000,6500,10000,17000,34000,69000,83000,93000,100000,104000,105000,105000,15814,1,6500.0,19678.526885079285,918.2528570236173,104718.20872201351,5675.29891235614
1783343866,2000,,Aggregated,264.900000,0.000000,6500,10000,15000,34000,69000,83000,93000,100000,104000,105000,105000,16122,1,6500.0,19412.645643990953,918.2528570236173,104718.20872201351,5696.636397469297
1783343867,2000,,Aggregated,270.500000,0.000000,6400,10000,14000,33000,69000,83000,93000,100000,104000,105000,105000,16402,1,6400.0,19178.871727730508,918.2528570236173,104718.20872201351,5702.572308255091
1783343868,2000,,Aggregated,274.900000,0.000000,6300,10000,14000,33000,68000,83000,93000,100000,104000,105000,105000,16650,1,6300.0,18974.359516613396,918.2528570236173,104718.20872201351,5701.918618618619
1783343869,2000,,Aggregated,279.100000,0.000000,6300,10000,13000,31000,68000,83000,93000,100000,104000,105000,105000,16891,1,6300.0,18785.293074296133,918.2528570236173,104718.20872201351,5708.215321768989
1783343870,2000,,Aggregated,285.700000,0.000000,6300,9900,12000,30000,66000,83000,93000,100000,104000,105000,105000,17224,1,6300.0,18530.977406321057,918.2528570236173,104718.20872201351,5710.653971202973
1783343871,2000,,Aggregated,290.100000,0.000000,6200,9800,11000,30000,66000,83000,93000,100000,104000,105000,105000,17476,1,6200.0,18345.634638892254,918.2528570236173,104718.20872201351,5713.113355458915
1783343872,2000,,Aggregated,281.000000,0.000000,6200,9700,11000,29000,63000,83000,93000,99000,104000,105000,105000,17740,1,6200.0,18154.265852017987,918.2528570236173,104718.20872201351,5707.150169109357
1783343873,2000,,Aggregated,276.100000,0.000000,6100,9700,11000,27000,63000,82000,93000,99000,104000,105000,105000,17996,1,6100.0,17976.13132391091,918.2528570236173,104718.20872201351,5712.9050344521
1783343874,2000,,Aggregated,266.100000,0.000000,6100,9600,11000,23000,63000,82000,93000,99000,104000,105000,105000,18243,1,6100.0,17810.597037382922,918.2528570236173,104718.20872201351,5723.2244148440495
1783343875,2000,,Aggregated,262.700000,0.000000,6100,9500,11000,23000,63000,82000,93000,99000,104000,105000,105000,18480,1,6100.0,17657.742691610925,918.2528570236173,104718.20872201351,5733.983766233766
1783343876,2000,,Aggregated,260.900000,0.000000,6000,9400,11000,23000,62000,82000,93000,99000,104000,105000,105000,18715,1,6000.0,17508.92833755792,918.2528570236173,104718.20872201351,5736.366871493455
1783343877,2000,,Aggregated,257.400000,0.000000,6000,9400,11000,21000,62000,82000,93000,99000,104000,105000,105000,18981,1,6000.0,17345.8491299672,918.2528570236173,104718.20872201351,5747.824719456298
1783343878,2000,,Aggregated,256.300000,0.000000,6000,9300,11000,20000,61000,82000,93000,99000,104000,105000,105000,19295,1,6000.0,17156.815141107403,918.2528570236173,104718.20872201351,5755.78844260171
1783343879,2000,,Aggregated,252.900000,0.000000,5900,9200,11000,18000,60000,82000,93000,99000,104000,105000,105000,19538,1,5900.0,17012.39453753236,918.2528570236173,104718.20872201351,5757.704473334015
1783343880,2000,,Aggregated,253.200000,0.000000,5900,9100,10000,17000,60000,82000,93000,98000,104000,105000,105000,19798,1,5900.0,16862.419447765085,918.2528570236173,104718.20872201351,5760.73598343267
1783343881,2000,,Aggregated,256.400000,0.000000,5900,9100,10000,16000,59000,82000,93000,95000,104000,104000,105000,20065,1,5900.0,16712.837830725042,918.2528570236173,104718.20872201351,5767.332569150261
1783343882,2000,,Aggregated,254.300000,0.000000,5800,9000,10000,15000,59000,82000,93000,95000,104000,104000,105000,20329,1,5800.0,16567.197583112247,918.2528570236173,104718.20872201351,5772.745289979832
1783343883,2000,,Aggregated,256.600000,0.000000,5800,9000,10000,14000,59000,82000,93000,95000,104000,104000,105000,20518,1,5800.0,16463.873016933012,918.2528570236173,104718.20872201351,5767.974997563116
1783343884,2000,,Aggregated,258.800000,0.000000,5800,8900,10000,13000,58000,81000,92000,95000,104000,104000,105000,20910,1,5800.0,16256.052036233446,918.2528570236173,104718.20872201351,5764.925585844094
1783343885,2000,,Aggregated,259.900000,0.000000,5700,8800,10000,13000,58000,81000,92000,94000,104000,104000,105000,21188,1,5700.0,16113.981108139504,918.2528570236173,104718.20872201351,5766.417406078913
1783343886,2000,,Aggregated,259.000000,0.000000,5700,8700,10000,12000,57000,81000,92000,94000,104000,104000,105000,21459,1,5700.0,15975.851128449653,918.2528570236173,104718.20872201351,5758.95204809171
1783343887,2000,,Aggregated,263.200000,0.000000,5700,8700,10000,12000,57000,80000,92000,94000,104000,104000,105000,21710,1,5700.0,15851.109448352054,918.2528570236173,104718.20872201351,5756.229295255643
1783343888,2000,,Aggregated,267.000000,0.000000,5700,8700,10000,11000,56000,80000,92000,94000,104000,104000,105000,22005,1,5700.0,15708.065959519534,918.2528570236173,104718.20872201351,5760.714337650534
1783343889,2000,,Aggregated,271.500000,0.000000,5600,8600,10000,11000,56000,80000,92000,94000,104000,104000,105000,22268,1,5600.0,15584.647861278567,918.2528570236173,104718.20872201351,5766.192877671996
1783343891,2000,,Aggregated,268.800000,0.000000,5600,8600,10000,11000,55000,80000,92000,94000,104000,104000,105000,22425,1,5600.0,15511.820289217312,918.2528570236173,104718.20872201351,5766.587558528428
1783343892,2000,,Aggregated,270.000000,0.000000,5600,8500,10000,11000,53000,80000,92000,94000,104000,104000,105000,22812,1,5600.0,15338.872906591776,918.2528570236173,104718.20872201351,5767.7303612133965
1783343893,2000,,Aggregated,258.000000,0.000000,5500,8500,10000,11000,53000,79000,92000,94000,104000,104000,105000,23045,1,5500.0,15236.61888575929,918.2528570236173,104718.20872201351,5761.934519418529
1783343894,2000,,Aggregated,268.200000,0.000000,5500,8400,9900,11000,53000,75000,92000,94000,104000,104000,105000,23336,1,5500.0,15114.20261265633,918.2528570236173,104718.20872201351,5759.327948234488
1783343895,2000,,Aggregated,264.500000,0.000000,5500,8400,9900,11000,53000,73000,92000,94000,104000,104000,105000,23609,1,5500.0,15001.330612608903,918.2528570236173,104718.20872201351,5760.111694692702
1783343896,2000,,Aggregated,267.800000,0.000000,5500,8400,9800,11000,52000,73000,92000,94000,104000,104000,105000,23907,1,5500.0,14881.836840929009,918.2528570236173,104718.20872201351,5769.563265989041
1783343897,2000,,Aggregated,267.000000,0.000000,5500,8300,9800,11000,50000,73000,92000,94000,104000,104000,105000,24183,1,5500.0,14772.137645309565,918.2528570236173,104718.20872201351,5766.148244634661
1783343898,2000,,Aggregated,269.100000,0.000000,5500,8300,9700,11000,50000,73000,92000,94000,104000,104000,105000,24408,1,5500.0,14683.864755153021,918.2528570236173,104718.20872201351,5765.765855457227
1783343899,2000,,Aggregated,267.800000,0.000000,5400,8200,9600,10000,48000,73000,92000,94000,104000,104000,105000,24764,1,5400.0,14547.935682968056,918.2528570236173,104718.20872201351,5757.8688822484255
1783343900,2000,,Aggregated,266.400000,0.000000,5400,8200,9600,10000,48000,73000,92000,94000,104000,104000,105000,25004,1,5400.0,14458.920860723529,918.2528570236173,104718.20872201351,5751.839585666294
1783343901,2000,,Aggregated,261.200000,0.000000,5400,8200,9500,10000,47000,73000,92000,94000,104000,104000,105000,25256,1,5400.0,14368.803435824437,918.2528570236173,104718.20872201351,5751.155923344948
1783343902,2000,,Aggregated,261.600000,0.000000,5400,8100,9500,10000,45000,72000,92000,94000,104000,104000,105000,25514,1,5400.0,14280.573663653473,918.2528570236173,104718.20872201351,5754.367758877479
1783343903,2000,,Aggregated,271.800000,0.000000,5400,8100,9400,10000,45000,72000,92000,93000,104000,104000,105000,25790,1,5400.0,14185.35524952669,918.2528570236173,104718.20872201351,5751.522993408298
1783343904,2000,,Aggregated,261.800000,0.000000,5300,8100,9400,10000,44000,72000,92000,93000,104000,104000,105000,26042,1,5300.0,14102.762625003043,918.2528570236173,104718.20872201351,5754.427309730436
1783343905,2000,,Aggregated,264.000000,0.000000,5300,8100,9300,10000,44000,72000,92000,93000,104000,104000,105000,26278,1,5300.0,14028.37090441894,918.2528570236173,104718.20872201351,5757.1861633305425
1783343906,2000,,Aggregated,261.800000,0.000000,5300,8100,9300,10000,44000,72000,92000,93000,104000,104000,105000,26529,1,5300.0,13950.246091762468,918.2528570236173,104718.20872201351,5759.479211429002
1783343907,2000,,Aggregated,256.900000,0.000000,5300,8000,9200,10000,44000,72000,91000,93000,104000,104000,105000,26762,1,5300.0,13879.754867577956,918.2528570236173,104718.20872201351,5759.979859502279
1783343908,2000,,Aggregated,251.600000,0.000000,5300,8000,9200,10000,43000,72000,91000,93000,104000,104000,105000,27024,1,5300.0,13800.66164919376,918.2528570236173,104718.20872201351,5760.546107164002
1783343909,2000,,Aggregated,238.200000,0.000000,5300,8000,9100,10000,43000,71000,91000,93000,104000,104000,105000,27315,1,5300.0,13714.039852641115,918.2528570236173,104718.20872201351,5764.895551894563
1783343910,2000,,Aggregated,248.800000,0.000000,5300,8000,9100,10000,43000,70000,91000,93000,104000,104000,105000,27602,1,5300.0,13634.23096282146,918.2528570236173,104718.20872201351,5786.911202086805
1783343911,2000,,Aggregated,253.600000,0.000000,5300,8000,9100,10000,43000,70000,91000,93000,104000,104000,105000,27828,1,5300.0,13565.865820813815,918.2528570236173,104718.20872201351,5771.461405778353
1783343912,2000,,Aggregated,253.900000,0.000000,5300,8000,9000,10000,43000,70000,90000,93000,104000,104000,105000,28068,1,5300.0,13498.541933265155,918.2528570236173,104718.20872201351,5775.796458600542
1783343913,2000,,Aggregated,254.600000,0.000000,5300,7900,9000,10000,43000,70000,90000,93000,104000,104000,105000,28375,1,5300.0,13414.855771419147,918.2528570236173,104718.20872201351,5785.215823788546
1783343914,2000,,Aggregated,253.300000,0.000000,5300,7900,9000,10000,43000,70000,90000,93000,104000,104000,105000,28647,1,5300.0,13338.050937250833,918.2528570236173,104718.20872201351,5783.935804796314
1783343915,2000,,Aggregated,255.500000,0.000000,5300,7900,9000,10000,43000,70000,90000,93000,104000,104000,105000,28836,1,5300.0,13285.001780079288,918.2528570236173,104718.20872201351,5778.1131918435285
1783343916,2000,,Aggregated,256.400000,0.000000,5200,7900,8900,9900,42000,70000,89000,93000,104000,104000,105000,29303,1,5200.0,13159.410841805453,918.2528570236173,104718.20872201351,5779.526840255264
1783343917,2000,,Aggregated,261.400000,0.000000,5200,7900,8900,9900,42000,70000,89000,93000,104000,104000,105000,29545,1,5200.0,13095.054963592487,918.2528570236173,104718.20872201351,5782.343577593501
1783343918,2000,,Aggregated,266.800000,0.000000,5200,7800,8900,9800,42000,70000,89000,93000,104000,104000,105000,29803,1,5200.0,13025.513977693208,918.2528570236173,104718.20872201351,5778.83414421367
1783343919,2000,,Aggregated,283.800000,0.000000,5200,7800,8800,9800,41000,70000,89000,93000,104000,104000,105000,30051,1,5200.0,12959.038396107168,918.2528570236173,104718.20872201351,5776.152973278759
1783343920,2000,,Aggregated,272.400000,0.000000,5200,7800,8800,9800,40000,69000,89000,93000,104000,104000,105000,30349,1,5200.0,12882.95099548492,918.2528570236173,104718.20872201351,5782.052028073413
1783343921,2000,,Aggregated,272.300000,0.000000,5200,7700,8800,9700,39000,69000,89000,93000,104000,104000,105000,30588,1,5200.0,12822.346442827657,918.2528570236173,104718.20872201351,5781.921864783575
1783343922,2000,,Aggregated,267.500000,0.000000,5200,7700,8700,9700,39000,69000,89000,93000,104000,104000,105000,30821,1,5200.0,12764.810472492489,918.2528570236173,104718.20872201351,5778.834139061029
1783343924,2000,,Aggregated,270.200000,0.000000,5200,7700,8700,9700,37000,69000,89000,93000,104000,104000,105000,31071,1,5200.0,12704.993749926836,918.2528570236173,104718.20872201351,5777.823243538991
1783343925,2000,,Aggregated,266.800000,0.000000,5200,7600,8700,9600,35000,69000,89000,93000,104000,104000,105000,31461,1,5200.0,12617.724854323922,918.2528570236173,104718.20872201351,5786.736022376911
1783343926,2000,,Aggregated,258.100000,0.000000,5200,7600,8700,9600,34000,69000,89000,93000,104000,104000,105000,31722,1,5200.0,12557.846056610579,918.2528570236173,104718.20872201351,5785.082529474813
1783343927,2000,,Aggregated,265.500000,0.000000,5100,7600,8700,9500,34000,69000,88000,93000,104000,104000,105000,31996,1,5100.0,12496.432362416852,918.2528570236173,104718.20872201351,5784.269314914364
1783343928,2000,,Aggregated,261.000000,0.000000,5100,7600,8600,9500,34000,69000,88000,93000,104000,104000,105000,32238,1,5100.0,12444.965134725886,918.2528570236173,104718.20872201351,5791.949872820895
1783343929,2000,,Aggregated,259.000000,0.000000,5100,7600,8600,9400,33000,69000,88000,93000,104000,104000,105000,32505,1,5100.0,12388.252445234639,918.2528570236173,104718.20872201351,5795.909983079526
1783343930,2000,,Aggregated,260.900000,0.000000,5100,7500,8600,9400,33000,69000,88000,93000,104000,104000,105000,32810,1,5100.0,12323.374304106128,918.2528570236173,104718.20872201351,5798.600030478513
1783343931,2000,,Aggregated,256.300000,0.000000,5100,7500,8600,9300,33000,69000,87000,93000,104000,104000,105000,33059,1,5100.0,12271.28414638834,918.2528570236173,104718.20872201351,5801.985057019268
1783343932,2000,,Aggregated,265.000000,0.000000,5100,7500,8600,9300,33000,68000,86000,93000,104000,104000,105000,33306,1,5100.0,12219.985850046143,918.2528570236173,104718.20872201351,5803.3715546748335
1783343933,2000,,Aggregated,261.400000,0.000000,5100,7500,8600,9300,32000,68000,86000,93000,104000,104000,105000,33524,1,5100.0,12175.870356286096,918.2528570236173,104718.20872201351,5799.397983534184
1783343934,2000,,Aggregated,260.900000,0.000000,5100,7500,8500,9200,31000,68000,86000,93000,104000,104000,105000,33805,1,5100.0,12121.226914233172,918.2528570236173,104718.20872201351,5803.855169353646
1783343935,2000,,Aggregated,250.200000,0.000000,5100,7400,8500,9200,31000,67000,86000,93000,104000,104000,105000,34065,1,5100.0,12071.102060656782,918.2528570236173,104718.20872201351,5808.2330544547185
1783343936,2000,,Aggregated,267.500000,0.000000,5100,7400,8500,9200,30000,66000,86000,93000,104000,104000,105000,34313,1,5100.0,12023.876573489997,918.2528570236173,104718.20872201351,5809.581995162183
1783343937,2000,,Aggregated,259.500000,0.000000,5100,7400,8500,9200,30000,66000,85000,93000,104000,104000,105000,34576,1,5100.0,11976.278279385086,918.2528570236173,104718.20872201351,5816.199473623323
1783343938,2000,,Aggregated,258.100000,0.000000,5100,7400,8500,9100,30000,66000,85000,93000,104000,104000,105000,34815,1,5100.0,11932.544824829116,918.2528570236173,104718.20872201351,5818.861410311647
1783343939,2000,,Aggregated,257.500000,0.000000,5100,7400,8500,9100,29000,64000,85000,93000,104000,104000,105000,35057,1,5100.0,11889.813265855448,918.2528570236173,104718.20872201351,5818.590352853924
1783343940,2000,,Aggregated,256.300000,0.000000,5100,7400,8500,9100,29000,63000,85000,93000,104000,104000,105000,35336,1,5100.0,11840.979115956281,918.2528570236173,104718.20872201351,5819.730303373331
1783343941,2000,,Aggregated,256.000000,0.000000,5100,7300,8500,9100,29000,63000,85000,93000,104000,104000,105000,35596,1,5100.0,11795.953844208034,918.2528570236173,104718.20872201351,5823.739746038881
1783343942,2000,,Aggregated,251.900000,0.000000,5100,7300,8500,9000,28000,63000,85000,93000,104000,104000,105000,35809,1,5100.0,11759.509825920113,918.2528570236173,104718.20872201351,5825.638470775503
1783343943,2000,,Aggregated,252.900000,0.000000,5100,7300,8500,9000,24000,63000,85000,93000,104000,104000,105000,36214,1,5100.0,11690.382027069576,918.2528570236173,104718.20872201351,5819.8592257138125
1783343944,2000,,Aggregated,255.400000,0.000000,5100,7300,8500,9000,23000,63000,85000,93000,104000,104000,105000,36471,1,5100.0,11647.61257766034,918.2528570236173,104718.20872201351,5823.184776946066
1783343945,2000,,Aggregated,267.900000,0.000000,5100,7200,8400,9000,23000,63000,85000,93000,104000,104000,105000,36705,1,5100.0,11608.302243086913,918.2528570236173,104718.20872201351,5823.66879171775
1783343946,2000,,Aggregated,259.700000,0.000000,5100,7200,8400,9000,23000,63000,85000,93000,104000,104000,105000,36984,1,5100.0,11561.131716940034,918.2528570236173,104718.20872201351,5822.666882976422
1783343947,2000,,Aggregated,257.000000,0.000000,5100,7100,8400,9000,23000,62000,85000,93000,104000,104000,105000,37281,1,5100.0,11511.282801552012,918.2528570236173,104718.20872201351,5824.822510125801
1783343948,2000,,Aggregated,259.800000,0.000000,5100,7100,8400,8900,22000,62000,85000,93000,104000,104000,105000,37550,1,5100.0,11466.998409980202,918.2528570236173,104718.20872201351,5827.255712383489
1783343949,2000,,Aggregated,260.400000,0.000000,5100,7100,8400,8900,21000,62000,84000,93000,104000,104000,105000,37805,1,5100.0,11425.076700178273,918.2528570236173,104718.20872201351,5823.725459595292
1783343950,2000,,Aggregated,266.100000,0.000000,5100,7000,8400,8900,21000,62000,84000,93000,104000,104000,105000,38072,1,5100.0,11382.614790582971,918.2528570236173,104718.20872201351,5827.327300903551
1783343951,2000,,Aggregated,266.300000,0.000000,5000,7000,8400,8900,20000,62000,84000,93000,104000,104000,105000,38258,1,5000.0,11352.79053702556,918.2528570236173,104718.20872201351,5827.773354592504
1783343952,2000,,Aggregated,264.600000,0.000000,5000,6900,8400,8900,20000,61000,84000,93000,104000,104000,105000,38659,1,5000.0,11290.77645845866,918.2528570236173,104718.20872201351,5825.479551980134
1783343953,2000,,Aggregated,265.000000,0.000000,5000,6900,8400,8900,19000,61000,83000,93000,104000,104000,105000,38937,1,5000.0,11249.887325882231,918.2528570236173,104718.20872201351,5829.725043018208
1783343954,2000,,Aggregated,256.900000,0.000000,5000,6900,8400,8800,18000,60000,83000,93000,104000,104000,105000,39183,1,5000.0,11214.803044396629,918.2528570236173,104718.20872201351,5835.813643672001
1783343955,2000,,Aggregated,260.600000,0.000000,5000,6900,8300,8800,17000,60000,83000,93000,104000,104000,105000,39501,1,5000.0,11167.49952808343,918.2528570236173,104718.20872201351,5837.317181843498
1783343956,2000,,Aggregated,263.800000,0.000000,5000,6800,8300,8800,16000,60000,83000,93000,104000,104000,105000,39769,1,5000.0,11127.985542255303,918.2528570236173,104718.20872201351,5835.730292438834
1783343957,2000,,Aggregated,261.900000,0.000000,5000,6800,8300,8800,16000,60000,83000,93000,104000,104000,105000,40014,1,5000.0,11092.780568159296,918.2528570236173,104718.20872201351,5834.712975458589
1783343958,2000,,Aggregated,264.900000,0.000000,5000,6800,8300,8800,15000,59000,83000,93000,104000,104000,105000,40251,1,5000.0,11058.596605470142,918.2528570236173,104718.20872201351,5832.561998459666
1783343959,2000,,Aggregated,264.400000,0.000000,5000,6700,8300,8800,15000,59000,83000,93000,104000,104000,105000,40478,1,5000.0,11026.932612214521,918.2528570236173,104718.20872201351,5831.2904046642625
1783343960,2000,,Aggregated,260.800000,0.000000,5000,6700,8300,8700,15000,59000,83000,93000,104000,104000,105000,40723,1,5000.0,10993.539196427415,918.2528570236173,104718.20872201351,5828.448763597967
1783343962,2000,,Aggregated,256.900000,0.000000,5000,6700,8300,8700,14000,59000,83000,93000,104000,104000,105000,40842,1,5000.0,10977.671034420267,918.2528570236173,104718.20872201351,5828.105381714901
1783343963,2000,,Aggregated,254.900000,0.000000,5000,6600,8300,8700,14000,58000,83000,92000,104000,104000,105000,41335,1,5000.0,10918.29386808567,918.2528570236173,104718.20872201351,5821.791992258377
1783343964,2000,,Aggregated,246.400000,0.000000,5000,6600,8300,8700,14000,58000,83000,92000,104000,104000,105000,41572,1,5000.0,10889.534385891004,918.2528570236173,104718.20872201351,5820.101967670547
1783343965,2000,,Aggregated,256.900000,0.000000,5000,6600,8300,8700,13000,58000,83000,92000,104000,104000,105000,41841,1,5000.0,10858.030887550294,918.2528570236173,104718.20872201351,5822.6240768624075
1783343966,2000,,Aggregated,249.600000,0.000000,5000,6600,8300,8700,13000,58000,83000,92000,104000,104000,105000,42103,1,5000.0,10828.756494749512,918.2528570236173,104718.20872201351,5833.815903854832
1783343967,2000,,Aggregated,251.600000,0.000000,5000,6500,8300,8700,13000,58000,83000,92000,104000,104000,105000,42340,1,5000.0,10798.0361739636,918.2528570236173,104718.20872201351,5826.597756258857
1783343968,2000,,Aggregated,250.300000,0.000000,5000,6500,8300,8700,13000,58000,83000,92000,104000,104000,105000,42570,1,5000.0,10770.359447787334,918.2528570236173,104718.20872201351,5823.9032887009635
1783343969,2000,,Aggregated,247.000000,0.000000,5000,6500,8300,8700,12000,57000,83000,92000,104000,104000,105000,42805,1,5000.0,10743.123469069009,918.2528570236173,104718.20872201351,5824.086391776662
1783343970,2000,,Aggregated,244.600000,0.000000,5000,6500,8300,8700,12000,57000,83000,92000,104000,104000,105000,43070,1,5000.0,10712.850530016989,918.2528570236173,104718.20872201351,5824.843046203854
1783343971,2000,,Aggregated,243.900000,0.000000,5000,6500,8300,8700,12000,57000,83000,92000,104000,104000,105000,43282,1,5000.0,10687.565354477962,918.2528570236173,104718.20872201351,5819.681784575574
1783343972,2000,,Aggregated,247.200000,0.000000,5000,6500,8300,8700,12000,57000,83000,92000,104000,104000,105000,43546,1,5000.0,10659.936127570365,918.2528570236173,104718.20872201351,5821.303219583889
1783343973,2000,,Aggregated,245.800000,0.000000,5000,6500,8300,8700,11000,56000,83000,92000,104000,104000,105000,43837,1,5000.0,10630.596920454125,918.2528570236173,104718.20872201351,5820.813901498734
1783343974,2000,,Aggregated,258.600000,0.000000,5000,6400,8300,8700,11000,56000,83000,92000,104000,104000,105000,44093,1,5000.0,10601.894885607611,918.2528570236173,104718.20872201351,5818.034449912685
1783343975,2000,,Aggregated,233.700000,0.000000,5000,6400,8300,8700,11000,56000,83000,92000,104000,104000,105000,44413,1,5000.0,10566.275305037932,918.2528570236173,104718.20872201351,5819.177605656002
1783343976,2000,,Aggregated,250.500000,0.000000,5000,6400,8300,8700,11000,55000,82000,92000,104000,104000,105000,44743,1,5000.0,10532.129570591716,918.2528570236173,104718.20872201351,5837.193281630646
1783343977,2000,,Aggregated,254.400000,0.000000,5000,6400,8300,8700,11000,55000,82000,92000,104000,104000,105000,44951,1,5000.0,10506.177274039665,918.2528570236173,104718.20872201351,5829.980979288559
1783343978,2000,,Aggregated,253.800000,0.000000,5000,6400,8200,8700,11000,53000,82000,92000,104000,104000,105000,45195,1,5000.0,10477.15978173442,918.2528570236173,104718.20872201351,5829.398473282443
1783343979,2000,,Aggregated,259.200000,0.000000,5000,6400,8200,8700,11000,53000,82000,92000,104000,104000,105000,45405,1,5000.0,10452.528381201328,918.2528570236173,104718.20872201351,5826.432529457108
1783343980,2000,,Aggregated,257.000000,0.000000,5000,6300,8200,8700,11000,53000,82000,92000,104000,104000,105000,45684,1,5000.0,10421.267818060904,918.2528570236173,104718.20872201351,5825.4421022677525
1783343981,2000,,Aggregated,258.300000,0.000000,5000,6300,8200,8700,11000,53000,82000,92000,104000,104000,105000,45886,1,5000.0,10399.1559734296,918.2528570236173,104718.20872201351,5824.01542954278
1783343982,2000,,Aggregated,257.800000,0.000000,5000,6300,8200,8600,11000,53000,82000,92000,104000,104000,105000,46156,1,5000.0,10372.047258175204,918.2528570236173,104718.20872201351,5825.755156426034
1783343983,2000,,Aggregated,257.800000,0.000000,5000,6300,8200,8600,11000,53000,82000,92000,104000,104000,105000,46372,1,5000.0,10350.258369763402,918.2528570236173,104718.20872201351,5823.279716208057
1783343984,2000,,Aggregated,261.500000,0.000000,5000,6300,8200,8600,11000,53000,82000,92000,104000,104000,105000,46812,1,5000.0,10308.375819556259,918.2528570236173,104718.20872201351,5822.6277450226435
1783343986,2000,,Aggregated,269.700000,0.000000,5000,6300,8200,8600,11000,53000,82000,92000,104000,104000,105000,47108,1,5000.0,10280.238976155897,918.2528570236173,104718.20872201351,5824.809586482126
1783343987,2000,,Aggregated,254.100000,0.000000,5000,6300,8200,8600,11000,52000,82000,92000,104000,104000,105000,47345,1,5000.0,10257.396630464567,918.2528570236173,104718.20872201351,5825.507846657514
1783343988,2000,,Aggregated,255.600000,0.000000,5000,6300,8200,8600,11000,52000,82000,92000,104000,104000,105000,47598,1,5000.0,10232.80504031102,918.2528570236173,104718.20872201351,5829.313689650826
1783343989,2000,,Aggregated,249.200000,0.000000,5000,6300,8200,8600,11000,52000,82000,92000,104000,104000,105000,47864,1,5000.0,10206.834976586351,918.2528570236173,104718.20872201351,5828.178923616914
1783343990,2000,,Aggregated,253.600000,0.000000,5000,6300,8200,8600,11000,50000,82000,92000,104000,104000,105000,48115,1,5000.0,10181.61960004348,918.2528570236173,104718.20872201351,5826.765748727008
1783343991,2000,,Aggregated,257.200000,0.000000,5000,6300,8200,8600,11000,50000,82000,92000,104000,104000,105000,48376,1,5000.0,10155.790051711196,918.2528570236173,104718.20872201351,5827.593186704151
1783343992,2000,,Aggregated,256.700000,0.000000,5000,6200,8200,8600,11000,50000,82000,92000,104000,104000,105000,48615,1,5000.0,10131.977396611614,918.2528570236173,104718.20872201351,5824.146004319655
1783343993,2000,,Aggregated,259.300000,0.000000,5000,6200,8200,8600,11000,50000,82000,92000,104000,104000,105000,48863,1,5000.0,10109.353777259867,918.2528570236173,104718.20872201351,5826.281726459693
1783343994,2000,,Aggregated,256.400000,0.000000,5000,6200,8200,8600,11000,49000,82000,92000,104000,104000,105000,49131,1,5000.0,10084.363013596854,918.2528570236173,104718.20872201351,5823.471677759459
1783343995,2000,,Aggregated,256.400000,0.000000,5000,6200,8200,8600,11000,48000,82000,92000,104000,104000,105000,49235,1,5000.0,10074.968131121805,918.2528570236173,104718.20872201351,5824.394333299482
1783343996,2000,,Aggregated,274.300000,0.000000,5000,6200,8200,8600,11000,48000,82000,92000,104000,104000,105000,49673,1,5000.0,10038.045284023223,918.2528570236173,104718.20872201351,5829.2474986411125
1783343997,2000,,Aggregated,242.200000,0.000000,5000,6200,8200,8600,10000,48000,82000,92000,104000,104000,105000,49972,1,5000.0,10011.892973859816,918.2528570236173,104718.20872201351,5830.121888257424
1783343998,2000,,Aggregated,251.000000,0.000000,5000,6200,8200,8600,10000,48000,82000,92000,104000,104000,105000,50237,1,5000.0,9989.319533135436,918.2528570236173,104718.20872201351,5830.915480621852
1783343999,2000,,Aggregated,257.800000,0.000000,5000,6200,8200,8600,10000,47000,82000,92000,104000,104000,105000,50488,1,5000.0,9967.530436073337,918.2528570236173,104718.20872201351,5833.965001584535
1783344000,2000,,Aggregated,258.500000,0.000000,5000,6200,8200,8600,10000,47000,82000,92000,104000,104000,105000,50711,1,5000.0,9947.75960276608,918.2528570236173,104718.20872201351,5830.639309025655
1783344001,2000,,Aggregated,258.800000,0.000000,5000,6100,8200,8600,10000,45000,82000,92000,104000,104000,105000,50974,1,5000.0,9924.337724194102,918.2528570236173,104718.20872201351,5826.9018911602
1783344002,2000,,Aggregated,255.300000,0.000000,5000,6100,8200,8600,10000,45000,82000,92000,104000,104000,105000,51241,1,5000.0,9899.954921994899,918.2528570236173,104718.20872201351,5823.877851720302
1783344003,2000,,Aggregated,255.400000,0.000000,5000,6100,8200,8600,10000,45000,82000,92000,104000,104000,105000,51512,1,5000.0,9876.00430898539,918.2528570236173,104718.20872201351,5821.566489361702
1783344004,2000,,Aggregated,257.900000,0.000000,5000,6100,8200,8500,10000,45000,82000,92000,104000,104000,105000,51767,1,5000.0,9854.262412111533,918.2528570236173,104718.20872201351,5819.275040083451
1783344005,2000,,Aggregated,261.200000,0.000000,5000,6100,8100,8500,10000,44000,81000,92000,104000,104000,105000,52076,1,5000.0,9829.734378775496,918.2528570236173,104718.20872201351,5824.420923265996
1783344006,2000,,Aggregated,258.800000,0.000000,5000,6100,8100,8500,10000,44000,81000,92000,104000,104000,105000,52219,1,5000.0,9817.418326075749,918.2528570236173,104718.20872201351,5823.546142208775
1783344007,2000,,Aggregated,275.100000,0.000000,5000,6100,8100,8500,10000,44000,81000,92000,104000,104000,105000,52687,1,5000.0,9778.649845081734,918.2528570236173,104718.20872201351,5820.975325981742
1783344008,2000,,Aggregated,260.000000,0.000000,5000,6100,8100,8500,10000,44000,81000,92000,104000,104000,105000,52977,1,5000.0,9754.23862229379,918.2528570236173,104718.20872201351,5821.200520980803
1783344009,2000,,Aggregated,263.300000,0.000000,5000,6100,8100,8500,10000,44000,81000,92000,104000,104000,105000,53280,1,5000.0,9730.955186793934,918.2528570236173,104718.20872201351,5834.481343843844
1783344010,2000,,Aggregated,264.900000,0.000000,5000,6100,8100,8500,10000,44000,81000,91000,104000,104000,105000,53464,1,5000.0,9712.738251624589,918.2528570236173,104718.20872201351,5823.691979649858
1783344011,2000,,Aggregated,265.900000,0.000000,5000,6100,8100,8500,10000,44000,81000,91000,104000,104000,105000,53742,1,5000.0,9689.22091846035,918.2528570236173,104718.20872201351,5821.870101596517
1783344012,2000,,Aggregated,271.000000,0.000000,5000,6000,8100,8500,10000,43000,81000,91000,104000,104000,105000,54001,1,5000.0,9667.739997841378,918.2528570236173,104718.20872201351,5820.428103183274
1783344013,2000,,Aggregated,267.100000,0.000000,5000,6000,8100,8500,10000,43000,80000,91000,104000,104000,105000,54264,1,5000.0,9644.713371415914,918.2528570236173,104718.20872201351,5812.793343653251
1783344014,2000,,Aggregated,268.300000,0.000000,5000,6000,8100,8500,10000,43000,80000,91000,104000,104000,105000,54489,1,5000.0,9626.781842906646,918.2528570236173,104718.20872201351,5808.6365872010865
1783344015,2000,,Aggregated,267.400000,0.000000,5000,6000,8100,8500,10000,43000,80000,91000,104000,104000,105000,54757,1,5000.0,9606.82561007303,918.2528570236173,104718.20872201351,5807.983508957759
1783344016,2000,,Aggregated,266.800000,0.000000,5000,6000,8100,8500,10000,43000,80000,91000,104000,104000,105000,55007,1,5000.0,9589.277442689336,918.2528570236173,104718.20872201351,5810.146235933608
1783344018,2000,,Aggregated,262.200000,0.000000,5000,6000,8100,8500,10000,43000,80000,91000,104000,104000,105000,55230,1,5000.0,9573.502288347612,918.2528570236173,104718.20872201351,5809.693934455911
1783344019,2000,,Aggregated,257.200000,0.000000,5000,6000,8100,8500,10000,43000,80000,91000,104000,104000,105000,55658,1,5000.0,9544.595935956177,918.2528570236173,104718.20872201351,5808.578497251069
1783344020,2000,,Aggregated,240.200000,0.000000,5000,6000,8100,8500,10000,43000,80000,91000,104000,104000,105000,55919,1,5000.0,9527.426675116143,918.2528570236173,104718.20872201351,5810.734508843148
1783344021,2000,,Aggregated,252.900000,0.000000,5000,6000,8100,8500,10000,43000,80000,90000,103000,104000,105000,56193,1,5000.0,9509.214666049911,918.2528570236173,104718.20872201351,5811.327549694802
1783344022,2000,,Aggregated,251.900000,0.000000,5000,6000,8100,8500,10000,43000,80000,90000,103000,104000,105000,56478,1,5000.0,9487.908064007326,918.2528570236173,104718.20872201351,5808.924395339778
1783344023,2000,,Aggregated,256.700000,0.000000,5000,6000,8100,8500,10000,43000,80000,90000,103000,104000,105000,56750,1,5000.0,9468.164672271516,918.2528570236173,104718.20872201351,5807.6776387665195
1783344024,2000,,Aggregated,258.300000,0.000000,5000,6000,8100,8500,10000,43000,80000,90000,103000,104000,105000,57028,1,5000.0,9448.07451416221,918.2528570236173,104718.20872201351,5808.715701059129
1783344025,2000,,Aggregated,259.100000,0.000000,5000,6000,8100,8500,10000,43000,79000,90000,103000,104000,105000,57294,1,5000.0,9428.355521865324,918.2528570236173,104718.20872201351,5807.053810172095
1783344026,2000,,Aggregated,260.600000,0.000000,5000,6000,8100,8400,10000,43000,79000,90000,103000,104000,105000,57544,1,5000.0,9409.726391324575,918.2528570236173,104718.20872201351,5803.586924787988
1783344027,2000,,Aggregated,265.300000,0.000000,5000,6000,8100,8400,10000,43000,77000,90000,103000,104000,105000,57789,1,5000.0,9392.244524812182,918.2528570236173,104718.20872201351,5803.629462354427
1783344028,2000,,Aggregated,264.600000,0.000000,5000,5900,8000,8400,10000,42000,75000,90000,103000,104000,105000,58072,1,5000.0,9372.281499007662,918.2528570236173,104718.20872201351,5803.925850668136
1783344029,2000,,Aggregated,264.600000,0.000000,4900,5900,8000,8400,10000,42000,75000,89000,103000,104000,105000,58317,1,4900.0,9354.92536294797,918.2528570236173,104718.20872201351,5802.7261347463
1783344030,2000,,Aggregated,281.100000,0.000000,4900,5900,8000,8400,10000,42000,74000,89000,103000,104000,105000,58775,1,4900.0,9326.229950340085,918.2528570236173,104718.20872201351,5808.235099957465
1783344031,2000,,Aggregated,266.700000,0.000000,4900,5900,8000,8400,10000,42000,73000,89000,103000,104000,105000,59047,1,4900.0,9307.737574274874,918.2528570236173,104718.20872201351,5805.401324368723
1783344032,2000,,Aggregated,263.800000,0.000000,4900,5900,8000,8400,9900,42000,73000,89000,103000,104000,105000,59372,1,4900.0,9288.534820493862,918.2528570236173,104718.20872201351,5819.395287340834
1783344033,2000,,Aggregated,266.500000,0.000000,4900,5900,8000,8400,9900,42000,73000,89000,103000,104000,105000,59577,1,4900.0,9271.515445456474,918.2528570236173,104718.20872201351,5805.794115178676
1783344034,2000,,Aggregated,264.800000,0.000000,4900,5900,8000,8400,9900,41000,73000,89000,103000,104000,105000,59890,1,4900.0,9250.76467708353,918.2528570236173,104718.20872201351,5809.926498580731
1783344035,2000,,Aggregated,268.000000,0.000000,4900,5900,8000,8400,9900,40000,73000,89000,103000,104000,105000,60160,1,4900.0,9232.330799840061,918.2528570236173,104718.20872201351,5810.752460106383
1783344036,2000,,Aggregated,265.900000,0.000000,4900,5900,8000,8400,9900,40000,73000,89000,103000,104000,105000,60413,1,4900.0,9214.533966367973,918.2528570236173,104718.20872201351,5808.874877923626
1783344037,2000,,Aggregated,267.900000,0.000000,4900,5900,8000,8400,9900,40000,73000,89000,103000,104000,105000,60665,1,4900.0,9196.717422543186,918.2528570236173,104718.20872201351,5806.782741284102
1783344038,2000,,Aggregated,270.000000,0.000000,4900,5900,8000,8400,9900,39000,73000,89000,103000,104000,105000,60974,1,4900.0,9176.549937493415,918.2528570236173,104718.20872201351,5807.46854396956
1783344039,2000,,Aggregated,269.700000,0.000000,4900,5900,8000,8400,9900,39000,73000,89000,103000,104000,105000,61238,1,4900.0,9159.044069783928,918.2528570236173,104718.20872201351,5807.343740814527
1783344041,2000,,Aggregated,268.100000,0.000000,4900,5900,8000,8400,9800,39000,73000,89000,103000,104000,105000,61453,1,4900.0,9145.46619396982,918.2528570236173,104718.20872201351,5807.598213268677
1783344042,2000,,Aggregated,275.000000,0.000000,4900,5900,8000,8400,9800,37000,73000,89000,103000,104000,105000,61896,1,4900.0,9119.767836690893,918.2528570236173,104718.20872201351,5807.139007367196
1783344043,2000,,Aggregated,262.600000,0.000000,4900,5900,8000,8400,9800,37000,73000,89000,103000,104000,105000,62164,1,4900.0,9103.482550958048,918.2528570236173,104718.20872201351,5805.484235248697
1783344044,2000,,Aggregated,268.600000,0.000000,4900,5900,8000,8400,9800,37000,73000,89000,103000,104000,105000,62432,1,4900.0,9086.880407366472,918.2528570236173,104718.20872201351,5801.662448744234
1783344045,2000,,Aggregated,263.100000,0.000000,4900,5900,8000,8400,9800,36000,73000,89000,103000,104000,105000,62730,1,4900.0,9068.529040591236,918.2528570236173,104718.20872201351,5802.587406344652
1783344046,2000,,Aggregated,265.900000,0.000000,4900,5800,7900,8400,9700,35000,73000,89000,103000,104000,105000,62989,1,4900.0,9053.295383516275,918.2528570236173,104718.20872201351,5804.261537728809
1783344047,2000,,Aggregated,269.100000,0.000000,4900,5800,7900,8300,9700,34000,73000,89000,103000,104000,105000,63238,1,4900.0,9038.730902620611,918.2528570236173,104718.20872201351,5805.159208071096
1783344048,2000,,Aggregated,264.700000,0.000000,4900,5800,7900,8300,9700,34000,73000,89000,103000,104000,105000,63473,1,4900.0,9024.696752684755,918.2528570236173,104718.20872201351,5804.530902903597
1783344049,2000,,Aggregated,264.900000,0.000000,4900,5800,7900,8300,9700,34000,72000,89000,103000,104000,105000,63712,1,4900.0,9010.602357130983,918.2528570236173,104718.20872201351,5803.731997112004
1783344050,2000,,Aggregated,262.600000,0.000000,4900,5800,7900,8300,9700,34000,72000,88000,103000,104000,105000,63946,1,4900.0,8997.779353285232,918.2528570236173,104718.20872201351,5804.117958902824
1783344051,2000,,Aggregated,258.200000,0.000000,4900,5800,7900,8300,9700,34000,72000,88000,103000,104000,105000,64251,1,4900.0,8982.020627023458,918.2528570236173,104718.20872201351,5803.770462716534
1783344052,2000,,Aggregated,255.800000,0.000000,4900,5800,7900,8300,9700,34000,72000,88000,103000,104000,105000,64532,1,4900.0,8967.139992117221,918.2528570236173,104718.20872201351,5801.772608938201
1783344053,2000,,Aggregated,264.000000,0.000000,4900,5800,7900,8300,9700,33000,72000,88000,103000,104000,105000,64657,1,4900.0,8960.454659398934,918.2528570236173,104718.20872201351,5801.745611457382
1783344054,2000,,Aggregated,262.500000,0.000000,4900,5800,7900,8300,9600,33000,72000,88000,103000,104000,105000,65163,1,4900.0,8935.518059004933,918.2528570236173,104718.20872201351,5801.8768165983765
1783344055,2000,,Aggregated,261.400000,0.000000,4900,5800,7900,8300,9600,33000,72000,88000,103000,104000,105000,65402,1,4900.0,8923.291314574959,918.2528570236173,104718.20872201351,5804.897220268494
1783344056,2000,,Aggregated,255.400000,0.000000,4900,5800,7900,8300,9600,33000,72000,88000,103000,104000,105000,65733,1,4900.0,8907.209509846158,918.2528570236173,104718.20872201351,5814.376568846698
1783344057,2000,,Aggregated,256.100000,0.000000,4900,5800,7900,8300,9600,33000,72000,88000,103000,104000,105000,65945,1,4900.0,8892.40101232386,918.2528570236173,104718.20872201351,5802.16647206005
1783344058,2000,,Aggregated,258.900000,0.000000,4900,5800,7900,8300,9600,33000,72000,87000,103000,104000,105000,66230,1,4900.0,8877.823455368974,918.2528570236173,104718.20872201351,5807.658145855353
1783344059,2000,,Aggregated,263.900000,0.000000,4900,5800,7900,8300,9600,33000,72000,86000,103000,104000,105000,66486,1,4900.0,8863.611960472905,918.2528570236173,104718.20872201351,5807.352314773035
1783344060,2000,,Aggregated,263.400000,0.000000,4900,5800,7900,8300,9600,32000,72000,86000,103000,104000,105000,66716,1,4900.0,8850.488197560642,918.2528570236173,104718.20872201351,5805.298324240062
1783344061,2000,,Aggregated,264.900000,0.000000,4900,5800,7900,8300,9600,32000,72000,86000,103000,104000,105000,66974,1,4900.0,8836.528852723808,918.2528570236173,104718.20872201351,5803.360886314092
1783344062,2000,,Aggregated,266.700000,0.000000,4900,5800,7900,8300,9500,31000,72000,86000,103000,104000,105000,67260,1,4900.0,8821.819064609323,918.2528570236173,104718.20872201351,5803.654088611359
1783344063,2000,,Aggregated,263.500000,0.000000,4900,5800,7900,8300,9500,31000,72000,86000,103000,104000,105000,67510,1,4900.0,8808.860076716299,918.2528570236173,104718.20872201351,5803.785024440824
1783344064,2000,,Aggregated,258.900000,0.000000,4900,5800,7900,8300,9500,31000,72000,86000,103000,104000,105000,67774,1,4900.0,8796.740840075989,918.2528570236173,104718.20872201351,5807.184672588308
1783344066,2000,,Aggregated,264.600000,0.000000,4900,5800,7900,8300,9500,31000,72000,86000,103000,104000,105000,67922,1,4900.0,8789.056834381412,918.2528570236173,104718.20872201351,5805.663864432731
1783344067,2000,,Aggregated,260.400000,0.000000,4900,5800,7900,8300,9500,30000,71000,86000,103000,104000,105000,68404,1,4900.0,8767.573100893966,918.2528570236173,104718.20872201351,5807.813344248874
1783344068,2000,,Aggregated,248.000000,0.000000,4900,5800,7900,8300,9500,30000,71000,86000,103000,104000,105000,68664,1,4900.0,8754.354765429936,918.2528570236173,104718.20872201351,5807.251208784807
1783344069,2000,,Aggregated,258.300000,0.000000,4900,5800,7900,8300,9500,30000,70000,85000,103000,104000,105000,69006,1,4900.0,8740.918996876873,918.2528570236173,104718.20872201351,5821.56732747877
1783344070,2000,,Aggregated,261.200000,0.000000,4900,5800,7900,8300,9500,30000,70000,85000,103000,104000,105000,69228,1,4900.0,8726.968358245806,918.2528570236173,104718.20872201351,5810.587536834807
1783344071,2000,,Aggregated,261.700000,0.000000,4900,5800,7900,8300,9400,30000,70000,85000,103000,104000,105000,69496,1,4900.0,8714.075318044263,918.2528570236173,104718.20872201351,5812.593602509497
1783344072,2000,,Aggregated,264.400000,0.000000,4900,5700,7900,8300,9400,30000,70000,85000,103000,104000,105000,69736,1,4900.0,8702.056458360626,918.2528570236173,104718.20872201351,5811.371773545945
1783344073,2000,,Aggregated,267.700000,0.000000,4900,5700,7900,8300,9400,29000,70000,85000,103000,104000,105000,69997,1,4900.0,8688.706000099839,918.2528570236173,104718.20872201351,5809.435561524066
1783344074,2000,,Aggregated,267.000000,0.000000,4900,5700,7900,8300,9400,29000,70000,85000,103000,104000,105000,70201,1,4900.0,8678.350111343136,918.2528570236173,104718.20872201351,5805.031167647185
1783344075,2000,,Aggregated,262.300000,0.000000,4900,5700,7900,8300,9400,29000,70000,85000,103000,104000,105000,70450,1,4900.0,8667.235538345498,918.2528570236173,104718.20872201351,5804.183903477644
1783344076,2000,,Aggregated,261.800000,0.000000,4900,5700,7900,8300,9400,29000,70000,85000,103000,104000,105000,70705,1,4900.0,8656.602387130977,918.2528570236173,104718.20872201351,5803.931051552224
1783344077,2000,,Aggregated,257.100000,0.000000,4900,5700,7900,8300,9400,29000,70000,85000,103000,104000,105000,70995,1,4900.0,8643.604248972846,918.2528570236173,104718.20872201351,5800.888499190084
1783344078,2000,,Aggregated,269.900000,0.000000,4900,5700,7900,8300,9400,29000,70000,85000,103000,104000,105000,71267,1,4900.0,8632.684225392732,918.2528570236173,104718.20872201351,5801.273955687766
1783344080,2000,,Aggregated,258.500000,0.000000,4900,5700,7900,8300,9400,28000,70000,85000,103000,104000,105000,71445,1,4900.0,8625.705250159159,918.2528570236173,104718.20872201351,5801.80926586885
1783344081,2000,,Aggregated,255.900000,0.000000,4900,5700,7900,8300,9400,24000,70000,85000,103000,104000,105000,72082,1,4900.0,8603.9912947152,918.2528570236173,104718.20872201351,5801.861574318138
1783344082,2000,,Aggregated,229.300000,0.000000,4900,5700,7900,8300,9400,24000,70000,85000,103000,104000,105000,72342,1,4900.0,8592.059466446011,918.2528570236173,104718.20872201351,5799.4618617124215
1783344083,2000,,Aggregated,252.600000,0.000000,4900,5700,7900,8300,9400,23000,70000,85000,103000,104000,105000,72671,1,4900.0,8580.05826740988,918.2528570236173,104718.20872201351,5814.538137633995
1783344084,2000,,Aggregated,258.100000,0.000000,4900,5700,7800,8300,9300,23000,70000,85000,103000,104000,105000,72886,1,4900.0,8566.589296041757,918.2528570236173,104718.20872201351,5804.189885574733
1783344085,2000,,Aggregated,269.200000,0.000000,4900,5700,7800,8200,9300,23000,70000,85000,103000,104000,105000,73125,1,4900.0,8554.958870822426,918.2528570236173,104718.20872201351,5803.310947008547
1783344086,2000,,Aggregated,265.800000,0.000000,4900,5700,7800,8200,9300,23000,70000,85000,103000,104000,105000,73365,1,4900.0,8542.838418860245,918.2528570236173,104718.20872201351,5801.323015061678
1783344087,2000,,Aggregated,266.100000,0.000000,4900,5700,7800,8200,9300,23000,70000,85000,103000,104000,105000,73627,1,4900.0,8529.582945900487,918.2528570236173,104718.20872201351,5797.81350591495
1783344088,2000,,Aggregated,266.500000,0.000000,4900,5700,7800,8200,9300,23000,70000,85000,103000,104000,105000,73854,1,4900.0,8519.20598877065,918.2528570236173,104718.20872201351,5794.46059793647
1783344089,2000,,Aggregated,262.700000,0.000000,4900,5700,7800,8200,9300,23000,70000,85000,103000,104000,105000,74106,1,4900.0,8508.847643161234,918.2528570236173,104718.20872201351,5793.054826869619
1783344090,2000,,Aggregated,257.700000,0.000000,4900,5700,7800,8200,9300,23000,70000,85000,103000,104000,105000,74344,1,4900.0,8500.619414354363,918.2528570236173,104718.20872201351,5794.367090821048
1783344091,2000,,Aggregated,257.200000,0.000000,4900,5700,7800,8200,9300,23000,70000,85000,103000,104000,105000,74608,1,4900.0,8491.260829995394,918.2528570236173,104718.20872201351,5794.0991716705985
1783344092,2000,,Aggregated,279.200000,0.000000,4900,5700,7800,8200,9300,23000,70000,85000,103000,104000,105000,74848,1,4900.0,8482.500682652055,918.2528570236173,104718.20872201351,5793.0400812312955
1783344094,2000,,Aggregated,256.400000,0.000000,4900,5700,7800,8200,9300,23000,70000,85000,103000,104000,105000,74865,1,4900.0,8482.017566549415,918.2528570236173,104718.20872201351,5793.557496827623
1783344095,2000,,Aggregated,225.500000,0.000000,4900,5700,7800,8200,9300,21000,70000,84000,103000,104000,105000,75545,1,4900.0,8465.106146774373,918.2528570236173,104718.20872201351,5798.109179958965
1783344096,2000,,Aggregated,205.900000,0.000000,4900,5700,7800,8200,9300,21000,69000,84000,103000,104000,105000,75813,1,4900.0,8455.022408788807,918.2528570236173,104718.20872201351,5797.612467518763
1783344097,2000,,Aggregated,250.700000,0.000000,4900,5700,7800,8200,9300,21000,69000,84000,103000,104000,105000,76159,1,4900.0,8442.736912879047,918.2528570236173,104718.20872201351,5812.983271839179
1783344098,2000,,Aggregated,251.100000,0.000000,4900,5700,7800,8200,9300,20000,69000,84000,103000,104000,105000,76369,1,4900.0,8430.630894092243,918.2528570236173,104718.20872201351,5804.7448310178215
1783344099,2000,,Aggregated,261.300000,0.000000,4900,5700,7800,8200,9300,20000,69000,84000,103000,104000,105000,76627,1,4900.0,8420.092169089,918.2528570236173,104718.20872201351,5810.125817270675
1783344100,2000,,Aggregated,259.600000,0.000000,4900,5700,7800,8200,9300,20000,69000,84000,103000,104000,105000,76851,1,4900.0,8408.827173899164,918.2528570236173,104718.20872201351,5807.719313997215
1783344101,2000,,Aggregated,259.600000,0.000000,4900,5700,7800,8200,9300,20000,69000,84000,103000,104000,105000,76985,1,4900.0,8402.193040824777,918.2528570236173,104718.20872201351,5805.543222705722
1783344102,2000,,Aggregated,260.600000,0.000000,4900,5700,7800,8200,9300,20000,69000,84000,103000,104000,105000,77156,1,4900.0,8395.515151327094,918.2528570236173,104718.20872201351,5804.321724817253
1783344103,2000,,Aggregated,249.000000,0.000000,4900,5700,7800,8200,9300,20000,69000,84000,103000,104000,105000,77392,1,4900.0,8388.300920841335,918.2528570236173,104718.20872201351,5801.991200640893
1783344104,2000,,Aggregated,241.400000,0.000000,4900,5700,7800,8200,9300,20000,69000,83000,103000,104000,105000,77633,1,4900.0,8381.901424702957,918.2528570236173,104718.20872201351,5799.668916568985
1783344105,2000,,Aggregated,249.600000,0.000000,4900,5700,7800,8200,9300,19000,69000,83000,103000,104000,105000,77894,1,4900.0,8375.690286152636,918.2528570236173,104718.20872201351,5798.547218014224
1783344106,2000,,Aggregated,275.100000,0.000000,4900,5700,7800,8200,9200,18000,69000,83000,103000,104000,105000,78102,1,4900.0,8370.2467202339,918.2528570236173,104718.20872201351,5793.085132262938
1783344108,2000,,Aggregated,227.900000,0.000000,4900,5700,7800,8200,9300,18000,69000,83000,103000,104000,105000,78264,1,4900.0,8366.762504371978,918.2528570236173,104718.20872201351,5791.495119084126
1783344109,2000,,Aggregated,212.100000,0.000000,4900,5800,7800,8200,9300,17000,69000,83000,103000,104000,105000,78896,1,4900.0,8358.881642231356,918.2528570236173,104718.20872201351,5798.300230683431
1783344110,2000,,Aggregated,191.100000,0.000000,4900,5800,7800,8200,9300,17000,69000,83000,103000,104000,105000,79181,1,4900.0,8351.5494993967,918.2528570236173,104718.20872201351,5798.186079993938
1783344111,2000,,Aggregated,225.000000,0.000000,4900,5800,7800,8200,9300,16000,69000,83000,103000,104000,105000,79510,1,4900.0,8344.26822149906,918.2528570236173,104718.20872201351,5808.838095837002
1783344112,2000,,Aggregated,229.800000,0.000000,4900,5800,7800,8200,9300,16000,69000,83000,103000,104000,105000,79702,1,4900.0,8335.055170686222,918.2528570236173,104718.20872201351,5800.379325487441
1783344113,2000,,Aggregated,243.200000,0.000000,4900,5800,7800,8200,9300,16000,69000,83000,103000,104000,105000,79942,1,4900.0,8326.492917723042,918.2528570236173,104718.20872201351,5802.352930874884
1783344114,2000,,Aggregated,251.200000,0.000000,4900,5800,7800,8200,9300,16000,69000,83000,103000,104000,105000,80185,1,4900.0,8316.408074609708,918.2528570236173,104718.20872201351,5801.047926669577
1783344115,2000,,Aggregated,255.400000,0.000000,4900,5800,7800,8200,9300,16000,69000,83000,103000,104000,105000,80442,1,4900.0,8306.151333594848,918.2528570236173,104718.20872201351,5799.496668407051
1783344116,2000,,Aggregated,253.900000,0.000000,4900,5800,7800,8200,9300,15000,69000,83000,103000,104000,105000,80691,1,4900.0,8296.377920995443,918.2528570236173,104718.20872201351,5796.477302301372
1783344117,2000,,Aggregated,254.100000,0.000000,4900,5800,7800,8200,9300,15000,69000,83000,103000,104000,105000,80945,1,4900.0,8287.506086490022,918.2528570236173,104718.20872201351,5796.24792142813
1783344118,2000,,Aggregated,257.200000,0.000000,4900,5800,7800,8200,9300,15000,69000,83000,103000,104000,105000,81206,1,4900.0,8278.992000073316,918.2528570236173,104718.20872201351,5796.521759475901
1783344119,2000,,Aggregated,262.300000,0.000000,4900,5700,7800,8200,9300,15000,69000,83000,103000,104000,105000,81473,1,4900.0,8270.903779465962,918.2528570236173,104718.20872201351,5798.237477446516
1783344120,2000,,Aggregated,289.800000,0.000000,4900,5700,7800,8200,9300,14000,69000,83000,103000,104000,105000,81700,1,4900.0,8263.741504032547,918.2528570236173,104718.20872201351,5798.497821297429
1783344121,2000,,Aggregated,256.500000,0.000000,4900,5700,7800,8200,9200,14000,69000,83000,103000,104000,105000,81929,1,4900.0,8256.905093450212,918.2528570236173,104718.20872201351,5802.098829474301
1783344122,2000,,Aggregated,252.100000,0.000000,4900,5700,7800,8200,9200,14000,69000,83000,103000,104000,105000,82437,1,4900.0,8242.595522381396,918.2528570236173,104718.20872201351,5800.706612322137
1783344123,2000,,Aggregated,249.000000,0.000000,4900,5700,7800,8200,9200,14000,68000,83000,103000,104000,105000,82706,1,4900.0,8234.360021991428,918.2528570236173,104718.20872201351,5800.986325055014
1783344125,2000,,Aggregated,252.400000,0.000000,4900,5800,7800,8200,9200,14000,68000,83000,103000,104000,105000,83034,1,4900.0,8226.552593454631,918.2528570236173,104718.20872201351,5814.171182888937
1783344126,2000,,Aggregated,255.100000,0.000000,4900,5700,7800,8200,9200,14000,68000,83000,103000,104000,105000,83251,1,4900.0,8216.722822983975,918.2528570236173,104718.20872201351,5804.517231024252
1783344127,2000,,Aggregated,262.200000,0.000000,4900,5700,7800,8200,9200,13000,68000,83000,103000,104000,105000,83553,1,4900.0,8206.393498149793,918.2528570236173,104718.20872201351,5806.83149617608
1783344128,2000,,Aggregated,260.200000,0.000000,4900,5700,7800,8200,9200,13000,68000,83000,103000,104000,105000,83844,1,4900.0,8195.40026090459,918.2528570236173,104718.20872201351,5807.650124039884
1783344129,2000,,Aggregated,266.600000,0.000000,4900,5700,7800,8200,9200,13000,68000,83000,103000,104000,105000,84105,1,4900.0,8184.756932002737,918.2528570236173,104718.20872201351,5805.156007371737
1783344130,2000,,Aggregated,267.900000,0.000000,4900,5700,7700,8200,9200,13000,68000,83000,103000,104000,105000,84364,1,4900.0,8174.564873206444,918.2528570236173,104718.20872201351,5802.722132663222
1783344131,2000,,Aggregated,267.400000,0.000000,4900,5700,7700,8200,9200,13000,68000,83000,103000,104000,105000,84601,1,4900.0,8166.551275901416,918.2528570236173,104718.20872201351,5803.337939267857
1783344132,2000,,Aggregated,270.900000,0.000000,4900,5700,7700,8200,9200,13000,67000,83000,103000,104000,105000,84878,1,4900.0,8156.961895454777,918.2528570236173,104718.20872201351,5801.457315205354
1783344133,2000,,Aggregated,268.600000,0.000000,4900,5700,7700,8200,9200,13000,67000,83000,103000,104000,105000,85109,1,4900.0,8149.001693447493,918.2528570236173,104718.20872201351,5798.76444324337
1783344134,2000,,Aggregated,293.700000,0.000000,4900,5700,7700,8200,9200,13000,67000,83000,103000,104000,105000,85346,1,4900.0,8141.112388756093,918.2528570236173,104718.20872201351,5796.030382208891
1783344135,2000,,Aggregated,266.300000,0.000000,4900,5700,7700,8200,9200,12000,66000,83000,103000,104000,105000,85595,1,4900.0,8133.560109125354,918.2528570236173,104718.20872201351,5794.278754600152
1783344136,2000,,Aggregated,266.300000,0.000000,4900,5700,7700,8200,9200,12000,66000,83000,103000,104000,105000,85692,1,4900.0,8130.771426460511,918.2528570236173,104718.20872201351,5793.64911543668
1783344137,2000,,Aggregated,254.200000,0.000000,4900,5700,7700,8200,9200,12000,66000,83000,103000,104000,105000,86243,1,4900.0,8117.750085612422,918.2528570236173,104718.20872201351,5794.648922231369
1783344138,2000,,Aggregated,244.200000,0.000000,4900,5700,7700,8200,9200,12000,66000,83000,103000,104000,105000,86508,1,4900.0,8110.181774505723,918.2528570236173,104718.20872201351,5795.08062838119
1783344139,2000,,Aggregated,256.200000,0.000000,4900,5700,7700,8200,9200,12000,66000,83000,103000,104000,105000,86777,1,4900.0,8104.402309709282,918.2528570236173,104718.20872201351,5803.77330398608
1783344140,2000,,Aggregated,255.000000,0.000000,4900,5700,7700,8200,9200,12000,66000,83000,103000,104000,105000,87025,1,4900.0,8095.04730786961,918.2528570236173,104718.20872201351,5797.011203677104
1783344141,2000,,Aggregated,251.400000,0.000000,4900,5700,7700,8200,9200,12000,66000,83000,103000,104000,105000,87298,1,4900.0,8087.158294411378,918.2528570236173,104718.20872201351,5798.386274599648
1783344142,2000,,Aggregated,255.600000,0.000000,4900,5700,7700,8200,9200,12000,64000,83000,103000,104000,105000,87519,1,4900.0,8080.49955892582,918.2528570236173,104718.20872201351,5799.492258823799
1783344143,2000,,Aggregated,258.500000,0.000000,4900,5700,7700,8200,9100,11000,64000,83000,103000,104000,105000,87751,1,4900.0,8073.018453948982,918.2528570236173,104718.20872201351,5797.188408109309
1783344144,2000,,Aggregated,255.900000,0.000000,4900,5700,7700,8200,9100,11000,63000,83000,103000,104000,105000,87996,1,4900.0,8065.7306032658025,918.2528570236173,104718.20872201351,5796.760534569753
1783344145,2000,,Aggregated,254.000000,0.000000,4900,5700,7700,8200,9100,11000,63000,83000,103000,104000,105000,88259,1,4900.0,8058.248040327186,918.2528570236173,104718.20872201351,5796.275405341098
1783344146,2000,,Aggregated,255.400000,0.000000,4900,5700,7700,8200,9100,11000,63000,83000,103000,104000,105000,88498,1,4900.0,8051.399569286744,918.2528570236173,104718.20872201351,5795.197077900066
1783344147,2000,,Aggregated,257.200000,0.000000,4900,5700,7700,8200,9100,11000,63000,83000,103000,104000,105000,88774,1,4900.0,8044.16207434165,918.2528570236173,104718.20872201351,5794.871651609706
1783344148,2000,,Aggregated,268.800000,0.000000,4900,5700,7700,8200,9100,11000,63000,83000,103000,104000,105000,89033,1,4900.0,8038.063790616693,918.2528570236173,104718.20872201351,5797.431974661081
1783344149,2000,,Aggregated,252.900000,0.000000,4900,5700,7700,8200,9100,11000,63000,82000,103000,104000,105000,89283,1,4900.0,8031.88156914865,918.2528570236173,104718.20872201351,5798.8151831815685
1783344151,2000,,Aggregated,251.200000,0.000000,4900,5700,7700,8200,9100,11000,63000,82000,103000,104000,105000,89479,1,4900.0,8026.900488874939,918.2528570236173,104718.20872201351,5799.213569664391
1783344152,2000,,Aggregated,247.700000,0.000000,4900,5700,7700,8200,9100,11000,63000,82000,103000,104000,105000,90001,1,4900.0,8015.217628348002,918.2528570236173,104718.20872201351,5800.745458383796
1783344153,2000,,Aggregated,230.100000,0.000000,4900,5700,7700,8200,9100,11000,63000,82000,103000,104000,105000,90302,1,4900.0,8007.016171602596,918.2528570236173,104718.20872201351,5801.309760581161
1783344154,2000,,Aggregated,251.700000,0.000000,4900,5700,7700,8200,9100,11000,63000,82000,103000,104000,105000,90609,1,4900.0,8000.103257935976,918.2528570236173,104718.20872201351,5810.634958999658
1783344155,2000,,Aggregated,257.500000,0.000000,4900,5700,7700,8200,9100,11000,63000,82000,103000,104000,105000,90812,1,4900.0,7991.919202797723,918.2528570236173,104718.20872201351,5803.323492489979
1783344156,2000,,Aggregated,263.500000,0.000000,4900,5700,7700,8200,9100,11000,63000,82000,103000,104000,105000,91050,1,4900.0,7984.8951583190665,918.2528570236173,104718.20872201351,5804.17711147721
1783344157,2000,,Aggregated,261.700000,0.000000,4900,5700,7700,8200,9100,11000,63000,82000,103000,104000,105000,91324,1,4900.0,7977.043392453826,918.2528570236173,104718.20872201351,5804.064616092155
1783344158,2000,,Aggregated,261.300000,0.000000,4900,5700,7700,8200,9100,11000,63000,82000,103000,104000,105000,91578,1,4900.0,7968.692739459069,918.2528570236173,104718.20872201351,5801.326322915984
1783344159,2000,,Aggregated,260.300000,0.000000,4900,5700,7700,8200,9100,11000,63000,82000,103000,104000,105000,91846,1,4900.0,7960.44134720135,918.2528570236173,104718.20872201351,5799.428336563378
1783344160,2000,,Aggregated,262.800000,0.000000,4900,5700,7700,8200,9100,11000,63000,82000,103000,104000,105000,92066,1,4900.0,7954.111617830563,918.2528570236173,104718.20872201351,5797.975550148806
1783344161,2000,,Aggregated,262.800000,0.000000,4900,5700,7700,8200,9100,11000,63000,82000,103000,104000,105000,92334,1,4900.0,7948.048726906243,918.2528570236173,104718.20872201351,5799.656345441549
1783344162,2000,,Aggregated,261.100000,0.000000,4900,5700,7700,8200,9100,11000,62000,82000,103000,104000,105000,92626,1,4900.0,7940.501475863972,918.2528570236173,104718.20872201351,5798.630967546909
1783344163,2000,,Aggregated,277.800000,0.000000,4900,5700,7700,8200,9100,11000,62000,82000,103000,104000,105000,92875,1,4900.0,7933.933720838974,918.2528570236173,104718.20872201351,5797.855170928668
1783344164,2000,,Aggregated,258.700000,0.000000,4900,5700,7700,8200,9100,11000,62000,82000,103000,104000,105000,93158,1,4900.0,7926.637709292093,918.2528570236173,104718.20872201351,5797.311782133579
1783344166,2000,,Aggregated,257.400000,0.000000,4900,5700,7700,8200,9100,11000,62000,82000,103000,104000,105000,93361,1,4900.0,7921.318221814823,918.2528570236173,104718.20872201351,5796.441104958173
1783344167,2000,,Aggregated,256.400000,0.000000,4900,5700,7700,8200,9100,11000,62000,82000,103000,104000,105000,93846,1,4900.0,7911.782658021437,918.2528570236173,104718.20872201351,5799.17917652324
1783344168,2000,,Aggregated,236.800000,0.000000,4900,5700,7700,8200,9100,11000,62000,82000,103000,104000,105000,94092,1,4900.0,7905.481111746451,918.2528570236173,104718.20872201351,5799.343249160396
1783344169,2000,,Aggregated,256.000000,0.000000,4900,5700,7700,8200,9100,11000,62000,82000,103000,104000,105000,94427,1,4900.0,7898.984777086298,918.2528570236173,104718.20872201351,5809.167727450835
1783344170,2000,,Aggregated,253.500000,0.000000,4900,5700,7700,8200,9100,11000,62000,82000,103000,104000,105000,94640,1,4900.0,7890.99838662751,918.2528570236173,104718.20872201351,5800.707745139476
1783344171,2000,,Aggregated,253.100000,0.000000,4900,5700,7700,8200,9100,11000,62000,82000,103000,104000,105000,94915,1,4900.0,7883.769418721113,918.2528570236173,104718.20872201351,5802.601000895538
1783344172,2000,,Aggregated,260.900000,0.000000,4900,5700,7700,8200,9100,11000,62000,82000,103000,104000,105000,95200,1,4900.0,7876.232585241013,918.2528570236173,104718.20872201351,5804.749737394958
1783344173,2000,,Aggregated,261.700000,0.000000,4900,5700,7700,8200,9000,11000,62000,82000,103000,104000,105000,95453,1,4900.0,7868.750044664832,918.2528570236173,104718.20872201351,5802.76238567672
1783344174,2000,,Aggregated,262.500000,0.000000,4900,5700,7700,8200,9000,11000,62000,82000,103000,104000,105000,95710,1,4900.0,7861.621203470296,918.2528570236173,104718.20872201351,5801.570462856545
1783344175,2000,,Aggregated,262.600000,0.000000,4900,5700,7700,8100,9000,11000,61000,82000,103000,104000,105000,95952,1,4900.0,7855.702435036713,918.2528570236173,104718.20872201351,5803.708427130232
1783344176,2000,,Aggregated,259.100000,0.000000,4900,5700,7700,8100,9000,11000,61000,82000,103000,104000,105000,96201,1,4900.0,7849.156358185963,918.2528570236173,104718.20872201351,5803.187981413915
1783344177,2000,,Aggregated,258.500000,0.000000,4900,5700,7700,8100,9000,11000,61000,82000,103000,104000,105000,96440,1,4900.0,7843.1391009518,918.2528570236173,104718.20872201351,5801.804365408544
1783344178,2000,,Aggregated,280.800000,0.000000,4900,5700,7700,8100,9000,11000,61000,82000,103000,104000,105000,96710,1,4900.0,7836.823361347118,918.2528570236173,104718.20872201351,5800.60239892462
1783344179,2000,,Aggregated,259.600000,0.000000,4900,5700,7700,8100,9000,11000,61000,82000,103000,104000,105000,96994,1,4900.0,7830.435494038623,918.2528570236173,104718.20872201351,5800.490896344104
1783344181,2000,,Aggregated,260.100000,0.000000,4900,5700,7700,8100,9000,11000,61000,82000,103000,104000,105000,97237,1,4900.0,7825.100157348004,918.2528570236173,104718.20872201351,5800.091210136059
1783344182,2000,,Aggregated,259.300000,0.000000,4900,5700,7700,8100,9000,11000,60000,82000,103000,104000,105000,97765,1,4900.0,7815.03079282166,918.2528570236173,104718.20872201351,5799.895739784176
1783344183,2000,,Aggregated,236.300000,0.000000,4900,5700,7700,8100,9000,11000,60000,82000,103000,104000,105000,98023,1,4900.0,7809.093445725107,918.2528570236173,104718.20872201351,5799.9623455719575
1783344184,2000,,Aggregated,257.100000,0.000000,4900,5700,7700,8100,9000,11000,60000,82000,103000,104000,105000,98326,1,4900.0,7803.620870854007,918.2528570236173,104718.20872201351,5808.6961129304555
1783344185,2000,,Aggregated,258.500000,0.000000,4900,5700,7700,8100,9000,11000,60000,82000,103000,104000,105000,98535,1,4900.0,7796.539816979253,918.2528570236173,104718.20872201351,5801.238981072715
1783344186,2000,,Aggregated,254.400000,0.000000,4900,5700,7700,8100,9000,11000,60000,82000,103000,104000,105000,98788,1,4900.0,7790.622044124987,918.2528570236173,104718.20872201351,5801.598635461797
1783344187,2000,,Aggregated,259.600000,0.000000,4900,5700,7700,8100,9000,11000,60000,82000,103000,104000,105000,99066,1,4900.0,7783.57017566859,918.2528570236173,104718.20872201351,5799.8935759998385
1783344188,2000,,Aggregated,257.800000,0.000000,4900,5600,7700,8100,9000,11000,60000,82000,103000,104000,105000,99342,1,4900.0,7775.897511326928,918.2528570236173,104718.20872201351,5796.505737754424
1783344189,2000,,Aggregated,262.800000,0.000000,4900,5600,7700,8100,9000,11000,60000,82000,103000,104000,105000,99630,1,4900.0,7768.718794599798,918.2528570236173,104718.20872201351,5797.222513299207
1783344190,2000,,Aggregated,263.600000,0.000000,4900,5600,7700,8100,9000,11000,60000,82000,103000,104000,105000,99881,1,4900.0,7762.555529732697,918.2528570236173,104718.20872201351,5796.696919334007
1783344191,2000,,Aggregated,263.100000,0.000000,4900,5600,7700,8100,9000,11000,60000,82000,103000,104000,105000,100097,1,4900.0,7757.303550095087,918.2528570236173,104718.20872201351,5796.404787356264
1783344192,2000,,Aggregated,263.600000,0.000000,4900,5600,7700,8100,9000,11000,59000,82000,103000,104000,105000,100360,1,4900.0,7751.465865345959,918.2528570236173,104718.20872201351,5797.560900757274
1783344193,2000,,Aggregated,282.300000,0.000000,4900,5600,7600,8100,9000,11000,59000,82000,103000,104000,105000,100603,1,4900.0,7745.620230384328,918.2528570236173,104718.20872201351,5797.596274464976
1783344194,2000,,Aggregated,258.600000,0.000000,4900,5600,7600,8100,9000,11000,59000,82000,103000,104000,105000,100863,1,4900.0,7739.7909540576375,918.2528570236173,104718.20872201351,5798.707613297245
1783344195,2000,,Aggregated,256.800000,0.000000,4900,5600,7600,8100,9000,11000,59000,82000,103000,104000,105000,101130,1,4900.0,7734.40654167381,918.2528570236173,104718.20872201351,5800.163690299614
1783344196,2000,,Aggregated,260.800000,0.000000,4900,5600,7600,8100,9000,11000,59000,82000,103000,104000,105000,101317,1,4900.0,7730.789388227896,918.2528570236173,104718.20872201351,5801.120177265415
1783344197,2000,,Aggregated,257.900000,0.000000,4900,5600,7700,8100,9000,11000,59000,82000,103000,104000,105000,101871,1,4900.0,7721.284659658387,918.2528570236173,104718.20872201351,5802.556870944626
1783344198,2000,,Aggregated,256.900000,0.000000,4900,5600,7700,8100,9000,11000,59000,82000,103000,104000,105000,102127,1,4900.0,7715.745089104988,918.2528570236173,104718.20872201351,5802.596874479815
1783344199,2000,,Aggregated,232.700000,0.000000,4900,5600,7600,8100,9000,11000,59000,82000,103000,104000,105000,102453,1,4900.0,7709.476784287144,918.2528570236173,104718.20872201351,5810.88759723971
1783344200,2000,,Aggregated,260.300000,0.000000,4900,5600,7600,8100,9000,11000,59000,82000,103000,104000,105000,102655,1,4900.0,7702.329768718701,918.2528570236173,104718.20872201351,5803.549958599191
1783344201,2000,,Aggregated,256.200000,0.000000,4900,5600,7600,8100,9000,10000,59000,82000,103000,104000,105000,102966,1,4900.0,7695.05502162892,918.2528570236173,104718.20872201351,5806.513489889867
1783344202,2000,,Aggregated,263.000000,0.000000,4900,5600,7600,8100,9000,10000,58000,82000,103000,104000,105000,103252,1,4900.0,7687.431125868013,918.2528570236173,104718.20872201351,5805.756459923295
1783344203,2000,,Aggregated,261.800000,0.000000,4900,5600,7600,8100,9000,10000,58000,82000,103000,104000,105000,103552,1,4900.0,7679.102460681485,918.2528570236173,104718.20872201351,5804.687944221261
1783344204,2000,,Aggregated,267.700000,0.000000,4900,5600,7600,8100,9000,10000,58000,82000,103000,104000,105000,103783,1,4900.0,7672.9894930215705,918.2528570236173,104718.20872201351,5802.978416503666
1783344205,2000,,Aggregated,271.200000,0.000000,4900,5600,7600,8100,9000,10000,58000,82000,103000,104000,105000,104037,1,4900.0,7666.863613846436,918.2528570236173,104718.20872201351,5802.234618453051
1783344206,2000,,Aggregated,274.500000,0.000000,4900,5600,7600,8100,9000,10000,58000,81000,103000,104000,105000,104290,1,4900.0,7660.744201845131,918.2528570236173,104718.20872201351,5800.852497842555
1783344207,2000,,Aggregated,271.100000,0.000000,4900,5600,7600,8100,9000,10000,58000,81000,103000,104000,105000,104516,1,4900.0,7655.574178607392,918.2528570236173,104718.20872201351,5799.972693176164
1783344208,2000,,Aggregated,274.400000,0.000000,4900,5600,7600,8100,9000,10000,58000,81000,103000,104000,105000,104773,1,4900.0,7649.814882768603,918.2528570236173,104718.20872201351,5798.08126139368
1783344209,2000,,Aggregated,295.100000,0.000000,4900,5600,7600,8100,9000,10000,58000,81000,103000,104000,105000,105032,1,4900.0,7644.485398403153,918.2528570236173,104718.20872201351,5797.355520222409
1783344210,2000,,Aggregated,262.500000,0.000000,4900,5600,7600,8100,8900,10000,58000,81000,103000,104000,105000,105325,1,4900.0,7639.274185820168,918.2528570236173,104718.20872201351,5799.935798718253
1783344212,2000,,Aggregated,263.300000,0.000000,4900,5600,7600,8100,8900,10000,58000,81000,103000,104000,105000,105358,1,4900.0,7638.371241215996,918.2528570236173,104718.20872201351,5799.0745458342035
1783344213,2000,,Aggregated,265.700000,0.000000,4900,5600,7600,8100,8900,10000,58000,81000,103000,104000,105000,105905,1,4900.0,7630.664291135062,918.2528570236173,104718.20872201351,5800.63235918984
1783344214,2000,,Aggregated,237.000000,0.000000,4900,5600,7600,8100,8900,10000,58000,81000,103000,104000,105000,106154,1,4900.0,7625.809785624787,918.2528570236173,104718.20872201351,5799.517446351527
1783344215,2000,,Aggregated,254.100000,0.000000,4900,5600,7600,8100,8900,10000,58000,81000,103000,104000,105000,106482,1,4900.0,7621.059802858319,918.2528570236173,104718.20872201351,5806.332901335437
1783344216,2000,,Aggregated,252.200000,0.000000,4900,5600,7600,8100,8900,10000,57000,81000,103000,104000,105000,106694,1,4900.0,7614.741019547031,918.2528570236173,104718.20872201351,5799.010047425348
1783344217,2000,,Aggregated,258.200000,0.000000,4900,5600,7600,8100,8900,10000,57000,81000,103000,104000,105000,106974,1,4900.0,7609.181522610955,918.2528570236173,104718.20872201351,5800.8996578607885
1783344218,2000,,Aggregated,256.100000,0.000000,4900,5600,7600,8100,8900,10000,57000,81000,103000,104000,105000,107226,1,4900.0,7603.446092296948,918.2528570236173,104718.20872201351,5801.181569768526
1783344219,2000,,Aggregated,260.400000,0.000000,4900,5600,7600,8100,8900,10000,57000,81000,103000,104000,105000,107444,1,4900.0,7598.136845696445,918.2528570236173,104718.20872201351,5799.044590670489
1783344220,2000,,Aggregated,262.000000,0.000000,4900,5600,7600,8100,8900,10000,57000,81000,103000,104000,105000,107698,1,4900.0,7592.780288857164,918.2528570236173,104718.20872201351,5798.5170940964545
1783344221,2000,,Aggregated,260.700000,0.000000,4900,5600,7600,8100,8900,10000,57000,81000,103000,104000,105000,107933,1,4900.0,7588.300232598813,918.2528570236173,104718.20872201351,5798.061686416573
1783344222,2000,,Aggregated,258.300000,0.000000,4900,5600,7600,8100,8900,10000,57000,81000,103000,104000,105000,108201,1,4900.0,7583.730420451348,918.2528570236173,104718.20872201351,5798.110858494838
1783344223,2000,,Aggregated,253.200000,0.000000,4900,5600,7600,8100,8900,10000,57000,80000,103000,104000,105000,108452,1,4900.0,7579.400109934817,918.2528570236173,104718.20872201351,5797.712923689743
1783344224,2000,,Aggregated,275.700000,0.000000,4900,5600,7600,8100,8900,10000,57000,80000,103000,104000,105000,108720,1,4900.0,7574.94085670705,918.2528570236173,104718.20872201351,5797.980114054451
1783344225,2000,,Aggregated,254.000000,0.000000,4900,5600,7600,8100,8900,10000,57000,80000,103000,104000,105000,108935,1,4900.0,7571.273954274327,918.2528570236173,104718.20872201351,5797.113186762748
1783344226,2000,,Aggregated,254.600000,0.000000,4900,5600,7600,8100,8900,10000,56000,80000,103000,104000,105000,109163,1,4900.0,7567.683294702352,918.2528570236173,104718.20872201351,5796.108049430668
1783344227,2000,,Aggregated,247.900000,0.000000,4900,5600,7600,8100,8900,10000,56000,80000,103000,104000,105000,109454,1,4900.0,7563.53768781266,918.2528570236173,104718.20872201351,5798.489036490215
1783344229,2000,,Aggregated,246.200000,0.000000,4900,5600,7600,8100,8900,10000,56000,80000,103000,104000,105000,109654,1,4900.0,7560.16397434395,918.2528570236173,104718.20872201351,5798.647427362431
1783344230,2000,,Aggregated,249.800000,0.000000,4900,5600,7600,8100,8900,10000,56000,80000,103000,104000,105000,110196,1,4900.0,7552.977364495707,918.2528570236173,104718.20872201351,5800.027296816581
1783344231,2000,,Aggregated,226.400000,0.000000,4900,5600,7600,8100,8900,10000,56000,80000,103000,104000,105000,110463,1,4900.0,7548.3805717413625,918.2528570236173,104718.20872201351,5800.306473660864
1783344232,2000,,Aggregated,254.400000,0.000000,4900,5600,7600,8100,8900,10000,56000,80000,103000,104000,105000,110776,1,4900.0,7544.093308757403,918.2528570236173,104718.20872201351,5809.0127193615945
1783344233,2000,,Aggregated,256.100000,0.000000,4900,5600,7600,8100,8900,10000,56000,80000,103000,104000,105000,110955,1,4900.0,7539.028822899106,918.2528570236173,104718.20872201351,5802.941688071741
1783344234,2000,,Aggregated,263.500000,0.000000,4900,5600,7600,8100,8900,10000,56000,80000,103000,104000,105000,111197,1,4900.0,7534.293393258358,918.2528570236173,104718.20872201351,5803.496811964352
1783344235,2000,,Aggregated,256.500000,0.000000,4900,5600,7600,8100,8900,10000,56000,80000,103000,104000,105000,111464,1,4900.0,7529.1716646515815,918.2528570236173,104718.20872201351,5804.094828823656
1783344236,2000,,Aggregated,251.500000,0.000000,4900,5600,7600,8100,8900,10000,55000,80000,103000,104000,105000,111723,1,4900.0,7523.4690471450285,918.2528570236173,104718.20872201351,5801.516500631025
1783344237,2000,,Aggregated,257.800000,0.000000,4900,5600,7600,8100,8900,10000,55000,80000,103000,104000,105000,111982,1,4900.0,7518.534218012775,918.2528570236173,104718.20872201351,5801.73479666375
1783344238,2000,,Aggregated,259.600000,0.000000,4900,5600,7600,8100,8900,10000,55000,80000,102000,104000,105000,112223,1,4900.0,7514.509393523521,918.2528570236173,104718.20872201351,5801.5544585334555
1783344239,2000,,Aggregated,260.300000,0.000000,4900,5600,7600,8100,8900,10000,54000,80000,102000,104000,105000,112506,1,4900.0,7509.87297744772,918.2528570236173,104718.20872201351,5801.305459264395
1783344240,2000,,Aggregated,254.800000,0.000000,4900,5600,7600,8100,8900,10000,54000,80000,102000,104000,105000,112760,1,4900.0,7505.336040842919,918.2528570236173,104718.20872201351,5800.049866974105
1783344241,2000,,Aggregated,280.900000,0.000000,4900,5600,7600,8100,8900,10000,53000,80000,102000,104000,105000,113028,1,4900.0,7500.635497932198,918.2528570236173,104718.20872201351,5800.096772481155
1783344242,2000,,Aggregated,255.300000,0.000000,4900,5600,7600,8100,8900,10000,53000,80000,102000,104000,105000,113296,1,4900.0,7495.928459759234,918.2528570236173,104718.20872201351,5800.477722073154
1783344243,2000,,Aggregated,256.300000,0.000000,4900,5600,7600,8100,8900,10000,53000,80000,102000,104000,105000,113565,1,4900.0,7491.224943822499,918.2528570236173,104718.20872201351,5800.117747545459
1783344244,2000,,Aggregated,251.200000,0.000000,4900,5600,7600,8100,8900,10000,53000,80000,102000,104000,105000,113822,1,4900.0,7486.330285784574,918.2528570236173,104718.20872201351,5799.071137389959
1783344245,2000,,Aggregated,251.200000,0.000000,4900,5600,7600,8100,8900,10000,53000,80000,102000,104000,105000,113853,1,4900.0,7485.879581761263,918.2528570236173,104718.20872201351,5799.066629776993
1783344246,2000,,Aggregated,264.000000,0.000000,4900,5600,7600,8100,8900,10000,53000,80000,102000,104000,105000,114393,1,4900.0,7478.636333896207,918.2528570236173,104718.20872201351,5799.042362731985
1783344247,2000,,Aggregated,241.500000,0.000000,4900,5600,7600,8100,8900,10000,53000,79000,102000,104000,105000,114649,1,4900.0,7474.175267091705,918.2528570236173,104718.20872201351,5798.576873762528
1783344248,2000,,Aggregated,261.200000,0.000000,4900,5600,7600,8100,8900,10000,53000,79000,102000,104000,105000,114966,1,4900.0,7470.353082898994,918.2528570236173,104718.20872201351,5806.6388932380005
1783344249,2000,,Aggregated,258.100000,0.000000,4900,5600,7600,8100,8900,10000,53000,79000,102000,104000,105000,115174,1,4900.0,7464.904451886647,918.2528570236173,104718.20872201351,5799.641568409537
1783344250,2000,,Aggregated,257.500000,0.000000,4900,5600,7600,8100,8900,10000,53000,79000,102000,104000,105000,115443,1,4900.0,7460.507817553027,918.2528570236173,104718.20872201351,5801.184697209878
1783344251,2000,,Aggregated,262.200000,0.000000,4900,5600,7600,8100,8900,10000,53000,76000,102000,104000,105000,115690,1,4900.0,7456.214109831003,918.2528570236173,104718.20872201351,5801.196559771804
1783344252,2000,,Aggregated,257.400000,0.000000,4900,5600,7600,8100,8900,10000,53000,75000,102000,104000,105000,115941,1,4900.0,7451.618432473778,918.2528570236173,104718.20872201351,5799.982594595527
1783344253,2000,,Aggregated,258.100000,0.000000,4900,5600,7600,8100,8900,10000,53000,75000,102000,104000,105000,116215,1,4900.0,7446.446327828715,918.2528570236173,104718.20872201351,5799.418913221185
1783344254,2000,,Aggregated,254.600000,0.000000,4900,5600,7600,8100,8900,10000,53000,75000,102000,104000,105000,116471,1,4900.0,7442.2102432139145,918.2528570236173,104718.20872201351,5799.761013471165
1783344255,2000,,Aggregated,256.000000,0.000000,4900,5600,7600,8100,8900,10000,53000,74000,102000,104000,105000,116718,1,4900.0,7438.1368072389805,918.2528570236173,104718.20872201351,5798.517974948166
1783344256,2000,,Aggregated,255.500000,0.000000,4900,5600,7600,8100,8900,10000,53000,74000,102000,104000,105000,116994,1,4900.0,7433.61859155885,918.2528570236173,104718.20872201351,5798.25078209139
1783344257,2000,,Aggregated,274.500000,0.000000,4900,5600,7600,8100,8900,10000,53000,74000,102000,104000,105000,117266,1,4900.0,7429.1416195821685,918.2528570236173,104718.20872201351,5799.162101546911
1783344258,2000,,Aggregated,257.100000,0.000000,4900,5600,7600,8100,8900,10000,53000,74000,102000,104000,105000,117546,1,4900.0,7424.446239828234,918.2528570236173,104718.20872201351,5799.798572473755
1783344259,2000,,Aggregated,261.400000,0.000000,4900,5600,7600,8100,8900,10000,53000,73000,102000,104000,105000,117797,1,4900.0,7419.954655918947,918.2528570236173,104718.20872201351,5798.889012453627
1783344261,2000,,Aggregated,262.300000,0.000000,4900,5600,7600,8100,8900,10000,53000,73000,102000,104000,105000,118061,1,4900.0,7415.401338994809,918.2528570236173,104718.20872201351,5798.9441475169615
1783344262,2000,,Aggregated,262.800000,0.000000,4900,5600,7600,8100,8900,10000,52000,73000,102000,104000,105000,118576,1,4900.0,7408.919679138839,918.2528570236173,104718.20872201351,5799.026565240858
1783344263,2000,,Aggregated,248.900000,0.000000,4900,5600,7600,8100,8900,10000,52000,73000,102000,104000,105000,118826,1,4900.0,7404.872523947774,918.2528570236173,104718.20872201351,5799.263890057731
1783344264,2000,,Aggregated,258.900000,0.000000,4900,5600,7600,8100,8900,10000,52000,73000,102000,104000,105000,119155,1,4900.0,7400.974887836117,918.2528570236173,104718.20872201351,5807.156359363854
1783344265,2000,,Aggregated,256.400000,0.000000,4900,5600,7600,8100,8900,10000,52000,73000,102000,104000,105000,119326,1,4900.0,7396.906970049089,918.2528570236173,104718.20872201351,5802.366198481471
1783344266,2000,,Aggregated,259.100000,0.000000,4900,5600,7600,8100,8900,10000,52000,73000,102000,104000,105000,119598,1,4900.0,7392.81223747333,918.2528570236173,104718.20872201351,5803.089065034533
1783344267,2000,,Aggregated,263.600000,0.000000,4900,5600,7600,8100,8900,10000,52000,73000,102000,104000,105000,119824,1,4900.0,7389.371424748637,918.2528570236173,104718.20872201351,5804.047352784083
1783344268,2000,,Aggregated,254.800000,0.000000,4900,5600,7600,8100,8900,10000,51000,73000,102000,104000,105000,120095,1,4900.0,7385.037876205308,918.2528570236173,104718.20872201351,5803.226578958324
1783344269,2000,,Aggregated,256.800000,0.000000,4900,5600,7600,8100,8900,10000,50000,73000,102000,104000,105000,120360,1,4900.0,7380.454000660106,918.2528570236173,104718.20872201351,5801.8932369558
1783344270,2000,,Aggregated,254.600000,0.000000,4900,5600,7600,8100,8900,10000,50000,73000,102000,104000,105000,120576,1,4900.0,7376.841450375016,918.2528570236173,104718.20872201351,5800.101346868365
1783344271,2000,,Aggregated,252.900000,0.000000,4900,5600,7600,8100,8900,10000,50000,73000,102000,104000,105000,120868,1,4900.0,7372.875496087949,918.2528570236173,104718.20872201351,5800.943955389351
1783344272,2000,,Aggregated,249.900000,0.000000,4900,5600,7600,8100,8900,10000,50000,73000,102000,104000,105000,121156,1,4900.0,7368.499170734972,918.2528570236173,104718.20872201351,5801.097849054112
1783344273,2000,,Aggregated,262.100000,0.000000,4900,5600,7600,8100,8900,10000,50000,73000,102000,104000,105000,121465,1,4900.0,7364.113969633321,918.2528570236173,104718.20872201351,5803.368608241057
1783344274,2000,,Aggregated,257.200000,0.000000,4900,5600,7600,8100,8900,10000,50000,73000,102000,104000,105000,121731,1,4900.0,7359.685517010835,918.2528570236173,104718.20872201351,5803.289400399241
1783344275,2000,,Aggregated,260.100000,0.000000,4900,5600,7600,8100,8900,10000,50000,73000,102000,104000,105000,121990,1,4900.0,7355.567803292297,918.2528570236173,104718.20872201351,5802.8494302811705
1783344276,2000,,Aggregated,261.900000,0.000000,4900,5600,7600,8100,8900,10000,50000,73000,102000,104000,105000,122287,1,4900.0,7350.7319732126025,918.2528570236173,104718.20872201351,5802.691798801181
1783344278,2000,,Aggregated,261.900000,0.000000,4900,5600,7500,8100,8900,10000,50000,73000,102000,104000,105000,122367,1,4900.0,7349.235455980617,918.2528570236173,104718.20872201351,5802.265014260381
1783344279,2000,,Aggregated,265.900000,0.000000,4900,5600,7500,8100,8900,10000,49000,73000,102000,104000,105000,122887,1,4900.0,7341.60958075726,918.2528570236173,104718.20872201351,5799.314581688868
1783344280,2000,,Aggregated,242.700000,0.000000,4900,5600,7500,8100,8900,10000,48000,73000,102000,104000,105000,123147,1,4900.0,7337.304241964831,918.2528570236173,104718.20872201351,5797.746782300827
