Timestamp,User Count,Type,Name,Requests/s,Failures/s,50%,66%,75%,80%,90%,95%,98%,99%,99.9%,99.99%,100%,Total Request Count,Total Failure Count,Total Median Response Time,Total Average Response Time,Total Min Response Time,Total Max Response Time,Total Average Content Size
1783290364,0,,Aggregated,0.000000,0.000000,N/A,N/A,N/A,N/A,N/A,N/A,N/A,N/A,N/A,N/A,N/A,0,0,0,0.0,0,0,0
1783290365,50,,Aggregated,0.000000,0.000000,310,370,370,370,400,400,400,400,400,400,400,8,0,110.0,214.86208462556533,42.03958700236399,397.86276100494433,2817.25
1783290366,100,,Aggregated,0.000000,0.000000,310,370,400,1500,1500,1500,1500,1500,1500,1500,1500,13,0,310.0,512.1062911549906,42.03958700236399,1538.8443499978166,3022.3076923076924
1783290367,100,,Aggregated,0.000000,0.000000,310,370,400,1500,1500,1500,1500,1500,1500,1500,1500,13,0,310.0,512.1062911549906,42.03958700236399,1538.8443499978166,3022.3076923076924
1783290368,100,,Aggregated,5.000000,0.000000,370,400,1500,1500,1500,2400,2400,2400,2400,2400,2400,14,0,310.0,647.0696850010427,42.03958700236399,2401.5938049997203,2923.5
1783290369,100,,Aggregated,4.333333,0.000000,520,4800,4900,4900,4900,4900,4900,4900,4900,4900,4900,41,0,520.0,2060.8800471953414,42.03958700236399,4918.818543999805,3017.121951219512
1783290370,100,,Aggregated,3.250000,0.000000,230,360,1500,4900,5100,5200,5600,5600,5600,5600,5600,200,0,220.0,1361.8376127794909,42.03958700236399,5640.778237997438,3020.085
1783290371,100,,Aggregated,3.000000,0.000000,240,370,420,550,5000,5100,5400,5600,5600,5600,5600,329,0,240.0,1028.8652909876628,11.542712993104942,5640.778237997438,5883.960486322188
1783290372,100,,Aggregated,8.833333,0.000000,230,350,400,520,5000,5100,5400,5600,5600,5600,5600,355,0,230.0,959.7137544562378,3.6443930002860725,5640.778237997438,6180.943661971831
1783290373,100,,Aggregated,29.857143,0.000000,170,270,380,440,5100,7400,7500,7600,7700,7700,7700,591,0,170.0,1163.5273643282044,3.1589729915140197,7738.6963840108365,5594.832487309644
1783290374,100,,Aggregated,41.625000,0.000000,160,230,320,390,5100,7300,7500,7600,7700,7700,7700,691,0,160.0,1010.7237621577873,3.1589729915140197,7738.6963840108365,6529.567293777134
1783290375,100,,Aggregated,39.555556,0.000000,150,220,300,390,5000,7300,7500,7600,7700,7700,7700,722,0,150.0,967.7627975997037,3.1589729915140197,7738.6963840108365,6456.519390581718
1783290376,100,,Aggregated,60.300000,0.000000,140,210,280,370,5000,7200,7500,7600,7700,7700,7700,779,0,140.0,897.6565909346886,3.1589729915140197,7738.6963840108365,6381.955070603338
1783290377,100,,Aggregated,69.300000,0.000000,140,200,270,350,4900,7200,7500,7600,7700,7700,7700,815,0,140.0,858.5944613916057,3.0231020064093173,7738.6963840108365,6283.782822085889
1783290378,100,,Aggregated,71.400000,0.000000,130,180,240,320,4900,7000,7500,7600,7700,7700,7700,871,0,130.0,804.3258606981025,3.0231020064093173,7738.6963840108365,6297.404133180253
1783290379,100,,Aggregated,76.700000,0.000000,120,170,230,290,4900,5600,7500,7500,7700,7700,7700,919,0,120.0,763.1276084549041,3.0231020064093173,7738.6963840108365,6216.759521218716
1783290381,100,,Aggregated,80.400000,0.000000,110,160,220,280,2500,5500,7500,7500,7700,7700,7700,969,0,110.0,724.4661660403373,3.0231020064093173,7738.6963840108365,6145.035087719299
1783290382,100,,Aggregated,86.600000,0.000000,100,160,210,270,780,5400,7500,7500,7700,7700,7700,1017,0,100.0,690.9995989991422,3.0231020064093173,7738.6963840108365,6169.890855457227
1783290383,100,,Aggregated,76.000000,0.000000,94,150,210,250,570,5300,7500,7500,7700,7700,7700,1060,0,92,663.3615128963665,3.0231020064093173,7738.6963840108365,6135.175471698113
1783290384,100,,Aggregated,76.000000,0.000000,82,150,200,240,540,5200,7400,7500,7700,7700,7700,1109,0,82,634.6091108765997,2.9692069947486743,7738.6963840108365,6115.444544634806
1783290385,100,,Aggregated,70.300000,0.000000,70,140,190,230,520,5200,7400,7500,7700,7700,7700,1157,0,70,608.6921413890441,2.9692069947486743,7738.6963840108365,6164.196197061366
1783290386,100,,Aggregated,70.300000,0.000000,62,140,180,220,440,5100,7400,7500,7700,7700,7700,1200,0,61,587.2966010192735,2.9692069947486743,7738.6963840108365,6191.450833333333
1783290387,100,,Aggregated,46.200000,0.000000,55,140,180,220,430,5100,7400,7500,7700,7700,7700,1244,0,55,566.9014112323724,2.9692069947486743,7738.6963840108365,6257.248392282958
1783290388,100,,Aggregated,46.200000,0.000000,47,130,170,210,400,5100,7400,7500,7700,7700,7700,1291,0,47,546.7556346275082,2.959514007670805,7738.6963840108365,6211.568551510457
1783290389,100,,Aggregated,46.200000,0.000000,44,120,160,200,400,5100,7400,7500,7700,7700,7700,1336,0,44,528.7566073114461,2.959514007670805,7738.6963840108365,6198.189371257485
1783290390,100,,Aggregated,47.400000,0.000000,41,110,160,200,390,5100,7400,7500,7700,7700,7700,1378,0,41,513.1093347061585,2.959514007670805,7738.6963840108365,6199.7169811320755
1783290391,100,,Aggregated,46.300000,0.000000,36,110,160,190,390,5000,7400,7500,7700,7700,7700,1434,0,36,493.5762305419,2.959514007670805,7738.6963840108365,6155.126220362622
1783290392,100,,Aggregated,46.300000,0.000000,28,100,150,190,380,5000,7400,7500,7700,7700,7700,1479,0,28,478.827226470664,2.959514007670805,7738.6963840108365,6151.676808654496
1783290393,100,,Aggregated,46.300000,0.000000,18,99,150,180,370,5000,7400,7500,7700,7700,7700,1521,0,18,465.9192088357013,2.959514007670805,7738.6963840108365,6123.18869165023
1783290394,100,,Aggregated,46.300000,0.000000,15,94,140,170,370,5000,7400,7500,7700,7700,7700,1566,0,15,452.9178461807614,2.959514007670805,7738.6963840108365,6091.966155810984
1783290395,100,,Aggregated,45.800000,0.000000,14,87,140,170,360,5000,7400,7500,7700,7700,7700,1607,0,14,441.6454059857334,2.959514007670805,7738.6963840108365,6131.952084629745
1783290396,100,,Aggregated,45.300000,0.000000,13,80,140,160,350,4900,7300,7500,7700,7700,7700,1659,0,13,428.1838337716409,2.959514007670805,7738.6963840108365,6115.068113321277
1783290397,100,,Aggregated,44.900000,0.000000,12,75,130,160,320,4900,7300,7500,7700,7700,7700,1704,0,12,417.2677489502216,2.959514007670805,7738.6963840108365,6116.578638497653
1783290398,100,,Aggregated,45.300000,0.000000,12,68,130,160,320,4900,7300,7500,7700,7700,7700,1746,0,12,407.4374154892314,2.959514007670805,7738.6963840108365,6151.716494845361
1783290399,100,,Aggregated,45.700000,0.000000,11,63,120,160,310,4900,7300,7500,7700,7700,7700,1790,0,11,397.67554267215303,2.959514007670805,7738.6963840108365,6140.560893854748
1783290400,100,,Aggregated,45.300000,0.000000,11,61,120,150,290,4900,7300,7500,7700,7700,7700,1837,0,11,387.89310747530743,2.959514007670805,7738.6963840108365,6154.597713663582
1783290401,100,,Aggregated,45.200000,0.000000,11,58,110,150,280,4800,7200,7500,7700,7700,7700,1891,0,11,377.75808377747336,2.959514007670805,7738.6963840108365,6225.024325753569
1783290402,100,,Aggregated,45.900000,0.000000,11,55,110,150,280,2500,7200,7500,7700,7700,7700,1936,0,11,369.3380497537242,2.959514007670805,7738.6963840108365,6221.479855371901
1783290403,100,,Aggregated,44.100000,0.000000,11,52,110,140,280,1500,7200,7500,7700,7700,7700,1985,0,11,360.5107021497158,2.959514007670805,7738.6963840108365,6217.188916876575
1783290404,100,,Aggregated,44.300000,0.000000,11,50,100,140,270,780,7200,7500,7700,7700,7700,2031,0,11,352.6669503088168,2.959514007670805,7738.6963840108365,6261.6518956179225
1783290405,100,,Aggregated,44.700000,0.000000,11,48,99,140,270,650,7200,7500,7700,7700,7700,2074,0,11,345.711162122069,2.959514007670805,7738.6963840108365,6229.249276759884
1783290406,100,,Aggregated,45.200000,0.000000,11,47,97,140,250,550,7100,7500,7700,7700,7700,2124,0,11,337.9276080207943,2.959514007670805,7738.6963840108365,6202.0197740113
1783290407,100,,Aggregated,45.800000,0.000000,11,45,92,130,250,550,7000,7500,7700,7700,7700,2178,0,11,329.93316748815823,2.959514007670805,7738.6963840108365,6199.9283746556475
1783290408,100,,Aggregated,45.000000,0.000000,11,44,88,130,240,540,5600,7400,7700,7700,7700,2222,0,11,323.6440471121427,2.959514007670805,7738.6963840108365,6209.941494149415
1783290409,100,,Aggregated,45.400000,0.000000,11,43,85,120,240,520,5600,7400,7700,7700,7700,2264,0,11,317.88869109282405,2.959514007670805,7738.6963840108365,6192.533568904593
1783290410,100,,Aggregated,46.000000,0.000000,10,41,80,120,230,520,5600,7400,7700,7700,7700,2314,0,10,311.2485171755402,2.959514007670805,7738.6963840108365,6188.400172860847
1783290411,100,,Aggregated,45.600000,0.000000,10,39,77,110,230,450,5600,7400,7700,7700,7700,2358,0,10,305.62696948226517,2.959514007670805,7738.6963840108365,6196.102205258694
1783290412,100,,Aggregated,45.800000,0.000000,10,37,74,110,220,430,5500,7400,7700,7700,7700,2404,0,10,299.94452852545766,2.959514007670805,7738.6963840108365,6179.683860232945
1783290413,100,,Aggregated,46.200000,0.000000,10,37,71,110,220,430,5500,7400,7700,7700,7700,2447,0,10,294.9885128848643,2.959514007670805,7738.6963840108365,6171.534123416428
1783290414,100,,Aggregated,46.500000,0.000000,10,34,67,110,220,430,5500,7400,7700,7700,7700,2496,0,10,289.44572031060164,2.959514007670805,7738.6963840108365,6201.039262820513
1783290415,100,,Aggregated,46.400000,0.000000,10,32,64,100,210,410,5400,7400,7700,7700,7700,2547,0,10,283.8771130637204,2.959514007670805,7738.6963840108365,6232.868472712996
1783290416,100,,Aggregated,46.300000,0.000000,10,30,63,100,210,400,5400,7400,7700,7700,7700,2595,0,10,278.97541268412624,2.959514007670805,7738.6963840108365,6202.102119460501
1783290417,100,,Aggregated,46.500000,0.000000,10,28,61,99,210,400,5300,7400,7700,7700,7700,2638,0,10,274.63949636820087,2.959514007670805,7738.6963840108365,6204.586429112965
1783290418,100,,Aggregated,46.300000,0.000000,10,25,60,98,200,400,5200,7400,7700,7700,7700,2680,0,10,270.50083788819745,2.959514007670805,7738.6963840108365,6207.37052238806
1783290419,100,,Aggregated,46.300000,0.000000,10,22,57,94,200,390,5200,7400,7700,7700,7700,2735,0,10,265.32121274384167,2.959514007670805,7738.6963840108365,6220.542230347349
1783290420,100,,Aggregated,45.300000,0.000000,9,19,56,91,200,390,5200,7400,7700,7700,7700,2779,0,9,261.35281245497623,2.959514007670805,7738.6963840108365,6202.989924433249
1783290421,100,,Aggregated,46.600000,0.000000,9,18,55,87,200,390,5200,7400,7700,7700,7700,2825,0,9,257.321280677637,2.959514007670805,7738.6963840108365,6199.381592920354
1783290422,100,,Aggregated,45.900000,0.000000,9,18,54,84,190,390,5200,7400,7700,7700,7700,2867,0,9,253.80897109984943,2.959514007670805,7738.6963840108365,6204.4830833624
1783290423,100,,Aggregated,46.600000,0.000000,9,17,52,82,190,380,5200,7400,7700,7700,7700,2910,0,9,250.23429943307139,2.959514007670805,7738.6963840108365,6178.93883161512
1783290424,100,,Aggregated,45.800000,0.000000,9,16,51,80,190,380,5100,7400,7700,7700,7700,2959,0,9,246.2982042660557,2.959514007670805,7738.6963840108365,6184.078066914498
1783290425,100,,Aggregated,45.900000,0.000000,9,16,49,76,180,370,5100,7400,7600,7700,7700,3007,0,9,242.54149340447879,2.959514007670805,7738.6963840108365,6222.677419354839
1783290426,100,,Aggregated,45.800000,0.000000,9,16,48,75,180,370,5100,7400,7600,7700,7700,3043,0,9,239.8993806744295,2.959514007670805,7738.6963840108365,6211.416365428853
1783290427,100,,Aggregated,45.100000,0.000000,9,16,47,71,180,370,5100,7400,7600,7700,7700,3095,0,9,236.07397590739325,2.959514007670805,7738.6963840108365,6224.511793214862
1783290428,100,,Aggregated,45.800000,0.000000,8,16,46,69,170,370,5100,7400,7600,7700,7700,3139,0,8,232.9616295155638,2.959514007670805,7738.6963840108365,6203.512583625358
1783290429,100,,Aggregated,45.500000,0.000000,8,15,46,68,170,360,5100,7400,7600,7700,7700,3179,0,8,230.18022675569742,2.959514007670805,7738.6963840108365,6216.394778232148
1783290431,100,,Aggregated,44.900000,0.000000,9,17,51,82,190,360,5100,7400,7600,7700,7700,3267,0,9,229.08484159911796,2.959514007670805,7738.6963840108365,6217.422711968166
1783290432,100,,Aggregated,42.700000,0.000000,9,16,51,80,190,360,5100,7300,7600,7700,7700,3302,0,9,226.75488908429693,2.959514007670805,7738.6963840108365,6229.823137492429
1783290433,100,,Aggregated,39.000000,0.000000,9,16,50,78,190,350,5100,7300,7600,7700,7700,3352,0,9,223.56337169552552,2.959514007670805,7738.6963840108365,6221.316527446301
1783290434,100,,Aggregated,42.300000,0.000000,9,16,48,76,180,350,5100,7300,7600,7700,7700,3389,0,9,221.2700870948618,2.959514007670805,7738.6963840108365,6207.314251991738
1783290435,100,,Aggregated,42.100000,0.000000,8,16,48,73,180,350,5100,7300,7600,7700,7700,3436,0,8,218.41383789159153,2.959514007670805,7738.6963840108365,6192.319848661234
1783290436,100,,Aggregated,42.400000,0.000000,8,16,47,71,180,340,5100,7300,7600,7700,7700,3479,0,8,215.98482645370407,2.959514007670805,7738.6963840108365,6176.69042828399
1783290437,100,,Aggregated,41.600000,0.000000,8,16,47,68,180,330,5100,7300,7600,7700,7700,3528,0,8,213.13186427702732,2.959514007670805,7738.6963840108365,6191.797052154195
1783290438,100,,Aggregated,41.700000,0.000000,8,15,46,67,180,330,5000,7300,7600,7700,7700,3569,0,8,210.84751229571344,2.959514007670805,7738.6963840108365,6192.641075931633
1783290439,100,,Aggregated,41.700000,0.000000,8,15,45,64,170,320,5000,7300,7600,7700,7700,3622,0,8,207.96865733528537,2.8556640027090907,7738.6963840108365,6183.445610160133
1783290440,100,,Aggregated,41.500000,0.000000,8,15,45,63,170,320,5000,7300,7600,7700,7700,3663,0,8,205.83185313031754,2.8556640027090907,7738.6963840108365,6158.466011466012
1783290441,100,,Aggregated,41.600000,0.000000,8,15,44,62,170,320,5000,7200,7600,7700,7700,3701,0,8,203.81083994796143,2.8556640027090907,7738.6963840108365,6140.42069710889
1783290442,100,,Aggregated,44.600000,0.000000,8,14,44,61,170,310,5000,7200,7600,7700,7700,3757,0,8,200.9551344656415,2.8556640027090907,7738.6963840108365,6136.142933191376
1783290443,100,,Aggregated,47.400000,0.000000,8,14,44,61,160,310,5000,7200,7600,7700,7700,3805,0,8,198.63462931891178,2.8556640027090907,7738.6963840108365,6149.6696452036795
1783290444,100,,Aggregated,43.600000,0.000000,8,14,43,60,160,310,5000,7200,7600,7700,7700,3850,0,8,196.43691441907876,2.8556640027090907,7738.6963840108365,6149.966233766234
1783290445,100,,Aggregated,45.600000,0.000000,8,14,42,59,160,300,5000,7200,7600,7700,7700,3891,0,8,194.5237439849692,2.8556640027090907,7738.6963840108365,6153.6319712156255
1783290446,100,,Aggregated,44.900000,0.000000,8,14,42,58,160,300,5000,7200,7600,7700,7700,3935,0,8,192.47731779402983,2.8556640027090907,7738.6963840108365,6150.290724269377
1783290447,100,,Aggregated,46.200000,0.000000,8,14,41,57,160,290,5000,7200,7600,7700,7700,3990,0,8,189.99600875125233,2.8556640027090907,7738.6963840108365,6140.127819548872
1783290448,100,,Aggregated,45.500000,0.000000,7,14,41,56,160,280,5000,7200,7600,7700,7700,4039,0,7,187.81412307934772,2.8556640027090907,7738.6963840108365,6142.6464471403815
1783290449,100,,Aggregated,45.000000,0.000000,7,14,40,55,160,280,4900,7200,7600,7700,7700,4071,0,7,186.4114340890351,2.8556640027090907,7738.6963840108365,6140.570867108819
1783290450,100,,Aggregated,45.800000,0.000000,7,14,40,55,160,280,4900,7200,7600,7700,7700,4119,0,7,184.40374058981368,2.8556640027090907,7738.6963840108365,6148.371692158291
1783290451,100,,Aggregated,46.900000,0.000000,7,14,39,54,160,280,4900,7200,7600,7700,7700,4168,0,7,182.42907104474315,2.8556640027090907,7738.6963840108365,6175.131717850288
1783290452,100,,Aggregated,45.000000,0.000000,7,14,39,54,150,280,4900,7100,7600,7700,7700,4209,0,7,180.76785085423606,2.8556640027090907,7738.6963840108365,6162.323829888334
1783290453,100,,Aggregated,46.000000,0.000000,7,13,38,53,150,280,4900,7100,7600,7700,7700,4257,0,7,178.882536823006,2.8556640027090907,7738.6963840108365,6160.02842377261
1783290454,100,,Aggregated,46.400000,0.000000,7,13,38,53,150,270,4900,7100,7600,7700,7700,4299,0,7,177.3335656049248,2.8556640027090907,7738.6963840108365,6142.499883693882
1783290455,100,,Aggregated,44.800000,0.000000,7,13,38,51,150,270,4900,7000,7600,7700,7700,4345,0,7,175.58044033616426,2.8556640027090907,7738.6963840108365,6129.1753739930955
1783290456,100,,Aggregated,45.100000,0.000000,7,13,37,51,150,270,4900,7000,7600,7700,7700,4395,0,7,173.73670531982523,2.8556640027090907,7738.6963840108365,6135.053242320819
1783290457,100,,Aggregated,44.500000,0.000000,7,13,37,51,150,270,4900,5600,7600,7700,7700,4431,0,7,172.40929765326567,2.8556640027090907,7738.6963840108365,6133.586774994358
1783290458,100,,Aggregated,45.000000,0.000000,7,13,37,50,150,270,4900,5600,7600,7700,7700,4479,0,7,170.6941843026573,2.8556640027090907,7738.6963840108365,6148.1256977003795
1783290459,100,,Aggregated,45.800000,0.000000,7,13,36,49,140,270,4900,5600,7600,7700,7700,4536,0,7,168.71464690951672,2.8556640027090907,7738.6963840108365,6152.723765432099
1783290460,100,,Aggregated,44.400000,0.000000,7,13,36,49,140,260,4900,5600,7600,7700,7700,4579,0,7,167.26209859610827,2.8556640027090907,7738.6963840108365,6155.229744485696
1783290461,100,,Aggregated,44.000000,0.000000,7,13,35,48,140,260,4900,5600,7600,7700,7700,4624,0,7,165.74338875270956,2.8556640027090907,7738.6963840108365,6157.774653979239
1783290462,100,,Aggregated,46.200000,0.000000,7,13,35,48,140,260,4900,5600,7600,7700,7700,4671,0,7,164.24058102109367,2.8556640027090907,7738.6963840108365,6164.008777563691
1783290463,100,,Aggregated,45.800000,0.000000,7,13,34,48,140,250,4800,5600,7600,7700,7700,4720,0,7,162.6901577308148,2.8556640027090907,7738.6963840108365,6155.4917372881355
1783290464,100,,Aggregated,45.900000,0.000000,7,13,34,47,140,250,2600,5600,7600,7700,7700,4766,0,7,161.25310867968963,2.8556640027090907,7738.6963840108365,6145.687998321444
1783290465,100,,Aggregated,45.900000,0.000000,7,13,33,47,140,250,2500,5500,7600,7700,7700,4811,0,7,159.8718024430158,2.8556640027090907,7738.6963840108365,6140.845770110164
1783290466,100,,Aggregated,46.400000,0.000000,7,13,32,47,140,250,2400,5500,7600,7700,7700,4855,0,7,158.53482353312552,2.8556640027090907,7738.6963840108365,6142.696601441812
1783290468,100,,Aggregated,46.500000,0.000000,7,13,32,46,130,240,1500,5500,7600,7700,7700,4902,0,7,157.13213864715547,2.8556640027090907,7738.6963840108365,6168.874949000408
1783290469,100,,Aggregated,46.500000,0.000000,7,13,31,46,130,240,1500,5500,7600,7700,7700,4946,0,7,155.82721729969592,2.8556640027090907,7738.6963840108365,6180.257379700768
1783290470,100,,Aggregated,46.800000,0.000000,7,13,31,46,130,240,1500,5500,7600,7700,7700,4993,0,7,154.4749717469059,2.8556640027090907,7738.6963840108365,6167.345083116363
1783290471,100,,Aggregated,46.300000,0.000000,7,13,31,46,130,240,1500,5400,7600,7700,7700,5036,0,7,153.32250264124315,2.8556640027090907,7738.6963840108365,6154.046862589356
1783290472,100,,Aggregated,45.400000,0.000000,7,13,31,45,130,240,1400,5400,7600,7700,7700,5081,0,7,152.08730839151832,2.8556640027090907,7738.6963840108365,6156.926195630781
1783290473,100,,Aggregated,45.400000,0.000000,7,13,30,45,120,230,780,5400,7600,7700,7700,5120,0,7,151.0543934791599,2.8556640027090907,7738.6963840108365,6144.6384765625
1783290474,100,,Aggregated,45.200000,0.000000,7,12,30,45,120,230,650,5400,7600,7700,7700,5163,0,7,149.94019414338655,2.8556640027090907,7738.6963840108365,6160.670734069339
1783290475,100,,Aggregated,44.900000,0.000000,7,12,29,45,120,230,650,5300,7600,7700,7700,5216,0,7,148.5152150963039,2.8556640027090907,7738.6963840108365,6169.731211656442
1783290476,100,,Aggregated,43.700000,0.000000,7,12,29,44,120,230,650,5300,7600,7700,7700,5261,0,7,147.3592305539399,2.8556640027090907,7738.6963840108365,6164.890325033263
1783290477,100,,Aggregated,44.800000,0.000000,7,12,28,44,120,230,570,5200,7600,7700,7700,5305,0,7,146.21168028656908,2.8556640027090907,7738.6963840108365,6155.902733270499
1783290478,100,,Aggregated,44.600000,0.000000,7,12,28,44,120,220,550,5200,7600,7700,7700,5353,0,7,145.05673616743385,2.8556640027090907,7738.6963840108365,6146.948066504764
1783290479,100,,Aggregated,44.600000,0.000000,7,12,28,44,110,220,550,5200,7600,7700,7700,5392,0,7,144.1266076426527,2.8556640027090907,7738.6963840108365,6135.698442136499
1783290480,100,,Aggregated,44.700000,0.000000,7,12,27,44,110,220,550,5200,7600,7700,7700,5436,0,7,143.05536844556954,2.8556640027090907,7738.6963840108365,6131.181199411332
1783290481,100,,Aggregated,44.600000,0.000000,7,12,26,43,110,220,550,5200,7600,7700,7700,5481,0,7,141.98517536291504,2.8556640027090907,7738.6963840108365,6119.848932676519
1783290482,100,,Aggregated,44.100000,0.000000,7,12,26,43,110,220,550,5200,7600,7700,7700,5532,0,7,140.79614395537405,2.8556640027090907,7738.6963840108365,6130.129248011569
1783290483,100,,Aggregated,44.500000,0.000000,7,12,26,43,110,220,540,5200,7600,7700,7700,5572,0,7,139.88595177694467,2.8556640027090907,7738.6963840108365,6115.051687006461
1783290484,100,,Aggregated,45.100000,0.000000,7,12,25,42,110,220,540,5200,7600,7700,7700,5625,0,7,138.7133690874894,2.8556640027090907,7738.6963840108365,6117.184888888889
1783290485,100,,Aggregated,44.500000,0.000000,7,12,24,42,110,220,540,5200,7600,7700,7700,5661,0,7,137.90202754852143,2.8556640027090907,7738.6963840108365,6121.452570217276
1783290486,100,,Aggregated,45.600000,0.000000,7,12,23,42,110,210,520,5200,7600,7700,7700,5703,0,7,136.97690721887437,2.8556640027090907,7738.6963840108365,6134.030685604068
1783290487,100,,Aggregated,44.200000,0.000000,7,12,22,42,110,210,520,5200,7600,7700,7700,5756,0,7,135.8168873287432,2.8556640027090907,7738.6963840108365,6150.908269631689
1783290488,100,,Aggregated,44.200000,0.000000,7,12,22,41,110,210,520,5200,7600,7700,7700,5800,0,7,134.89094547245196,2.8556640027090907,7738.6963840108365,6156.578793103448
1783290489,100,,Aggregated,45.100000,0.000000,7,12,21,41,100,210,520,5200,7600,7700,7700,5842,0,7,134.0030999646116,2.8556640027090907,7738.6963840108365,6165.019171516604
1783290490,100,,Aggregated,44.500000,0.000000,7,12,21,41,100,210,480,5200,7600,7700,7700,5896,0,7,132.91159361316738,2.8556640027090907,7738.6963840108365,6169.737279511533
1783290491,100,,Aggregated,44.600000,0.000000,7,12,20,41,100,210,450,5100,7600,7700,7700,5942,0,7,131.97617638409065,2.8556640027090907,7738.6963840108365,6166.321945472905
1783290492,100,,Aggregated,46.000000,0.000000,7,12,20,40,100,210,440,5100,7600,7700,7700,5986,0,7,131.07209083699652,2.8556640027090907,7738.6963840108365,6161.907283661878
1783290493,100,,Aggregated,45.800000,0.000000,7,12,19,40,99,200,440,5100,7600,7700,7700,6033,0,7,130.17774080196895,2.8556640027090907,7738.6963840108365,6150.167744074258
1783290494,100,,Aggregated,45.300000,0.000000,7,12,19,40,99,200,430,5100,7600,7700,7700,6079,0,7,129.3004502058343,2.8556640027090907,7738.6963840108365,6148.813949662774
1783290495,100,,Aggregated,46.000000,0.000000,7,12,19,40,99,200,430,5100,7600,7700,7700,6119,0,7,128.59420551450512,2.8556640027090907,7738.6963840108365,6147.694557934303
1783290496,100,,Aggregated,45.800000,0.000000,7,12,19,39,97,200,430,5100,7600,7700,7700,6164,0,7,127.73231033001957,2.8556640027090907,7738.6963840108365,6146.645360155743
1783290497,100,,Aggregated,46.200000,0.000000,7,12,19,39,96,200,430,5100,7600,7700,7700,6219,0,7,126.76016148903037,2.8556640027090907,7738.6963840108365,6145.656214825534
1783290498,100,,Aggregated,45.900000,0.000000,7,12,19,39,94,200,430,5100,7600,7700,7700,6262,0,7,125.9864635988953,2.8556640027090907,7738.6963840108365,6138.453688917279
1783290499,100,,Aggregated,45.900000,0.000000,7,12,19,39,93,200,420,5100,7600,7700,7700,6303,0,7,125.25505653042724,2.8556640027090907,7738.6963840108365,6139.718388069174
1783290500,100,,Aggregated,46.000000,0.000000,7,12,19,39,92,200,420,5100,7600,7700,7700,6355,0,7,124.32434938021709,2.8556640027090907,7738.6963840108365,6138.326986624705
1783290501,100,,Aggregated,45.900000,0.000000,7,12,19,39,90,200,420,5100,7600,7700,7700,6396,0,7,123.64089856194683,2.8556640027090907,7738.6963840108365,6134.502970606629
1783290502,100,,Aggregated,45.400000,0.000000,7,12,18,39,89,190,420,5100,7600,7700,7700,6444,0,7,122.79892693330486,2.8556640027090907,7738.6963840108365,6133.728895096214
1783290503,100,,Aggregated,45.700000,0.000000,7,12,18,38,88,190,410,5100,7600,7700,7700,6485,0,7,122.09658483179969,2.8556640027090907,7738.6963840108365,6130.499922898997
1783290504,100,,Aggregated,45.300000,0.000000,7,12,18,38,86,190,410,5100,7600,7700,7700,6541,0,7,121.20884238911096,2.8556640027090907,7738.6963840108365,6132.020639046017
1783290505,100,,Aggregated,45.600000,0.000000,7,12,18,38,85,190,400,5100,7600,7700,7700,6587,0,7,120.45609133719485,2.8556640027090907,7738.6963840108365,6115.772734173372
1783290506,100,,Aggregated,45.700000,0.000000,7,12,18,38,84,190,400,5100,7600,7700,7700,6631,0,7,119.74076786383078,2.8556640027090907,7738.6963840108365,6103.877997285477
1783290507,100,,Aggregated,46.100000,0.000000,7,12,18,38,84,190,400,5100,7600,7700,7700,6674,0,7,119.05915906174143,2.8556640027090907,7738.6963840108365,6101.554689841175
1783290508,100,,Aggregated,46.100000,0.000000,7,12,18,38,83,180,400,5100,7600,7700,7700,6722,0,7,118.29725077061316,2.8556640027090907,7738.6963840108365,6094.501338887236
1783290509,100,,Aggregated,45.300000,0.000000,7,12,18,38,82,180,400,5100,7600,7700,7700,6758,0,7,117.72672187540194,2.8556640027090907,7738.6963840108365,6092.854098845813
1783290510,100,,Aggregated,46.200000,0.000000,7,12,18,37,81,180,400,5100,7600,7700,7700,6808,0,7,116.95847258225875,2.8556640027090907,7738.6963840108365,6094.6980023501765
1783290511,100,,Aggregated,45.400000,0.000000,7,12,18,37,81,180,390,5100,7600,7700,7700,6860,0,7,116.21269373222846,2.8556640027090907,7738.6963840108365,6099.547084548105
1783290512,100,,Aggregated,45.200000,0.000000,7,12,18,37,80,180,390,5100,7600,7700,7700,6906,0,7,115.52131664047694,2.8556640027090907,7738.6963840108365,6105.646973646105
1783290513,100,,Aggregated,45.100000,0.000000,7,12,18,37,80,180,390,5100,7600,7700,7700,6946,0,7,114.91161518314834,2.8556640027090907,7738.6963840108365,6103.186150302332
1783290514,100,,Aggregated,46.600000,0.000000,7,12,18,37,79,180,390,5100,7600,7700,7700,6989,0,7,114.31813204294242,2.8556640027090907,7738.6963840108365,6111.458863929031
1783290515,100,,Aggregated,45.800000,0.000000,7,12,18,37,78,180,390,5100,7600,7700,7700,7043,0,7,113.58726113419576,2.8556640027090907,7738.6963840108365,6104.7611813147805
1783290516,100,,Aggregated,44.600000,0.000000,7,12,18,37,78,180,390,5100,7600,7700,7700,7083,0,7,112.99700938756156,2.8556640027090907,7738.6963840108365,6102.774812932374
1783290517,100,,Aggregated,45.100000,0.000000,7,12,18,37,77,180,390,5000,7600,7700,7700,7139,0,7,112.21604964534905,2.8556640027090907,7738.6963840108365,6096.8503992155765
1783290518,100,,Aggregated,45.500000,0.000000,7,12,18,36,76,170,390,5000,7600,7700,7700,7183,0,7,111.62987719005443,2.8556640027090907,7738.6963840108365,6095.308366977586
1783290519,100,,Aggregated,45.700000,0.000000,7,12,18,36,76,170,390,5000,7600,7700,7700,7226,0,7,111.06217289290835,2.8556640027090907,7738.6963840108365,6079.534874065873
1783290520,100,,Aggregated,45.400000,0.000000,7,12,18,36,75,170,390,5000,7600,7700,7700,7274,0,7,110.40512324940256,2.8556640027090907,7738.6963840108365,6082.558427275227
1783290521,100,,Aggregated,46.300000,0.000000,7,12,18,36,75,170,390,5000,7600,7700,7700,7315,0,7,109.86188903844017,2.8556640027090907,7738.6963840108365,6079.1332877648665
1783290522,100,,Aggregated,46.900000,0.000000,7,12,17,36,74,170,380,5000,7600,7700,7700,7365,0,7,109.1872991348503,2.8556640027090907,7738.6963840108365,6076.982756279701
1783290523,100,,Aggregated,45.900000,0.000000,7,12,17,36,73,170,380,5000,7600,7700,7700,7401,0,7,108.72674960318007,2.8556640027090907,7738.6963840108365,6071.151195784353
1783290524,100,,Aggregated,44.900000,0.000000,7,12,17,35,72,170,380,5000,7600,7700,7700,7453,0,7,108.0389915721479,2.8556640027090907,7738.6963840108365,6071.608882329263
1783290525,100,,Aggregated,45.700000,0.000000,7,12,17,35,71,170,380,5000,7600,7700,7700,7501,0,7,107.40468353275915,2.8556640027090907,7738.6963840108365,6071.709772030396
1783290526,100,,Aggregated,46.200000,0.000000,7,12,17,35,71,170,380,5000,7600,7700,7700,7541,0,7,106.89163068919406,2.8556640027090907,7738.6963840108365,6071.98183264819
1783290527,100,,Aggregated,45.800000,0.000000,7,12,17,35,71,160,380,5000,7600,7700,7700,7598,0,7,106.18884628641881,2.8556640027090907,7738.6963840108365,6065.762700710713
1783290528,100,,Aggregated,46.100000,0.000000,7,12,17,35,70,160,370,5000,7600,7700,7700,7636,0,7,105.7146482279019,2.8556640027090907,7738.6963840108365,6057.257333682556
1783290529,100,,Aggregated,46.000000,0.000000,7,12,17,34,69,160,370,5000,7600,7700,7700,7677,0,7,105.19726222877213,2.8556640027090907,7738.6963840108365,6061.6795623290345
1783290530,100,,Aggregated,45.700000,0.000000,7,12,17,34,69,160,370,5000,7600,7700,7700,7727,0,7,104.60960711301905,2.8556640027090907,7738.6963840108365,6056.909279151029
1783290531,100,,Aggregated,45.300000,0.000000,7,12,16,34,68,160,370,5000,7600,7700,7700,7773,0,7,104.05935206462638,2.8556640027090907,7738.6963840108365,6056.875466357906
1783290532,100,,Aggregated,44.300000,0.000000,7,12,16,34,68,160,370,5000,7600,7700,7700,7817,0,7,103.55088160692321,2.8556640027090907,7738.6963840108365,6056.938467442753
1783290533,100,,Aggregated,45.600000,0.000000,7,12,16,34,68,160,370,5000,7600,7700,7700,7864,0,7,103.00041061818108,2.8556640027090907,7738.6963840108365,6062.376144455748
1783290534,100,,Aggregated,45.800000,0.000000,7,12,16,33,68,160,370,5000,7600,7700,7700,7909,0,7,102.47827944801624,2.8556640027090907,7738.6963840108365,6071.791250474143
1783290535,100,,Aggregated,45.400000,0.000000,7,12,16,33,67,160,370,5000,7600,7700,7700,7950,0,7,102.0009223987885,2.8556640027090907,7738.6963840108365,6075.535094339622
1783290536,100,,Aggregated,45.800000,0.000000,7,12,16,33,67,160,370,5000,7600,7700,7700,8008,0,7,101.36364927401465,2.8556640027090907,7738.6963840108365,6082.465784215784
1783290537,100,,Aggregated,44.700000,0.000000,7,12,16,33,66,160,370,5000,7600,7700,7700,8049,0,7,100.91481689293722,2.8556640027090907,7738.6963840108365,6080.306497701577
1783290538,100,,Aggregated,45.500000,0.000000,7,12,16,32,65,160,370,5000,7600,7700,7700,8097,0,7,100.37486989554851,2.8556640027090907,7738.6963840108365,6081.450413733482
1783290539,100,,Aggregated,45.200000,0.000000,7,12,16,32,65,160,370,4900,7600,7700,7700,8137,0,7,99.94561719457401,2.8556640027090907,7738.6963840108365,6080.475482364508
1783290540,100,,Aggregated,45.900000,0.000000,7,12,16,32,65,160,360,4900,7600,7700,7700,8190,0,7,99.36958146974311,2.8556640027090907,7738.6963840108365,6078.2432234432235
1783290541,100,,Aggregated,45.600000,0.000000,7,12,16,32,65,160,360,4900,7600,7700,7700,8231,0,7,98.94832895215752,2.8556640027090907,7738.6963840108365,6076.988579759446
1783290542,100,,Aggregated,46.200000,0.000000,7,12,16,32,64,160,360,4900,7600,7700,7700,8273,0,7,98.53713980456826,2.8556640027090907,7738.6963840108365,6067.335670252629
1783290543,100,,Aggregated,45.800000,0.000000,7,12,16,32,64,160,360,4900,7600,7700,7700,8321,0,7,98.05452413930888,2.8556640027090907,7738.6963840108365,6066.757000360533
1783290544,100,,Aggregated,45.000000,0.000000,7,12,16,32,63,150,350,4900,7600,7700,7700,8373,0,7,97.50935191212406,2.8556640027090907,7738.6963840108365,6062.536247462081
1783290545,100,,Aggregated,45.600000,0.000000,7,12,16,32,63,150,350,4900,7600,7700,7700,8414,0,7,97.08447843240049,2.8556640027090907,7738.6963840108365,6066.563109103875
1783290546,100,,Aggregated,46.400000,0.000000,7,12,16,32,63,150,350,4900,7600,7700,7700,8464,0,7,96.57095326160407,2.8556640027090907,7738.6963840108365,6064.842509451796
1783290547,100,,Aggregated,47.000000,0.000000,7,12,16,32,63,150,350,4900,7600,7700,7700,8506,0,7,96.17184325277921,2.8556640027090907,7738.6963840108365,6057.330237479427
1783290548,100,,Aggregated,45.700000,0.000000,7,11,16,31,62,150,350,4900,7600,7700,7700,8557,0,7,95.6682278949601,2.8556640027090907,7738.6963840108365,6064.552530092322
1783290549,100,,Aggregated,45.800000,0.000000,7,12,16,31,62,150,340,4900,7600,7700,7700,8601,0,7,95.25516830382153,2.8556640027090907,7738.6963840108365,6069.380537146843
1783290550,100,,Aggregated,45.000000,0.000000,7,11,16,31,62,150,340,4900,7600,7700,7700,8640,0,7,94.8737559318471,2.8556640027090907,7738.6963840108365,6073.231018518519
1783290551,100,,Aggregated,45.900000,0.000000,7,11,15,31,62,150,340,4900,7600,7700,7700,8690,0,7,94.39602766928967,2.8556640027090907,7738.6963840108365,6071.273647871116
1783290552,100,,Aggregated,45.300000,0.000000,7,11,15,31,61,150,340,4900,7600,7700,7700,8734,0,7,93.97555803952471,2.8556640027090907,7738.6963840108365,6089.091367071216
1783290553,100,,Aggregated,45.200000,0.000000,7,11,15,31,61,150,330,4900,7600,7700,7700,8783,0,7,93.51964554038736,2.8556640027090907,7738.6963840108365,6081.784697711488
1783290554,100,,Aggregated,46.100000,0.000000,7,11,15,31,61,150,330,4900,7600,7700,7700,8828,0,7,93.09702847170468,2.8556640027090907,7738.6963840108365,6075.0130267331215
1783290555,100,,Aggregated,46.400000,0.000000,7,11,15,30,60,150,330,4900,7600,7700,7700,8885,0,7,92.56496943154465,2.8556640027090907,7738.6963840108365,6084.745188519977
1783290556,100,,Aggregated,45.100000,0.000000,7,11,15,30,60,150,330,4900,7600,7700,7700,8924,0,7,92.20767739649031,2.8556640027090907,7738.6963840108365,6087.9868892873155
1783290557,100,,Aggregated,45.000000,0.000000,7,11,15,30,60,150,330,4900,7600,7700,7700,8960,0,7,91.88245298764254,2.8556640027090907,7738.6963840108365,6085.801450892857
1783290558,100,,Aggregated,45.600000,0.000000,7,11,15,30,60,140,320,4900,7500,7700,7700,9016,0,7,91.42499394501098,2.8556640027090907,7738.6963840108365,6080.111579414374
1783290559,100,,Aggregated,45.300000,0.000000,7,11,15,29,60,140,320,4900,7500,7700,7700,9059,0,7,91.04666969568878,2.8556640027090907,7738.6963840108365,6074.7167457776795
1783290560,100,,Aggregated,46.300000,0.000000,7,11,15,29,60,140,320,4900,7500,7700,7700,9109,0,7,90.62171214307729,2.8556640027090907,7738.6963840108365,6079.642661104403
1783290561,100,,Aggregated,46.100000,0.000000,7,11,15,29,59,140,320,4900,7500,7700,7700,9153,0,7,90.25790410709749,2.8556640027090907,7738.6963840108365,6084.732765213591
1783290562,100,,Aggregated,46.200000,0.000000,7,11,15,29,59,140,320,4900,7500,7700,7700,9194,0,7,89.92542148948004,2.8556640027090907,7738.6963840108365,6089.77441809876
1783290563,100,,Aggregated,46.300000,0.000000,7,11,15,29,59,140,320,4900,7500,7700,7700,9238,0,7,89.55653305956578,2.8556640027090907,7738.6963840108365,6083.455185105001
1783290564,100,,Aggregated,45.800000,0.000000,7,11,15,29,59,140,320,4900,7500,7700,7700,9290,0,7,89.13278916085308,2.8556640027090907,7738.6963840108365,6078.441550053822
1783290565,100,,Aggregated,45.700000,0.000000,7,11,15,29,59,140,310,4900,7500,7700,7700,9330,0,7,88.80894570678171,2.8556640027090907,7738.6963840108365,6080.328403001072
1783290566,100,,Aggregated,46.100000,0.000000,7,11,15,29,59,140,310,4900,7500,7700,7700,9385,0,7,88.36241584147241,2.8556640027090907,7738.6963840108365,6086.679275439531
1783290567,100,,Aggregated,46.000000,0.000000,7,11,15,28,58,140,310,4800,7500,7700,7700,9425,0,7,88.05541500427564,2.8556640027090907,7738.6963840108365,6081.3899204244035
1783290568,100,,Aggregated,45.200000,0.000000,7,11,15,28,58,140,310,4800,7500,7700,7700,9468,0,7,87.70752772172355,2.8556640027090907,7738.6963840108365,6075.677545416139
1783290569,100,,Aggregated,46.000000,0.000000,7,11,15,28,58,140,310,2600,7500,7700,7700,9510,0,7,87.3710899591197,2.8556640027090907,7738.6963840108365,6077.4087276551
1783290570,100,,Aggregated,45.200000,0.000000,7,11,15,28,58,140,310,2600,7500,7700,7700,9561,0,7,86.97149178863569,2.8556640027090907,7738.6963840108365,6074.619495868633
1783290571,100,,Aggregated,44.600000,0.000000,7,11,15,28,58,140,310,2500,7500,7700,7700,9611,0,7,86.58492980930092,2.8556640027090907,7738.6963840108365,6074.892102798876
1783290572,100,,Aggregated,45.700000,0.000000,7,11,15,28,57,140,310,2500,7500,7700,7700,9646,0,7,86.30991631340972,2.8556640027090907,7738.6963840108365,6075.278250051835
1783290573,100,,Aggregated,45.400000,0.000000,7,11,15,27,57,140,300,2500,7500,7700,7700,9696,0,7,85.94092137790129,2.8556640027090907,7738.6963840108365,6072.665944719472
1783290574,100,,Aggregated,45.600000,0.000000,7,11,15,27,57,140,300,2400,7500,7700,7700,9744,0,7,85.57699703346465,2.8556640027090907,7738.6963840108365,6073.125
1783290575,100,,Aggregated,44.900000,0.000000,7,11,15,27,57,130,300,2400,7500,7700,7700,9793,0,7,85.23847887767182,2.8556640027090907,7738.6963840108365,6069.41795159808
1783290576,100,,Aggregated,44.500000,0.000000,7,11,15,27,57,130,300,1500,7500,7700,7700,9837,0,7,84.91145262286344,2.8556640027090907,7738.6963840108365,6071.021347971942
1783290577,100,,Aggregated,46.000000,0.000000,7,11,15,27,57,130,290,1500,7500,7700,7700,9882,0,7,84.57173030045647,2.8556640027090907,7738.6963840108365,6072.91631248735
1783290578,100,,Aggregated,45.800000,0.000000,7,11,15,27,57,130,290,1500,7500,7700,7700,9927,0,7,84.27549071090702,2.8556640027090907,7738.6963840108365,6074.569054094893
1783290579,100,,Aggregated,45.100000,0.000000,7,11,15,27,56,130,290,1500,7500,7700,7700,9977,0,7,83.89771769952654,2.8556640027090907,7738.6963840108365,6076.332965821389
1783290580,100,,Aggregated,45.500000,0.000000,7,11,15,26,56,130,290,1500,7500,7700,7700,10015,0,7,83.61972078424216,2.8556640027090907,7738.6963840108365,6077.437943085372
1783290581,100,,Aggregated,46.700000,0.000000,7,11,15,26,56,130,280,1500,7500,7700,7700,10067,0,7,83.24005863705558,2.8556640027090907,7738.6963840108365,6072.644084632959
1783290582,100,,Aggregated,44.800000,0.000000,7,11,15,26,56,130,280,1400,7500,7700,7700,10104,0,7,82.98905492104547,2.8556640027090907,7738.6963840108365,6072.967339667459
1783290583,100,,Aggregated,45.300000,0.000000,7,11,15,26,56,130,280,1400,7500,7700,7700,10152,0,7,82.64910894929459,2.8556640027090907,7738.6963840108365,6069.993301812451
1783290584,100,,Aggregated,45.600000,0.000000,7,11,15,26,55,130,280,780,7500,7700,7700,10205,0,7,82.30124244382777,2.8556640027090907,7738.6963840108365,6068.491033806958
1783290585,100,,Aggregated,45.100000,0.000000,7,11,15,25,55,130,280,780,7500,7700,7700,10245,0,7,82.0235423340433,2.8556640027090907,7738.6963840108365,6060.524938994631
1783290586,100,,Aggregated,45.800000,0.000000,7,11,15,25,55,120,280,780,7500,7700,7700,10290,0,7,81.71444633763413,2.8556640027090907,7738.6963840108365,6062.171914480078
1783290587,100,,Aggregated,44.700000,0.000000,7,11,15,25,55,120,280,650,7500,7700,7700,10339,0,7,81.39179138274899,2.8556640027090907,7738.6963840108365,6054.801624915369
1783290588,100,,Aggregated,45.300000,0.000000,7,11,15,24,55,120,280,650,7500,7700,7700,10386,0,7,81.08185831342239,2.8556640027090907,7738.6963840108365,6055.531966108223
1783290589,100,,Aggregated,45.700000,0.000000,7,11,15,24,55,120,280,650,7500,7700,7700,10429,0,7,80.80222819266115,2.8556640027090907,7738.6963840108365,6051.416818486911
1783290590,100,,Aggregated,45.600000,0.000000,7,11,15,24,55,120,280,650,7500,7700,7700,10476,0,7,80.52594397243367,2.8556640027090907,7738.6963840108365,6043.9740358915615
1783290591,100,,Aggregated,45.200000,0.000000,7,11,15,24,55,120,280,650,7500,7700,7700,10520,0,7,80.24363816693672,2.8556640027090907,7738.6963840108365,6040.8076996197715
1783290592,100,,Aggregated,45.900000,0.000000,7,11,15,24,54,120,280,650,7500,7700,7700,10568,0,7,79.94233556445339,2.8556640027090907,7738.6963840108365,6041.321915215745
1783290593,100,,Aggregated,45.200000,0.000000,7,11,15,23,54,120,280,570,7500,7700,7700,10616,0,7,79.61758635268473,2.8556640027090907,7738.6963840108365,6048.268274302939
1783290594,100,,Aggregated,45.000000,0.000000,7,11,14,23,54,120,280,570,7500,7700,7700,10656,0,7,79.35175438674392,2.8556640027090907,7738.6963840108365,6047.252252252252
1783290595,100,,Aggregated,45.600000,0.000000,7,11,14,23,54,120,280,570,7500,7700,7700,10700,0,7,79.08192454926615,2.8556640027090907,7738.6963840108365,6048.715140186916
1783290596,100,,Aggregated,45.500000,0.000000,7,11,14,23,54,120,270,550,7500,7700,7700,10745,0,7,78.82512935971857,2.8556640027090907,7738.6963840108365,6042.41805490926
1783290597,100,,Aggregated,45.400000,0.000000,7,11,14,23,54,120,270,550,7500,7700,7700,10796,0,7,78.54377515433873,2.8556640027090907,7738.6963840108365,6037.7882549092255
1783290598,100,,Aggregated,45.300000,0.000000,7,11,14,23,54,120,270,550,7500,7700,7700,10840,0,7,78.26649791735878,2.8556640027090907,7738.6963840108365,6036.015959409594
1783290599,100,,Aggregated,45.400000,0.000000,7,11,14,23,54,110,270,550,7500,7700,7700,10879,0,7,78.0336744510699,2.8556640027090907,7738.6963840108365,6034.710635168673
1783290600,100,,Aggregated,45.100000,0.000000,7,11,14,22,53,110,270,550,7500,7700,7700,10932,0,7,77.70642963247177,2.8556640027090907,7738.6963840108365,6032.0463776070255
1783290601,100,,Aggregated,45.600000,0.000000,7,11,14,22,53,110,270,550,7500,7700,7700,10978,0,7,77.44685888377913,2.8556640027090907,7738.6963840108365,6038.4159227546
1783290602,100,,Aggregated,45.400000,0.000000,7,11,14,22,53,110,270,550,7500,7700,7700,11022,0,7,77.19195012621651,2.8556640027090907,7738.6963840108365,6039.34839412085
1783290603,100,,Aggregated,45.500000,0.000000,7,11,14,22,53,110,270,550,7500,7700,7700,11075,0,7,76.8911786525669,2.8556640027090907,7738.6963840108365,6036.725237020316
1783290604,100,,Aggregated,45.800000,0.000000,7,11,14,22,53,110,270,540,7500,7700,7700,11112,0,7,76.67944282218491,2.8556640027090907,7738.6963840108365,6035.556155507559
1783290605,100,,Aggregated,46.100000,0.000000,7,11,14,21,53,110,270,540,7500,7700,7700,11161,0,7,76.39500110689781,2.8556640027090907,7738.6963840108365,6030.270495475316
1783290606,100,,Aggregated,46.000000,0.000000,7,11,14,21,53,110,270,540,7500,7700,7700,11203,0,7,76.16283874106031,2.8556640027090907,7738.6963840108365,6035.290011604035
1783290609,100,,Aggregated,43.500000,0.000000,7,11,15,26,56,130,280,550,7500,7700,7700,11298,0,7,77.3761908552054,2.8556640027090907,7738.6963840108365,6027.695078775005
1783290610,100,,Aggregated,39.000000,0.000000,7,11,15,26,56,130,280,540,7500,7700,7700,11334,0,7,77.2060730232098,2.8556640027090907,7738.6963840108365,6019.815599082407
1783290611,100,,Aggregated,43.300000,0.000000,7,11,15,26,56,130,280,540,7500,7700,7700,11375,0,7,76.97990706997571,2.8556640027090907,7738.6963840108365,6012.814505494505
1783290612,100,,Aggregated,40.900000,0.000000,7,11,15,25,56,130,280,540,7500,7700,7700,11423,0,7,76.71565238588634,2.8556640027090907,7738.6963840108365,6024.16676879979
1783290613,100,,Aggregated,41.600000,0.000000,7,11,15,24,56,130,280,540,7500,7700,7700,11472,0,7,76.42628839426273,2.8556640027090907,7738.6963840108365,6017.579323570432
1783290614,100,,Aggregated,41.500000,0.000000,7,11,15,24,55,130,280,540,7500,7700,7700,11514,0,7,76.20006258814789,2.8556640027090907,7738.6963840108365,6013.833593885704
1783290615,100,,Aggregated,41.800000,0.000000,7,11,15,24,55,130,280,540,7500,7700,7700,11567,0,7,75.92789822814512,2.8556640027090907,7738.6963840108365,6019.424829255641
1783290616,100,,Aggregated,41.000000,0.000000,7,11,15,24,55,130,280,520,7500,7700,7700,11609,0,7,75.69808894253593,2.8556640027090907,7738.6963840108365,6016.93694547334
1783290617,100,,Aggregated,41.700000,0.000000,7,11,15,24,55,130,280,520,7500,7700,7700,11670,0,7,75.37073702697941,2.8556640027090907,7738.6963840108365,6021.025192802056
1783290618,100,,Aggregated,41.500000,0.000000,7,11,15,24,55,130,270,520,7500,7700,7700,11705,0,7,75.18261858939529,2.8556640027090907,7738.6963840108365,6019.579325074755
1783290619,100,,Aggregated,44.800000,0.000000,7,11,15,23,55,130,270,520,7500,7700,7700,11755,0,7,74.90594067647022,2.8556640027090907,7738.6963840108365,6014.2863462356445
1783290620,100,,Aggregated,49.000000,0.000000,7,11,15,23,55,130,270,520,7500,7700,7700,11797,0,7,74.67774427328409,2.8556640027090907,7738.6963840108365,6015.099262524371
1783290621,100,,Aggregated,44.000000,0.000000,7,11,14,23,54,130,270,520,7500,7700,7700,11847,0,7,74.39793852899099,2.8556640027090907,7738.6963840108365,6014.994091331138
1783290622,100,,Aggregated,47.000000,0.000000,7,11,14,23,54,120,270,520,7500,7700,7700,11894,0,7,74.17091376315452,2.8556640027090907,7738.6963840108365,6016.123591726921
1783290623,100,,Aggregated,46.900000,0.000000,7,11,14,23,54,120,270,480,7500,7700,7700,11934,0,7,73.95464596546935,2.8556640027090907,7738.6963840108365,6013.283978548684
1783290624,100,,Aggregated,46.300000,0.000000,7,11,14,22,54,120,270,480,7500,7700,7700,11979,0,7,73.71923320300981,2.8556640027090907,7738.6963840108365,6017.217380415727
1783290625,100,,Aggregated,45.900000,0.000000,7,11,14,22,54,120,270,450,7500,7700,7700,12034,0,7,73.44892262030785,2.8556640027090907,7738.6963840108365,6013.152900116337
1783290626,100,,Aggregated,46.200000,0.000000,7,11,14,22,54,120,270,450,7500,7700,7700,12078,0,7,73.21792024721584,2.8556640027090907,7738.6963840108365,6012.185461169068
1783290627,100,,Aggregated,46.700000,0.000000,7,11,14,23,54,120,270,450,7500,7700,7700,12140,0,7,73.16184383490858,2.8556640027090907,7738.6963840108365,6014.650906095552
1783290628,100,,Aggregated,46.500000,0.000000,7,11,14,23,54,120,270,450,7500,7700,7700,12193,0,7,72.90033464321546,2.8556640027090907,7738.6963840108365,6018.502747478061
1783290629,100,,Aggregated,46.200000,0.000000,7,11,14,23,54,120,270,440,7500,7700,7700,12240,0,7,72.69594644344015,2.8556640027090907,7738.6963840108365,6018.654493464052
1783290630,100,,Aggregated,45.600000,0.000000,7,11,14,23,54,120,270,440,7500,7700,7700,12284,0,7,72.48505596032602,2.8556640027090907,7738.6963840108365,6022.46686746988
1783290631,100,,Aggregated,46.500000,0.000000,7,11,14,23,54,120,270,440,7500,7700,7700,12337,0,7,72.21612189135062,2.8556640027090907,7738.6963840108365,6020.183107724731
1783290632,100,,Aggregated,46.600000,0.000000,7,11,14,22,54,120,270,440,7500,7700,7700,12377,0,7,72.01825558378988,2.8556640027090907,7738.6963840108365,6019.51522986184
1783290633,100,,Aggregated,46.500000,0.000000,7,11,14,22,54,120,270,440,7500,7700,7700,12424,0,7,71.77790807787567,2.8556640027090907,7738.6963840108365,6020.206374758532
1783290634,100,,Aggregated,46.800000,0.000000,7,11,14,22,53,120,270,440,7500,7700,7700,12471,0,7,71.55120005833498,2.8556640027090907,7738.6963840108365,6020.718867773234
1783290635,100,,Aggregated,46.400000,0.000000,7,11,14,22,53,120,270,430,7500,7700,7700,12514,0,7,71.35083132679297,2.8556640027090907,7738.6963840108365,6016.085584145757
1783290636,100,,Aggregated,46.800000,0.000000,7,11,14,22,53,120,260,430,7500,7700,7700,12567,0,7,71.09252912735735,2.8556640027090907,7738.6963840108365,6018.555502506565
1783290637,100,,Aggregated,46.100000,0.000000,7,11,14,21,53,120,260,430,7500,7700,7700,12613,0,7,70.86650529552718,2.8556640027090907,7738.6963840108365,6018.117022120035
1783290638,100,,Aggregated,45.600000,0.000000,7,11,14,21,53,120,260,430,7500,7700,7700,12658,0,7,70.66237651773505,2.8556640027090907,7738.6963840108365,6011.924553641966
1783290639,100,,Aggregated,46.000000,0.000000,7,11,14,21,53,120,260,430,7500,7700,7700,12703,0,7,70.4686104695345,2.8556640027090907,7738.6963840108365,6007.587420294419
1783290640,100,,Aggregated,47.000000,0.000000,7,11,14,21,53,120,260,430,7500,7700,7700,12749,0,7,70.2458433955988,2.8556640027090907,7738.6963840108365,6013.2640207075065
1783290641,100,,Aggregated,45.900000,0.000000,7,11,14,21,53,120,260,430,7500,7700,7700,12789,0,7,70.06478209691697,2.8556640027090907,7738.6963840108365,6010.878098365783
1783290642,100,,Aggregated,45.800000,0.000000,7,11,14,21,52,110,260,430,7500,7700,7700,12839,0,7,69.84816962415036,2.8556640027090907,7738.6963840108365,6014.173533764312
1783290643,100,,Aggregated,45.700000,0.000000,7,11,14,21,52,110,260,430,7500,7700,7700,12889,0,7,69.61506939176358,2.8556640027090907,7738.6963840108365,6021.125610986112
1783290644,100,,Aggregated,45.200000,0.000000,7,11,14,21,52,110,260,430,7500,7700,7700,12925,0,7,69.44238077775293,2.8556640027090907,7738.6963840108365,6025.842862669246
1783290645,100,,Aggregated,46.200000,0.000000,7,11,14,21,52,110,260,430,7500,7700,7700,12980,0,7,69.19099912553789,2.8556640027090907,7738.6963840108365,6020.641371340524
1783290646,100,,Aggregated,46.300000,0.000000,7,11,14,21,52,110,260,420,7500,7700,7700,13016,0,7,69.02409805389804,2.8556640027090907,7738.6963840108365,6020.628841425937
1783290647,100,,Aggregated,45.200000,0.000000,7,11,14,20,52,110,250,420,7500,7700,7700,13064,0,7,68.81924754382644,2.8556640027090907,7738.6963840108365,6020.065600122474
1783290648,100,,Aggregated,46.600000,0.000000,7,11,14,20,52,110,250,420,7500,7700,7700,13112,0,7,68.62000161215168,2.8556640027090907,7738.6963840108365,6015.492602196461
1783290649,100,,Aggregated,45.400000,0.000000,7,11,14,20,52,110,250,420,7500,7700,7700,13151,0,7,68.45341011873732,2.8556640027090907,7738.6963840108365,6012.203330545206
1783290650,100,,Aggregated,45.100000,0.000000,7,11,14,20,52,110,250,420,7500,7700,7700,13202,0,7,68.24588544890352,2.8556640027090907,7738.6963840108365,6016.092183002575
1783290651,100,,Aggregated,45.700000,0.000000,7,11,14,20,52,110,250,420,7500,7700,7700,13255,0,7,68.04283938155095,2.8556640027090907,7738.6963840108365,6015.100188608072
1783290652,100,,Aggregated,45.300000,0.000000,7,11,14,20,51,110,250,410,7500,7700,7700,13301,0,7,67.85902146549043,2.8556640027090907,7738.6963840108365,6013.587399443651
1783290653,100,,Aggregated,45.500000,0.000000,7,11,14,20,51,110,250,410,7500,7700,7700,13345,0,7,67.67066431820699,2.8556640027090907,7738.6963840108365,6012.0402397901835
1783290654,100,,Aggregated,46.200000,0.000000,7,11,14,20,51,110,250,410,7500,7700,7700,13395,0,7,67.46597956300484,2.8556640027090907,7738.6963840108365,6011.12773422919
1783290655,100,,Aggregated,45.700000,0.000000,7,11,14,20,51,110,250,410,7500,7700,7700,13439,0,7,67.29752794683262,2.8556640027090907,7738.6963840108365,6004.956916437235
1783290656,100,,Aggregated,45.700000,0.000000,7,11,14,20,51,110,250,410,7500,7700,7700,13488,0,7,67.10357267671014,2.8556640027090907,7738.6963840108365,6006.726571767497
1783290657,100,,Aggregated,46.700000,0.000000,7,11,14,20,51,110,250,400,7500,7700,7700,13527,0,7,66.93997176043847,2.8556640027090907,7738.6963840108365,6004.396096695498
1783290658,100,,Aggregated,45.700000,0.000000,7,11,14,20,51,110,250,400,7500,7700,7700,13577,0,7,66.73485804658229,2.8556640027090907,7738.6963840108365,6000.101716137586
1783290659,100,,Aggregated,46.300000,0.000000,7,11,14,20,51,110,250,400,7500,7700,7700,13622,0,7,66.57718711896435,2.8556640027090907,7738.6963840108365,5997.836220819263
1783290660,100,,Aggregated,46.400000,0.000000,7,11,14,20,51,110,250,400,7500,7700,7700,13665,0,7,66.40647853673501,2.8556640027090907,7738.6963840108365,6004.462495426272
1783290661,100,,Aggregated,46.200000,0.000000,7,11,14,20,51,110,250,400,7500,7700,7700,13708,0,7,66.23142072158008,2.8556640027090907,7738.6963840108365,6007.125474175664
1783290662,100,,Aggregated,46.200000,0.000000,7,11,14,20,51,110,240,400,7500,7700,7700,13755,0,7,66.03329391933357,2.8556640027090907,7738.6963840108365,6007.93449654671
1783290663,100,,Aggregated,45.600000,0.000000,7,11,14,20,51,110,240,400,7500,7700,7700,13792,0,7,65.89622257130672,2.8556640027090907,7738.6963840108365,6008.409657772621
1783290664,100,,Aggregated,45.200000,0.000000,7,11,14,19,51,110,240,400,7500,7700,7700,13840,0,7,65.70141953045432,2.8556640027090907,7738.6963840108365,6011.671676300578
1783290665,100,,Aggregated,45.400000,0.000000,7,11,14,19,50,100,240,400,7500,7700,7700,13893,0,7,65.5205227254423,2.8556640027090907,7738.6963840108365,6010.809688332253
1783290666,100,,Aggregated,44.500000,0.000000,7,11,14,19,50,100,240,400,7500,7700,7700,13932,0,7,65.37326246091948,2.8556640027090907,7738.6963840108365,6013.388530002871
1783290667,100,,Aggregated,44.300000,0.000000,7,11,14,19,50,100,240,400,7500,7700,7700,13982,0,7,65.1835093944748,2.8556640027090907,7738.6963840108365,6016.109140323273
1783290668,100,,Aggregated,45.300000,0.000000,7,11,14,19,50,100,240,400,7500,7700,7700,14024,0,7,65.03790307911603,2.8556640027090907,7738.6963840108365,6015.030875641757
1783290669,100,,Aggregated,44.300000,0.000000,7,11,14,19,50,100,240,400,7500,7700,7700,14073,0,7,64.84299798192066,2.8556640027090907,7738.6963840108365,6014.68869466354
1783290670,100,,Aggregated,44.900000,0.000000,7,11,14,19,50,100,240,400,7500,7700,7700,14123,0,7,64.66412270328895,2.8556640027090907,7738.6963840108365,6014.023153720881
1783290671,100,,Aggregated,44.700000,0.000000,7,11,14,19,50,100,240,400,7500,7700,7700,14161,0,7,64.5278813500856,2.8556640027090907,7738.6963840108365,6011.530965327307
1783290672,100,,Aggregated,45.100000,0.000000,7,11,14,19,50,100,240,390,7500,7700,7700,14207,0,7,64.34929545911079,2.8556640027090907,7738.6963840108365,6015.587738438798
1783290673,100,,Aggregated,45.700000,0.000000,7,11,14,19,50,100,240,390,7500,7700,7700,14248,0,7,64.20357239911539,2.8556640027090907,7738.6963840108365,6015.881597417181
1783290674,100,,Aggregated,45.200000,0.000000,7,11,14,19,50,99,240,390,7500,7700,7700,14311,0,7,63.98305166197367,2.8556640027090907,7738.6963840108365,6015.166585144295
1783290676,100,,Aggregated,44.900000,0.000000,7,11,14,19,50,99,230,390,7500,7700,7700,14356,0,7,63.83490922272777,2.8556640027090907,7738.6963840108365,6011.00724435776
1783290677,100,,Aggregated,45.200000,0.000000,7,11,14,19,50,99,230,390,7500,7700,7700,14400,0,7,63.68941469052111,2.8556640027090907,7738.6963840108365,6009.092361111111
1783290678,100,,Aggregated,46.900000,0.000000,7,11,14,19,50,99,230,390,7500,7700,7700,14445,0,7,63.54526228857793,2.8556640027090907,7738.6963840108365,6008.948355832468
1783290679,100,,Aggregated,46.700000,0.000000,7,11,14,19,50,99,230,390,7500,7700,7700,14498,0,7,63.37062017523041,2.8556640027090907,7738.6963840108365,6008.49268864671
1783290680,100,,Aggregated,46.200000,0.000000,7,11,14,19,50,99,230,390,7500,7700,7700,14534,0,7,63.23823201606661,2.8556640027090907,7738.6963840108365,6001.5695610293105
1783290681,100,,Aggregated,47.000000,0.000000,7,11,14,19,50,98,230,390,7500,7700,7700,14576,0,7,63.11031892257711,2.8556640027090907,7738.6963840108365,6005.107299670692
1783290682,100,,Aggregated,45.900000,0.000000,7,11,14,19,50,97,230,390,7500,7700,7700,14624,0,7,62.94776879790045,2.8556640027090907,7738.6963840108365,6005.992751641138
1783290683,100,,Aggregated,45.000000,0.000000,7,11,14,19,50,97,230,390,7500,7700,7700,14672,0,7,62.77229983311496,2.8556640027090907,7738.6963840108365,6006.972191930207
1783290684,100,,Aggregated,46.000000,0.000000,7,11,14,19,49,97,230,390,7500,7700,7700,14715,0,7,62.61881432840194,2.8556640027090907,7738.6963840108365,6012.22385321101
1783290685,100,,Aggregated,46.200000,0.000000,7,11,14,19,49,96,230,390,7500,7700,7700,14773,0,7,62.43245697715567,2.8556640027090907,7738.6963840108365,6015.141948148649
1783290686,100,,Aggregated,46.500000,0.000000,7,11,14,19,49,95,230,390,7500,7700,7700,14819,0,7,62.28794027056086,2.8556640027090907,7738.6963840108365,6011.9628180039135
1783290687,100,,Aggregated,46.000000,0.000000,7,11,14,19,49,95,230,390,7500,7700,7700,14853,0,7,62.18601812451513,2.8556640027090907,7738.6963840108365,6008.844206557598
1783290688,100,,Aggregated,46.000000,0.000000,7,11,14,19,49,94,230,390,7500,7700,7700,14910,0,7,62.004407088428316,2.8556640027090907,7738.6963840108365,6005.695774647887
1783290689,100,,Aggregated,45.100000,0.000000,7,11,14,19,49,94,230,390,7500,7700,7700,14944,0,7,61.89468863821289,2.8556640027090907,7738.6963840108365,6001.48266862955
1783290690,100,,Aggregated,46.000000,0.000000,7,11,14,19,49,94,230,390,7500,7700,7700,14997,0,7,61.72613707304387,2.8556640027090907,7738.6963840108365,5995.584516903381
1783290691,100,,Aggregated,44.600000,0.000000,7,11,14,19,49,93,220,390,7500,7700,7700,15045,0,7,61.57138361578258,2.8556640027090907,7738.6963840108365,5994.4553007643735
1783290692,100,,Aggregated,46.100000,0.000000,7,11,14,19,49,93,220,390,7500,7700,7700,15087,0,7,61.43128774742529,2.8556640027090907,7738.6963840108365,5992.329422681779
1783290693,100,,Aggregated,46.700000,0.000000,7,11,14,19,49,92,220,390,7500,7700,7700,15132,0,7,61.28509371842934,2.8556640027090907,7738.6963840108365,5987.361485593445
1783290694,100,,Aggregated,45.500000,0.000000,7,11,14,19,49,92,220,390,7500,7700,7700,15178,0,7,61.14156011123301,2.8556640027090907,7738.6963840108365,5983.2423903017525
1783290695,100,,Aggregated,45.600000,0.000000,7,11,14,19,49,92,220,380,7500,7700,7700,15223,0,7,61.01493998806306,2.8556640027090907,7738.6963840108365,5980.2307692307695
1783290696,100,,Aggregated,46.300000,0.000000,7,11,14,19,49,92,220,380,7500,7700,7700,15276,0,7,60.857016815482254,2.8556640027090907,7738.6963840108365,5975.6245744959415
1783290697,100,,Aggregated,44.700000,0.000000,7,11,14,19,49,91,220,380,7500,7700,7700,15310,0,7,60.746581396167464,2.8556640027090907,7738.6963840108365,5975.2555845852385
1783290698,100,,Aggregated,45.400000,0.000000,7,11,14,19,49,91,220,380,7500,7700,7700,15369,0,7,60.56486796638191,2.8556640027090907,7738.6963840108365,5972.292667057063
1783290699,100,,Aggregated,45.300000,0.000000,7,11,14,19,49,90,220,380,7500,7700,7700,15406,0,7,60.438745025849684,2.8556640027090907,7738.6963840108365,5971.950733480462
1783290700,100,,Aggregated,45.800000,0.000000,7,11,14,19,49,90,220,380,7500,7700,7700,15454,0,7,60.2993078195427,2.8556640027090907,7738.6963840108365,5970.8869548337
1783290701,100,,Aggregated,45.500000,0.000000,7,11,14,19,49,90,220,380,7500,7700,7700,15503,0,7,60.1779962375807,2.8556640027090907,7738.6963840108365,5970.637618525447
1783290702,100,,Aggregated,45.500000,0.000000,7,11,14,19,49,90,220,380,7500,7700,7700,15549,0,7,60.053700376114755,2.8556640027090907,7738.6963840108365,5968.857547109139
1783290703,100,,Aggregated,44.800000,0.000000,7,11,14,19,49,90,220,380,7500,7700,7700,15599,0,7,59.902441269967994,2.8556640027090907,7738.6963840108365,5969.891916148471
1783290704,100,,Aggregated,46.700000,0.000000,7,11,14,19,49,89,220,380,7500,7700,7700,15648,0,7,59.75323948876855,2.8556640027090907,7738.6963840108365,5969.170245398773
1783290705,100,,Aggregated,46.600000,0.000000,7,11,14,19,49,89,220,380,7500,7700,7700,15690,0,7,59.624416212570736,2.8556640027090907,7738.6963840108365,5966.338559592097
1783290706,100,,Aggregated,46.300000,0.000000,7,11,14,19,49,89,220,370,7500,7700,7700,15738,0,7,59.47748646964633,2.8556640027090907,7738.6963840108365,5964.820942940653
1783290707,100,,Aggregated,46.600000,0.000000,7,11,14,18,48,89,220,370,7500,7700,7700,15785,0,7,59.329683421115526,2.8556640027090907,7738.6963840108365,5966.861197339246
1783290708,100,,Aggregated,46.000000,0.000000,7,11,14,18,48,89,220,370,7500,7700,7700,15834,0,7,59.18458599105322,2.8556640027090907,7738.6963840108365,5965.521851711507
1783290709,100,,Aggregated,47.200000,0.000000,7,11,14,18,48,89,220,370,7500,7700,7700,15885,0,7,59.03875357478094,2.8556640027090907,7738.6963840108365,5967.619137551149
1783290710,100,,Aggregated,46.300000,0.000000,6,11,14,18,48,89,220,370,7500,7700,7700,15920,0,6,58.93664705260228,2.8556640027090907,7738.6963840108365,5970.040640703518
1783290711,100,,Aggregated,47.600000,0.000000,6,11,14,18,48,88,220,370,7500,7700,7700,15971,0,6,58.786618724909005,2.8556640027090907,7738.6963840108365,5966.934130611734
1783290712,100,,Aggregated,46.400000,0.000000,6,11,14,18,48,88,210,370,7500,7700,7700,16019,0,6,58.65232046697655,2.8556640027090907,7738.6963840108365,5964.071415194457
1783290713,100,,Aggregated,47.100000,0.000000,6,11,14,18,48,87,210,370,7500,7700,7700,16068,0,6,58.51148982658015,2.8556640027090907,7738.6963840108365,5967.336631814787
1783290714,100,,Aggregated,46.900000,0.000000,6,11,14,18,48,87,210,370,7500,7700,7700,16114,0,6,58.376552419541284,2.8556640027090907,7738.6963840108365,5970.003599354599
1783290715,100,,Aggregated,46.900000,0.000000,6,11,14,18,48,87,210,370,7500,7700,7700,16167,0,6,58.22086983215492,2.8556640027090907,7738.6963840108365,5970.886249768046
1783290716,100,,Aggregated,47.300000,0.000000,6,11,14,18,48,86,210,370,7500,7700,7700,16209,0,6,58.11055010398533,2.8556640027090907,7738.6963840108365,5971.46406317478
1783290717,100,,Aggregated,47.300000,0.000000,6,11,14,18,48,86,210,370,7500,7700,7700,16255,0,6,58.003765709534875,2.8556640027090907,7738.6963840108365,5967.521070439865
1783290718,100,,Aggregated,47.200000,0.000000,6,11,14,18,48,86,210,370,7500,7700,7700,16302,0,6,57.87038548610601,2.8556640027090907,7738.6963840108365,5967.760765550239
1783290719,100,,Aggregated,47.300000,0.000000,6,11,14,18,48,86,210,370,7500,7700,7700,16348,0,6,57.76017232906291,2.8556640027090907,7738.6963840108365,5966.775018350869
1783290720,100,,Aggregated,47.000000,0.000000,6,11,14,18,48,86,210,370,7500,7700,7700,16398,0,6,57.623617858068435,2.8556640027090907,7738.6963840108365,5971.767105744603
1783290721,100,,Aggregated,46.500000,0.000000,6,11,14,18,48,86,210,370,7500,7700,7700,16445,0,6,57.49505399492722,2.8556640027090907,7738.6963840108365,5968.261842505321
1783290722,100,,Aggregated,47.300000,0.000000,6,11,14,18,48,85,210,370,7500,7700,7700,16499,0,6,57.40656650327632,2.8556640027090907,7738.6963840108365,5973.6475543972365
1783290723,100,,Aggregated,47.400000,0.000000,6,11,14,18,48,85,210,370,7500,7700,7700,16548,0,6,57.26214586274135,2.8556640027090907,7738.6963840108365,5975.585327532028
1783290724,100,,Aggregated,46.300000,0.000000,6,11,14,18,48,85,210,370,7500,7700,7700,16596,0,6,57.14404697859037,2.8556640027090907,7738.6963840108365,5968.30248252591
1783290725,100,,Aggregated,45.700000,0.000000,6,11,14,18,48,85,210,370,7500,7700,7700,16632,0,6,57.04376205571527,2.8556640027090907,7738.6963840108365,5966.753968253968
1783290726,100,,Aggregated,45.200000,0.000000,6,11,14,18,48,85,210,370,7500,7700,7700,16686,0,6,56.90063620367582,2.8556640027090907,7738.6963840108365,5963.741639697951
1783290727,100,,Aggregated,44.800000,0.000000,6,11,14,18,48,84,210,370,7500,7700,7700,16734,0,6,56.77532596041473,2.8556640027090907,7738.6963840108365,5965.631468865782
1783290728,100,,Aggregated,44.500000,0.000000,6,11,14,18,48,84,210,370,7500,7700,7700,16779,0,6,56.65219893602658,2.8556640027090907,7738.6963840108365,5967.4354252339235
1783290729,100,,Aggregated,45.100000,0.000000,6,11,14,18,48,84,210,370,7500,7700,7700,16823,0,6,56.539704170866536,2.8556640027090907,7738.6963840108365,5970.705759971468
1783290730,100,,Aggregated,44.700000,0.000000,6,11,14,18,48,84,210,370,7500,7700,7700,16863,0,6,56.43202502564698,2.8556640027090907,7738.6963840108365,5969.749510763209
1783290731,100,,Aggregated,45.200000,0.000000,6,11,14,18,48,83,210,360,7500,7700,7700,16913,0,6,56.29226621578324,2.8556640027090907,7738.6963840108365,5971.456217111098
1783290732,100,,Aggregated,44.600000,0.000000,6,11,14,18,48,83,210,360,7500,7700,7700,16960,0,6,56.17393683482215,2.8556640027090907,7738.6963840108365,5965.994752358491
1783290733,100,,Aggregated,44.800000,0.000000,6,11,14,18,48,83,200,360,7500,7700,7700,17004,0,6,56.06351978519997,2.8556640027090907,7738.6963840108365,5962.8475064690665
1783290734,100,,Aggregated,45.100000,0.000000,6,11,14,18,48,83,200,360,7500,7700,7700,17054,0,6,55.946907193945464,2.8556640027090907,7738.6963840108365,5965.478011023807
1783290735,100,,Aggregated,45.400000,0.000000,6,11,14,18,48,83,200,360,7500,7700,7700,17099,0,6,55.82932100535221,2.8556640027090907,7738.6963840108365,5962.261711211182
1783290736,100,,Aggregated,45.200000,0.000000,6,11,14,18,48,83,200,360,7500,7700,7700,17135,0,6,55.73380067076253,2.8556640027090907,7738.6963840108365,5965.095185293259
1783290737,100,,Aggregated,45.800000,0.000000,6,11,14,18,48,82,200,360,7500,7700,7700,17190,0,6,55.59815141986492,2.8556640027090907,7738.6963840108365,5958.613787085515
1783290738,100,,Aggregated,46.200000,0.000000,6,11,14,18,48,82,200,360,7500,7700,7700,17237,0,6,55.47620041338084,2.8556640027090907,7738.6963840108365,5965.674769391426
1783290739,100,,Aggregated,45.300000,0.000000,6,11,14,18,48,82,200,360,7500,7700,7700,17277,0,6,55.38324544507168,2.8556640027090907,7738.6963840108365,5960.004630433525
1783290740,100,,Aggregated,46.300000,0.000000,6,11,14,18,47,82,200,350,7500,7700,7700,17324,0,6,55.266384460833656,2.8556640027090907,7738.6963840108365,5961.298083583468
1783290741,100,,Aggregated,45.400000,0.000000,6,11,14,18,47,82,200,350,7500,7700,7700,17373,0,6,55.142796718266275,2.8556640027090907,7738.6963840108365,5964.476428941461
1783290742,100,,Aggregated,45.500000,0.000000,6,11,14,18,47,82,200,350,7500,7700,7700,17410,0,6,55.062328761540186,2.8556640027090907,7738.6963840108365,5963.984319356691
1783290743,100,,Aggregated,45.600000,0.000000,6,11,14,18,47,82,200,350,7500,7700,7700,17458,0,6,54.947519717573535,2.8556640027090907,7738.6963840108365,5965.726142742582
1783290744,100,,Aggregated,45.500000,0.000000,6,11,14,18,47,81,200,350,7500,7700,7700,17513,0,6,54.826645512494295,2.8556640027090907,7738.6963840108365,5964.403072003654
1783290745,100,,Aggregated,45.400000,0.000000,6,11,14,18,47,81,200,350,7500,7700,7700,17544,0,6,54.74586983927896,2.8556640027090907,7738.6963840108365,5965.0818513451895
1783290746,100,,Aggregated,45.800000,0.000000,6,11,14,18,47,81,200,350,7500,7700,7700,17594,0,6,54.62968889219695,2.8556640027090907,7738.6963840108365,5966.038081164033
1783290747,100,,Aggregated,45.500000,0.000000,6,11,14,18,47,81,200,350,7500,7700,7700,17642,0,6,54.50908723462976,2.8556640027090907,7738.6963840108365,5963.969958054642
1783290748,100,,Aggregated,44.900000,0.000000,6,11,14,18,47,81,200,350,7500,7700,7700,17688,0,6,54.39672287892001,2.8556640027090907,7738.6963840108365,5962.331241519674
1783290749,100,,Aggregated,45.400000,0.000000,6,11,14,18,47,81,200,350,7500,7700,7700,17730,0,6,54.32037656206033,2.8556640027090907,7738.6963840108365,5960.932543711224
1783290750,100,,Aggregated,44.700000,0.000000,6,11,14,18,47,81,200,350,7500,7700,7700,17781,0,6,54.227171374072775,2.8556640027090907,7738.6963840108365,5962.212249029863
1783290751,100,,Aggregated,45.100000,0.000000,6,11,14,18,47,81,200,350,7500,7700,7700,17822,0,6,54.12720112026653,2.8556640027090907,7738.6963840108365,5964.734766019526
1783290752,100,,Aggregated,45.700000,0.000000,6,11,14,18,47,81,200,350,7500,7700,7700,17873,0,6,54.0129731346978,2.8556640027090907,7738.6963840108365,5965.642029877469
1783290753,100,,Aggregated,45.000000,0.000000,6,11,14,18,47,80,200,340,7500,7700,7700,17918,0,6,53.901818717124506,2.8556640027090907,7738.6963840108365,5965.145049670722
1783290754,100,,Aggregated,45.500000,0.000000,6,11,14,18,47,80,200,340,7500,7700,7700,17962,0,6,53.80238205335997,2.8556640027090907,7738.6963840108365,5964.65783320343
1783290755,100,,Aggregated,45.700000,0.000000,6,11,14,18,47,80,200,340,7500,7700,7700,18003,0,6,53.69952276362175,2.8556640027090907,7738.6963840108365,5960.886018996834
1783290756,100,,Aggregated,45.200000,0.000000,6,11,14,18,47,80,200,340,7500,7700,7700,18052,0,6,53.588358997980066,2.8556640027090907,7738.6963840108365,5961.031353866608
1783290757,100,,Aggregated,45.200000,0.000000,6,11,14,18,47,80,200,340,7500,7700,7700,18096,0,6,53.48057106927557,2.8556640027090907,7738.6963840108365,5962.843280282936
1783290758,100,,Aggregated,45.400000,0.000000,6,11,14,18,47,80,190,340,7500,7700,7700,18144,0,6,53.36696560193856,2.8556640027090907,7738.6963840108365,5965.155257936508
1783290759,100,,Aggregated,45.400000,0.000000,6,11,14,17,47,80,190,340,7500,7700,7700,18189,0,6,53.26048761854187,2.8556640027090907,7738.6963840108365,5967.666116883831
1783290760,100,,Aggregated,45.400000,0.000000,6,11,14,17,47,79,190,340,7500,7700,7700,18224,0,6,53.18022140346043,2.8556640027090907,7738.6963840108365,5966.095368744513
1783290761,100,,Aggregated,45.100000,0.000000,6,11,14,17,47,79,190,340,7500,7700,7700,18270,0,6,53.09075476691979,2.8556640027090907,7738.6963840108365,5962.33908045977
1783290762,100,,Aggregated,45.300000,0.000000,6,11,14,17,47,79,190,340,7500,7700,7700,18319,0,6,52.99023717837107,2.8556640027090907,7738.6963840108365,5964.852120748949
1783290763,100,,Aggregated,44.300000,0.000000,6,11,14,17,47,79,190,340,7500,7700,7700,18366,0,6,52.87511511813002,2.8556640027090907,7738.6963840108365,5966.1821300228685
1783290764,100,,Aggregated,44.600000,0.000000,6,11,14,17,47,79,190,330,7500,7700,7700,18415,0,6,52.77598766622938,2.8556640027090907,7738.6963840108365,5964.251534075482
1783290765,100,,Aggregated,44.200000,0.000000,6,11,14,17,47,78,190,330,7500,7700,7700,18457,0,6,52.679942383792074,2.8556640027090907,7738.6963840108365,5965.450994202742
1783290766,100,,Aggregated,44.000000,0.000000,6,11,14,17,47,78,190,330,7500,7700,7700,18499,0,6,52.5881084883317,2.8556640027090907,7738.6963840108365,5963.97151197362
1783290767,100,,Aggregated,44.900000,0.000000,6,11,14,17,47,78,190,330,7500,7700,7700,18547,0,6,52.509485532409464,2.8556640027090907,7738.6963840108365,5968.438237989972
1783290768,100,,Aggregated,44.700000,0.000000,6,11,14,17,47,78,190,330,7500,7700,7700,18590,0,6,52.41637025328429,2.8556640027090907,7738.6963840108365,5968.902474448629
1783290769,100,,Aggregated,44.600000,0.000000,6,11,14,17,47,78,190,330,7500,7700,7700,18641,0,6,52.31507712459831,2.8556640027090907,7738.6963840108365,5967.89474813583
1783290770,100,,Aggregated,44.600000,0.000000,6,11,14,17,47,78,190,330,7500,7700,7700,18683,0,6,52.232523304531284,2.8556640027090907,7738.6963840108365,5968.035219183214
1783290771,100,,Aggregated,45.700000,0.000000,6,11,14,17,47,78,190,330,7500,7700,7700,18733,0,6,52.125206920543924,2.8556640027090907,7738.6963840108365,5972.642555917365
1783290772,100,,Aggregated,44.700000,0.000000,6,11,14,17,47,78,190,330,7500,7700,7700,18778,0,6,52.029229899592885,2.8556640027090907,7738.6963840108365,5971.6729151134305
1783290773,100,,Aggregated,45.900000,0.000000,6,11,14,17,47,78,190,330,7500,7700,7700,18819,0,6,51.938733987754794,2.8556640027090907,7738.6963840108365,5969.52021892768
1783290774,100,,Aggregated,45.700000,0.000000,6,11,13,17,47,77,190,330,7500,7700,7700,18861,0,6,51.83893935536613,2.8556640027090907,7738.6963840108365,5976.0621918244
1783290775,100,,Aggregated,45.800000,0.000000,6,11,13,17,46,77,190,330,7500,7700,7700,18913,0,6,51.72517584151375,2.8556640027090907,7738.6963840108365,5976.2431132025595
1783290776,100,,Aggregated,45.600000,0.000000,6,11,13,17,46,77,190,330,7500,7700,7700,18953,0,6,51.635200709362316,2.8556640027090907,7738.6963840108365,5976.067957579275
1783290777,100,,Aggregated,44.600000,0.000000,6,11,13,17,46,76,190,330,7500,7700,7700,19003,0,6,51.52743732797866,2.8556640027090907,7738.6963840108365,5974.163710993001
1783290778,100,,Aggregated,45.800000,0.000000,6,11,13,17,46,76,190,330,7500,7700,7700,19039,0,6,51.45576960862094,2.8556640027090907,7738.6963840108365,5977.8808235726665
1783290779,100,,Aggregated,44.900000,0.000000,6,11,13,17,46,76,190,330,7500,7700,7700,19093,0,6,51.34486147920893,2.8556640027090907,7738.6963840108365,5985.087047609071
1783290780,100,,Aggregated,45.100000,0.000000,6,11,13,17,46,76,190,330,7500,7700,7700,19138,0,6,51.25465295049152,2.8556640027090907,7738.6963840108365,5986.045041279131
1783290781,100,,Aggregated,44.100000,0.000000,6,11,13,17,46,76,190,330,7500,7700,7700,19181,0,6,51.16981875958031,2.8556640027090907,7738.6963840108365,5982.992805380324
1783290782,100,,Aggregated,45.200000,0.000000,6,11,13,17,46,76,180,320,7500,7700,7700,19237,0,6,51.05084555702695,2.8556640027090907,7738.6963840108365,5983.805323075324
1783290783,100,,Aggregated,45.000000,0.000000,6,11,13,17,46,76,180,320,7500,7700,7700,19279,0,6,50.97795354471333,2.8556640027090907,7738.6963840108365,5985.322578971938
1783290784,100,,Aggregated,44.400000,0.000000,6,11,13,17,46,76,180,320,7500,7700,7700,19326,0,6,50.89450137998401,2.8556640027090907,7738.6963840108365,5983.456586981269
1783290785,100,,Aggregated,45.500000,0.000000,6,11,13,17,46,75,180,320,7500,7700,7700,19366,0,6,50.81903311208268,2.8556640027090907,7738.6963840108365,5981.7369616854285
1783290786,100,,Aggregated,45.800000,0.000000,6,11,13,17,46,75,180,320,7500,7700,7700,19417,0,6,50.71053543161253,2.8556640027090907,7738.6963840108365,5985.28686202812
1783290787,100,,Aggregated,46.200000,0.000000,6,11,13,17,46,75,180,320,7500,7700,7700,19464,0,6,50.61760844228103,2.8556640027090907,7738.6963840108365,5980.303431976983
1783290789,100,,Aggregated,46.100000,0.000000,6,11,13,17,46,75,180,320,7500,7700,7700,19514,0,6,50.52288795605967,2.8556640027090907,7738.6963840108365,5987.861996515322
1783290790,100,,Aggregated,46.000000,0.000000,6,11,13,17,46,75,180,320,7500,7700,7700,19567,0,6,50.42048924365335,2.8556640027090907,7738.6963840108365,5986.719629989268
1783290791,100,,Aggregated,46.500000,0.000000,6,11,13,17,46,75,180,320,7500,7700,7700,19606,0,6,50.349630422803884,2.8556640027090907,7738.6963840108365,5987.720442721616
1783290792,100,,Aggregated,46.300000,0.000000,6,11,13,17,46,75,180,320,7500,7700,7700,19652,0,6,50.257385510863415,2.8556640027090907,7738.6963840108365,5990.064166497049
1783290793,100,,Aggregated,46.000000,0.000000,6,11,13,17,46,75,180,320,7500,7700,7700,19695,0,6,50.18212517981999,2.8556640027090907,7738.6963840108365,5991.399492256918
1783290794,100,,Aggregated,46.400000,0.000000,6,11,13,17,46,74,180,320,7500,7700,7700,19744,0,6,50.090584964774415,2.8556640027090907,7738.6963840108365,5986.385382901134
1783290795,100,,Aggregated,45.000000,0.000000,6,11,13,17,46,74,180,320,7500,7700,7700,19795,0,6,49.99895053530838,2.8556640027090907,7738.6963840108365,5989.778075271533
1783290796,100,,Aggregated,45.700000,0.000000,6,11,13,17,46,74,180,310,7500,7700,7700,19833,0,6,49.928049841097064,2.8556640027090907,7738.6963840108365,5992.197599959663
1783290797,100,,Aggregated,45.700000,0.000000,6,11,13,17,46,74,180,310,7500,7700,7700,19885,0,6,49.82824147107988,2.8556640027090907,7738.6963840108365,5998.902690470204
1783290798,100,,Aggregated,45.700000,0.000000,6,11,13,17,46,74,180,310,7500,7700,7700,19922,0,6,49.760782783326306,2.8556640027090907,7738.6963840108365,5998.859351470735
1783290799,100,,Aggregated,46.200000,0.000000,6,11,13,17,46,74,180,310,7500,7700,7700,19968,0,6,49.68967011645858,2.8556640027090907,7738.6963840108365,6002.241937099359
1783290800,100,,Aggregated,44.700000,0.000000,6,11,14,17,46,74,180,310,7500,7700,7700,20014,0,6,49.618309504472265,2.8556640027090907,7738.6963840108365,6000.36914160088
1783290801,100,,Aggregated,44.800000,0.000000,6,11,14,17,46,74,180,310,7500,7700,7700,20067,0,6,49.52551436166396,2.8556640027090907,7738.6963840108365,6003.205262371057
1783290802,100,,Aggregated,45.000000,0.000000,6,11,13,17,46,74,180,310,7500,7700,7700,20111,0,6,49.44411599361206,2.8556640027090907,7738.6963840108365,6002.75635224504
1783290803,100,,Aggregated,46.200000,0.000000,6,11,13,17,46,74,180,310,7500,7700,7700,20157,0,6,49.357735935531636,2.8556640027090907,7738.6963840108365,6009.167931735873
1783290804,100,,Aggregated,45.200000,0.000000,6,11,13,17,46,73,180,310,7500,7700,7700,20200,0,6,49.27472600487457,2.8556640027090907,7738.6963840108365,6007.999207920792
1783290805,100,,Aggregated,46.000000,0.000000,6,11,13,17,46,73,180,310,7500,7700,7700,20245,0,6,49.19633967930376,2.8556640027090907,7738.6963840108365,6009.331094097308
1783290806,100,,Aggregated,45.200000,0.000000,6,11,13,17,46,74,180,310,7500,7700,7700,20296,0,6,49.123113521256265,2.8556640027090907,7738.6963840108365,6004.783356326369
1783290807,100,,Aggregated,45.300000,0.000000,6,11,13,17,46,73,180,310,7500,7700,7700,20341,0,6,49.05091000803278,2.8556640027090907,7738.6963840108365,6002.351998426822
1783290808,100,,Aggregated,46.400000,0.000000,6,11,13,17,46,73,180,310,7500,7700,7700,20391,0,6,48.96077362009798,2.8556640027090907,7738.6963840108365,6001.308959835222
1783290809,100,,Aggregated,45.900000,0.000000,6,11,13,17,46,73,180,310,7500,7700,7700,20437,0,6,48.87669930382963,2.8556640027090907,7738.6963840108365,6002.474286832706
1783290810,100,,Aggregated,47.000000,0.000000,6,11,13,17,46,73,180,310,7500,7700,7700,20484,0,6,48.791405118594,2.8556640027090907,7738.6963840108365,5999.761765280219
1783290811,100,,Aggregated,46.900000,0.000000,6,11,13,17,46,73,180,310,7500,7700,7700,20533,0,6,48.711398683738494,2.8556640027090907,7738.6963840108365,5998.867773827497
1783290813,100,,Aggregated,46.100000,0.000000,6,11,14,17,46,76,180,310,7500,7700,7700,20618,0,6,49.15209500427711,2.8556640027090907,7738.6963840108365,6000.533611407508
1783290814,100,,Aggregated,43.300000,0.000000,6,11,14,17,46,76,180,310,7500,7700,7700,20646,0,6,49.10064820707144,2.8556640027090907,7738.6963840108365,6000.551341664245
1783290815,100,,Aggregated,46.400000,0.000000,6,11,14,17,46,76,180,310,7500,7700,7700,20697,0,6,49.00579753627108,2.8556640027090907,7738.6963840108365,6001.484321399236
1783290816,100,,Aggregated,44.700000,0.000000,6,11,14,17,46,76,180,310,7500,7700,7700,20735,0,6,48.93755840666565,2.8556640027090907,7738.6963840108365,6000.037617554859
1783290817,100,,Aggregated,44.100000,0.000000,6,11,14,17,46,76,180,310,7500,7700,7700,20794,0,6,48.850228931529166,2.8556640027090907,7738.6963840108365,5993.368471674521
1783290818,100,,Aggregated,43.500000,0.000000,6,11,14,17,46,76,180,310,7500,7700,7700,20831,0,6,48.78277464870855,2.8556640027090907,7738.6963840108365,5991.635975229226
1783290819,100,,Aggregated,43.800000,0.000000,6,11,14,17,46,76,180,310,7500,7700,7700,20874,0,6,48.702203318162226,2.8556640027090907,7738.6963840108365,5995.456500910223
1783290820,100,,Aggregated,43.500000,0.000000,6,11,14,17,46,75,180,310,7500,7700,7700,20922,0,6,48.61576992129441,2.8556640027090907,7738.6963840108365,5998.845617053819
1783290821,100,,Aggregated,43.100000,0.000000,6,11,14,17,46,75,180,310,7500,7700,7700,20962,0,6,48.5384020927545,2.8556640027090907,7738.6963840108365,6000.337754031104
1783290822,100,,Aggregated,43.500000,0.000000,6,11,14,17,46,75,180,310,7500,7700,7700,21016,0,6,48.45444123931242,2.8556640027090907,7738.6963840108365,5996.135135135135
1783290823,100,,Aggregated,42.500000,0.000000,6,11,14,17,46,75,180,310,7500,7700,7700,21060,0,6,48.372377004622656,2.8556640027090907,7738.6963840108365,5998.024026590693
1783290824,100,,Aggregated,46.800000,0.000000,6,11,13,17,46,75,180,310,7500,7700,7700,21107,0,6,48.28025542793356,2.8556640027090907,7738.6963840108365,5997.6558013929025
1783290825,100,,Aggregated,43.100000,0.000000,6,11,13,17,46,75,180,310,7500,7700,7700,21154,0,6,48.200832697426485,2.8556640027090907,7738.6963840108365,6000.248794554222
1783290826,100,,Aggregated,45.100000,0.000000,6,11,13,17,46,75,180,310,7500,7700,7700,21201,0,6,48.12115901100376,2.8556640027090907,7738.6963840108365,6001.046271402292
1783290827,100,,Aggregated,45.600000,0.000000,6,11,13,17,46,75,180,310,7500,7700,7700,21244,0,6,48.04425038732297,2.8556640027090907,7738.6963840108365,6002.266522312182
1783290828,100,,Aggregated,45.700000,0.000000,6,11,13,17,46,75,180,310,7500,7700,7700,21286,0,6,47.97947395482075,2.8556640027090907,7738.6963840108365,6002.470027247957
1783290829,100,,Aggregated,44.900000,0.000000,6,11,13,17,46,75,180,310,7500,7700,7700,21332,0,6,47.90847366436623,2.8556640027090907,7738.6963840108365,6007.373804612788
1783290830,100,,Aggregated,45.600000,0.000000,6,11,13,17,46,75,180,310,7500,7700,7700,21380,0,6,47.82712920843042,2.8556640027090907,7738.6963840108365,6002.917212347988
1783290831,100,,Aggregated,45.500000,0.000000,6,11,13,17,46,75,180,310,7500,7700,7700,21429,0,6,47.758004201048365,2.8556640027090907,7738.6963840108365,6002.863596061412
1783290832,100,,Aggregated,45.400000,0.000000,6,11,13,17,46,75,180,310,7500,7700,7700,21472,0,6,47.681685833050906,2.8556640027090907,7738.6963840108365,6001.592958271237
1783290833,100,,Aggregated,46.000000,0.000000,6,11,13,17,46,75,180,310,7500,7700,7700,21522,0,6,47.59213752775333,2.8556640027090907,7738.6963840108365,6003.349549298392
1783290834,100,,Aggregated,44.800000,0.000000,6,11,13,17,46,75,180,310,7500,7700,7700,21565,0,6,47.52102060901114,2.8556640027090907,7738.6963840108365,6012.508972872711
1783290835,100,,Aggregated,45.900000,0.000000,6,11,13,17,46,75,180,310,7500,7700,7700,21617,0,6,47.44499219495287,2.8556640027090907,7738.6963840108365,6011.882777443679
1783290836,100,,Aggregated,45.700000,0.000000,6,11,13,17,46,75,180,310,7500,7700,7700,21660,0,6,47.3912826375017,2.8556640027090907,7738.6963840108365,6012.762373037858
1783290837,100,,Aggregated,45.700000,0.000000,6,11,13,17,46,75,180,310,7500,7700,7700,21704,0,6,47.32244896260258,2.8556640027090907,7738.6963840108365,6014.352561739772
1783290838,100,,Aggregated,45.300000,0.000000,6,11,13,17,46,75,180,310,7500,7700,7700,21744,0,6,47.271951840981586,2.8556640027090907,7738.6963840108365,6013.854396615158
1783290839,100,,Aggregated,45.900000,0.000000,6,11,13,17,46,75,180,310,7500,7700,7700,21795,0,6,47.189037435759175,2.8556640027090907,7738.6963840108365,6013.384950676761
1783290840,100,,Aggregated,45.800000,0.000000,6,11,13,17,46,75,180,300,7500,7700,7700,21838,0,6,47.13228617736588,2.8556640027090907,7738.6963840108365,6014.7594102023995
1783290841,100,,Aggregated,46.800000,0.000000,6,11,13,17,46,75,180,300,7500,7700,7700,21881,0,6,47.061725891701194,2.8556640027090907,7738.6963840108365,6021.1714272656645
1783290842,100,,Aggregated,45.800000,0.000000,6,11,13,17,46,75,180,300,7500,7700,7700,21931,0,6,46.972938213411204,2.8556640027090907,7738.6963840108365,6020.724590761935
1783290843,100,,Aggregated,45.500000,0.000000,6,11,13,17,46,74,180,300,7500,7700,7700,21973,0,6,46.906002518150274,2.8556640027090907,7738.6963840108365,6017.2010194329405
1783290844,100,,Aggregated,46.000000,0.000000,6,11,13,17,46,74,180,300,7400,7700,7700,22022,0,6,46.83889234998122,2.8556640027090907,7738.6963840108365,6015.233947870312
1783290845,100,,Aggregated,45.000000,0.000000,6,11,13,17,46,74,180,300,7400,7700,7700,22060,0,6,46.78377608985878,2.8556640027090907,7738.6963840108365,6015.272257479601
1783290846,100,,Aggregated,45.100000,0.000000,6,11,13,17,46,74,180,300,7400,7700,7700,22108,0,6,46.72433623879556,2.8556640027090907,7738.6963840108365,6014.551610276822
1783290847,100,,Aggregated,45.600000,0.000000,6,11,13,17,46,74,180,300,7400,7700,7700,22160,0,6,46.640388097802436,2.8556640027090907,7738.6963840108365,6012.347427797834
1783290848,100,,Aggregated,45.100000,0.000000,6,11,13,17,46,74,180,300,7400,7700,7700,22200,0,6,46.59283996375027,2.8556640027090907,7738.6963840108365,6013.416801801802
1783290849,100,,Aggregated,45.400000,0.000000,6,11,13,17,46,74,180,300,7400,7700,7700,22258,0,6,46.49792132924053,2.8556640027090907,7738.6963840108365,6016.921870788031
1783290850,100,,Aggregated,45.000000,0.000000,6,11,13,17,46,74,180,300,7400,7700,7700,22295,0,6,46.446671426876826,2.8556640027090907,7738.6963840108365,6019.082574568289
1783290851,100,,Aggregated,44.000000,0.000000,6,11,13,17,46,74,170,300,7400,7700,7700,22343,0,6,46.36802301719685,2.8556640027090907,7738.6963840108365,6020.126572080741
1783290852,100,,Aggregated,45.400000,0.000000,6,11,13,17,46,74,170,300,7400,7700,7700,22391,0,6,46.30268732929033,2.8556640027090907,7738.6963840108365,6020.8667321691755
1783290853,100,,Aggregated,46.200000,0.000000,6,11,13,17,46,74,170,300,7400,7700,7700,22439,0,6,46.23184689309239,2.8556640027090907,7738.6963840108365,6020.272160078435
1783290854,100,,Aggregated,45.200000,0.000000,6,11,13,17,46,74,170,300,7400,7700,7700,22480,0,6,46.17358699871597,2.8556640027090907,7738.6963840108365,6018.765569395018
1783290855,100,,Aggregated,45.900000,0.000000,6,11,13,17,46,73,170,300,7400,7700,7700,22529,0,6,46.10113975680717,2.8556640027090907,7738.6963840108365,6018.236983443561
1783290856,100,,Aggregated,46.500000,0.000000,6,11,13,17,46,73,170,300,7400,7700,7700,22573,0,6,46.033493171757875,2.8556640027090907,7738.6963840108365,6018.478403402295
1783290857,100,,Aggregated,45.300000,0.000000,6,11,13,17,46,73,170,290,7400,7700,7700,22617,0,6,45.97972986806833,2.8556640027090907,7738.6963840108365,6019.808330017244
1783290858,100,,Aggregated,46.200000,0.000000,6,11,13,17,46,73,170,290,7400,7700,7700,22668,0,6,45.89899481339775,2.8556640027090907,7738.6963840108365,6018.3605523204515
1783290859,100,,Aggregated,45.800000,0.000000,6,11,13,17,46,73,170,290,7400,7700,7700,22710,0,6,45.83030305451615,2.8556640027090907,7738.6963840108365,6018.216468516072
1783290860,100,,Aggregated,45.700000,0.000000,6,11,13,17,46,73,170,290,7400,7700,7700,22758,0,6,45.761374363215374,2.8556640027090907,7738.6963840108365,6017.032384216539
1783290861,100,,Aggregated,46.800000,0.000000,6,11,13,17,46,72,170,290,7400,7700,7700,22798,0,6,45.701557484301006,2.8556640027090907,7738.6963840108365,6018.512852004562
1783290862,100,,Aggregated,45.500000,0.000000,6,11,13,17,45,72,170,290,7400,7700,7700,22845,0,6,45.637495159996035,2.8556640027090907,7738.6963840108365,6021.014882906544
1783290863,100,,Aggregated,45.400000,0.000000,6,11,13,17,45,73,170,290,7400,7700,7700,22892,0,6,45.59005085947455,2.8556640027090907,7738.6963840108365,6021.767036519308
1783290864,100,,Aggregated,45.800000,0.000000,6,11,13,17,45,72,170,290,7400,7700,7700,22945,0,6,45.50744599638774,2.8556640027090907,7738.6963840108365,6024.5809108738285
1783290865,100,,Aggregated,45.900000,0.000000,6,11,13,17,45,72,170,290,7400,7700,7700,22992,0,6,45.435796517922654,2.8556640027090907,7738.6963840108365,6021.963683020181
1783290866,100,,Aggregated,45.700000,0.000000,6,11,13,17,45,72,170,290,7400,7700,7700,23037,0,6,45.3676262728693,2.8556640027090907,7738.6963840108365,6020.487346442679
1783290867,100,,Aggregated,46.400000,0.000000,6,11,13,17,45,72,170,290,7400,7700,7700,23078,0,6,45.30687042287303,2.8556640027090907,7738.6963840108365,6020.063220383049
1783290868,100,,Aggregated,46.200000,0.000000,6,11,13,16,45,72,170,280,7400,7700,7700,23124,0,6,45.2346286465168,2.8556640027090907,7738.6963840108365,6023.86524822695
1783290869,100,,Aggregated,45.900000,0.000000,6,11,13,16,45,72,170,280,7400,7700,7700,23176,0,6,45.16234733409827,2.8556640027090907,7738.6963840108365,6028.649853296513
1783290870,100,,Aggregated,46.400000,0.000000,6,11,13,16,45,72,170,280,7400,7700,7700,23225,0,6,45.0939908809515,2.8556640027090907,7738.6963840108365,6028.108762109796
1783290871,100,,Aggregated,45.000000,0.000000,6,11,13,16,45,72,170,280,7400,7700,7700,23273,0,6,45.035184970569695,2.8556640027090907,7738.6963840108365,6029.034718343144
1783290872,100,,Aggregated,46.300000,0.000000,6,11,13,16,45,71,170,280,7400,7700,7700,23318,0,6,44.97007396604195,2.8556640027090907,7738.6963840108365,6027.765846127455
1783290873,100,,Aggregated,46.500000,0.000000,6,11,13,16,45,71,170,280,7400,7700,7700,23368,0,6,44.903394057051806,2.8556640027090907,7738.6963840108365,6025.282737076343
1783290874,100,,Aggregated,47.700000,0.000000,6,11,13,17,45,71,170,280,7400,7700,7700,23419,0,6,44.84299258282593,2.8556640027090907,7738.6963840108365,6023.421751569239
1783290875,100,,Aggregated,47.200000,0.000000,6,11,13,17,45,71,170,280,7400,7700,7700,23468,0,6,44.790625188605844,2.8556640027090907,7738.6963840108365,6022.8595108232485
1783290876,100,,Aggregated,46.900000,0.000000,6,11,13,17,45,71,170,280,7400,7700,7700,23509,0,6,44.741580677537925,2.8556640027090907,7738.6963840108365,6023.056871836318
1783290877,100,,Aggregated,47.000000,0.000000,6,11,13,17,45,71,170,280,7400,7700,7700,23567,0,6,44.68267774686051,2.8556640027090907,7738.6963840108365,6026.150973819324
1783290878,100,,Aggregated,47.500000,0.000000,6,11,13,17,45,71,170,280,7400,7700,7700,23608,0,6,44.64168628576392,2.8556640027090907,7738.6963840108365,6023.035454083361
1783290879,100,,Aggregated,46.900000,0.000000,6,11,13,17,45,71,170,280,7400,7700,7700,23649,0,6,44.58343498690683,2.8556640027090907,7738.6963840108365,6023.995982916826
1783290880,100,,Aggregated,47.400000,0.000000,6,11,13,17,45,71,170,280,7400,7700,7700,23697,0,6,44.52047563304881,2.8556640027090907,7738.6963840108365,6023.585474954635
1783290881,100,,Aggregated,47.500000,0.000000,6,11,13,17,45,71,170,280,7400,7700,7700,23743,0,6,44.459532524885,2.8556640027090907,7738.6963840108365,6023.025902371225
1783290882,100,,Aggregated,46.400000,0.000000,6,11,13,17,45,71,170,280,7400,7700,7700,23792,0,6,44.38866920403129,2.8556640027090907,7738.6963840108365,6023.960532952253
1783290883,100,,Aggregated,46.600000,0.000000,6,11,13,17,45,71,170,280,7400,7700,7700,23835,0,6,44.33096715621467,2.8556640027090907,7738.6963840108365,6026.087770086008
1783290884,100,,Aggregated,45.000000,0.000000,6,11,13,16,45,71,170,280,7400,7700,7700,23886,0,6,44.26867304586026,2.8556640027090907,7738.6963840108365,6031.78983504982
1783290885,100,,Aggregated,45.600000,0.000000,6,11,13,16,45,71,170,280,7400,7700,7700,23922,0,6,44.22173838685649,2.8556640027090907,7738.6963840108365,6033.087492684558
1783290886,100,,Aggregated,45.700000,0.000000,6,11,13,16,45,71,170,280,7400,7700,7700,23961,0,6,44.17498789213029,2.8556640027090907,7738.6963840108365,6031.619423229415
1783290887,100,,Aggregated,45.600000,0.000000,6,11,13,16,45,71,170,280,7400,7700,7700,24013,0,6,44.10565400317949,2.8556640027090907,7738.6963840108365,6029.7341856494395
1783290888,100,,Aggregated,44.500000,0.000000,6,11,13,16,45,71,170,280,7400,7700,7700,24058,0,6,44.048658491659616,2.8556640027090907,7738.6963840108365,6029.575567378834
1783290889,100,,Aggregated,44.900000,0.000000,6,11,13,16,45,71,160,280,7400,7700,7700,24110,0,6,43.97594400271297,2.8556640027090907,7738.6963840108365,6029.831231854003
1783290890,100,,Aggregated,44.400000,0.000000,6,11,13,16,45,71,160,280,7400,7700,7700,24161,0,6,43.91965409612097,2.8556640027090907,7738.6963840108365,6026.79094408344
1783290891,100,,Aggregated,44.900000,0.000000,6,11,13,16,45,71,160,280,7400,7700,7700,24199,0,6,43.86451498129476,2.8556640027090907,7738.6963840108365,6025.70391338485
1783290892,100,,Aggregated,45.800000,0.000000,6,11,13,16,45,70,160,280,7400,7700,7700,24248,0,6,43.8019501907139,2.8556640027090907,7738.6963840108365,6028.831078851864
1783290893,100,,Aggregated,45.700000,0.000000,6,11,13,16,45,70,160,280,7400,7700,7700,24289,0,6,43.748969536883585,2.8556640027090907,7738.6963840108365,6028.851908271234
1783290894,100,,Aggregated,45.800000,0.000000,6,11,13,16,45,70,160,280,7400,7700,7700,24331,0,6,43.6916428564149,2.8556640027090907,7738.6963840108365,6029.697998438206
1783290895,100,,Aggregated,45.500000,0.000000,6,11,13,16,45,70,160,280,7400,7700,7700,24384,0,6,43.62043674034,2.8556640027090907,7738.6963840108365,6031.99811351706
1783290896,100,,Aggregated,45.100000,0.000000,6,11,13,16,45,70,160,280,7400,7700,7700,24421,0,6,43.58820145667554,2.8556640027090907,7738.6963840108365,6033.766717169649
1783290897,100,,Aggregated,44.400000,0.000000,6,11,13,16,45,70,160,280,7400,7700,7700,24469,0,6,43.534680192874,2.8556640027090907,7738.6963840108365,6033.522456986391
1783290898,100,,Aggregated,45.800000,0.000000,6,11,13,16,45,70,160,280,7400,7700,7700,24517,0,6,43.48189397256746,2.8556640027090907,7738.6963840108365,6031.292042256394
1783290899,100,,Aggregated,45.300000,0.000000,6,11,13,16,45,70,160,280,7400,7700,7700,24567,0,6,43.418816117534035,2.8556640027090907,7738.6963840108365,6030.589652786258
1783290900,100,,Aggregated,45.600000,0.000000,6,11,13,16,45,70,160,280,7400,7700,7700,24613,0,6,43.36461594338144,2.8556640027090907,7738.6963840108365,6031.695851785642
1783290901,100,,Aggregated,45.700000,0.000000,6,11,13,16,45,70,160,280,7400,7700,7700,24659,0,6,43.301920612779426,2.8556640027090907,7738.6963840108365,6032.256741960339
1783290902,100,,Aggregated,45.900000,0.000000,6,11,13,16,45,70,160,280,7400,7700,7700,24701,0,6,43.253761434539896,2.8556640027090907,7738.6963840108365,6030.748957532083
1783290903,100,,Aggregated,44.900000,0.000000,6,11,13,16,45,69,160,280,7400,7700,7700,24749,0,6,43.19118932363062,2.8556640027090907,7738.6963840108365,6030.639460180209
1783290904,100,,Aggregated,45.600000,0.000000,6,11,13,16,45,69,160,280,7400,7700,7700,24791,0,6,43.145863523276745,2.8556640027090907,7738.6963840108365,6029.504497599935
1783290905,100,,Aggregated,45.100000,0.000000,6,11,13,16,45,69,160,270,7400,7700,7700,24838,0,6,43.08829770861414,2.8556640027090907,7738.6963840108365,6028.036476366858
1783290906,100,,Aggregated,45.700000,0.000000,6,11,13,16,45,69,160,270,7400,7700,7700,24886,0,6,43.03324935990552,2.8556640027090907,7738.6963840108365,6030.220565779957
1783290907,100,,Aggregated,45.800000,0.000000,6,11,13,16,45,69,160,270,7400,7700,7700,24929,0,6,42.982696573575936,2.8556640027090907,7738.6963840108365,6027.048377391793
1783290908,100,,Aggregated,45.200000,0.000000,6,11,13,16,45,69,160,270,7400,7700,7700,24971,0,6,42.93431530850684,2.8556640027090907,7738.6963840108365,6029.155860798526
1783290909,100,,Aggregated,46.400000,0.000000,6,11,13,16,45,69,160,270,7400,7700,7700,25013,0,6,42.88738595501044,2.8504320071078837,7738.6963840108365,6025.068604325751
1783290910,100,,Aggregated,45.800000,0.000000,6,11,13,16,45,69,160,270,7400,7700,7700,25073,0,6,42.830712427101666,2.8504320071078837,7738.6963840108365,6024.794839069916
1783290911,100,,Aggregated,45.300000,0.000000,6,11,13,16,45,69,160,270,7400,7700,7700,25115,0,6,42.77609196072828,2.8504320071078837,7738.6963840108365,6025.28250049771
1783290912,100,,Aggregated,44.200000,0.000000,6,11,13,16,45,69,160,270,7400,7700,7700,25169,0,6,42.73952369405716,2.8504320071078837,7738.6963840108365,6023.166355437244
1783290913,100,,Aggregated,46.000000,0.000000,6,11,13,16,45,69,160,270,7400,7700,7700,25212,0,6,42.68493223313281,2.8504320071078837,7738.6963840108365,6024.273203236554
1783290915,100,,Aggregated,45.500000,0.000000,6,11,13,16,45,69,160,270,7400,7700,7700,25262,0,6,42.634689147800586,2.8504320071078837,7738.6963840108365,6028.908954160399
1783290916,100,,Aggregated,46.600000,0.000000,6,11,13,16,45,69,160,270,7400,7700,7700,25312,0,6,42.57010011582329,2.8504320071078837,7738.6963840108365,6029.658067319849
1783290917,100,,Aggregated,47.000000,0.000000,6,11,13,16,45,69,160,270,7400,7700,7700,25348,0,6,42.53944921605911,2.8504320071078837,7738.6963840108365,6027.609199936878
1783290918,100,,Aggregated,47.400000,0.000000,6,11,13,16,45,69,160,270,7400,7700,7700,25398,0,6,42.48461619252062,2.8504320071078837,7738.6963840108365,6028.429994487755
1783290919,100,,Aggregated,45.600000,0.000000,6,11,13,16,45,69,160,270,7400,7700,7700,25438,0,6,42.43502362515161,2.8504320071078837,7738.6963840108365,6027.360091202138
1783290920,100,,Aggregated,46.400000,0.000000,6,11,13,16,45,69,160,270,7400,7700,7700,25485,0,6,42.39039089200289,2.8504320071078837,7738.6963840108365,6027.340121640181
1783290921,100,,Aggregated,46.400000,0.000000,6,11,13,16,45,69,160,270,7400,7700,7700,25531,0,6,42.33926466451127,2.8504320071078837,7738.6963840108365,6026.463984959461
1783290922,100,,Aggregated,46.400000,0.000000,6,11,13,16,45,69,160,270,7400,7700,7700,25576,0,6,42.28970639293282,2.8504320071078837,7738.6963840108365,6024.863934939005
1783290923,100,,Aggregated,45.400000,0.000000,6,11,13,16,45,69,160,270,7400,7700,7700,25627,0,6,42.23106052240444,2.8504320071078837,7738.6963840108365,6030.080969290202
1783290924,100,,Aggregated,46.100000,0.000000,6,11,13,16,45,69,160,270,7400,7700,7700,25668,0,6,42.18898430394428,2.8504320071078837,7738.6963840108365,6028.166432912576
1783290925,100,,Aggregated,46.100000,0.000000,6,11,13,16,45,69,160,270,7400,7700,7700,25711,0,6,42.135662258902116,2.8504320071078837,7738.6963840108365,6026.836023491891
1783290926,100,,Aggregated,45.200000,0.000000,6,11,13,16,45,69,160,270,7400,7700,7700,25754,0,6,42.087930263984425,2.8504320071078837,7738.6963840108365,6028.458258911237
1783290927,100,,Aggregated,44.900000,0.000000,6,11,13,16,45,69,160,270,7400,7700,7700,25800,0,6,42.044479897119515,2.8504320071078837,7738.6963840108365,6025.742984496124
1783290928,100,,Aggregated,43.800000,0.000000,6,11,13,16,45,69,160,270,7400,7700,7700,25853,0,6,41.99235873607383,2.8504320071078837,7738.6963840108365,6025.767338413337
1783290929,100,,Aggregated,45.100000,0.000000,6,11,13,16,45,68,160,270,7400,7700,7700,25890,0,6,41.942588369437104,2.8504320071078837,7738.6963840108365,6024.306257242179
1783290930,100,,Aggregated,45.200000,0.000000,6,11,13,16,45,69,160,270,7400,7700,7700,25934,0,6,41.89490350106807,2.8504320071078837,7738.6963840108365,6023.607040950104
1783290931,100,,Aggregated,44.900000,0.000000,6,11,13,16,45,68,160,270,7400,7700,7700,25980,0,6,41.84867461750133,2.8504320071078837,7738.6963840108365,6025.329907621247
1783290932,100,,Aggregated,44.500000,0.000000,6,11,13,16,45,68,160,270,7400,7700,7700,26030,0,6,41.785802829185435,2.8504320071078837,7738.6963840108365,6023.48901267768
1783290933,100,,Aggregated,44.600000,0.000000,6,11,13,16,45,68,160,270,7400,7700,7700,26068,0,6,41.74830651970505,2.8504320071078837,7738.6963840108365,6021.191729323308
1783290934,100,,Aggregated,44.800000,0.000000,6,11,13,16,45,68,160,270,7400,7700,7700,26117,0,6,41.696231329273594,2.8504320071078837,7738.6963840108365,6021.643450626029
1783290935,100,,Aggregated,43.600000,0.000000,6,11,13,16,45,68,160,270,7400,7700,7700,26167,0,6,41.64540986886468,2.8504320071078837,7738.6963840108365,6019.565788970841
1783290936,100,,Aggregated,44.700000,0.000000,6,11,13,16,45,68,160,270,7400,7700,7700,26209,0,6,41.59666230629157,2.8504320071078837,7738.6963840108365,6023.67801137014
1783290937,100,,Aggregated,45.000000,0.000000,6,11,13,16,45,68,160,270,7400,7700,7700,26260,0,6,41.53577903943865,2.8504320071078837,7738.6963840108365,6026.586252856055
1783290938,100,,Aggregated,45.400000,0.000000,6,11,13,16,45,68,160,270,7400,7700,7700,26305,0,6,41.48186732806232,2.8504320071078837,7738.6963840108365,6026.4236076791485
1783290939,100,,Aggregated,45.800000,0.000000,6,11,13,16,45,68,160,270,7400,7700,7700,26336,0,6,41.44850359290313,2.8504320071078837,7738.6963840108365,6026.8882518226
1783290940,100,,Aggregated,45.200000,0.000000,6,11,13,16,45,68,160,270,7400,7700,7700,26396,0,6,41.393572571324924,2.8504320071078837,7738.6963840108365,6022.634717381421
1783290941,100,,Aggregated,44.500000,0.000000,6,11,13,16,45,68,160,270,7400,7700,7700,26430,0,6,41.355872731771235,2.8504320071078837,7738.6963840108365,6023.03499810821
1783290942,100,,Aggregated,46.300000,0.000000,6,11,13,16,45,68,160,270,7400,7700,7700,26477,0,6,41.301426683109746,2.8504320071078837,7738.6963840108365,6022.974355100653
1783290943,100,,Aggregated,45.000000,0.000000,6,11,13,16,45,68,160,260,7400,7700,7700,26525,0,6,41.2490287093561,2.8504320071078837,7738.6963840108365,6022.619415645618
1783290944,100,,Aggregated,44.900000,0.000000,6,11,13,16,45,68,160,260,7400,7700,7700,26576,0,6,41.18866756508448,2.8504320071078837,7738.6963840108365,6020.883278145695
1783290945,100,,Aggregated,45.700000,0.000000,6,11,13,16,45,68,160,260,7400,7700,7700,26619,0,6,41.14534954523717,2.8504320071078837,7738.6963840108365,6020.13411473008
1783290946,100,,Aggregated,45.300000,0.000000,6,11,13,16,45,68,160,260,7400,7700,7700,26667,0,6,41.09674768960179,2.8504320071078837,7738.6963840108365,6022.7117786027675
1783290947,100,,Aggregated,45.100000,0.000000,6,11,13,16,45,68,160,260,7400,7700,7700,26703,0,6,41.057864471842926,2.8504320071078837,7738.6963840108365,6023.6446841178895
1783290948,100,,Aggregated,45.100000,0.000000,6,11,13,16,45,68,150,260,7400,7700,7700,26759,0,6,41.02800341820296,2.8504320071078837,7738.6963840108365,6023.469711125229
1783290949,100,,Aggregated,43.800000,0.000000,6,11,13,16,45,68,150,260,7400,7700,7700,26800,0,6,40.983654620435814,2.8504320071078837,7738.6963840108365,6024.890037313433
1783290950,100,,Aggregated,45.000000,0.000000,6,11,13,16,45,68,150,260,7400,7700,7700,26838,0,6,40.94076302320314,2.8504320071078837,7738.6963840108365,6024.315038378419
1783290951,100,,Aggregated,46.000000,0.000000,6,11,13,16,45,68,150,260,7400,7700,7700,26887,0,6,40.893684745329814,2.8504320071078837,7738.6963840108365,6026.106222337933
1783290952,100,,Aggregated,44.100000,0.000000,6,11,13,16,45,68,150,260,7400,7700,7700,26930,0,6,40.84674306901798,2.8504320071078837,7738.6963840108365,6026.270516152989
1783290953,100,,Aggregated,45.100000,0.000000,6,11,13,16,44,68,150,260,7400,7700,7700,26971,0,6,40.79753453344739,2.8504320071078837,7738.6963840108365,6026.445441400022
1783290954,100,,Aggregated,44.700000,0.000000,6,11,13,16,45,67,150,260,7400,7700,7700,27021,0,6,40.75014279547834,2.8504320071078837,7738.6963840108365,6025.602161281966
1783290955,100,,Aggregated,44.500000,0.000000,6,11,13,16,45,67,150,260,7400,7700,7700,27065,0,6,40.70657206893233,2.8504320071078837,7738.6963840108365,6024.3375207833
1783290956,100,,Aggregated,44.500000,0.000000,6,11,13,16,45,67,150,260,7400,7700,7700,27118,0,6,40.65281236959188,2.8504320071078837,7738.6963840108365,6024.198134080684
1783290957,100,,Aggregated,44.600000,0.000000,6,11,13,16,44,67,150,260,7400,7700,7700,27165,0,6,40.5984656296211,2.8504320071078837,7738.6963840108365,6025.541910546659
1783290958,100,,Aggregated,44.800000,0.000000,6,11,13,16,44,67,150,260,7400,7700,7700,27207,0,6,40.55493544446779,2.8504320071078837,7738.6963840108365,6025.633109126328
1783290959,100,,Aggregated,45.900000,0.000000,6,11,13,16,44,67,150,260,7400,7700,7700,27251,0,6,40.514369199685525,2.8504320071078837,7738.6963840108365,6024.8045943268135
1783290960,100,,Aggregated,44.900000,0.000000,6,11,13,16,44,67,150,260,7400,7700,7700,27295,0,6,40.46833299445432,2.8504320071078837,7738.6963840108365,6023.65960798681
1783290961,100,,Aggregated,44.100000,0.000000,6,11,13,16,44,67,150,260,7400,7700,7700,27344,0,6,40.41534663665395,2.8504320071078837,7738.6963840108365,6022.172249853716
1783290962,100,,Aggregated,45.400000,0.000000,6,11,13,16,44,67,150,260,7400,7700,7700,27388,0,6,40.37101755369499,2.8504320071078837,7738.6963840108365,6024.595151161093
