Timestamp,User Count,Type,Name,Requests/s,Failures/s,50%,66%,75%,80%,90%,95%,98%,99%,99.9%,99.99%,100%,Total Request Count,Total Failure Count,Total Median Response Time,Total Average Response Time,Total Min Response Time,Total Max Response Time,Total Average Content Size
1783290965,0,,Aggregated,0.000000,0.000000,N/A,N/A,N/A,N/A,N/A,N/A,N/A,N/A,N/A,N/A,N/A,0,0,0,0.0,0,0,0
1783290966,50,,Aggregated,0.000000,0.000000,N/A,N/A,N/A,N/A,N/A,N/A,N/A,N/A,N/A,N/A,N/A,0,0,0,0.0,0,0,0
1783290967,100,,Aggregated,0.000000,0.000000,N/A,N/A,N/A,N/A,N/A,N/A,N/A,N/A,N/A,N/A,N/A,0,0,0,0.0,0,0,0
1783290968,150,,Aggregated,0.000000,0.000000,2700,2700,2700,2700,2700,2700,2700,2700,2700,2700,2700,7,0,2700.0,2692.620705285143,2665.830775993527,2706.145556992851,655.0
1783290969,200,,Aggregated,0.000000,0.000000,2700,2700,2700,2700,3500,3500,3500,3500,3500,3500,3500,8,0,2700.0,2799.079404125223,2665.830775993527,3544.2902960057836,655.0
1783290970,200,,Aggregated,0.000000,0.000000,2700,2700,2700,2700,3500,3500,3500,3500,3500,3500,3500,8,0,2700.0,2799.079404125223,2665.830775993527,3544.2902960057836,655.0
1783290971,200,,Aggregated,2.333333,0.000000,5100,5100,5100,5100,5100,5100,5100,5100,5100,5100,5100,26,0,5100.0,4374.597056846072,2665.830775993527,5119.12335800298,655.0
1783290972,200,,Aggregated,2.000000,0.000000,5100,6200,6200,6200,6200,6200,6200,6200,6200,6200,6200,50,0,5100.0,5246.874951760401,2665.830775993527,6234.202709994861,655.0
1783290973,200,,Aggregated,4.333333,0.000000,5100,6100,6200,6200,6200,6200,6200,6200,6200,6200,6200,70,0,5100.0,4222.385607114328,1478.1640430010157,6234.202709994861,936.1428571428571
1783290974,200,,Aggregated,7.142857,0.000000,3700,6100,6200,6200,8000,8000,8000,8000,8000,8000,8000,130,0,3700.0,4237.124279545969,1278.038379008649,8015.932338996208,1230.5153846153846
1783290975,200,,Aggregated,8.375000,0.000000,2800,5100,6100,6200,6200,8000,8000,8900,8900,8900,8900,177,0,2800.0,3497.1407979774804,460.6542690016795,8934.01328798791,1712.7005649717514
1783290976,200,,Aggregated,7.777778,0.000000,1600,3700,6100,6200,8000,9800,9900,9900,10000,10000,10000,272,0,1500.0,3348.2353109705346,325.12030498764943,10007.694568994339,2536.625
1783290977,200,,Aggregated,15.000000,0.000000,1400,2700,5100,6100,8000,9900,10000,11000,11000,11000,11000,369,0,1400.0,2932.4628252792486,317.33848800649866,10724.354853999102,3512.1327913279133
1783290978,200,,Aggregated,19.000000,0.000000,1200,1500,3600,5100,8000,9800,10000,10000,11000,11000,11000,451,0,1200.0,2554.7194428270996,317.33848800649866,10724.354853999102,4294.363636363636
1783290979,200,,Aggregated,35.000000,0.000000,1100,1400,2000,3700,6200,9800,10000,10000,11000,11000,11000,529,0,1100.0,2298.338959143641,213.5917120031081,10724.354853999102,4975.79584120983
1783290980,200,,Aggregated,40.300000,0.000000,1000,1400,1800,3700,8000,9900,13000,13000,14000,14000,14000,629,0,1000.0,2401.9767155213376,144.16805699875113,13801.98448500596,5653.950715421303
1783290981,200,,Aggregated,49.000000,0.000000,990,1300,1900,3700,9800,13000,13000,14000,14000,14000,14000,743,0,990.0,2645.0192295395227,29.574713989859447,14023.188621998997,5601.296096904442
1783290982,200,,Aggregated,58.500000,0.000000,790,1200,1500,2800,9800,13000,14000,14000,15000,15000,15000,963,0,790.0,2469.3652943093525,29.574713989859447,15044.4462299929,5424.104880581516
1783290983,200,,Aggregated,66.600000,0.000000,670,1000,1300,1600,9800,13000,14000,15000,15000,15000,15000,1225,0,670.0,2341.6609546089453,19.739687006222084,15285.998626990477,5863.184489795918
1783290984,200,,Aggregated,86.000000,0.000000,560,850,1200,1400,8000,13000,14000,15000,15000,15000,15000,1445,0,560.0,2021.6441062401407,3.2990519976010546,15285.998626990477,6409.653979238754
1783290985,200,,Aggregated,107.900000,0.000000,530,790,1100,1300,6200,13000,14000,14000,15000,15000,15000,1508,0,530.0,1937.9668557712423,2.905710003688,15285.998626990477,6376.379310344828
1783290986,200,,Aggregated,132.000000,0.000000,490,770,1000,1200,6200,13000,14000,14000,15000,15000,15000,1598,0,490.0,1829.5719954437163,2.905710003688,15285.998626990477,6365.941802252816
1783290987,200,,Aggregated,134.000000,0.000000,470,730,990,1200,6200,13000,14000,14000,15000,15000,15000,1699,0,470.0,1721.709646038285,2.905710003688,15285.998626990477,6302.644496762801
1783290988,200,,Aggregated,138.600000,0.000000,450,690,920,1200,6100,13000,14000,14000,15000,15000,15000,1788,0,450.0,1636.6512239732103,2.8717920067720115,15285.998626990477,6235.970357941835
1783290989,200,,Aggregated,131.900000,0.000000,410,640,910,1100,5100,13000,14000,14000,15000,15000,15000,1876,0,410.0,1560.692727134887,2.8717920067720115,15285.998626990477,6205.865671641791
1783290990,200,,Aggregated,135.000000,0.000000,370,590,840,1000,5100,12000,14000,14000,15000,15000,15000,1969,0,370.0,1487.7551141132674,2.8717920067720115,15285.998626990477,6204.287455561199
1783290991,200,,Aggregated,135.100000,0.000000,340,570,790,1000,3700,11000,14000,14000,15000,15000,15000,2061,0,340.0,1422.1619720490082,2.8717920067720115,15285.998626990477,6192.72974284328
1783290992,200,,Aggregated,135.000000,0.000000,300,550,770,980,3600,10000,14000,14000,15000,15000,15000,2154,0,300.0,1361.4431903644665,2.8717920067720115,15285.998626990477,6208.182451253482
1783290993,200,,Aggregated,133.800000,0.000000,280,530,760,920,2800,10000,14000,14000,15000,15000,15000,2224,0,280.0,1319.0271844869865,2.8717920067720115,15285.998626990477,6205.3165467625895
1783290994,200,,Aggregated,121.300000,0.000000,260,500,720,910,2000,9900,14000,14000,15000,15000,15000,2324,0,250.0,1263.130236043509,2.8717920067720115,15285.998626990477,6240.1932013769365
1783290995,200,,Aggregated,106.100000,0.000000,230,480,690,870,1800,9900,14000,14000,15000,15000,15000,2418,0,230.0,1214.6359083131608,2.8717920067720115,15285.998626990477,6179.357733664186
1783290996,200,,Aggregated,89.600000,0.000000,190,470,650,820,1500,9800,14000,14000,15000,15000,15000,2508,0,190.0,1171.639082348141,2.8717920067720115,15285.998626990477,6145.423444976077
1783290997,200,,Aggregated,90.500000,0.000000,170,460,630,790,1500,9800,14000,14000,15000,15000,15000,2593,0,170.0,1134.5459808010612,2.8717920067720115,15285.998626990477,6142.637485537987
1783290998,200,,Aggregated,89.800000,0.000000,140,430,590,770,1500,8900,14000,14000,15000,15000,15000,2695,0,140.0,1094.30083914959,2.8717920067720115,15285.998626990477,6165.304638218924
1783290999,200,,Aggregated,89.400000,0.000000,120,410,580,760,1500,8000,13000,14000,15000,15000,15000,2775,0,120.0,1063.1713273146552,2.8717920067720115,15285.998626990477,6192.38954954955
1783291000,200,,Aggregated,90.200000,0.000000,95,390,560,730,1400,8000,13000,14000,15000,15000,15000,2870,0,95,1028.6422308749475,2.8717920067720115,15285.998626990477,6210.942857142857
1783291001,200,,Aggregated,90.200000,0.000000,77,370,540,700,1400,8000,13000,14000,15000,15000,15000,2963,0,77,996.8008729932939,2.8717920067720115,15285.998626990477,6191.52075599055
1783291002,200,,Aggregated,90.100000,0.000000,64,340,520,680,1300,6200,13000,14000,15000,15000,15000,3054,0,64,967.6440591605102,2.849370997864753,15285.998626990477,6206.305173542894
1783291003,200,,Aggregated,89.200000,0.000000,56,320,510,650,1300,6200,13000,14000,15000,15000,15000,3142,0,56,940.872912952352,2.849370997864753,15285.998626990477,6176.4395289624445
1783291004,200,,Aggregated,90.200000,0.000000,49,290,490,630,1200,6200,13000,14000,15000,15000,15000,3244,0,49,911.8173259396548,2.849370997864753,15285.998626990477,6161.598027127004
1783291005,200,,Aggregated,90.600000,0.000000,43,270,480,600,1200,6200,13000,14000,15000,15000,15000,3334,0,43,887.5070872973026,2.849370997864753,15285.998626990477,6159.376124775045
1783291006,200,,Aggregated,91.600000,0.000000,40,260,470,580,1200,6200,13000,14000,15000,15000,15000,3418,0,40,866.0331807013368,2.849370997864753,15285.998626990477,6143.963136337039
1783291007,200,,Aggregated,90.500000,0.000000,36,250,460,570,1200,6100,13000,14000,15000,15000,15000,3515,0,36,842.5213118668962,2.849370997864753,15285.998626990477,6134.229018492177
1783291008,200,,Aggregated,91.600000,0.000000,30,230,450,560,1200,6100,13000,14000,15000,15000,15000,3609,0,30,820.8674118881182,2.849370997864753,15285.998626990477,6131.349127182045
1783291009,200,,Aggregated,91.000000,0.000000,27,200,420,540,1100,5100,13000,14000,15000,15000,15000,3695,0,27,802.1305462008726,2.849370997864753,15285.998626990477,6117.47198917456
1783291010,200,,Aggregated,90.900000,0.000000,22,180,410,530,1100,5100,13000,14000,15000,15000,15000,3782,0,22,784.0045857364363,2.849370997864753,15285.998626990477,6127.93125330513
1783291011,200,,Aggregated,90.100000,0.000000,20,160,390,520,1100,5100,13000,14000,15000,15000,15000,3874,0,20,765.781190133246,2.849370997864753,15285.998626990477,6116.853897780073
1783291012,200,,Aggregated,89.800000,0.000000,18,130,370,500,1000,5000,13000,14000,15000,15000,15000,3972,0,18,747.2438881083089,2.849370997864753,15285.998626990477,6114.012839879154
1783291013,200,,Aggregated,91.900000,0.000000,17,120,360,490,1000,3700,13000,14000,15000,15000,15000,4074,0,17,729.0288137806108,2.849370997864753,15285.998626990477,6097.665930289641
1783291014,200,,Aggregated,91.100000,0.000000,16,110,340,480,1000,3700,13000,14000,15000,15000,15000,4155,0,16,715.1289025622671,2.849370997864753,15285.998626990477,6096.395427196149
1783291015,200,,Aggregated,91.500000,0.000000,15,94,320,470,990,3700,13000,14000,15000,15000,15000,4256,0,15,698.5056464072306,2.849370997864753,15285.998626990477,6082.554276315789
1783291016,200,,Aggregated,92.000000,0.000000,15,87,310,470,970,3600,13000,14000,15000,15000,15000,4338,0,15,685.8386808937727,2.849370997864753,15285.998626990477,6081.055325034578
1783291017,200,,Aggregated,91.300000,0.000000,14,79,290,460,920,2800,13000,14000,15000,15000,15000,4436,0,14,670.946880975944,2.849370997864753,15285.998626990477,6117.057258791704
1783291018,200,,Aggregated,90.600000,0.000000,14,72,270,450,920,2700,13000,14000,15000,15000,15000,4532,0,14,657.1067849166624,2.849370997864753,15285.998626990477,6091.266548984996
1783291019,200,,Aggregated,91.700000,0.000000,13,67,270,420,920,2700,13000,14000,15000,15000,15000,4612,0,13,645.9226454783703,2.849370997864753,15285.998626990477,6103.278620988725
1783291020,200,,Aggregated,91.500000,0.000000,13,63,250,410,910,1900,13000,14000,15000,15000,15000,4707,0,13,633.1250567011552,2.849370997864753,15285.998626990477,6092.125345230508
1783291021,200,,Aggregated,92.700000,0.000000,13,61,240,400,880,1800,13000,14000,15000,15000,15000,4804,0,13,620.6850620165081,2.849370997864753,15285.998626990477,6111.890091590341
1783291022,200,,Aggregated,92.500000,0.000000,12,58,230,390,860,1600,13000,14000,15000,15000,15000,4892,0,12,609.693709756386,2.849370997864753,15285.998626990477,6106.616721177433
1783291023,200,,Aggregated,91.700000,0.000000,12,55,220,370,820,1600,12000,14000,15000,15000,15000,4984,0,12,598.7424499388724,2.8253689961275086,15285.998626990477,6116.987961476725
1783291024,200,,Aggregated,91.200000,0.000000,12,53,190,360,810,1500,12000,14000,15000,15000,15000,5071,0,12,588.7039500182048,2.8253689961275086,15285.998626990477,6094.035101557878
1783291025,200,,Aggregated,91.600000,0.000000,12,50,180,350,790,1500,11000,14000,15000,15000,15000,5171,0,12,577.6244370598151,2.8253689961275086,15285.998626990477,6094.520789015664
1783291026,200,,Aggregated,90.700000,0.000000,12,49,160,330,780,1500,11000,14000,15000,15000,15000,5250,0,12,569.1419315206258,2.8253689961275086,15285.998626990477,6110.948380952381
1783291027,200,,Aggregated,90.700000,0.000000,11,48,150,320,770,1500,10000,14000,15000,15000,15000,5346,0,11,559.2293123320985,2.8253689961275086,15285.998626990477,6103.088664421998
1783291028,200,,Aggregated,91.900000,0.000000,11,47,130,310,770,1500,10000,13000,15000,15000,15000,5438,0,11,550.1552428562704,2.8253689961275086,15285.998626990477,6091.981794777492
1783291029,200,,Aggregated,91.200000,0.000000,11,46,130,290,770,1500,10000,13000,15000,15000,15000,5528,0,11,541.4206698714428,2.8253689961275086,15285.998626990477,6098.1684153400865
1783291030,200,,Aggregated,91.200000,0.000000,11,45,120,280,750,1400,10000,13000,15000,15000,15000,5618,0,11,532.9889363564128,2.8253689961275086,15285.998626990477,6107.9866500534
1783291031,200,,Aggregated,90.300000,0.000000,11,43,110,270,740,1400,9900,13000,15000,15000,15000,5708,0,11,524.830488363243,2.8253689961275086,15285.998626990477,6126.770147161878
1783291032,200,,Aggregated,90.400000,0.000000,11,42,98,270,720,1400,9900,13000,15000,15000,15000,5795,0,11,517.1512862059329,2.8253689961275086,15285.998626990477,6110.3480586712685
1783291033,200,,Aggregated,90.000000,0.000000,11,41,91,250,710,1400,9900,13000,15000,15000,15000,5891,0,11,508.94698601145524,2.8253689961275086,15285.998626990477,6108.4532337463925
1783291034,200,,Aggregated,90.200000,0.000000,11,40,86,250,700,1400,9900,13000,15000,15000,15000,5969,0,11,502.4861339766245,2.8253689961275086,15285.998626990477,6107.278103534931
1783291035,200,,Aggregated,89.900000,0.000000,11,39,82,230,690,1300,9800,13000,15000,15000,15000,6075,0,11,493.97228544698766,2.8253689961275086,15285.998626990477,6102.687572016461
1783291036,200,,Aggregated,90.900000,0.000000,11,37,79,230,670,1300,9800,13000,15000,15000,15000,6156,0,11,487.58072130870187,2.8253689961275086,15285.998626990477,6095.37069525666
1783291037,200,,Aggregated,90.200000,0.000000,11,36,75,210,650,1300,9800,13000,15000,15000,15000,6243,0,11,480.9883261786725,2.8253689961275086,15285.998626990477,6107.3467884030115
1783291038,200,,Aggregated,89.000000,0.000000,10,35,72,200,640,1300,9800,13000,15000,15000,15000,6329,0,10,474.6170977235787,2.8253689961275086,15285.998626990477,6089.2595986727765
1783291039,200,,Aggregated,90.000000,0.000000,10,34,69,180,630,1200,9800,13000,15000,15000,15000,6430,0,10,467.410437303191,2.8253689961275086,15285.998626990477,6078.600311041991
1783291040,200,,Aggregated,88.400000,0.000000,10,33,66,170,620,1200,9800,13000,15000,15000,15000,6524,0,10,460.86880584740237,2.8253689961275086,15285.998626990477,6079.702942979767
1783291041,200,,Aggregated,89.500000,0.000000,10,31,64,160,600,1200,9800,13000,15000,15000,15000,6615,0,10,454.68127966491227,2.8253689961275086,15285.998626990477,6088.448979591837
1783291042,200,,Aggregated,90.500000,0.000000,10,30,62,150,590,1200,8900,13000,15000,15000,15000,6703,0,10,448.86299032497516,2.8253689961275086,15285.998626990477,6092.51529166045
1783291043,200,,Aggregated,90.700000,0.000000,10,29,62,130,580,1200,8900,13000,15000,15000,15000,6797,0,10,442.856794287096,2.8253689961275086,15285.998626990477,6100.287185523025
1783291044,200,,Aggregated,90.300000,0.000000,10,27,61,130,580,1200,8000,13000,15000,15000,15000,6891,0,10,436.95772102631804,2.8253689961275086,15285.998626990477,6093.694383979103
1783291045,200,,Aggregated,89.900000,0.000000,10,26,59,120,580,1200,8000,13000,15000,15000,15000,6979,0,10,431.6268663847864,2.8253689961275086,15285.998626990477,6114.342026078235
1783291046,200,,Aggregated,89.800000,0.000000,10,25,58,110,570,1200,8000,13000,15000,15000,15000,7067,0,10,426.4089572420273,2.8253689961275086,15285.998626990477,6120.998160464129
1783291047,200,,Aggregated,91.200000,0.000000,10,24,56,110,560,1200,8000,13000,15000,15000,15000,7165,0,10,420.75574930961386,2.8253689961275086,15285.998626990477,6129.209769713887
1783291048,200,,Aggregated,91.600000,0.000000,10,23,56,100,560,1200,8000,13000,15000,15000,15000,7252,0,10,415.9147337392954,2.8253689961275086,15285.998626990477,6110.864313292885
1783291049,200,,Aggregated,89.800000,0.000000,10,22,55,97,550,1200,8000,13000,15000,15000,15000,7334,0,10,411.39772315930395,2.8253689961275086,15285.998626990477,6114.7405235887645
1783291050,200,,Aggregated,91.300000,0.000000,10,21,53,91,540,1100,8000,13000,15000,15000,15000,7438,0,10,405.8611692532092,2.8253689961275086,15285.998626990477,6110.0844312987365
1783291051,200,,Aggregated,91.200000,0.000000,10,20,52,85,530,1100,6200,13000,15000,15000,15000,7531,0,10,400.9817478919643,2.8253689961275086,15285.998626990477,6109.079936263444
1783291052,200,,Aggregated,89.900000,0.000000,10,20,51,83,520,1100,6200,13000,15000,15000,15000,7617,0,10,396.57738953031793,2.8253689961275086,15285.998626990477,6104.066299067875
1783291053,200,,Aggregated,91.700000,0.000000,10,19,50,80,520,1100,6200,13000,15000,15000,15000,7712,0,10,391.8739015093891,2.8253689961275086,15285.998626990477,6100.782676348547
1783291054,200,,Aggregated,91.100000,0.000000,10,19,49,78,510,1100,6200,13000,15000,15000,15000,7808,0,10,387.2115738126789,2.8253689961275086,15285.998626990477,6108.5952868852455
1783291055,200,,Aggregated,90.800000,0.000000,10,18,49,76,500,1000,6200,13000,15000,15000,15000,7894,0,10,383.19143936982624,2.8253689961275086,15285.998626990477,6116.254877121864
1783291056,200,,Aggregated,91.400000,0.000000,10,18,48,74,490,1000,6200,13000,15000,15000,15000,7972,0,10,379.5502193169025,2.8253689961275086,15285.998626990477,6122.087681886603
1783291057,200,,Aggregated,90.400000,0.000000,9,18,48,72,490,1000,6200,13000,15000,15000,15000,8070,0,9,375.1004622479865,2.8253689961275086,15285.998626990477,6115.5788104089215
1783291058,200,,Aggregated,91.000000,0.000000,9,18,47,71,490,1000,6200,13000,15000,15000,15000,8161,0,9,371.1331118181957,2.8253689961275086,15285.998626990477,6102.443573091533
1783291059,200,,Aggregated,90.700000,0.000000,9,17,47,69,480,1000,6200,13000,15000,15000,15000,8255,0,9,367.10608820464364,2.8253689961275086,15285.998626990477,6107.924288310115
1783291060,200,,Aggregated,90.800000,0.000000,9,17,46,67,480,1000,6200,13000,15000,15000,15000,8344,0,9,363.35928705457474,2.8253689961275086,15285.998626990477,6109.077660594439
1783291061,200,,Aggregated,90.000000,0.000000,9,17,46,66,480,1000,6200,13000,15000,15000,15000,8437,0,9,359.4820291969127,2.8253689961275086,15285.998626990477,6095.32547113903
1783291062,200,,Aggregated,90.500000,0.000000,9,17,45,65,470,990,6200,13000,15000,15000,15000,8530,0,9,355.6977262116546,2.8253689961275086,15285.998626990477,6084.274091441969
1783291063,200,,Aggregated,90.000000,0.000000,9,16,44,64,470,980,6100,13000,15000,15000,15000,8628,0,9,351.8010951710077,2.8253689961275086,15285.998626990477,6083.809573481688
1783291064,200,,Aggregated,90.500000,0.000000,9,16,44,63,460,950,6100,13000,15000,15000,15000,8713,0,9,348.47633294760533,2.8253689961275086,15285.998626990477,6074.948926890853
1783291065,200,,Aggregated,91.200000,0.000000,9,16,43,62,460,920,6100,13000,15000,15000,15000,8812,0,9,344.73459955679533,2.8253689961275086,15285.998626990477,6071.816273263731
1783291066,200,,Aggregated,90.700000,0.000000,9,16,43,61,460,920,6100,13000,15000,15000,15000,8907,0,9,341.21397016340626,2.8253689961275086,15285.998626990477,6077.3912652969575
1783291067,200,,Aggregated,90.300000,0.000000,8,16,42,60,450,920,6100,13000,15000,15000,15000,8995,0,8,337.9815298994354,2.8253689961275086,15285.998626990477,6076.8403557531965
1783291068,200,,Aggregated,91.100000,0.000000,8,15,42,59,440,920,5100,13000,15000,15000,15000,9083,0,8,334.8132399059192,2.8253689961275086,15285.998626990477,6085.128151491798
1783291069,200,,Aggregated,92.900000,0.000000,8,15,42,59,430,920,5100,13000,15000,15000,15000,9181,0,8,331.3821872404436,2.8253689961275086,15285.998626990477,6088.976582071669
1783291070,200,,Aggregated,92.200000,0.000000,8,15,41,58,420,910,5100,13000,15000,15000,15000,9272,0,8,328.25831362991204,2.8253689961275086,15285.998626990477,6088.6713761863675
1783291071,200,,Aggregated,92.800000,0.000000,8,15,41,58,420,910,5100,13000,15000,15000,15000,9360,0,8,325.30523956469307,2.8253689961275086,15285.998626990477,6085.799252136752
1783291072,200,,Aggregated,93.700000,0.000000,8,15,40,56,410,900,5100,13000,15000,15000,15000,9454,0,8,322.2447017336081,2.8253689961275086,15285.998626990477,6084.861963190184
1783291073,200,,Aggregated,91.200000,0.000000,8,15,40,56,410,890,5100,13000,15000,15000,15000,9550,0,8,319.1636806757534,2.8253689961275086,15285.998626990477,6073.631937172775
1783291074,200,,Aggregated,92.800000,0.000000,8,15,40,56,390,880,5100,13000,15000,15000,15000,9646,0,8,316.1372731690352,2.8253689961275086,15285.998626990477,6069.797014306449
1783291075,200,,Aggregated,92.400000,0.000000,8,15,40,55,390,870,5100,13000,15000,15000,15000,9717,0,8,313.9431630637544,2.8253689961275086,15285.998626990477,6082.499742718946
1783291076,200,,Aggregated,91.300000,0.000000,8,15,40,55,380,850,5100,12000,15000,15000,15000,9822,0,8,310.92520290200815,2.8253689961275086,15285.998626990477,6073.81602524944
1783291077,200,,Aggregated,93.200000,0.000000,8,14,39,54,370,830,5000,12000,15000,15000,15000,9927,0,8,307.77548776353444,2.8253689961275086,15285.998626990477,6075.867029313992
1783291078,200,,Aggregated,91.400000,0.000000,8,14,39,53,370,820,3700,12000,15000,15000,15000,10006,0,8,305.4639824916668,2.8253689961275086,15285.998626990477,6066.422646412153
1783291079,200,,Aggregated,91.200000,0.000000,8,14,39,53,360,810,3700,12000,15000,15000,15000,10095,0,8,302.8752913081339,2.8253689961275086,15285.998626990477,6066.930856859832
1783291080,200,,Aggregated,92.500000,0.000000,8,14,38,52,360,800,3700,12000,15000,15000,15000,10196,0,8,300.0175444102225,2.8253689961275086,15285.998626990477,6081.448705374657
1783291081,200,,Aggregated,91.000000,0.000000,8,14,38,52,350,790,3700,11000,15000,15000,15000,10285,0,8,297.53573043661896,2.8253689961275086,15285.998626990477,6080.484200291687
1783291082,200,,Aggregated,90.100000,0.000000,8,14,38,51,340,790,3700,11000,15000,15000,15000,10378,0,8,295.0122055161467,2.8253689961275086,15285.998626990477,6080.763538253999
1783291083,200,,Aggregated,92.800000,0.000000,8,14,37,51,330,780,3700,11000,15000,15000,15000,10475,0,8,292.40834288625626,2.8253689961275086,15285.998626990477,6078.587016706444
1783291084,200,,Aggregated,90.600000,0.000000,8,14,37,51,330,780,3700,11000,15000,15000,15000,10558,0,8,290.18768771884163,2.8253689961275086,15285.998626990477,6088.532581928395
1783291085,200,,Aggregated,91.400000,0.000000,8,14,36,50,320,770,3700,10000,15000,15000,15000,10654,0,8,287.6818257505684,2.8253689961275086,15285.998626990477,6085.688473812653
1783291086,200,,Aggregated,92.000000,0.000000,8,14,36,50,320,770,3600,10000,15000,15000,15000,10739,0,8,285.55928394660117,2.8253689961275086,15285.998626990477,6085.612626874011
1783291087,200,,Aggregated,91.100000,0.000000,8,14,36,49,310,770,3600,10000,15000,15000,15000,10842,0,8,283.01678803759484,2.8253689961275086,15285.998626990477,6085.145545102379
1783291088,200,,Aggregated,91.700000,0.000000,8,13,36,49,300,770,3500,10000,15000,15000,15000,10928,0,8,280.86721474053843,2.8253689961275086,15285.998626990477,6086.892935578331
1783291089,200,,Aggregated,91.500000,0.000000,8,13,35,49,290,770,2800,10000,15000,15000,15000,11041,0,8,278.1497416526178,2.8253689961275086,15285.998626990477,6079.962412824925
1783291090,200,,Aggregated,91.400000,0.000000,8,13,35,48,290,760,2800,10000,15000,15000,15000,11118,0,8,276.30486016653623,2.8253689961275086,15285.998626990477,6085.75697067818
1783291091,200,,Aggregated,91.800000,0.000000,8,13,35,48,280,750,2700,10000,15000,15000,15000,11206,0,8,274.2524134799689,2.8253689961275086,15285.998626990477,6078.528377654828
1783291092,200,,Aggregated,93.500000,0.000000,8,13,34,48,280,740,2700,9900,15000,15000,15000,11303,0,8,272.04567442905096,2.8253689961275086,15285.998626990477,6084.807130850217
1783291094,200,,Aggregated,91.800000,0.000000,8,13,35,49,270,740,2700,9900,15000,15000,15000,11415,0,8,269.9316797100028,2.8253689961275086,15285.998626990477,6078.178098992554
1783291095,200,,Aggregated,90.300000,0.000000,8,13,35,48,270,730,2700,9900,15000,15000,15000,11496,0,8,268.1416703867955,2.8253689961275086,15285.998626990477,6076.513221990257
1783291096,200,,Aggregated,92.000000,0.000000,8,13,34,48,270,720,2000,9900,15000,15000,15000,11596,0,8,265.9466526022415,2.8253689961275086,15285.998626990477,6081.70300103484
1783291097,200,,Aggregated,90.500000,0.000000,8,13,34,48,260,710,2000,9900,15000,15000,15000,11690,0,8,263.94201091425106,2.8253689961275086,15285.998626990477,6084.46501283148
1783291098,200,,Aggregated,91.300000,0.000000,8,13,34,48,250,710,1900,9900,15000,15000,15000,11789,0,8,261.9279606307297,2.8253689961275086,15285.998626990477,6067.821274069048
1783291099,200,,Aggregated,91.500000,0.000000,8,13,34,47,250,700,1900,9900,15000,15000,15000,11869,0,8,260.24978174864475,2.8253689961275086,15285.998626990477,6060.881118881119
1783291100,200,,Aggregated,91.100000,0.000000,7,13,34,47,250,700,1800,9900,15000,15000,15000,11964,0,7,258.2832023238664,2.8253689961275086,15285.998626990477,6056.477766633233
1783291101,200,,Aggregated,91.400000,0.000000,7,13,34,47,240,690,1800,9900,15000,15000,15000,12054,0,7,256.47725437843985,2.8253689961275086,15285.998626990477,6062.217604114817
1783291102,200,,Aggregated,89.900000,0.000000,7,13,33,47,240,690,1600,9800,15000,15000,15000,12145,0,7,254.65389377321296,2.8253689961275086,15285.998626990477,6069.255743104158
1783291103,200,,Aggregated,90.700000,0.000000,7,13,33,46,230,680,1600,9800,15000,15000,15000,12240,0,7,252.76209407488912,2.8253689961275086,15285.998626990477,6081.107924836601
1783291104,200,,Aggregated,91.300000,0.000000,7,13,32,46,230,670,1600,9800,15000,15000,15000,12323,0,7,251.16469565476595,2.8253689961275086,15285.998626990477,6077.474316319078
1783291105,200,,Aggregated,92.100000,0.000000,7,13,32,46,220,660,1600,9800,15000,15000,15000,12421,0,7,249.30616747755113,2.8253689961275086,15285.998626990477,6076.943321793737
1783291106,200,,Aggregated,90.500000,0.000000,7,13,32,46,220,650,1500,9800,15000,15000,15000,12514,0,7,247.5943681891188,2.8253689961275086,15285.998626990477,6073.896356081189
1783291107,200,,Aggregated,92.200000,0.000000,7,13,32,45,210,640,1500,9800,15000,15000,15000,12605,0,7,245.9025596536757,2.8253689961275086,15285.998626990477,6081.515113050376
1783291108,200,,Aggregated,92.000000,0.000000,7,13,31,45,200,640,1500,9800,15000,15000,15000,12701,0,7,244.12911950764726,2.8253689961275086,15285.998626990477,6082.782930477915
1783291109,200,,Aggregated,91.000000,0.000000,7,13,31,45,190,640,1500,9800,15000,15000,15000,12796,0,7,242.43892248271052,2.8253689961275086,15285.998626990477,6077.5929978118165
1783291110,200,,Aggregated,91.200000,0.000000,7,13,31,45,180,630,1500,9800,15000,15000,15000,12881,0,7,240.9460116858702,2.8253689961275086,15285.998626990477,6072.111714928965
1783291111,200,,Aggregated,91.700000,0.000000,7,13,30,45,180,630,1500,9800,15000,15000,15000,12983,0,7,239.14642494606605,2.8253689961275086,15285.998626990477,6065.0814141569745
1783291112,200,,Aggregated,91.200000,0.000000,7,13,30,45,180,610,1500,9800,15000,15000,15000,13069,0,7,237.68438897090311,2.8253689961275086,15285.998626990477,6067.311577014309
1783291113,200,,Aggregated,92.400000,0.000000,7,13,30,44,170,600,1500,9800,15000,15000,15000,13163,0,7,236.065315419255,2.8253689961275086,15285.998626990477,6073.33753703563
1783291114,200,,Aggregated,91.900000,0.000000,7,13,29,44,170,600,1500,9800,15000,15000,15000,13251,0,7,234.58516183840678,2.8253689961275086,15285.998626990477,6069.751113123538
1783291115,200,,Aggregated,92.200000,0.000000,7,13,29,44,160,600,1500,8900,15000,15000,15000,13347,0,7,233.0054314842125,2.8253689961275086,15285.998626990477,6072.911141080393
1783291116,200,,Aggregated,91.700000,0.000000,7,13,29,43,160,590,1500,8900,15000,15000,15000,13438,0,7,231.55056528581648,2.8253689961275086,15285.998626990477,6073.798853996131
1783291117,200,,Aggregated,91.600000,0.000000,7,13,29,43,150,590,1500,8900,15000,15000,15000,13539,0,7,229.90311777523073,2.8253689961275086,15285.998626990477,6065.736908191151
1783291118,200,,Aggregated,91.200000,0.000000,7,13,28,43,150,580,1500,8000,15000,15000,15000,13625,0,7,228.52776303485922,2.8253689961275086,15285.998626990477,6054.848073394495
1783291119,200,,Aggregated,93.300000,0.000000,7,12,28,43,140,580,1500,8000,15000,15000,15000,13718,0,7,227.07131240588825,2.8253689961275086,15285.998626990477,6048.929362880886
1783291120,200,,Aggregated,93.000000,0.000000,7,12,28,42,140,580,1500,8000,15000,15000,15000,13816,0,7,225.57617032224312,2.8253689961275086,15285.998626990477,6050.86978865084
1783291121,200,,Aggregated,91.900000,0.000000,7,13,28,43,140,580,1500,8000,15000,15000,15000,13897,0,7,224.44711702138056,2.8253689961275086,15285.998626990477,6052.669137223861
1783291122,200,,Aggregated,93.500000,0.000000,7,12,28,42,130,580,1400,8000,15000,15000,15000,13986,0,7,223.1162164193587,2.8253689961275086,15285.998626990477,6052.887673387673
1783291123,200,,Aggregated,91.200000,0.000000,7,12,27,42,130,570,1400,8000,15000,15000,15000,14088,0,7,221.5953464082384,2.8253689961275086,15285.998626990477,6048.697473026689
1783291124,200,,Aggregated,91.400000,0.000000,7,12,27,42,130,570,1400,8000,15000,15000,15000,14184,0,7,220.20618893657132,2.8253689961275086,15285.998626990477,6055.58502538071
1783291125,200,,Aggregated,91.500000,0.000000,7,12,27,42,130,560,1400,8000,15000,15000,15000,14265,0,7,219.02443526185382,2.8253689961275086,15285.998626990477,6052.672765509989
1783291126,200,,Aggregated,92.100000,0.000000,7,12,27,42,120,560,1400,8000,15000,15000,15000,14354,0,7,217.76675306550842,2.8253689961275086,15285.998626990477,6047.799080395708
1783291127,200,,Aggregated,91.800000,0.000000,7,12,27,42,120,560,1400,8000,15000,15000,15000,14445,0,7,216.50549200188848,2.8253689961275086,15285.998626990477,6051.607061266875
1783291128,200,,Aggregated,92.200000,0.000000,7,12,27,42,120,550,1400,8000,15000,15000,15000,14543,0,7,215.15860132203431,2.8253689961275086,15285.998626990477,6042.676407893832
1783291129,200,,Aggregated,90.100000,0.000000,7,12,26,42,110,550,1400,8000,15000,15000,15000,14642,0,7,213.82494932176937,2.8253689961275086,15285.998626990477,6040.53326048354
1783291130,200,,Aggregated,90.300000,0.000000,7,12,26,42,110,550,1400,8000,15000,15000,15000,14723,0,7,212.70105335606516,2.8253689961275086,15285.998626990477,6042.108130136521
1783291131,200,,Aggregated,91.300000,0.000000,7,12,25,42,110,540,1400,8000,15000,15000,15000,14813,0,7,211.50700920848473,2.8253689961275086,15285.998626990477,6034.747451562816
1783291132,200,,Aggregated,90.400000,0.000000,7,12,25,41,110,540,1400,7800,15000,15000,15000,14907,0,7,210.25679597030165,2.8253689961275086,15285.998626990477,6027.902998591266
1783291133,200,,Aggregated,91.100000,0.000000,7,12,25,41,110,530,1300,7800,15000,15000,15000,14999,0,7,209.09694764919925,2.8253689961275086,15285.998626990477,6032.198679911994
1783291134,200,,Aggregated,91.300000,0.000000,7,12,25,41,110,530,1300,6200,14000,15000,15000,15082,0,7,208.02297056738672,2.8253689961275086,15285.998626990477,6035.636188834372
1783291135,200,,Aggregated,91.000000,0.000000,7,12,25,41,100,530,1300,6200,14000,15000,15000,15180,0,7,206.75265881457625,2.8253689961275086,15285.998626990477,6041.72325428195
1783291136,200,,Aggregated,90.300000,0.000000,7,12,24,41,100,520,1300,6200,14000,15000,15000,15278,0,7,205.54986566188433,2.8253689961275086,15285.998626990477,6041.533512239822
1783291137,200,,Aggregated,90.300000,0.000000,7,12,24,41,100,520,1300,6200,14000,15000,15000,15364,0,7,204.46019329168033,2.82082699413877,15285.998626990477,6051.701705285082
1783291138,200,,Aggregated,89.900000,0.000000,7,12,23,41,100,520,1300,6200,14000,15000,15000,15457,0,7,203.32007871542746,2.82082699413877,15285.998626990477,6044.990554441353
1783291139,200,,Aggregated,91.500000,0.000000,7,12,23,40,99,510,1300,6200,14000,15000,15000,15537,0,7,202.34996656827786,2.82082699413877,15285.998626990477,6053.148291175903
1783291140,200,,Aggregated,90.500000,0.000000,7,12,23,40,97,510,1300,6200,14000,15000,15000,15639,0,7,201.11684733533465,2.82082699413877,15285.998626990477,6043.853890913741
1783291141,200,,Aggregated,90.600000,0.000000,7,12,23,40,96,510,1300,6200,14000,15000,15000,15731,0,7,200.00464684046153,2.82082699413877,15285.998626990477,6041.7679740639505
1783291142,200,,Aggregated,90.200000,0.000000,7,12,22,40,95,500,1300,6200,14000,15000,15000,15822,0,7,198.94498503572473,2.82082699413877,15285.998626990477,6044.221906206548
1783291143,200,,Aggregated,90.500000,0.000000,7,12,22,40,94,500,1300,6200,14000,15000,15000,15911,0,7,197.93825806632287,2.82082699413877,15285.998626990477,6039.172082207278
1783291144,200,,Aggregated,90.900000,0.000000,7,12,22,40,91,490,1200,6200,14000,15000,15000,16017,0,7,196.712550095101,2.7039239939767867,15285.998626990477,6039.760067428358
1783291145,200,,Aggregated,91.600000,0.000000,7,12,22,40,91,490,1200,6200,14000,15000,15000,16096,0,7,195.81407675903188,2.7039239939767867,15285.998626990477,6037.61083499006
1783291146,200,,Aggregated,92.200000,0.000000,7,12,22,40,90,490,1200,6200,14000,15000,15000,16184,0,7,194.83692017989318,2.7039239939767867,15285.998626990477,6036.41429807217
1783291147,200,,Aggregated,91.600000,0.000000,7,12,21,40,89,490,1200,6200,14000,15000,15000,16277,0,7,193.78979712745655,2.7039239939767867,15285.998626990477,6042.037353320637
1783291148,200,,Aggregated,92.000000,0.000000,7,12,21,39,88,490,1200,6200,14000,15000,15000,16371,0,7,192.73641792807626,2.7039239939767867,15285.998626990477,6038.491478834524
1783291149,200,,Aggregated,91.000000,0.000000,7,12,21,39,87,480,1200,6200,14000,15000,15000,16453,0,7,191.84595536708042,2.7039239939767867,15285.998626990477,6048.031483620009
1783291150,200,,Aggregated,91.600000,0.000000,7,12,21,39,86,480,1200,6200,14000,15000,15000,16550,0,7,190.84493293767693,2.7039239939767867,15285.998626990477,6042.603806646525
1783291151,200,,Aggregated,90.200000,0.000000,7,12,21,39,85,480,1200,6200,14000,15000,15000,16648,0,7,189.80468617813372,2.7039239939767867,15285.998626990477,6034.111965401249
1783291152,200,,Aggregated,91.100000,0.000000,7,12,21,39,84,480,1200,6200,14000,15000,15000,16736,0,7,188.8795041071153,2.7039239939767867,15285.998626990477,6034.7820865200765
1783291153,200,,Aggregated,91.100000,0.000000,7,12,20,39,84,480,1200,6200,14000,15000,15000,16825,0,7,187.95041303338354,2.7039239939767867,15285.998626990477,6030.647964338782
1783291154,200,,Aggregated,91.300000,0.000000,7,12,20,39,84,480,1200,6200,14000,15000,15000,16929,0,7,186.95265375772786,2.7039239939767867,15285.998626990477,6029.128300549353
1783291155,200,,Aggregated,90.200000,0.000000,7,12,20,39,83,470,1200,6200,14000,15000,15000,17014,0,7,186.0924937112175,2.7039239939767867,15285.998626990477,6021.712413306688
1783291156,200,,Aggregated,91.700000,0.000000,7,12,20,39,83,470,1200,6200,14000,15000,15000,17099,0,7,185.22716199039348,2.7039239939767867,15285.998626990477,6017.88168898766
1783291157,200,,Aggregated,90.700000,0.000000,7,12,20,39,82,470,1200,6200,14000,15000,15000,17196,0,7,184.28328850714476,2.7039239939767867,15285.998626990477,6018.331414282391
1783291158,200,,Aggregated,90.100000,0.000000,7,12,21,39,83,470,1200,6100,14000,15000,15000,17317,0,7,183.33997952560216,2.7039239939767867,15285.998626990477,6025.066062250968
1783291159,200,,Aggregated,91.200000,0.000000,7,12,20,39,83,460,1200,6100,14000,15000,15000,17406,0,7,182.48034103555779,2.7039239939767867,15285.998626990477,6024.79788578651
1783291160,200,,Aggregated,90.800000,0.000000,7,12,20,39,82,460,1200,6100,14000,15000,15000,17490,0,7,181.6649973124017,2.7039239939767867,15285.998626990477,6031.386849628359
1783291161,200,,Aggregated,92.200000,0.000000,7,12,20,39,82,460,1200,6100,14000,15000,15000,17584,0,7,180.79761267037262,2.7039239939767867,15285.998626990477,6024.140013648772
1783291162,200,,Aggregated,90.700000,0.000000,7,12,20,39,82,460,1200,6100,14000,15000,15000,17671,0,7,179.99160154420852,2.7039239939767867,15285.998626990477,6024.673193367665
1783291164,200,,Aggregated,89.800000,0.000000,7,12,21,39,82,460,1200,6100,14000,15000,15000,17782,0,7,179.1577307079495,2.7039239939767867,15285.998626990477,6023.487796648296
1783291165,200,,Aggregated,88.200000,0.000000,7,12,21,39,82,460,1200,6100,14000,15000,15000,17867,0,7,178.36943546514345,2.7039239939767867,15285.998626990477,6023.664353276991
1783291166,200,,Aggregated,88.200000,0.000000,7,12,20,39,81,450,1200,6100,14000,15000,15000,17966,0,7,177.44673791576437,2.7039239939767867,15285.998626990477,6027.285706334187
1783291167,200,,Aggregated,88.700000,0.000000,7,12,20,39,81,450,1200,6100,14000,15000,15000,18054,0,7,176.7065018060599,2.7039239939767867,15285.998626990477,6027.820759942395
1783291168,200,,Aggregated,89.300000,0.000000,7,12,20,39,81,440,1200,5100,14000,15000,15000,18142,0,7,175.9202247049173,2.7039239939767867,15285.998626990477,6030.373663322676
1783291169,200,,Aggregated,89.000000,0.000000,7,12,20,38,80,430,1200,5100,14000,15000,15000,18239,0,7,175.05126136655727,2.7039239939767867,15285.998626990477,6030.207577169801
1783291170,200,,Aggregated,88.800000,0.000000,7,12,20,38,80,430,1200,5100,14000,15000,15000,18326,0,7,174.28667769827678,2.7039239939767867,15285.998626990477,6024.356378915202
1783291171,200,,Aggregated,88.900000,0.000000,7,12,20,38,80,420,1100,5100,14000,15000,15000,18425,0,7,173.42072610982993,2.7039239939767867,15285.998626990477,6024.508710990502
1783291172,200,,Aggregated,89.700000,0.000000,7,12,20,38,79,420,1100,5100,14000,15000,15000,18515,0,7,172.63264056994868,2.7039239939767867,15285.998626990477,6035.717688360789
1783291173,200,,Aggregated,90.200000,0.000000,7,12,20,38,79,420,1100,5100,14000,15000,15000,18614,0,7,171.79338819654893,2.7039239939767867,15285.998626990477,6031.753733748791
1783291174,200,,Aggregated,90.300000,0.000000,7,12,20,38,79,420,1100,5100,14000,15000,15000,18699,0,7,171.0929187470203,2.7039239939767867,15285.998626990477,6029.91218781753
1783291175,200,,Aggregated,92.800000,0.000000,7,12,20,38,78,410,1100,5100,14000,15000,15000,18795,0,7,170.2891810945199,2.7039239939767867,15285.998626990477,6027.290236765097
1783291176,200,,Aggregated,91.200000,0.000000,7,12,20,38,78,410,1100,5100,14000,15000,15000,18872,0,7,169.66821744719704,2.7039239939767867,15285.998626990477,6024.859368376431
1783291177,200,,Aggregated,92.600000,0.000000,7,12,19,38,77,410,1100,5100,14000,15000,15000,18967,0,7,168.88396776362256,2.7039239939767867,15285.998626990477,6022.748932356198
1783291178,200,,Aggregated,90.900000,0.000000,7,12,19,38,77,410,1100,5100,14000,15000,15000,19062,0,7,168.1073555241642,2.7039239939767867,15285.998626990477,6016.6999265554505
1783291179,200,,Aggregated,91.400000,0.000000,7,12,19,38,77,400,1100,5100,14000,15000,15000,19161,0,7,167.32791974111976,2.7039239939767867,15285.998626990477,6023.282239966599
1783291180,200,,Aggregated,91.500000,0.000000,7,12,19,37,76,400,1100,5100,14000,15000,15000,19250,0,7,166.59498891270698,2.7039239939767867,15285.998626990477,6029.322441558442
1783291181,200,,Aggregated,91.800000,0.000000,7,12,19,37,76,390,1100,5100,14000,15000,15000,19338,0,7,165.9099241917756,2.7039239939767867,15285.998626990477,6028.973213362292
1783291182,200,,Aggregated,91.500000,0.000000,7,12,19,37,75,390,1100,5100,14000,15000,15000,19442,0,7,165.10548975915734,2.7039239939767867,15285.998626990477,6026.310719061825
1783291183,200,,Aggregated,90.700000,0.000000,7,12,19,37,75,390,1100,5100,14000,15000,15000,19523,0,7,164.48071947613118,2.7039239939767867,15285.998626990477,6025.011883419556
1783291184,200,,Aggregated,91.700000,0.000000,7,12,19,37,75,380,1100,5100,14000,15000,15000,19622,0,7,163.72091773078498,2.7039239939767867,15285.998626990477,6019.284476607889
1783291185,200,,Aggregated,91.300000,0.000000,7,12,19,37,74,380,1000,5100,14000,15000,15000,19712,0,7,163.0346941850422,2.7039239939767867,15285.998626990477,6020.103033685065
1783291186,200,,Aggregated,91.200000,0.000000,7,12,19,37,74,380,1000,5000,14000,15000,15000,19806,0,7,162.34917809550714,2.7039239939767867,15285.998626990477,6022.73654448147
1783291187,200,,Aggregated,91.200000,0.000000,7,12,19,37,74,370,1000,5000,14000,15000,15000,19894,0,7,161.69066230922394,2.7039239939767867,15285.998626990477,6016.420780134714
1783291188,200,,Aggregated,93.300000,0.000000,7,12,19,37,74,370,1000,4200,14000,15000,15000,19997,0,7,160.95729301123134,2.7039239939767867,15285.998626990477,6012.1205180777115
1783291189,200,,Aggregated,91.800000,0.000000,7,12,19,37,73,370,1000,3700,14000,15000,15000,20084,0,7,160.31428232117332,2.7039239939767867,15285.998626990477,6011.477693686516
1783291190,200,,Aggregated,92.700000,0.000000,7,12,19,37,73,370,1000,3700,14000,15000,15000,20180,0,7,159.6611874611719,2.7039239939767867,15285.998626990477,6003.427353815659
1783291191,200,,Aggregated,91.800000,0.000000,7,12,19,37,73,360,1000,3700,14000,15000,15000,20276,0,7,158.97052425890206,2.7039239939767867,15285.998626990477,6001.2800355099625
1783291192,200,,Aggregated,93.000000,0.000000,7,12,19,37,72,360,1000,3700,14000,15000,15000,20368,0,7,158.31117358245714,2.7039239939767867,15285.998626990477,5994.456500392773
1783291193,200,,Aggregated,93.000000,0.000000,7,12,19,37,72,360,1000,3700,14000,15000,15000,20458,0,7,157.69482579277064,2.7039239939767867,15285.998626990477,5995.605924332779
1783291194,200,,Aggregated,92.900000,0.000000,7,12,18,37,72,360,1000,3700,14000,15000,15000,20554,0,7,157.02227728118578,2.7039239939767867,15285.998626990477,5993.392381045052
1783291195,200,,Aggregated,92.000000,0.000000,7,12,18,36,72,350,1000,3700,14000,15000,15000,20652,0,7,156.33460797905073,2.7039239939767867,15285.998626990477,5988.355752469494
1783291196,200,,Aggregated,93.200000,0.000000,7,12,18,36,72,350,1000,3700,14000,15000,15000,20732,0,7,155.77650502510028,2.7039239939767867,15285.998626990477,5992.241221300405
1783291197,200,,Aggregated,93.200000,0.000000,7,12,18,36,71,340,1000,3700,14000,15000,15000,20824,0,7,155.14582825328205,2.7039239939767867,15285.998626990477,5996.8324529389165
1783291198,200,,Aggregated,91.100000,0.000000,7,12,18,36,71,340,1000,3700,14000,15000,15000,20924,0,7,154.48604958403482,2.7039239939767867,15285.998626990477,5998.006834257312
1783291199,200,,Aggregated,91.300000,0.000000,7,12,18,36,71,330,1000,3700,14000,15000,15000,21008,0,7,153.91733108688632,2.7039239939767867,15285.998626990477,5999.890375095202
1783291200,200,,Aggregated,91.800000,0.000000,7,12,18,36,71,330,1000,3700,14000,15000,15000,21095,0,7,153.35338611345304,2.7039239939767867,15285.998626990477,6001.793458165442
1783291201,200,,Aggregated,92.500000,0.000000,7,12,18,36,71,330,990,3700,14000,15000,15000,21191,0,7,152.72132190347043,2.7039239939767867,15285.998626990477,6000.340663489217
1783291202,200,,Aggregated,90.200000,0.000000,7,12,18,36,70,330,990,3700,14000,15000,15000,21278,0,7,152.13989824952932,2.7039239939767867,15285.998626990477,5993.898298712285
1783291203,200,,Aggregated,91.000000,0.000000,7,12,18,36,70,320,990,3700,14000,15000,15000,21363,0,7,151.61912513604787,2.7039239939767867,15285.998626990477,5998.342929363854
1783291204,200,,Aggregated,90.700000,0.000000,7,11,18,36,70,320,990,3600,14000,15000,15000,21463,0,7,150.97040727770207,2.7039239939767867,15285.998626990477,5995.9858826818245
1783291205,200,,Aggregated,90.900000,0.000000,7,11,18,35,70,320,980,3600,14000,15000,15000,21549,0,7,150.4306360055837,2.7039239939767867,15285.998626990477,5995.826210032948
1783291206,200,,Aggregated,90.300000,0.000000,7,11,18,35,69,310,970,3600,14000,15000,15000,21647,0,7,149.80810099927666,2.7039239939767867,15285.998626990477,6002.08135076454
1783291207,200,,Aggregated,89.900000,0.000000,7,11,18,35,69,310,950,3600,14000,15000,15000,21747,0,7,149.18182774021415,2.7039239939767867,15285.998626990477,6002.3537039591665
1783291208,200,,Aggregated,91.200000,0.000000,7,11,18,35,69,310,930,3500,14000,15000,15000,21829,0,7,148.66834622467678,2.7039239939767867,15285.998626990477,6003.538045718998
1783291209,200,,Aggregated,92.100000,0.000000,7,11,17,35,69,300,930,2800,14000,15000,15000,21927,0,7,148.05207325030642,2.7039239939767867,15285.998626990477,5999.004879828522
1783291210,200,,Aggregated,90.000000,0.000000,7,11,17,35,68,300,920,2800,14000,15000,15000,22008,0,7,147.55300791577767,2.7039239939767867,15285.998626990477,6003.39308433297
1783291211,200,,Aggregated,90.800000,0.000000,7,11,17,35,68,300,920,2800,14000,15000,15000,22102,0,7,146.9904664629202,2.7039239939767867,15285.998626990477,6002.878472536422
1783291212,200,,Aggregated,91.800000,0.000000,7,11,17,35,68,290,920,2800,14000,15000,15000,22183,0,7,146.50475270921274,2.7039239939767867,15285.998626990477,6001.85836000541
1783291213,200,,Aggregated,90.500000,0.000000,7,11,17,35,68,290,920,2800,14000,15000,15000,22280,0,7,145.9349827909537,2.7039239939767867,15285.998626990477,6000.652199281867
1783291214,200,,Aggregated,89.900000,0.000000,7,11,17,35,68,290,920,2800,14000,15000,15000,22371,0,7,145.48558868340388,2.7039239939767867,15285.998626990477,5998.137678244156
1783291215,200,,Aggregated,89.400000,0.000000,7,11,17,35,68,280,920,2700,14000,15000,15000,22455,0,7,144.99211674541877,2.7039239939767867,15285.998626990477,5998.508439100423
1783291216,200,,Aggregated,91.000000,0.000000,7,11,17,35,67,280,920,2700,14000,15000,15000,22561,0,7,144.38144011499398,2.7039239939767867,15285.998626990477,6002.986392447143
1783291217,200,,Aggregated,89.800000,0.000000,7,11,17,35,67,280,920,2700,14000,15000,15000,22655,0,7,143.83764468309118,2.7039239939767867,15285.998626990477,6002.87989406312
1783291218,200,,Aggregated,90.800000,0.000000,7,11,17,34,67,280,920,2700,14000,15000,15000,22752,0,7,143.27330781040848,2.7039239939767867,15285.998626990477,6000.522723277075
1783291219,200,,Aggregated,89.600000,0.000000,7,11,17,34,67,280,920,2700,14000,15000,15000,22832,0,7,142.81323811459208,2.7039239939767867,15285.998626990477,5998.62324807288
1783291220,200,,Aggregated,91.400000,0.000000,7,11,17,34,67,270,920,2700,14000,15000,15000,22917,0,7,142.3266720632875,2.7039239939767867,15285.998626990477,6001.165597591308
1783291221,200,,Aggregated,90.800000,0.000000,7,11,17,34,66,270,920,2700,14000,15000,15000,23014,0,7,141.77601100913984,2.7039239939767867,15285.998626990477,6002.247067002694
1783291222,200,,Aggregated,90.300000,0.000000,7,11,17,34,66,270,910,2000,14000,15000,15000,23108,0,7,141.25963909353,2.7039239939767867,15285.998626990477,5998.1075385148
1783291223,200,,Aggregated,90.700000,0.000000,7,11,17,34,66,270,910,2000,14000,15000,15000,23197,0,7,140.7749443028972,2.7039239939767867,15285.998626990477,6000.821313100832
1783291224,200,,Aggregated,90.600000,0.000000,7,11,17,34,66,270,910,2000,14000,15000,15000,23287,0,7,140.2879852868718,2.7039239939767867,15285.998626990477,6005.742860823635
1783291225,200,,Aggregated,91.700000,0.000000,7,11,17,34,66,270,910,2000,14000,15000,15000,23383,0,7,139.76277009696844,2.7039239939767867,15285.998626990477,6010.952358551084
1783291226,200,,Aggregated,90.800000,0.000000,7,11,17,34,66,260,910,2000,14000,15000,15000,23478,0,7,139.24920103843505,2.7039239939767867,15285.998626990477,6011.2262969588555
1783291227,200,,Aggregated,90.700000,0.000000,7,11,17,34,66,260,900,1900,14000,15000,15000,23565,0,7,138.80592870708296,2.7039239939767867,15285.998626990477,6009.288478676002
1783291228,200,,Aggregated,90.400000,0.000000,7,11,17,33,65,260,900,1900,14000,15000,15000,23658,0,7,138.30101452271455,2.7039239939767867,15285.998626990477,6009.859413306282
1783291229,200,,Aggregated,91.800000,0.000000,7,11,17,33,65,250,900,1900,14000,15000,15000,23744,0,7,137.8553257679567,2.7039239939767867,15285.998626990477,6006.444786051213
1783291230,200,,Aggregated,90.700000,0.000000,7,11,17,33,65,250,900,1800,14000,15000,15000,23835,0,7,137.37587378780816,2.7039239939767867,15285.998626990477,6007.845982798406
1783291231,200,,Aggregated,90.600000,0.000000,7,11,17,33,65,250,890,1800,14000,15000,15000,23929,0,7,136.90569861897544,2.7039239939767867,15285.998626990477,6005.633540891805
1783291232,200,,Aggregated,90.700000,0.000000,7,11,17,33,65,250,880,1800,14000,15000,15000,24008,0,7,136.50310702130398,2.7039239939767867,15285.998626990477,6004.363003998667
1783291233,200,,Aggregated,91.000000,0.000000,7,11,17,33,65,250,880,1800,14000,15000,15000,24117,0,7,135.96395191518377,2.7039239939767867,15285.998626990477,6000.782850271593
1783291234,200,,Aggregated,91.000000,0.000000,7,11,17,33,65,240,870,1800,14000,15000,15000,24199,0,7,135.54952780877383,2.7039239939767867,15285.998626990477,5999.994958469359
1783291235,200,,Aggregated,91.400000,0.000000,7,11,17,33,65,240,870,1600,14000,15000,15000,24298,0,7,135.04418789647488,2.7039239939767867,15285.998626990477,5995.761379537411
1783291236,200,,Aggregated,90.400000,0.000000,7,11,17,33,64,240,870,1600,14000,15000,15000,24396,0,7,134.55712262299627,2.7039239939767867,15285.998626990477,5998.999877029021
1783291237,200,,Aggregated,92.000000,0.000000,7,11,17,33,65,240,860,1600,14000,15000,15000,24498,0,7,134.13195443487564,2.7039239939767867,15285.998626990477,5995.8931749530575
1783291238,200,,Aggregated,91.800000,0.000000,7,11,17,33,65,230,850,1600,14000,15000,15000,24577,0,7,133.7443648416263,2.7039239939767867,15285.998626990477,5999.206860072425
1783291239,200,,Aggregated,92.100000,0.000000,7,11,17,33,64,230,840,1600,14000,15000,15000,24665,0,7,133.31159264737917,2.7039239939767867,15285.998626990477,6001.3092235961885
1783291240,200,,Aggregated,91.400000,0.000000,7,11,17,33,64,230,830,1600,14000,15000,15000,24758,0,7,132.87072690724497,2.7039239939767867,15285.998626990477,5996.898659019307
1783291241,200,,Aggregated,90.500000,0.000000,7,11,16,33,64,230,820,1600,14000,15000,15000,24855,0,7,132.403150181679,2.7039239939767867,15285.998626990477,5993.6475155904245
1783291242,200,,Aggregated,91.400000,0.000000,7,11,16,32,64,230,820,1600,14000,15000,15000,24948,0,7,131.95914167519044,2.7039239939767867,15285.998626990477,5991.554232804233
1783291243,200,,Aggregated,91.300000,0.000000,7,11,16,32,64,220,820,1500,14000,15000,15000,25044,0,7,131.5141344805422,2.7039239939767867,15285.998626990477,5993.510062290369
1783291244,200,,Aggregated,91.900000,0.000000,7,11,16,32,64,220,820,1500,14000,15000,15000,25140,0,7,131.05604693224757,2.7039239939767867,15285.998626990477,5993.006961018297
1783291245,200,,Aggregated,93.100000,0.000000,7,11,16,32,64,220,810,1500,14000,15000,15000,25232,0,7,130.6146133900869,2.7039239939767867,15285.998626990477,5988.278891883323
1783291246,200,,Aggregated,92.700000,0.000000,7,11,16,32,63,220,810,1500,14000,15000,15000,25318,0,7,130.22098944575598,2.7039239939767867,15285.998626990477,5987.0876846512365
1783291247,200,,Aggregated,92.000000,0.000000,7,11,16,32,63,220,800,1500,14000,15000,15000,25409,0,7,129.8017589529581,2.7039239939767867,15285.998626990477,5988.201621472706
1783291248,200,,Aggregated,92.200000,0.000000,7,11,16,32,63,210,800,1500,14000,15000,15000,25499,0,7,129.3809174549846,2.7039239939767867,15285.998626990477,5987.345542962469
1783291249,200,,Aggregated,90.400000,0.000000,7,11,16,32,63,210,800,1500,14000,15000,15000,25596,0,7,128.94223603928523,2.7039239939767867,15285.998626990477,5987.3362244100645
1783291250,200,,Aggregated,91.800000,0.000000,7,11,16,32,63,200,790,1500,14000,15000,15000,25683,0,7,128.54823519138804,2.7039239939767867,15285.998626990477,5987.3890900595725
1783291251,200,,Aggregated,92.500000,0.000000,7,11,16,32,63,200,790,1500,14000,15000,15000,25781,0,7,128.1052578865232,2.7039239939767867,15285.998626990477,5985.996237539273
1783291252,200,,Aggregated,93.100000,0.000000,7,11,16,32,63,200,790,1500,14000,15000,15000,25879,0,7,127.67190903151287,2.7039239939767867,15285.998626990477,5985.825302368716
1783291253,200,,Aggregated,92.600000,0.000000,7,11,16,32,62,190,790,1500,14000,15000,15000,25957,0,7,127.3448637950305,2.7039239939767867,15285.998626990477,5980.571175405478
1783291254,200,,Aggregated,92.700000,0.000000,7,11,16,32,62,190,790,1500,14000,15000,15000,26053,0,7,126.92602065456788,2.7039239939767867,15285.998626990477,5978.197673972288
1783291255,200,,Aggregated,91.100000,0.000000,7,11,16,31,62,190,780,1500,14000,15000,15000,26143,0,7,126.52333435177573,2.7039239939767867,15285.998626990477,5981.259381096278
1783291256,200,,Aggregated,91.000000,0.000000,7,11,16,31,62,180,780,1500,14000,15000,15000,26234,0,7,126.17633453627303,2.7039239939767867,15285.998626990477,5980.410574064192
1783291257,200,,Aggregated,92.700000,0.000000,7,11,16,31,62,180,780,1500,14000,15000,15000,26322,0,7,125.78546545522981,2.7039239939767867,15285.998626990477,5982.058050300129
1783291258,200,,Aggregated,91.100000,0.000000,7,11,16,31,62,180,780,1500,14000,15000,15000,26412,0,7,125.40657196666363,2.7039239939767867,15285.998626990477,5977.864455550507
1783291259,200,,Aggregated,91.400000,0.000000,7,11,16,31,62,180,780,1500,14000,15000,15000,26500,0,7,125.03969738620985,2.7039239939767867,15285.998626990477,5979.639924528302
1783291260,200,,Aggregated,90.600000,0.000000,7,11,16,31,62,180,770,1500,14000,15000,15000,26607,0,7,124.60001990598494,2.7039239939767867,15285.998626990477,5975.646972601196
1783291261,200,,Aggregated,91.200000,0.000000,7,11,16,31,62,180,770,1500,14000,15000,15000,26677,0,7,124.37157395301126,2.7039239939767867,15285.998626990477,5974.020654496383
1783291262,200,,Aggregated,90.000000,0.000000,7,11,16,32,62,180,770,1500,14000,15000,15000,26784,0,7,124.04708860045253,2.7039239939767867,15285.998626990477,5973.357228195938
1783291263,200,,Aggregated,90.700000,0.000000,7,11,16,32,62,170,770,1500,14000,15000,15000,26865,0,7,123.72158736960681,2.7039239939767867,15285.998626990477,5974.542155220547
1783291264,200,,Aggregated,91.200000,0.000000,7,11,16,31,62,170,770,1500,14000,15000,15000,26962,0,7,123.31874224054071,2.7039239939767867,15285.998626990477,5977.786477264298
1783291265,200,,Aggregated,91.000000,0.000000,7,11,16,31,62,170,770,1500,14000,15000,15000,27036,0,7,123.01801884518855,2.7039239939767867,15285.998626990477,5975.820498594467
1783291266,200,,Aggregated,89.800000,0.000000,7,11,16,31,62,170,770,1500,14000,15000,15000,27150,0,7,122.57087903887265,2.7039239939767867,15285.998626990477,5972.172265193371
1783291267,200,,Aggregated,89.500000,0.000000,7,11,16,31,62,170,770,1500,14000,15000,15000,27233,0,7,122.23708988864146,2.7039239939767867,15285.998626990477,5970.430727426285
1783291268,200,,Aggregated,88.800000,0.000000,7,11,16,31,62,160,770,1500,14000,15000,15000,27319,0,7,121.89733763623808,2.7039239939767867,15285.998626990477,5967.477323474505
1783291269,200,,Aggregated,91.100000,0.000000,7,11,16,31,61,160,770,1500,14000,15000,15000,27420,0,7,121.49507543458745,2.7039239939767867,15285.998626990477,5972.474471188913
1783291270,200,,Aggregated,89.900000,0.000000,7,11,16,31,61,160,770,1500,14000,15000,15000,27504,0,7,121.16170742289881,2.7039239939767867,15285.998626990477,5975.510689354276
1783291271,200,,Aggregated,90.500000,0.000000,7,11,16,31,61,160,770,1500,14000,15000,15000,27605,0,7,120.77801342587978,2.7039239939767867,15285.998626990477,5975.936786813983
1783291272,200,,Aggregated,90.900000,0.000000,7,11,16,31,61,160,770,1500,14000,15000,15000,27694,0,7,120.42943264983434,2.7039239939767867,15285.998626990477,5977.719072723334
1783291273,200,,Aggregated,90.800000,0.000000,7,11,16,31,61,160,760,1500,14000,15000,15000,27782,0,7,120.09663446085814,2.7039239939767867,15285.998626990477,5976.0781081275645
1783291274,200,,Aggregated,89.500000,0.000000,7,11,16,31,61,150,760,1400,14000,15000,15000,27872,0,7,119.7682090409579,2.7039239939767867,15285.998626990477,5975.982742537313
1783291275,200,,Aggregated,90.000000,0.000000,7,11,16,31,61,150,760,1400,14000,15000,15000,27972,0,7,119.39562756930373,2.7039239939767867,15285.998626990477,5974.766087516087
1783291276,200,,Aggregated,92.000000,0.000000,7,11,16,31,61,150,750,1400,14000,15000,15000,28056,0,7,119.0874886750645,2.7039239939767867,15285.998626990477,5975.221877673225
1783291277,200,,Aggregated,91.000000,0.000000,7,11,16,31,61,150,740,1400,14000,15000,15000,28156,0,7,118.71344474824564,2.7039239939767867,15285.998626990477,5973.2189586589
1783291278,200,,Aggregated,92.900000,0.000000,7,11,16,31,61,150,740,1400,14000,15000,15000,28264,0,7,118.31659655588649,2.7039239939767867,15285.998626990477,5974.769742428531
1783291279,200,,Aggregated,90.400000,0.000000,7,11,16,31,61,150,740,1400,14000,15000,15000,28346,0,7,118.00404646548198,2.7039239939767867,15285.998626990477,5977.932900585621
1783291280,200,,Aggregated,92.500000,0.000000,7,11,16,31,61,140,740,1400,14000,15000,15000,28432,0,7,117.6844098328115,2.7039239939767867,15285.998626990477,5981.384742543612
1783291281,200,,Aggregated,93.300000,0.000000,7,11,16,31,60,140,740,1400,14000,15000,15000,28541,0,7,117.29254301991733,2.7039239939767867,15285.998626990477,5983.545566027819
1783291282,200,,Aggregated,92.100000,0.000000,7,11,16,31,60,140,730,1400,14000,15000,15000,28626,0,7,116.98133165197359,2.7039239939767867,15285.998626990477,5983.06413749738
1783291283,200,,Aggregated,92.900000,0.000000,7,11,16,30,60,140,730,1400,14000,15000,15000,28713,0,7,116.66249701881914,2.7039239939767867,15285.998626990477,5980.075645178143
1783291284,200,,Aggregated,93.300000,0.000000,7,11,16,30,60,140,730,1400,14000,15000,15000,28806,0,7,116.33844972495918,2.7039239939767867,15285.998626990477,5983.93810317295
1783291285,200,,Aggregated,92.600000,0.000000,7,11,16,31,61,140,720,1400,14000,15000,15000,28903,0,7,116.13617715590622,2.7039239939767867,15285.998626990477,5986.351555201883
1783291286,200,,Aggregated,92.400000,0.000000,7,11,16,31,61,140,720,1400,14000,15000,15000,28994,0,7,115.81836283845803,2.7039239939767867,15285.998626990477,5986.439435745327
1783291287,200,,Aggregated,92.100000,0.000000,7,11,16,31,60,140,720,1400,14000,15000,15000,29086,0,7,115.49566908678463,2.7039239939767867,15285.998626990477,5988.284019803342
1783291288,200,,Aggregated,92.700000,0.000000,7,11,16,31,60,140,720,1400,14000,15000,15000,29189,0,7,115.13258908976657,2.7039239939767867,15285.998626990477,5993.183493781904
1783291289,200,,Aggregated,93.600000,0.000000,7,11,16,31,60,140,710,1400,14000,15000,15000,29272,0,7,114.84714813586919,2.7039239939767867,15285.998626990477,5993.59227247882
1783291290,200,,Aggregated,92.600000,0.000000,7,11,16,31,60,130,710,1400,14000,15000,15000,29368,0,7,114.53214496956046,2.7039239939767867,15285.998626990477,5992.1728411876875
1783291291,200,,Aggregated,91.200000,0.000000,7,11,16,30,60,130,710,1400,14000,15000,15000,29455,0,7,114.22734184498422,2.7039239939767867,15285.998626990477,5995.694381259548
1783291292,200,,Aggregated,92.600000,0.000000,7,11,16,30,60,130,710,1400,14000,15000,15000,29559,0,7,113.87998567739108,2.7039239939767867,15285.998626990477,5993.444094861125
1783291293,200,,Aggregated,91.400000,0.000000,7,11,16,30,60,130,700,1400,14000,15000,15000,29643,0,7,113.59406936028833,2.7039239939767867,15285.998626990477,5993.0863610295855
1783291294,200,,Aggregated,91.500000,0.000000,7,11,16,30,60,130,700,1400,14000,15000,15000,29741,0,7,113.28194104683801,2.7039239939767867,15285.998626990477,5990.09912242359
1783291295,200,,Aggregated,92.800000,0.000000,7,11,16,30,60,130,700,1400,14000,15000,15000,29829,0,7,112.98025558399593,2.7039239939767867,15285.998626990477,5990.867679104227
1783291296,200,,Aggregated,92.400000,0.000000,7,11,16,30,60,130,700,1300,14000,15000,15000,29923,0,7,112.67476444958687,2.7030439960071817,15285.998626990477,5989.890051131237
1783291297,200,,Aggregated,93.000000,0.000000,7,11,16,30,60,130,690,1300,14000,15000,15000,30014,0,7,112.37435411300922,2.7030439960071817,15285.998626990477,5994.419837409209
1783291298,200,,Aggregated,91.400000,0.000000,7,11,16,30,59,130,690,1300,14000,15000,15000,30120,0,7,112.01870057479677,2.7030439960071817,15285.998626990477,5994.6172642762285
1783291300,200,,Aggregated,92.200000,0.000000,7,11,16,30,59,130,690,1300,14000,15000,15000,30221,0,7,111.71544836874727,2.7030439960071817,15285.998626990477,5996.518017272758
1783291301,200,,Aggregated,91.800000,0.000000,7,11,16,30,59,130,690,1300,14000,15000,15000,30312,0,7,111.43349626692154,2.7030439960071817,15285.998626990477,6000.9862760622855
1783291302,200,,Aggregated,92.100000,0.000000,7,11,16,30,59,120,680,1300,14000,15000,15000,30410,0,7,111.11057043896228,2.7030439960071817,15285.998626990477,5997.258895100296
1783291303,200,,Aggregated,92.400000,0.000000,7,11,16,30,59,120,680,1300,14000,15000,15000,30499,0,7,110.82418192110771,2.7030439960071817,15285.998626990477,5997.675136889734
1783291304,200,,Aggregated,93.400000,0.000000,7,11,16,30,59,120,680,1300,14000,15000,15000,30591,0,7,110.53005144891664,2.7030439960071817,15285.998626990477,5996.346964793567
1783291305,200,,Aggregated,92.200000,0.000000,7,11,16,30,59,120,670,1300,14000,15000,15000,30696,0,7,110.20526402664483,2.7030439960071817,15285.998626990477,5995.726935105551
1783291306,200,,Aggregated,92.200000,0.000000,7,11,16,30,59,120,670,1300,14000,15000,15000,30777,0,7,109.95939565268903,2.7030439960071817,15285.998626990477,5996.810150437014
1783291307,200,,Aggregated,93.600000,0.000000,7,11,15,30,59,120,670,1300,14000,15000,15000,30880,0,7,109.63787119707938,2.7030439960071817,15285.998626990477,5994.344138601036
1783291308,200,,Aggregated,93.000000,0.000000,7,11,15,30,59,120,660,1300,14000,15000,15000,30967,0,7,109.37578127305862,2.7030439960071817,15285.998626990477,5993.330125617593
1783291309,200,,Aggregated,93.800000,0.000000,7,11,15,30,59,120,660,1300,14000,15000,15000,31055,0,7,109.09614937873864,2.6743369962787256,15285.998626990477,5993.013846401545
1783291310,200,,Aggregated,93.100000,0.000000,7,11,16,30,59,120,660,1300,14000,15000,15000,31168,0,7,108.80859077581643,2.6743369962787256,15285.998626990477,5993.222728439425
1783291311,200,,Aggregated,92.500000,0.000000,7,11,16,30,59,120,650,1300,14000,15000,15000,31255,0,7,108.56392324298825,2.6743369962787256,15285.998626990477,5989.262294032955
1783291312,200,,Aggregated,93.300000,0.000000,7,11,16,30,59,120,650,1300,14000,15000,15000,31351,0,7,108.26637588483923,2.6743369962787256,15285.998626990477,5988.017543300054
1783291313,200,,Aggregated,91.900000,0.000000,7,11,15,30,59,120,650,1300,14000,15000,15000,31434,0,7,108.03167412666103,2.6743369962787256,15285.998626990477,5989.124387605777
1783291314,200,,Aggregated,92.100000,0.000000,7,11,15,29,59,120,640,1300,14000,15000,15000,31533,0,7,107.73597754363482,2.6743369962787256,15285.998626990477,5987.3571813655535
1783291315,200,,Aggregated,90.800000,0.000000,7,11,15,29,59,120,640,1300,14000,15000,15000,31616,0,7,107.48528924719828,2.6743369962787256,15285.998626990477,5986.2785931174085
1783291316,200,,Aggregated,92.100000,0.000000,7,11,15,29,58,110,640,1300,14000,15000,15000,31712,0,7,107.19518819174104,2.6743369962787256,15285.998626990477,5987.960803481332
1783291317,200,,Aggregated,89.900000,0.000000,7,11,15,29,58,110,640,1300,14000,15000,15000,31813,0,7,106.91500782540295,2.6743369962787256,15285.998626990477,5985.543394209914
1783291318,200,,Aggregated,91.300000,0.000000,7,11,15,29,58,110,640,1200,14000,15000,15000,31902,0,7,106.64926674241751,2.6743369962787256,15285.998626990477,5986.846247884145
1783291319,200,,Aggregated,90.400000,0.000000,6,11,15,29,58,110,640,1200,14000,15000,15000,31992,0,6,106.38170880528591,2.6743369962787256,15285.998626990477,5988.064047261815
1783291320,200,,Aggregated,90.600000,0.000000,6,11,15,29,58,110,640,1200,14000,15000,15000,32084,0,6,106.11320167506064,2.6743369962787256,15285.998626990477,5990.979647176163
1783291321,200,,Aggregated,91.300000,0.000000,6,11,15,29,58,110,630,1200,14000,15000,15000,32175,0,6,105.84244879224987,2.6743369962787256,15285.998626990477,5991.785174825175
1783291322,200,,Aggregated,90.200000,0.000000,6,11,15,29,58,110,630,1200,14000,15000,15000,32267,0,6,105.58649573386496,2.6743369962787256,15285.998626990477,5989.258313447175
1783291323,200,,Aggregated,92.400000,0.000000,6,11,15,29,58,110,630,1200,14000,15000,15000,32361,0,6,105.31388895827106,2.6743369962787256,15285.998626990477,5991.0915608293935
1783291324,200,,Aggregated,91.000000,0.000000,6,11,15,29,58,110,630,1200,14000,15000,15000,32457,0,6,105.0494859102091,2.6743369962787256,15285.998626990477,5990.484179067689
1783291325,200,,Aggregated,92.500000,0.000000,6,11,15,29,58,110,620,1200,14000,15000,15000,32535,0,6,104.82325970950362,2.6743369962787256,15285.998626990477,5991.031320116797
1783291326,200,,Aggregated,91.500000,0.000000,6,11,15,29,58,110,620,1200,14000,15000,15000,32626,0,6,104.57181984591121,2.6743369962787256,15285.998626990477,5990.154937779685
1783291327,200,,Aggregated,91.700000,0.000000,6,11,15,29,58,110,610,1200,14000,15000,15000,32719,0,6,104.31381765514584,2.6743369962787256,15285.998626990477,5989.634493719245
1783291328,200,,Aggregated,90.600000,0.000000,6,11,15,28,58,110,600,1200,14000,15000,15000,32803,0,6,104.07614095865323,2.6743369962787256,15285.998626990477,5986.306618297107
1783291329,200,,Aggregated,90.300000,0.000000,6,11,15,28,58,110,600,1200,14000,15000,15000,32900,0,6,103.81735573105529,2.6743369962787256,15285.998626990477,5987.594012158054
1783291330,200,,Aggregated,90.900000,0.000000,6,11,15,28,57,110,600,1200,14000,15000,15000,32995,0,6,103.56230518726474,2.6743369962787256,15285.998626990477,5988.144324897712
1783291331,200,,Aggregated,90.500000,0.000000,6,11,15,28,57,110,600,1200,14000,15000,15000,33084,0,6,103.31952350359286,2.6743369962787256,15285.998626990477,5988.047545641398
1783291332,200,,Aggregated,90.900000,0.000000,6,11,15,28,57,110,600,1200,14000,15000,15000,33184,0,6,103.05021628441195,2.6743369962787256,15285.998626990477,5985.231888862102
1783291333,200,,Aggregated,90.400000,0.000000,6,11,15,28,57,110,600,1200,14000,15000,15000,33269,0,6,102.82346084228386,2.6743369962787256,15285.998626990477,5986.581021371247
1783291334,200,,Aggregated,91.100000,0.000000,6,11,15,28,57,110,600,1200,14000,15000,15000,33363,0,6,102.59657749626483,2.6743369962787256,15285.998626990477,5988.266462848065
1783291335,200,,Aggregated,91.600000,0.000000,6,11,15,28,57,110,600,1200,14000,15000,15000,33455,0,6,102.34986922848016,2.6743369962787256,15285.998626990477,5988.138335076969
1783291336,200,,Aggregated,90.200000,0.000000,6,11,15,28,57,100,590,1200,14000,15000,15000,33542,0,6,102.12117922269739,2.6743369962787256,15285.998626990477,5987.456770615944
1783291337,200,,Aggregated,92.000000,0.000000,6,11,15,28,57,100,590,1200,14000,15000,15000,33630,0,6,101.88619401548335,2.6743369962787256,15285.998626990477,5987.641807909605
1783291338,200,,Aggregated,92.100000,0.000000,6,11,15,28,57,100,590,1200,14000,15000,15000,33725,0,6,101.63200959880587,2.6743369962787256,15285.998626990477,5986.111134173462
1783291339,200,,Aggregated,91.300000,0.000000,6,11,15,28,57,100,590,1200,14000,15000,15000,33826,0,6,101.36631702733585,2.6743369962787256,15285.998626990477,5983.3954059007865
1783291340,200,,Aggregated,92.100000,0.000000,6,11,15,28,57,100,580,1200,14000,15000,15000,33919,0,6,101.1257502558335,2.6743369962787256,15285.998626990477,5980.09596391403
1783291341,200,,Aggregated,92.400000,0.000000,6,11,15,28,57,100,580,1200,14000,15000,15000,34001,0,6,100.91900538821193,2.6743369962787256,15285.998626990477,5980.456633628422
1783291342,200,,Aggregated,91.500000,0.000000,6,11,15,28,57,100,580,1200,14000,15000,15000,34099,0,6,100.66652930592176,2.6743369962787256,15285.998626990477,5977.88982081586
1783291343,200,,Aggregated,91.100000,0.000000,6,11,15,28,57,100,580,1200,14000,15000,15000,34194,0,6,100.42462559772416,2.6743369962787256,15285.998626990477,5978.857723577235
1783291344,200,,Aggregated,90.700000,0.000000,6,11,15,28,57,100,580,1200,14000,15000,15000,34275,0,6,100.21456408276015,2.6743369962787256,15285.998626990477,5978.33587162655
1783291345,200,,Aggregated,90.300000,0.000000,6,11,15,27,56,100,580,1200,14000,15000,15000,34373,0,6,99.96743238025869,2.6743369962787256,15285.998626990477,5980.124778168912
1783291346,200,,Aggregated,92.300000,0.000000,6,11,15,27,56,100,580,1200,14000,15000,15000,34454,0,6,99.76529339468763,2.6743369962787256,15285.998626990477,5980.932896035293
1783291347,200,,Aggregated,90.100000,0.000000,6,11,15,27,56,100,580,1200,14000,15000,15000,34536,0,6,99.56002436363634,2.6743369962787256,15285.998626990477,5982.654389622423
1783291348,200,,Aggregated,90.900000,0.000000,6,11,15,27,56,99,580,1200,14000,15000,15000,34634,0,6,99.3175762975836,2.6743369962787256,15285.998626990477,5985.148062597447
1783291349,200,,Aggregated,90.500000,0.000000,6,11,15,27,56,99,580,1200,14000,15000,15000,34733,0,6,99.07851969123365,2.6743369962787256,15285.998626990477,5983.305818673884
1783291350,200,,Aggregated,90.000000,0.000000,6,11,15,27,56,98,580,1200,14000,15000,15000,34805,0,6,98.89755020941247,2.6743369962787256,15285.998626990477,5984.595029449792
1783291351,200,,Aggregated,89.200000,0.000000,6,11,15,27,56,98,580,1200,14000,15000,15000,34901,0,6,98.65804929914971,2.6743369962787256,15285.998626990477,5984.30789948712
1783291352,200,,Aggregated,89.700000,0.000000,6,11,15,27,56,98,580,1200,14000,15000,15000,34991,0,6,98.44103333313396,2.6743369962787256,15285.998626990477,5984.349061187162
1783291353,200,,Aggregated,89.500000,0.000000,6,11,15,27,56,97,570,1200,14000,15000,15000,35091,0,6,98.20455997779041,2.6743369962787256,15285.998626990477,5985.059758912542
1783291354,200,,Aggregated,89.600000,0.000000,6,11,15,27,56,97,570,1200,14000,15000,15000,35185,0,6,97.99049563367348,2.6743369962787256,15285.998626990477,5984.190990478897
1783291355,200,,Aggregated,90.000000,0.000000,6,11,15,27,56,97,570,1200,14000,15000,15000,35280,0,6,97.76719451935813,2.6743369962787256,15285.998626990477,5984.319982993197
1783291356,200,,Aggregated,88.200000,0.000000,6,11,15,27,56,97,570,1200,14000,15000,15000,35363,0,6,97.57428796733659,2.6743369962787256,15285.998626990477,5982.296637728699
1783291357,200,,Aggregated,90.700000,0.000000,6,11,15,27,56,96,570,1200,14000,15000,15000,35464,0,6,97.32509165539432,2.6743369962787256,15285.998626990477,5980.741202346041
1783291358,200,,Aggregated,90.200000,0.000000,6,11,15,27,56,96,560,1200,14000,15000,15000,35550,0,6,97.11732136480703,2.6743369962787256,15285.998626990477,5981.651476793249
1783291359,200,,Aggregated,90.800000,0.000000,6,11,15,27,56,96,560,1200,14000,15000,15000,35656,0,6,96.88648743549088,2.6743369962787256,15285.998626990477,5981.9849955126765
1783291360,200,,Aggregated,90.500000,0.000000,6,11,15,27,56,96,560,1200,14000,15000,15000,35751,0,6,96.7127604707511,2.6743369962787256,15285.998626990477,5983.3644653296415
1783291361,200,,Aggregated,92.200000,0.000000,6,11,15,27,56,95,560,1200,14000,15000,15000,35836,0,6,96.51725809054653,2.6743369962787256,15285.998626990477,5984.919299028909
1783291362,200,,Aggregated,91.700000,0.000000,6,11,15,27,56,95,560,1200,14000,15000,15000,35933,0,6,96.29367875072457,2.6743369962787256,15285.998626990477,5989.311691203073
1783291363,200,,Aggregated,92.900000,0.000000,6,11,15,27,56,95,560,1200,14000,15000,15000,36019,0,6,96.10407548340451,2.6743369962787256,15285.998626990477,5990.17590716011
1783291364,200,,Aggregated,92.400000,0.000000,6,11,15,27,56,94,560,1200,14000,15000,15000,36109,0,6,95.90283599113235,2.6743369962787256,15285.998626990477,5989.3546484256
1783291365,200,,Aggregated,92.200000,0.000000,6,11,15,27,56,95,560,1200,14000,15000,15000,36218,0,6,95.70665538389405,2.6743369962787256,15285.998626990477,5993.838063946104
1783291366,200,,Aggregated,93.300000,0.000000,6,11,15,27,56,94,550,1200,14000,15000,15000,36303,0,6,95.51009487835267,2.6743369962787256,15285.998626990477,5991.442938600116
1783291368,200,,Aggregated,90.800000,0.000000,6,11,15,28,56,97,550,1200,14000,15000,15000,36431,0,6,95.45514509513255,2.6743369962787256,15285.998626990477,5994.112733660893
1783291369,200,,Aggregated,89.400000,0.000000,6,11,15,28,56,97,550,1200,14000,15000,15000,36528,0,6,95.24086087797724,2.6743369962787256,15285.998626990477,5995.509855453351
1783291370,200,,Aggregated,92.000000,0.000000,6,11,15,28,56,97,550,1200,14000,15000,15000,36618,0,6,95.03408282936489,2.6743369962787256,15285.998626990477,5993.431208695177
1783291371,200,,Aggregated,89.600000,0.000000,6,11,15,28,56,97,550,1200,14000,15000,15000,36727,0,6,94.83162153006462,2.6743369962787256,15285.998626990477,5993.293462575217
1783291372,200,,Aggregated,90.400000,0.000000,6,11,15,28,56,96,550,1100,14000,15000,15000,36823,0,6,94.62126900686168,2.6743369962787256,15285.998626990477,5993.149471797517
1783291373,200,,Aggregated,89.100000,0.000000,6,11,15,28,56,96,540,1100,14000,15000,15000,36904,0,6,94.45009396698475,2.6743369962787256,15285.998626990477,5991.6616626923915
1783291374,200,,Aggregated,90.100000,0.000000,6,11,15,28,56,96,540,1100,14000,15000,15000,37003,0,6,94.25378396953126,2.6743369962787256,15285.998626990477,5988.973380536713
1783291375,200,,Aggregated,89.200000,0.000000,6,11,15,28,56,96,540,1100,14000,15000,15000,37106,0,6,94.04445734917789,2.6743369962787256,15285.998626990477,5985.350671050504
1783291376,200,,Aggregated,88.500000,0.000000,6,11,15,28,56,96,540,1100,14000,15000,15000,37176,0,6,93.90183110532558,2.6743369962787256,15285.998626990477,5983.003631375081
1783291377,200,,Aggregated,90.200000,0.000000,6,11,15,28,56,95,540,1100,14000,15000,15000,37286,0,6,93.66288749695896,2.6743369962787256,15285.998626990477,5988.5330418923995
1783291378,200,,Aggregated,90.400000,0.000000,6,11,15,28,56,95,540,1100,14000,15000,15000,37368,0,6,93.47831010724914,2.6743369962787256,15285.998626990477,5989.74111539285
1783291379,200,,Aggregated,92.600000,0.000000,6,11,15,27,56,95,530,1100,14000,15000,15000,37456,0,6,93.30801411097795,2.6743369962787256,15285.998626990477,5991.665100384451
1783291380,200,,Aggregated,90.400000,0.000000,6,11,15,27,56,95,530,1100,14000,15000,15000,37549,0,6,93.11617979327708,2.6743369962787256,15285.998626990477,5992.840528376255
1783291381,200,,Aggregated,91.300000,0.000000,6,11,15,27,56,95,530,1100,14000,15000,15000,37645,0,6,92.91484548337745,2.6743369962787256,15285.998626990477,5992.714171868774
1783291382,200,,Aggregated,90.800000,0.000000,6,11,15,27,56,94,530,1100,14000,15000,15000,37735,0,6,92.72339157900556,2.6743369962787256,15285.998626990477,5989.278150258381
1783291383,200,,Aggregated,91.100000,0.000000,6,11,15,27,56,94,530,1100,14000,15000,15000,37831,0,6,92.51435879016627,2.6743369962787256,15285.998626990477,5989.598794639317
1783291384,200,,Aggregated,90.300000,0.000000,6,11,15,27,56,94,530,1100,14000,15000,15000,37924,0,6,92.31840295930827,2.6743369962787256,15285.998626990477,5988.009308089864
1783291385,200,,Aggregated,91.300000,0.000000,6,11,15,27,56,93,530,1100,14000,15000,15000,38009,0,6,92.14428214498719,2.6743369962787256,15285.998626990477,5987.220000526191
1783291386,200,,Aggregated,93.000000,0.000000,6,11,15,27,56,93,520,1100,14000,15000,15000,38091,0,6,91.98978182446548,2.6743369962787256,15285.998626990477,5990.265810821454
1783291387,200,,Aggregated,91.500000,0.000000,6,11,15,28,56,94,520,1100,14000,15000,15000,38205,0,6,91.89457566113772,2.6743369962787256,15285.998626990477,5991.4557256903545
1783291388,200,,Aggregated,91.100000,0.000000,6,11,15,28,56,94,520,1100,14000,15000,15000,38272,0,6,91.75252026449385,2.6743369962787256,15285.998626990477,5990.530570652174
1783291389,200,,Aggregated,89.000000,0.000000,6,11,15,27,56,94,520,1100,14000,15000,15000,38373,0,6,91.54600253888901,2.6743369962787256,15285.998626990477,5994.247934745785
1783291390,200,,Aggregated,91.300000,0.000000,6,11,15,27,56,94,520,1100,14000,15000,15000,38463,0,6,91.36222866746795,2.6743369962787256,15285.998626990477,5994.525622026363
1783291391,200,,Aggregated,90.700000,0.000000,6,11,15,27,56,93,520,1100,14000,15000,15000,38562,0,6,91.16114453479601,2.6743369962787256,15285.998626990477,5997.192391473472
1783291392,200,,Aggregated,90.600000,0.000000,6,11,15,27,56,93,520,1100,14000,15000,15000,38648,0,6,90.98255666817961,2.6743369962787256,15285.998626990477,5999.991487269716
1783291393,200,,Aggregated,90.600000,0.000000,6,11,15,27,56,92,520,1100,14000,15000,15000,38740,0,6,90.7990491683752,2.6743369962787256,15285.998626990477,6000.411306143521
1783291394,200,,Aggregated,91.600000,0.000000,6,11,15,27,56,92,510,1100,14000,15000,15000,38826,0,6,90.6351824250466,2.6743369962787256,15285.998626990477,5998.839617781899
1783291395,200,,Aggregated,91.800000,0.000000,6,11,15,27,56,92,510,1100,14000,15000,15000,38912,0,6,90.46446380961878,2.6743369962787256,15285.998626990477,5999.533460115132
1783291396,200,,Aggregated,89.900000,0.000000,6,11,15,27,56,92,510,1100,14000,15000,15000,39000,0,6,90.29730646692155,2.6743369962787256,15285.998626990477,6002.793871794872
1783291397,200,,Aggregated,89.700000,0.000000,6,11,15,27,56,91,510,1100,14000,15000,15000,39099,0,6,90.09393198636424,2.6743369962787256,15285.998626990477,6003.137650579299
1783291398,200,,Aggregated,90.500000,0.000000,6,11,15,27,56,91,510,1100,14000,15000,15000,39186,0,6,89.94038305276841,2.6743369962787256,15285.998626990477,6002.260194967591
1783291399,200,,Aggregated,92.500000,0.000000,6,11,15,27,56,91,510,1100,14000,15000,15000,39277,0,6,89.7593673961806,2.6743369962787256,15285.998626990477,6004.653537693815
1783291400,200,,Aggregated,89.000000,0.000000,6,11,15,27,56,91,510,1000,14000,15000,15000,39371,0,6,89.58953170691066,2.6743369962787256,15285.998626990477,6004.00292093165
1783291401,200,,Aggregated,90.400000,0.000000,6,11,15,27,55,91,500,1000,14000,15000,15000,39458,0,6,89.41806873094856,2.6743369962787256,15285.998626990477,6003.676896953723
1783291402,200,,Aggregated,90.100000,0.000000,6,11,15,27,55,91,500,1000,14000,15000,15000,39557,0,6,89.24482098459947,2.6743369962787256,15285.998626990477,6003.075157367849
1783291403,200,,Aggregated,90.600000,0.000000,6,11,15,27,55,90,500,1000,14000,15000,15000,39644,0,6,89.08227612614183,2.6743369962787256,15285.998626990477,6001.710321864595
1783291404,200,,Aggregated,89.800000,0.000000,6,11,15,27,55,90,500,1000,14000,15000,15000,39744,0,6,88.90026203031584,2.6743369962787256,15285.998626990477,6000.662867351047
1783291405,200,,Aggregated,90.500000,0.000000,6,11,15,27,55,90,490,1000,14000,15000,15000,39835,0,6,88.72810835671771,2.6743369962787256,15285.998626990477,5999.700389105058
1783291406,200,,Aggregated,90.300000,0.000000,6,11,15,27,55,90,490,1000,14000,15000,15000,39924,0,6,88.55728752346533,2.6743369962787256,15285.998626990477,5999.73577296864
1783291407,200,,Aggregated,91.600000,0.000000,6,11,15,27,55,90,490,1000,14000,15000,15000,40028,0,6,88.36389387832969,2.6743369962787256,15285.998626990477,5997.930323773358
1783291408,200,,Aggregated,90.700000,0.000000,6,11,15,27,55,89,490,1000,14000,15000,15000,40115,0,6,88.20219315906398,2.6743369962787256,15285.998626990477,5998.254318833354
1783291409,200,,Aggregated,91.300000,0.000000,6,11,15,27,55,89,490,1000,14000,15000,15000,40202,0,6,88.03778740629475,2.6743369962787256,15285.998626990477,5995.923511268096
1783291410,200,,Aggregated,92.700000,0.000000,6,11,15,26,55,89,490,1000,14000,15000,15000,40289,0,6,87.86891634279488,2.6743369962787256,15285.998626990477,5995.973640447765
1783291411,200,,Aggregated,92.300000,0.000000,6,11,15,27,55,90,490,1000,14000,15000,15000,40396,0,6,87.74129306027426,2.6743369962787256,15285.998626990477,5995.234478661254
1783291412,200,,Aggregated,92.700000,0.000000,6,11,15,27,55,90,490,1000,14000,15000,15000,40482,0,6,87.59780454433519,2.6743369962787256,15285.998626990477,5994.989353292822
1783291413,200,,Aggregated,90.900000,0.000000,6,11,15,27,55,89,490,1000,14000,15000,15000,40573,0,6,87.43226111317425,2.6743369962787256,15285.998626990477,5994.790131368151
1783291414,200,,Aggregated,92.500000,0.000000,6,11,15,27,55,89,490,1000,14000,15000,15000,40675,0,6,87.24785621831084,2.6743369962787256,15285.998626990477,5998.029256299938
1783291415,200,,Aggregated,90.700000,0.000000,6,11,15,27,55,89,490,1000,14000,15000,15000,40767,0,6,87.08002913714088,2.6743369962787256,15285.998626990477,6000.74319915618
1783291416,200,,Aggregated,91.900000,0.000000,6,11,15,27,55,89,490,1000,14000,15000,15000,40851,0,6,86.92724462196257,2.6743369962787256,15285.998626990477,6001.444909549338
1783291417,200,,Aggregated,91.800000,0.000000,6,11,15,26,55,89,490,1000,14000,15000,15000,40952,0,6,86.74597168821695,2.6743369962787256,15285.998626990477,6001.563708732174
1783291418,200,,Aggregated,92.100000,0.000000,6,11,15,27,55,88,490,1000,14000,15000,15000,41048,0,6,86.58574505125564,2.6743369962787256,15285.998626990477,5999.353683492496
1783291419,200,,Aggregated,91.400000,0.000000,6,11,15,26,55,88,480,1000,14000,15000,15000,41122,0,6,86.44809970006023,2.6743369962787256,15285.998626990477,5999.952361266475
1783291420,200,,Aggregated,91.500000,0.000000,6,11,15,26,55,88,480,1000,14000,15000,15000,41227,0,6,86.27573267552788,2.6743369962787256,15285.998626990477,6001.994348363936
1783291421,200,,Aggregated,91.700000,0.000000,6,11,15,26,55,88,480,1000,14000,15000,15000,41320,0,6,86.1139504618575,2.6743369962787256,15285.998626990477,6001.637971926428
1783291422,200,,Aggregated,89.600000,0.000000,6,11,15,26,55,88,480,1000,14000,15000,15000,41412,0,6,85.95288690287477,2.6743369962787256,15285.998626990477,6001.2615908432335
1783291423,200,,Aggregated,93.100000,0.000000,6,11,15,26,55,88,480,1000,14000,15000,15000,41500,0,6,85.80472192139672,2.6743369962787256,15285.998626990477,6000.824385542169
1783291424,200,,Aggregated,91.000000,0.000000,6,11,15,26,55,87,480,1000,14000,15000,15000,41603,0,6,85.63719980366922,2.6743369962787256,15285.998626990477,6002.717111746749
1783291425,200,,Aggregated,92.000000,0.000000,6,11,15,26,55,87,480,1000,14000,15000,15000,41684,0,6,85.49694412832336,2.6743369962787256,15285.998626990477,6005.926350638135
1783291426,200,,Aggregated,92.400000,0.000000,6,11,15,26,55,87,480,1000,14000,15000,15000,41775,0,6,85.3364908485451,2.6743369962787256,15285.998626990477,6005.071885098743
1783291427,200,,Aggregated,92.100000,0.000000,6,11,15,26,55,87,480,1000,14000,15000,15000,41873,0,6,85.172368858978,2.6743369962787256,15285.998626990477,6002.543667757266
1783291429,200,,Aggregated,91.300000,0.000000,6,11,15,27,55,87,480,1000,14000,15000,15000,41986,0,6,85.06580039153559,2.6743369962787256,15285.998626990477,5999.632234554375
1783291430,200,,Aggregated,90.400000,0.000000,6,11,15,26,55,87,480,1000,14000,15000,15000,42079,0,6,84.91126115784573,2.6743369962787256,15285.998626990477,6001.529052496495
1783291431,200,,Aggregated,91.400000,0.000000,6,11,15,26,55,87,480,1000,14000,15000,15000,42166,0,6,84.77197746848293,2.6743369962787256,15285.998626990477,6000.580017075369
1783291432,200,,Aggregated,93.600000,0.000000,6,11,15,26,55,87,480,1000,14000,15000,15000,42270,0,6,84.59758874745938,2.6743369962787256,15285.998626990477,6000.417695765318
1783291433,200,,Aggregated,90.300000,0.000000,6,11,15,26,55,87,480,990,14000,15000,15000,42346,0,6,84.47448093640583,2.6743369962787256,15285.998626990477,6001.043876635337
1783291434,200,,Aggregated,92.300000,0.000000,6,11,15,26,55,86,480,990,14000,15000,15000,42449,0,6,84.30177275050217,2.6743369962787256,15285.998626990477,5999.053617281915
1783291435,200,,Aggregated,90.600000,0.000000,6,11,15,26,55,86,470,990,14000,15000,15000,42541,0,6,84.15477354495823,2.6743369962787256,15285.998626990477,6000.8086081662395
1783291436,200,,Aggregated,91.500000,0.000000,6,11,15,26,55,86,470,990,14000,15000,15000,42616,0,6,84.0508315403646,2.6743369962787256,15285.998626990477,6000.880889806645
1783291437,200,,Aggregated,91.000000,0.000000,6,11,15,26,55,86,470,990,14000,15000,15000,42721,0,6,83.89417083823359,2.6743369962787256,15285.998626990477,5999.147468458135
1783291438,200,,Aggregated,90.900000,0.000000,6,11,15,26,55,86,470,990,14000,15000,15000,42813,0,6,83.75391479310444,2.6743369962787256,15285.998626990477,5998.70354798776
1783291439,200,,Aggregated,92.000000,0.000000,6,11,15,26,55,86,470,990,14000,15000,15000,42906,0,6,83.60279991996742,2.6743369962787256,15285.998626990477,5998.702023027083
1783291440,200,,Aggregated,91.700000,0.000000,6,11,15,26,55,86,470,990,14000,15000,15000,43000,0,6,83.44574730684118,2.6743369962787256,15285.998626990477,5998.736581395349
1783291441,200,,Aggregated,91.300000,0.000000,6,11,15,26,55,86,470,980,14000,15000,15000,43090,0,6,83.29711112970783,2.6743369962787256,15285.998626990477,5998.161475980506
1783291442,200,,Aggregated,91.000000,0.000000,6,11,15,26,55,86,470,980,14000,15000,15000,43189,0,6,83.14617234238106,2.6743369962787256,15285.998626990477,5997.7829076848275
1783291443,200,,Aggregated,92.700000,0.000000,6,11,15,26,55,86,470,970,14000,15000,15000,43277,0,6,83.0034167897993,2.6743369962787256,15285.998626990477,5997.1559488874
1783291444,200,,Aggregated,91.000000,0.000000,6,11,15,26,55,85,470,970,14000,15000,15000,43372,0,6,82.84816848382093,2.6743369962787256,15285.998626990477,5996.683528543761
1783291445,200,,Aggregated,92.700000,0.000000,6,11,15,26,55,85,470,950,14000,15000,15000,43460,0,6,82.71777959075844,2.6743369962787256,15285.998626990477,5997.484054302807
1783291446,200,,Aggregated,91.600000,0.000000,6,11,15,26,55,85,460,950,14000,15000,15000,43546,0,6,82.58206757232271,2.6743369962787256,15285.998626990477,5998.687571763193
1783291447,200,,Aggregated,91.400000,0.000000,6,11,15,26,55,85,460,930,14000,15000,15000,43637,0,6,82.43989067306154,2.6743369962787256,15285.998626990477,5997.669111075464
1783291448,200,,Aggregated,91.400000,0.000000,6,11,15,26,55,85,460,930,14000,15000,15000,43729,0,6,82.29762505891588,2.6743369962787256,15285.998626990477,5998.681995929474
1783291449,200,,Aggregated,91.300000,0.000000,6,11,15,26,55,85,460,930,14000,15000,15000,43818,0,6,82.16644570474072,2.6743369962787256,15285.998626990477,5997.88536674426
1783291450,200,,Aggregated,92.300000,0.000000,6,11,15,26,55,85,460,930,14000,15000,15000,43921,0,6,82.01113757148791,2.6743369962787256,15285.998626990477,5997.415086177455
1783291451,200,,Aggregated,91.300000,0.000000,6,11,15,26,55,85,460,920,14000,15000,15000,44009,0,6,81.8810247444686,2.6743369962787256,15285.998626990477,5997.034674725624
1783291452,200,,Aggregated,91.300000,0.000000,6,11,15,26,54,84,460,920,14000,15000,15000,44099,0,6,81.7391492781307,2.6743369962787256,15285.998626990477,5997.241592779882
1783291453,200,,Aggregated,91.200000,0.000000,6,11,15,26,54,84,460,920,14000,15000,15000,44196,0,6,81.5863012822056,2.6743369962787256,15285.998626990477,5999.420558421577
1783291454,200,,Aggregated,91.400000,0.000000,6,11,15,26,54,84,460,920,14000,15000,15000,44282,0,6,81.45308236331505,2.6743369962787256,15285.998626990477,6001.026376405763
1783291455,200,,Aggregated,91.800000,0.000000,6,11,15,25,54,84,460,920,14000,15000,15000,44375,0,6,81.31187229742471,2.6743369962787256,15285.998626990477,6004.0897126760565
1783291456,200,,Aggregated,90.600000,0.000000,6,11,15,26,54,84,460,920,14000,15000,15000,44464,0,6,81.1894648911733,2.6743369962787256,15285.998626990477,6002.595605433609
1783291457,200,,Aggregated,91.000000,0.000000,6,11,15,26,54,84,460,920,14000,15000,15000,44549,0,6,81.06370168360824,2.6743369962787256,15285.998626990477,6004.076253114548
1783291458,200,,Aggregated,91.700000,0.000000,6,11,15,25,54,84,460,920,14000,15000,15000,44646,0,6,80.91889346552989,2.6743369962787256,15285.998626990477,6003.509519329839
1783291459,200,,Aggregated,90.100000,0.000000,6,11,15,25,54,84,460,920,14000,15000,15000,44735,0,6,80.7814786527331,2.6743369962787256,15285.998626990477,6001.741924667486
1783291460,200,,Aggregated,89.900000,0.000000,6,11,15,25,54,83,460,920,14000,15000,15000,44836,0,6,80.63380111582225,2.6743369962787256,15285.998626990477,6004.0430680703
1783291461,200,,Aggregated,91.000000,0.000000,6,11,15,25,54,83,450,920,14000,15000,15000,44924,0,6,80.50781502682268,2.6743369962787256,15285.998626990477,6003.167171222509
1783291462,200,,Aggregated,90.800000,0.000000,6,11,15,25,54,83,450,920,14000,15000,15000,45012,0,6,80.37264482635872,2.6743369962787256,15285.998626990477,6001.877055007553
1783291463,200,,Aggregated,90.800000,0.000000,6,11,15,25,54,83,450,920,14000,15000,15000,45110,0,6,80.24083069235348,2.6743369962787256,15285.998626990477,6000.897472844159
1783291464,200,,Aggregated,90.800000,0.000000,6,11,15,25,54,83,450,920,14000,15000,15000,45206,0,6,80.11167086247332,2.6743369962787256,15285.998626990477,5999.806884041941
1783291465,200,,Aggregated,89.600000,0.000000,6,11,15,25,54,83,450,920,14000,15000,15000,45287,0,6,79.99595819065064,2.6743369962787256,15285.998626990477,6003.583081237442
1783291466,200,,Aggregated,91.400000,0.000000,6,11,15,25,54,83,440,920,14000,15000,15000,45389,0,6,79.83994111778085,2.6743369962787256,15285.998626990477,6005.55094846769
1783291467,200,,Aggregated,90.600000,0.000000,6,11,15,25,54,83,440,920,14000,15000,15000,45471,0,6,79.72765929939904,2.6743369962787256,15285.998626990477,6005.767258252513
1783291468,200,,Aggregated,91.300000,0.000000,6,11,15,25,54,83,430,920,14000,15000,15000,45563,0,6,79.59600895542374,2.6743369962787256,15285.998626990477,6006.839079955227
1783291469,200,,Aggregated,92.000000,0.000000,6,11,15,25,54,83,430,920,14000,15000,15000,45648,0,6,79.46479936562457,2.6743369962787256,15285.998626990477,6006.349106203996
1783291470,200,,Aggregated,90.800000,0.000000,6,11,15,25,54,83,430,920,14000,15000,15000,45746,0,6,79.33372042762005,2.6743369962787256,15285.998626990477,6006.468674856818
1783291471,200,,Aggregated,90.500000,0.000000,6,11,15,25,54,83,430,920,14000,15000,15000,45834,0,6,79.19942401529177,2.6743369962787256,15285.998626990477,6006.390888859798
1783291472,200,,Aggregated,90.800000,0.000000,6,11,15,25,54,83,430,920,14000,15000,15000,45923,0,6,79.07038840404401,2.6743369962787256,15285.998626990477,6006.650240620169
1783291473,200,,Aggregated,89.900000,0.000000,6,11,15,25,54,83,430,920,14000,15000,15000,46022,0,6,78.93486314127803,2.6743369962787256,15285.998626990477,6006.7030116031465
1783291474,200,,Aggregated,90.300000,0.000000,6,11,15,25,54,82,420,920,14000,15000,15000,46106,0,6,78.82166789836242,2.6743369962787256,15285.998626990477,6007.680540493645
1783291475,200,,Aggregated,91.000000,0.000000,6,11,15,25,54,82,420,910,14000,15000,15000,46204,0,6,78.69147849242238,2.6743369962787256,15285.998626990477,6009.142476841832
1783291476,200,,Aggregated,90.200000,0.000000,6,11,15,25,54,82,420,910,14000,15000,15000,46296,0,6,78.56138963078662,2.6743369962787256,15285.998626990477,6008.407141005702
1783291477,200,,Aggregated,90.900000,0.000000,6,11,15,25,54,82,420,910,14000,15000,15000,46379,0,6,78.4392169595926,2.6743369962787256,15285.998626990477,6010.705362340715
1783291478,200,,Aggregated,90.300000,0.000000,6,11,15,25,54,82,420,910,14000,15000,15000,46482,0,6,78.29536941293348,2.6743369962787256,15285.998626990477,6007.722150509875
1783291479,200,,Aggregated,90.200000,0.000000,6,11,15,25,54,82,420,910,14000,15000,15000,46568,0,6,78.17734670920068,2.6743369962787256,15285.998626990477,6006.770292904999
1783291480,200,,Aggregated,91.400000,0.000000,6,11,15,25,54,82,420,910,14000,15000,15000,46673,0,6,78.05917890649907,2.6743369962787256,15285.998626990477,6004.4244638227665
1783291481,200,,Aggregated,91.300000,0.000000,6,11,15,25,54,82,420,910,14000,15000,15000,46763,0,6,77.92644493368697,2.6743369962787256,15285.998626990477,6004.6283814126555
1783291482,200,,Aggregated,90.200000,0.000000,6,11,15,24,54,82,420,910,14000,15000,15000,46846,0,6,77.81176168355755,2.6743369962787256,15285.998626990477,6004.779404858473
1783291483,200,,Aggregated,91.700000,0.000000,6,11,15,24,54,82,410,910,14000,15000,15000,46934,0,6,77.68971009003793,2.6743369962787256,15285.998626990477,6003.789981676397
1783291484,200,,Aggregated,91.500000,0.000000,6,11,15,24,54,82,410,910,14000,15000,15000,47035,0,6,77.5472692721353,2.6743369962787256,15285.998626990477,6002.568087594344
1783291485,200,,Aggregated,89.600000,0.000000,6,11,15,24,54,82,410,900,14000,15000,15000,47129,0,6,77.42672599375997,2.6743369962787256,15285.998626990477,6000.656389908549
1783291486,200,,Aggregated,90.800000,0.000000,6,11,15,24,54,82,410,900,14000,15000,15000,47211,0,6,77.3229541089367,2.6743369962787256,15285.998626990477,6001.310986846286
1783291487,200,,Aggregated,90.900000,0.000000,6,11,15,24,54,82,410,900,14000,15000,15000,47313,0,6,77.18005744787027,2.6743369962787256,15285.998626990477,6000.595206391478
1783291488,200,,Aggregated,90.300000,0.000000,6,11,15,24,54,81,410,900,14000,15000,15000,47407,0,6,77.05330702288828,2.6743369962787256,15285.998626990477,5998.841310355011
1783291489,200,,Aggregated,91.300000,0.000000,6,11,15,24,54,81,410,900,14000,15000,15000,47491,0,6,76.9316147329394,2.6743369962787256,15285.998626990477,6002.186961740119
1783291490,200,,Aggregated,91.000000,0.000000,6,11,15,24,54,82,410,900,14000,15000,15000,47590,0,6,76.82779111057204,2.6743369962787256,15285.998626990477,6001.075604118512
1783291491,200,,Aggregated,90.500000,0.000000,6,11,15,24,54,81,410,900,14000,15000,15000,47672,0,6,76.71651404818593,2.6743369962787256,15285.998626990477,5999.8705948984725
1783291492,200,,Aggregated,91.400000,0.000000,6,11,15,24,54,81,410,890,14000,15000,15000,47766,0,6,76.59887281773938,2.6743369962787256,15285.998626990477,6001.846480760373
1783291493,200,,Aggregated,90.700000,0.000000,6,11,15,24,54,81,400,890,14000,15000,15000,47863,0,6,76.4733373492059,2.6743369962787256,15285.998626990477,6001.4378747675655
1783291494,200,,Aggregated,90.800000,0.000000,6,11,15,24,54,81,400,890,14000,15000,15000,47949,0,6,76.37562660416349,2.6743369962787256,15285.998626990477,5999.635279150764
1783291495,200,,Aggregated,91.900000,0.000000,6,11,15,24,54,81,400,880,14000,15000,15000,48037,0,6,76.26982541105666,2.6743369962787256,15285.998626990477,5998.128317755064
1783291496,200,,Aggregated,92.100000,0.000000,6,11,15,24,54,81,400,880,14000,15000,15000,48145,0,6,76.17366303464483,2.6743369962787256,15285.998626990477,5995.205192647211
1783291497,200,,Aggregated,91.600000,0.000000,6,11,15,24,54,81,390,880,14000,15000,15000,48232,0,6,76.06172413768739,2.6743369962787256,15285.998626990477,5996.741955548184
1783291498,200,,Aggregated,90.800000,0.000000,6,11,15,24,54,81,390,870,14000,15000,15000,48321,0,6,75.94111802694472,2.6743369962787256,15285.998626990477,5997.356366797045
1783291499,200,,Aggregated,91.500000,0.000000,6,11,15,24,54,81,390,870,14000,15000,15000,48406,0,6,75.83604536635933,2.6743369962787256,15285.998626990477,5997.956348386564
1783291500,200,,Aggregated,91.800000,0.000000,6,11,15,24,54,81,390,870,14000,15000,15000,48509,0,6,75.70550912076202,2.6743369962787256,15285.998626990477,5999.284606980148
1783291501,200,,Aggregated,91.500000,0.000000,6,11,15,24,54,81,390,870,14000,15000,15000,48594,0,6,75.60141133672768,2.6743369962787256,15285.998626990477,5999.675741861135
1783291502,200,,Aggregated,91.400000,0.000000,6,11,15,24,53,81,390,870,14000,15000,15000,48692,0,6,75.47296506243092,2.6743369962787256,15285.998626990477,5998.090692516224
1783291503,200,,Aggregated,91.600000,0.000000,6,11,15,24,53,81,390,870,14000,15000,15000,48778,0,6,75.36142137563787,2.6743369962787256,15285.998626990477,5997.620156627988
1783291504,200,,Aggregated,90.700000,0.000000,6,11,15,24,53,81,390,860,14000,15000,15000,48865,0,6,75.2488051352279,2.6743369962787256,15285.998626990477,5998.053678501995
1783291505,200,,Aggregated,92.700000,0.000000,6,11,15,24,53,81,390,860,14000,15000,15000,48962,0,6,75.12417394366985,2.6743369962787256,15285.998626990477,5995.429986520158
1783291506,200,,Aggregated,89.600000,0.000000,6,11,15,24,53,81,380,860,14000,15000,15000,49052,0,6,75.01620580020997,2.6743369962787256,15285.998626990477,5996.3083054717445
1783291507,200,,Aggregated,90.400000,0.000000,6,11,15,24,53,81,380,850,14000,15000,15000,49138,0,6,74.90503664424419,2.6743369962787256,15285.998626990477,5995.536061703773
1783291508,200,,Aggregated,91.100000,0.000000,6,11,15,24,53,80,380,840,14000,15000,15000,49228,0,6,74.79557982631619,2.6743369962787256,15285.998626990477,5997.91228569107
1783291509,200,,Aggregated,90.900000,0.000000,6,11,15,24,53,80,380,840,14000,15000,15000,49324,0,6,74.67790005382656,2.6743369962787256,15285.998626990477,5997.50922471819
1783291510,200,,Aggregated,89.400000,0.000000,6,11,15,23,53,80,380,840,14000,15000,15000,49423,0,6,74.55017177000421,2.6743369962787256,15285.998626990477,5998.702790198895
1783291511,200,,Aggregated,90.800000,0.000000,6,11,15,23,53,80,380,840,14000,15000,15000,49497,0,6,74.45751537565611,2.6743369962787256,15285.998626990477,5998.868759722812
1783291512,200,,Aggregated,90.800000,0.000000,6,11,15,23,53,80,380,830,14000,15000,15000,49599,0,6,74.33328917631249,2.6743369962787256,15285.998626990477,6002.772172826065
1783291513,200,,Aggregated,91.300000,0.000000,6,11,15,23,53,80,370,830,14000,15000,15000,49689,0,6,74.22408836138665,2.6743369962787256,15285.998626990477,6002.3484473424705
1783291514,200,,Aggregated,91.200000,0.000000,6,11,15,23,53,80,370,820,14000,15000,15000,49782,0,6,74.10751407185187,2.6743369962787256,15285.998626990477,6002.622875738219
1783291515,200,,Aggregated,89.900000,0.000000,6,11,15,24,53,80,370,820,14000,15000,15000,49873,0,6,74.03737588624905,2.6743369962787256,15285.998626990477,6001.941150522327
1783291516,200,,Aggregated,91.400000,0.000000,6,11,15,23,53,80,370,820,14000,15000,15000,49971,0,6,73.91830616577498,2.6743369962787256,15285.998626990477,6002.2987532769
1783291517,200,,Aggregated,91.000000,0.000000,6,11,15,23,53,80,370,820,14000,15000,15000,50060,0,6,73.80890903473596,2.6743369962787256,15285.998626990477,6000.787894526568
1783291518,200,,Aggregated,91.600000,0.000000,6,11,15,23,53,80,370,820,14000,15000,15000,50157,0,6,73.69221502944528,2.6743369962787256,15285.998626990477,6000.193950993879
1783291519,200,,Aggregated,91.100000,0.000000,6,11,15,23,53,80,370,820,14000,15000,15000,50246,0,6,73.58604238703415,2.6743369962787256,15285.998626990477,5999.788659793814
1783291520,200,,Aggregated,92.500000,0.000000,6,11,15,23,53,80,370,810,14000,15000,15000,50331,0,6,73.47984275919234,2.6743369962787256,15285.998626990477,5997.763306908268
1783291521,200,,Aggregated,91.500000,0.000000,6,11,15,23,53,80,370,810,14000,15000,15000,50429,0,6,73.36234727347272,2.6743369962787256,15285.998626990477,5996.532709353745
1783291522,200,,Aggregated,91.700000,0.000000,6,11,15,23,53,80,360,810,14000,15000,15000,50521,0,6,73.25551200003825,2.6743369962787256,15285.998626990477,5996.929455078086
1783291523,200,,Aggregated,90.200000,0.000000,6,11,15,23,53,80,360,810,14000,15000,15000,50607,0,6,73.1560125538741,2.6743369962787256,15285.998626990477,5998.179085897208
1783291524,200,,Aggregated,92.000000,0.000000,6,11,15,23,53,80,360,810,14000,15000,15000,50703,0,6,73.03782931321413,2.6743369962787256,15285.998626990477,5998.724888073684
1783291525,200,,Aggregated,91.400000,0.000000,6,11,15,23,53,79,360,810,14000,15000,15000,50800,0,6,72.92444899277453,2.6743369962787256,15285.998626990477,5998.82531496063
1783291526,200,,Aggregated,91.000000,0.000000,6,11,15,23,53,79,360,800,14000,15000,15000,50888,0,6,72.82674834640768,2.6743369962787256,15285.998626990477,6000.178509668292
1783291527,200,,Aggregated,91.600000,0.000000,6,11,14,23,53,79,360,800,14000,15000,15000,50974,0,6,72.71926928006432,2.6743369962787256,15285.998626990477,6001.254129556244
1783291528,200,,Aggregated,91.400000,0.000000,6,11,15,23,53,79,360,800,14000,15000,15000,51065,0,6,72.62509851076132,2.6743369962787256,15285.998626990477,6002.612219719965
1783291530,200,,Aggregated,90.700000,0.000000,6,11,15,23,53,80,360,800,14000,15000,15000,51193,0,6,72.60697383380561,2.6743369962787256,15285.998626990477,6001.754849295802
1783291531,200,,Aggregated,89.300000,0.000000,6,11,15,23,53,80,360,790,14000,15000,15000,51279,0,6,72.50323431972149,2.6743369962787256,15285.998626990477,6000.8550673765085
1783291532,200,,Aggregated,90.900000,0.000000,6,11,15,23,53,80,360,790,14000,15000,15000,51373,0,6,72.39765031777424,2.6743369962787256,15285.998626990477,5999.122106943336
1783291533,200,,Aggregated,91.200000,0.000000,6,11,15,23,53,80,360,790,14000,15000,15000,51466,0,6,72.2948516688504,2.6743369962787256,15285.998626990477,5999.242606769518
1783291534,200,,Aggregated,90.300000,0.000000,6,11,15,23,53,80,350,790,14000,15000,15000,51559,0,6,72.1958865843992,2.6743369962787256,15285.998626990477,5997.755096103493
1783291535,200,,Aggregated,90.900000,0.000000,6,11,15,23,53,79,350,790,14000,15000,15000,51653,0,6,72.08378318155754,2.6743369962787256,15285.998626990477,5998.499002962074
1783291536,200,,Aggregated,91.100000,0.000000,6,11,15,23,53,79,350,790,14000,15000,15000,51745,0,6,71.9874806168703,2.6743369962787256,15285.998626990477,5998.25273939511
1783291537,200,,Aggregated,91.500000,0.000000,6,11,15,23,53,79,350,790,14000,15000,15000,51844,0,6,71.88382463193304,2.6743369962787256,15285.998626990477,5999.454517398349
1783291538,200,,Aggregated,92.000000,0.000000,6,11,15,23,53,79,350,790,14000,15000,15000,51931,0,6,71.78046446247558,2.6743369962787256,15285.998626990477,5997.733030367218
1783291539,200,,Aggregated,92.600000,0.000000,6,11,15,23,53,79,340,790,14000,15000,15000,52029,0,6,71.67152230834543,2.6743369962787256,15285.998626990477,5997.5891329835285
1783291540,200,,Aggregated,92.000000,0.000000,6,11,15,23,53,79,340,790,14000,15000,15000,52125,0,6,71.59731699777223,2.6743369962787256,15285.998626990477,5998.465841726619
1783291541,200,,Aggregated,93.800000,0.000000,6,11,15,23,53,79,340,780,14000,15000,15000,52214,0,6,71.50543337635385,2.6743369962787256,15285.998626990477,5998.559792392844
1783291542,200,,Aggregated,91.800000,0.000000,6,11,15,23,53,79,340,780,14000,15000,15000,52307,0,6,71.40641991144498,2.6743369962787256,15285.998626990477,5999.510065574397
1783291543,200,,Aggregated,92.800000,0.000000,6,11,15,23,53,79,340,780,14000,15000,15000,52402,0,6,71.30347681269612,2.6743369962787256,15285.998626990477,6000.933265905882
1783291544,200,,Aggregated,93.300000,0.000000,6,11,15,23,53,79,340,780,14000,15000,15000,52498,0,6,71.20414640688901,2.6743369962787256,15285.998626990477,6001.163434797516
1783291545,200,,Aggregated,93.400000,0.000000,6,11,15,23,53,79,330,780,14000,15000,15000,52582,0,6,71.10852776931138,2.6743369962787256,15285.998626990477,6000.816096763151
1783291546,200,,Aggregated,94.000000,0.000000,6,11,15,23,53,79,330,780,14000,15000,15000,52678,0,6,71.0028559971509,2.6743369962787256,15285.998626990477,6000.4948365541595
1783291547,200,,Aggregated,92.600000,0.000000,6,11,15,23,53,79,330,780,14000,15000,15000,52763,0,6,70.90570681253757,2.6743369962787256,15285.998626990477,6000.668043894396
1783291548,200,,Aggregated,91.500000,0.000000,6,11,15,23,53,79,330,780,14000,15000,15000,52853,0,6,70.81185701114377,2.6743369962787256,15285.998626990477,6000.259171664806
1783291549,200,,Aggregated,90.800000,0.000000,6,11,15,23,53,78,330,780,14000,15000,15000,52948,0,6,70.7100515589068,2.6743369962787256,15285.998626990477,5999.060682178741
1783291550,200,,Aggregated,92.100000,0.000000,6,11,15,23,52,78,330,780,14000,15000,15000,53044,0,6,70.60540984833276,2.6743369962787256,15285.998626990477,5998.142391222382
1783291551,200,,Aggregated,91.300000,0.000000,6,11,15,23,52,78,330,770,14000,15000,15000,53128,0,6,70.51497925961806,2.6743369962787256,15285.998626990477,5998.419590423129
1783291552,200,,Aggregated,92.900000,0.000000,6,11,15,23,52,78,330,770,14000,15000,15000,53226,0,6,70.40984728660789,2.6743369962787256,15285.998626990477,5997.4120166835755
1783291553,200,,Aggregated,91.700000,0.000000,6,11,15,23,52,78,330,770,14000,15000,15000,53322,0,6,70.30776732763049,2.6743369962787256,15285.998626990477,5999.387776152433
1783291554,200,,Aggregated,90.400000,0.000000,6,11,15,23,52,78,320,770,14000,15000,15000,53410,0,6,70.21849378771694,2.6743369962787256,15285.998626990477,5999.319453285902
1783291555,200,,Aggregated,90.900000,0.000000,6,11,15,23,52,78,320,770,14000,15000,15000,53502,0,6,70.11870625509277,2.6743369962787256,15285.998626990477,5999.2616911517325
1783291556,200,,Aggregated,90.400000,0.000000,6,11,15,23,52,78,320,770,14000,15000,15000,53592,0,6,70.03854494523425,2.6743369962787256,15285.998626990477,5999.402392148082
1783291557,200,,Aggregated,91.600000,0.000000,6,11,15,23,52,78,320,770,14000,15000,15000,53685,0,6,69.9498853395921,2.6743369962787256,15285.998626990477,5999.324429542703
1783291558,200,,Aggregated,91.500000,0.000000,6,11,15,23,52,78,320,770,14000,15000,15000,53780,0,6,69.85055780360639,2.6743369962787256,15285.998626990477,5998.13676087765
1783291559,200,,Aggregated,91.800000,0.000000,6,11,15,23,52,78,320,770,14000,15000,15000,53877,0,6,69.7487484289194,2.6743369962787256,15285.998626990477,5996.356942665701
1783291560,200,,Aggregated,91.100000,0.000000,6,11,15,23,52,78,320,770,14000,15000,15000,53964,0,6,69.65888750926233,2.6743369962787256,15285.998626990477,5994.272125861686
1783291561,200,,Aggregated,92.000000,0.000000,6,11,15,23,52,78,320,770,13000,15000,15000,54056,0,6,69.56208747566941,2.6743369962787256,15285.998626990477,5993.167640964925
