Timestamp,User Count,Type,Name,Requests/s,Failures/s,50%,66%,75%,80%,90%,95%,98%,99%,99.9%,99.99%,100%,Total Request Count,Total Failure Count,Total Median Response Time,Total Average Response Time,Total Min Response Time,Total Max Response Time,Total Average Content Size
1783289162,0,,Aggregated,0.000000,0.000000,N/A,N/A,N/A,N/A,N/A,N/A,N/A,N/A,N/A,N/A,N/A,0,0,0,0.0,0,0,0
1783289163,25,,Aggregated,0.000000,0.000000,910,910,910,910,910,910,910,910,910,910,910,2,0,60,485.6404715028475,59.58268800168298,911.698255004012,1147.0
1783289164,25,,Aggregated,0.000000,0.000000,49,1200,1800,1900,1900,2000,2000,2000,2000,2000,2000,65,0,49,678.29254609264,7.323375000851229,1988.1866840005387,2951.076923076923
1783289165,25,,Aggregated,0.000000,0.000000,60,77,91,110,1900,1900,2000,2000,2000,2000,2000,157,0,60,329.014779669051,7.2087089938577265,1988.1866840005387,6795.350318471337
1783289166,25,,Aggregated,3.500000,0.000000,56,72,86,110,1900,1900,2000,2000,2000,2000,2000,167,0,56,310.367021802656,5.685222989995964,1988.1866840005387,6911.443113772455
1783289167,25,,Aggregated,41.000000,0.000000,51,69,85,100,1800,1900,2000,2000,2000,2000,2000,177,0,51,293.31060508481494,5.685222989995964,1988.1866840005387,6586.887005649717
1783289168,25,,Aggregated,39.500000,0.000000,49,69,84,97,1700,1900,2000,2000,2000,2000,2000,191,0,49,273.602343937312,5.685222989995964,1988.1866840005387,6364.806282722513
1783289169,25,,Aggregated,34.200000,0.000000,43,66,80,89,1700,1900,2000,2000,2000,2000,2000,208,0,41,252.47678174036992,5.685222989995964,1988.1866840005387,6268.653846153846
1783289170,25,,Aggregated,30.000000,0.000000,41,63,78,86,1300,1900,2000,2000,2000,2000,2000,214,0,41,245.89022607021698,5.685222989995964,1988.1866840005387,6242.060747663551
1783289171,25,,Aggregated,27.571429,0.000000,40,63,78,86,1200,1900,2000,2000,2000,2000,2000,224,0,40,236.17251611618227,5.685222989995964,1988.1866840005387,6068.46875
1783289172,25,,Aggregated,26.250000,0.000000,39,60,72,84,1200,1900,2000,2000,2000,2000,2000,237,0,39,224.29618986505466,5.611941000097431,1988.1866840005387,6011.109704641351
1783289173,25,,Aggregated,23.888889,0.000000,38,60,71,82,910,1900,2000,2000,2000,2000,2000,247,0,38,215.7834103038282,5.611941000097431,1988.1866840005387,5957.546558704454
1783289174,25,,Aggregated,22.700000,0.000000,38,56,69,82,140,1900,2000,2000,2000,2000,2000,259,0,38,206.8225188765915,5.594877991825342,1988.1866840005387,5939.945945945946
1783289175,25,,Aggregated,24.000000,0.000000,37,55,69,79,140,1900,2000,2000,2000,2000,2000,268,0,37,200.54601631359694,4.201870004180819,1988.1866840005387,5909.537313432836
1783289176,25,,Aggregated,24.100000,0.000000,36,53,67,78,130,1900,2000,2000,2000,2000,2000,280,0,35,192.9205704359317,4.201870004180819,1988.1866840005387,5982.55
1783289177,25,,Aggregated,13.800000,0.000000,33,52,65,74,120,1900,2000,2000,2000,2000,2000,294,0,32,184.3518679830892,4.201870004180819,1988.1866840005387,5970.741496598639
1783289178,25,,Aggregated,11.400000,0.000000,31,50,63,72,120,1900,2000,2000,2000,2000,2000,302,0,30,179.84254882793908,4.201870004180819,1988.1866840005387,6170.420529801325
1783289179,25,,Aggregated,11.300000,0.000000,27,50,63,71,110,1900,2000,2000,2000,2000,2000,316,0,27,172.8694383798685,4.201870004180819,1988.1866840005387,6076.987341772152
1783289180,25,,Aggregated,11.700000,0.000000,25,49,63,69,110,1900,2000,2000,2000,2000,2000,328,0,25,167.25580901854812,4.201870004180819,1988.1866840005387,6122.856707317073
1783289181,25,,Aggregated,11.200000,0.000000,23,47,62,68,110,1900,2000,2000,2000,2000,2000,340,0,23,161.80240952667458,4.201870004180819,1988.1866840005387,6127.15
1783289182,25,,Aggregated,10.700000,0.000000,22,46,60,67,110,1800,2000,2000,2000,2000,2000,349,0,22,157.8557045646959,4.201870004180819,1988.1866840005387,6099.2234957020055
1783289183,25,,Aggregated,11.500000,0.000000,21,45,59,66,100,1800,1900,2000,2000,2000,2000,362,0,21,152.79596924327714,4.201870004180819,1988.1866840005387,6210.088397790055
1783289184,25,,Aggregated,11.400000,0.000000,20,41,56,65,98,1800,1900,2000,2000,2000,2000,376,0,20,147.77067798960607,4.201870004180819,1988.1866840005387,6303.79255319149
1783289185,25,,Aggregated,11.300000,0.000000,20,40,55,65,97,1700,1900,2000,2000,2000,2000,389,0,20,143.5050539153743,4.201870004180819,1988.1866840005387,6303.395886889461
1783289186,25,,Aggregated,11.400000,0.000000,19,40,54,64,96,1700,1900,2000,2000,2000,2000,396,0,19,141.19755793202637,4.201870004180819,1988.1866840005387,6351.866161616162
1783289187,25,,Aggregated,11.800000,0.000000,19,40,53,63,96,1700,1900,2000,2000,2000,2000,410,0,18,137.17190714648117,4.201870004180819,1988.1866840005387,6317.870731707317
1783289188,25,,Aggregated,11.700000,0.000000,18,39,52,63,91,1300,1900,2000,2000,2000,2000,423,0,18,133.5357617023076,4.201870004180819,1988.1866840005387,6304.702127659574
1783289189,25,,Aggregated,11.400000,0.000000,18,38,51,63,89,1300,1900,2000,2000,2000,2000,434,0,17,130.5376376568695,4.201870004180819,1988.1866840005387,6379.594470046083
1783289190,25,,Aggregated,11.700000,0.000000,17,38,50,62,89,1200,1900,2000,2000,2000,2000,443,0,17,128.14964508144007,4.201870004180819,1988.1866840005387,6325.683972911964
1783289191,25,,Aggregated,12.000000,0.000000,17,37,50,60,87,1200,1900,2000,2000,2000,2000,455,0,17,125.12087368817008,4.201870004180819,1988.1866840005387,6381.762637362637
1783289192,25,,Aggregated,11.700000,0.000000,17,37,50,60,86,1200,1900,2000,2000,2000,2000,468,0,17,122.28547824170708,4.201870004180819,1988.1866840005387,6357.23717948718
1783289193,25,,Aggregated,11.400000,0.000000,16,35,49,58,86,1200,1900,2000,2000,2000,2000,479,0,16,119.75099802107623,4.201870004180819,1988.1866840005387,6402.68267223382
1783289194,25,,Aggregated,11.400000,0.000000,16,33,49,56,85,910,1900,2000,2000,2000,2000,492,0,16,116.98509603063836,4.201870004180819,1988.1866840005387,6345.733739837398
1783289195,25,,Aggregated,11.600000,0.000000,16,32,47,55,84,140,1900,2000,2000,2000,2000,506,0,16,114.17654369775529,4.201870004180819,1988.1866840005387,6307.217391304348
1783289196,25,,Aggregated,11.800000,0.000000,16,32,47,56,85,140,1900,2000,2000,2000,2000,513,0,16,113.12001342506223,4.201870004180819,1988.1866840005387,6269.040935672515
1783289198,25,,Aggregated,11.900000,0.000000,16,33,49,58,84,140,1900,2000,2000,2000,2000,531,0,16,110.81690876665213,4.201870004180819,1988.1866840005387,6354.199623352166
1783289199,25,,Aggregated,11.500000,0.000000,16,33,48,56,84,130,1900,2000,2000,2000,2000,541,0,16,109.01052069514255,4.201870004180819,1988.1866840005387,6341.656192236599
1783289200,25,,Aggregated,11.400000,0.000000,16,31,47,56,82,130,1900,2000,2000,2000,2000,553,0,16,107.03548712304446,4.201870004180819,1988.1866840005387,6375.473779385172
1783289201,25,,Aggregated,11.200000,0.000000,16,30,46,55,82,130,1900,2000,2000,2000,2000,564,0,16,105.15418685295666,4.201870004180819,1988.1866840005387,6392.352836879432
1783289202,25,,Aggregated,11.300000,0.000000,15,30,46,54,82,130,1900,2000,2000,2000,2000,573,0,15,103.69800119202651,4.201870004180819,1988.1866840005387,6385.465968586387
1783289203,25,,Aggregated,11.500000,0.000000,15,29,45,53,81,130,1900,2000,2000,2000,2000,587,0,15,101.53280237313892,4.201870004180819,1988.1866840005387,6351.419080068143
1783289204,25,,Aggregated,11.300000,0.000000,15,27,43,52,80,130,1900,2000,2000,2000,2000,599,0,15,99.71270699003763,4.201870004180819,1988.1866840005387,6321.307178631052
1783289205,25,,Aggregated,11.400000,0.000000,15,27,41,52,80,120,1900,2000,2000,2000,2000,610,0,15,98.21461459347925,4.201870004180819,1988.1866840005387,6390.875409836066
1783289206,25,,Aggregated,11.200000,0.000000,15,27,41,52,79,120,1900,2000,2000,2000,2000,618,0,15,97.20889567648544,4.140468008699827,1988.1866840005387,6374.1181229773465
1783289207,25,,Aggregated,11.100000,0.000000,14,26,41,51,79,120,1900,2000,2000,2000,2000,630,0,14,95.71377251760126,4.140468008699827,1988.1866840005387,6365.188888888889
1783289208,25,,Aggregated,10.900000,0.000000,14,25,41,50,78,110,1900,2000,2000,2000,2000,642,0,14,94.23131254220394,4.140468008699827,1988.1866840005387,6355.305295950156
1783289209,25,,Aggregated,10.900000,0.000000,14,25,41,50,78,110,1900,2000,2000,2000,2000,652,0,14,93.12196076239914,4.140468008699827,1988.1866840005387,6339.118098159509
1783289210,25,,Aggregated,10.800000,0.000000,14,23,41,50,77,110,1900,2000,2000,2000,2000,665,0,14,91.56053655201401,4.140468008699827,1988.1866840005387,6326.031578947369
1783289211,25,,Aggregated,11.300000,0.000000,14,23,41,50,77,110,1900,2000,2000,2000,2000,675,0,14,90.47853615419525,3.6646429944084957,1988.1866840005387,6316.314074074074
1783289212,25,,Aggregated,11.200000,0.000000,13,23,40,50,76,110,1900,2000,2000,2000,2000,687,0,13,89.09418510349862,3.6646429944084957,1988.1866840005387,6309.136826783115
1783289213,25,,Aggregated,11.100000,0.000000,13,23,40,50,76,110,1900,2000,2000,2000,2000,697,0,13,88.02101373472642,3.6646429944084957,1988.1866840005387,6283.401721664275
1783289214,25,,Aggregated,11.300000,0.000000,13,23,40,49,74,110,1900,1900,2000,2000,2000,711,0,13,86.56897063023798,3.6646429944084957,1988.1866840005387,6296.7468354430375
1783289215,25,,Aggregated,11.000000,0.000000,13,23,40,49,72,100,1900,1900,2000,2000,2000,723,0,13,85.47349197107798,3.6646429944084957,1988.1866840005387,6238.015214384509
1783289216,25,,Aggregated,11.200000,0.000000,13,22,40,49,72,110,1900,1900,2000,2000,2000,734,0,13,84.63125539247622,3.6646429944084957,1988.1866840005387,6227.802452316077
1783289217,25,,Aggregated,11.000000,0.000000,13,22,39,48,72,100,1900,1900,2000,2000,2000,747,0,13,83.39108513399583,3.6646429944084957,1988.1866840005387,6152.1954484605085
1783289218,25,,Aggregated,11.300000,0.000000,13,21,39,48,72,100,1900,1900,2000,2000,2000,759,0,13,82.35253936114395,3.6646429944084957,1988.1866840005387,6142.760210803689
1783289219,25,,Aggregated,11.700000,0.000000,12,21,38,47,72,100,1900,1900,2000,2000,2000,772,0,12,81.1299577578866,3.6646429944084957,1988.1866840005387,6221.831606217616
1783289220,25,,Aggregated,11.500000,0.000000,12,21,38,47,72,100,1900,1900,2000,2000,2000,778,0,12,80.60988880088493,3.6646429944084957,1988.1866840005387,6255.203084832905
1783289221,25,,Aggregated,11.700000,0.000000,12,21,38,47,71,100,1900,1900,2000,2000,2000,794,0,12,79.38096043212097,3.6646429944084957,1988.1866840005387,6238.583123425693
1783289222,25,,Aggregated,11.600000,0.000000,12,20,38,47,71,100,1900,1900,2000,2000,2000,804,0,12,78.53957088818743,3.6646429944084957,1988.1866840005387,6226.78855721393
1783289223,25,,Aggregated,11.400000,0.000000,12,20,38,46,69,98,1900,1900,2000,2000,2000,821,0,12,77.31185412680561,3.6646429944084957,1988.1866840005387,6290.266747868453
1783289224,25,,Aggregated,11.700000,0.000000,12,20,38,46,69,98,1900,1900,2000,2000,2000,828,0,12,76.84832830327562,3.6646429944084957,1988.1866840005387,6268.56038647343
1783289225,25,,Aggregated,12.100000,0.000000,12,20,38,46,69,98,1900,1900,2000,2000,2000,840,0,12,75.94378601203235,3.6646429944084957,1988.1866840005387,6278.116666666667
1783289226,25,,Aggregated,12.300000,0.000000,12,19,37,46,68,97,1800,1900,2000,2000,2000,852,0,12,75.07786861871027,3.6646429944084957,1988.1866840005387,6311.327464788732
1783289227,25,,Aggregated,11.900000,0.000000,12,19,37,46,67,96,1800,1900,2000,2000,2000,864,0,12,74.2664067594079,3.6646429944084957,1988.1866840005387,6320.00462962963
1783289228,25,,Aggregated,11.400000,0.000000,12,19,37,46,67,96,1800,1900,2000,2000,2000,874,0,12,73.6022726889228,3.6646429944084957,1988.1866840005387,6310.561784897025
1783289229,25,,Aggregated,11.900000,0.000000,12,19,36,45,67,91,1800,1900,2000,2000,2000,890,0,12,72.52161139113831,3.6646429944084957,1988.1866840005387,6304.661797752809
1783289230,25,,Aggregated,11.800000,0.000000,12,19,35,45,67,91,1800,1900,2000,2000,2000,899,0,12,71.8731026063243,3.6646429944084957,1988.1866840005387,6296.175750834261
1783289231,25,,Aggregated,11.400000,0.000000,12,19,34,44,67,91,1800,1900,2000,2000,2000,907,0,12,71.32179229889594,3.6646429944084957,1988.1866840005387,6308.96802646086
1783289232,25,,Aggregated,11.700000,0.000000,12,18,33,43,67,89,1800,1900,2000,2000,2000,925,0,12,70.28119183036914,3.6646429944084957,1988.1866840005387,6311.52
1783289233,25,,Aggregated,11.800000,0.000000,12,18,33,43,66,89,1800,1900,2000,2000,2000,935,0,12,69.65050041614248,3.6646429944084957,1988.1866840005387,6304.3978609625665
1783289234,25,,Aggregated,11.900000,0.000000,11,18,32,42,66,89,1800,1900,2000,2000,2000,949,0,11,68.79548537101448,3.6646429944084957,1988.1866840005387,6303.907270811381
1783289235,25,,Aggregated,11.700000,0.000000,12,18,32,42,66,89,1700,1900,2000,2000,2000,959,0,12,68.28995835569498,3.6646429944084957,1988.1866840005387,6315.939520333681
1783289236,25,,Aggregated,11.700000,0.000000,11,18,32,41,65,88,1700,1900,2000,2000,2000,971,0,11,67.6327775995218,3.6646429944084957,1988.1866840005387,6322.063851699279
1783289237,25,,Aggregated,12.100000,0.000000,11,18,31,41,65,87,1700,1900,2000,2000,2000,984,0,11,66.95345309770612,3.6646429944084957,1988.1866840005387,6326.594512195122
1783289238,25,,Aggregated,11.900000,0.000000,11,18,31,41,65,87,1700,1900,2000,2000,2000,993,0,11,66.43725654497132,3.6646429944084957,1988.1866840005387,6348.56495468278
1783289239,25,,Aggregated,12.000000,0.000000,11,17,30,41,64,87,1700,1900,2000,2000,2000,1003,0,11,65.8973323820134,3.6646429944084957,1988.1866840005387,6353.686939182453
1783289240,25,,Aggregated,11.800000,0.000000,11,17,30,41,64,87,1700,1900,2000,2000,2000,1011,0,11,65.45054995664188,3.6646429944084957,1988.1866840005387,6363.715133531157
1783289241,25,,Aggregated,11.600000,0.000000,11,17,29,40,63,86,1700,1900,2000,2000,2000,1026,0,11,64.65251940074145,3.6646429944084957,1988.1866840005387,6394.341130604288
1783289242,25,,Aggregated,11.600000,0.000000,11,17,29,41,63,86,1700,1900,2000,2000,2000,1035,0,11,64.33990190933505,3.6646429944084957,1988.1866840005387,6402.440579710145
1783289243,25,,Aggregated,11.600000,0.000000,11,17,29,40,63,86,1700,1900,2000,2000,2000,1047,0,11,63.692192983914325,3.6646429944084957,1988.1866840005387,6370.681948424069
1783289244,25,,Aggregated,11.500000,0.000000,11,17,28,40,63,85,1300,1900,2000,2000,2000,1062,0,11,62.99030255007697,3.6646429944084957,1988.1866840005387,6402.477401129943
1783289245,25,,Aggregated,10.900000,0.000000,11,17,27,40,63,85,1300,1900,2000,2000,2000,1071,0,11,62.55557155198558,3.6646429944084957,1988.1866840005387,6425.183940242764
1783289246,25,,Aggregated,10.800000,0.000000,11,17,27,40,62,85,1300,1900,2000,2000,2000,1081,0,11,62.14116364215907,3.6646429944084957,1988.1866840005387,6414.738205365403
1783289247,25,,Aggregated,11.100000,0.000000,11,17,27,39,62,85,1300,1900,2000,2000,2000,1096,0,11,61.482935922609,3.6646429944084957,1988.1866840005387,6392.795620437956
1783289248,25,,Aggregated,11.500000,0.000000,11,17,27,39,62,84,1200,1900,2000,2000,2000,1104,0,11,61.14815049924168,3.6646429944084957,1988.1866840005387,6400.663949275362
1783289249,25,,Aggregated,10.700000,0.000000,11,17,25,39,61,84,1200,1900,2000,2000,2000,1117,0,11,60.595313738685014,3.6646429944084957,1988.1866840005387,6393.931065353626
1783289250,25,,Aggregated,11.300000,0.000000,11,16,25,39,61,84,1200,1900,2000,2000,2000,1127,0,11,60.12790494950638,3.6646429944084957,1988.1866840005387,6382.832298136646
1783289251,25,,Aggregated,11.200000,0.000000,11,16,25,39,61,84,1200,1900,2000,2000,2000,1137,0,11,59.70377900358986,3.6646429944084957,1988.1866840005387,6364.34036939314
1783289252,25,,Aggregated,11.300000,0.000000,11,16,25,39,60,82,1200,1900,2000,2000,2000,1146,0,11,59.355380953821665,3.6646429944084957,1988.1866840005387,6350.579406631763
1783289253,25,,Aggregated,11.300000,0.000000,11,16,24,38,60,82,1200,1900,2000,2000,2000,1159,0,11,58.80974975073414,3.6646429944084957,1988.1866840005387,6377.282139775669
1783289254,25,,Aggregated,10.700000,0.000000,11,16,24,38,60,82,1200,1900,2000,2000,2000,1170,0,11,58.39840024108969,3.6646429944084957,1988.1866840005387,6341.739316239316
1783289255,25,,Aggregated,11.300000,0.000000,11,16,23,38,60,82,1200,1900,2000,2000,2000,1181,0,11,57.99096090352213,3.6646429944084957,1988.1866840005387,6358.307366638442
1783289256,25,,Aggregated,11.100000,0.000000,11,16,23,38,59,82,1200,1900,2000,2000,2000,1193,0,11,57.61909429007346,3.6646429944084957,1988.1866840005387,6350.3948030176025
1783289257,25,,Aggregated,10.800000,0.000000,11,16,24,38,59,81,910,1900,2000,2000,2000,1204,0,11,57.29974801249418,3.6646429944084957,1988.1866840005387,6317.751661129568
1783289258,25,,Aggregated,10.600000,0.000000,10,16,23,38,59,81,910,1900,2000,2000,2000,1217,0,10,56.87801132868773,3.6646429944084957,1988.1866840005387,6314.86852917009
1783289259,25,,Aggregated,11.500000,0.000000,10,16,23,38,59,81,910,1900,2000,2000,2000,1227,0,10,56.558728904651495,3.6646429944084957,1988.1866840005387,6322.700896495518
1783289260,25,,Aggregated,10.900000,0.000000,11,16,23,38,57,80,910,1900,2000,2000,2000,1241,0,11,56.09380477199524,3.6646429944084957,1988.1866840005387,6375.006446414182
1783289261,25,,Aggregated,11.300000,0.000000,10,16,23,38,57,80,140,1900,2000,2000,2000,1256,0,10,55.62532061867966,3.6646429944084957,1988.1866840005387,6348.289808917198
1783289262,25,,Aggregated,10.900000,0.000000,10,16,23,38,56,80,140,1900,2000,2000,2000,1263,0,10,55.3688683317982,3.6646429944084957,1988.1866840005387,6355.903404592241
1783289263,25,,Aggregated,11.600000,0.000000,10,16,23,38,57,80,140,1900,2000,2000,2000,1277,0,10,54.99050894915509,3.6646429944084957,1988.1866840005387,6352.2341425215345
1783289264,25,,Aggregated,12.100000,0.000000,10,16,23,38,57,80,140,1900,2000,2000,2000,1288,0,10,54.73533023607206,3.6646429944084957,1988.1866840005387,6349.973602484472
1783289265,25,,Aggregated,11.500000,0.000000,10,16,23,38,56,80,140,1900,2000,2000,2000,1301,0,10,54.33391732363539,3.6646429944084957,1988.1866840005387,6385.43428132206
1783289266,25,,Aggregated,11.700000,0.000000,10,16,23,38,56,80,140,1900,2000,2000,2000,1311,0,10,54.01352719226383,3.6646429944084957,1988.1866840005387,6381.991609458429
1783289267,25,,Aggregated,11.900000,0.000000,10,16,23,38,56,80,140,1900,2000,2000,2000,1322,0,10,53.73072413847711,3.6646429944084957,1988.1866840005387,6361.689863842663
1783289268,25,,Aggregated,12.100000,0.000000,10,16,23,38,56,80,140,1900,2000,2000,2000,1338,0,10,53.30529786401311,3.6646429944084957,1988.1866840005387,6347.134529147982
1783289269,25,,Aggregated,11.400000,0.000000,10,16,22,38,56,79,140,1900,2000,2000,2000,1349,0,10,52.973689826576795,3.6646429944084957,1988.1866840005387,6347.39214232765
1783289270,25,,Aggregated,11.700000,0.000000,10,16,22,38,56,79,140,1900,2000,2000,2000,1360,0,10,52.659509172093856,3.6646429944084957,1988.1866840005387,6357.030882352941
1783289271,25,,Aggregated,12.000000,0.000000,10,16,22,37,55,79,140,1900,2000,2000,2000,1372,0,10,52.26065801457546,3.6646429944084957,1988.1866840005387,6364.17055393586
1783289272,25,,Aggregated,12.400000,0.000000,10,16,21,37,55,79,140,1900,2000,2000,2000,1381,0,10,52.02201165314605,3.6646429944084957,1988.1866840005387,6354.989862418537
1783289273,25,,Aggregated,11.800000,0.000000,10,16,21,37,55,79,140,1900,2000,2000,2000,1394,0,10,51.64654961045747,3.6646429944084957,1988.1866840005387,6347.336441893831
1783289274,25,,Aggregated,11.700000,0.000000,10,16,21,36,54,78,130,1900,2000,2000,2000,1405,0,10,51.30815579854424,3.6646429944084957,1988.1866840005387,6333.9416370106765
1783289275,25,,Aggregated,11.500000,0.000000,10,16,21,36,54,78,130,1900,2000,2000,2000,1416,0,10,50.980337439934864,3.6646429944084957,1988.1866840005387,6316.197033898305
1783289276,25,,Aggregated,11.700000,0.000000,10,16,21,36,54,78,130,1900,2000,2000,2000,1432,0,10,50.60393797340726,3.6646429944084957,1988.1866840005387,6302.530726256983
1783289277,25,,Aggregated,11.700000,0.000000,10,16,21,36,54,78,130,1900,2000,2000,2000,1436,0,10,50.48758363574612,3.6646429944084957,1988.1866840005387,6305.803621169916
1783289278,25,,Aggregated,11.300000,0.000000,10,16,21,35,54,77,130,1900,2000,2000,2000,1451,0,10,50.103924920690424,3.6646429944084957,1988.1866840005387,6288.995864920745
1783289279,25,,Aggregated,12.000000,0.000000,10,16,21,35,54,77,130,1900,2000,2000,2000,1461,0,10,49.877805507144735,3.6646429944084957,1988.1866840005387,6274.143737166324
1783289280,25,,Aggregated,11.100000,0.000000,10,16,20,35,53,77,130,1900,2000,2000,2000,1472,0,10,49.6057623464347,3.6646429944084957,1988.1866840005387,6282.076086956522
1783289281,25,,Aggregated,11.100000,0.000000,10,16,20,35,53,77,130,1900,2000,2000,2000,1486,0,10,49.28744343199874,3.6646429944084957,1988.1866840005387,6285.85397039031
1783289282,25,,Aggregated,11.100000,0.000000,10,16,20,34,53,77,130,1900,2000,2000,2000,1497,0,10,48.9966195076529,3.6646429944084957,1988.1866840005387,6300.694722778891
1783289283,25,,Aggregated,11.000000,0.000000,10,15,20,34,53,76,130,1900,2000,2000,2000,1507,0,10,48.748310577275305,3.6646429944084957,1988.1866840005387,6284.944260119442
1783289284,25,,Aggregated,11.200000,0.000000,10,15,20,33,53,76,130,1900,2000,2000,2000,1516,0,10,48.5025834808248,3.6646429944084957,1988.1866840005387,6273.025065963061
1783289285,25,,Aggregated,11.500000,0.000000,10,15,20,33,53,76,130,1900,2000,2000,2000,1524,0,10,48.32603965677856,3.6646429944084957,1988.1866840005387,6257.314960629921
1783289286,25,,Aggregated,11.200000,0.000000,10,15,20,33,53,76,130,1900,2000,2000,2000,1539,0,10,48.01750435732012,3.6646429944084957,1988.1866840005387,6262.426250812216
1783289287,25,,Aggregated,10.900000,0.000000,10,15,20,32,53,76,130,1900,2000,2000,2000,1549,0,10,47.790279744293365,3.6646429944084957,1988.1866840005387,6254.648160103293
1783289288,25,,Aggregated,11.200000,0.000000,10,15,20,32,53,76,120,1900,2000,2000,2000,1562,0,10,47.57846617215896,3.6646429944084957,1988.1866840005387,6258.816261203585
1783289289,25,,Aggregated,10.900000,0.000000,10,15,20,32,52,76,120,1900,2000,2000,2000,1574,0,10,47.3375693195007,3.6646429944084957,1988.1866840005387,6283.355781448538
1783289290,25,,Aggregated,11.700000,0.000000,10,15,20,32,52,75,120,1900,2000,2000,2000,1585,0,10,47.11369971602594,3.6646429944084957,1988.1866840005387,6267.82334384858
1783289291,25,,Aggregated,11.000000,0.000000,10,15,20,31,52,75,120,1900,2000,2000,2000,1597,0,10,46.88462513583449,3.6646429944084957,1988.1866840005387,6276.100814026299
1783289292,25,,Aggregated,11.600000,0.000000,10,15,19,31,52,74,120,1900,2000,2000,2000,1607,0,10,46.66965000679344,3.6646429944084957,1988.1866840005387,6289.168014934661
1783289293,25,,Aggregated,11.200000,0.000000,10,15,19,31,52,75,120,1900,2000,2000,2000,1618,0,10,46.45945902467214,3.6646429944084957,1988.1866840005387,6279.774412855377
1783289294,25,,Aggregated,11.300000,0.000000,10,15,19,31,52,75,120,1900,2000,2000,2000,1630,0,10,46.25433060361831,3.6646429944084957,1988.1866840005387,6276.388343558282
1783289295,25,,Aggregated,11.000000,0.000000,10,15,19,31,52,75,120,1900,2000,2000,2000,1639,0,10,46.110174606409025,3.6646429944084957,1988.1866840005387,6278.738255033557
1783289296,25,,Aggregated,11.200000,0.000000,10,15,19,31,52,74,120,1900,2000,2000,2000,1650,0,10,45.90864454235557,3.6646429944084957,1988.1866840005387,6274.152727272727
1783289297,25,,Aggregated,11.300000,0.000000,10,15,19,31,52,74,110,1900,2000,2000,2000,1660,0,10,45.71030142883446,3.6646429944084957,1988.1866840005387,6276.860843373494
1783289298,25,,Aggregated,11.000000,0.000000,10,15,19,30,52,72,110,1900,2000,2000,2000,1670,0,10,45.50727872687885,3.6646429944084957,1988.1866840005387,6270.120359281437
1783289299,25,,Aggregated,11.100000,0.000000,10,15,19,30,52,72,110,1900,2000,2000,2000,1682,0,10,45.293529630150644,3.6646429944084957,1988.1866840005387,6246.9036860879905
1783289300,25,,Aggregated,10.900000,0.000000,10,15,19,30,52,72,110,1900,2000,2000,2000,1694,0,10,45.03598751886742,3.6646429944084957,1988.1866840005387,6234.131641086186
1783289301,25,,Aggregated,10.900000,0.000000,10,15,19,30,52,72,110,1800,2000,2000,2000,1703,0,10,44.861168884291466,3.6646429944084957,1988.1866840005387,6250.488549618321
1783289302,25,,Aggregated,10.600000,0.000000,10,15,19,30,51,72,110,1800,2000,2000,2000,1719,0,10,44.58899686965358,3.6646429944084957,1988.1866840005387,6244.0366492146595
1783289303,25,,Aggregated,10.900000,0.000000,10,15,19,30,51,72,110,1800,2000,2000,2000,1727,0,10,44.488513721453444,3.6646429944084957,1988.1866840005387,6248.973364215402
1783289304,25,,Aggregated,10.300000,0.000000,10,15,19,29,51,72,110,1800,2000,2000,2000,1736,0,10,44.29677383637254,3.6646429944084957,1988.1866840005387,6229.116935483871
1783289305,25,,Aggregated,11.200000,0.000000,9,15,19,29,51,72,110,1800,2000,2000,2000,1748,0,9,44.12054190615225,3.6646429944084957,1988.1866840005387,6213.218535469107
1783289306,25,,Aggregated,10.700000,0.000000,9,15,19,29,51,72,110,1800,2000,2000,2000,1761,0,9,43.966682593396435,3.6646429944084957,1988.1866840005387,6210.93867120954
1783289307,25,,Aggregated,10.600000,0.000000,9,15,19,29,51,72,110,1800,2000,2000,2000,1772,0,9,43.772723867929656,3.6646429944084957,1988.1866840005387,6202.095372460497
1783289308,25,,Aggregated,10.900000,0.000000,9,15,19,29,51,71,110,1800,2000,2000,2000,1784,0,9,43.54046150671204,3.6646429944084957,1988.1866840005387,6207.933295964125
1783289309,25,,Aggregated,10.900000,0.000000,9,15,19,28,51,71,110,1800,2000,2000,2000,1795,0,9,43.34476210639363,3.6646429944084957,1988.1866840005387,6204.392200557103
1783289310,25,,Aggregated,11.000000,0.000000,9,15,19,28,51,71,110,1800,2000,2000,2000,1809,0,9,43.12555246708828,3.6646429944084957,1988.1866840005387,6191.423438363737
1783289311,25,,Aggregated,11.500000,0.000000,9,15,19,28,51,71,110,1800,2000,2000,2000,1819,0,9,42.99916511927387,3.6646429944084957,1988.1866840005387,6180.589334799341
1783289312,25,,Aggregated,11.100000,0.000000,9,15,19,28,51,69,110,1800,2000,2000,2000,1833,0,9,42.81049213638186,3.6646429944084957,1988.1866840005387,6170.344789961811
1783289313,25,,Aggregated,11.400000,0.000000,9,15,19,28,51,69,110,1800,2000,2000,2000,1841,0,9,42.70662198316412,3.6646429944084957,1988.1866840005387,6162.3688212927755
1783289314,25,,Aggregated,11.700000,0.000000,9,15,18,27,51,71,100,1800,2000,2000,2000,1851,0,9,42.56816732685931,3.6646429944084957,1988.1866840005387,6160.048082117774
1783289315,25,,Aggregated,11.400000,0.000000,9,15,18,27,51,69,100,1800,2000,2000,2000,1864,0,9,42.359120267182114,3.6646429944084957,1988.1866840005387,6162.057403433477
1783289316,25,,Aggregated,11.500000,0.000000,9,15,18,27,51,69,100,1800,2000,2000,2000,1877,0,9,42.18391915345721,3.6646429944084957,1988.1866840005387,6137.176345231753
1783289317,25,,Aggregated,11.700000,0.000000,9,15,18,27,51,69,100,1800,2000,2000,2000,1892,0,9,41.92553009253267,3.6646429944084957,1988.1866840005387,6154.907505285412
1783289318,25,,Aggregated,11.700000,0.000000,9,15,18,26,51,69,100,1700,2000,2000,2000,1901,0,9,41.77654358236056,3.6646429944084957,1988.1866840005387,6153.695423461336
1783289319,25,,Aggregated,11.400000,0.000000,9,15,18,26,51,69,100,1700,2000,2000,2000,1909,0,9,41.66140209066379,3.6646429944084957,1988.1866840005387,6144.7763226820325
1783289320,25,,Aggregated,12.000000,0.000000,9,15,18,25,51,69,100,1700,2000,2000,2000,1921,0,9,41.50839192769866,3.6646429944084957,1988.1866840005387,6149.048412285268
1783289321,25,,Aggregated,11.700000,0.000000,9,15,18,25,51,69,100,1700,2000,2000,2000,1938,0,9,41.25949741955898,3.6646429944084957,1988.1866840005387,6159.094943240454
1783289322,25,,Aggregated,11.800000,0.000000,9,15,18,25,51,68,100,1700,2000,2000,2000,1947,0,9,41.109431116639875,3.6646429944084957,1988.1866840005387,6165.345659989728
1783289323,25,,Aggregated,11.200000,0.000000,9,15,18,25,51,68,100,1700,2000,2000,2000,1956,0,9,40.98714489728249,3.6646429944084957,1988.1866840005387,6155.5102249488755
1783289324,25,,Aggregated,11.600000,0.000000,9,15,18,25,51,68,100,1700,2000,2000,2000,1969,0,9,40.78857681313492,3.6646429944084957,1988.1866840005387,6165.062468257999
1783289325,25,,Aggregated,11.400000,0.000000,9,15,18,25,50,68,100,1700,2000,2000,2000,1979,0,9,40.64245403944375,3.6646429944084957,1988.1866840005387,6155.147043961597
1783289326,25,,Aggregated,11.300000,0.000000,9,15,18,24,50,68,100,1700,2000,2000,2000,1990,0,9,40.50525065380425,3.6646429944084957,1988.1866840005387,6173.379899497488
1783289327,25,,Aggregated,11.600000,0.000000,9,15,18,24,50,68,100,1700,2000,2000,2000,1999,0,9,40.36288007106517,3.6646429944084957,1988.1866840005387,6171.526263131565
1783289328,25,,Aggregated,11.500000,0.000000,9,15,18,24,50,68,100,1700,2000,2000,2000,2009,0,9,40.2376163380273,3.6646429944084957,1988.1866840005387,6161.051767048283
1783289329,25,,Aggregated,11.400000,0.000000,9,15,18,23,50,68,100,1700,2000,2000,2000,2020,0,9,40.08747123566941,3.6646429944084957,1988.1866840005387,6180.101485148515
1783289330,25,,Aggregated,10.600000,0.000000,9,15,18,23,50,67,100,1700,2000,2000,2000,2035,0,9,39.91654070813743,3.6646429944084957,1988.1866840005387,6170.528746928747
1783289331,25,,Aggregated,10.700000,0.000000,9,15,18,23,50,67,100,1700,2000,2000,2000,2046,0,9,39.797690164276254,3.6646429944084957,1988.1866840005387,6157.273216031281
1783289332,25,,Aggregated,10.500000,0.000000,9,15,18,23,50,67,100,1700,2000,2000,2000,2055,0,9,39.660881850660274,3.6646429944084957,1988.1866840005387,6183.808759124087
1783289333,25,,Aggregated,11.500000,0.000000,9,15,18,23,50,67,100,1700,2000,2000,2000,2068,0,9,39.496366110767354,3.6646429944084957,1988.1866840005387,6206.703094777563
1783289334,25,,Aggregated,10.800000,0.000000,9,15,18,23,50,67,100,1700,2000,2000,2000,2077,0,9,39.405807513265756,3.6646429944084957,1988.1866840005387,6204.252768415985
1783289335,25,,Aggregated,10.700000,0.000000,9,15,18,23,50,67,100,1700,2000,2000,2000,2088,0,9,39.332748373108814,3.6646429944084957,1988.1866840005387,6176.336685823755
1783289336,25,,Aggregated,11.200000,0.000000,9,15,18,23,50,67,100,1700,2000,2000,2000,2098,0,9,39.28519708391419,3.6646429944084957,1988.1866840005387,6178.2483317445185
1783289337,25,,Aggregated,10.900000,0.000000,9,15,18,23,50,67,100,1300,2000,2000,2000,2111,0,9,39.13960948653523,3.6646429944084957,1988.1866840005387,6157.843202273804
1783289338,25,,Aggregated,10.900000,0.000000,9,15,18,23,50,67,100,1300,2000,2000,2000,2121,0,9,39.0156310924575,3.6646429944084957,1988.1866840005387,6158.248467703913
1783289339,25,,Aggregated,10.800000,0.000000,9,15,18,24,50,67,100,1300,2000,2000,2000,2136,0,9,38.88558134273675,3.6646429944084957,1988.1866840005387,6152.824438202248
1783289340,25,,Aggregated,11.200000,0.000000,9,15,18,23,50,67,100,1300,2000,2000,2000,2149,0,9,38.73625335555195,3.6646429944084957,1988.1866840005387,6176.934388087482
1783289341,25,,Aggregated,11.100000,0.000000,9,15,18,23,50,67,100,1300,2000,2000,2000,2156,0,9,38.68681211646961,3.6646429944084957,1988.1866840005387,6179.798701298701
1783289342,25,,Aggregated,11.500000,0.000000,9,15,18,23,50,67,100,1300,2000,2000,2000,2170,0,9,38.50013049775928,3.6646429944084957,1988.1866840005387,6164.7811059907835
1783289343,25,,Aggregated,11.200000,0.000000,9,15,18,23,50,67,100,1300,2000,2000,2000,2179,0,9,38.38381229011429,3.6646429944084957,1988.1866840005387,6170.909132629647
1783289344,25,,Aggregated,11.000000,0.000000,9,15,18,23,50,67,100,1300,2000,2000,2000,2190,0,9,38.26700882243575,3.6646429944084957,1988.1866840005387,6159.644292237443
1783289345,25,,Aggregated,11.500000,0.000000,9,15,18,23,50,67,99,1200,2000,2000,2000,2202,0,9,38.163147845658024,3.6646429944084957,1988.1866840005387,6153.781562216167
1783289346,25,,Aggregated,11.400000,0.000000,9,15,18,23,50,67,99,1200,2000,2000,2000,2212,0,9,38.03255213794151,3.6646429944084957,1988.1866840005387,6160.855334538879
1783289347,25,,Aggregated,11.200000,0.000000,9,15,17,23,50,66,99,1200,2000,2000,2000,2226,0,9,37.85652135765175,3.6646429944084957,1988.1866840005387,6164.812668463612
1783289348,25,,Aggregated,11.200000,0.000000,9,15,17,23,50,66,99,1200,2000,2000,2000,2236,0,9,37.72854379388203,3.6646429944084957,1988.1866840005387,6167.2352415026835
1783289349,25,,Aggregated,11.400000,0.000000,9,15,18,23,50,66,100,1200,2000,2000,2000,2246,0,9,37.763849272108544,3.6646429944084957,1988.1866840005387,6150.820124666073
1783289350,25,,Aggregated,11.600000,0.000000,9,15,17,23,50,66,99,1200,2000,2000,2000,2260,0,9,37.589474750499335,3.6646429944084957,1988.1866840005387,6168.597345132744
1783289351,25,,Aggregated,11.400000,0.000000,9,15,17,23,50,66,99,1200,2000,2000,2000,2269,0,9,37.47316426492998,3.6646429944084957,1988.1866840005387,6167.6906126046715
1783289352,25,,Aggregated,11.000000,0.000000,9,15,17,23,50,66,99,1200,2000,2000,2000,2274,0,9,37.42860567288288,3.6646429944084957,1988.1866840005387,6164.691732629727
1783289353,25,,Aggregated,11.100000,0.000000,9,15,17,22,50,66,99,1200,2000,2000,2000,2290,0,9,37.24529963631313,3.6646429944084957,1988.1866840005387,6164.393449781659
1783289354,25,,Aggregated,11.300000,0.000000,9,15,17,22,50,66,99,1200,2000,2000,2000,2298,0,9,37.18526054054937,3.6646429944084957,1988.1866840005387,6170.248476936466
1783289355,25,,Aggregated,10.400000,0.000000,9,15,17,22,50,66,99,1200,2000,2000,2000,2310,0,9,37.052707452027406,3.6646429944084957,1988.1866840005387,6163.307792207792
1783289356,25,,Aggregated,10.800000,0.000000,9,15,17,22,50,65,99,1200,2000,2000,2000,2323,0,9,36.94253139610717,3.6646429944084957,1988.1866840005387,6140.790357296599
1783289357,25,,Aggregated,10.700000,0.000000,9,15,17,22,50,65,99,1200,2000,2000,2000,2329,0,9,36.885212165794734,3.6646429944084957,1988.1866840005387,6135.200515242594
1783289358,25,,Aggregated,10.900000,0.000000,9,15,17,22,49,65,99,1200,2000,2000,2000,2342,0,9,36.77842959229723,3.6646429944084957,1988.1866840005387,6134.558497011101
1783289359,25,,Aggregated,11.000000,0.000000,9,15,17,22,49,65,98,1200,2000,2000,2000,2354,0,9,36.65087792571668,3.6646429944084957,1988.1866840005387,6132.406966864911
1783289360,25,,Aggregated,10.200000,0.000000,9,15,17,22,49,65,98,1200,2000,2000,2000,2364,0,9,36.54736881054965,3.6646429944084957,1988.1866840005387,6131.806260575296
1783289362,25,,Aggregated,10.600000,0.000000,9,15,17,22,49,65,98,1200,2000,2000,2000,2376,0,9,36.413088375901424,3.6646429944084957,1988.1866840005387,6137.397306397306
1783289363,25,,Aggregated,10.800000,0.000000,9,15,17,22,49,65,99,1200,2000,2000,2000,2391,0,9,36.343802275263286,3.6646429944084957,1988.1866840005387,6138.809703053116
1783289364,25,,Aggregated,10.700000,0.000000,9,15,17,22,49,65,98,910,2000,2000,2000,2401,0,9,36.270541153329226,3.6646429944084957,1988.1866840005387,6144.923365264473
1783289365,25,,Aggregated,10.700000,0.000000,9,15,17,22,49,65,98,910,2000,2000,2000,2409,0,9,36.18340531678729,3.6646429944084957,1988.1866840005387,6144.3968451639685
1783289366,25,,Aggregated,11.700000,0.000000,9,15,17,22,49,65,98,910,2000,2000,2000,2424,0,9,36.05899873149094,3.6646429944084957,1988.1866840005387,6146.93399339934
1783289367,25,,Aggregated,11.000000,0.000000,9,15,17,22,49,65,98,910,2000,2000,2000,2433,0,9,35.988018017723384,3.6646429944084957,1988.1866840005387,6135.645704891081
1783289368,25,,Aggregated,11.100000,0.000000,9,15,17,21,49,65,98,910,2000,2000,2000,2446,0,9,35.84825584918213,3.6646429944084957,1988.1866840005387,6138.364268192968
1783289369,25,,Aggregated,11.300000,0.000000,9,15,17,21,49,65,98,910,2000,2000,2000,2453,0,9,35.7904957134561,3.6646429944084957,1988.1866840005387,6126.3375458622095
1783289370,25,,Aggregated,11.700000,0.000000,9,15,17,21,49,64,98,910,2000,2000,2000,2468,0,9,35.65860100167414,3.6646429944084957,1988.1866840005387,6142.085089141005
1783289371,25,,Aggregated,11.100000,0.000000,9,15,17,21,49,64,98,910,2000,2000,2000,2481,0,9,35.55857158975222,3.6646429944084957,1988.1866840005387,6136.079403466344
1783289372,25,,Aggregated,11.300000,0.000000,9,15,17,21,49,64,98,910,2000,2000,2000,2487,0,9,35.49364695784251,3.6646429944084957,1988.1866840005387,6139.743868114194
1783289373,25,,Aggregated,11.600000,0.000000,9,15,17,21,49,64,97,230,2000,2000,2000,2502,0,9,35.37272988096643,3.6646429944084957,1988.1866840005387,6143.265787370104
1783289374,25,,Aggregated,11.000000,0.000000,9,14,17,21,49,64,97,230,2000,2000,2000,2515,0,9,35.27181883227769,3.6646429944084957,1988.1866840005387,6132.990059642148
1783289375,25,,Aggregated,11.000000,0.000000,9,14,17,21,49,64,97,230,2000,2000,2000,2522,0,9,35.22067125265597,3.6646429944084957,1988.1866840005387,6126.702616970658
1783289376,25,,Aggregated,11.000000,0.000000,9,14,17,21,49,64,97,230,2000,2000,2000,2530,0,9,35.19464504946803,3.6646429944084957,1988.1866840005387,6112.837549407114
1783289377,25,,Aggregated,11.400000,0.000000,9,15,17,21,49,64,97,230,2000,2000,2000,2547,0,9,35.09386761686274,3.6646429944084957,1988.1866840005387,6121.655673341185
1783289378,25,,Aggregated,11.300000,0.000000,9,14,17,21,49,64,96,230,2000,2000,2000,2552,0,9,35.04116194753834,3.6646429944084957,1988.1866840005387,6120.683777429467
1783289379,25,,Aggregated,11.400000,0.000000,9,14,17,21,49,64,96,230,2000,2000,2000,2569,0,9,34.91507749870283,3.6646429944084957,1988.1866840005387,6115.91358505255
1783289380,25,,Aggregated,11.400000,0.000000,9,15,17,21,49,64,96,230,2000,2000,2000,2579,0,9,34.85300868599123,3.6646429944084957,1988.1866840005387,6128.426134160527
1783289381,25,,Aggregated,10.600000,0.000000,9,14,17,21,49,64,96,230,2000,2000,2000,2590,0,9,34.76370573557916,3.6646429944084957,1988.1866840005387,6136.430115830116
1783289382,25,,Aggregated,11.200000,0.000000,9,14,17,21,49,64,96,140,2000,2000,2000,2604,0,9,34.670279183247835,3.6646429944084957,1988.1866840005387,6112.519585253456
1783289383,25,,Aggregated,11.000000,0.000000,9,14,17,21,49,64,96,140,2000,2000,2000,2616,0,9,34.59671285442073,3.6646429944084957,1988.1866840005387,6097.102828746178
1783289384,25,,Aggregated,11.600000,0.000000,9,14,17,21,49,64,96,140,2000,2000,2000,2627,0,9,34.49248374005778,3.6646429944084957,1988.1866840005387,6084.398934145413
1783289385,25,,Aggregated,11.300000,0.000000,9,14,17,21,49,64,96,140,2000,2000,2000,2638,0,9,34.39451570285049,3.6646429944084957,1988.1866840005387,6096.161485974223
1783289386,25,,Aggregated,11.100000,0.000000,9,14,17,21,49,63,96,140,2000,2000,2000,2650,0,9,34.31749448570629,3.6646429944084957,1988.1866840005387,6090.606792452831
1783289387,25,,Aggregated,11.400000,0.000000,9,14,17,21,49,63,92,140,2000,2000,2000,2664,0,9,34.19135639793873,3.6646429944084957,1988.1866840005387,6082.328828828829
1783289388,25,,Aggregated,11.900000,0.000000,9,14,17,21,49,63,92,140,2000,2000,2000,2677,0,9,34.119106309716855,3.6646429944084957,1988.1866840005387,6083.156892043332
1783289389,25,,Aggregated,11.500000,0.000000,9,14,17,21,49,63,92,140,2000,2000,2000,2685,0,9,34.05451369613302,3.6646429944084957,1988.1866840005387,6081.007448789572
1783289390,25,,Aggregated,11.500000,0.000000,9,14,17,21,49,63,92,140,2000,2000,2000,2699,0,9,33.95311071030043,3.6646429944084957,1988.1866840005387,6091.585402000741
1783289391,25,,Aggregated,11.500000,0.000000,9,14,17,21,49,63,92,140,2000,2000,2000,2710,0,9,33.87496573287767,3.6646429944084957,1988.1866840005387,6095.076383763838
1783289392,25,,Aggregated,12.000000,0.000000,9,14,17,21,49,63,92,140,2000,2000,2000,2722,0,9,33.78726971494551,3.4944889921462163,1988.1866840005387,6078.439015429831
1783289393,25,,Aggregated,11.900000,0.000000,9,14,17,21,49,63,92,140,2000,2000,2000,2732,0,9,33.716968795413784,3.4944889921462163,1988.1866840005387,6077.94326500732
1783289394,25,,Aggregated,11.900000,0.000000,9,14,17,21,49,63,92,140,2000,2000,2000,2745,0,9,33.64215806413498,3.4944889921462163,1988.1866840005387,6071.927140255009
1783289395,25,,Aggregated,11.600000,0.000000,9,14,17,21,49,63,91,140,2000,2000,2000,2758,0,9,33.53554561423407,3.4944889921462163,1988.1866840005387,6103.133067440174
1783289396,25,,Aggregated,11.700000,0.000000,9,14,17,21,49,63,92,140,2000,2000,2000,2769,0,9,33.50434552692482,3.4944889921462163,1988.1866840005387,6104.190321415674
1783289397,25,,Aggregated,12.100000,0.000000,9,14,17,21,49,63,92,140,2000,2000,2000,2780,0,9,33.42683469174072,3.4944889921462163,1988.1866840005387,6101.194964028777
1783289398,25,,Aggregated,11.800000,0.000000,9,14,17,21,49,63,92,140,2000,2000,2000,2791,0,9,33.361797169846454,3.4944889921462163,1988.1866840005387,6108.456467216051
1783289399,25,,Aggregated,11.500000,0.000000,9,14,17,21,49,63,91,140,2000,2000,2000,2802,0,9,33.306625766599375,3.4944889921462163,1988.1866840005387,6107.598857958601
1783289400,25,,Aggregated,11.100000,0.000000,9,14,17,21,49,63,91,140,2000,2000,2000,2812,0,9,33.21814043742553,3.4944889921462163,1988.1866840005387,6106.564722617354
1783289401,25,,Aggregated,11.800000,0.000000,9,14,17,21,49,63,91,140,2000,2000,2000,2823,0,9,33.14636201347682,3.4944889921462163,1988.1866840005387,6109.594757350336
1783289402,25,,Aggregated,11.200000,0.000000,9,14,17,21,49,63,91,140,2000,2000,2000,2836,0,9,33.06563611637636,3.4944889921462163,1988.1866840005387,6120.66748942172
1783289403,25,,Aggregated,11.200000,0.000000,9,14,17,21,49,63,91,140,2000,2000,2000,2845,0,9,33.04255733569071,3.4944889921462163,1988.1866840005387,6107.973637961336
1783289404,25,,Aggregated,11.100000,0.000000,9,14,17,21,49,63,91,140,2000,2000,2000,2860,0,9,32.93185273777218,3.4944889921462163,1988.1866840005387,6122.161188811188
1783289405,25,,Aggregated,11.100000,0.000000,9,14,17,21,49,63,91,140,2000,2000,2000,2869,0,9,32.88971085745059,3.4944889921462163,1988.1866840005387,6122.362495643081
1783289406,25,,Aggregated,11.600000,0.000000,9,14,17,21,49,63,91,140,2000,2000,2000,2879,0,9,32.82257784925467,3.4944889921462163,1988.1866840005387,6126.443556790552
1783289407,25,,Aggregated,11.200000,0.000000,9,14,17,21,49,63,91,140,2000,2000,2000,2895,0,9,32.77407431193275,3.4944889921462163,1988.1866840005387,6124.223143350605
1783289408,25,,Aggregated,11.000000,0.000000,9,14,17,21,49,63,91,130,2000,2000,2000,2905,0,9,32.728409365257534,3.4944889921462163,1988.1866840005387,6116.519449225473
1783289409,25,,Aggregated,11.500000,0.000000,9,14,17,21,49,63,91,130,2000,2000,2000,2915,0,9,32.665754041878515,3.4944889921462163,1988.1866840005387,6125.252487135506
1783289410,25,,Aggregated,11.700000,0.000000,9,14,17,21,49,63,91,130,2000,2000,2000,2931,0,9,32.582314382152326,3.4944889921462163,1988.1866840005387,6128.4472876151485
1783289411,25,,Aggregated,11.300000,0.000000,9,14,17,21,49,63,91,130,2000,2000,2000,2942,0,9,32.52522621927837,3.4944889921462163,1988.1866840005387,6118.321549966009
1783289412,25,,Aggregated,11.600000,0.000000,9,14,17,21,49,63,90,130,2000,2000,2000,2959,0,9,32.42615178645757,3.4944889921462163,1988.1866840005387,6121.616424467726
1783289413,25,,Aggregated,12.000000,0.000000,9,14,17,21,49,63,90,130,2000,2000,2000,2971,0,9,32.37317793341012,3.4944889921462163,1988.1866840005387,6115.037697744867
1783289414,25,,Aggregated,12.300000,0.000000,9,14,17,21,49,63,90,130,2000,2000,2000,2982,0,9,32.296887733446724,3.4944889921462163,1988.1866840005387,6104.5764587525155
1783289415,25,,Aggregated,12.400000,0.000000,9,14,17,21,48,63,90,130,2000,2000,2000,2992,0,9,32.249639935550725,3.4944889921462163,1988.1866840005387,6099.968248663102
1783289416,25,,Aggregated,12.200000,0.000000,9,14,17,21,48,62,89,130,2000,2000,2000,3006,0,9,32.16102250771099,3.4944889921462163,1988.1866840005387,6106.741516966068
1783289417,25,,Aggregated,12.100000,0.000000,9,14,17,21,48,62,89,130,2000,2000,2000,3012,0,9,32.11271611293955,3.4944889921462163,1988.1866840005387,6104.731075697211
1783289418,25,,Aggregated,12.600000,0.000000,9,14,17,21,48,62,89,130,2000,2000,2000,3026,0,9,32.020694691412096,3.4944889921462163,1988.1866840005387,6104.738598810311
1783289419,25,,Aggregated,11.800000,0.000000,9,14,17,21,48,62,89,130,2000,2000,2000,3037,0,9,31.953789076795385,3.4944889921462163,1988.1866840005387,6106.092196246295
1783289420,25,,Aggregated,11.700000,0.000000,9,14,17,21,48,62,89,130,2000,2000,2000,3048,0,9,31.875236872447275,3.4944889921462163,1988.1866840005387,6121.250656167979
1783289421,25,,Aggregated,12.100000,0.000000,9,14,17,21,48,62,89,130,2000,2000,2000,3063,0,9,31.7732371185759,3.4944889921462163,1988.1866840005387,6124.49036891936
1783289422,25,,Aggregated,12.000000,0.000000,9,14,17,21,48,62,89,130,2000,2000,2000,3071,0,9,31.74432705738051,3.4944889921462163,1988.1866840005387,6125.086616737219
1783289423,25,,Aggregated,11.700000,0.000000,9,14,17,21,48,62,89,130,2000,2000,2000,3083,0,9,31.679031762968194,3.4944889921462163,1988.1866840005387,6128.012325656828
1783289424,25,,Aggregated,11.400000,0.000000,9,14,16,20,48,62,89,130,2000,2000,2000,3092,0,9,31.61026487977151,3.4944889921462163,1988.1866840005387,6129.712483829237
1783289425,25,,Aggregated,11.300000,0.000000,9,14,16,20,48,62,88,130,2000,2000,2000,3103,0,9,31.548889751293856,3.4944889921462163,1988.1866840005387,6141.019336126329
1783289426,25,,Aggregated,11.000000,0.000000,9,14,16,20,48,62,88,130,2000,2000,2000,3118,0,9,31.46320215979601,3.4944889921462163,1988.1866840005387,6125.586914688904
1783289427,25,,Aggregated,11.200000,0.000000,9,14,16,20,48,62,88,130,2000,2000,2000,3126,0,9,31.421944712802343,3.4944889921462163,1988.1866840005387,6117.6209213051825
1783289428,25,,Aggregated,11.400000,0.000000,9,14,16,20,48,61,88,130,2000,2000,2000,3141,0,9,31.32703781222311,3.4944889921462163,1988.1866840005387,6123.546004457179
1783289429,25,,Aggregated,11.400000,0.000000,9,14,16,20,48,61,87,130,2000,2000,2000,3151,0,9,31.2764125995592,3.4944889921462163,1988.1866840005387,6119.725483973341
1783289430,25,,Aggregated,11.700000,0.000000,9,14,16,20,48,61,88,130,2000,2000,2000,3166,0,9,31.235227370242885,3.4944889921462163,1988.1866840005387,6120.895135818067
1783289431,25,,Aggregated,11.200000,0.000000,9,14,16,20,48,62,88,130,2000,2000,2000,3173,0,9,31.221441390540093,3.4944889921462163,1988.1866840005387,6117.338165773715
1783289432,25,,Aggregated,11.300000,0.000000,9,14,16,20,48,62,88,130,2000,2000,2000,3188,0,9,31.15648543545233,3.4944889921462163,1988.1866840005387,6123.049247176913
1783289433,25,,Aggregated,11.400000,0.000000,9,14,16,20,48,62,88,130,2000,2000,2000,3197,0,9,31.102618225594355,3.4944889921462163,1988.1866840005387,6121.36690647482
1783289434,25,,Aggregated,11.700000,0.000000,9,14,16,20,48,61,87,130,2000,2000,2000,3208,0,9,31.047155534979357,3.4944889921462163,1988.1866840005387,6132.405860349128
1783289435,25,,Aggregated,11.200000,0.000000,9,14,16,20,48,61,87,130,2000,2000,2000,3218,0,9,30.99183649074272,3.4944889921462163,1988.1866840005387,6135.255127408328
1783289436,25,,Aggregated,11.400000,0.000000,9,14,16,20,48,61,87,130,2000,2000,2000,3232,0,9,30.919127821836792,3.4944889921462163,1988.1866840005387,6129.773514851485
1783289437,25,,Aggregated,11.500000,0.000000,9,14,16,20,48,62,87,130,2000,2000,2000,3242,0,9,30.899785744343518,3.4944889921462163,1988.1866840005387,6117.7631091918565
1783289438,25,,Aggregated,10.900000,0.000000,9,14,16,20,48,62,87,130,2000,2000,2000,3254,0,9,30.842830760660945,3.4944889921462163,1988.1866840005387,6119.019053472649
1783289439,25,,Aggregated,11.200000,0.000000,9,14,16,20,48,61,87,130,2000,2000,2000,3262,0,9,30.798592604589686,3.4944889921462163,1988.1866840005387,6119.786633966892
1783289440,25,,Aggregated,11.200000,0.000000,9,14,16,20,48,61,87,130,2000,2000,2000,3274,0,9,30.71749649577937,3.4944889921462163,1988.1866840005387,6121.543066585217
1783289441,25,,Aggregated,11.200000,0.000000,9,14,16,20,48,61,87,130,2000,2000,2000,3285,0,9,30.672555217091308,3.4944889921462163,1988.1866840005387,6127.51598173516
1783289442,25,,Aggregated,11.000000,0.000000,9,14,16,20,48,61,87,130,2000,2000,2000,3295,0,9,30.65093292113484,3.4944889921462163,1988.1866840005387,6132.742336874052
1783289443,25,,Aggregated,11.100000,0.000000,9,14,16,20,48,61,87,120,2000,2000,2000,3309,0,9,30.568211216723313,3.4944889921462163,1988.1866840005387,6136.368087035358
1783289444,25,,Aggregated,10.800000,0.000000,9,14,16,20,48,61,87,120,2000,2000,2000,3319,0,9,30.519242858130536,3.4944889921462163,1988.1866840005387,6132.71919252787
1783289445,25,,Aggregated,11.300000,0.000000,9,14,16,20,47,61,87,120,2000,2000,2000,3331,0,9,30.476321888670196,3.4944889921462163,1988.1866840005387,6150.9204443110175
1783289446,25,,Aggregated,11.200000,0.000000,9,14,16,20,47,61,87,120,2000,2000,2000,3344,0,9,30.41244799077978,3.4944889921462163,1988.1866840005387,6143.816387559808
1783289447,25,,Aggregated,11.300000,0.000000,9,14,16,20,47,61,87,120,2000,2000,2000,3354,0,9,30.349465458312224,3.4944889921462163,1988.1866840005387,6145.834824090638
1783289448,25,,Aggregated,11.000000,0.000000,9,14,16,20,47,61,87,120,2000,2000,2000,3367,0,9,30.293453615135803,3.4944889921462163,1988.1866840005387,6145.416691416692
1783289449,25,,Aggregated,11.500000,0.000000,9,14,16,20,47,61,87,120,2000,2000,2000,3378,0,9,30.230499494121858,3.4944889921462163,1988.1866840005387,6157.262581409118
1783289450,25,,Aggregated,11.100000,0.000000,9,14,16,20,47,60,87,120,2000,2000,2000,3388,0,9,30.17072665795359,3.4944889921462163,1988.1866840005387,6172.355076741441
1783289451,25,,Aggregated,11.600000,0.000000,9,14,16,20,47,60,87,120,2000,2000,2000,3402,0,9,30.129960888051677,3.4944889921462163,1988.1866840005387,6168.818636096414
1783289452,25,,Aggregated,11.500000,0.000000,9,14,16,20,47,60,87,120,2000,2000,2000,3413,0,9,30.06785483889033,3.4944889921462163,1988.1866840005387,6168.795487840609
1783289453,25,,Aggregated,11.600000,0.000000,9,14,16,20,47,60,87,120,2000,2000,2000,3426,0,9,30.043724985447383,3.4944889921462163,1988.1866840005387,6153.9559252772915
1783289454,25,,Aggregated,11.500000,0.000000,9,14,16,20,47,60,87,120,2000,2000,2000,3434,0,9,30.009232476750217,3.4944889921462163,1988.1866840005387,6159.044845661037
1783289455,25,,Aggregated,11.300000,0.000000,9,14,16,20,47,60,87,120,2000,2000,2000,3446,0,9,29.95794169796394,3.4944889921462163,1988.1866840005387,6146.905977945444
1783289456,25,,Aggregated,11.300000,0.000000,9,14,16,20,47,60,87,120,2000,2000,2000,3453,0,9,29.914280870891634,3.4944889921462163,1988.1866840005387,6146.59281783956
1783289457,25,,Aggregated,11.200000,0.000000,9,14,16,20,47,60,87,120,2000,2000,2000,3463,0,9,29.85772238064544,3.4944889921462163,1988.1866840005387,6140.07248050823
1783289458,25,,Aggregated,11.500000,0.000000,9,14,16,20,47,60,87,120,2000,2000,2000,3476,0,9,29.81780637719933,3.4944889921462163,1988.1866840005387,6138.473532796317
1783289459,25,,Aggregated,10.800000,0.000000,9,14,16,20,47,60,87,120,2000,2000,2000,3486,0,9,29.7750443637761,3.4944889921462163,1988.1866840005387,6130.969305794607
1783289460,25,,Aggregated,11.400000,0.000000,9,14,16,20,47,60,87,120,2000,2000,2000,3497,0,9,29.72500838436386,3.4944889921462163,1988.1866840005387,6139.406062339148
1783289461,25,,Aggregated,10.800000,0.000000,9,14,16,20,47,60,87,120,2000,2000,2000,3508,0,9,29.660642800788676,3.4944889921462163,1988.1866840005387,6134.40393386545
1783289462,25,,Aggregated,10.700000,0.000000,9,14,16,20,47,60,87,120,2000,2000,2000,3516,0,9,29.63088193547731,3.4944889921462163,1988.1866840005387,6124.583333333333
1783289463,25,,Aggregated,10.300000,0.000000,9,14,16,20,47,60,87,120,2000,2000,2000,3528,0,9,29.566788486155513,3.4944889921462163,1988.1866840005387,6130.545068027211
1783289464,25,,Aggregated,9.900000,0.000000,9,14,16,20,47,60,87,120,2000,2000,2000,3538,0,9,29.531769832717963,3.4944889921462163,1988.1866840005387,6130.12040700961
1783289465,25,,Aggregated,10.600000,0.000000,9,14,16,20,47,60,87,120,2000,2000,2000,3550,0,9,29.47396585412822,3.4944889921462163,1988.1866840005387,6124.024225352113
1783289466,25,,Aggregated,10.300000,0.000000,9,14,16,20,47,60,86,120,2000,2000,2000,3559,0,9,29.447483712041784,3.4944889921462163,1988.1866840005387,6131.55212138241
1783289467,25,,Aggregated,10.500000,0.000000,9,14,16,20,47,60,86,120,2000,2000,2000,3573,0,9,29.371407489828,3.4944889921462163,1988.1866840005387,6133.644556395187
1783289468,25,,Aggregated,10.500000,0.000000,9,14,16,20,47,60,86,120,2000,2000,2000,3582,0,9,29.343785381110262,3.4944889921462163,1988.1866840005387,6136.643495254048
1783289469,25,,Aggregated,11.200000,0.000000,9,14,16,20,47,60,86,120,2000,2000,2000,3596,0,9,29.295634097641827,3.4944889921462163,1988.1866840005387,6118.078142380423
1783289470,25,,Aggregated,10.400000,0.000000,9,14,16,20,47,59,86,120,2000,2000,2000,3607,0,9,29.228986073215307,3.4944889921462163,1988.1866840005387,6109.517881896313
1783289471,25,,Aggregated,10.700000,0.000000,9,14,16,20,47,60,86,120,2000,2000,2000,3620,0,9,29.193374582620027,3.4944889921462163,1988.1866840005387,6106.794198895028
1783289472,25,,Aggregated,10.900000,0.000000,9,14,16,20,47,60,86,120,2000,2000,2000,3629,0,9,29.180757863071968,3.4944889921462163,1988.1866840005387,6108.295949297327
1783289473,25,,Aggregated,11.400000,0.000000,9,14,16,20,47,60,86,120,2000,2000,2000,3642,0,9,29.120467340501012,3.4944889921462163,1988.1866840005387,6124.066996155958
1783289474,25,,Aggregated,11.700000,0.000000,9,14,16,20,47,60,86,120,2000,2000,2000,3650,0,9,29.10433513865876,3.4944889921462163,1988.1866840005387,6114.463561643835
1783289475,25,,Aggregated,11.000000,0.000000,9,14,16,20,47,59,85,120,2000,2000,2000,3664,0,9,29.053995928253805,3.4944889921462163,1988.1866840005387,6105.930676855895
1783289476,25,,Aggregated,11.300000,0.000000,9,14,16,20,47,59,85,120,2000,2000,2000,3674,0,9,29.007295394699813,3.4944889921462163,1988.1866840005387,6102.071039738705
1783289477,25,,Aggregated,11.300000,0.000000,9,14,16,20,47,59,85,120,2000,2000,2000,3685,0,9,28.956403356617926,3.4944889921462163,1988.1866840005387,6111.322659430122
1783289478,25,,Aggregated,11.200000,0.000000,9,14,16,20,47,59,85,120,2000,2000,2000,3699,0,9,28.884101241192564,3.4944889921462163,1988.1866840005387,6104.256285482563
1783289479,25,,Aggregated,10.900000,0.000000,9,14,16,20,46,59,85,110,2000,2000,2000,3710,0,9,28.828925896806872,3.4944889921462163,1988.1866840005387,6098.612668463612
1783289480,25,,Aggregated,11.700000,0.000000,9,14,16,20,46,59,85,110,2000,2000,2000,3721,0,9,28.78308701455485,3.4944889921462163,1988.1866840005387,6105.074711099167
1783289481,25,,Aggregated,11.700000,0.000000,9,14,16,20,46,59,85,110,2000,2000,2000,3729,0,9,28.74583707593899,3.4944889921462163,1988.1866840005387,6115.383748994368
1783289482,25,,Aggregated,11.300000,0.000000,9,14,16,20,46,59,85,110,2000,2000,2000,3740,0,9,28.71176371501306,3.4944889921462163,1988.1866840005387,6108.514438502674
1783289483,25,,Aggregated,10.900000,0.000000,9,14,16,20,46,59,85,110,2000,2000,2000,3749,0,9,28.66907173649811,3.4944889921462163,1988.1866840005387,6101.70818885036
1783289484,25,,Aggregated,11.300000,0.000000,9,14,16,20,46,59,85,110,2000,2000,2000,3763,0,9,28.647884511064746,3.4944889921462163,1988.1866840005387,6089.928780228541
1783289485,25,,Aggregated,11.100000,0.000000,9,14,16,20,46,59,85,110,2000,2000,2000,3775,0,9,28.61705798599468,3.4944889921462163,1988.1866840005387,6095.282119205298
1783289486,25,,Aggregated,11.300000,0.000000,9,14,16,20,46,59,85,110,2000,2000,2000,3790,0,9,28.555243229067308,3.4944889921462163,1988.1866840005387,6092.443007915567
1783289487,25,,Aggregated,11.000000,0.000000,9,14,16,20,46,59,85,110,2000,2000,2000,3799,0,9,28.517776211408606,3.4944889921462163,1988.1866840005387,6098.691497762569
1783289488,25,,Aggregated,11.300000,0.000000,9,14,16,20,46,59,85,110,2000,2000,2000,3811,0,9,28.469127779361592,3.4944889921462163,1988.1866840005387,6091.311729204933
1783289489,25,,Aggregated,11.500000,0.000000,9,14,16,20,46,59,85,110,2000,2000,2000,3821,0,9,28.413734427672814,3.4944889921462163,1988.1866840005387,6085.315100758964
1783289490,25,,Aggregated,10.900000,0.000000,9,14,16,20,46,59,85,110,2000,2000,2000,3832,0,9,28.361932658698073,3.4944889921462163,1988.1866840005387,6078.138830897704
1783289491,25,,Aggregated,11.000000,0.000000,9,14,16,20,46,59,85,110,2000,2000,2000,3844,0,9,28.323033140782005,3.4944889921462163,1988.1866840005387,6092.337408949012
1783289492,25,,Aggregated,11.400000,0.000000,9,14,16,20,46,59,84,110,2000,2000,2000,3856,0,9,28.27375425600712,3.4944889921462163,1988.1866840005387,6089.394709543569
1783289493,25,,Aggregated,11.000000,0.000000,9,14,16,20,46,58,84,110,2000,2000,2000,3866,0,9,28.24035381975267,3.4944889921462163,1988.1866840005387,6091.25038799793
1783289494,25,,Aggregated,11.400000,0.000000,9,14,16,20,46,58,84,110,2000,2000,2000,3880,0,9,28.17571605029519,3.4944889921462163,1988.1866840005387,6090.592783505154
1783289495,25,,Aggregated,11.400000,0.000000,9,14,16,20,46,58,84,110,2000,2000,2000,3886,0,9,28.145900937770733,3.4944889921462163,1988.1866840005387,6094.290015440041
1783289496,25,,Aggregated,11.300000,0.000000,9,14,16,20,46,58,84,110,2000,2000,2000,3906,0,9,28.06145256198618,3.4875409910455346,1988.1866840005387,6090.9155145929335
1783289497,25,,Aggregated,11.400000,0.000000,9,14,16,20,46,58,84,110,2000,2000,2000,3913,0,9,28.02277558040103,3.4875409910455346,1988.1866840005387,6086.049322770253
1783289498,25,,Aggregated,11.600000,0.000000,9,14,16,20,46,58,84,110,2000,2000,2000,3929,0,9,27.976622244363575,3.4875409910455346,1988.1866840005387,6088.629422244846
1783289499,25,,Aggregated,11.400000,0.000000,9,14,16,19,46,58,84,110,2000,2000,2000,3939,0,9,27.92465198123429,3.4875409910455346,1988.1866840005387,6094.602944909876
1783289500,25,,Aggregated,11.500000,0.000000,9,14,16,19,46,58,84,110,2000,2000,2000,3951,0,9,27.867677279958283,3.4875409910455346,1988.1866840005387,6106.254872184257
1783289501,25,,Aggregated,11.700000,0.000000,9,14,16,19,46,58,84,110,2000,2000,2000,3963,0,9,27.80966803662197,3.4875409910455346,1988.1866840005387,6113.751198586929
1783289502,25,,Aggregated,11.600000,0.000000,9,14,16,19,46,58,84,110,2000,2000,2000,3972,0,9,27.764322491970884,3.4875409910455346,1988.1866840005387,6114.861278952669
1783289504,25,,Aggregated,11.500000,0.000000,9,14,16,20,46,58,85,110,2000,2000,2000,3994,0,9,27.833524057116094,3.4875409910455346,1988.1866840005387,6108.847020530796
1783289505,25,,Aggregated,11.100000,0.000000,9,14,16,20,46,58,85,110,2000,2000,2000,4006,0,9,27.85265448654484,3.4875409910455346,1988.1866840005387,6103.841487768347
1783289506,25,,Aggregated,12.000000,0.000000,9,14,16,20,46,58,85,110,2000,2000,2000,4018,0,9,27.793115042580713,3.4875409910455346,1988.1866840005387,6102.159532105525
1783289507,25,,Aggregated,11.700000,0.000000,9,14,16,20,46,58,85,110,2000,2000,2000,4029,0,9,27.772855345771116,3.4875409910455346,1988.1866840005387,6107.529659965252
1783289508,25,,Aggregated,11.500000,0.000000,9,14,16,20,46,58,85,110,2000,2000,2000,4044,0,9,27.73377357150121,3.4875409910455346,1988.1866840005387,6095.48565776459
1783289509,25,,Aggregated,11.800000,0.000000,9,14,16,20,46,58,85,110,2000,2000,2000,4056,0,9,27.690005145995393,3.4875409910455346,1988.1866840005387,6106.25567061144
1783289510,25,,Aggregated,11.500000,0.000000,9,14,16,20,46,58,85,110,2000,2000,2000,4066,0,9,27.672469533731917,3.4875409910455346,1988.1866840005387,6104.4626168224295
1783289511,25,,Aggregated,11.700000,0.000000,9,14,16,20,46,58,85,110,2000,2000,2000,4078,0,9,27.618704540253646,3.4875409910455346,1988.1866840005387,6101.28298185385
1783289512,25,,Aggregated,11.600000,0.000000,9,14,16,20,46,58,85,110,2000,2000,2000,4091,0,9,27.566640054543218,3.4875409910455346,1988.1866840005387,6097.534832559277
1783289513,25,,Aggregated,11.800000,0.000000,9,14,16,20,46,58,85,110,2000,2000,2000,4099,0,9,27.540518488444505,3.4875409910455346,1988.1866840005387,6102.085874603562
1783289514,25,,Aggregated,11.700000,0.000000,9,14,16,20,46,58,84,110,2000,2000,2000,4115,0,9,27.480891622388782,3.4875409910455346,1988.1866840005387,6115.091616038882
1783289515,25,,Aggregated,12.400000,0.000000,9,14,16,19,46,58,84,110,2000,2000,2000,4128,0,9,27.429010810112597,3.4875409910455346,1988.1866840005387,6113.745397286822
1783289516,25,,Aggregated,11.400000,0.000000,9,14,16,19,46,58,85,110,2000,2000,2000,4140,0,9,27.405673892061216,3.4875409910455346,1988.1866840005387,6120.271014492753
1783289517,25,,Aggregated,11.900000,0.000000,8,14,16,19,46,58,84,110,2000,2000,2000,4152,0,8,27.348773327823984,3.4875409910455346,1988.1866840005387,6118.718208092486
1783289518,25,,Aggregated,12.000000,0.000000,8,14,16,19,46,58,84,110,2000,2000,2000,4164,0,8,27.31196066622149,3.4875409910455346,1988.1866840005387,6106.972142170989
1783289519,25,,Aggregated,12.100000,0.000000,8,14,16,19,46,58,84,110,2000,2000,2000,4177,0,8,27.2512749480835,3.4875409910455346,1988.1866840005387,6114.432607134307
1783289520,25,,Aggregated,12.300000,0.000000,8,14,16,19,46,57,84,110,2000,2000,2000,4187,0,8,27.229502696712647,3.4875409910455346,1988.1866840005387,6117.311917840936
1783289521,25,,Aggregated,12.100000,0.000000,8,14,16,19,46,57,84,110,2000,2000,2000,4204,0,8,27.185848839468445,3.4875409910455346,1988.1866840005387,6105.889153187441
1783289522,25,,Aggregated,12.500000,0.000000,8,14,16,19,46,57,84,110,2000,2000,2000,4207,0,8,27.173415426698543,3.4875409910455346,1988.1866840005387,6107.216543855479
1783289523,25,,Aggregated,12.400000,0.000000,8,14,16,19,46,57,84,110,2000,2000,2000,4225,0,8,27.1113379974264,3.4875409910455346,1988.1866840005387,6096.2265088757395
1783289524,25,,Aggregated,12.200000,0.000000,8,14,16,19,46,57,84,110,2000,2000,2000,4231,0,8,27.11130305533462,3.4875409910455346,1988.1866840005387,6097.6622547861025
1783289525,25,,Aggregated,12.100000,0.000000,8,14,16,19,46,57,84,110,2000,2000,2000,4243,0,8,27.079267255504273,3.4875409910455346,1988.1866840005387,6097.543483384397
1783289526,25,,Aggregated,12.400000,0.000000,8,14,16,19,46,57,84,110,2000,2000,2000,4257,0,8,27.05774254923151,3.4875409910455346,1988.1866840005387,6096.723514211886
1783289527,25,,Aggregated,11.800000,0.000000,8,14,16,19,46,57,84,110,2000,2000,2000,4265,0,8,27.03148587833059,3.4875409910455346,1988.1866840005387,6093.582649472451
1783289528,25,,Aggregated,12.000000,0.000000,8,14,16,19,46,57,84,110,2000,2000,2000,4278,0,8,26.993815967998017,3.4875409910455346,1988.1866840005387,6105.431743805517
1783289529,25,,Aggregated,11.300000,0.000000,8,14,16,19,46,57,84,110,2000,2000,2000,4290,0,8,26.96687225736436,3.4875409910455346,1988.1866840005387,6100.162703962704
1783289530,25,,Aggregated,11.500000,0.000000,8,14,16,19,46,57,84,110,2000,2000,2000,4300,0,8,26.95567803258052,3.4875409910455346,1988.1866840005387,6090.140232558139
1783289531,25,,Aggregated,11.400000,0.000000,8,14,16,19,46,57,83,110,2000,2000,2000,4313,0,8,26.898102443788215,3.4875409910455346,1988.1866840005387,6086.562021794574
1783289532,25,,Aggregated,11.300000,0.000000,8,14,16,19,46,57,83,110,2000,2000,2000,4325,0,8,26.864864083250577,3.4875409910455346,1988.1866840005387,6086.194450867052
1783289533,25,,Aggregated,10.700000,0.000000,8,14,16,19,46,57,83,110,2000,2000,2000,4330,0,8,26.84381378153995,3.4875409910455346,1988.1866840005387,6085.546651270208
1783289534,25,,Aggregated,11.300000,0.000000,8,14,16,19,46,57,83,110,2000,2000,2000,4347,0,8,26.78847460134916,3.4875409910455346,1988.1866840005387,6077.838279273062
1783289535,25,,Aggregated,11.200000,0.000000,8,14,16,19,46,57,82,110,2000,2000,2000,4359,0,8,26.76251143268217,3.4875409910455346,1988.1866840005387,6085.705666437257
1783289536,25,,Aggregated,11.100000,0.000000,8,14,16,19,46,57,82,110,2000,2000,2000,4369,0,8,26.732802964758758,3.4875409910455346,1988.1866840005387,6079.755321583886
1783289537,25,,Aggregated,11.600000,0.000000,8,14,16,19,46,57,82,110,2000,2000,2000,4382,0,8,26.70167114537207,3.4875409910455346,1988.1866840005387,6070.68644454587
1783289538,25,,Aggregated,11.200000,0.000000,8,14,16,19,46,57,82,110,2000,2000,2000,4392,0,8,26.676835301239535,3.4875409910455346,1988.1866840005387,6069.063752276867
1783289539,25,,Aggregated,11.500000,0.000000,8,14,16,19,46,57,82,110,2000,2000,2000,4404,0,8,26.623595238883556,3.4875409910455346,1988.1866840005387,6061.796548592189
1783289540,25,,Aggregated,11.500000,0.000000,8,14,16,19,46,57,82,110,2000,2000,2000,4417,0,8,26.602593510991674,3.4875409910455346,1988.1866840005387,6061.517545845597
1783289541,25,,Aggregated,11.200000,0.000000,8,14,16,19,46,57,82,110,2000,2000,2000,4431,0,8,26.55018128685322,3.4875409910455346,1988.1866840005387,6056.626269465132
1783289542,25,,Aggregated,11.400000,0.000000,8,14,16,19,46,57,82,110,2000,2000,2000,4439,0,8,26.532305376446452,3.4875409910455346,1988.1866840005387,6062.343996395584
1783289543,25,,Aggregated,11.500000,0.000000,8,14,16,19,46,57,82,110,2000,2000,2000,4453,0,8,26.530186155640344,3.4875409910455346,1988.1866840005387,6063.125533348304
1783289544,25,,Aggregated,11.600000,0.000000,8,14,16,19,46,57,82,110,2000,2000,2000,4461,0,8,26.50796749810945,3.4875409910455346,1988.1866840005387,6065.529926025555
1783289545,25,,Aggregated,11.400000,0.000000,8,14,16,19,46,57,82,110,2000,2000,2000,4476,0,8,26.47251389545522,3.4875409910455346,1988.1866840005387,6065.707327971403
1783289546,25,,Aggregated,11.400000,0.000000,8,14,16,19,46,56,82,110,2000,2000,2000,4488,0,8,26.43698176048838,3.4875409910455346,1988.1866840005387,6056.639928698753
1783289547,25,,Aggregated,11.000000,0.000000,8,14,16,19,46,57,82,110,2000,2000,2000,4499,0,8,26.429352030688445,3.4875409910455346,1988.1866840005387,6053.80573460769
1783289548,25,,Aggregated,11.400000,0.000000,8,14,16,19,46,57,82,110,2000,2000,2000,4510,0,8,26.388121083169192,3.4875409910455346,1988.1866840005387,6052.006208425721
1783289549,25,,Aggregated,11.200000,0.000000,8,14,16,19,46,57,82,110,2000,2000,2000,4521,0,8,26.37386781887112,3.4875409910455346,1988.1866840005387,6044.618668436186
1783289550,25,,Aggregated,11.500000,0.000000,8,14,16,19,46,57,82,110,2000,2000,2000,4534,0,8,26.335779882034377,3.4875409910455346,1988.1866840005387,6046.0145566828405
1783289551,25,,Aggregated,11.600000,0.000000,8,14,16,19,46,57,82,110,2000,2000,2000,4544,0,8,26.307932138677923,3.4875409910455346,1988.1866840005387,6045.193001760564
1783289552,25,,Aggregated,11.200000,0.000000,8,14,16,19,46,57,82,110,2000,2000,2000,4555,0,8,26.273681078186417,3.4875409910455346,1988.1866840005387,6049.728869374314
1783289553,25,,Aggregated,11.500000,0.000000,8,14,16,19,46,56,82,110,2000,2000,2000,4564,0,8,26.245848214978626,3.4875409910455346,1988.1866840005387,6054.338299737073
1783289554,25,,Aggregated,11.100000,0.000000,8,14,16,19,46,56,82,110,2000,2000,2000,4575,0,8,26.207599975773046,3.4875409910455346,1988.1866840005387,6058.651366120219
1783289555,25,,Aggregated,11.400000,0.000000,8,14,16,19,46,56,82,110,2000,2000,2000,4588,0,8,26.165700859228618,3.4875409910455346,1988.1866840005387,6050.256320836966
1783289556,25,,Aggregated,11.300000,0.000000,8,14,16,19,46,56,82,110,2000,2000,2000,4597,0,8,26.152351878647806,3.4875409910455346,1988.1866840005387,6045.88753534914
1783289557,25,,Aggregated,11.600000,0.000000,8,14,16,19,46,56,82,110,2000,2000,2000,4609,0,8,26.106444376678272,3.4875409910455346,1988.1866840005387,6049.807550444782
1783289558,25,,Aggregated,11.200000,0.000000,8,14,16,19,46,56,82,110,2000,2000,2000,4619,0,8,26.104865354005504,3.4875409910455346,1988.1866840005387,6045.849101537129
1783289559,25,,Aggregated,11.000000,0.000000,8,14,16,19,46,56,82,110,2000,2000,2000,4634,0,8,26.063772600154724,3.4875409910455346,1988.1866840005387,6036.530427276651
1783289560,25,,Aggregated,11.000000,0.000000,8,14,16,19,46,56,82,110,2000,2000,2000,4644,0,8,26.029171877065536,3.4875409910455346,1988.1866840005387,6047.053402239449
1783289561,25,,Aggregated,10.700000,0.000000,8,14,16,19,46,56,81,110,2000,2000,2000,4654,0,8,26.003720839082263,3.4875409910455346,1988.1866840005387,6044.54512247529
1783289562,25,,Aggregated,11.100000,0.000000,8,14,16,19,46,56,81,110,2000,2000,2000,4667,0,8,25.97783243497577,3.4875409910455346,1988.1866840005387,6043.314548960789
1783289563,25,,Aggregated,11.200000,0.000000,8,14,16,19,46,56,81,110,2000,2000,2000,4682,0,8,25.949642856273584,3.4875409910455346,1988.1866840005387,6036.732379325074
1783289564,25,,Aggregated,11.000000,0.000000,8,14,16,19,46,56,81,110,2000,2000,2000,4689,0,8,25.9364682243667,3.4875409910455346,1988.1866840005387,6031.930688846236
1783289565,25,,Aggregated,11.400000,0.000000,8,14,16,19,46,56,81,100,2000,2000,2000,4704,0,8,25.900172111199268,3.4875409910455346,1988.1866840005387,6024.970663265306
1783289566,25,,Aggregated,11.600000,0.000000,8,14,16,19,46,56,81,100,2000,2000,2000,4714,0,8,25.87989024567048,3.4875409910455346,1988.1866840005387,6021.759439966058
1783289567,25,,Aggregated,11.200000,0.000000,8,14,16,19,45,56,81,100,2000,2000,2000,4722,0,8,25.84770786448106,3.4875409910455346,1988.1866840005387,6021.491317238459
1783289568,25,,Aggregated,11.500000,0.000000,8,14,16,19,46,56,81,100,2000,2000,2000,4738,0,8,25.84970602364872,3.4875409910455346,1988.1866840005387,6022.973828619671
1783289569,25,,Aggregated,11.900000,0.000000,8,14,16,19,45,56,81,100,2000,2000,2000,4747,0,8,25.82855677291531,3.4875409910455346,1988.1866840005387,6018.500947967137
1783289570,25,,Aggregated,11.300000,0.000000,8,14,16,19,45,56,80,100,2000,2000,2000,4758,0,8,25.787453288580775,3.4875409910455346,1988.1866840005387,6016.2671290458175
1783289571,25,,Aggregated,11.800000,0.000000,8,14,16,19,45,56,80,100,2000,2000,2000,4773,0,8,25.75052141966273,3.4875409910455346,1988.1866840005387,6025.793421328305
1783289572,25,,Aggregated,11.300000,0.000000,8,14,16,19,45,56,80,100,2000,2000,2000,4784,0,8,25.71700951108464,3.4875409910455346,1988.1866840005387,6027.503344481605
1783289573,25,,Aggregated,11.400000,0.000000,8,14,16,19,45,56,80,100,2000,2000,2000,4792,0,8,25.70113394533401,3.4875409910455346,1988.1866840005387,6029.338272120201
1783289574,25,,Aggregated,11.800000,0.000000,8,14,16,19,45,56,80,100,2000,2000,2000,4805,0,8,25.668270127376193,3.4875409910455346,1988.1866840005387,6021.249531737773
1783289575,25,,Aggregated,11.600000,0.000000,8,14,16,19,45,56,80,100,2000,2000,2000,4820,0,8,25.62253205125588,3.4875409910455346,1988.1866840005387,6023.880705394191
1783289576,25,,Aggregated,11.000000,0.000000,8,14,16,19,45,56,80,100,2000,2000,2000,4825,0,8,25.6218630534873,3.4875409910455346,1988.1866840005387,6022.912124352331
1783289577,25,,Aggregated,11.400000,0.000000,8,14,16,19,45,56,80,100,2000,2000,2000,4843,0,8,25.579281598609104,3.4875409910455346,1988.1866840005387,6022.47780301466
1783289578,25,,Aggregated,11.500000,0.000000,8,14,16,19,45,56,80,100,2000,2000,2000,4851,0,8,25.573003968683903,3.4875409910455346,1988.1866840005387,6030.182848897135
1783289579,25,,Aggregated,11.100000,0.000000,8,14,16,19,45,56,80,100,2000,2000,2000,4864,0,8,25.534211182580773,3.4875409910455346,1988.1866840005387,6028.920847039473
1783289580,25,,Aggregated,11.800000,0.000000,8,14,16,19,45,56,80,100,2000,2000,2000,4872,0,8,25.505039887740544,3.4875409910455346,1988.1866840005387,6027.553776683087
1783289581,25,,Aggregated,11.500000,0.000000,8,14,16,19,45,56,80,100,2000,2000,2000,4890,0,8,25.462182192450292,3.4875409910455346,1988.1866840005387,6023.833537832311
1783289582,25,,Aggregated,11.700000,0.000000,8,14,16,19,45,56,80,100,2000,2000,2000,4898,0,8,25.43364696837317,3.4875409910455346,1988.1866840005387,6023.8915884034295
1783289583,25,,Aggregated,11.200000,0.000000,8,14,16,19,45,56,80,100,2000,2000,2000,4907,0,8,25.39989124783114,3.4875409910455346,1988.1866840005387,6023.982066435704
1783289584,25,,Aggregated,11.700000,0.000000,8,14,16,19,45,56,80,100,2000,2000,2000,4923,0,8,25.356686247036727,3.4875409910455346,1988.1866840005387,6025.135080235628
1783289585,25,,Aggregated,11.200000,0.000000,8,14,16,19,45,56,80,100,2000,2000,2000,4931,0,8,25.341691712054192,3.4875409910455346,1988.1866840005387,6027.022916244169
1783289586,25,,Aggregated,11.800000,0.000000,8,14,16,19,45,56,80,100,2000,2000,2000,4946,0,8,25.32939554693387,3.4875409910455346,1988.1866840005387,6019.014152850788
1783289587,25,,Aggregated,11.800000,0.000000,8,14,16,19,45,56,80,100,2000,2000,2000,4957,0,8,25.331630748263795,3.4875409910455346,1988.1866840005387,6015.332459148679
1783289589,25,,Aggregated,11.900000,0.000000,8,14,16,19,45,56,80,100,2000,2000,2000,4977,0,8,25.324073823019454,3.4875409910455346,1988.1866840005387,6018.662246333132
1783289590,25,,Aggregated,11.300000,0.000000,8,14,16,19,45,56,80,100,2000,2000,2000,4988,0,8,25.2916161756578,3.4875409910455346,1988.1866840005387,6019.631716118685
1783289591,25,,Aggregated,11.300000,0.000000,8,14,16,19,45,56,80,100,2000,2000,2000,5000,0,8,25.252947458432754,3.4875409910455346,1988.1866840005387,6020.3074
1783289592,25,,Aggregated,11.400000,0.000000,8,14,16,19,45,56,80,100,2000,2000,2000,5010,0,8,25.226683799033225,3.4875409910455346,1988.1866840005387,6021.6281437125745
1783289593,25,,Aggregated,12.100000,0.000000,8,14,16,19,45,56,80,100,2000,2000,2000,5024,0,8,25.19797712184705,3.4875409910455346,1988.1866840005387,6020.408837579618
1783289594,25,,Aggregated,11.400000,0.000000,8,14,16,19,45,56,80,100,2000,2000,2000,5034,0,8,25.169619005398573,3.4875409910455346,1988.1866840005387,6026.243345252285
1783289595,25,,Aggregated,11.300000,0.000000,8,14,16,19,45,56,80,100,2000,2000,2000,5046,0,8,25.148859814738135,3.4875409910455346,1988.1866840005387,6015.0120887831945
1783289596,25,,Aggregated,11.900000,0.000000,8,14,16,19,45,56,80,100,2000,2000,2000,5055,0,8,25.128193397267122,3.4875409910455346,1988.1866840005387,6014.484075173096
1783289597,25,,Aggregated,11.400000,0.000000,8,14,16,19,45,56,80,100,2000,2000,2000,5062,0,8,25.103179493515448,3.4875409910455346,1988.1866840005387,6013.242591860924
1783289598,25,,Aggregated,11.500000,0.000000,8,14,16,19,45,56,80,100,2000,2000,2000,5078,0,8,25.07024602938328,3.4875409910455346,1988.1866840005387,6014.728830248129
1783289599,25,,Aggregated,11.200000,0.000000,8,14,16,19,45,56,80,100,2000,2000,2000,5087,0,8,25.063450782231094,3.4875409910455346,1988.1866840005387,6014.135246707293
1783289600,25,,Aggregated,11.000000,0.000000,8,14,16,19,45,56,80,100,2000,2000,2000,5098,0,8,25.035143646373303,3.4875409910455346,1988.1866840005387,6026.886033738721
1783289601,25,,Aggregated,11.600000,0.000000,8,14,16,19,45,56,80,100,2000,2000,2000,5111,0,8,25.001439460995293,3.4875409910455346,1988.1866840005387,6020.142242222657
1783289602,25,,Aggregated,11.200000,0.000000,8,14,16,18,45,56,80,100,2000,2000,2000,5121,0,8,24.97926497444981,3.4875409910455346,1988.1866840005387,6029.916422573716
1783289603,25,,Aggregated,10.900000,0.000000,8,14,16,18,45,56,80,100,2000,2000,2000,5132,0,8,24.953593212617736,3.4875409910455346,1988.1866840005387,6027.390296180826
1783289604,25,,Aggregated,10.900000,0.000000,8,14,16,19,45,56,80,100,2000,2000,2000,5145,0,8,24.925998541331566,3.4875409910455346,1988.1866840005387,6025.208357628766
1783289605,25,,Aggregated,11.300000,0.000000,8,14,16,18,45,56,80,100,2000,2000,2000,5156,0,8,24.91185772112988,3.4875409910455346,1988.1866840005387,6023.761830876649
1783289606,25,,Aggregated,10.600000,0.000000,8,14,16,18,45,56,80,100,2000,2000,2000,5169,0,8,24.893626764203503,3.4875409910455346,1988.1866840005387,6024.198104082027
1783289607,25,,Aggregated,11.100000,0.000000,8,14,16,18,45,56,80,100,2000,2000,2000,5182,0,8,24.86198059749431,3.4875409910455346,1988.1866840005387,6017.613083751447
1783289608,25,,Aggregated,10.900000,0.000000,8,14,16,18,45,56,80,100,2000,2000,2000,5191,0,8,24.850098618610076,3.4875409910455346,1988.1866840005387,6013.551146214602
1783289609,25,,Aggregated,11.600000,0.000000,8,14,16,19,45,56,80,100,2000,2000,2000,5204,0,8,24.83065002328809,3.4875409910455346,1988.1866840005387,6009.183128362798
1783289610,25,,Aggregated,11.700000,0.000000,8,14,16,18,45,56,80,100,2000,2000,2000,5213,0,8,24.80283960372127,3.4875409910455346,1988.1866840005387,6011.579320928448
1783289611,25,,Aggregated,11.200000,0.000000,8,14,16,18,45,56,80,100,2000,2000,2000,5227,0,8,24.779869462825342,3.4875409910455346,1988.1866840005387,6009.562272814233
1783289612,25,,Aggregated,11.600000,0.000000,8,14,16,18,45,56,80,100,2000,2000,2000,5236,0,8,24.762219519517508,3.4875409910455346,1988.1866840005387,6009.823529411765
1783289613,25,,Aggregated,11.600000,0.000000,8,13,16,18,45,55,80,100,2000,2000,2000,5248,0,8,24.724776890851476,3.4875409910455346,1988.1866840005387,6010.0297256097565
1783289614,25,,Aggregated,11.500000,0.000000,8,14,16,18,45,55,79,100,2000,2000,2000,5262,0,8,24.704037999661562,3.4875409910455346,1988.1866840005387,6019.6189661725575
1783289615,25,,Aggregated,11.600000,0.000000,8,14,16,18,45,55,79,100,2000,2000,2000,5276,0,8,24.680662777334554,3.4875409910455346,1988.1866840005387,6019.696739954511
1783289616,25,,Aggregated,11.400000,0.000000,8,14,16,18,45,55,79,100,2000,2000,2000,5285,0,8,24.66311867610922,3.4875409910455346,1988.1866840005387,6020.6874172185435
1783289617,25,,Aggregated,11.700000,0.000000,8,14,16,18,45,55,79,100,2000,2000,2000,5299,0,8,24.62360274772657,3.4875409910455346,1988.1866840005387,6031.488582751463
1783289618,25,,Aggregated,11.900000,0.000000,8,13,16,18,45,55,79,100,2000,2000,2000,5312,0,8,24.578356739311857,3.4875409910455346,1988.1866840005387,6023.236634036145
1783289619,25,,Aggregated,11.300000,0.000000,8,13,16,18,45,55,79,100,2000,2000,2000,5322,0,8,24.558128310636825,3.4875409910455346,1988.1866840005387,6019.126644118753
1783289620,25,,Aggregated,11.700000,0.000000,8,13,16,18,45,55,79,100,2000,2000,2000,5334,0,8,24.526975647025427,3.4875409910455346,1988.1866840005387,6023.4085114360705
1783289621,25,,Aggregated,12.000000,0.000000,8,13,16,18,45,55,79,100,2000,2000,2000,5344,0,8,24.508225377662903,3.4875409910455346,1988.1866840005387,6028.023203592815
1783289622,25,,Aggregated,11.800000,0.000000,8,13,16,18,45,55,79,100,2000,2000,2000,5354,0,8,24.475967981177778,3.4875409910455346,1988.1866840005387,6025.721329846843
1783289623,25,,Aggregated,12.000000,0.000000,8,13,16,18,45,55,79,100,2000,2000,2000,5367,0,8,24.452728153012945,3.4875409910455346,1988.1866840005387,6016.944289174586
1783289624,25,,Aggregated,11.600000,0.000000,8,13,16,18,45,55,79,100,2000,2000,2000,5383,0,8,24.435276246182138,3.4875409910455346,1988.1866840005387,6025.487088983838
1783289625,25,,Aggregated,11.500000,0.000000,8,13,16,18,45,55,79,100,2000,2000,2000,5391,0,8,24.408069695638662,3.4875409910455346,1988.1866840005387,6021.686885549991
1783289626,25,,Aggregated,11.900000,0.000000,8,13,16,18,45,55,79,100,2000,2000,2000,5400,0,8,24.385293845959865,3.4875409910455346,1988.1866840005387,6032.820925925926
1783289627,25,,Aggregated,11.900000,0.000000,8,13,16,18,45,55,78,99,2000,2000,2000,5415,0,8,24.389464552383114,3.4875409910455346,1988.1866840005387,6028.402031394276
1783289628,25,,Aggregated,11.400000,0.000000,8,13,16,18,45,55,78,99,2000,2000,2000,5420,0,8,24.375830608702735,3.4875409910455346,1988.1866840005387,6031.885055350554
1783289629,25,,Aggregated,11.400000,0.000000,8,13,16,18,45,55,78,99,2000,2000,2000,5435,0,8,24.342883641245965,3.4875409910455346,1988.1866840005387,6031.4656853725855
1783289630,25,,Aggregated,11.600000,0.000000,8,13,16,18,45,55,78,99,2000,2000,2000,5449,0,8,24.33540100296939,3.4875409910455346,1988.1866840005387,6037.957973940172
1783289631,25,,Aggregated,10.800000,0.000000,8,13,16,18,45,55,78,99,2000,2000,2000,5462,0,8,24.29740702127151,3.4875409910455346,1988.1866840005387,6040.481691688026
1783289632,25,,Aggregated,11.200000,0.000000,8,13,16,18,45,55,78,99,2000,2000,2000,5472,0,8,24.274746427670845,3.0809590098215267,1988.1866840005387,6039.194992690059
1783289633,25,,Aggregated,11.000000,0.000000,8,13,16,18,45,55,78,99,2000,2000,2000,5483,0,8,24.251445100716882,3.0809590098215267,1988.1866840005387,6051.1216487324455
1783289634,25,,Aggregated,11.800000,0.000000,8,13,16,18,45,55,78,99,2000,2000,2000,5499,0,8,24.21930292257391,3.0809590098215267,1988.1866840005387,6044.277323149664
1783289635,25,,Aggregated,12.000000,0.000000,8,13,16,18,45,55,78,99,2000,2000,2000,5506,0,8,24.19826101293602,3.0809590098215267,1988.1866840005387,6042.891936069742
1783289636,25,,Aggregated,11.600000,0.000000,8,13,16,18,45,55,78,99,2000,2000,2000,5519,0,8,24.207143221461678,3.0809590098215267,1988.1866840005387,6043.0438485232835
1783289637,25,,Aggregated,11.400000,0.000000,8,13,16,18,45,55,78,99,2000,2000,2000,5529,0,8,24.201367666537777,3.0809590098215267,1988.1866840005387,6037.279616567192
1783289638,25,,Aggregated,11.500000,0.000000,8,13,16,18,45,55,78,99,2000,2000,2000,5539,0,8,24.178031699638503,3.0809590098215267,1988.1866840005387,6035.91496660047
1783289639,25,,Aggregated,11.900000,0.000000,8,13,16,18,45,55,78,99,2000,2000,2000,5552,0,8,24.148425095153854,3.0809590098215267,1988.1866840005387,6033.646613832853
1783289640,25,,Aggregated,11.500000,0.000000,8,13,16,18,45,55,78,99,2000,2000,2000,5562,0,8,24.140127335723264,3.0809590098215267,1988.1866840005387,6031.900395541173
1783289641,25,,Aggregated,11.800000,0.000000,8,13,16,18,45,55,78,99,2000,2000,2000,5570,0,8,24.130563297542754,3.0809590098215267,1988.1866840005387,6028.226570915619
1783289642,25,,Aggregated,11.700000,0.000000,8,13,16,18,45,55,78,99,2000,2000,2000,5585,0,8,24.089964500325856,3.0809590098215267,1988.1866840005387,6027.8852282900625
1783289643,25,,Aggregated,11.400000,0.000000,8,13,16,18,45,55,78,99,2000,2000,2000,5593,0,8,24.094071972529342,3.0809590098215267,1988.1866840005387,6030.506347219739
1783289644,25,,Aggregated,10.800000,0.000000,8,13,16,18,45,55,78,99,2000,2000,2000,5606,0,8,24.063724359675955,3.0809590098215267,1988.1866840005387,6032.772208348199
1783289645,25,,Aggregated,11.000000,0.000000,8,13,16,18,45,55,78,99,2000,2000,2000,5621,0,8,24.043431300539638,3.0809590098215267,1988.1866840005387,6029.324141611813
1783289646,25,,Aggregated,11.000000,0.000000,8,13,16,18,45,55,78,99,2000,2000,2000,5632,0,8,24.016141764080473,3.0809590098215267,1988.1866840005387,6026.626775568182
1783289647,25,,Aggregated,10.800000,0.000000,8,13,16,18,45,55,78,99,2000,2000,2000,5639,0,8,24.007283454210995,3.0809590098215267,1988.1866840005387,6024.7614825323635
1783289648,25,,Aggregated,11.500000,0.000000,8,13,16,18,44,55,78,99,2000,2000,2000,5651,0,8,23.98429634193895,3.0809590098215267,1988.1866840005387,6023.539196602372
1783289649,25,,Aggregated,11.200000,0.000000,8,13,16,18,44,55,78,99,2000,2000,2000,5663,0,8,23.962741174691075,3.0809590098215267,1988.1866840005387,6028.072576372947
1783289650,25,,Aggregated,10.900000,0.000000,8,13,16,18,45,55,78,99,2000,2000,2000,5676,0,8,23.951305834610082,3.0809590098215267,1988.1866840005387,6023.752290345314
1783289651,25,,Aggregated,11.000000,0.000000,8,13,16,18,45,55,78,99,2000,2000,2000,5686,0,8,23.9505392052837,3.0809590098215267,1988.1866840005387,6023.56718255364
1783289652,25,,Aggregated,11.000000,0.000000,8,13,16,18,45,55,78,99,2000,2000,2000,5700,0,8,23.933823191795167,3.0809590098215267,1988.1866840005387,6020.851578947369
1783289653,25,,Aggregated,11.300000,0.000000,8,13,16,18,45,55,78,98,2000,2000,2000,5715,0,8,23.892677852880166,3.0809590098215267,1988.1866840005387,6020.01154855643
1783289655,25,,Aggregated,11.500000,0.000000,8,13,16,18,45,55,78,98,2000,2000,2000,5729,0,8,23.869296066368058,3.0809590098215267,1988.1866840005387,6011.901029848141
1783289656,25,,Aggregated,12.000000,0.000000,8,13,16,18,45,55,78,98,2000,2000,2000,5741,0,8,23.870775825858576,3.0809590098215267,1988.1866840005387,6008.540498171051
1783289657,25,,Aggregated,11.500000,0.000000,8,13,16,18,45,55,78,98,2000,2000,2000,5751,0,8,23.843515849118784,3.0809590098215267,1988.1866840005387,6009.103634150582
1783289658,25,,Aggregated,11.300000,0.000000,8,13,16,18,45,55,78,98,2000,2000,2000,5762,0,8,23.85196646984932,3.0809590098215267,1988.1866840005387,6013.051544602568
1783289659,25,,Aggregated,11.500000,0.000000,8,13,16,18,45,55,78,98,2000,2000,2000,5777,0,8,23.82716134331106,3.0809590098215267,1988.1866840005387,6005.559806127748
1783289660,25,,Aggregated,11.500000,0.000000,8,13,16,18,45,55,78,98,2000,2000,2000,5786,0,8,23.80917639497254,3.0809590098215267,1988.1866840005387,6002.823021085378
1783289661,25,,Aggregated,11.400000,0.000000,8,13,16,18,45,55,78,98,2000,2000,2000,5801,0,8,23.784848806637864,3.0809590098215267,1988.1866840005387,5995.820203413205
1783289662,25,,Aggregated,11.700000,0.000000,8,13,16,18,45,55,78,98,2000,2000,2000,5812,0,8,23.77329304236789,3.0809590098215267,1988.1866840005387,5999.205609084653
1783289663,25,,Aggregated,11.500000,0.000000,8,13,16,18,45,55,78,98,2000,2000,2000,5827,0,8,23.738170815721052,3.0809590098215267,1988.1866840005387,5997.741033121675
1783289664,25,,Aggregated,11.700000,0.000000,8,13,16,18,45,55,78,98,2000,2000,2000,5838,0,8,23.71595083388681,3.0809590098215267,1988.1866840005387,5998.456834532374
1783289665,25,,Aggregated,11.600000,0.000000,8,13,16,18,44,55,78,98,2000,2000,2000,5850,0,8,23.68731006277719,3.0809590098215267,1988.1866840005387,6002.764102564102
1783289666,25,,Aggregated,11.600000,0.000000,8,13,16,18,44,54,78,98,2000,2000,2000,5861,0,8,23.66965275997841,3.0809590098215267,1988.1866840005387,5997.75550247398
1783289667,25,,Aggregated,11.900000,0.000000,8,13,16,18,44,55,78,98,2000,2000,2000,5871,0,8,23.659820105306395,3.0809590098215267,1988.1866840005387,5993.386305569749
1783289668,25,,Aggregated,11.900000,0.000000,8,13,16,18,44,54,78,98,2000,2000,2000,5882,0,8,23.635973532517937,3.0809590098215267,1988.1866840005387,5989.229343760626
1783289669,25,,Aggregated,11.600000,0.000000,8,13,16,18,44,54,78,98,2000,2000,2000,5892,0,8,23.608990670275563,3.0809590098215267,1988.1866840005387,5986.717413441956
1783289670,25,,Aggregated,11.700000,0.000000,8,13,16,18,44,54,77,97,2000,2000,2000,5906,0,8,23.587392277896676,3.0809590098215267,1988.1866840005387,5986.081103962072
1783289671,25,,Aggregated,11.900000,0.000000,8,13,16,18,44,54,77,97,2000,2000,2000,5915,0,8,23.56684615912846,3.0809590098215267,1988.1866840005387,5990.307523245985
1783289672,25,,Aggregated,11.600000,0.000000,8,13,16,18,44,55,77,97,2000,2000,2000,5929,0,8,23.553882396230097,3.0809590098215267,1988.1866840005387,5987.406813965255
1783289673,25,,Aggregated,11.700000,0.000000,8,13,16,18,44,55,77,97,2000,2000,2000,5943,0,8,23.542829977656712,3.0809590098215267,1988.1866840005387,5986.609119973077
1783289674,25,,Aggregated,11.400000,0.000000,8,13,16,18,44,55,77,97,2000,2000,2000,5954,0,8,23.52907277598925,3.0809590098215267,1988.1866840005387,5983.013772253947
1783289675,25,,Aggregated,11.500000,0.000000,8,13,16,18,44,54,77,97,2000,2000,2000,5965,0,8,23.500842167352804,3.0809590098215267,1988.1866840005387,5982.121207041073
1783289676,25,,Aggregated,11.300000,0.000000,8,13,16,18,44,55,77,97,2000,2000,2000,5975,0,8,23.48737639803186,3.0809590098215267,1988.1866840005387,5980.329372384937
1783289677,25,,Aggregated,11.600000,0.000000,8,13,16,18,44,54,77,97,2000,2000,2000,5990,0,8,23.458931196196946,3.0809590098215267,1988.1866840005387,5985.893489148581
1783289678,25,,Aggregated,11.700000,0.000000,8,13,16,18,44,54,77,96,2000,2000,2000,6001,0,8,23.452987029531105,3.0809590098215267,1988.1866840005387,5987.892851191468
1783289679,25,,Aggregated,11.900000,0.000000,8,13,16,18,44,54,77,96,2000,2000,2000,6017,0,8,23.43035400286106,3.0809590098215267,1988.1866840005387,5983.034236330397
1783289680,25,,Aggregated,11.800000,0.000000,8,13,16,18,44,54,77,96,2000,2000,2000,6025,0,8,23.429552067587583,3.0809590098215267,1988.1866840005387,5984.319668049792
1783289681,25,,Aggregated,12.000000,0.000000,8,13,16,18,44,54,77,96,2000,2000,2000,6036,0,8,23.41950157061216,3.0809590098215267,1988.1866840005387,5981.116136514248
1783289682,25,,Aggregated,12.100000,0.000000,8,13,16,18,44,54,77,96,2000,2000,2000,6048,0,8,23.409236377514265,3.0809590098215267,1988.1866840005387,5984.011904761905
1783289683,25,,Aggregated,11.700000,0.000000,8,13,16,18,44,54,77,96,2000,2000,2000,6061,0,8,23.392623494016743,3.0809590098215267,1988.1866840005387,5983.095198812077
1783289684,25,,Aggregated,11.900000,0.000000,8,13,16,18,44,54,77,96,2000,2000,2000,6071,0,8,23.370478473107326,3.0809590098215267,1988.1866840005387,5989.723274584088
1783289685,25,,Aggregated,11.700000,0.000000,8,13,16,18,44,54,77,96,2000,2000,2000,6080,0,8,23.359350138030333,3.0809590098215267,1988.1866840005387,5995.219407894737
1783289686,25,,Aggregated,11.800000,0.000000,8,13,16,18,44,54,77,97,2000,2000,2000,6092,0,8,23.349143457030763,3.0809590098215267,1988.1866840005387,6000.809586342744
1783289687,25,,Aggregated,11.600000,0.000000,8,13,16,18,44,54,77,96,2000,2000,2000,6106,0,8,23.32713880825983,3.0809590098215267,1988.1866840005387,5998.737962659679
1783289688,25,,Aggregated,11.500000,0.000000,8,13,16,18,44,54,77,96,2000,2000,2000,6120,0,8,23.307285403626974,3.0809590098215267,1988.1866840005387,5996.181045751634
1783289689,25,,Aggregated,11.100000,0.000000,8,13,16,18,44,54,77,96,2000,2000,2000,6130,0,8,23.288755910639626,3.0809590098215267,1988.1866840005387,5996.545676998368
1783289690,25,,Aggregated,11.700000,0.000000,8,13,16,18,44,54,77,96,2000,2000,2000,6144,0,8,23.259697611202057,3.0809590098215267,1988.1866840005387,6001.993815104167
1783289691,25,,Aggregated,11.600000,0.000000,8,13,16,18,44,54,77,96,2000,2000,2000,6155,0,8,23.24987863480612,3.0809590098215267,1988.1866840005387,6002.686271324127
1783289692,25,,Aggregated,11.500000,0.000000,8,13,16,18,44,54,77,97,2000,2000,2000,6164,0,8,23.251247170864474,3.0809590098215267,1988.1866840005387,5999.482154445165
1783289693,25,,Aggregated,12.000000,0.000000,8,13,16,18,44,54,77,97,2000,2000,2000,6177,0,8,23.231157102833343,3.0809590098215267,1988.1866840005387,5996.42172575684
1783289694,25,,Aggregated,11.900000,0.000000,8,13,16,18,44,54,77,97,2000,2000,2000,6189,0,8,23.20241554664442,3.0809590098215267,1988.1866840005387,5994.871061560833
1783289695,25,,Aggregated,11.600000,0.000000,8,13,16,18,44,54,77,97,2000,2000,2000,6199,0,8,23.183141436547572,3.0809590098215267,1988.1866840005387,5992.736409098242
1783289696,25,,Aggregated,11.500000,0.000000,8,13,16,18,44,54,77,96,2000,2000,2000,6208,0,8,23.173428851831297,3.0809590098215267,1988.1866840005387,5992.500805412371
1783289697,25,,Aggregated,11.800000,0.000000,8,13,16,18,44,54,77,96,2000,2000,2000,6222,0,8,23.15211264017747,3.0809590098215267,1988.1866840005387,5987.034876245581
1783289698,25,,Aggregated,11.700000,0.000000,8,13,16,18,44,54,77,96,2000,2000,2000,6234,0,8,23.13052516701328,3.0809590098215267,1988.1866840005387,5985.531761308951
1783289699,25,,Aggregated,11.700000,0.000000,8,13,16,18,44,54,77,96,2000,2000,2000,6246,0,8,23.11421871728183,3.0809590098215267,1988.1866840005387,5985.91274415626
1783289700,25,,Aggregated,11.500000,0.000000,8,13,16,18,44,54,77,96,2000,2000,2000,6257,0,8,23.097396829501704,3.0809590098215267,1988.1866840005387,5984.537318203612
1783289701,25,,Aggregated,11.400000,0.000000,8,13,16,18,44,54,77,96,2000,2000,2000,6265,0,8,23.09817393250999,3.0809590098215267,1988.1866840005387,5985.153870710295
1783289702,25,,Aggregated,11.300000,0.000000,8,13,16,18,44,54,77,96,2000,2000,2000,6277,0,8,23.083597688578827,3.0809590098215267,1988.1866840005387,5988.35669906006
1783289703,25,,Aggregated,11.200000,0.000000,8,13,16,18,44,54,77,96,2000,2000,2000,6292,0,8,23.07595426925732,3.0809590098215267,1988.1866840005387,5986.725524475524
1783289704,25,,Aggregated,11.000000,0.000000,8,13,16,18,44,54,77,96,2000,2000,2000,6300,0,8,23.070765143677978,3.0809590098215267,1988.1866840005387,5981.075238095238
1783289705,25,,Aggregated,11.200000,0.000000,8,13,16,18,44,54,77,96,2000,2000,2000,6314,0,8,23.050094467719617,3.0809590098215267,1988.1866840005387,5985.80883750396
1783289706,25,,Aggregated,11.500000,0.000000,8,13,16,18,44,54,77,96,2000,2000,2000,6324,0,8,23.034308301895702,3.0809590098215267,1988.1866840005387,5983.456040480708
1783289707,25,,Aggregated,10.900000,0.000000,8,13,16,18,44,54,77,96,2000,2000,2000,6335,0,8,23.022636410291618,3.0809590098215267,1988.1866840005387,5980.681610102604
1783289708,25,,Aggregated,11.200000,0.000000,8,13,16,18,44,54,77,96,2000,2000,2000,6347,0,8,23.001132566120752,3.0809590098215267,1988.1866840005387,5991.417992752481
1783289709,25,,Aggregated,11.300000,0.000000,8,13,16,18,44,54,77,96,2000,2000,2000,6354,0,8,23.00306003307878,3.0809590098215267,1988.1866840005387,5986.09820585458
1783289710,25,,Aggregated,11.300000,0.000000,8,13,16,18,44,54,77,96,2000,2000,2000,6368,0,8,22.976439418999146,3.0809590098215267,1988.1866840005387,5989.492148241206
1783289711,25,,Aggregated,11.400000,0.000000,8,13,16,18,44,54,77,96,2000,2000,2000,6383,0,8,22.943820410179132,3.0809590098215267,1988.1866840005387,5985.902866990444
1783289712,25,,Aggregated,11.000000,0.000000,8,13,16,18,44,54,77,96,2000,2000,2000,6389,0,8,22.92762660716715,3.0809590098215267,1988.1866840005387,5982.018156205979
1783289713,25,,Aggregated,11.200000,0.000000,8,13,16,18,44,54,77,96,2000,2000,2000,6404,0,8,22.92730985449757,3.0809590098215267,1988.1866840005387,5983.154903185509
1783289714,25,,Aggregated,11.700000,0.000000,8,13,16,18,44,54,77,96,2000,2000,2000,6416,0,8,22.908532785411698,3.0809590098215267,1988.1866840005387,5985.4653990024935
1783289715,25,,Aggregated,11.300000,0.000000,8,13,16,18,44,54,77,96,2000,2000,2000,6424,0,8,22.917495698196692,3.0809590098215267,1988.1866840005387,5985.581569115816
1783289716,25,,Aggregated,11.400000,0.000000,8,13,16,18,44,54,77,96,2000,2000,2000,6439,0,8,22.8921302629631,3.0809590098215267,1988.1866840005387,5985.111197390899
1783289717,25,,Aggregated,11.600000,0.000000,8,13,16,18,44,54,77,96,2000,2000,2000,6451,0,8,22.872950875712498,3.0809590098215267,1988.1866840005387,5988.624554332661
1783289718,25,,Aggregated,11.000000,0.000000,8,13,16,18,44,54,77,96,2000,2000,2000,6459,0,8,22.85459484552109,3.0809590098215267,1988.1866840005387,5990.586158848119
1783289719,25,,Aggregated,11.500000,0.000000,8,13,16,18,44,54,77,96,2000,2000,2000,6469,0,8,22.834127345991327,3.0809590098215267,1988.1866840005387,5986.78219199258
1783289720,25,,Aggregated,11.500000,0.000000,8,13,16,18,44,54,77,96,2000,2000,2000,6484,0,8,22.81403077778975,3.0809590098215267,1988.1866840005387,5990.227020357804
1783289721,25,,Aggregated,11.100000,0.000000,8,13,16,18,44,54,77,96,2000,2000,2000,6496,0,8,22.794332641196128,3.0809590098215267,1988.1866840005387,5991.106373152709
1783289722,25,,Aggregated,11.300000,0.000000,8,13,16,18,44,54,77,96,2000,2000,2000,6508,0,8,22.77200565768289,3.0809590098215267,1988.1866840005387,5988.404578979717
1783289723,25,,Aggregated,11.600000,0.000000,8,13,16,18,44,54,77,96,2000,2000,2000,6519,0,8,22.769119637402177,3.0809590098215267,1988.1866840005387,5982.064427059365
1783289724,25,,Aggregated,11.400000,0.000000,8,13,16,18,44,54,77,96,2000,2000,2000,6531,0,8,22.750808559821305,3.0809590098215267,1988.1866840005387,5986.039810136273
1783289725,25,,Aggregated,11.900000,0.000000,8,13,16,18,44,54,77,96,2000,2000,2000,6545,0,8,22.734404034562896,3.0809590098215267,1988.1866840005387,5990.749885408709
1783289726,25,,Aggregated,11.300000,0.000000,8,13,16,18,44,54,77,96,2000,2000,2000,6553,0,8,22.725130480115066,3.0809590098215267,1988.1866840005387,5990.524187395086
1783289727,25,,Aggregated,11.500000,0.000000,8,13,16,18,44,54,77,96,2000,2000,2000,6565,0,8,22.72003455326402,3.0809590098215267,1988.1866840005387,5985.984158415841
1783289728,25,,Aggregated,12.100000,0.000000,8,13,16,18,44,54,77,96,2000,2000,2000,6580,0,8,22.704295584218794,3.0809590098215267,1988.1866840005387,5991.252127659574
1783289729,25,,Aggregated,11.400000,0.000000,8,13,16,18,44,54,77,96,2000,2000,2000,6589,0,8,22.703459190949733,3.0809590098215267,1988.1866840005387,5987.40552435878
1783289730,25,,Aggregated,11.400000,0.000000,8,13,16,18,44,54,77,93,2000,2000,2000,6602,0,8,22.695203774636408,3.0809590098215267,1988.1866840005387,5987.75219630415
1783289732,25,,Aggregated,12.200000,0.000000,8,13,16,18,44,54,77,93,2000,2000,2000,6610,0,8,22.687613879598246,3.0809590098215267,1988.1866840005387,5987.985779122541
1783289733,25,,Aggregated,12.000000,0.000000,8,13,16,18,44,54,77,93,2000,2000,2000,6626,0,8,22.66256586751999,3.0809590098215267,1988.1866840005387,5985.553576818594
1783289734,25,,Aggregated,11.700000,0.000000,8,13,16,18,44,54,77,93,2000,2000,2000,6639,0,8,22.64191232010783,3.0809590098215267,1988.1866840005387,5990.642114776322
1783289735,25,,Aggregated,11.300000,0.000000,8,13,16,18,44,54,77,93,2000,2000,2000,6650,0,8,22.625382752812037,3.0809590098215267,1988.1866840005387,5985.478045112782
1783289736,25,,Aggregated,12.000000,0.000000,8,13,16,18,44,54,76,93,2000,2000,2000,6662,0,8,22.610322202221845,3.0809590098215267,1988.1866840005387,5983.290903632543
1783289737,25,,Aggregated,11.900000,0.000000,8,13,16,18,44,54,76,93,2000,2000,2000,6677,0,8,22.586897737339616,3.0809590098215267,1988.1866840005387,5989.281713344316
1783289738,25,,Aggregated,11.900000,0.000000,8,13,16,18,44,54,76,93,2000,2000,2000,6687,0,8,22.56502790476438,3.0809590098215267,1988.1866840005387,5988.91147001645
1783289739,25,,Aggregated,12.300000,0.000000,8,13,16,18,44,54,77,93,2000,2000,2000,6698,0,8,22.555401636487083,3.0809590098215267,1988.1866840005387,5992.083756345178
1783289740,25,,Aggregated,12.300000,0.000000,8,13,16,18,44,54,77,93,2000,2000,2000,6709,0,8,22.552239766463046,3.0809590098215267,1988.1866840005387,5985.4252496646295
1783289741,25,,Aggregated,12.200000,0.000000,8,13,16,18,44,54,77,93,2000,2000,2000,6718,0,8,22.53899083450096,3.0809590098215267,1988.1866840005387,5986.044060732361
1783289742,25,,Aggregated,11.500000,0.000000,8,13,16,18,44,54,77,93,2000,2000,2000,6731,0,8,22.51459675177115,3.0809590098215267,1988.1866840005387,5992.539147229238
1783289743,25,,Aggregated,12.000000,0.000000,8,13,16,18,44,54,77,93,2000,2000,2000,6739,0,8,22.512264327670284,3.0809590098215267,1988.1866840005387,5995.423059801157
1783289744,25,,Aggregated,12.100000,0.000000,8,13,16,18,44,54,76,93,2000,2000,2000,6751,0,8,22.489407315236264,3.0809590098215267,1988.1866840005387,5988.8865353281
1783289745,25,,Aggregated,12.100000,0.000000,8,13,16,18,44,54,77,93,2000,2000,2000,6763,0,8,22.50909704378824,3.0809590098215267,1988.1866840005387,5984.372172112968
1783289746,25,,Aggregated,11.300000,0.000000,8,13,16,18,44,54,77,93,2000,2000,2000,6776,0,8,22.488059780270238,3.0809590098215267,1988.1866840005387,5985.364964580874
1783289747,25,,Aggregated,11.300000,0.000000,8,13,16,18,44,54,77,93,2000,2000,2000,6787,0,8,22.464875736132676,3.0809590098215267,1988.1866840005387,5985.810814792987
1783289748,25,,Aggregated,11.700000,0.000000,8,13,16,18,44,54,77,93,2000,2000,2000,6795,0,8,22.45145658883405,3.0809590098215267,1988.1866840005387,5987.642531272995
1783289749,25,,Aggregated,11.700000,0.000000,8,13,16,18,44,54,76,92,2000,2000,2000,6807,0,8,22.434102103594327,3.0809590098215267,1988.1866840005387,5989.361980314382
1783289750,25,,Aggregated,10.700000,0.000000,8,13,16,18,44,54,76,92,2000,2000,2000,6818,0,8,22.42101659096429,3.0809590098215267,1988.1866840005387,5993.022000586682
1783289751,25,,Aggregated,10.700000,0.000000,8,13,16,18,44,54,76,92,2000,2000,2000,6825,0,8,22.40555749321271,3.0809590098215267,1988.1866840005387,5991.762344322345
1783289752,25,,Aggregated,10.800000,0.000000,8,13,16,18,44,54,76,92,2000,2000,2000,6841,0,8,22.375712668786928,3.0809590098215267,1988.1866840005387,5986.609267650928
1783289753,25,,Aggregated,10.700000,0.000000,8,13,16,18,44,54,76,92,2000,2000,2000,6848,0,8,22.365487921168047,3.0809590098215267,1988.1866840005387,5988.262558411215
1783289754,25,,Aggregated,10.800000,0.000000,8,13,16,18,44,54,76,92,2000,2000,2000,6861,0,8,22.354154566271948,3.0809590098215267,1988.1866840005387,5983.430549482583
1783289755,25,,Aggregated,10.800000,0.000000,8,13,16,18,44,54,76,92,2000,2000,2000,6872,0,8,22.341423047905806,3.0809590098215267,1988.1866840005387,5977.744761350407
1783289756,25,,Aggregated,11.000000,0.000000,8,13,16,18,44,54,76,92,2000,2000,2000,6883,0,8,22.329571245706063,3.0809590098215267,1988.1866840005387,5985.744878686619
1783289757,25,,Aggregated,10.800000,0.000000,8,13,16,18,44,54,76,92,2000,2000,2000,6897,0,8,22.30784705222883,3.0809590098215267,1988.1866840005387,5989.73727707699
1783289758,25,,Aggregated,10.600000,0.000000,8,13,16,18,44,54,76,92,2000,2000,2000,6905,0,8,22.31565741335725,3.0809590098215267,1988.1866840005387,5989.99131064446
