Timestamp,User Count,Type,Name,Requests/s,Failures/s,50%,66%,75%,80%,90%,95%,98%,99%,99.9%,99.99%,100%,Total Request Count,Total Failure Count,Total Median Response Time,Total Average Response Time,Total Min Response Time,Total Max Response Time,Total Average Content Size
1783291566,0,,Aggregated,0.000000,0.000000,N/A,N/A,N/A,N/A,N/A,N/A,N/A,N/A,N/A,N/A,N/A,0,0,0,0.0,0,0,0
1783291567,50,,Aggregated,0.000000,0.000000,N/A,N/A,N/A,N/A,N/A,N/A,N/A,N/A,N/A,N/A,N/A,0,0,0,0.0,0,0,0
1783291568,100,,Aggregated,0.000000,0.000000,N/A,N/A,N/A,N/A,N/A,N/A,N/A,N/A,N/A,N/A,N/A,0,0,0,0.0,0,0,0
1783291569,150,,Aggregated,0.000000,0.000000,N/A,N/A,N/A,N/A,N/A,N/A,N/A,N/A,N/A,N/A,N/A,0,0,0,0.0,0,0,0
1783291570,200,,Aggregated,0.000000,0.000000,3500,3500,3500,3500,3500,3500,3500,3500,3500,3500,3500,7,0,3494.22842200147,3473.605327283232,3446.8660080019617,3494.22842200147,655.0
1783291571,250,,Aggregated,0.000000,0.000000,4600,4600,4600,4600,4600,4700,4700,4700,4700,4700,4700,30,0,4600.0,4345.482488631387,3446.8660080019617,4654.381865999312,655.0
1783291572,300,,Aggregated,0.000000,0.000000,4600,4600,4600,4600,4600,4700,4700,4700,4700,4700,4700,30,0,4600.0,4345.482488631387,3446.8660080019617,4654.381865999312,655.0
1783291573,350,,Aggregated,0.000000,0.000000,4600,4600,4600,4600,4600,4700,4700,4700,4700,4700,4700,30,0,4600.0,4345.482488631387,3446.8660080019617,4654.381865999312,655.0
1783291574,400,,Aggregated,5.000000,0.000000,4600,7900,7900,7900,7900,7900,7900,7900,7900,7900,7900,52,0,4600.0,5629.630876844413,3446.8660080019617,7942.641101995832,711.7692307692307
1783291575,450,,Aggregated,4.285714,0.000000,4600,7900,7900,7900,7900,7900,8700,8700,8700,8700,8700,95,0,4600.0,6007.387910093989,3446.8660080019617,8739.13827900833,862.1578947368421
1783291576,500,,Aggregated,4.285714,0.000000,4600,7900,7900,7900,7900,7900,8700,8700,8700,8700,8700,95,0,4600.0,6007.387910093989,3446.8660080019617,8739.13827900833,862.1578947368421
1783291577,500,,Aggregated,4.285714,0.000000,4600,7900,7900,7900,7900,7900,8700,8700,8700,8700,8700,95,0,4600.0,6007.387910093989,3446.8660080019617,8739.13827900833,862.1578947368421
1783291578,500,,Aggregated,4.285714,0.000000,4600,7900,7900,7900,7900,7900,8700,8700,8700,8700,8700,95,0,4600.0,6007.387910093989,3446.8660080019617,8739.13827900833,862.1578947368421
1783291579,500,,Aggregated,4.285714,0.000000,4600,7900,7900,7900,7900,7900,8700,8700,8700,8700,8700,95,0,4600.0,6007.387910093989,3446.8660080019617,8739.13827900833,862.1578947368421
1783291580,500,,Aggregated,4.285714,0.000000,4600,7900,7900,7900,7900,7900,8700,8700,8700,8700,8700,95,0,4600.0,6007.387910093989,3446.8660080019617,8739.13827900833,862.1578947368421
1783291581,500,,Aggregated,9.500000,0.000000,6700,7900,10000,13000,14000,14000,14000,14000,14000,14000,14000,207,0,6700.0,7802.665427863886,3446.8660080019617,13745.733135001501,1142.4347826086957
1783291582,500,,Aggregated,9.500000,0.000000,6800,7900,10000,13000,14000,14000,14000,14000,14000,14000,14000,213,0,6800.0,7954.215292257329,3446.8660080019617,13998.986227001296,1128.7042253521126
1783291583,500,,Aggregated,10.000000,0.000000,7900,10000,13000,14000,14000,15000,15000,15000,15000,15000,15000,241,0,7900.0,8701.374222791834,3446.8660080019617,14937.613991001854,1073.668049792531
1783291584,500,,Aggregated,18.300000,0.000000,7900,13000,14000,14000,15000,15000,15000,15000,15000,15000,15000,278,0,7900.0,9487.607675441785,3446.8660080019617,15400.233590989956,1017.9460431654676
1783291585,500,,Aggregated,18.600000,0.000000,10000,14000,14000,14000,15000,15000,15000,16000,17000,17000,17000,311,0,10000.0,10075.76847912159,3446.8660080019617,17069.149918999756,979.4340836012861
1783291586,500,,Aggregated,18.600000,0.000000,10000,14000,14000,14000,15000,15000,15000,16000,17000,17000,17000,311,0,10000.0,10075.76847912159,3446.8660080019617,17069.149918999756,979.4340836012861
1783291587,500,,Aggregated,18.600000,0.000000,10000,14000,14000,14000,15000,15000,15000,16000,17000,17000,17000,311,0,10000.0,10075.76847912159,3446.8660080019617,17069.149918999756,979.4340836012861
1783291588,500,,Aggregated,18.600000,0.000000,10000,14000,14000,14000,15000,15000,15000,16000,17000,17000,17000,311,0,10000.0,10075.76847912159,3446.8660080019617,17069.149918999756,979.4340836012861
1783291589,500,,Aggregated,18.600000,0.000000,10000,14000,14000,14000,15000,15000,15000,16000,17000,17000,17000,311,0,10000.0,10075.76847912159,3446.8660080019617,17069.149918999756,979.4340836012861
1783291590,500,,Aggregated,18.600000,0.000000,10000,14000,14000,14000,15000,15000,15000,16000,17000,17000,17000,311,0,10000.0,10075.76847912159,3446.8660080019617,17069.149918999756,979.4340836012861
1783291591,500,,Aggregated,18.600000,0.000000,10000,14000,14000,14000,15000,15000,15000,16000,17000,17000,17000,311,0,10000.0,10075.76847912159,3446.8660080019617,17069.149918999756,979.4340836012861
1783291592,500,,Aggregated,18.600000,0.000000,10000,14000,14000,14000,15000,15000,15000,16000,17000,17000,17000,311,0,10000.0,10075.76847912159,3446.8660080019617,17069.149918999756,979.4340836012861
1783291593,500,,Aggregated,18.600000,0.000000,10000,14000,14000,14000,15000,15000,15000,16000,17000,17000,17000,311,0,10000.0,10075.76847912159,3446.8660080019617,17069.149918999756,979.4340836012861
1783291594,500,,Aggregated,9.800000,0.000000,10000,14000,14000,15000,15000,15000,16000,23000,25000,25000,25000,315,0,10000.0,10250.00903313279,3446.8660080019617,24712.846520007588,975.3142857142857
1783291595,500,,Aggregated,9.500000,0.000000,14000,15000,15000,23000,24000,25000,25000,25000,25000,25000,25000,418,0,14000.0,13092.774860437265,3446.8660080019617,25106.769653008087,1076.098086124402
1783291596,500,,Aggregated,5.200000,0.000000,14000,15000,15000,23000,24000,25000,25000,25000,26000,26000,26000,497,0,14000.0,13841.825689098096,3446.8660080019617,25824.720496006194,1235.466800804829
1783291597,500,,Aggregated,1.900000,0.000000,15000,15000,23000,24000,24000,25000,25000,25000,26000,26000,26000,575,0,15000.0,14786.40964059776,3446.8660080019617,25824.720496006194,1235.0104347826086
1783291598,500,,Aggregated,12.000000,0.000000,15000,16000,23000,24000,24000,25000,25000,25000,26000,26000,26000,665,0,15000.0,15120.810975122884,2906.9405240006745,25824.720496006194,1254.2631578947369
1783291599,500,,Aggregated,18.900000,0.000000,15000,15000,23000,24000,24000,25000,25000,25000,26000,26000,26000,730,0,15000.0,14587.083688262608,2906.9405240006745,25824.720496006194,1339.2054794520548
1783291600,500,,Aggregated,32.400000,0.000000,14000,15000,17000,23000,24000,25000,25000,25000,26000,26000,26000,861,0,14000.0,13486.257686229565,2906.9405240006745,25824.720496006194,1529.8234610917539
1783291601,500,,Aggregated,38.600000,0.000000,14000,15000,16000,23000,24000,25000,25000,25000,26000,26000,26000,945,0,14000.0,12736.91201594781,2906.9405240006745,25824.720496006194,1601.9322751322752
1783291602,500,,Aggregated,48.900000,0.000000,13000,15000,16000,18000,24000,25000,25000,25000,26000,26000,26000,1072,0,13000.0,11844.81753126839,2243.83453700284,25824.720496006194,1677.659514925373
1783291603,500,,Aggregated,57.800000,0.000000,7900,14000,15000,17000,24000,24000,25000,25000,28000,29000,29000,1236,0,7900.0,10807.44459543584,1395.0080039940076,28940.910178993363,1901.0404530744336
1783291604,500,,Aggregated,69.800000,0.000000,6000,14000,15000,16000,24000,24000,25000,25000,30000,30000,30000,1382,0,6000.0,10058.164718636519,1395.0080039940076,29620.171546004713,2153.426917510854
1783291605,500,,Aggregated,82.800000,0.000000,5000,14000,15000,16000,24000,25000,30000,31000,31000,31000,31000,1651,0,5000.0,9645.65805656182,1395.0080039940076,31140.137971000513,2712.3319200484557
1783291606,500,,Aggregated,101.600000,0.000000,4400,7900,15000,15000,24000,25000,30000,31000,31000,31000,31000,1973,0,4400.0,8744.31737511833,255.32539500272833,31203.440479992423,3300.024328433857
1783291607,500,,Aggregated,106.000000,0.000000,3900,6200,14000,15000,24000,25000,30000,31000,31000,31000,31000,2204,0,3900.0,8001.137314484779,255.32539500272833,31203.440479992423,3953.8049001814884
1783291608,500,,Aggregated,144.300000,0.000000,3500,5300,14000,15000,24000,25000,30000,31000,31000,31000,31000,2431,0,3500.0,7391.895733942201,255.32539500272833,31203.440479992423,4498.552447552447
1783291609,500,,Aggregated,154.800000,0.000000,3300,4700,7900,14000,23000,25000,30000,30000,31000,31000,31000,2673,0,3300.0,6870.063070678066,255.32539500272833,31203.440479992423,5044.8746726524505
1783291610,500,,Aggregated,165.300000,0.000000,3000,4400,6600,14000,18000,24000,30000,30000,31000,31000,31000,2938,0,3000.0,6393.012348065819,255.32539500272833,31203.440479992423,5530.929203539823
1783291611,500,,Aggregated,181.000000,0.000000,2600,4100,5900,13000,17000,24000,30000,30000,31000,31000,31000,3161,0,2600.0,6031.959641717893,130.61256900255103,31203.440479992423,5898.543182537172
1783291612,500,,Aggregated,198.200000,0.000000,2500,3800,5200,7900,16000,24000,30000,30000,31000,31000,31000,3399,1,2500.0,5696.354158719701,30.288713009213097,31203.440479992423,6154.451603412768
1783291613,500,,Aggregated,212.400000,0.000000,2300,3600,4700,6600,16000,24000,30000,30000,31000,31000,31000,3620,1,2300.0,5412.9061735258265,30.288713009213097,31203.440479992423,6313.430386740331
1783291614,500,,Aggregated,221.200000,0.100000,2100,3400,4600,6100,15000,24000,30000,30000,31000,31000,31000,3848,1,2100.0,5126.513846852269,30.288713009213097,31203.440479992423,6336.712577962578
1783291615,500,,Aggregated,233.000000,0.100000,2000,3200,4300,5700,15000,24000,26000,30000,31000,31000,31000,4075,1,2000.0,4854.051787139506,19.579972999054007,31203.440479992423,6307.509938650307
1783291616,500,,Aggregated,237.400000,0.100000,1900,3100,4100,5000,15000,24000,25000,30000,31000,31000,31000,4296,1,1900.0,4608.471404792455,3.021080992766656,31203.440479992423,6279.700186219739
1783291617,500,,Aggregated,254.200000,0.100000,1700,2900,3900,4700,15000,24000,25000,30000,31000,31000,31000,4527,1,1700.0,4376.075712489797,2.9870490106986836,31203.440479992423,6210.516677711509
1783291618,500,,Aggregated,228.400000,0.100000,1600,2700,3700,4600,15000,24000,25000,30000,31000,31000,31000,4757,1,1600.0,4170.142657014761,2.8548459958983585,31203.440479992423,6220.056548244692
1783291619,500,,Aggregated,232.500000,0.100000,1500,2600,3600,4400,15000,23000,25000,30000,31000,31000,31000,4985,1,1500.0,3981.9440725286454,2.8548459958983585,31203.440479992423,6203.384754262788
1783291621,500,,Aggregated,232.500000,0.100000,1300,2400,3400,4200,14000,23000,25000,30000,31000,31000,31000,5230,1,1300.0,3810.4171415293135,2.8548459958983585,31203.440479992423,6182.704397705545
1783291622,500,,Aggregated,220.300000,0.100000,1100,2200,3300,4100,14000,23000,25000,30000,31000,31000,31000,5470,1,1100.0,3651.483966271334,2.7046249888371676,31203.440479992423,6155.588117001828
1783291623,500,,Aggregated,220.100000,0.100000,1000,2100,3200,3900,14000,21000,25000,30000,31000,31000,31000,5665,1,1000.0,3527.1607042340993,2.7046249888371676,31203.440479992423,6164.497263901148
1783291624,500,,Aggregated,224.200000,0.000000,910,2000,3000,3800,14000,18000,25000,30000,31000,31000,31000,5919,1,910.0,3378.417269992761,2.7046249888371676,31203.440479992423,6157.332657543504
1783291625,500,,Aggregated,218.400000,0.000000,820,1900,2900,3600,13000,17000,25000,30000,31000,31000,31000,6146,1,820.0,3255.034423234808,2.7046249888371676,31203.440479992423,6165.603319232021
1783291626,500,,Aggregated,219.900000,0.000000,730,1800,2700,3500,13000,17000,25000,30000,31000,31000,31000,6350,1,720.0,3151.2713263963874,2.7046249888371676,31203.440479992423,6134.681417322835
1783291627,500,,Aggregated,220.500000,0.000000,650,1800,2600,3400,10000,17000,25000,30000,31000,31000,31000,6558,1,650.0,3055.9793115637244,2.7046249888371676,31203.440479992423,6142.548795364441
1783291628,500,,Aggregated,217.300000,0.000000,560,1700,2500,3300,7900,16000,25000,30000,31000,31000,31000,6797,1,560.0,2953.856927943631,2.7046249888371676,31203.440479992423,6158.382963071944
1783291629,500,,Aggregated,216.600000,0.000000,510,1600,2400,3200,7900,16000,24000,30000,31000,31000,31000,7024,1,510.0,2861.0942202528095,2.7046249888371676,31203.440479992423,6162.6506264236905
1783291630,500,,Aggregated,219.300000,0.000000,450,1500,2300,3200,6600,16000,24000,30000,31000,31000,31000,7250,1,450.0,2773.1717454722616,2.7046249888371676,31203.440479992423,6160.544413793104
1783291631,500,,Aggregated,218.000000,0.000000,400,1400,2200,3000,6300,15000,24000,30000,31000,31000,31000,7477,1,400.0,2690.781292716997,2.7046249888371676,31203.440479992423,6143.892737729036
1783291632,500,,Aggregated,224.200000,0.000000,350,1300,2100,2900,6000,15000,24000,29000,31000,31000,31000,7713,1,350.0,2610.173398105436,2.7046249888371676,31203.440479992423,6161.64021781408
1783291633,500,,Aggregated,223.900000,0.000000,300,1200,2100,2700,5900,15000,24000,28000,31000,31000,31000,7923,1,300.0,2541.957957089509,2.7046249888371676,31203.440479992423,6156.644074214313
1783291634,500,,Aggregated,222.400000,0.000000,260,1100,2000,2600,5700,15000,24000,26000,31000,31000,31000,8164,1,260.0,2468.1215639528623,2.7046249888371676,31203.440479992423,6151.337212150906
1783291635,500,,Aggregated,224.800000,0.000000,230,1000,1900,2600,5300,15000,24000,26000,31000,31000,31000,8388,1,230.0,2403.7326955018248,2.7046249888371676,31203.440479992423,6125.266928946114
1783291636,500,,Aggregated,223.900000,0.000000,200,930,1800,2500,5000,15000,24000,25000,31000,31000,31000,8625,1,200.0,2338.7860877045027,2.7046249888371676,31203.440479992423,6121.931710144928
1783291637,500,,Aggregated,222.100000,0.000000,180,880,1800,2400,4900,15000,24000,25000,31000,31000,31000,8850,1,180.0,2281.0022176924554,2.7046249888371676,31203.440479992423,6121.810734463277
1783291638,500,,Aggregated,225.300000,0.000000,170,810,1700,2300,4700,15000,24000,25000,31000,31000,31000,9083,1,170.0,2223.5312278879383,2.7046249888371676,31203.440479992423,6127.836397665969
1783291639,500,,Aggregated,228.200000,0.000000,160,740,1700,2200,4600,15000,24000,25000,31000,31000,31000,9297,1,160.0,2173.963862264956,2.7046249888371676,31203.440479992423,6139.492309347102
1783291640,500,,Aggregated,226.600000,0.000000,150,670,1600,2100,4600,15000,24000,25000,31000,31000,31000,9548,1,150.0,2118.8706454267153,2.7046249888371676,31203.440479992423,6123.337976539589
1783291641,500,,Aggregated,223.600000,0.000000,140,610,1500,2100,4400,15000,24000,25000,31000,31000,31000,9766,1,140.0,2072.125880056747,2.7046249888371676,31203.440479992423,6111.268072906
1783291642,500,,Aggregated,227.800000,0.000000,130,560,1500,2000,4400,14000,24000,25000,31000,31000,31000,9984,1,130.0,2027.382016070936,2.7046249888371676,31203.440479992423,6120.939903846154
1783291643,500,,Aggregated,227.500000,0.000000,130,530,1400,2000,4300,14000,24000,25000,31000,31000,31000,10208,1,130.0,1983.6333861742778,2.7046249888371676,31203.440479992423,6098.664968652038
1783291644,500,,Aggregated,225.800000,0.000000,120,490,1300,1900,4200,14000,24000,25000,31000,31000,31000,10450,1,120.0,1939.4451674307297,2.7046249888371676,31203.440479992423,6086.534449760766
1783291645,500,,Aggregated,227.200000,0.000000,120,450,1300,1900,4100,14000,24000,25000,31000,31000,31000,10645,1,120.0,1904.4633200358892,2.7046249888371676,31203.440479992423,6101.788069516205
1783291646,500,,Aggregated,224.800000,0.000000,120,430,1100,1800,4100,14000,24000,25000,31000,31000,31000,10907,1,120.0,1865.1343075539457,2.7046249888371676,31203.440479992423,6091.966993673787
1783291647,500,,Aggregated,225.300000,0.000000,120,410,1100,1800,4000,14000,24000,25000,31000,31000,31000,11122,1,120.0,1832.1100164694262,2.7046249888371676,31203.440479992423,6098.265509800395
1783291648,500,,Aggregated,218.400000,0.000000,120,370,1000,1700,3900,14000,24000,25000,31000,31000,31000,11364,1,120.0,1794.4013972910966,2.7046249888371676,31203.440479992423,6106.077701513552
1783291649,500,,Aggregated,220.500000,0.000000,110,350,950,1700,3800,14000,24000,25000,31000,31000,31000,11583,1,110.0,1761.01143870923,2.7046249888371676,31203.440479992423,6104.661745661746
1783291650,500,,Aggregated,219.200000,0.000000,110,330,920,1700,3800,14000,24000,25000,31000,31000,31000,11812,1,110.0,1728.3991522148647,2.7046249888371676,31203.440479992423,6105.09981374873
1783291651,500,,Aggregated,223.300000,0.000000,110,300,880,1600,3700,14000,24000,25000,31000,31000,31000,12035,1,110.0,1697.2598658178595,2.7046249888371676,31203.440479992423,6100.262816784379
1783291652,500,,Aggregated,217.600000,0.000000,100,280,830,1500,3700,13000,23000,25000,31000,31000,31000,12262,1,100.0,1666.5554571369364,2.7046249888371676,31203.440479992423,6105.9953514924155
1783291653,500,,Aggregated,217.800000,0.000000,100,260,770,1500,3600,13000,23000,25000,31000,31000,31000,12513,1,100.0,1634.1729161032692,2.7046249888371676,31203.440479992423,6102.312475025973
1783291654,500,,Aggregated,219.800000,0.000000,97,240,720,1400,3500,13000,23000,25000,31000,31000,31000,12721,1,97,1607.9438656292123,2.7046249888371676,31203.440479992423,6111.200377328826
1783291655,500,,Aggregated,219.600000,0.000000,95,230,680,1300,3500,11000,23000,25000,31000,31000,31000,12950,1,95,1580.3948703614763,2.7046249888371676,31203.440479992423,6090.465482625483
1783291656,500,,Aggregated,220.700000,0.000000,92,220,650,1300,3400,8000,23000,25000,31000,31000,31000,13169,1,92,1554.7807609227855,2.7046249888371676,31203.440479992423,6102.050952995672
1783291657,500,,Aggregated,222.600000,0.000000,94,220,600,1300,3400,7900,23000,25000,31000,31000,31000,13373,1,94,1533.9952331190573,2.7046249888371676,31203.440479992423,6098.172436999926
1783291658,500,,Aggregated,226.900000,0.000000,95,210,570,1100,3300,7900,23000,25000,31000,31000,31000,13610,1,95,1509.6776483850954,2.7046249888371676,31203.440479992423,6101.731153563556
1783291659,500,,Aggregated,220.800000,0.000000,92,200,540,1100,3300,7900,23000,25000,31000,31000,31000,13835,1,92,1485.703422296367,2.7046249888371676,31203.440479992423,6099.406143838092
1783291660,500,,Aggregated,225.200000,0.000000,90,200,520,1100,3200,7900,22000,24000,31000,31000,31000,14050,1,90,1463.5216974465668,2.7046249888371676,31203.440479992423,6089.086832740213
1783291661,500,,Aggregated,221.600000,0.000000,88,190,490,990,3200,6800,21000,24000,31000,31000,31000,14294,1,88,1439.3580504671393,2.7046249888371676,31203.440479992423,6085.2968378340565
1783291662,500,,Aggregated,222.800000,0.000000,87,180,470,940,3200,6600,19000,24000,31000,31000,31000,14520,1,87,1417.964967821437,2.7046249888371676,31203.440479992423,6070.945936639118
1783291663,500,,Aggregated,224.300000,0.000000,86,180,440,920,3000,6600,18000,24000,31000,31000,31000,14739,1,86,1397.591512964199,2.697139003430493,31203.440479992423,6065.677115136712
1783291664,500,,Aggregated,223.300000,0.000000,84,170,430,890,3000,6300,18000,24000,31000,31000,31000,14951,1,84,1378.3487126576317,2.697139003430493,31203.440479992423,6066.291485519363
1783291665,500,,Aggregated,223.500000,0.000000,82,170,410,850,2900,6200,18000,24000,31000,31000,31000,15182,1,82,1357.93064932048,2.697139003430493,31203.440479992423,6059.199907785535
1783291666,500,,Aggregated,221.300000,0.000000,81,160,390,810,2900,6000,17000,24000,31000,31000,31000,15414,1,81,1338.3239645461026,2.697139003430493,31203.440479992423,6062.658557155833
1783291667,500,,Aggregated,221.600000,0.000000,80,160,370,780,2800,6000,17000,24000,31000,31000,31000,15617,1,80,1321.500107738148,2.697139003430493,31203.440479992423,6062.18371005955
1783291668,500,,Aggregated,222.400000,0.000000,79,160,350,730,2700,5900,17000,24000,31000,31000,31000,15853,1,79,1303.0344431106796,2.697139003430493,31203.440479992423,6052.295590739923
1783291669,500,,Aggregated,225.200000,0.000000,78,150,330,690,2700,5800,17000,24000,31000,31000,31000,16077,1,78,1285.2639179916378,2.697139003430493,31203.440479992423,6048.2773527399395
1783291670,500,,Aggregated,222.500000,0.000000,76,150,320,660,2600,5700,17000,24000,31000,31000,31000,16298,1,76,1268.2697980931193,2.697139003430493,31203.440479992423,6042.043747699104
1783291671,500,,Aggregated,221.500000,0.000000,75,140,300,640,2600,5500,16000,24000,31000,31000,31000,16517,1,75,1252.1555547232972,2.697139003430493,31203.440479992423,6033.081976145789
1783291672,500,,Aggregated,224.200000,0.000000,74,140,290,600,2600,5300,16000,24000,31000,31000,31000,16742,1,74,1235.8887973359604,2.697139003430493,31203.440479992423,6034.881973479871
1783291673,500,,Aggregated,221.200000,0.000000,74,140,280,570,2600,5200,16000,24000,31000,31000,31000,16945,1,74,1221.9033078157413,2.697139003430493,31203.440479992423,6029.075184420183
1783291674,500,,Aggregated,220.800000,0.000000,75,140,280,560,2500,5000,16000,24000,31000,31000,31000,17183,1,75,1208.01101621281,2.697139003430493,31203.440479992423,6027.879008322179
1783291675,500,,Aggregated,219.500000,0.000000,76,140,270,540,2500,4900,16000,24000,31000,31000,31000,17414,1,76,1194.1436632108027,2.697139003430493,31203.440479992423,6041.36815206156
1783291676,500,,Aggregated,219.900000,0.000000,75,140,270,520,2400,4900,16000,24000,31000,31000,31000,17631,1,75,1179.995655282558,2.697139003430493,31203.440479992423,6031.210197946798
1783291677,500,,Aggregated,219.500000,0.000000,75,140,260,500,2400,4800,16000,24000,31000,31000,31000,17827,1,75,1167.6882718471281,2.697139003430493,31203.440479992423,6038.887810624334
1783291678,500,,Aggregated,221.700000,0.000000,76,140,260,480,2300,4700,16000,24000,31000,31000,31000,18103,1,76,1152.9075176292727,2.697139003430493,31203.440479992423,6031.592829917693
1783291679,500,,Aggregated,220.000000,0.000000,76,140,260,460,2300,4700,16000,24000,31000,31000,31000,18306,1,76,1141.0857107025395,2.697139003430493,31203.440479992423,6024.031902108598
1783291680,500,,Aggregated,216.700000,0.000000,75,140,250,440,2200,4600,15000,24000,31000,31000,31000,18549,1,75,1126.8002910317957,2.697139003430493,31203.440479992423,6018.33586716265
1783291681,500,,Aggregated,222.300000,0.000000,74,140,240,430,2200,4600,15000,24000,31000,31000,31000,18771,1,74,1113.8807184930906,2.697139003430493,31203.440479992423,6026.460710670715
1783291682,500,,Aggregated,218.500000,0.000000,73,130,240,420,2100,4600,15000,24000,31000,31000,31000,18990,1,73,1101.4660998409606,2.697139003430493,31203.440479992423,6027.78420221169
1783291683,500,,Aggregated,221.400000,0.000000,72,130,230,400,2100,4600,15000,24000,31000,31000,31000,19225,1,72,1088.7093943097937,2.697139003430493,31203.440479992423,6023.715838751626
1783291684,500,,Aggregated,222.000000,0.000000,72,130,220,390,2100,4500,15000,24000,31000,31000,31000,19455,1,72,1076.4479557298148,2.697139003430493,31203.440479992423,6029.2663068619895
1783291685,500,,Aggregated,222.000000,0.000000,71,130,220,380,2100,4400,15000,24000,31000,31000,31000,19683,1,71,1064.3748228064615,2.697139003430493,31203.440479992423,6036.571457603008
1783291686,500,,Aggregated,224.300000,0.000000,69,130,210,370,2000,4400,15000,24000,31000,31000,31000,19894,1,69,1053.4272172382846,2.6273219991708174,31203.440479992423,6034.163265306122
1783291687,500,,Aggregated,223.700000,0.000000,70,130,210,350,2000,4400,15000,24000,31000,31000,31000,20125,1,70,1042.782920166283,2.6273219991708174,31203.440479992423,6032.515826086957
1783291688,500,,Aggregated,222.200000,0.000000,70,130,210,340,2000,4300,15000,24000,31000,31000,31000,20365,1,70,1031.3565314489322,2.6273219991708174,31203.440479992423,6031.367836975202
1783291689,500,,Aggregated,222.200000,0.000000,71,130,210,340,1900,4300,15000,24000,31000,31000,31000,20541,1,71,1024.0068842287944,2.6273219991708174,31203.440479992423,6030.274767538094
1783291690,500,,Aggregated,227.000000,0.000000,71,130,210,330,1900,4200,15000,24000,31000,31000,31000,20785,1,71,1013.6750370234249,2.6273219991708174,31203.440479992423,6034.787250420976
1783291691,500,,Aggregated,224.700000,0.000000,70,130,200,330,1900,4200,15000,24000,31000,31000,31000,21018,1,70,1002.6951904956665,2.6273219991708174,31203.440479992423,6033.0770292130555
1783291692,500,,Aggregated,221.600000,0.000000,68,120,200,320,1900,4100,15000,24000,31000,31000,31000,21251,1,68,992.1307931675633,2.6273219991708174,31203.440479992423,6026.717189779304
1783291693,500,,Aggregated,222.900000,0.000000,68,120,200,310,1900,4100,15000,24000,31000,31000,31000,21469,1,68,982.2741958831222,2.6273219991708174,31203.440479992423,6023.653407238344
1783291696,500,,Aggregated,221.900000,0.000000,69,130,210,330,1800,4100,15000,24000,31000,31000,31000,21656,1,69,978.5713633669083,2.6273219991708174,31203.440479992423,6017.6582933136315
1783291697,500,,Aggregated,199.200000,0.000000,70,130,220,370,1800,4100,15000,24000,31000,31000,31000,21916,1,70,978.6073298752818,2.6273219991708174,31203.440479992423,6030.974904179595
1783291698,500,,Aggregated,194.600000,0.000000,71,130,230,370,1800,4000,15000,24000,31000,31000,31000,22147,1,71,972.0855818425883,2.6273219991708174,31203.440479992423,6031.011062446381
1783291699,500,,Aggregated,200.100000,0.000000,70,130,220,360,1800,4000,15000,24000,31000,31000,31000,22368,1,70,962.8700077731077,2.6273219991708174,31203.440479992423,6025.930078683834
1783291700,500,,Aggregated,198.000000,0.000000,70,130,220,360,1800,3900,15000,24000,31000,31000,31000,22548,1,70,955.9252002197011,2.6273219991708174,31203.440479992423,6033.1410768139085
1783291701,500,,Aggregated,196.900000,0.000000,71,130,220,350,1700,3900,15000,24000,31000,31000,31000,22818,1,71,946.7429066355818,2.6273219991708174,31203.440479992423,6022.9442545358925
1783291702,500,,Aggregated,197.400000,0.000000,71,130,210,340,1700,3900,15000,24000,31000,31000,31000,23024,1,71,938.6370341696808,2.6273219991708174,31203.440479992423,6022.351155316192
1783291703,500,,Aggregated,198.400000,0.000000,70,130,210,330,1700,3800,15000,24000,31000,31000,31000,23250,1,70,929.8580584989528,2.6273219991708174,31203.440479992423,6017.192258064516
1783291704,500,,Aggregated,197.700000,0.000000,69,130,210,330,1700,3800,15000,24000,31000,31000,31000,23493,1,69,920.608641962826,2.6273219991708174,31203.440479992423,6016.007832120206
1783291705,500,,Aggregated,196.700000,0.000000,68,120,200,320,1700,3800,15000,24000,31000,31000,31000,23690,1,68,913.219617191882,2.6273219991708174,31203.440479992423,6009.2493457154915
1783291706,500,,Aggregated,199.700000,0.000000,69,120,200,310,1600,3700,15000,24000,31000,31000,31000,23932,1,69,905.0965574941368,2.6273219991708174,31203.440479992423,6012.275823165636
1783291707,500,,Aggregated,219.100000,0.000000,68,120,200,300,1600,3700,15000,24000,31000,31000,31000,24166,1,68,896.8991123420441,2.6273219991708174,31203.440479992423,6016.723082016056
1783291708,500,,Aggregated,225.400000,0.000000,68,120,190,300,1600,3700,15000,24000,31000,31000,31000,24384,1,68,889.2260675966214,2.6273219991708174,31203.440479992423,6011.061925853019
1783291709,500,,Aggregated,221.600000,0.000000,68,120,190,290,1600,3600,15000,23000,31000,31000,31000,24610,1,68,881.9338000175494,2.6273219991708174,31203.440479992423,6015.433766761479
1783291710,500,,Aggregated,221.900000,0.000000,68,120,190,290,1500,3600,15000,23000,31000,31000,31000,24848,1,68,874.0959578934271,2.6273219991708174,31203.440479992423,6008.455730843529
1783291711,500,,Aggregated,221.400000,0.000000,67,120,190,280,1500,3600,14000,23000,30000,31000,31000,25066,1,67,866.7291072220073,2.6273219991708174,31203.440479992423,6004.488470438044
1783291712,500,,Aggregated,227.200000,0.000000,67,120,190,280,1500,3500,14000,23000,30000,31000,31000,25290,1,67,859.6264576329365,2.6273219991708174,31203.440479992423,6003.325187821273
1783291713,500,,Aggregated,223.700000,0.000000,67,120,180,270,1500,3500,14000,23000,30000,31000,31000,25480,1,67,853.6936131631088,2.6273219991708174,31203.440479992423,6002.206200941915
1783291714,500,,Aggregated,223.900000,0.000000,68,120,190,270,1400,3500,14000,23000,30000,31000,31000,25734,1,68,847.2117266684937,2.6273219991708174,31203.440479992423,6001.939496386104
1783291715,500,,Aggregated,225.200000,0.000000,68,120,190,270,1400,3400,14000,23000,30000,31000,31000,25996,1,68,840.2274517761545,2.6273219991708174,31203.440479992423,6001.849053700569
1783291716,500,,Aggregated,219.000000,0.000000,68,120,180,270,1400,3400,14000,23000,30000,31000,31000,26213,1,68,833.5795880790414,2.6273219991708174,31203.440479992423,5997.43734025102
1783291717,500,,Aggregated,221.500000,0.000000,67,120,180,270,1300,3400,14000,23000,30000,31000,31000,26423,1,67,827.4122566226779,2.6273219991708174,31203.440479992423,5991.843280475344
1783291718,500,,Aggregated,219.500000,0.000000,68,120,180,260,1300,3400,14000,23000,30000,31000,31000,26654,1,68,821.3936353524497,2.6273219991708174,31203.440479992423,5995.454678472274
1783291719,500,,Aggregated,219.700000,0.000000,67,120,180,260,1300,3400,14000,23000,30000,31000,31000,26880,1,67,814.8533374237031,2.6273219991708174,31203.440479992423,5991.3840029761905
1783291720,500,,Aggregated,218.900000,0.000000,67,120,180,260,1300,3300,14000,23000,30000,31000,31000,27100,1,67,808.8095172225848,2.6273219991708174,31203.440479992423,5992.3009225092255
1783291721,500,,Aggregated,220.100000,0.000000,67,120,180,250,1300,3300,14000,23000,30000,31000,31000,27331,1,67,802.4221799956492,2.6273219991708174,31203.440479992423,5997.6744722110425
1783291722,500,,Aggregated,217.900000,0.000000,67,120,170,250,1300,3300,14000,23000,30000,31000,31000,27558,1,67,796.2155785749718,2.6273219991708174,31203.440479992423,6002.579396182597
1783291723,500,,Aggregated,217.900000,0.000000,67,120,170,240,1200,3200,14000,23000,30000,31000,31000,27806,1,67,789.7514690527231,2.6273219991708174,31203.440479992423,5996.480507804071
1783291724,500,,Aggregated,220.200000,0.000000,66,110,170,240,1200,3200,14000,22000,30000,31000,31000,28017,1,66,784.0708834641424,2.6273219991708174,31203.440479992423,5999.584395188635
1783291725,500,,Aggregated,219.000000,0.000000,65,110,170,240,1100,3200,14000,21000,30000,31000,31000,28242,1,65,778.1066235451062,2.6273219991708174,31203.440479992423,6004.683627221868
1783291726,500,,Aggregated,225.000000,0.000000,66,110,170,240,1100,3200,14000,21000,30000,31000,31000,28387,1,66,774.9391064637618,2.6273219991708174,31203.440479992423,6006.057385422905
1783291727,500,,Aggregated,223.800000,0.000000,67,120,180,250,1100,3200,14000,21000,30000,31000,31000,28647,1,67,771.4163111136866,2.6273219991708174,31203.440479992423,6008.969420881767
1783291728,500,,Aggregated,220.500000,0.000000,67,120,170,250,1100,3200,14000,19000,30000,31000,31000,28876,1,67,766.1255137319156,2.6273219991708174,31203.440479992423,6006.718070369858
1783291729,500,,Aggregated,217.500000,0.000000,67,120,170,240,1100,3100,14000,19000,30000,31000,31000,29069,1,67,761.4972984815025,2.6273219991708174,31203.440479992423,6011.8267226254775
1783291730,500,,Aggregated,221.500000,0.000000,67,120,170,240,1100,3100,14000,18000,30000,31000,31000,29333,1,67,755.9034419793263,2.6273219991708174,31203.440479992423,6010.886612347867
1783291731,500,,Aggregated,218.300000,0.000000,67,120,170,240,1100,3000,14000,18000,30000,31000,31000,29550,1,67,750.6059924891628,2.6273219991708174,31203.440479992423,6015.784568527919
1783291732,500,,Aggregated,218.500000,0.000000,66,110,170,240,1000,3000,14000,18000,30000,31000,31000,29762,1,66,745.4739550610738,2.6273219991708174,31203.440479992423,6013.514145554735
1783291733,500,,Aggregated,218.500000,0.000000,66,110,170,230,1000,3000,14000,18000,30000,31000,31000,29990,1,66,740.1541138212333,2.6273219991708174,31203.440479992423,6015.419473157719
1783291734,500,,Aggregated,218.300000,0.000000,66,110,170,230,990,3000,14000,18000,30000,31000,31000,30230,1,66,735.2141516260602,2.6273219991708174,31203.440479992423,6021.524512074098
1783291736,500,,Aggregated,215.800000,0.000000,67,120,170,240,970,2900,14000,18000,30000,31000,31000,30447,1,67,733.5934136298441,2.6273219991708174,31203.440479992423,6024.76697211548
1783291737,500,,Aggregated,211.700000,0.000000,68,120,180,250,1000,2900,13000,18000,30000,31000,31000,30700,1,68,732.6611593327981,2.6273219991708174,31203.440479992423,6023.495798045603
1783291738,500,,Aggregated,205.500000,0.000000,68,120,180,250,990,2900,13000,17000,30000,31000,31000,30848,1,68,730.5544649618387,2.6273219991708174,31203.440479992423,6019.4414548755185
1783291739,500,,Aggregated,210.800000,0.000000,69,120,180,250,970,2800,13000,17000,30000,31000,31000,31121,1,69,725.7602522697102,2.6273219991708174,31203.440479992423,6015.049066546705
1783291740,500,,Aggregated,199.900000,0.000000,68,120,180,250,960,2800,13000,17000,30000,31000,31000,31340,1,68,721.0037026362361,2.6273219991708174,31203.440479992423,6018.712858966177
1783291741,500,,Aggregated,207.000000,0.000000,68,120,180,250,950,2700,13000,17000,30000,31000,31000,31567,1,68,716.042390374274,2.6273219991708174,31203.440479992423,6019.4221497133085
1783291742,500,,Aggregated,208.500000,0.000000,67,120,180,240,940,2700,13000,17000,30000,31000,31000,31798,1,67,711.0387881628316,2.6273219991708174,31203.440479992423,6020.299767280961
1783291743,500,,Aggregated,209.900000,0.000000,67,120,170,240,930,2700,13000,17000,30000,31000,31000,32023,1,67,706.2880403966111,2.6273219991708174,31203.440479992423,6018.354745027012
1783291744,500,,Aggregated,207.600000,0.000000,67,120,170,240,920,2700,13000,17000,30000,31000,31000,32254,1,67,701.564648470137,2.6273219991708174,31203.440479992423,6010.882433186582
1783291745,500,,Aggregated,206.500000,0.000000,66,110,170,240,910,2600,11000,17000,30000,31000,31000,32482,1,66,696.9217086573408,2.6273219991708174,31203.440479992423,6005.321439566529
1783291746,500,,Aggregated,208.400000,0.000000,66,110,170,230,910,2600,10000,17000,30000,31000,31000,32717,1,66,692.3112598400435,2.6273219991708174,31203.440479992423,6009.949445242534
1783291747,500,,Aggregated,215.500000,0.000000,65,110,170,230,900,2600,8000,16000,30000,31000,31000,32938,1,65,687.8608562286595,2.6273219991708174,31203.440479992423,6014.770690388002
1783291748,500,,Aggregated,224.600000,0.000000,65,110,170,230,890,2600,7900,16000,30000,31000,31000,33179,1,65,683.2347003299232,2.6273219991708174,31203.440479992423,6016.657132523585
1783291749,500,,Aggregated,223.000000,0.000000,65,110,170,230,880,2600,7900,16000,30000,31000,31000,33385,1,65,679.2857822742687,2.6273219991708174,31203.440479992423,6019.3024112625435
1783291750,500,,Aggregated,229.900000,0.000000,64,110,160,230,870,2600,7900,16000,30000,31000,31000,33627,1,64,674.8147814196777,2.6273219991708174,31203.440479992423,6017.965206530466
1783291751,500,,Aggregated,225.200000,0.000000,64,110,160,220,860,2600,7900,16000,30000,31000,31000,33843,1,64,670.7501888204545,2.6273219991708174,31203.440479992423,6023.703217799841
1783291752,500,,Aggregated,226.100000,0.000000,63,110,160,220,850,2500,7900,16000,30000,31000,31000,34063,1,63,666.6568946972892,2.6273219991708174,31203.440479992423,6027.38957226316
1783291753,500,,Aggregated,223.900000,0.000000,64,110,170,230,840,2500,7900,16000,30000,31000,31000,34275,1,64,664.7982898544631,2.6273219991708174,31203.440479992423,6028.872501823486
1783291754,500,,Aggregated,225.400000,0.000000,65,110,170,230,840,2500,7900,16000,30000,31000,31000,34528,1,65,662.9256212960445,2.6273219991708174,31203.440479992423,6024.704471733086
1783291755,500,,Aggregated,215.000000,0.000000,65,110,170,230,820,2500,7900,16000,30000,31000,31000,34749,1,65,659.1120213544219,2.6273219991708174,31203.440479992423,6023.26443926444
1783291756,500,,Aggregated,215.300000,0.000000,64,110,170,230,810,2400,7900,16000,30000,31000,31000,34963,1,64,655.2273537839989,2.6273219991708174,31203.440479992423,6017.820724766181
1783291757,500,,Aggregated,216.500000,0.000000,64,110,160,230,800,2400,7600,16000,30000,31000,31000,35202,1,64,651.0794700968682,2.6273219991708174,31203.440479992423,6018.775382080564
1783291758,500,,Aggregated,216.700000,0.000000,63,110,160,220,790,2400,7000,16000,30000,31000,31000,35416,1,63,647.3005211322536,2.6273219991708174,31203.440479992423,6017.586881635419
1783291759,500,,Aggregated,214.500000,0.000000,63,110,160,220,780,2400,6800,16000,30000,31000,31000,35642,1,63,643.5732839266309,2.6273219991708174,31203.440479992423,6017.435581617193
1783291760,500,,Aggregated,216.800000,0.000000,63,110,160,220,770,2400,6800,16000,30000,31000,31000,35861,1,63,639.8921619589528,2.6273219991708174,31203.440479992423,6015.99665374641
1783291761,500,,Aggregated,216.100000,0.000000,62,110,160,220,760,2400,6600,16000,30000,31000,31000,36079,1,62,636.22023334502,2.6273219991708174,31203.440479992423,6016.163834917819
1783291762,500,,Aggregated,214.300000,0.000000,62,110,160,220,740,2300,6600,16000,30000,31000,31000,36307,1,62,632.5725813218346,2.6273219991708174,31203.440479992423,6015.286969454926
1783291763,500,,Aggregated,214.000000,0.000000,62,110,160,210,730,2300,6600,16000,30000,31000,31000,36534,1,62,628.9731603894663,2.6273219991708174,31203.440479992423,6013.3642634258495
1783291764,500,,Aggregated,212.300000,0.000000,61,110,160,210,730,2300,6600,16000,30000,31000,31000,36756,1,61,625.3327415826916,2.6273219991708174,31203.440479992423,6010.9360104472735
1783291766,500,,Aggregated,223.400000,0.000000,61,110,150,210,720,2300,6600,15000,30000,31000,31000,36974,1,61,621.9665444014282,2.6273219991708174,31203.440479992423,6010.687131497809
1783291767,500,,Aggregated,220.600000,0.000000,61,110,150,210,710,2200,6400,15000,30000,31000,31000,37126,1,61,619.7663854652374,2.6273219991708174,31203.440479992423,6011.666971933416
1783291768,500,,Aggregated,220.500000,0.000000,62,110,160,210,700,2200,6300,15000,30000,31000,31000,37382,1,62,617.1363720011105,2.6273219991708174,31203.440479992423,6010.550264833342
1783291769,500,,Aggregated,214.400000,0.000000,62,110,160,210,690,2200,6200,15000,30000,31000,31000,37604,1,62,613.8672721112523,2.6273219991708174,31203.440479992423,6007.947904478247
1783291770,500,,Aggregated,216.000000,0.000000,61,110,150,210,680,2200,6200,15000,30000,31000,31000,37849,1,61,610.1594302984356,2.6273219991708174,31203.440479992423,6008.102406932812
1783291771,500,,Aggregated,216.600000,0.000000,61,110,150,210,670,2100,6200,15000,30000,31000,31000,38055,1,61,607.048845517762,2.6273219991708174,31203.440479992423,6008.003468663776
1783291772,500,,Aggregated,219.000000,0.000000,61,110,150,210,670,2100,6200,15000,30000,31000,31000,38290,1,61,603.9137196225772,2.6273219991708174,31203.440479992423,6008.815878819535
1783291773,500,,Aggregated,218.100000,0.000000,61,110,150,210,660,2100,6000,15000,30000,31000,31000,38514,1,61,600.5691464583115,2.6273219991708174,31203.440479992423,6007.005556421042
1783291774,500,,Aggregated,219.300000,0.000000,60,100,150,200,650,2100,6000,15000,30000,31000,31000,38737,1,60,597.3687073524142,2.6273219991708174,31203.440479992423,6002.058109817487
1783291775,500,,Aggregated,218.900000,0.000000,60,100,150,200,650,2100,6000,15000,30000,31000,31000,38970,1,60,594.0047442918801,2.6273219991708174,31203.440479992423,5997.323838850398
1783291776,500,,Aggregated,218.200000,0.000000,60,100,150,200,640,2100,6000,15000,30000,31000,31000,39210,1,59,590.526801804964,2.6273219991708174,31203.440479992423,5996.93973476154
1783291777,500,,Aggregated,219.900000,0.000000,59,100,150,200,630,2100,6000,15000,30000,31000,31000,39422,1,59,587.6211675243931,2.6273219991708174,31203.440479992423,5994.119856932677
1783291778,500,,Aggregated,221.500000,0.000000,59,100,150,200,620,2100,5900,15000,30000,31000,31000,39635,1,59,584.6887402774956,2.6273219991708174,31203.440479992423,5997.107455531727
1783291779,500,,Aggregated,227.500000,0.000000,59,100,150,200,610,2000,5900,15000,30000,31000,31000,39871,1,59,581.7358573287747,2.6273219991708174,31203.440479992423,6001.300193122821
1783291780,500,,Aggregated,223.300000,0.000000,59,100,150,190,610,2000,5800,15000,30000,31000,31000,40107,1,59,578.5841045998307,2.6273219991708174,31203.440479992423,5999.534944024734
1783291781,500,,Aggregated,224.600000,0.000000,59,100,150,190,600,2000,5800,15000,30000,31000,31000,40329,1,59,575.6008007089528,2.6273219991708174,31203.440479992423,5998.415557043319
1783291782,500,,Aggregated,223.500000,0.000000,58,100,140,190,590,2000,5700,15000,30000,31000,31000,40560,1,58,572.4854543179313,2.6273219991708174,31203.440479992423,5993.244501972386
1783291783,500,,Aggregated,225.500000,0.000000,58,100,140,190,580,2000,5700,15000,30000,31000,31000,40717,1,58,570.5182189334697,2.6273219991708174,31203.440479992423,5992.5520789842085
1783291784,500,,Aggregated,225.400000,0.000000,59,100,150,190,580,2000,5600,15000,30000,31000,31000,40965,1,59,568.8908575145632,2.6273219991708174,31203.440479992423,5990.979274990846
1783291785,500,,Aggregated,218.600000,0.000000,59,100,150,200,570,1900,5500,15000,30000,31000,31000,41212,1,59,566.3870791458107,2.6273219991708174,31203.440479992423,5991.534625837135
1783291786,500,,Aggregated,220.700000,0.000000,59,100,150,190,570,1900,5400,15000,30000,31000,31000,41420,1,59,563.6926946766329,2.6273219991708174,31203.440479992423,5991.589859971028
1783291787,500,,Aggregated,222.300000,0.000000,59,100,150,190,560,1900,5400,15000,30000,31000,31000,41647,1,59,560.9750489411263,2.6273219991708174,31203.440479992423,5993.984176531323
1783291788,500,,Aggregated,219.100000,0.000000,58,100,140,190,560,1900,5300,15000,30000,31000,31000,41875,1,58,558.1778703120737,2.6273219991708174,31203.440479992423,5993.629014925373
1783291789,500,,Aggregated,220.200000,0.000000,58,100,140,190,550,1900,5300,15000,30000,31000,31000,42095,1,58,555.3972877608535,2.6273219991708174,31203.440479992423,5993.204062240171
1783291790,500,,Aggregated,222.400000,0.000000,57,100,140,190,550,1900,5200,15000,30000,31000,31000,42319,1,57,552.6217358641763,2.6273219991708174,31203.440479992423,5993.004182518491
1783291791,500,,Aggregated,221.100000,0.000000,57,100,140,190,540,1900,5200,15000,30000,31000,31000,42542,1,57,549.981078966577,2.6273219991708174,31203.440479992423,5992.7786892952845
1783291792,500,,Aggregated,219.500000,0.000000,57,100,140,190,540,1900,5200,15000,30000,31000,31000,42774,1,57,547.2892495763118,2.6273219991708174,31203.440479992423,5996.045775471081
1783291793,500,,Aggregated,219.700000,0.000000,57,99,140,180,530,1900,5000,15000,30000,31000,31000,42977,1,57,544.8218897332315,2.6273219991708174,31203.440479992423,5990.808758172976
1783291794,500,,Aggregated,219.600000,0.000000,57,99,140,180,530,1800,5000,15000,30000,31000,31000,43223,1,57,542.2406778064469,2.6273219991708174,31203.440479992423,5992.49168266895
1783291795,500,,Aggregated,224.200000,0.000000,57,99,140,180,530,1800,4900,15000,30000,31000,31000,43463,1,57,539.4801333114152,2.6273219991708174,31203.440479992423,5992.363941743552
1783291796,500,,Aggregated,223.000000,0.000000,57,98,140,180,520,1800,4900,15000,30000,31000,31000,43682,1,57,537.0838478513177,2.6273219991708174,31203.440479992423,5991.812737512018
1783291797,500,,Aggregated,222.100000,0.000000,56,98,140,180,520,1800,4900,15000,30000,31000,31000,43901,1,56,534.6616072355375,2.6273219991708174,31203.440479992423,5991.334548187969
1783291798,500,,Aggregated,223.500000,0.000000,56,97,140,180,510,1800,4900,15000,30000,31000,31000,44131,1,56,531.9924868040455,2.6273219991708174,31203.440479992423,5990.707008678706
1783291799,500,,Aggregated,224.300000,0.000000,56,97,140,180,510,1800,4800,15000,30000,31000,31000,44282,1,56,530.4507012363779,2.6273219991708174,31203.440479992423,5991.454021950228
1783291800,500,,Aggregated,223.400000,0.000000,57,98,140,180,510,1800,4800,15000,30000,31000,31000,44511,1,57,529.4437733121553,2.6273219991708174,31203.440479992423,5990.5734762193615
1783291801,500,,Aggregated,217.700000,0.000000,57,99,140,180,510,1800,4800,15000,30000,31000,31000,44747,1,57,527.5031210586462,2.6273219991708174,31203.440479992423,5986.197532795494
1783291802,500,,Aggregated,216.700000,0.000000,57,98,140,180,500,1800,4800,15000,30000,31000,31000,44982,1,57,524.952719332229,2.6273219991708174,31203.440479992423,5985.36636876973
1783291803,500,,Aggregated,219.000000,0.000000,56,98,140,180,500,1800,4700,15000,30000,31000,31000,45209,1,56,522.4503167526686,2.6273219991708174,31203.440479992423,5981.076975823398
1783291804,500,,Aggregated,218.200000,0.000000,56,98,140,180,490,1700,4700,15000,30000,31000,31000,45409,1,56,520.2658733053255,2.6273219991708174,31203.440479992423,5984.12178202559
1783291805,500,,Aggregated,222.100000,0.000000,56,98,140,180,490,1700,4700,15000,30000,31000,31000,45654,1,56,518.0512752145834,2.6273219991708174,31203.440479992423,5987.423095457134
1783291806,500,,Aggregated,219.500000,0.000000,56,97,140,180,480,1700,4700,15000,30000,31000,31000,45887,1,56,515.6215859181577,2.6273219991708174,31203.440479992423,5984.788262470853
1783291807,500,,Aggregated,216.400000,0.000000,56,97,140,180,480,1700,4600,15000,30000,31000,31000,46116,1,56,513.2265053178432,2.6273219991708174,31203.440479992423,5982.048681585567
1783291808,500,,Aggregated,219.300000,0.000000,56,97,140,180,480,1700,4600,15000,30000,31000,31000,46330,1,56,511.07860778220476,2.6273219991708174,31203.440479992423,5981.731556227067
1783291809,500,,Aggregated,219.200000,0.000000,55,97,140,180,470,1700,4600,15000,30000,31000,31000,46567,1,55,508.7702268022107,2.6273219991708174,31203.440479992423,5984.177593574849
1783291810,500,,Aggregated,217.000000,0.000000,55,96,130,170,470,1700,4600,15000,30000,31000,31000,46781,1,55,506.673343858885,2.6273219991708174,31203.440479992423,5980.687971612407
1783291811,500,,Aggregated,224.800000,0.000000,56,96,130,170,470,1700,4600,15000,30000,31000,31000,47026,1,56,504.5128493316133,2.6273219991708174,31203.440479992423,5978.824246161697
1783291812,500,,Aggregated,227.000000,0.000000,55,96,130,170,460,1700,4600,15000,30000,31000,31000,47245,1,55,502.35786455439546,2.6273219991708174,31203.440479992423,5984.257932056303
1783291813,500,,Aggregated,224.800000,0.000000,55,96,130,170,460,1700,4600,15000,30000,31000,31000,47485,1,55,499.989897623871,2.6273219991708174,31203.440479992423,5983.557102242814
1783291814,500,,Aggregated,224.800000,0.000000,55,95,130,170,450,1700,4600,15000,30000,31000,31000,47710,1,55,497.80307601774285,2.6273219991708174,31203.440479992423,5981.82133724586
1783291815,500,,Aggregated,224.500000,0.000000,55,95,130,170,450,1600,4600,15000,30000,31000,31000,47876,1,55,496.45106257716895,2.6273219991708174,31203.440479992423,5981.025545158325
1783291816,500,,Aggregated,226.900000,0.000000,55,96,130,170,450,1600,4500,15000,30000,31000,31000,48137,1,55,494.9113509926794,2.6273219991708174,31203.440479992423,5980.939630637556
1783291817,500,,Aggregated,222.800000,0.000000,55,96,130,170,450,1600,4500,15000,30000,31000,31000,48349,1,55,492.92913415548526,2.6273219991708174,31203.440479992423,5983.649423979813
1783291818,500,,Aggregated,222.600000,0.000000,55,96,130,170,440,1600,4500,15000,30000,31000,31000,48584,1,55,490.7793312865488,2.6273219991708174,31203.440479992423,5980.788057796805
1783291819,500,,Aggregated,221.600000,0.000000,55,95,130,170,440,1600,4400,15000,30000,31000,31000,48821,1,55,488.6995338596435,2.6273219991708174,31203.440479992423,5983.848917474038
1783291820,500,,Aggregated,224.400000,0.000000,55,95,130,170,440,1600,4400,15000,30000,31000,31000,49034,1,55,486.74279448381924,2.6273219991708174,31203.440479992423,5984.300485377493
1783291821,500,,Aggregated,221.700000,0.000000,54,95,130,170,440,1600,4400,15000,30000,31000,31000,49260,1,54,484.6871698232571,2.6273219991708174,31203.440479992423,5982.70341047503
1783291822,500,,Aggregated,221.600000,0.000000,54,94,130,170,430,1500,4400,15000,30000,31000,31000,49502,1,54,482.5758745530042,2.6273219991708174,31203.440479992423,5984.193749747485
1783291823,500,,Aggregated,220.100000,0.000000,54,94,130,170,430,1500,4400,15000,30000,31000,31000,49712,1,54,480.65370825299516,2.6273219991708174,31203.440479992423,5984.230708883167
1783291824,500,,Aggregated,223.500000,0.000000,54,94,130,170,430,1500,4400,14000,30000,31000,31000,49948,1,54,478.7090936213058,2.6273219991708174,31203.440479992423,5984.1768238968525
1783291825,500,,Aggregated,220.900000,0.000000,54,94,130,170,420,1500,4400,14000,30000,31000,31000,50165,1,54,476.7827187234494,2.6273219991708174,31203.440479992423,5982.738064387521
1783291826,500,,Aggregated,221.100000,0.000000,54,94,130,170,420,1500,4400,14000,30000,31000,31000,50403,1,54,474.8670414402049,2.6273219991708174,31203.440479992423,5980.985119933337
1783291827,500,,Aggregated,227.100000,0.000000,54,93,130,160,420,1500,4300,14000,30000,31000,31000,50626,1,54,472.88464586926915,2.6273219991708174,31203.440479992423,5981.1414293051
1783291828,500,,Aggregated,224.100000,0.000000,53,93,130,160,420,1500,4300,14000,30000,31000,31000,50835,1,53,471.0793846915637,2.6273219991708174,31203.440479992423,5982.228799055769
1783291829,500,,Aggregated,226.700000,0.000000,54,93,130,160,410,1500,4300,14000,30000,31000,31000,51070,1,54,469.3374838014415,2.6273219991708174,31203.440479992423,5981.276248286666
1783291830,500,,Aggregated,225.400000,0.000000,53,93,130,160,410,1400,4300,14000,30000,31000,31000,51296,1,53,467.43578214682844,2.6273219991708174,31203.440479992423,5980.931515127885
1783291831,500,,Aggregated,223.100000,0.000000,53,92,130,160,410,1400,4300,14000,30000,31000,31000,51516,1,53,465.58751696816165,2.6273219991708174,31203.440479992423,5981.571608820561
1783291832,500,,Aggregated,224.700000,0.000000,53,92,130,160,410,1400,4300,14000,30000,31000,31000,51645,1,53,464.56947428935365,2.6273219991708174,31203.440479992423,5979.837835221222
1783291833,500,,Aggregated,224.700000,0.000000,54,93,130,160,410,1400,4200,14000,30000,31000,31000,51914,1,54,463.8379060099127,2.6273219991708174,31203.440479992423,5977.550988172748
1783291834,500,,Aggregated,223.500000,0.000000,54,93,130,170,410,1400,4200,14000,30000,31000,31000,52152,1,54,462.4733733971171,2.6273219991708174,31203.440479992423,5978.438180702562
1783291835,500,,Aggregated,214.500000,0.000000,53,93,130,160,410,1400,4200,14000,30000,31000,31000,52370,1,53,460.7127279685045,2.6273219991708174,31203.440479992423,5980.768111514226
1783291836,500,,Aggregated,218.900000,0.000000,53,93,130,160,410,1400,4100,14000,30000,31000,31000,52601,1,53,458.92001212740524,2.6273219991708174,31203.440479992423,5978.570692572384
1783291837,500,,Aggregated,217.200000,0.000000,53,93,130,160,410,1400,4100,14000,30000,31000,31000,52834,1,53,457.0508163103233,2.6273219991708174,31203.440479992423,5980.4233069614265
1783291838,500,,Aggregated,217.700000,0.000000,53,92,130,160,400,1300,4100,14000,30000,31000,31000,53052,1,53,455.31395846936465,2.6273219991708174,31203.440479992423,5980.109948729549
1783291839,500,,Aggregated,217.800000,0.000000,53,92,130,160,400,1300,4100,14000,30000,31000,31000,53283,1,53,453.5645523307581,2.6273219991708174,31203.440479992423,5977.442317437081
1783291840,500,,Aggregated,218.800000,0.000000,53,92,130,160,400,1300,4100,14000,30000,31000,31000,53540,1,53,451.91459026086613,2.6273219991708174,31203.440479992423,5976.99964512514
1783291841,500,,Aggregated,220.500000,0.000000,53,92,130,160,400,1300,4100,14000,30000,31000,31000,53756,1,53,450.2390898698163,2.6273219991708174,31203.440479992423,5978.8646476672375
1783291842,500,,Aggregated,215.200000,0.000000,53,92,130,160,390,1300,4100,14000,30000,31000,31000,53994,1,53,448.42509674520926,2.6273219991708174,31203.440479992423,5978.429344001185
1783291843,500,,Aggregated,219.400000,0.000000,53,92,130,160,390,1300,4100,14000,30000,31000,31000,54228,1,53,446.7430866887931,2.6273219991708174,31203.440479992423,5983.15486464557
1783291844,500,,Aggregated,217.400000,0.000000,52,91,130,160,390,1300,4100,14000,30000,31000,31000,54430,1,52,445.21504184598547,2.6273219991708174,31203.440479992423,5979.911207054933
1783291845,500,,Aggregated,229.000000,0.000000,52,91,120,160,390,1300,4100,14000,30000,31000,31000,54665,1,52,443.46750822489605,2.6273219991708174,31203.440479992423,5978.60878075551
1783291846,500,,Aggregated,224.000000,0.000000,52,91,120,160,390,1300,4100,14000,30000,31000,31000,54889,1,52,441.74896273331615,2.6273219991708174,31203.440479992423,5978.985789502451
1783291847,500,,Aggregated,222.900000,0.000000,52,91,120,160,380,1300,4100,14000,30000,31000,31000,55108,1,52,440.1618738157412,2.6273219991708174,31203.440479992423,5981.744665021412
1783291849,500,,Aggregated,221.600000,0.000000,52,91,120,160,380,1300,4000,14000,30000,31000,31000,55323,1,52,438.76291842806563,2.6273219991708174,31203.440479992423,5985.42143412324
1783291850,500,,Aggregated,221.000000,0.000000,52,91,120,160,390,1300,4000,14000,30000,31000,31000,55543,1,52,438.56948458828225,2.6273219991708174,31203.440479992423,5986.466557441982
1783291851,500,,Aggregated,218.900000,0.000000,53,92,130,160,400,1200,4000,14000,30000,31000,31000,55792,1,53,438.4673157676003,2.6273219991708174,31203.440479992423,5984.23754301692
1783291852,500,,Aggregated,214.000000,0.000000,53,92,130,160,400,1200,4000,14000,30000,31000,31000,56005,1,53,437.1092359121683,2.6273219991708174,31203.440479992423,5984.000678510847
1783291853,500,,Aggregated,213.700000,0.000000,53,92,130,160,390,1200,3900,14000,30000,31000,31000,56245,1,53,435.5383567762489,2.6273219991708174,31203.440479992423,5981.35368477198
1783291854,500,,Aggregated,214.100000,0.000000,53,92,130,160,390,1200,3900,14000,30000,31000,31000,56475,1,53,434.100966928767,2.6273219991708174,31203.440479992423,5983.9945639663565
1783291855,500,,Aggregated,211.800000,0.000000,53,93,130,160,390,1200,3900,14000,30000,31000,31000,56745,1,53,432.688449697701,2.6273219991708174,31203.440479992423,5987.343906952155
1783291856,500,,Aggregated,211.900000,0.000000,53,92,130,160,390,1200,3900,14000,30000,31000,31000,56978,1,53,431.2251006344022,2.6273219991708174,31203.440479992423,5986.880181824564
1783291857,500,,Aggregated,212.700000,0.000000,53,92,130,160,390,1100,3900,14000,30000,31000,31000,57169,1,53,429.9062006723228,2.6273219991708174,31203.440479992423,5984.67648550788
1783291858,500,,Aggregated,214.100000,0.000000,53,93,130,160,390,1100,3900,14000,30000,31000,31000,57406,1,53,428.75095837311704,2.6273219991708174,31203.440479992423,5981.824652475351
1783291859,500,,Aggregated,214.200000,0.000000,53,92,130,160,380,1100,3900,14000,30000,31000,31000,57642,1,53,427.20243940633947,2.6273219991708174,31203.440479992423,5981.067173241733
1783291861,500,,Aggregated,217.400000,0.000000,53,93,130,160,390,1100,3800,14000,30000,31000,31000,57835,1,53,427.5292322278427,2.6273219991708174,31203.440479992423,5985.984282873693
1783291862,500,,Aggregated,217.900000,0.000000,54,94,130,170,410,1200,3800,14000,30000,31000,31000,58088,1,54,429.56110235577637,2.6273219991708174,31203.440479992423,5985.047737914888
1783291863,500,,Aggregated,197.300000,0.000000,54,94,130,170,410,1200,3800,14000,30000,31000,31000,58296,1,54,428.93926706459047,2.6273219991708174,31203.440479992423,5984.953444490188
1783291864,500,,Aggregated,201.200000,0.000000,54,94,130,170,410,1200,3800,14000,30000,31000,31000,58449,1,54,427.89172061099987,2.6273219991708174,31203.440479992423,5983.701705760577
1783291865,500,,Aggregated,204.900000,0.000000,54,94,130,170,410,1100,3800,14000,30000,31000,31000,58695,1,54,427.5915552363774,2.6273219991708174,31203.440479992423,5982.995297725531
1783291866,500,,Aggregated,203.000000,0.000000,55,95,130,170,420,1100,3800,14000,30000,31000,31000,58937,1,55,427.6276673720938,2.6273219991708174,31203.440479992423,5983.570066342027
1783291867,500,,Aggregated,193.900000,0.000000,55,95,130,170,420,1100,3800,14000,30000,31000,31000,59148,1,55,426.3970705017954,2.6273219991708174,31203.440479992423,5981.9077060931895
1783291868,500,,Aggregated,191.100000,0.000000,54,95,130,170,420,1100,3800,14000,30000,31000,31000,59389,1,54,424.88381628348964,2.6273219991708174,31203.440479992423,5980.285035949419
1783291869,500,,Aggregated,195.900000,0.000000,54,95,130,170,420,1100,3700,14000,30000,31000,31000,59617,1,54,423.47875095521624,2.6273219991708174,31203.440479992423,5979.416374524045
1783291871,500,,Aggregated,195.100000,0.000000,55,96,130,170,420,1100,3700,14000,30000,31000,31000,59854,1,55,423.12954506593127,2.6273219991708174,31203.440479992423,5980.171066261236
1783291872,500,,Aggregated,197.500000,0.000000,55,96,130,170,430,1100,3700,14000,30000,31000,31000,60083,1,55,422.8605465530207,2.6273219991708174,31203.440479992423,5979.315912987035
1783291873,500,,Aggregated,211.700000,0.000000,55,96,130,170,420,1100,3700,14000,30000,31000,31000,60322,1,55,421.544997598024,2.6273219991708174,31203.440479992423,5979.296077716256
1783291874,500,,Aggregated,209.100000,0.000000,55,96,130,170,420,1100,3700,14000,30000,31000,31000,60535,1,55,420.14784638718135,2.6273219991708174,31203.440479992423,5979.2488973321215
1783291875,500,,Aggregated,206.700000,0.000000,55,96,130,170,420,1100,3700,14000,30000,31000,31000,60764,1,55,418.7151590329985,2.6273219991708174,31203.440479992423,5980.481057863209
1783291876,500,,Aggregated,208.900000,0.000000,55,95,130,170,420,1100,3700,14000,30000,31000,31000,60989,1,55,417.28217692679095,2.6273219991708174,31203.440479992423,5979.552788207709
1783291877,500,,Aggregated,218.500000,0.000000,54,95,130,170,420,1100,3700,13000,30000,31000,31000,61216,1,54,415.8529182295329,2.6273219991708174,31203.440479992423,5981.559347229482
1783291878,500,,Aggregated,219.100000,0.000000,54,95,130,170,410,1100,3700,13000,30000,31000,31000,61444,1,54,414.4834830174479,2.6273219991708174,31203.440479992423,5980.019725278302
1783291879,500,,Aggregated,214.600000,0.000000,54,95,130,170,410,1100,3600,13000,30000,31000,31000,61666,1,54,413.163197493368,2.6273219991708174,31203.440479992423,5980.270554276262
1783291880,500,,Aggregated,216.900000,0.000000,54,94,130,170,410,1100,3600,13000,30000,31000,31000,61905,1,54,411.7671025709729,2.6273219991708174,31203.440479992423,5980.453339794847
1783291881,500,,Aggregated,216.000000,0.000000,54,94,130,170,410,1100,3600,13000,30000,31000,31000,62110,1,54,410.50317885377734,2.6273219991708174,31203.440479992423,5977.835887940751
1783291882,500,,Aggregated,221.500000,0.000000,54,94,130,170,410,1100,3600,13000,30000,31000,31000,62204,1,54,410.1113603251248,2.6273219991708174,31203.440479992423,5977.846521124044
1783291883,500,,Aggregated,224.200000,0.000000,54,95,130,170,420,1100,3600,13000,30000,31000,31000,62461,1,54,410.24078455077716,2.6273219991708174,31203.440479992423,5978.690478858808
1783291884,500,,Aggregated,214.700000,0.000000,55,96,130,170,420,1100,3600,13000,30000,31000,31000,62684,1,55,410.3876664018272,2.6273219991708174,31203.440479992423,5977.820001914364
1783291886,500,,Aggregated,211.900000,0.000000,55,96,130,180,430,1100,3500,13000,30000,31000,31000,62940,1,55,411.10796264774626,2.6273219991708174,31203.440479992423,5977.643628852876
1783291887,500,,Aggregated,197.000000,0.000000,56,97,140,180,440,1100,3500,13000,30000,31000,31000,63191,1,56,411.5294027582914,2.6273219991708174,31203.440479992423,5978.926017945593
1783291888,500,,Aggregated,197.700000,0.000000,55,97,140,180,440,1100,3500,13000,30000,31000,31000,63409,1,55,410.3039054939692,2.6273219991708174,31203.440479992423,5975.633159330694
1783291889,500,,Aggregated,200.100000,0.000000,55,97,140,180,440,1100,3500,13000,30000,31000,31000,63626,1,55,408.99874776612035,2.6273219991708174,31203.440479992423,5973.028023135196
1783291890,500,,Aggregated,199.800000,0.000000,55,97,140,180,430,1000,3500,13000,30000,31000,31000,63837,1,55,407.95980330199154,2.6273219991708174,31203.440479992423,5972.8278741168915
1783291891,500,,Aggregated,199.200000,0.000000,55,97,140,180,430,1000,3500,13000,30000,31000,31000,64071,1,55,406.63857326171353,2.6273219991708174,31203.440479992423,5972.833497214028
1783291892,500,,Aggregated,197.500000,0.000000,55,97,140,180,430,1000,3500,13000,30000,31000,31000,64306,1,55,405.53922360590377,2.6273219991708174,31203.440479992423,5973.660296084347
1783291893,500,,Aggregated,199.300000,0.000000,55,96,130,180,430,1000,3500,13000,30000,31000,31000,64524,1,55,404.30919564641243,2.6273219991708174,31203.440479992423,5973.767869319943
1783291894,500,,Aggregated,207.800000,0.000000,55,96,130,170,430,1000,3500,11000,30000,31000,31000,64762,1,55,402.9178617994507,2.6273219991708174,31203.440479992423,5973.874432537599
1783291895,500,,Aggregated,210.800000,0.000000,55,96,130,170,430,1000,3400,11000,30000,31000,31000,64983,1,55,401.66849387381336,2.6273219991708174,31203.440479992423,5974.074250188511
1783291896,500,,Aggregated,209.700000,0.000000,55,96,130,170,420,1000,3400,10000,30000,31000,31000,65224,1,55,400.40208103210495,2.6273219991708174,31203.440479992423,5971.606479210107
1783291897,500,,Aggregated,225.400000,0.000000,55,96,130,170,430,1000,3400,10000,30000,31000,31000,65372,1,55,400.0608320004755,2.6273219991708174,31203.440479992423,5970.29879765037
1783291898,500,,Aggregated,226.400000,0.000000,55,96,130,180,430,1000,3400,10000,30000,31000,31000,65522,1,55,400.55119532497775,2.6273219991708174,31203.440479992423,5969.709303745307
1783291899,500,,Aggregated,215.500000,0.000000,56,97,140,180,440,1000,3400,8700,30000,31000,31000,65754,1,56,401.21861514380987,2.6273219991708174,31203.440479992423,5969.5172765154975
1783291900,500,,Aggregated,208.400000,0.000000,56,98,140,180,440,1000,3400,8000,30000,31000,31000,65995,1,56,400.9342849539525,2.6273219991708174,31203.440479992423,5968.90231078112
1783291901,500,,Aggregated,210.000000,0.000000,56,97,140,180,440,1000,3400,7900,30000,31000,31000,66216,1,56,399.6850641929312,2.6273219991708174,31203.440479992423,5969.425456083122
1783291902,500,,Aggregated,213.000000,0.000000,55,97,140,180,440,1000,3400,7900,30000,31000,31000,66454,1,55,398.3926211825053,2.6273219991708174,31203.440479992423,5970.105968038041
1783291903,500,,Aggregated,211.400000,0.000000,55,97,140,180,440,1000,3400,7900,30000,31000,31000,66685,1,55,397.20075568620047,2.6273219991708174,31203.440479992423,5970.487785858889
1783291904,500,,Aggregated,211.000000,0.000000,55,97,140,180,440,1000,3400,7900,30000,31000,31000,66894,1,55,396.10415476014447,2.6273219991708174,31203.440479992423,5971.920530989327
1783291905,500,,Aggregated,213.200000,0.000000,56,97,140,180,440,1000,3400,7900,30000,31000,31000,67138,1,56,395.8735974079844,2.6273219991708174,31203.440479992423,5972.2646489320505
1783291906,500,,Aggregated,212.500000,0.000000,56,98,140,180,440,1000,3300,7900,30000,31000,31000,67401,1,56,395.55995431589133,2.6273219991708174,31203.440479992423,5974.191065414459
1783291907,500,,Aggregated,203.800000,0.000000,56,98,140,180,440,990,3300,7900,30000,31000,31000,67614,1,56,394.422074987818,2.6273219991708174,31203.440479992423,5973.690581832165
1783291908,500,,Aggregated,204.700000,0.000000,56,97,140,180,440,990,3300,7900,30000,31000,31000,67836,1,56,393.21171184337624,2.6273219991708174,31203.440479992423,5973.193363405861
1783291909,500,,Aggregated,214.800000,0.000000,55,97,140,180,440,980,3300,7900,30000,31000,31000,68050,1,55,392.1019589916268,2.6273219991708174,31203.440479992423,5976.751770756797
1783291910,500,,Aggregated,222.600000,0.000000,55,97,140,180,440,980,3300,7900,30000,31000,31000,68302,1,55,390.83273312739163,2.6273219991708174,31203.440479992423,5976.523908523908
1783291911,500,,Aggregated,220.100000,0.000000,55,97,140,180,440,980,3300,7900,30000,31000,31000,68527,1,55,389.6669168509641,2.6273219991708174,31203.440479992423,5977.892509521795
1783291912,500,,Aggregated,219.700000,0.000000,55,96,140,180,430,980,3300,7900,30000,31000,31000,68747,1,55,388.57228939191754,2.6273219991708174,31203.440479992423,5979.115423218468
1783291913,500,,Aggregated,220.800000,0.000000,55,96,130,180,430,970,3300,7900,30000,31000,31000,68971,1,55,387.4185065269923,2.6273219991708174,31203.440479992423,5979.12522654449
1783291914,500,,Aggregated,221.900000,0.000000,55,96,130,180,430,970,3300,7900,30000,31000,31000,69203,1,55,386.4277871582785,2.6273219991708174,31203.440479992423,5979.372888458593
1783291915,500,,Aggregated,219.300000,0.000000,55,96,130,180,430,970,3200,7900,30000,31000,31000,69313,1,55,386.06743553315204,2.6273219991708174,31203.440479992423,5979.68029085453
1783291916,500,,Aggregated,219.200000,0.000000,55,97,140,180,440,970,3200,7900,30000,31000,31000,69565,1,55,386.2794847864345,2.6273219991708174,31203.440479992423,5978.546323582261
1783291917,500,,Aggregated,228.300000,0.000000,56,97,140,180,440,970,3200,7900,30000,31000,31000,69798,1,56,385.7638039956775,2.6273219991708174,31203.440479992423,5976.600074500702
1783291918,500,,Aggregated,214.900000,0.000000,56,97,140,180,440,960,3200,7900,30000,31000,31000,70031,1,56,384.66889383231893,2.6273219991708174,31203.440479992423,5976.036141137496
1783291919,500,,Aggregated,216.800000,0.000000,55,97,140,180,430,960,3200,7900,30000,31000,31000,70243,1,55,383.5966856116777,2.6273219991708174,31203.440479992423,5975.591631906382
1783291920,500,,Aggregated,215.300000,0.000000,55,97,140,180,430,960,3200,7600,30000,31000,31000,70482,1,55,382.4515940403664,2.6273219991708174,31203.440479992423,5974.213061490877
1783291921,500,,Aggregated,218.300000,0.000000,55,97,140,180,430,950,3200,7300,30000,31000,31000,70700,1,55,381.38542869645096,2.6273219991708174,31203.440479992423,5971.916789250354
1783291922,500,,Aggregated,216.600000,0.000000,55,96,140,180,430,950,3200,6900,30000,31000,31000,70925,1,55,380.3286237028149,2.6273219991708174,31203.440479992423,5972.515756080366
1783291923,500,,Aggregated,216.400000,0.000000,55,96,130,180,430,950,3200,6800,30000,31000,31000,71164,1,55,379.2059967703625,2.6273219991708174,31203.440479992423,5972.463296048564
1783291924,500,,Aggregated,215.200000,0.000000,55,96,130,170,430,940,3200,6800,30000,31000,31000,71366,1,55,378.21481767484426,2.6273219991708174,31203.440479992423,5974.141495950453
1783291925,500,,Aggregated,215.500000,0.000000,55,96,130,180,430,940,3200,6800,30000,31000,31000,71613,1,55,377.38076321289344,2.6273219991708174,31203.440479992423,5973.670213508721
1783291926,500,,Aggregated,217.000000,0.000000,55,96,130,170,420,940,3200,6800,30000,31000,31000,71839,1,55,376.4751058741765,2.6273219991708174,31203.440479992423,5975.230612898286
1783291928,500,,Aggregated,224.400000,0.000000,55,96,130,170,420,930,3200,6700,30000,31000,31000,72065,1,55,375.4288833243485,2.6273219991708174,31203.440479992423,5977.565447859572
1783291929,500,,Aggregated,220.700000,0.000000,55,96,130,170,420,930,3200,6600,30000,31000,31000,72281,1,55,374.4267864982389,2.6273219991708174,31203.440479992423,5978.243881517965
1783291930,500,,Aggregated,222.200000,0.000000,55,96,130,170,420,930,3200,6600,30000,31000,31000,72506,1,55,373.398644611689,2.6273219991708174,31203.440479992423,5977.131464982208
1783291931,500,,Aggregated,219.600000,0.000000,55,96,130,170,420,930,3100,6600,30000,31000,31000,72745,1,55,372.4071452059956,2.6273219991708174,31203.440479992423,5977.254587944189
1783291932,500,,Aggregated,219.700000,0.000000,55,96,130,170,420,920,3100,6600,30000,31000,31000,72975,1,55,371.4547856957204,2.6273219991708174,31203.440479992423,5977.798533744433
1783291933,500,,Aggregated,221.100000,0.000000,54,95,130,170,420,920,3100,6600,30000,31000,31000,73205,1,54,370.37281261893594,2.6273219991708174,31203.440479992423,5978.2790929581315
1783291934,500,,Aggregated,221.600000,0.000000,54,95,130,170,420,920,3100,6600,30000,31000,31000,73296,1,54,370.07541565319116,2.6273219991708174,31203.440479992423,5976.999631630649
1783291935,500,,Aggregated,222.300000,0.000000,55,96,130,170,420,920,3100,6600,30000,31000,31000,73552,1,55,370.4230536504828,2.6273219991708174,31203.440479992423,5974.470877746357
1783291936,500,,Aggregated,207.900000,0.000000,55,97,140,180,430,920,3000,6600,30000,31000,31000,73809,1,55,370.37936092329335,2.6273219991708174,31203.440479992423,5973.224484818925
1783291937,500,,Aggregated,217.100000,0.000000,55,96,130,170,420,920,3000,6600,30000,31000,31000,74006,1,55,369.5128380699846,2.6273219991708174,31203.440479992423,5973.927357241305
1783291938,500,,Aggregated,217.500000,0.000000,55,96,130,170,420,920,3000,6400,30000,31000,31000,74249,1,55,368.4200729871042,2.6273219991708174,31203.440479992423,5973.550081482579
1783291939,500,,Aggregated,214.900000,0.000000,55,96,130,170,420,920,3000,6400,30000,31000,31000,74480,1,55,367.38053128574785,2.6273219991708174,31203.440479992423,5973.1091433942
1783291940,500,,Aggregated,215.700000,0.000000,54,96,130,170,420,920,3000,6300,30000,31000,31000,74695,1,54,366.421196759496,2.6273219991708174,31203.440479992423,5973.838556797644
1783291941,500,,Aggregated,218.100000,0.000000,54,95,130,170,420,910,3000,6300,30000,31000,31000,74921,1,54,365.41795083145524,2.6273219991708174,31203.440479992423,5971.721706864564
1783291942,500,,Aggregated,217.300000,0.000000,54,95,130,170,420,910,3000,6200,30000,31000,31000,75138,1,54,364.46028410915096,2.6273219991708174,31203.440479992423,5968.7543719556015
1783291943,500,,Aggregated,216.000000,0.000000,54,95,130,170,420,910,3000,6200,30000,31000,31000,75367,1,54,363.5232448732117,2.6273219991708174,31203.440479992423,5972.1912906179095
1783291944,500,,Aggregated,215.300000,0.000000,54,95,130,170,410,910,3000,6200,30000,31000,31000,75596,1,54,362.6292879311909,2.6273219991708174,31203.440479992423,5968.674876977618
1783291945,500,,Aggregated,214.500000,0.000000,54,95,130,170,410,910,3000,6200,30000,31000,31000,75832,1,54,361.6158044519756,2.6273219991708174,31203.440479992423,5970.219656609347
1783291946,500,,Aggregated,229.300000,0.000000,54,94,130,170,410,900,2900,6200,30000,31000,31000,76055,1,54,360.66937712508394,2.6273219991708174,31203.440479992423,5970.813608572744
1783291947,500,,Aggregated,225.300000,0.000000,54,94,130,170,410,900,2900,6200,30000,31000,31000,76285,1,54,359.69258836260695,2.6273219991708174,31203.440479992423,5969.8311201415745
1783291948,500,,Aggregated,222.600000,0.000000,54,94,130,170,410,900,2900,6200,30000,31000,31000,76504,1,54,358.7900833068268,2.6273219991708174,31203.440479992423,5968.3386228171075
1783291949,500,,Aggregated,227.000000,0.000000,53,94,130,170,410,900,2900,6100,30000,31000,31000,76754,1,53,357.74120335185773,2.6273219991708174,31203.440479992423,5970.631146259479
1783291950,500,,Aggregated,224.600000,0.000000,53,94,130,170,410,890,2900,6100,30000,31000,31000,76963,1,53,356.8470267128296,2.6273219991708174,31203.440479992423,5969.192391148994
1783291951,500,,Aggregated,224.700000,0.000000,53,93,130,170,410,890,2900,6000,29000,31000,31000,77203,1,53,355.8603264053664,2.6273219991708174,31203.440479992423,5968.737587917568
1783291952,500,,Aggregated,225.100000,0.000000,53,93,130,170,410,890,2900,6000,29000,31000,31000,77413,1,53,354.9621667997304,2.6273219991708174,31203.440479992423,5970.738144756048
1783291953,500,,Aggregated,225.300000,0.000000,53,93,130,170,410,890,2800,6000,29000,31000,31000,77521,1,53,354.6923820110727,2.6273219991708174,31203.440479992423,5970.489312573367
1783291954,500,,Aggregated,224.700000,0.000000,53,94,130,170,410,890,2800,6000,29000,31000,31000,77769,1,53,355.152751890115,2.6273219991708174,31203.440479992423,5970.736668852628
1783291955,500,,Aggregated,213.200000,0.000000,53,94,130,170,410,890,2800,6000,29000,31000,31000,78026,1,53,354.77810370587025,2.6273219991708174,31203.440479992423,5969.503421936278
1783291956,500,,Aggregated,213.200000,0.000000,53,94,130,170,410,890,2800,6000,29000,31000,31000,78226,1,53,353.93130162923177,2.6273219991708174,31203.440479992423,5970.703078260425
1783291957,500,,Aggregated,218.000000,0.000000,53,94,130,170,410,890,2800,6000,29000,31000,31000,78452,1,53,353.01285879310035,2.6273219991708174,31203.440479992423,5972.373056136236
1783291958,500,,Aggregated,215.400000,0.000000,53,94,130,170,410,880,2700,6000,29000,31000,31000,78684,1,53,352.2143387771116,2.6273219991708174,31203.440479992423,5972.4202760408725
1783291959,500,,Aggregated,213.200000,0.000000,53,94,130,170,410,880,2700,6000,29000,31000,31000,78906,1,53,351.3204549609701,2.6273219991708174,31203.440479992423,5972.764301827491
1783291960,500,,Aggregated,214.500000,0.000000,53,94,130,170,410,870,2700,6000,28000,31000,31000,79143,1,53,351.25801529629126,2.6273219991708174,31203.440479992423,5972.8560832922685
1783291961,500,,Aggregated,213.400000,0.000000,54,94,130,170,410,870,2700,5900,28000,31000,31000,79397,1,54,350.79409423477426,2.6273219991708174,31203.440479992423,5971.495824779274
1783291962,500,,Aggregated,205.700000,0.000000,53,94,130,170,410,870,2700,5900,28000,31000,31000,79599,1,53,349.9706988698652,2.6273219991708174,31203.440479992423,5973.004535232854
1783291963,500,,Aggregated,207.700000,0.000000,53,94,130,170,410,870,2700,5900,28000,31000,31000,79839,1,53,349.052667550087,2.6273219991708174,31203.440479992423,5972.093312791994
1783291964,500,,Aggregated,209.500000,0.000000,53,94,130,170,410,870,2700,5900,26000,31000,31000,80067,1,53,348.15374451694777,2.6273219991708174,31203.440479992423,5971.92744826208
1783291965,500,,Aggregated,220.700000,0.000000,53,94,130,170,410,860,2700,5800,26000,31000,31000,80299,1,53,347.274514961586,2.6273219991708174,31203.440479992423,5971.016363840147
1783291966,500,,Aggregated,221.100000,0.000000,53,93,130,170,410,860,2700,5800,26000,31000,31000,80527,1,53,346.38151063118545,2.6273219991708174,31203.440479992423,5974.315223465422
1783291967,500,,Aggregated,216.600000,0.000000,53,93,130,170,400,850,2700,5800,26000,31000,31000,80746,1,53,345.52533146889607,2.6273219991708174,31203.440479992423,5974.855299333713
1783291968,500,,Aggregated,219.800000,0.000000,53,93,130,170,400,850,2600,5800,26000,31000,31000,80965,1,53,344.65526010694305,2.6273219991708174,31203.440479992423,5974.89024887297
1783291969,500,,Aggregated,220.400000,0.000000,52,93,130,170,400,850,2600,5700,26000,31000,31000,81191,1,52,343.78531942947706,2.6273219991708174,31203.440479992423,5974.728713773694
1783291970,500,,Aggregated,219.900000,0.000000,52,93,130,170,400,850,2600,5700,26000,31000,31000,81358,1,52,343.2040951034035,2.6273219991708174,31203.440479992423,5973.520268443177
1783291971,500,,Aggregated,218.200000,0.000000,53,93,130,170,400,850,2600,5700,26000,31000,31000,81601,1,53,343.04428790296214,2.6273219991708174,31203.440479992423,5972.638705408022
1783291972,500,,Aggregated,228.500000,0.000000,53,94,130,170,400,840,2600,5600,26000,31000,31000,81858,1,53,342.8764077554623,2.6273219991708174,31203.440479992423,5973.043612108774
1783291973,500,,Aggregated,217.500000,0.000000,53,93,130,170,400,840,2600,5600,26000,31000,31000,82067,1,53,342.1250634610342,2.6273219991708174,31203.440479992423,5975.89788831077
1783291974,500,,Aggregated,218.000000,0.000000,53,93,130,170,400,840,2600,5500,26000,31000,31000,82296,1,53,341.32262575285347,2.6273219991708174,31203.440479992423,5975.247496840672
1783291975,500,,Aggregated,222.100000,0.000000,53,93,130,170,400,830,2600,5500,26000,31000,31000,82512,1,53,340.48905348758865,2.6273219991708174,31203.440479992423,5976.667563505915
1783291976,500,,Aggregated,219.500000,0.000000,53,93,130,170,400,830,2600,5400,26000,31000,31000,82741,1,53,339.7191818219968,2.6273219991708174,31203.440479992423,5977.325328434513
1783291977,500,,Aggregated,219.900000,0.000000,53,93,130,170,400,830,2600,5400,26000,31000,31000,82979,1,53,338.8517707919095,2.6273219991708174,31203.440479992423,5979.524445944155
1783291978,500,,Aggregated,218.000000,0.000000,52,93,130,170,400,820,2600,5400,26000,31000,31000,83199,1,52,338.0314316765322,2.6273219991708174,31203.440479992423,5980.2632243176
1783291979,500,,Aggregated,217.700000,0.000000,52,92,130,170,400,820,2600,5300,26000,31000,31000,83430,1,52,337.1762276201112,2.6273219991708174,31203.440479992423,5981.480270885772
1783291980,500,,Aggregated,219.800000,0.000000,52,92,130,160,400,820,2600,5300,26000,31000,31000,83675,1,52,336.3523071292727,2.6273219991708174,31203.440479992423,5980.660221093516
1783291981,500,,Aggregated,221.200000,0.000000,52,92,130,160,390,820,2600,5300,26000,31000,31000,83892,1,52,335.5388375146956,2.6273219991708174,31203.440479992423,5980.813784389453
1783291982,500,,Aggregated,219.600000,0.000000,52,92,130,160,390,810,2600,5300,25000,31000,31000,84139,1,52,334.6899189687996,2.6273219991708174,31203.440479992423,5979.402524394157
1783291983,500,,Aggregated,229.200000,0.000000,52,92,130,160,390,810,2600,5300,25000,31000,31000,84360,1,52,333.8957455399108,2.6273219991708174,31203.440479992423,5978.574549549549
1783291984,500,,Aggregated,228.500000,0.000000,52,91,130,160,390,800,2600,5200,25000,31000,31000,84587,1,52,333.08589872418963,2.6273219991708174,31203.440479992423,5978.8513837823775
1783291985,500,,Aggregated,226.200000,0.000000,52,91,130,160,390,800,2600,5200,25000,31000,31000,84803,1,52,332.35165034331357,2.6273219991708174,31203.440479992423,5978.914472365364
1783291986,500,,Aggregated,226.500000,0.000000,51,91,130,160,390,800,2500,5200,25000,31000,31000,85058,1,51,331.45757211292386,2.590649004559964,31203.440479992423,5978.833372522279
1783291987,500,,Aggregated,226.300000,0.000000,51,91,130,160,390,800,2500,5200,25000,31000,31000,85278,1,51,330.65942094175836,2.590649004559964,31203.440479992423,5978.106205586435
1783291988,500,,Aggregated,226.800000,0.000000,51,91,130,160,390,800,2500,5200,25000,31000,31000,85414,1,51,330.22991196605096,2.590649004559964,31203.440479992423,5978.509366146065
1783291989,500,,Aggregated,229.500000,0.000000,51,91,130,160,390,800,2500,5000,25000,31000,31000,85671,1,51,329.9441676852776,2.590649004559964,31203.440479992423,5978.825098341329
1783291990,500,,Aggregated,227.900000,0.000000,52,92,130,160,390,790,2500,5000,25000,31000,31000,85913,1,52,329.5382967894213,2.590649004559964,31203.440479992423,5980.584416793733
1783291991,500,,Aggregated,218.100000,0.000000,52,91,130,160,390,790,2500,5000,25000,31000,31000,86128,1,52,328.8154172474044,2.590649004559964,31203.440479992423,5981.176969162178
1783291993,500,,Aggregated,221.800000,0.000000,52,91,130,160,390,790,2500,5000,25000,31000,31000,86358,1,52,328.0783440080055,2.590649004559964,31203.440479992423,5980.002848606961
1783291994,500,,Aggregated,222.100000,0.000000,51,91,130,160,380,790,2500,5000,25000,31000,31000,86583,1,51,327.31369950720494,2.590649004559964,31203.440479992423,5977.433722555236
1783291995,500,,Aggregated,219.800000,0.000000,51,91,130,160,380,780,2500,4900,25000,31000,31000,86798,1,51,326.57100562836297,2.590649004559964,31203.440479992423,5979.058158022074
1783291996,500,,Aggregated,220.900000,0.000000,51,91,130,160,380,780,2500,4900,25000,31000,31000,87043,1,51,325.91196750507913,2.590649004559964,31203.440479992423,5979.885746125478
1783291997,500,,Aggregated,219.200000,0.000000,51,91,130,160,380,780,2500,4900,25000,31000,31000,87252,1,51,325.21162638250945,2.590649004559964,31203.440479992423,5980.174987392839
1783291998,500,,Aggregated,221.900000,0.000000,51,91,130,160,380,780,2400,4900,25000,31000,31000,87474,1,51,324.4511928700715,2.590649004559964,31203.440479992423,5980.196298328647
1783291999,500,,Aggregated,217.900000,0.000000,51,91,130,160,380,770,2400,4900,25000,31000,31000,87711,1,51,323.83121787521117,2.590649004559964,31203.440479992423,5981.445873379622
1783292000,500,,Aggregated,218.400000,0.000000,51,91,130,160,380,770,2400,4900,25000,31000,31000,87942,1,51,323.117237901578,2.590649004559964,31203.440479992423,5981.743603738828
1783292001,500,,Aggregated,228.300000,0.000000,51,90,120,160,380,770,2400,4900,25000,31000,31000,88174,1,51,322.39358373641437,2.590649004559964,31203.440479992423,5981.271077641935
1783292002,500,,Aggregated,225.200000,0.000000,51,90,120,160,370,770,2400,4900,25000,31000,31000,88408,1,51,321.6351906574257,2.590649004559964,31203.440479992423,5982.425594968781
1783292003,500,,Aggregated,224.900000,0.000000,51,90,120,160,370,760,2400,4800,25000,31000,31000,88635,1,51,320.878240353029,2.590649004559964,31203.440479992423,5983.523427539911
1783292004,500,,Aggregated,226.500000,0.000000,51,90,120,160,370,760,2400,4800,25000,31000,31000,88857,1,51,320.1463923823064,2.590649004559964,31203.440479992423,5984.1015901954825
1783292005,500,,Aggregated,226.200000,0.000000,50,90,120,160,370,760,2400,4800,25000,31000,31000,89088,1,50,319.40655311566775,2.590649004559964,31203.440479992423,5983.182965158046
1783292006,500,,Aggregated,225.500000,0.000000,50,89,120,160,370,760,2400,4800,25000,31000,31000,89316,1,50,318.6655832934139,2.590649004559964,31203.440479992423,5984.672074432353
1783292007,500,,Aggregated,227.900000,0.000000,50,89,120,160,370,750,2400,4800,25000,31000,31000,89484,1,50,318.15599649755796,2.590649004559964,31203.440479992423,5983.693610030844
1783292008,500,,Aggregated,225.100000,0.000000,50,90,120,160,370,750,2400,4800,25000,31000,31000,89725,1,50,318.2280954502713,2.590649004559964,31203.440479992423,5981.352577319588
1783292009,500,,Aggregated,223.800000,0.000000,51,90,120,160,370,750,2400,4800,25000,31000,31000,89975,1,51,317.844326754137,2.590649004559964,31203.440479992423,5982.410247290914
1783292010,500,,Aggregated,216.900000,0.000000,50,90,120,160,370,750,2400,4700,25000,31000,31000,90203,1,50,317.12441787074005,2.590649004559964,31203.440479992423,5980.0349988359585
1783292011,500,,Aggregated,222.600000,0.000000,50,90,120,160,370,750,2300,4700,25000,31000,31000,90437,1,50,316.4367213868574,2.590649004559964,31203.440479992423,5979.085407521258
1783292012,500,,Aggregated,220.000000,0.000000,50,90,120,160,370,740,2300,4700,25000,31000,31000,90670,1,50,315.75435135102043,2.590649004559964,31203.440479992423,5978.470188596008
1783292013,500,,Aggregated,219.200000,0.000000,50,89,120,160,370,740,2300,4700,25000,31000,31000,90880,1,50,315.0862847033135,2.590649004559964,31203.440479992423,5977.339095510563
1783292014,500,,Aggregated,219.900000,0.000000,50,89,120,160,370,740,2300,4700,25000,31000,31000,91111,1,50,314.39463241511015,2.590649004559964,31203.440479992423,5975.98364632152
1783292015,500,,Aggregated,218.800000,0.000000,50,89,120,160,370,740,2300,4700,25000,31000,31000,91350,1,50,313.71672684830975,2.590649004559964,31203.440479992423,5974.027706622879
1783292016,500,,Aggregated,220.200000,0.000000,50,89,120,160,370,740,2300,4700,25000,31000,31000,91571,1,50,313.02250940006115,2.590649004559964,31203.440479992423,5971.484847823001
1783292017,500,,Aggregated,219.400000,0.000000,50,89,120,150,360,740,2300,4700,25000,31000,31000,91796,1,50,312.42543301185304,2.590649004559964,31203.440479992423,5972.078195128328
1783292018,500,,Aggregated,220.100000,0.000000,50,89,120,150,360,730,2300,4600,25000,31000,31000,92016,1,50,311.7678835896483,2.590649004559964,31203.440479992423,5971.368066423231
1783292019,500,,Aggregated,223.100000,0.000000,50,89,120,150,360,730,2300,4600,25000,31000,31000,92244,1,50,311.09462481663905,2.590649004559964,31203.440479992423,5971.078205628551
1783292020,500,,Aggregated,229.600000,0.000000,50,89,120,150,360,730,2200,4600,25000,31000,31000,92465,1,50,310.43323068515616,2.590649004559964,31203.440479992423,5973.013280700806
1783292021,500,,Aggregated,222.700000,0.000000,50,88,120,150,360,730,2200,4600,25000,31000,31000,92700,1,50,309.7946858371734,2.590649004559964,31203.440479992423,5974.640722761596
1783292022,500,,Aggregated,226.100000,0.000000,50,88,120,150,360,730,2200,4600,25000,31000,31000,92907,1,50,309.19498741391897,2.590649004559964,31203.440479992423,5977.595993843305
1783292023,500,,Aggregated,225.300000,0.000000,50,88,120,150,360,720,2200,4600,25000,31000,31000,93135,1,50,308.5284435673809,2.590649004559964,31203.440479992423,5976.925452300424
1783292024,500,,Aggregated,222.600000,0.000000,50,88,120,150,360,720,2200,4600,25000,31000,31000,93376,1,49,307.86651589581857,2.590649004559964,31203.440479992423,5978.70281442769
1783292025,500,,Aggregated,222.600000,0.000000,49,88,120,150,360,720,2200,4600,25000,31000,31000,93476,1,49,307.5862061773718,2.590649004559964,31203.440479992423,5980.191781847747
1783292026,500,,Aggregated,222.600000,0.000000,50,88,120,150,360,720,2200,4600,25000,31000,31000,93731,1,50,307.9176232131302,2.590649004559964,31203.440479992423,5981.473258580406
1783292027,500,,Aggregated,221.300000,0.000000,50,89,120,150,370,730,2200,4600,25000,31000,31000,93999,1,50,308.13315018087405,2.590649004559964,31203.440479992423,5980.017042734497
1783292028,500,,Aggregated,209.400000,0.000000,50,89,120,150,370,730,2200,4600,25000,31000,31000,94178,1,50,307.5980021091128,2.590649004559964,31203.440479992423,5980.191987513007
1783292029,500,,Aggregated,213.800000,0.000000,50,89,120,150,360,730,2200,4600,25000,31000,31000,94417,1,50,306.9121270812243,2.590649004559964,31203.440479992423,5979.912748763464
1783292030,500,,Aggregated,213.500000,0.000000,50,88,120,150,360,720,2200,4600,25000,31000,31000,94635,1,50,306.266440371121,2.590649004559964,31203.440479992423,5980.503059121889
1783292031,500,,Aggregated,212.900000,0.000000,50,88,120,150,360,720,2100,4600,25000,31000,31000,94869,1,50,305.6254659987046,2.590649004559964,31203.440479992423,5982.028660574055
1783292032,500,,Aggregated,211.800000,0.000000,49,88,120,150,360,720,2100,4600,25000,31000,31000,95078,1,49,305.01598888034096,2.590649004559964,31203.440479992423,5980.741864574349
1783292033,500,,Aggregated,211.400000,0.000000,49,88,120,150,360,720,2100,4600,25000,31000,31000,95298,1,49,304.4334859810295,2.590649004559964,31203.440479992423,5979.779848475309
1783292034,500,,Aggregated,212.900000,0.000000,49,88,120,150,360,720,2100,4600,25000,31000,31000,95539,1,49,303.91114316491905,2.590649004559964,31203.440479992423,5978.6392049320175
1783292035,500,,Aggregated,212.000000,0.000000,49,88,120,150,360,720,2100,4600,25000,31000,31000,95756,1,49,303.34292315017575,2.590649004559964,31203.440479992423,5977.2715547850785
1783292036,500,,Aggregated,211.400000,0.000000,49,88,120,150,360,710,2100,4600,25000,31000,31000,95985,1,49,302.7522802978831,2.590649004559964,31203.440479992423,5976.596957857999
1783292037,500,,Aggregated,214.300000,0.000000,49,88,120,150,360,710,2100,4500,25000,31000,31000,96205,1,49,302.1468724672876,2.590649004559964,31203.440479992423,5977.074310067044
1783292038,500,,Aggregated,224.000000,0.000000,49,88,120,150,360,710,2100,4500,25000,31000,31000,96426,1,49,301.55362445386476,2.590649004559964,31203.440479992423,5978.856345798851
1783292039,500,,Aggregated,221.500000,0.000000,49,88,120,150,350,710,2100,4500,25000,31000,31000,96641,1,49,301.0237285947704,2.590649004559964,31203.440479992423,5978.927846359205
1783292040,500,,Aggregated,221.100000,0.000000,49,88,120,150,350,710,2100,4500,25000,31000,31000,96873,1,49,300.446618785162,2.590649004559964,31203.440479992423,5979.0784119414075
1783292041,500,,Aggregated,221.900000,0.000000,49,88,120,150,350,710,2100,4500,25000,31000,31000,97125,1,49,299.85354536512597,2.590649004559964,31203.440479992423,5977.098522522522
1783292042,500,,Aggregated,221.200000,0.000000,49,87,120,150,350,700,2100,4500,25000,31000,31000,97332,1,49,299.32088717706284,2.590649004559964,31203.440479992423,5977.4374203756215
1783292043,500,,Aggregated,221.200000,0.000000,49,87,120,150,350,700,2100,4400,25000,31000,31000,97545,1,49,298.7513625091394,2.590649004559964,31203.440479992423,5976.62747449895
1783292044,500,,Aggregated,223.200000,0.000000,49,87,120,150,350,700,2100,4400,25000,31000,31000,97656,1,49,298.56014378994644,2.590649004559964,31203.440479992423,5976.869460145818
1783292045,500,,Aggregated,223.500000,0.000000,50,88,120,150,360,710,2100,4400,25000,31000,31000,97912,1,50,299.03450626512415,2.590649004559964,31203.440479992423,5977.377206062587
1783292046,500,,Aggregated,222.500000,0.000000,50,88,120,150,360,720,2100,4400,25000,31000,31000,98169,1,50,299.5484729442874,2.590649004559964,31203.440479992423,5978.195723700965
1783292047,500,,Aggregated,207.700000,0.000000,50,88,120,150,360,720,2100,4400,25000,31000,31000,98369,1,50,299.03416234946815,2.590649004559964,31203.440479992423,5979.46900954569
1783292048,500,,Aggregated,210.600000,0.000000,50,88,120,150,360,710,2100,4400,25000,31000,31000,98601,1,50,298.5035182380908,2.590649004559964,31203.440479992423,5979.762020669162
1783292049,500,,Aggregated,211.800000,0.000000,50,88,120,150,360,710,2100,4400,25000,31000,31000,98832,1,50,297.87863647693064,2.590649004559964,31203.440479992423,5980.815231908694
1783292050,500,,Aggregated,210.100000,0.000000,50,88,120,150,360,710,2100,4400,25000,31000,31000,99042,1,50,297.33274545849275,2.590649004559964,31203.440479992423,5980.242624341188
1783292051,500,,Aggregated,211.300000,0.000000,50,88,120,150,360,710,2100,4400,25000,31000,31000,99284,1,50,296.782494891585,2.590649004559964,31203.440479992423,5979.702489827163
1783292052,500,,Aggregated,211.600000,0.000000,50,88,120,150,360,710,2100,4400,25000,31000,31000,99493,1,50,296.27679292936324,2.590649004559964,31203.440479992423,5979.907179399555
1783292053,500,,Aggregated,210.800000,0.000000,50,88,120,150,350,710,2000,4400,25000,31000,31000,99751,1,50,295.6365136809465,2.590649004559964,31203.440479992423,5978.144830628265
1783292055,500,,Aggregated,211.000000,0.000000,49,88,120,150,350,710,2000,4400,25000,31000,31000,99957,1,49,295.0787988568485,2.590649004559964,31203.440479992423,5977.729013475795
1783292056,500,,Aggregated,214.600000,0.000000,49,88,120,150,350,700,2000,4400,25000,31000,31000,100190,1,49,294.48593698516817,2.590649004559964,31203.440479992423,5977.438686495659
1783292057,500,,Aggregated,226.100000,0.000000,49,87,120,150,350,700,2000,4400,25000,31000,31000,100431,1,49,293.9203030657858,2.590649004559964,31203.440479992423,5979.585446724617
1783292058,500,,Aggregated,225.900000,0.000000,49,87,120,150,350,700,2000,4400,25000,31000,31000,100667,1,49,293.3737538809027,2.590649004559964,31203.440479992423,5980.620223111844
1783292059,500,,Aggregated,224.200000,0.000000,49,87,120,150,350,700,2000,4400,25000,31000,31000,100893,1,49,292.81255862592764,2.590649004559964,31203.440479992423,5980.554518152895
1783292060,500,,Aggregated,227.800000,0.000000,49,87,120,150,350,700,2000,4300,25000,31000,31000,101116,1,49,292.23620565643216,2.590649004559964,31203.440479992423,5980.946427865027
1783292061,500,,Aggregated,227.000000,0.000000,49,87,120,150,350,690,2000,4300,25000,31000,31000,101352,1,49,291.68112837951855,2.590649004559964,31203.440479992423,5981.333727997474
1783292062,500,,Aggregated,227.200000,0.000000,49,87,120,150,350,690,2000,4300,25000,31000,31000,101568,1,49,291.32565827691684,2.590649004559964,31203.440479992423,5981.812312933207
1783292063,500,,Aggregated,229.200000,0.000000,49,87,120,150,350,690,2000,4300,25000,31000,31000,101729,1,49,291.01535275530915,2.590649004559964,31203.440479992423,5980.313411121706
1783292064,500,,Aggregated,226.300000,0.000000,50,88,120,150,350,690,2000,4300,25000,31000,31000,101945,1,50,291.2993431772402,2.590649004559964,31203.440479992423,5981.24910490951
1783292065,500,,Aggregated,223.000000,0.000000,50,88,120,150,360,700,2000,4300,25000,31000,31000,102191,1,50,291.78044398235386,2.590649004559964,31203.440479992423,5978.670587429421
1783292066,500,,Aggregated,215.400000,0.000000,50,88,120,150,360,700,2000,4300,25000,31000,31000,102421,1,50,291.3869193401033,2.590649004559964,31203.440479992423,5979.848898175179
1783292067,500,,Aggregated,217.700000,0.000000,50,88,120,150,360,700,2000,4300,25000,31000,31000,102629,1,50,290.8579106029266,2.590649004559964,31203.440479992423,5979.624823392998
1783292068,500,,Aggregated,218.700000,0.000000,50,88,120,150,350,700,2000,4300,25000,31000,31000,102866,1,50,290.325507260753,2.590649004559964,31203.440479992423,5979.913567165049
1783292069,500,,Aggregated,216.200000,0.000000,50,88,120,150,350,690,1900,4300,25000,31000,31000,103105,1,50,289.7857296654739,2.590649004559964,31203.440479992423,5981.7537364822265
1783292070,500,,Aggregated,214.900000,0.000000,50,88,120,150,350,690,1900,4200,25000,31000,31000,103328,1,50,289.21758938097645,2.590649004559964,31203.440479992423,5982.52335281821
1783292071,500,,Aggregated,216.500000,0.000000,50,88,120,150,350,690,1900,4200,25000,31000,31000,103538,1,50,288.7816310933822,2.590649004559964,31203.440479992423,5981.800189302478
1783292072,500,,Aggregated,215.700000,0.000000,50,88,120,150,350,690,1900,4200,25000,31000,31000,103781,1,50,288.2397494586254,2.590649004559964,31203.440479992423,5981.477245353196
1783292073,500,,Aggregated,214.400000,0.000000,49,87,120,150,350,690,1900,4200,25000,31000,31000,104017,1,49,287.6667147622166,2.590649004559964,31203.440479992423,5983.923993193421
1783292074,500,,Aggregated,216.500000,0.000000,49,87,120,150,350,690,1900,4200,25000,31000,31000,104254,1,49,287.0881712308361,2.590649004559964,31203.440479992423,5984.381884627928
1783292075,500,,Aggregated,223.100000,0.000000,49,87,120,150,350,690,1900,4200,25000,31000,31000,104477,1,49,286.5507019108566,2.590649004559964,31203.440479992423,5983.898733692583
1783292076,500,,Aggregated,227.800000,0.000000,49,87,120,150,350,680,1900,4200,25000,31000,31000,104685,1,49,286.07487720746656,2.590649004559964,31203.440479992423,5984.238868987916
1783292077,500,,Aggregated,227.300000,0.000000,49,87,120,150,350,680,1900,4200,25000,31000,31000,104921,1,49,285.50467574491927,2.590649004559964,31203.440479992423,5984.598821970816
1783292078,500,,Aggregated,223.600000,0.000000,49,87,120,150,350,680,1900,4100,25000,31000,31000,105141,1,49,285.00000545518526,2.590649004559964,31203.440479992423,5986.140411447484
1783292079,500,,Aggregated,225.500000,0.000000,49,87,120,150,350,680,1900,4100,25000,31000,31000,105389,1,49,284.45212395738383,2.590649004559964,31203.440479992423,5984.673419427075
1783292080,500,,Aggregated,225.900000,0.000000,49,87,120,150,340,680,1900,4100,25000,31000,31000,105561,1,49,284.03463789550796,2.590649004559964,31203.440479992423,5985.240117088698
1783292081,500,,Aggregated,226.900000,0.000000,49,87,120,150,350,680,1900,4100,25000,31000,31000,105810,1,49,284.27479272151595,2.590649004559964,31203.440479992423,5985.590577450146
1783292082,500,,Aggregated,227.000000,0.000000,49,87,120,150,350,680,1900,4100,25000,31000,31000,106079,1,49,284.30974331720245,2.590649004559964,31203.440479992423,5985.771227104328
1783292083,500,,Aggregated,216.400000,0.000000,49,87,120,150,350,680,1900,4100,25000,31000,31000,106280,1,49,283.815768819114,2.590649004559964,31203.440479992423,5983.941061347385
1783292084,500,,Aggregated,219.400000,0.000000,49,87,120,150,350,680,1900,4100,25000,31000,31000,106497,1,49,283.3730575318214,2.590649004559964,31203.440479992423,5985.750734762481
1783292085,500,,Aggregated,218.600000,0.000000,49,87,120,150,350,680,1900,4100,25000,31000,31000,106724,1,49,282.8553964852842,2.590649004559964,31203.440479992423,5985.891926839324
1783292086,500,,Aggregated,216.600000,0.000000,49,87,120,150,350,680,1900,4100,25000,31000,31000,106946,1,49,282.45868225745306,2.590649004559964,31203.440479992423,5985.1726478783685
1783292087,500,,Aggregated,217.300000,0.000000,49,87,120,150,350,680,1900,4100,25000,31000,31000,107184,1,49,281.931637603332,2.590649004559964,31203.440479992423,5985.996930512017
1783292088,500,,Aggregated,218.400000,0.000000,49,87,120,150,350,670,1900,4100,25000,31000,31000,107392,1,49,281.42523286644683,2.590649004559964,31203.440479992423,5987.249767207985
1783292089,500,,Aggregated,219.400000,0.000000,49,87,120,150,350,670,1900,4100,25000,31000,31000,107624,1,49,280.8861055943047,2.590649004559964,31203.440479992423,5985.376951237642
1783292091,500,,Aggregated,214.700000,0.000000,49,87,120,150,350,670,1900,4100,25000,31000,31000,107875,1,49,280.88701828447245,2.590649004559964,31203.440479992423,5986.346400926999
1783292092,500,,Aggregated,208.900000,0.000000,49,88,120,150,350,670,1900,4100,25000,31000,31000,108121,1,49,281.0897646490648,2.590649004559964,31203.440479992423,5987.289148269069
1783292093,500,,Aggregated,222.200000,0.000000,50,88,120,150,350,670,1800,4100,25000,31000,31000,108376,1,50,280.93787641112715,2.590649004559964,31203.440479992423,5986.471082158411
1783292094,500,,Aggregated,212.500000,0.000000,49,88,120,150,350,670,1800,4100,25000,31000,31000,108598,1,49,280.4175173375699,2.590649004559964,31203.440479992423,5987.351442936334
1783292095,500,,Aggregated,214.400000,0.000000,49,88,120,150,350,670,1800,4100,25000,31000,31000,108851,1,49,279.9540863841529,2.590649004559964,31203.440479992423,5987.791926578534
1783292096,500,,Aggregated,215.800000,0.000000,50,88,120,150,350,670,1800,4100,25000,31000,31000,109063,1,50,279.563285893552,2.590649004559964,31203.440479992423,5988.024618798309
1783292097,500,,Aggregated,213.800000,0.000000,49,88,120,150,350,670,1800,4100,25000,31000,31000,109306,1,49,279.03200119641537,2.590649004559964,31203.440479992423,5987.808674729658
1783292098,500,,Aggregated,214.900000,0.000000,49,88,120,150,350,670,1800,4100,25000,31000,31000,109444,1,49,278.9125788786271,2.590649004559964,31203.440479992423,5988.141497021307
1783292099,500,,Aggregated,214.100000,0.000000,50,88,120,150,350,670,1800,4100,25000,31000,31000,109676,1,50,279.14341832633846,2.590649004559964,31203.440479992423,5988.368658594405
1783292100,500,,Aggregated,209.800000,0.000000,50,88,120,150,350,670,1800,4100,25000,31000,31000,109934,1,50,278.7922475204901,2.590649004559964,31203.440479992423,5986.390916368003
1783292101,500,,Aggregated,208.800000,0.000000,50,88,120,150,350,670,1800,4100,25000,31000,31000,110123,1,50,278.37647842703745,2.590649004559964,31203.440479992423,5987.296450332809
1783292102,500,,Aggregated,217.600000,0.000000,50,88,120,150,350,660,1800,4000,25000,31000,31000,110354,1,50,277.8714980193894,2.590649004559964,31203.440479992423,5985.5723852329775
1783292103,500,,Aggregated,213.700000,0.000000,50,88,120,150,350,660,1800,4000,25000,31000,31000,110587,1,50,277.3377335954019,2.590649004559964,31203.440479992423,5986.4215142828725
1783292104,500,,Aggregated,218.400000,0.000000,49,88,120,150,350,660,1800,4000,25000,31000,31000,110803,1,49,276.8674459830477,2.590649004559964,31203.440479992423,5987.258720431757
1783292105,500,,Aggregated,216.600000,0.000000,49,88,120,150,350,660,1800,4000,25000,31000,31000,111026,1,49,276.3913683557244,2.590649004559964,31203.440479992423,5986.30038009115
1783292106,500,,Aggregated,216.800000,0.000000,49,88,120,150,350,660,1800,4000,25000,31000,31000,111271,1,49,275.92629073089716,2.590649004559964,31203.440479992423,5986.26277286984
1783292107,500,,Aggregated,218.700000,0.000000,49,87,120,150,350,660,1800,4000,25000,31000,31000,111497,1,49,275.46279215542745,2.590649004559964,31203.440479992423,5985.950151125142
1783292108,500,,Aggregated,216.400000,0.000000,49,87,120,150,350,660,1800,4000,25000,31000,31000,111708,1,49,275.0281593378325,2.590649004559964,31203.440479992423,5984.587683961758
1783292109,500,,Aggregated,217.400000,0.000000,49,87,120,150,340,660,1800,4000,25000,31000,31000,111937,1,49,274.6361341881833,2.590649004559964,31203.440479992423,5984.283561288939
1783292110,500,,Aggregated,223.000000,0.000000,49,87,120,150,340,650,1800,4000,25000,31000,31000,112173,1,49,274.1271652994089,2.590649004559964,31203.440479992423,5984.492346643132
1783292111,500,,Aggregated,223.900000,0.000000,49,87,120,150,340,650,1800,4000,25000,31000,31000,112391,1,49,273.6626060380856,2.590649004559964,31203.440479992423,5982.96594923081
1783292112,500,,Aggregated,223.400000,0.000000,49,87,120,150,340,650,1800,3900,25000,31000,31000,112633,1,49,273.26217958493015,2.590649004559964,31203.440479992423,5983.837800644571
1783292113,500,,Aggregated,225.700000,0.000000,49,87,120,150,340,650,1800,3900,25000,31000,31000,112854,1,49,272.78055064865526,2.590649004559964,31203.440479992423,5981.269888528542
1783292114,500,,Aggregated,225.300000,0.000000,49,87,120,150,340,650,1800,3900,25000,31000,31000,113074,1,49,272.3263586338186,2.590649004559964,31203.440479992423,5981.132391177459
1783292115,500,,Aggregated,225.300000,0.000000,49,87,120,150,340,650,1800,3900,25000,31000,31000,113305,1,49,271.84460767189734,2.590649004559964,31203.440479992423,5980.45583160496
1783292116,500,,Aggregated,225.200000,0.000000,49,87,120,150,340,650,1800,3900,25000,31000,31000,113532,1,49,271.3841350098782,2.590649004559964,31203.440479992423,5981.182248176726
1783292117,500,,Aggregated,225.000000,0.000000,49,87,120,150,340,650,1800,3900,25000,31000,31000,113670,1,49,271.1683490527181,2.590649004559964,31203.440479992423,5980.642121931908
1783292118,500,,Aggregated,226.300000,0.000000,49,87,120,150,340,650,1700,3900,25000,31000,31000,113913,1,49,271.27912161571004,2.590649004559964,31203.440479992423,5981.90730645317
1783292119,500,,Aggregated,224.100000,0.000000,49,87,120,150,340,650,1700,3900,25000,31000,31000,114180,1,49,271.1676518378658,2.590649004559964,31203.440479992423,5982.259992993519
1783292120,500,,Aggregated,216.000000,0.000000,49,87,120,150,340,650,1700,3900,25000,31000,31000,114373,1,49,270.7785786641371,2.590649004559964,31203.440479992423,5983.922166944996
1783292121,500,,Aggregated,219.200000,0.000000,49,87,120,150,340,640,1700,3900,25000,31000,31000,114599,1,49,270.29981816762347,2.590649004559964,31203.440479992423,5982.128186109827
1783292122,500,,Aggregated,220.000000,0.000000,49,87,120,150,340,640,1700,3900,25000,31000,31000,114827,1,49,269.8396827422238,2.590649004559964,31203.440479992423,5982.65418412046
1783292123,500,,Aggregated,217.100000,0.000000,49,87,120,150,340,640,1700,3900,25000,31000,31000,115028,1,49,269.44460186143755,2.590649004559964,31203.440479992423,5980.76105817714
1783292124,500,,Aggregated,217.700000,0.000000,49,87,120,150,340,640,1700,3900,25000,31000,31000,115283,1,49,269.07805900436585,2.590649004559964,31203.440479992423,5980.268070747638
1783292125,500,,Aggregated,216.900000,0.000000,49,87,120,150,340,640,1700,3900,25000,31000,31000,115497,1,49,268.64322340422063,2.590649004559964,31203.440479992423,5978.181216828143
1783292126,500,,Aggregated,216.000000,0.000000,49,87,120,150,340,640,1700,3800,25000,31000,31000,115712,1,49,268.21891457181005,2.590649004559964,31203.440479992423,5978.119114698562
1783292127,500,,Aggregated,218.200000,0.000000,49,87,120,150,340,640,1700,3800,25000,31000,31000,115946,1,49,267.768310655783,2.590649004559964,31203.440479992423,5977.773394511238
1783292128,500,,Aggregated,217.500000,0.000000,49,87,120,150,340,640,1700,3800,25000,31000,31000,116173,1,49,267.30286331443915,2.590649004559964,31203.440479992423,5977.938867034509
1783292129,500,,Aggregated,216.400000,0.000000,49,86,120,150,330,640,1700,3800,25000,31000,31000,116392,1,49,266.8647489129864,2.590649004559964,31203.440479992423,5978.814549109905
1783292130,500,,Aggregated,225.600000,0.000000,49,86,120,150,330,640,1700,3800,25000,31000,31000,116617,1,49,266.4040347017526,2.590649004559964,31203.440479992423,5979.041383331762
1783292131,500,,Aggregated,222.700000,0.000000,49,86,120,150,330,630,1700,3800,25000,31000,31000,116856,1,49,265.9127135148232,2.590649004559964,31203.440479992423,5976.678672896556
1783292132,500,,Aggregated,219.700000,0.000000,49,86,120,150,330,630,1700,3800,25000,31000,31000,117071,1,49,265.5135476413218,2.590649004559964,31203.440479992423,5974.611654466094
1783292133,500,,Aggregated,222.000000,0.000000,48,86,120,150,330,630,1700,3800,25000,31000,31000,117311,1,48,265.0432925321093,2.590649004559964,31203.440479992423,5973.275191584762
1783292134,500,,Aggregated,223.500000,0.000000,48,86,120,150,330,630,1700,3800,25000,31000,31000,117531,1,48,264.59078933331097,2.590649004559964,31203.440479992423,5972.989458100416
1783292135,500,,Aggregated,222.700000,0.000000,48,86,120,150,330,630,1700,3800,25000,31000,31000,117763,1,48,264.1319075626579,2.590649004559964,31203.440479992423,5972.406231159192
1783292136,500,,Aggregated,225.600000,0.000000,48,86,120,140,330,630,1700,3800,25000,31000,31000,117990,1,48,263.6812595106492,2.590649004559964,31203.440479992423,5972.6414357148915
1783292137,500,,Aggregated,222.000000,0.000000,48,85,120,140,330,630,1700,3800,25000,31000,31000,118118,1,48,263.4305725681977,2.590649004559964,31203.440479992423,5971.478030444132
1783292138,500,,Aggregated,224.200000,0.000000,48,86,120,150,330,630,1700,3800,25000,31000,31000,118366,1,48,263.55051056527543,2.590649004559964,31203.440479992423,5970.6625213321395
1783292139,500,,Aggregated,226.000000,0.000000,48,86,120,150,330,630,1700,3800,25000,31000,31000,118629,1,48,263.6535766323434,2.590649004559964,31203.440479992423,5971.358976304276
1783292140,500,,Aggregated,213.700000,0.000000,48,86,120,150,330,630,1700,3700,25000,31000,31000,118832,1,48,263.2803190052955,2.590649004559964,31203.440479992423,5972.5016157264035
1783292141,500,,Aggregated,216.500000,0.000000,48,86,120,150,330,630,1700,3700,25000,31000,31000,119052,1,48,262.851775308564,2.590649004559964,31203.440479992423,5971.862799448981
1783292142,500,,Aggregated,220.400000,0.000000,48,86,120,150,330,630,1700,3700,25000,31000,31000,119310,1,48,262.4362415772951,2.590649004559964,31203.440479992423,5972.3862459140055
1783292144,500,,Aggregated,218.500000,0.000000,48,86,120,150,330,630,1700,3700,25000,31000,31000,119514,1,48,262.02702542969877,2.590649004559964,31203.440479992423,5971.8671452716835
1783292145,500,,Aggregated,220.600000,0.000000,48,86,120,150,330,620,1700,3700,25000,31000,31000,119749,1,48,261.5936907114214,2.590649004559964,31203.440479992423,5972.7362065654
1783292146,500,,Aggregated,217.100000,0.000000,48,86,120,150,330,620,1700,3700,25000,31000,31000,119967,1,48,261.1909987296186,2.590649004559964,31203.440479992423,5972.5505930797635
1783292147,500,,Aggregated,218.800000,0.000000,48,86,120,140,330,620,1700,3700,25000,31000,31000,120206,1,48,260.74064017544237,2.590649004559964,31203.440479992423,5973.150907608605
1783292148,500,,Aggregated,217.800000,0.000000,48,86,120,140,330,620,1700,3700,25000,31000,31000,120431,1,48,260.38176522803303,2.590649004559964,31203.440479992423,5972.0328486851395
1783292149,500,,Aggregated,218.300000,0.000000,48,85,120,140,330,620,1600,3700,25000,31000,31000,120649,1,48,259.9735718305689,2.590649004559964,31203.440479992423,5973.451566113271
1783292150,500,,Aggregated,229.300000,0.000000,48,85,120,140,330,620,1600,3700,25000,31000,31000,120884,1,48,259.5630717369164,2.590649004559964,31203.440479992423,5974.014642136262
1783292151,500,,Aggregated,226.600000,0.000000,48,85,120,140,330,620,1600,3700,25000,31000,31000,121103,1,48,259.1631187511558,2.590649004559964,31203.440479992423,5973.306012237516
1783292152,500,,Aggregated,223.200000,0.000000,48,85,120,140,330,620,1600,3700,25000,31000,31000,121332,1,48,258.75767871706813,2.590649004559964,31203.440479992423,5973.728241519138
1783292153,500,,Aggregated,225.500000,0.000000,48,85,120,140,320,620,1600,3700,25000,31000,31000,121542,1,48,258.40856038183824,2.590649004559964,31203.440479992423,5973.156151782923
1783292154,500,,Aggregated,225.700000,0.000000,48,85,120,140,320,620,1600,3700,25000,31000,31000,121765,1,48,258.01266410324223,2.590649004559964,31203.440479992423,5971.929248963167
1783292155,500,,Aggregated,221.300000,0.000000,48,85,120,140,320,610,1600,3700,25000,31000,31000,121998,1,48,257.59947428024304,2.590649004559964,31203.440479992423,5971.703011524779
1783292156,500,,Aggregated,223.300000,0.000000,48,85,110,140,320,610,1600,3700,25000,31000,31000,122232,1,48,257.18391302284255,2.590649004559964,31203.440479992423,5973.3935876039
1783292157,500,,Aggregated,223.300000,0.000000,48,85,110,140,320,610,1600,3700,25000,31000,31000,122381,1,48,256.93015105775487,2.590649004559964,31203.440479992423,5973.36333254345
1783292158,500,,Aggregated,223.800000,0.000000,48,85,120,140,320,610,1600,3700,25000,31000,31000,122621,1,48,257.0946287676749,2.590649004559964,31203.440479992423,5974.535259050244
1783292159,500,,Aggregated,218.000000,0.000000,48,85,120,140,330,610,1600,3700,25000,31000,31000,122874,1,48,257.17133156798036,2.590649004559964,31203.440479992423,5974.979865553331
1783292160,500,,Aggregated,214.600000,0.000000,48,85,120,140,330,610,1600,3600,25000,31000,31000,123071,1,48,256.82082120577496,2.590649004559964,31203.440479992423,5975.798539054692
1783292161,500,,Aggregated,217.900000,0.000000,48,85,120,140,330,610,1600,3600,25000,31000,31000,123315,1,48,256.41427400655976,2.590649004559964,31203.440479992423,5976.542845558123
1783292162,500,,Aggregated,215.800000,0.000000,48,85,120,140,320,610,1600,3600,25000,31000,31000,123527,1,48,256.0278991936502,2.590649004559964,31203.440479992423,5977.133744039765
1783292163,500,,Aggregated,215.500000,0.000000,48,85,120,140,320,610,1600,3600,25000,31000,31000,123765,1,48,255.6065077781428,2.590649004559964,31203.440479992423,5977.480822526562
1783292164,500,,Aggregated,216.500000,0.000000,48,85,120,140,320,610,1600,3600,25000,31000,31000,123996,1,48,255.1903591515998,2.590649004559964,31203.440479992423,5977.529839672247
