Timestamp,User Count,Type,Name,Requests/s,Failures/s,50%,66%,75%,80%,90%,95%,98%,99%,99.9%,99.99%,100%,Total Request Count,Total Failure Count,Total Median Response Time,Total Average Response Time,Total Min Response Time,Total Max Response Time,Total Average Content Size
1783435086,0,,Aggregated,0.000000,0.000000,N/A,N/A,N/A,N/A,N/A,N/A,N/A,N/A,N/A,N/A,N/A,0,0,0,0.0,0,0,0
1783435087,10,,Aggregated,0.000000,0.000000,N/A,N/A,N/A,N/A,N/A,N/A,N/A,N/A,N/A,N/A,N/A,0,0,0,0.0,0,0,0
1783435088,10,,Aggregated,0.000000,0.000000,1500,1600,1600,1600,1600,1600,1600,1600,1600,1600,1600,20,0,350.0,933.5337110494947,267.3323210001399,1602.9007189972617,736.5
1783435089,10,,Aggregated,0.000000,0.000000,1000,1100,1600,1600,1600,1600,1600,1600,1600,1600,1600,30,0,1000.0,970.1064817996667,267.3323210001399,1602.9007189972617,1242.1333333333334
1783435090,10,,Aggregated,9.500000,0.000000,300,450,1000,1000,1600,1600,1600,1600,1600,1600,1600,61,0,300.0,582.2125699834613,64.45567300033872,1602.9007189972617,4986.475409836065
1783435091,10,,Aggregated,6.666667,0.000000,290,450,1000,1000,1600,1600,1600,1600,1600,1600,1600,64,0,290.0,559.8160891248085,42.102914998395136,1602.9007189972617,4977.078125
1783435092,10,,Aggregated,13.500000,0.000000,270,390,1000,1000,1600,1600,1600,1600,1600,1600,1600,68,0,270.0,529.367312161519,27.75028399992152,1602.9007189972617,4974.485294117647
1783435093,10,,Aggregated,12.600000,0.000000,240,350,1000,1000,1600,1600,1600,1600,1600,1600,1600,73,0,240.0,496.9029655476832,27.75028399992152,1602.9007189972617,5327.438356164384
1783435094,10,,Aggregated,12.600000,0.000000,210,310,1000,1000,1600,1600,1600,1600,1600,1600,1600,78,0,200.0,468.86044188441025,27.75028399992152,1602.9007189972617,5414.0641025641025
1783435095,10,,Aggregated,10.142857,0.000000,200,310,450,1000,1500,1600,1600,1600,1600,1600,1600,81,0,200.0,453.3405702836998,27.75028399992152,1602.9007189972617,5239.9876543209875
1783435096,10,,Aggregated,10.142857,0.000000,200,310,450,1000,1500,1600,1600,1600,1600,1600,1600,88,0,190.0,420.1292083747913,14.530629003274953,1602.9007189972617,5090.068181818182
1783435097,10,,Aggregated,8.888889,0.000000,180,300,440,1000,1500,1600,1600,1600,1600,1600,1600,91,0,180.0,409.19784217564217,14.530629003274953,1602.9007189972617,5097.0329670329675
1783435098,10,,Aggregated,8.800000,0.000000,180,290,350,1000,1500,1600,1600,1600,1600,1600,1600,97,0,180.0,385.60112207204907,14.530629003274953,1602.9007189972617,4958.432989690722
1783435099,10,,Aggregated,8.800000,0.000000,170,270,350,1000,1500,1600,1600,1600,1600,1600,1600,100,0,160.0,375.2344073799395,13.325154002814088,1602.9007189972617,4824.31
1783435100,10,,Aggregated,7.700000,0.000000,160,240,310,450,1100,1600,1600,1600,1600,1600,1600,106,0,160.0,355.6996576131702,11.11235200005467,1602.9007189972617,4616.679245283019
1783435101,10,,Aggregated,8.000000,0.000000,160,220,310,450,1100,1600,1600,1600,1600,1600,1600,110,0,150.0,343.6719856090349,11.11235200005467,1602.9007189972617,4673.763636363637
1783435102,10,,Aggregated,5.100000,0.000000,140,210,310,440,1100,1600,1600,1600,1600,1600,1600,114,0,140.0,332.78974593859425,11.11235200005467,1602.9007189972617,4804.6578947368425
1783435103,10,,Aggregated,5.100000,0.000000,130,200,310,390,1100,1600,1600,1600,1600,1600,1600,117,0,130.0,324.7460214017306,11.11235200005467,1602.9007189972617,4722.273504273504
1783435104,10,,Aggregated,4.600000,0.000000,100,200,300,350,1000,1600,1600,1600,1600,1600,1600,122,0,94,313.15602579504275,11.11235200005467,1602.9007189972617,4724.491803278688
1783435105,10,,Aggregated,4.600000,0.000000,82,200,290,320,1000,1600,1600,1600,1600,1600,1600,127,0,82,301.4915605432523,9.110427999985404,1602.9007189972617,4604.488188976378
1783435106,10,,Aggregated,4.300000,0.000000,73,180,270,310,1000,1600,1600,1600,1600,1600,1600,134,0,72,287.65970264921907,9.110427999985404,1602.9007189972617,4635.611940298508
1783435107,10,,Aggregated,4.500000,0.000000,71,180,270,310,1000,1600,1600,1600,1600,1600,1600,137,0,71,281.6406309196872,9.110427999985404,1602.9007189972617,4554.467153284671
1783435108,10,,Aggregated,4.400000,0.000000,69,180,260,310,1000,1600,1600,1600,1600,1600,1600,142,0,68,272.9602794506846,9.110427999985404,1602.9007189972617,4518.591549295775
1783435109,10,,Aggregated,4.400000,0.000000,63,160,220,310,1000,1600,1600,1600,1600,1600,1600,149,0,63,261.186563657687,8.518335998815019,1602.9007189972617,4498.060402684564
1783435110,10,,Aggregated,4.500000,0.000000,63,160,220,310,1000,1600,1600,1600,1600,1600,1600,150,0,62,259.55625905330334,8.518335998815019,1602.9007189972617,4469.886666666666
1783435111,10,,Aggregated,4.900000,0.000000,60,160,210,290,1000,1600,1600,1600,1600,1600,1600,156,0,57,250.97505791020527,8.518335998815019,1602.9007189972617,4545.551282051282
1783435112,10,,Aggregated,4.900000,0.000000,57,160,200,290,1000,1600,1600,1600,1600,1600,1600,159,0,57,246.97424332068906,8.518335998815019,1602.9007189972617,4576.220125786163
1783435113,10,,Aggregated,4.600000,0.000000,51,140,200,290,1000,1500,1600,1600,1600,1600,1600,165,0,51,238.98633422418655,8.518335998815019,1602.9007189972617,4670.975757575758
1783435114,10,,Aggregated,4.600000,0.000000,52,140,200,270,1000,1500,1600,1600,1600,1600,1600,168,0,51,235.6463470237681,8.518335998815019,1602.9007189972617,4710.5
1783435115,10,,Aggregated,4.700000,0.000000,51,130,200,270,1000,1500,1600,1600,1600,1600,1600,173,0,51,230.05442223117137,8.518335998815019,1602.9007189972617,4688.664739884393
1783435116,10,,Aggregated,4.700000,0.000000,51,100,190,260,1000,1500,1600,1600,1600,1600,1600,178,0,51,224.86578253362873,8.518335998815019,1602.9007189972617,4691.028089887641
1783435117,10,,Aggregated,4.800000,0.000000,50,90,180,240,1000,1500,1600,1600,1600,1600,1600,183,0,50,219.52346430594358,8.518335998815019,1602.9007189972617,4740.88524590164
1783435118,10,,Aggregated,4.400000,0.000000,49,90,180,240,1000,1500,1600,1600,1600,1600,1600,185,0,49,217.45291664316224,8.518335998815019,1602.9007189972617,4717.8216216216215
1783435119,10,,Aggregated,4.600000,0.000000,46,82,180,210,1000,1500,1600,1600,1600,1600,1600,191,0,46,211.41245861773405,8.518335998815019,1602.9007189972617,4715.7277486911
1783435120,10,,Aggregated,4.300000,0.000000,46,81,180,200,1000,1500,1600,1600,1600,1600,1600,196,0,46,207.14199801013635,8.518335998815019,1602.9007189972617,4823.7959183673465
1783435122,10,,Aggregated,4.400000,0.000000,46,73,160,200,450,1100,1600,1600,1600,1600,1600,204,0,45,200.79660199993953,8.518335998815019,1602.9007189972617,4978.230392156863
1783435123,10,,Aggregated,4.100000,0.000000,44,72,160,200,450,1100,1600,1600,1600,1600,1600,208,0,44,197.3544689951373,8.518335998815019,1602.9007189972617,5037.495192307692
1783435124,10,,Aggregated,4.400000,0.000000,44,70,160,200,450,1100,1600,1600,1600,1600,1600,213,0,44,193.61279882153687,8.518335998815019,1602.9007189972617,5134.619718309859
1783435125,10,,Aggregated,4.200000,0.000000,43,69,160,200,450,1100,1600,1600,1600,1600,1600,219,0,43,189.2275915204863,8.518335998815019,1602.9007189972617,5115.278538812785
1783435126,10,,Aggregated,4.200000,0.000000,43,65,150,190,440,1100,1600,1600,1600,1600,1600,224,0,43,185.71267044636184,8.518335998815019,1602.9007189972617,5082.200892857143
1783435127,10,,Aggregated,4.300000,0.000000,43,65,140,190,440,1100,1600,1600,1600,1600,1600,225,0,43,184.93918051993307,8.518335998815019,1602.9007189972617,5069.604444444444
1783435128,10,,Aggregated,4.600000,0.000000,42,65,140,180,390,1100,1600,1600,1600,1600,1600,232,0,42,180.28445790941046,8.518335998815019,1602.9007189972617,5090.474137931034
1783435129,10,,Aggregated,4.200000,0.000000,42,65,130,180,390,1100,1600,1600,1600,1600,1600,235,0,42,178.45763994885195,8.518335998815019,1602.9007189972617,5162.144680851064
1783435130,10,,Aggregated,4.500000,0.000000,42,64,110,180,350,1000,1600,1600,1600,1600,1600,242,0,42,174.39390889663358,8.518335998815019,1602.9007189972617,5098.785123966943
1783435131,10,,Aggregated,4.400000,0.000000,42,64,110,180,350,1000,1600,1600,1600,1600,1600,244,0,41,173.18010755731893,8.518335998815019,1602.9007189972617,5131.5
1783435132,10,,Aggregated,4.300000,0.000000,42,63,94,170,350,1000,1600,1600,1600,1600,1600,250,0,41,169.83181357193098,8.518335998815019,1602.9007189972617,5140.508
1783435133,10,,Aggregated,4.700000,0.000000,41,62,90,160,320,1000,1600,1600,1600,1600,1600,255,0,41,167.17448909406028,8.518335998815019,1602.9007189972617,5137.764705882353
1783435134,10,,Aggregated,4.400000,0.000000,41,60,89,160,320,1000,1600,1600,1600,1600,1600,260,0,41,164.67646860763546,8.518335998815019,1602.9007189972617,5234.796153846154
1783435135,10,,Aggregated,4.700000,0.000000,41,59,83,160,310,1000,1600,1600,1600,1600,1600,265,0,41,161.95516065655403,5.8239650024916045,1602.9007189972617,5239.690566037736
1783435136,10,,Aggregated,4.700000,0.000000,41,59,83,160,310,1000,1600,1600,1600,1600,1600,267,0,41,160.980095220939,5.8239650024916045,1602.9007189972617,5210.299625468165
1783435137,10,,Aggregated,4.500000,0.000000,41,57,81,160,310,1000,1600,1600,1600,1600,1600,275,0,41,157.25900062904904,5.8239650024916045,1602.9007189972617,5258.789090909091
1783435138,10,,Aggregated,4.500000,0.000000,40,57,76,150,310,1000,1600,1600,1600,1600,1600,277,0,40,156.26920238985932,5.8239650024916045,1602.9007189972617,5232.15523465704
1783435139,10,,Aggregated,4.500000,0.000000,40,57,76,140,310,1000,1600,1600,1600,1600,1600,281,0,40,154.57430847682934,5.8239650024916045,1602.9007189972617,5243.754448398577
1783435140,10,,Aggregated,4.700000,0.000000,39,56,74,140,310,1000,1600,1600,1600,1600,1600,287,0,39,151.88621309055662,5.8239650024916045,1602.9007189972617,5151.3623693379795
1783435141,10,,Aggregated,4.400000,0.000000,39,56,73,140,310,1000,1600,1600,1600,1600,1600,290,0,39,150.66783827237015,5.8239650024916045,1602.9007189972617,5202.8448275862065
1783435142,10,,Aggregated,4.900000,0.000000,38,55,72,130,310,1000,1600,1600,1600,1600,1600,296,0,38,148.06851016549666,5.8239650024916045,1602.9007189972617,5229.503378378378
1783435143,10,,Aggregated,4.500000,0.000000,38,55,72,110,300,1000,1600,1600,1600,1600,1600,302,0,38,146.14628897347666,5.8239650024916045,1602.9007189972617,5182.711920529801
1783435144,10,,Aggregated,4.700000,0.000000,38,55,71,110,300,1000,1600,1600,1600,1600,1600,305,0,38,144.9803379409518,5.8239650024916045,1602.9007189972617,5247.8393442622955
1783435145,10,,Aggregated,4.700000,0.000000,37,52,70,110,300,1000,1600,1600,1600,1600,1600,310,0,37,142.91076846126205,5.8239650024916045,1602.9007189972617,5244.825806451613
1783435146,10,,Aggregated,4.400000,0.000000,36,52,69,100,290,1000,1600,1600,1600,1600,1600,313,0,36,141.7322402619542,5.8239650024916045,1602.9007189972617,5258.594249201278
1783435147,10,,Aggregated,4.900000,0.000000,36,52,69,94,290,1000,1600,1600,1600,1600,1600,317,0,36,140.32153444475207,5.8239650024916045,1602.9007189972617,5220.044164037855
1783435148,10,,Aggregated,4.500000,0.000000,36,51,69,90,290,1000,1600,1600,1600,1600,1600,324,0,36,137.82196587033715,5.8239650024916045,1602.9007189972617,5213.2376543209875
1783435149,10,,Aggregated,4.600000,0.000000,36,51,69,89,290,1000,1600,1600,1600,1600,1600,327,0,36,136.8174446941489,5.8239650024916045,1602.9007189972617,5254.100917431193
1783435150,10,,Aggregated,4.400000,0.000000,36,51,68,88,270,1000,1600,1600,1600,1600,1600,331,0,36,135.60105720842665,5.8239650024916045,1602.9007189972617,5215.561933534743
1783435151,10,,Aggregated,4.800000,0.000000,36,51,68,88,270,1000,1600,1600,1600,1600,1600,334,0,35,134.658491547864,5.8239650024916045,1602.9007189972617,5171.461077844311
1783435152,10,,Aggregated,4.300000,0.000000,36,51,66,83,270,1000,1600,1600,1600,1600,1600,337,0,36,133.81343194952544,5.8239650024916045,1602.9007189972617,5134.367952522255
1783435153,10,,Aggregated,4.400000,0.000000,35,50,65,83,270,1000,1600,1600,1600,1600,1600,344,0,35,131.60933752324974,5.8239650024916045,1602.9007189972617,5286.261627906977
1783435154,10,,Aggregated,4.200000,0.000000,35,50,65,82,270,1000,1600,1600,1600,1600,1600,349,0,35,130.0426277707564,5.8239650024916045,1602.9007189972617,5221.957020057306
1783435155,10,,Aggregated,4.200000,0.000000,34,49,64,76,260,1000,1600,1600,1600,1600,1600,356,0,34,127.87740181177601,5.8239650024916045,1602.9007189972617,5225.016853932584
1783435156,10,,Aggregated,4.600000,0.000000,34,49,63,76,260,1000,1600,1600,1600,1600,1600,357,0,34,127.6061286078183,5.8239650024916045,1602.9007189972617,5258.661064425771
1783435157,10,,Aggregated,4.000000,0.000000,34,48,63,74,240,1000,1600,1600,1600,1600,1600,363,0,34,125.8697482203576,5.8239650024916045,1602.9007189972617,5288.534435261708
1783435158,10,,Aggregated,4.400000,0.000000,34,48,63,74,240,1000,1600,1600,1600,1600,1600,368,0,34,124.82063940756629,5.8239650024916045,1602.9007189972617,5228.002717391304
1783435159,10,,Aggregated,4.600000,0.000000,34,49,63,74,220,1000,1600,1600,1600,1600,1600,373,0,34,123.76281855761007,5.8239650024916045,1602.9007189972617,5203.26273458445
1783435160,10,,Aggregated,4.600000,0.000000,34,49,63,74,220,1000,1600,1600,1600,1600,1600,376,0,34,123.07877715954632,5.8239650024916045,1602.9007189972617,5171.098404255319
1783435161,10,,Aggregated,4.400000,0.000000,34,48,63,73,210,1000,1600,1600,1600,1600,1600,383,0,34,121.48683537595078,5.8239650024916045,1602.9007189972617,5133.151436031331
1783435162,10,,Aggregated,4.600000,0.000000,34,48,63,73,210,1000,1600,1600,1600,1600,1600,385,0,34,120.94810497141012,5.8239650024916045,1602.9007189972617,5153.041558441559
1783435163,10,,Aggregated,4.800000,0.000000,34,47,63,71,200,1000,1600,1600,1600,1600,1600,392,0,33,119.23510967089526,5.8239650024916045,1602.9007189972617,5199.132653061224
1783435164,10,,Aggregated,4.700000,0.000000,33,47,62,71,200,1000,1600,1600,1600,1600,1600,396,0,33,118.22004428029116,5.8239650024916045,1602.9007189972617,5198.260101010101
1783435165,10,,Aggregated,4.900000,0.000000,33,46,60,71,200,1000,1600,1600,1600,1600,1600,398,0,33,117.74003743214702,5.8239650024916045,1602.9007189972617,5222.155778894472
1783435166,10,,Aggregated,4.500000,0.000000,33,46,60,70,200,450,1500,1600,1600,1600,1600,405,0,33,116.16776070122235,5.8239650024916045,1602.9007189972617,5254.918518518519
1783435167,10,,Aggregated,4.700000,0.000000,33,46,60,69,200,450,1500,1600,1600,1600,1600,409,0,33,115.17616476038219,5.8239650024916045,1602.9007189972617,5231.687041564792
1783435168,10,,Aggregated,4.500000,0.000000,32,46,59,69,200,450,1500,1600,1600,1600,1600,414,0,32,114.03237254828989,5.8239650024916045,1602.9007189972617,5271.799516908212
1783435169,10,,Aggregated,4.600000,0.000000,32,46,59,69,200,450,1500,1600,1600,1600,1600,418,0,32,113.19178785406316,5.8239650024916045,1602.9007189972617,5228.299043062201
1783435170,10,,Aggregated,4.400000,0.000000,32,45,57,69,200,450,1500,1600,1600,1600,1600,422,0,31,112.28331848104501,5.8239650024916045,1602.9007189972617,5239.417061611374
1783435171,10,,Aggregated,4.600000,0.000000,31,45,57,69,200,450,1500,1600,1600,1600,1600,427,0,31,111.24967187354058,5.8239650024916045,1602.9007189972617,5279.981264637002
1783435172,10,,Aggregated,4.500000,0.000000,31,45,57,69,200,450,1500,1600,1600,1600,1600,429,0,31,110.87829594173436,5.8239650024916045,1602.9007189972617,5272.146853146854
1783435173,10,,Aggregated,4.300000,0.000000,31,44,57,68,200,450,1500,1600,1600,1600,1600,436,0,30,109.30794122478642,5.8239650024916045,1602.9007189972617,5222.8899082568805
1783435174,10,,Aggregated,4.500000,0.000000,30,44,57,68,200,450,1500,1600,1600,1600,1600,439,0,30,108.77428281779173,5.8239650024916045,1602.9007189972617,5204.214123006834
1783435175,10,,Aggregated,4.400000,0.000000,30,43,56,65,190,440,1500,1600,1600,1600,1600,446,0,30,107.37058293724833,5.8239650024916045,1602.9007189972617,5206.867713004484
1783435176,10,,Aggregated,4.400000,0.000000,30,43,56,65,190,440,1500,1600,1600,1600,1600,450,0,30,106.54218395558321,5.8239650024916045,1602.9007189972617,5212.602222222222
1783435177,10,,Aggregated,4.400000,0.000000,30,42,56,65,180,440,1500,1600,1600,1600,1600,455,0,30,105.59938773408898,5.8239650024916045,1602.9007189972617,5200.61978021978
1783435178,10,,Aggregated,4.600000,0.000000,29,42,55,65,180,440,1500,1600,1600,1600,1600,459,0,29,104.79308040307575,5.8239650024916045,1602.9007189972617,5168.838779956427
1783435179,10,,Aggregated,4.600000,0.000000,30,42,55,64,180,390,1500,1600,1600,1600,1600,464,0,29,104.00859309054889,5.8239650024916045,1602.9007189972617,5233.963362068966
1783435180,10,,Aggregated,4.800000,0.000000,30,42,55,64,180,390,1500,1600,1600,1600,1600,471,0,30,102.9874745838895,5.8239650024916045,1602.9007189972617,5243.346072186837
1783435181,10,,Aggregated,4.400000,0.000000,29,42,55,64,180,390,1500,1600,1600,1600,1600,475,0,29,102.29006764002598,5.8239650024916045,1602.9007189972617,5246.728421052631
1783435182,10,,Aggregated,4.800000,0.000000,29,42,54,63,180,350,1500,1600,1600,1600,1600,481,0,29,101.36995339295129,5.8239650024916045,1602.9007189972617,5312.723492723493
1783435183,10,,Aggregated,4.900000,0.000000,29,42,53,63,180,350,1500,1600,1600,1600,1600,486,0,29,100.62680711112847,5.8239650024916045,1602.9007189972617,5326.006172839506
1783435184,10,,Aggregated,4.700000,0.000000,29,41,53,63,180,350,1500,1600,1600,1600,1600,489,0,29,100.09824357465023,5.8239650024916045,1602.9007189972617,5309.4928425357875
1783435185,10,,Aggregated,4.900000,0.000000,29,41,52,63,170,350,1500,1600,1600,1600,1600,493,0,29,99.41074566126758,5.8239650024916045,1602.9007189972617,5318.663286004057
1783435186,10,,Aggregated,5.000000,0.000000,29,41,52,63,170,350,1500,1600,1600,1600,1600,498,0,29,98.72746941366943,5.8239650024916045,1602.9007189972617,5307.022088353414
1783435187,10,,Aggregated,4.900000,0.000000,29,41,52,62,160,320,1100,1600,1600,1600,1600,503,0,29,97.92194930816105,5.8239650024916045,1602.9007189972617,5335.606361829025
1783435188,10,,Aggregated,4.600000,0.000000,29,41,52,62,160,320,1100,1600,1600,1600,1600,508,0,29,97.25260330118702,5.8239650024916045,1602.9007189972617,5361.293307086614
1783435189,10,,Aggregated,4.500000,0.000000,29,41,52,60,160,320,1100,1600,1600,1600,1600,511,0,29,96.82877164189479,5.8239650024916045,1602.9007189972617,5370.238747553816
1783435190,10,,Aggregated,4.500000,0.000000,29,41,51,60,160,320,1100,1600,1600,1600,1600,513,0,29,96.54951192594532,5.8239650024916045,1602.9007189972617,5379.0857699805065
1783435191,10,,Aggregated,4.900000,0.000000,29,41,51,60,160,320,1100,1600,1600,1600,1600,520,0,29,95.56134633462884,5.8239650024916045,1602.9007189972617,5352.880769230769
1783435192,10,,Aggregated,4.500000,0.000000,29,40,51,60,160,310,1100,1600,1600,1600,1600,523,0,29,95.17705224475382,5.8239650024916045,1602.9007189972617,5362.6386233269595
1783435193,10,,Aggregated,4.100000,0.000000,28,40,51,60,160,310,1100,1600,1600,1600,1600,528,0,28,94.43380826515943,5.8239650024916045,1602.9007189972617,5324.265151515152
1783435194,10,,Aggregated,4.500000,0.000000,28,40,51,60,160,310,1100,1600,1600,1600,1600,532,0,28,93.89780763345848,5.8239650024916045,1602.9007189972617,5378.0
1783435195,10,,Aggregated,4.300000,0.000000,28,39,50,59,160,310,1100,1600,1600,1600,1600,539,0,28,92.98021354360519,5.8239650024916045,1602.9007189972617,5362.82560296846
1783435196,10,,Aggregated,4.300000,0.000000,28,39,50,59,160,310,1100,1600,1600,1600,1600,543,0,28,92.39539258011955,5.8239650024916045,1602.9007189972617,5366.594843462247
1783435197,10,,Aggregated,4.300000,0.000000,28,39,50,58,160,310,1100,1600,1600,1600,1600,546,0,28,92.03007448353334,5.8239650024916045,1602.9007189972617,5372.2307692307695
1783435198,10,,Aggregated,4.600000,0.000000,28,38,50,57,150,310,1100,1600,1600,1600,1600,551,0,28,91.41184798913352,5.8239650024916045,1602.9007189972617,5408.361161524501
1783435199,10,,Aggregated,4.500000,0.000000,28,38,50,57,150,310,1100,1600,1600,1600,1600,557,0,28,90.65511410235999,5.8239650024916045,1602.9007189972617,5444.605026929982
1783435200,10,,Aggregated,4.300000,0.000000,28,38,50,57,140,310,1100,1600,1600,1600,1600,561,0,28,90.27562264530384,5.8239650024916045,1602.9007189972617,5409.180035650624
1783435201,10,,Aggregated,4.300000,0.000000,27,38,50,57,140,310,1100,1600,1600,1600,1600,565,0,27,89.79309882835507,5.8239650024916045,1602.9007189972617,5420.155752212389
1783435202,10,,Aggregated,4.500000,0.000000,27,38,49,57,140,310,1100,1600,1600,1600,1600,569,0,27,89.30618269950827,5.8239650024916045,1602.9007189972617,5439.4868189806675
1783435203,10,,Aggregated,4.800000,0.000000,27,38,50,57,140,310,1100,1600,1600,1600,1600,572,0,27,89.01428934967845,5.8239650024916045,1602.9007189972617,5443.592657342658
1783435204,10,,Aggregated,4.500000,0.000000,27,38,49,57,140,310,1100,1600,1600,1600,1600,577,0,27,88.38899948009787,5.8239650024916045,1602.9007189972617,5423.662045060659
1783435205,10,,Aggregated,4.400000,0.000000,27,38,49,57,130,310,1100,1600,1600,1600,1600,583,0,27,87.78928304290031,5.8239650024916045,1602.9007189972617,5437.365351629503
1783435206,10,,Aggregated,4.300000,0.000000,27,37,48,56,130,310,1100,1600,1600,1600,1600,589,0,27,87.11718885231842,5.8239650024916045,1602.9007189972617,5430.426146010187
1783435207,10,,Aggregated,4.400000,0.000000,27,37,48,56,130,310,1100,1600,1600,1600,1600,593,0,27,86.72791571166003,5.8239650024916045,1602.9007189972617,5436.741989881956
1783435208,10,,Aggregated,4.400000,0.000000,27,37,47,56,130,310,1100,1600,1600,1600,1600,597,0,27,86.25693438862346,5.8239650024916045,1602.9007189972617,5438.517587939698
1783435209,10,,Aggregated,4.600000,0.000000,27,37,47,56,110,300,1000,1600,1600,1600,1600,601,0,27,85.87750859902211,5.8239650024916045,1602.9007189972617,5432.968386023294
1783435210,10,,Aggregated,4.800000,0.000000,27,37,47,56,110,300,1000,1600,1600,1600,1600,604,0,27,85.52849623511848,5.8239650024916045,1602.9007189972617,5417.163907284768
1783435211,10,,Aggregated,4.500000,0.000000,27,37,47,56,110,300,1000,1600,1600,1600,1600,610,0,27,84.94072381148666,5.8239650024916045,1602.9007189972617,5424.234426229508
1783435212,10,,Aggregated,4.400000,0.000000,27,37,47,56,110,300,1000,1600,1600,1600,1600,613,0,27,84.58870300328005,5.8239650024916045,1602.9007189972617,5423.318107667211
1783435213,10,,Aggregated,4.300000,0.000000,26,36,46,55,110,300,1000,1600,1600,1600,1600,618,0,26,84.05355201781529,5.8239650024916045,1602.9007189972617,5414.457928802589
1783435214,10,,Aggregated,4.500000,0.000000,26,36,46,55,110,290,1000,1600,1600,1600,1600,623,0,26,83.63621050242374,5.8239650024916045,1602.9007189972617,5413.182985553772
1783435215,10,,Aggregated,4.400000,0.000000,26,36,46,55,100,290,1000,1600,1600,1600,1600,631,0,26,82.9503352329783,5.8239650024916045,1602.9007189972617,5351.207606973058
1783435216,10,,Aggregated,4.500000,0.000000,26,36,46,55,100,290,1000,1600,1600,1600,1600,635,0,26,82.62016953229923,5.8239650024916045,1602.9007189972617,5325.422047244095
1783435217,10,,Aggregated,4.600000,0.000000,26,36,46,55,100,290,1000,1600,1600,1600,1600,638,0,26,82.34775605330319,5.8239650024916045,1602.9007189972617,5311.967084639498
1783435218,10,,Aggregated,4.800000,0.000000,26,36,46,55,98,290,1000,1600,1600,1600,1600,644,0,26,81.74084801087685,5.8239650024916045,1602.9007189972617,5317.318322981367
1783435219,10,,Aggregated,4.600000,0.000000,26,36,46,55,98,290,1000,1600,1600,1600,1600,648,0,26,81.43893010957173,5.8239650024916045,1602.9007189972617,5343.685185185185
1783435221,10,,Aggregated,4.400000,0.000000,26,36,46,55,94,290,1000,1600,1600,1600,1600,651,0,26,81.15046169586165,5.8239650024916045,1602.9007189972617,5342.930875576037
1783435222,10,,Aggregated,4.700000,0.000000,26,36,46,55,94,290,1000,1600,1600,1600,1600,655,0,26,80.77839005343928,5.8239650024916045,1602.9007189972617,5323.755725190839
1783435223,10,,Aggregated,4.700000,0.000000,26,36,46,55,94,290,1000,1600,1600,1600,1600,660,0,26,80.37086018031198,5.8239650024916045,1602.9007189972617,5360.671212121212
1783435224,10,,Aggregated,4.700000,0.000000,26,36,46,55,90,270,1000,1600,1600,1600,1600,665,0,26,79.92282669474389,5.8239650024916045,1602.9007189972617,5325.024060150376
1783435225,10,,Aggregated,4.500000,0.000000,26,36,46,55,90,270,1000,1600,1600,1600,1600,670,0,26,79.5012679671725,5.8239650024916045,1602.9007189972617,5312.731343283582
1783435226,10,,Aggregated,4.700000,0.000000,26,36,46,54,89,270,1000,1600,1600,1600,1600,673,0,26,79.22993746508757,5.8239650024916045,1602.9007189972617,5295.01337295691
1783435227,10,,Aggregated,4.700000,0.000000,26,35,45,54,89,270,1000,1600,1600,1600,1600,678,0,26,78.7815243392473,5.8239650024916045,1602.9007189972617,5281.809734513275
1783435228,10,,Aggregated,4.700000,0.000000,26,35,45,53,88,270,1000,1600,1600,1600,1600,683,0,26,78.39831024158678,5.8239650024916045,1602.9007189972617,5303.361639824305
1783435229,10,,Aggregated,4.200000,0.000000,26,35,45,53,88,270,1000,1600,1600,1600,1600,688,0,26,78.00500259448326,5.8239650024916045,1602.9007189972617,5315.210755813953
1783435230,10,,Aggregated,4.300000,0.000000,26,35,45,53,85,270,1000,1600,1600,1600,1600,692,0,26,77.77004516908632,5.8239650024916045,1602.9007189972617,5296.617052023122
1783435231,10,,Aggregated,4.500000,0.000000,26,35,45,53,85,270,1000,1600,1600,1600,1600,698,0,26,77.39415694556574,5.8239650024916045,1602.9007189972617,5282.683381088826
1783435232,10,,Aggregated,4.400000,0.000000,26,35,45,53,85,270,1000,1600,1600,1600,1600,700,0,26,77.20894174000672,5.8239650024916045,1602.9007189972617,5271.19
1783435233,10,,Aggregated,4.400000,0.000000,26,35,45,53,84,260,1000,1600,1600,1600,1600,705,0,26,76.78159057872857,5.8239650024916045,1602.9007189972617,5263.8695035461
1783435234,10,,Aggregated,4.700000,0.000000,26,35,45,52,84,260,1000,1600,1600,1600,1600,709,0,26,76.52606097179233,5.8239650024916045,1602.9007189972617,5280.327221438646
1783435235,10,,Aggregated,4.500000,0.000000,26,35,45,52,83,260,1000,1600,1600,1600,1600,713,0,26,76.2273206746103,5.8239650024916045,1602.9007189972617,5307.827489481066
1783435236,10,,Aggregated,4.500000,0.000000,26,35,45,52,83,260,1000,1600,1600,1600,1600,719,0,26,75.77585364811911,5.8239650024916045,1602.9007189972617,5295.692628650904
1783435237,10,,Aggregated,4.400000,0.000000,26,35,45,52,83,240,1000,1600,1600,1600,1600,724,0,26,75.42683836878165,5.8239650024916045,1602.9007189972617,5266.617403314917
1783435238,10,,Aggregated,4.600000,0.000000,26,35,45,52,83,240,1000,1600,1600,1600,1600,730,0,25,75.08038747397372,5.8239650024916045,1602.9007189972617,5265.038356164384
1783435239,10,,Aggregated,4.600000,0.000000,25,34,44,52,82,240,1000,1600,1600,1600,1600,737,0,25,74.57494072320738,5.8239650024916045,1602.9007189972617,5281.080054274084
1783435240,10,,Aggregated,4.600000,0.000000,25,34,44,52,81,220,1000,1600,1600,1600,1600,742,0,25,74.23241709973642,5.8239650024916045,1602.9007189972617,5251.7035040431265
1783435241,10,,Aggregated,4.600000,0.000000,25,34,44,52,81,220,1000,1600,1600,1600,1600,746,0,25,73.89809122922688,5.8239650024916045,1602.9007189972617,5231.0563002680965
1783435242,10,,Aggregated,4.900000,0.000000,25,34,43,52,81,220,1000,1600,1600,1600,1600,750,0,25,73.6449166333332,5.8239650024916045,1602.9007189972617,5256.8026666666665
1783435243,10,,Aggregated,4.800000,0.000000,25,34,43,51,80,220,1000,1600,1600,1600,1600,756,0,25,73.19683530422672,5.8239650024916045,1602.9007189972617,5267.793650793651
1783435244,10,,Aggregated,4.900000,0.000000,25,34,43,51,80,220,1000,1600,1600,1600,1600,758,0,25,73.03394255803737,5.8239650024916045,1602.9007189972617,5266.7018469657
1783435245,10,,Aggregated,4.900000,0.000000,25,34,43,51,79,210,1000,1600,1600,1600,1600,763,0,25,72.75360977850521,5.8239650024916045,1602.9007189972617,5274.764089121887
1783435246,10,,Aggregated,4.900000,0.000000,25,34,43,51,79,210,1000,1600,1600,1600,1600,767,0,25,72.47939615515357,5.8239650024916045,1602.9007189972617,5297.121251629726
1783435247,10,,Aggregated,4.800000,0.000000,25,34,42,51,77,210,1000,1600,1600,1600,1600,771,0,25,72.17951451491784,5.8239650024916045,1602.9007189972617,5281.631647211414
1783435248,10,,Aggregated,5.000000,0.000000,25,34,42,51,77,210,1000,1600,1600,1600,1600,775,0,25,71.95414257420306,5.8239650024916045,1602.9007189972617,5260.050322580645
1783435249,10,,Aggregated,4.700000,0.000000,25,34,42,51,77,200,1000,1600,1600,1600,1600,784,0,25,71.44552228316793,5.8239650024916045,1602.9007189972617,5266.605867346939
1783435250,10,,Aggregated,4.700000,0.000000,25,34,42,51,77,200,1000,1600,1600,1600,1600,786,0,25,71.34211583970057,5.8239650024916045,1602.9007189972617,5272.643765903308
1783435251,10,,Aggregated,4.600000,0.000000,25,34,42,51,76,200,1000,1600,1600,1600,1600,793,0,25,70.97293626986682,5.8239650024916045,1602.9007189972617,5257.9848675914245
1783435252,10,,Aggregated,4.600000,0.000000,25,34,42,51,76,200,1000,1600,1600,1600,1600,795,0,25,70.8254920427679,5.8239650024916045,1602.9007189972617,5261.738364779874
1783435253,10,,Aggregated,4.600000,0.000000,25,34,42,51,76,200,1000,1500,1600,1600,1600,801,0,25,70.44185807739922,5.8239650024916045,1602.9007189972617,5249.458177278402
1783435254,10,,Aggregated,4.600000,0.000000,25,34,42,51,76,200,1000,1500,1600,1600,1600,806,0,25,70.1456284044682,5.8239650024916045,1602.9007189972617,5232.346153846154
1783435255,10,,Aggregated,4.600000,0.000000,25,34,42,51,74,200,1000,1500,1600,1600,1600,811,0,25,69.81555090382497,5.8239650024916045,1602.9007189972617,5238.097410604192
1783435256,10,,Aggregated,4.600000,0.000000,25,33,42,51,74,200,1000,1500,1600,1600,1600,813,0,25,69.71132167281931,5.8239650024916045,1602.9007189972617,5227.383763837638
1783435257,10,,Aggregated,4.800000,0.000000,25,34,42,50,74,200,1000,1500,1600,1600,1600,820,0,25,69.35469573170671,5.8239650024916045,1602.9007189972617,5189.365853658536
1783435258,10,,Aggregated,4.600000,0.000000,25,33,42,50,74,200,1000,1500,1600,1600,1600,825,0,25,69.07186533817863,5.8239650024916045,1602.9007189972617,5207.304242424242
1783435259,10,,Aggregated,4.600000,0.000000,25,33,42,50,74,200,1000,1500,1600,1600,1600,829,0,25,68.81164768757513,5.8239650024916045,1602.9007189972617,5218.579010856453
1783435260,10,,Aggregated,4.900000,0.000000,25,33,42,50,73,200,1000,1500,1600,1600,1600,834,0,25,68.54418074220271,5.8239650024916045,1602.9007189972617,5235.764988009592
1783435261,10,,Aggregated,4.700000,0.000000,25,33,42,50,73,200,1000,1500,1600,1600,1600,837,0,25,68.4123107646344,5.8239650024916045,1602.9007189972617,5263.265232974911
1783435262,10,,Aggregated,4.800000,0.000000,25,33,42,50,73,200,1000,1500,1600,1600,1600,844,0,25,68.13507825236704,5.8239650024916045,1602.9007189972617,5267.560426540284
1783435263,10,,Aggregated,4.800000,0.000000,25,33,42,50,73,200,1000,1500,1600,1600,1600,846,0,25,68.00827380969427,5.8239650024916045,1602.9007189972617,5256.470449172577
1783435264,10,,Aggregated,4.600000,0.000000,24,33,42,50,72,200,1000,1500,1600,1600,1600,854,0,24,67.5231355070296,5.8239650024916045,1602.9007189972617,5246.87587822014
1783435265,10,,Aggregated,4.600000,0.000000,24,33,42,50,72,200,1000,1500,1600,1600,1600,856,0,24,67.44048187617247,5.8239650024916045,1602.9007189972617,5237.683411214954
1783435266,10,,Aggregated,4.800000,0.000000,24,33,42,49,71,200,1000,1500,1600,1600,1600,863,0,24,67.01568708111571,5.8239650024916045,1602.9007189972617,5249.900347624565
1783435267,10,,Aggregated,4.800000,0.000000,24,33,42,49,71,200,1000,1500,1600,1600,1600,865,0,24,66.89517637109955,5.8239650024916045,1602.9007189972617,5248.164161849711
1783435268,10,,Aggregated,4.900000,0.000000,24,33,42,49,71,200,1000,1500,1600,1600,1600,871,0,24,66.58844706085158,5.8239650024916045,1602.9007189972617,5258.272101033295
1783435269,10,,Aggregated,4.500000,0.000000,24,33,42,49,71,200,1000,1500,1600,1600,1600,874,0,24,66.40615249313547,5.8239650024916045,1602.9007189972617,5267.177345537757
1783435270,10,,Aggregated,4.800000,0.000000,24,33,42,49,71,200,1000,1500,1600,1600,1600,880,0,24,66.15986639431785,5.8239650024916045,1602.9007189972617,5259.235227272728
1783435271,10,,Aggregated,4.300000,0.000000,24,33,42,49,70,190,1000,1500,1600,1600,1600,884,0,24,65.97283285407693,5.8239650024916045,1602.9007189972617,5254.059954751131
1783435272,10,,Aggregated,4.400000,0.000000,24,33,41,49,70,190,1000,1500,1600,1600,1600,887,0,24,65.79585530890851,5.8239650024916045,1602.9007189972617,5259.154453213077
1783435273,10,,Aggregated,4.600000,0.000000,24,33,41,49,70,190,1000,1500,1600,1600,1600,894,0,24,65.51411298769014,5.8239650024916045,1602.9007189972617,5260.143176733781
1783435274,10,,Aggregated,4.400000,0.000000,24,33,42,49,70,190,1000,1500,1600,1600,1600,897,0,24,65.44388964325252,5.8239650024916045,1602.9007189972617,5299.850613154961
1783435275,10,,Aggregated,4.600000,0.000000,24,33,42,49,70,190,1000,1500,1600,1600,1600,900,0,24,65.27762798888742,5.8239650024916045,1602.9007189972617,5285.901111111111
1783435276,10,,Aggregated,4.200000,0.000000,24,32,41,49,69,180,1000,1500,1600,1600,1600,908,0,24,64.84550216409123,5.414974999439437,1602.9007189972617,5308.285242290749
1783435277,10,,Aggregated,4.300000,0.000000,24,32,41,48,69,180,1000,1500,1600,1600,1600,911,0,24,64.6971425609145,5.414974999439437,1602.9007189972617,5315.313940724479
1783435278,10,,Aggregated,4.300000,0.000000,24,32,41,48,69,180,1000,1500,1600,1600,1600,914,0,24,64.54649007986204,5.414974999439437,1602.9007189972617,5313.5536105032825
1783435279,10,,Aggregated,4.500000,0.000000,24,32,41,48,69,180,1000,1500,1600,1600,1600,920,0,24,64.2577709630369,5.414974999439437,1602.9007189972617,5304.767391304348
1783435280,10,,Aggregated,4.400000,0.000000,24,32,41,48,69,180,1000,1500,1600,1600,1600,922,0,24,64.15243959761034,5.414974999439437,1602.9007189972617,5317.280911062907
1783435281,10,,Aggregated,4.500000,0.000000,24,32,41,47,69,180,1000,1500,1600,1600,1600,927,0,24,63.90663496439381,5.414974999439437,1602.9007189972617,5317.264293419633
1783435282,10,,Aggregated,4.500000,0.000000,24,32,41,47,69,180,1000,1500,1600,1600,1600,931,0,24,63.757312830283595,5.414974999439437,1602.9007189972617,5305.422126745435
1783435283,10,,Aggregated,4.300000,0.000000,24,32,41,48,69,180,1000,1500,1600,1600,1600,939,0,24,63.445931155478284,5.414974999439437,1602.9007189972617,5319.395101171459
1783435284,10,,Aggregated,4.300000,0.000000,24,32,41,47,69,180,1000,1500,1600,1600,1600,941,0,24,63.33289224547717,5.414974999439437,1602.9007189972617,5308.665249734325
1783435285,10,,Aggregated,4.400000,0.000000,24,32,41,47,69,180,1000,1500,1600,1600,1600,948,0,24,62.998068754211786,5.414974999439437,1602.9007189972617,5337.929324894515
1783435286,10,,Aggregated,4.600000,0.000000,24,32,41,47,69,180,1000,1500,1600,1600,1600,950,0,24,62.89752446631227,5.414974999439437,1602.9007189972617,5347.174736842106
1783435287,10,,Aggregated,4.600000,0.000000,24,32,41,47,69,180,1000,1500,1600,1600,1600,954,0,24,62.6754906572284,5.414974999439437,1602.9007189972617,5331.191823899371
1783435288,10,,Aggregated,4.200000,0.000000,24,31,41,47,69,180,1000,1500,1600,1600,1600,959,0,24,62.48261142230512,5.414974999439437,1602.9007189972617,5328.162669447341
1783435289,10,,Aggregated,4.400000,0.000000,24,32,41,47,69,180,1000,1500,1600,1600,1600,965,0,24,62.29925049740536,5.414974999439437,1602.9007189972617,5323.444559585492
1783435290,10,,Aggregated,4.300000,0.000000,24,32,41,47,69,180,1000,1500,1600,1600,1600,969,0,24,62.109645308559195,5.414974999439437,1602.9007189972617,5309.948400412797
1783435291,10,,Aggregated,4.700000,0.000000,24,32,41,46,69,180,1000,1500,1600,1600,1600,976,0,24,61.86854119876622,5.414974999439437,1602.9007189972617,5335.543032786885
1783435292,10,,Aggregated,4.700000,0.000000,24,31,40,46,69,170,1000,1500,1600,1600,1600,982,0,24,61.620891208755936,5.414974999439437,1602.9007189972617,5328.56517311609
1783435293,10,,Aggregated,4.700000,0.000000,24,31,40,46,69,170,1000,1500,1600,1600,1600,985,0,24,61.49073046497524,5.414974999439437,1602.9007189972617,5351.8913705583755
1783435294,10,,Aggregated,4.700000,0.000000,24,31,40,46,69,170,1000,1500,1600,1600,1600,990,0,24,61.2389391949465,5.414974999439437,1602.9007189972617,5356.59696969697
1783435295,10,,Aggregated,4.700000,0.000000,24,31,40,46,69,170,1000,1500,1600,1600,1600,994,0,24,61.087088288730804,5.414974999439437,1602.9007189972617,5351.060362173038
1783435296,10,,Aggregated,4.600000,0.000000,24,31,40,46,69,170,1000,1500,1600,1600,1600,998,0,24,60.9479430290548,5.414974999439437,1602.9007189972617,5350.446893787575
1783435297,10,,Aggregated,4.600000,0.000000,23,31,40,46,68,160,450,1100,1600,1600,1600,1003,0,23,60.73454077965598,5.414974999439437,1602.9007189972617,5353.028913260219
1783435298,10,,Aggregated,4.500000,0.000000,24,31,40,46,68,160,450,1100,1600,1600,1600,1007,0,24,60.62063608142225,5.414974999439437,1602.9007189972617,5383.689175769613
1783435299,10,,Aggregated,4.900000,0.000000,23,31,40,46,66,160,450,1100,1600,1600,1600,1013,0,23,60.436959636714214,5.414974999439437,1602.9007189972617,5389.296150049358
1783435300,10,,Aggregated,4.700000,0.000000,23,31,40,46,66,160,450,1100,1600,1600,1600,1016,0,23,60.3492135629874,5.414974999439437,1602.9007189972617,5393.447834645669
1783435302,10,,Aggregated,4.700000,0.000000,24,31,40,46,69,160,450,1100,1600,1600,1600,1025,0,24,60.29842059121243,5.414974999439437,1602.9007189972617,5382.781463414634
1783435303,10,,Aggregated,4.300000,0.000000,24,31,40,46,69,160,450,1100,1600,1600,1600,1030,0,23,60.12095742329073,5.414974999439437,1602.9007189972617,5383.317475728155
1783435304,10,,Aggregated,4.500000,0.000000,23,31,40,46,69,160,450,1100,1600,1600,1600,1034,0,23,59.96425637426092,5.414974999439437,1602.9007189972617,5386.657640232108
1783435305,10,,Aggregated,4.300000,0.000000,23,31,40,46,69,160,450,1100,1600,1600,1600,1037,0,23,59.83958031049135,5.414974999439437,1602.9007189972617,5376.954676952749
1783435306,10,,Aggregated,4.500000,0.000000,23,31,40,46,68,160,450,1100,1600,1600,1600,1044,0,23,59.60316154117024,5.414974999439437,1602.9007189972617,5389.5498084291185
1783435307,10,,Aggregated,4.300000,0.000000,23,31,40,46,68,160,450,1100,1600,1600,1600,1048,0,23,59.41930401047817,5.397554999944987,1602.9007189972617,5394.24713740458
1783435308,10,,Aggregated,4.900000,0.000000,23,31,40,46,66,160,450,1100,1600,1600,1600,1052,0,23,59.28160750948824,5.397554999944987,1602.9007189972617,5391.245247148289
1783435309,10,,Aggregated,4.200000,0.000000,23,31,40,46,66,160,450,1100,1600,1600,1600,1056,0,23,59.1171328115348,5.397554999944987,1602.9007189972617,5390.346590909091
1783435310,10,,Aggregated,4.600000,0.000000,23,31,39,46,65,160,450,1100,1600,1600,1600,1061,0,23,58.956370699319606,5.397554999944987,1602.9007189972617,5396.686145146088
1783435311,10,,Aggregated,4.500000,0.000000,23,31,39,46,65,160,450,1100,1600,1600,1600,1067,0,23,58.736808818158,5.397554999944987,1602.9007189972617,5386.483598875351
1783435312,10,,Aggregated,4.500000,0.000000,23,31,39,46,65,160,450,1100,1600,1600,1600,1069,0,23,58.66421522541859,5.397554999944987,1602.9007189972617,5400.648269410664
1783435313,10,,Aggregated,5.000000,0.000000,23,31,39,46,65,160,450,1100,1600,1600,1600,1074,0,23,58.55829481375449,5.397554999944987,1602.9007189972617,5401.716945996275
1783435314,10,,Aggregated,4.500000,0.000000,23,31,39,46,65,160,450,1100,1600,1600,1600,1079,0,23,58.34231486281053,5.397554999944987,1602.9007189972617,5387.511584800742
1783435315,10,,Aggregated,4.700000,0.000000,23,31,39,45,65,160,450,1100,1600,1600,1600,1084,0,23,58.12817890865111,5.397554999944987,1602.9007189972617,5383.70110701107
1783435316,10,,Aggregated,4.500000,0.000000,23,31,39,46,65,160,450,1100,1600,1600,1600,1090,0,23,57.97143905502883,5.397554999944987,1602.9007189972617,5368.014678899082
1783435317,10,,Aggregated,4.500000,0.000000,23,31,39,45,65,160,450,1100,1600,1600,1600,1092,0,23,57.89409773075395,5.397554999944987,1602.9007189972617,5361.700549450549
1783435318,10,,Aggregated,4.400000,0.000000,23,31,39,45,65,160,450,1100,1600,1600,1600,1097,0,23,57.77394118959009,5.397554999944987,1602.9007189972617,5373.715587967184
1783435319,10,,Aggregated,4.700000,0.000000,23,31,39,45,65,150,440,1100,1600,1600,1600,1101,0,23,57.66629996637771,5.397554999944987,1602.9007189972617,5362.275204359673
1783435320,10,,Aggregated,4.700000,0.000000,23,31,39,46,65,150,440,1100,1600,1600,1600,1105,0,23,57.57008130224664,5.397554999944987,1602.9007189972617,5378.8117647058825
1783435321,10,,Aggregated,4.600000,0.000000,23,31,39,46,65,150,440,1100,1600,1600,1600,1112,0,23,57.42536131023528,5.397554999944987,1602.9007189972617,5365.1294964028775
1783435322,10,,Aggregated,4.500000,0.000000,23,31,39,46,65,150,440,1100,1600,1600,1600,1116,0,23,57.32243035661368,5.397554999944987,1602.9007189972617,5364.961469534051
1783435323,10,,Aggregated,4.300000,0.000000,23,31,39,46,65,150,440,1100,1600,1600,1600,1119,0,23,57.22321070150378,5.397554999944987,1602.9007189972617,5358.109919571046
1783435324,10,,Aggregated,4.500000,0.000000,23,31,39,46,65,140,440,1100,1600,1600,1600,1125,0,23,57.02963751820627,5.397554999944987,1602.9007189972617,5386.145777777778
1783435325,10,,Aggregated,4.400000,0.000000,23,31,39,45,65,140,440,1100,1600,1600,1600,1128,0,23,56.89910074910108,5.397554999944987,1602.9007189972617,5378.2836879432625
1783435326,10,,Aggregated,4.600000,0.000000,23,31,39,46,65,140,440,1100,1600,1600,1600,1135,0,23,56.75993894183834,5.397554999944987,1602.9007189972617,5381.079295154185
1783435327,10,,Aggregated,4.400000,0.000000,23,31,39,46,65,140,440,1100,1600,1600,1600,1137,0,23,56.68831555847449,5.397554999944987,1602.9007189972617,5389.217238346526
1783435328,10,,Aggregated,4.500000,0.000000,23,31,39,46,64,140,440,1100,1600,1600,1600,1142,0,23,56.52183803676373,5.397554999944987,1602.9007189972617,5383.951838879159
1783435329,10,,Aggregated,4.400000,0.000000,23,31,39,46,65,140,440,1100,1600,1600,1600,1148,0,23,56.41274299911384,5.397554999944987,1602.9007189972617,5378.87543554007
1783435330,10,,Aggregated,4.600000,0.000000,23,31,39,46,64,140,390,1100,1600,1600,1600,1152,0,23,56.32374386456402,5.397554999944987,1602.9007189972617,5365.368055555556
1783435331,10,,Aggregated,4.600000,0.000000,23,31,39,46,65,140,390,1100,1600,1600,1600,1156,0,23,56.226593991334816,5.397554999944987,1602.9007189972617,5386.358131487889
1783435332,10,,Aggregated,4.300000,0.000000,23,31,39,46,64,130,390,1100,1600,1600,1600,1163,0,23,56.03951126567555,5.397554999944987,1602.9007189972617,5391.739466895959
1783435333,10,,Aggregated,4.300000,0.000000,23,31,39,46,64,130,390,1100,1600,1600,1600,1165,0,23,55.956293296119746,5.397554999944987,1602.9007189972617,5383.887553648069
1783435334,10,,Aggregated,4.500000,0.000000,23,31,39,46,64,130,390,1100,1600,1600,1600,1169,0,23,55.80359538834964,5.397554999944987,1602.9007189972617,5374.757912745937
1783435335,10,,Aggregated,4.800000,0.000000,23,31,39,46,64,130,390,1100,1600,1600,1600,1175,0,23,55.64284962210915,5.397554999944987,1602.9007189972617,5399.316595744681
1783435336,10,,Aggregated,4.400000,0.000000,23,31,38,45,64,130,390,1100,1600,1600,1600,1177,0,23,55.5626052429747,5.397554999944987,1602.9007189972617,5398.3899745114695
1783435337,10,,Aggregated,4.500000,0.000000,23,31,39,45,64,130,390,1100,1600,1600,1600,1181,0,23,55.49652711005913,5.397554999944987,1602.9007189972617,5398.160033869602
1783435338,10,,Aggregated,4.400000,0.000000,22,31,39,45,64,130,390,1100,1600,1600,1600,1187,0,22,55.31627196291215,5.397554999944987,1602.9007189972617,5391.217354675653
1783435339,10,,Aggregated,4.200000,0.000000,22,31,38,45,64,130,390,1100,1600,1600,1600,1193,0,22,55.11775958924268,5.397554999944987,1602.9007189972617,5394.658005029338
1783435340,10,,Aggregated,4.300000,0.000000,22,30,38,45,64,130,390,1100,1600,1600,1600,1197,0,22,54.99612970757613,5.397554999944987,1602.9007189972617,5394.6574770258985
1783435341,10,,Aggregated,4.300000,0.000000,22,30,38,45,64,120,350,1000,1600,1600,1600,1202,0,22,54.906685261210235,5.397554999944987,1602.9007189972617,5384.188851913477
1783435342,10,,Aggregated,4.800000,0.000000,22,30,38,45,64,120,350,1000,1600,1600,1600,1207,0,22,54.757930605615925,5.397554999944987,1602.9007189972617,5384.932891466446
1783435343,10,,Aggregated,4.500000,0.000000,22,30,38,45,64,120,350,1000,1600,1600,1600,1211,0,22,54.64089822458946,5.397554999944987,1602.9007189972617,5373.9892650701895
1783435344,10,,Aggregated,4.700000,0.000000,22,30,38,45,64,120,350,1000,1600,1600,1600,1218,0,22,54.418216043489956,5.397554999944987,1602.9007189972617,5382.178981937603
1783435345,10,,Aggregated,4.300000,0.000000,22,30,38,45,63,120,350,1000,1600,1600,1600,1223,0,22,54.29621468108379,5.397554999944987,1602.9007189972617,5393.3826655764515
1783435346,10,,Aggregated,4.600000,0.000000,22,30,38,45,63,120,350,1000,1600,1600,1600,1225,0,22,54.26242516242141,5.397554999944987,1602.9007189972617,5386.018775510204
1783435347,10,,Aggregated,4.800000,0.000000,22,30,38,45,63,120,350,1000,1600,1600,1600,1229,0,22,54.127946392980135,5.397554999944987,1602.9007189972617,5373.0927583401135
1783435348,10,,Aggregated,4.800000,0.000000,22,30,38,45,63,120,350,1000,1600,1600,1600,1236,0,22,53.90640597490293,5.397554999944987,1602.9007189972617,5385.917475728155
1783435349,10,,Aggregated,4.900000,0.000000,22,30,38,45,63,120,350,1000,1600,1600,1600,1239,0,22,53.809368634366905,5.397554999944987,1602.9007189972617,5399.525423728814
1783435350,10,,Aggregated,4.800000,0.000000,22,30,38,45,63,110,350,1000,1600,1600,1600,1244,0,22,53.71875737618594,5.397554999944987,1602.9007189972617,5415.38344051447
1783435351,10,,Aggregated,5.000000,0.000000,22,30,38,45,63,110,350,1000,1600,1600,1600,1250,0,22,53.60043723038107,5.397554999944987,1602.9007189972617,5425.3328
1783435352,10,,Aggregated,4.400000,0.000000,22,30,38,45,63,110,320,1000,1600,1600,1600,1255,0,22,53.479781364128655,5.397554999944987,1602.9007189972617,5438.169721115538
1783435353,10,,Aggregated,4.800000,0.000000,22,30,38,45,63,110,320,1000,1600,1600,1600,1259,0,22,53.3332242120585,5.397554999944987,1602.9007189972617,5434.1803018268465
1783435354,10,,Aggregated,4.500000,0.000000,22,30,38,45,63,110,320,1000,1600,1600,1600,1262,0,22,53.29518100791066,5.397554999944987,1602.9007189972617,5422.533280507131
1783435355,10,,Aggregated,4.800000,0.000000,22,30,38,44,63,110,320,1000,1600,1600,1600,1267,0,22,53.168061965265146,5.397554999944987,1602.9007189972617,5423.958958168903
1783435356,10,,Aggregated,4.600000,0.000000,22,30,38,45,63,110,320,1000,1600,1600,1600,1270,0,22,53.128202452748745,5.397554999944987,1602.9007189972617,5423.470866141733
1783435357,10,,Aggregated,4.300000,0.000000,22,30,38,45,63,110,320,1000,1600,1600,1600,1275,0,22,53.018641477640756,5.397554999944987,1602.9007189972617,5448.745882352941
1783435358,10,,Aggregated,4.400000,0.000000,22,30,38,44,63,110,320,1000,1600,1600,1600,1280,0,22,52.894536867961506,5.397554999944987,1602.9007189972617,5440.7546875
1783435359,10,,Aggregated,4.300000,0.000000,22,30,37,44,63,110,320,1000,1600,1600,1600,1287,0,22,52.67118768996877,5.176803999347612,1602.9007189972617,5435.190365190365
1783435360,10,,Aggregated,4.500000,0.000000,22,30,37,44,63,110,320,1000,1600,1600,1600,1292,0,22,52.56892271671051,5.176803999347612,1602.9007189972617,5454.992260061919
1783435361,10,,Aggregated,4.400000,0.000000,22,30,37,44,63,110,320,1000,1600,1600,1600,1295,0,22,52.49864019999475,5.176803999347612,1602.9007189972617,5446.122007722008
1783435362,10,,Aggregated,4.700000,0.000000,22,30,37,44,63,110,320,1000,1600,1600,1600,1300,0,22,52.37813195768607,5.176803999347612,1602.9007189972617,5453.268461538461
1783435363,10,,Aggregated,4.600000,0.000000,22,30,37,44,62,110,310,1000,1600,1600,1600,1306,0,22,52.280602901987024,5.176803999347612,1602.9007189972617,5460.014548238897
1783435364,10,,Aggregated,4.700000,0.000000,22,30,37,44,62,110,310,1000,1600,1600,1600,1308,0,22,52.251877292044654,5.176803999347612,1602.9007189972617,5466.890672782874
1783435365,10,,Aggregated,4.700000,0.000000,22,30,37,44,62,110,310,1000,1600,1600,1600,1316,0,22,52.091681731000186,5.176803999347612,1602.9007189972617,5510.589665653495
1783435366,10,,Aggregated,4.700000,0.000000,22,30,37,44,62,110,310,1000,1600,1600,1600,1319,0,22,52.015720391964976,5.176803999347612,1602.9007189972617,5518.255496588325
1783435367,10,,Aggregated,5.000000,0.000000,22,30,37,44,62,110,310,1000,1600,1600,1600,1324,0,22,51.888702966016766,5.176803999347612,1602.9007189972617,5538.0558912386705
1783435368,10,,Aggregated,4.800000,0.000000,22,30,37,44,62,110,310,1000,1600,1600,1600,1329,0,22,51.78893549285817,5.176803999347612,1602.9007189972617,5544.416854778028
1783435369,10,,Aggregated,4.900000,0.000000,22,30,37,44,62,110,310,1000,1600,1600,1600,1334,0,22,51.644487576468755,5.176803999347612,1602.9007189972617,5539.917541229385
1783435370,10,,Aggregated,4.900000,0.000000,22,30,37,44,62,110,310,1000,1600,1600,1600,1337,0,22,51.592365385197716,5.176803999347612,1602.9007189972617,5542.997756170531
1783435372,10,,Aggregated,4.900000,0.000000,22,30,37,44,62,100,310,1000,1600,1600,1600,1347,0,22,51.44702119525584,5.176803999347612,1602.9007189972617,5567.316258351893
1783435373,10,,Aggregated,4.500000,0.000000,22,30,37,44,62,100,310,1000,1600,1600,1600,1353,0,22,51.34945950037674,5.176803999347612,1602.9007189972617,5560.318551367332
1783435374,10,,Aggregated,4.500000,0.000000,22,30,37,44,62,100,310,1000,1600,1600,1600,1356,0,22,51.31929396903564,5.176803999347612,1602.9007189972617,5553.922566371682
1783435375,10,,Aggregated,4.500000,0.000000,22,30,37,44,62,98,310,1000,1600,1600,1600,1361,0,22,51.18118042543203,5.176803999347612,1602.9007189972617,5558.996326230713
1783435376,10,,Aggregated,4.800000,0.000000,22,30,37,44,62,98,310,1000,1600,1600,1600,1363,0,22,51.14415757594257,5.176803999347612,1602.9007189972617,5553.14306676449
1783435377,10,,Aggregated,4.700000,0.000000,22,30,37,44,62,98,310,1000,1600,1600,1600,1370,0,22,51.00772798613813,5.176803999347612,1602.9007189972617,5542.267883211679
1783435378,10,,Aggregated,4.600000,0.000000,22,30,37,44,61,98,310,1000,1600,1600,1600,1374,0,22,50.89850856550582,5.176803999347612,1602.9007189972617,5556.922125181951
1783435379,10,,Aggregated,4.700000,0.000000,22,30,37,44,61,98,310,1000,1600,1600,1600,1378,0,22,50.7980752917305,5.176803999347612,1602.9007189972617,5568.2039187227865
1783435380,10,,Aggregated,4.800000,0.000000,22,30,37,44,61,94,310,1000,1600,1600,1600,1382,0,22,50.72598638567684,5.176803999347612,1602.9007189972617,5581.269175108539
1783435381,10,,Aggregated,4.500000,0.000000,22,29,37,44,61,94,310,1000,1600,1600,1600,1387,0,22,50.58615866474829,5.176803999347612,1602.9007189972617,5596.511896178803
1783435382,10,,Aggregated,4.400000,0.000000,22,29,37,44,61,94,310,1000,1600,1600,1600,1391,0,22,50.473623610357464,5.176803999347612,1602.9007189972617,5602.0294751977
1783435383,10,,Aggregated,4.600000,0.000000,22,29,36,44,61,94,310,1000,1600,1600,1600,1396,0,21,50.36705774212046,5.176803999347612,1602.9007189972617,5598.96346704871
1783435384,10,,Aggregated,4.700000,0.000000,21,29,36,44,60,90,310,1000,1600,1600,1600,1401,0,21,50.24919037402172,5.176803999347612,1602.9007189972617,5609.377587437544
1783435385,10,,Aggregated,4.700000,0.000000,21,29,36,44,60,90,310,1000,1600,1600,1600,1405,0,21,50.16224309751305,5.176803999347612,1602.9007189972617,5597.35231316726
1783435386,10,,Aggregated,4.300000,0.000000,21,29,36,43,60,90,310,1000,1600,1600,1600,1412,0,21,50.02077067280954,4.2986240005120635,1602.9007189972617,5586.194050991501
1783435387,10,,Aggregated,4.500000,0.000000,21,29,36,43,60,90,310,1000,1600,1600,1600,1415,0,21,49.94756061696471,4.2986240005120635,1602.9007189972617,5602.53851590106
1783435388,10,,Aggregated,4.700000,0.000000,21,29,36,43,60,90,310,1000,1600,1600,1600,1417,0,21,49.90758147918366,4.2986240005120635,1602.9007189972617,5613.179957657022
1783435389,10,,Aggregated,4.800000,0.000000,21,29,36,43,60,89,310,1000,1600,1600,1600,1426,0,21,49.705722196352696,4.2986240005120635,1602.9007189972617,5644.63744740533
1783435390,10,,Aggregated,4.200000,0.000000,21,29,36,43,60,90,310,1000,1600,1600,1600,1430,0,21,49.65514027832027,4.2986240005120635,1602.9007189972617,5632.886013986014
1783435391,10,,Aggregated,4.600000,0.000000,21,29,36,43,60,90,310,1000,1600,1600,1600,1434,0,21,49.5884579218983,4.2986240005120635,1602.9007189972617,5653.760111576011
1783435392,10,,Aggregated,4.700000,0.000000,21,29,36,43,60,90,310,1000,1600,1600,1600,1440,0,21,49.46395034583525,4.2986240005120635,1602.9007189972617,5672.884027777778
1783435393,10,,Aggregated,5.000000,0.000000,21,29,36,43,60,89,310,1000,1600,1600,1600,1444,0,21,49.372534601111774,4.2986240005120635,1602.9007189972617,5685.398891966759
1783435394,10,,Aggregated,4.700000,0.000000,21,29,36,43,60,89,310,1000,1600,1600,1600,1449,0,21,49.28220051000993,4.2986240005120635,1602.9007189972617,5676.438923395445
1783435395,10,,Aggregated,4.700000,0.000000,21,29,36,43,60,89,310,1000,1600,1600,1600,1453,0,21,49.17756508396633,4.2986240005120635,1602.9007189972617,5667.759807295251
1783435396,10,,Aggregated,4.900000,0.000000,21,29,36,43,60,89,310,1000,1600,1600,1600,1458,0,21,49.08818519204528,4.2986240005120635,1602.9007189972617,5676.11865569273
1783435397,10,,Aggregated,4.800000,0.000000,21,29,36,43,60,88,310,1000,1600,1600,1600,1463,0,21,48.99632821736605,4.2986240005120635,1602.9007189972617,5681.624060150376
1783435398,10,,Aggregated,4.600000,0.000000,21,29,36,43,60,88,310,1000,1600,1600,1600,1467,0,21,48.906482752556904,4.2986240005120635,1602.9007189972617,5710.6721199727335
1783435399,10,,Aggregated,4.500000,0.000000,21,29,36,43,60,88,310,1000,1600,1600,1600,1471,0,21,48.82147657375702,4.2986240005120635,1602.9007189972617,5712.038749150238
1783435400,10,,Aggregated,5.100000,0.000000,21,29,36,43,60,88,310,1000,1600,1600,1600,1476,0,21,48.75930071612341,4.2986240005120635,1602.9007189972617,5716.1056910569105
1783435401,10,,Aggregated,4.900000,0.000000,21,29,36,43,60,88,310,1000,1600,1600,1600,1480,0,21,48.67236866689013,4.2986240005120635,1602.9007189972617,5711.760810810811
1783435402,10,,Aggregated,4.400000,0.000000,21,29,36,43,60,86,310,1000,1600,1600,1600,1484,0,21,48.59168554110442,4.2986240005120635,1602.9007189972617,5712.236522911051
1783435403,10,,Aggregated,4.600000,0.000000,21,29,36,43,60,86,310,1000,1600,1600,1600,1488,0,21,48.51022563642341,4.2986240005120635,1602.9007189972617,5710.965053763441
1783435404,10,,Aggregated,4.500000,0.000000,21,29,36,43,60,86,310,1000,1600,1600,1600,1495,0,21,48.39637516187179,4.2986240005120635,1602.9007189972617,5713.38127090301
1783435405,10,,Aggregated,4.400000,0.000000,21,29,36,43,60,88,310,1000,1600,1600,1600,1499,0,21,48.34432416811361,4.2986240005120635,1602.9007189972617,5703.2501667778515
1783435406,10,,Aggregated,4.600000,0.000000,21,29,36,43,60,86,300,1000,1600,1600,1600,1502,0,21,48.267915272303796,4.2986240005120635,1602.9007189972617,5694.079893475367
1783435407,10,,Aggregated,4.400000,0.000000,21,29,36,42,60,86,300,1000,1600,1600,1600,1508,0,21,48.13151436604948,4.2986240005120635,1602.9007189972617,5687.716843501326
1783435408,10,,Aggregated,4.600000,0.000000,21,29,36,42,60,86,300,1000,1600,1600,1600,1512,0,21,48.05269782143292,4.2986240005120635,1602.9007189972617,5688.812169312169
1783435409,10,,Aggregated,4.600000,0.000000,21,29,35,42,60,86,300,1000,1600,1600,1600,1517,0,21,47.929219054720846,4.2986240005120635,1602.9007189972617,5700.6156888595915
1783435410,10,,Aggregated,4.500000,0.000000,21,29,35,42,60,85,300,1000,1600,1600,1600,1521,0,21,47.83051965746982,4.2986240005120635,1602.9007189972617,5701.604207758054
1783435411,10,,Aggregated,4.600000,0.000000,21,29,35,42,60,85,300,1000,1600,1600,1600,1529,0,21,47.67451822041346,4.2986240005120635,1602.9007189972617,5688.354480052321
1783435412,10,,Aggregated,4.700000,0.000000,21,29,35,42,60,85,300,1000,1600,1600,1600,1532,0,21,47.64326979243343,4.2986240005120635,1602.9007189972617,5679.103785900783
1783435413,10,,Aggregated,4.500000,0.000000,21,29,35,42,60,85,300,1000,1600,1600,1600,1538,0,21,47.545591911578484,4.2986240005120635,1602.9007189972617,5701.314694408323
1783435414,10,,Aggregated,4.800000,0.000000,21,29,35,42,60,85,300,1000,1600,1600,1600,1539,0,21,47.547756304097625,4.2986240005120635,1602.9007189972617,5697.853801169591
1783435415,10,,Aggregated,4.800000,0.000000,21,29,35,42,60,84,300,1000,1600,1600,1600,1544,0,21,47.4765674229336,4.2986240005120635,1602.9007189972617,5689.71243523316
1783435416,10,,Aggregated,4.600000,0.000000,21,29,35,42,60,84,300,1000,1600,1600,1600,1549,0,21,47.394579028411755,4.2986240005120635,1602.9007189972617,5697.861846352485
1783435417,10,,Aggregated,4.400000,0.000000,21,29,35,42,60,84,290,1000,1600,1600,1600,1552,0,21,47.34115262113875,4.2986240005120635,1602.9007189972617,5688.1610824742265
1783435418,10,,Aggregated,4.700000,0.000000,21,29,35,42,60,84,290,1000,1600,1600,1600,1559,0,21,47.22755207120202,4.2986240005120635,1602.9007189972617,5687.729955099423
1783435419,10,,Aggregated,4.500000,0.000000,21,29,35,42,60,84,290,1000,1600,1600,1600,1561,0,21,47.21366193786255,4.2986240005120635,1602.9007189972617,5681.248558616272
1783435420,10,,Aggregated,4.400000,0.000000,21,29,35,42,60,84,290,1000,1600,1600,1600,1565,0,21,47.12964115846982,4.2986240005120635,1602.9007189972617,5675.5674121405755
1783435421,10,,Aggregated,4.300000,0.000000,21,29,35,42,60,84,290,1000,1600,1600,1600,1569,0,21,47.10241004079532,4.2986240005120635,1602.9007189972617,5663.623326959847
1783435422,10,,Aggregated,4.400000,0.000000,21,29,35,42,60,84,290,1000,1600,1600,1600,1574,0,21,47.03106578780658,4.2986240005120635,1602.9007189972617,5661.301143583228
1783435423,10,,Aggregated,4.200000,0.000000,21,28,35,42,60,84,290,1000,1600,1600,1600,1580,0,21,46.913874386719044,4.2986240005120635,1602.9007189972617,5670.951265822785
1783435424,10,,Aggregated,4.200000,0.000000,21,28,35,42,59,83,290,1000,1600,1600,1600,1581,0,21,46.89462015624064,4.2986240005120635,1602.9007189972617,5679.717900063251
1783435425,10,,Aggregated,4.200000,0.000000,21,28,35,42,60,84,290,1000,1600,1600,1600,1586,0,21,46.8676599628092,4.2986240005120635,1602.9007189972617,5665.100882723834
1783435426,10,,Aggregated,4.200000,0.000000,21,28,35,42,59,84,290,1000,1600,1600,1600,1592,0,21,46.762553047118665,4.2986240005120635,1602.9007189972617,5662.052763819095
1783435427,10,,Aggregated,4.400000,0.000000,21,28,35,42,59,84,290,1000,1600,1600,1600,1596,0,21,46.69059168484461,4.2986240005120635,1602.9007189972617,5661.966791979949
1783435428,10,,Aggregated,4.000000,0.000000,21,28,35,42,59,83,290,1000,1600,1600,1600,1602,0,21,46.62087712672479,4.2986240005120635,1602.9007189972617,5675.745942571785
1783435429,10,,Aggregated,4.300000,0.000000,21,28,35,42,59,83,290,1000,1600,1600,1600,1605,0,21,46.58940928847898,4.2986240005120635,1602.9007189972617,5678.094080996885
1783435430,10,,Aggregated,4.300000,0.000000,21,28,35,42,59,83,290,1000,1600,1600,1600,1608,0,21,46.54419460262011,4.2986240005120635,1602.9007189972617,5668.753731343284
1783435431,10,,Aggregated,4.500000,0.000000,21,28,35,42,59,83,290,1000,1600,1600,1600,1617,0,21,46.393813122457935,4.2986240005120635,1602.9007189972617,5673.121212121212
1783435432,10,,Aggregated,4.400000,0.000000,21,28,35,42,59,83,290,1000,1600,1600,1600,1619,0,21,46.35258159173339,4.2986240005120635,1602.9007189972617,5682.348980852378
1783435433,10,,Aggregated,4.400000,0.000000,21,28,35,42,59,83,290,1000,1600,1600,1600,1623,0,21,46.27628342699636,4.2986240005120635,1602.9007189972617,5675.808995686999
1783435434,10,,Aggregated,4.600000,0.000000,21,28,35,42,59,83,290,1000,1600,1600,1600,1628,0,21,46.192832897428495,4.2986240005120635,1602.9007189972617,5661.6812039312035
1783435435,10,,Aggregated,4.300000,0.000000,21,28,35,42,59,83,290,1000,1600,1600,1600,1632,0,21,46.15875144792444,4.2986240005120635,1602.9007189972617,5649.580269607844
1783435436,10,,Aggregated,4.600000,0.000000,20,28,35,42,59,83,290,1000,1600,1600,1600,1638,0,20,46.02719178572296,4.2986240005120635,1602.9007189972617,5646.502442002442
1783435437,10,,Aggregated,4.400000,0.000000,20,28,35,42,59,82,290,1000,1600,1600,1600,1641,0,20,46.01309818099696,4.2986240005120635,1602.9007189972617,5648.443022547227
1783435438,10,,Aggregated,4.500000,0.000000,20,28,35,42,59,82,290,1000,1600,1600,1600,1646,0,20,45.958008968419946,4.2986240005120635,1602.9007189972617,5652.327460510328
1783435439,10,,Aggregated,4.600000,0.000000,20,28,35,42,59,82,290,1000,1600,1600,1600,1650,0,20,45.89933752485994,4.2986240005120635,1602.9007189972617,5647.569090909091
1783435440,10,,Aggregated,4.600000,0.000000,20,28,35,42,59,82,290,1000,1600,1600,1600,1650,0,20,45.89933752485994,4.2986240005120635,1602.9007189972617,5647.569090909091
1783435441,10,,Aggregated,4.300000,0.000000,20,28,35,42,58,82,270,1000,1600,1600,1600,1658,0,20,45.74453653800662,4.2986240005120635,1602.9007189972617,5651.872135102533
1783435442,10,,Aggregated,4.400000,0.000000,20,28,35,42,58,82,270,1000,1600,1600,1600,1662,0,20,45.6632109915859,4.2986240005120635,1602.9007189972617,5666.007220216607
1783435443,10,,Aggregated,4.500000,0.000000,20,28,35,42,58,82,270,1000,1600,1600,1600,1667,0,20,45.566862362340785,4.2986240005120635,1602.9007189972617,5665.235152969406
1783435444,10,,Aggregated,4.200000,0.000000,20,28,35,42,58,82,270,1000,1600,1600,1600,1670,0,20,45.53337456408573,4.2986240005120635,1602.9007189972617,5657.202395209581
1783435445,10,,Aggregated,4.400000,0.000000,20,28,35,42,58,82,270,1000,1600,1600,1600,1676,0,20,45.458955198106516,4.2986240005120635,1602.9007189972617,5639.862171837709
1783435446,10,,Aggregated,4.100000,0.000000,20,28,35,42,58,82,270,1000,1600,1600,1600,1680,0,20,45.41752885953819,4.2986240005120635,1602.9007189972617,5631.7720238095235
1783435447,10,,Aggregated,4.400000,0.000000,20,28,35,42,58,82,270,1000,1600,1600,1600,1682,0,20,45.38515878122648,4.2986240005120635,1602.9007189972617,5626.942330558859
1783435448,10,,Aggregated,4.500000,0.000000,20,28,35,42,58,82,270,1000,1600,1600,1600,1687,0,20,45.31757240013462,4.2986240005120635,1602.9007189972617,5634.6609365737995
1783435449,10,,Aggregated,4.100000,0.000000,20,28,35,42,58,82,270,1000,1600,1600,1600,1692,0,20,45.25927077542825,4.2986240005120635,1602.9007189972617,5635.367612293144
1783435450,10,,Aggregated,4.200000,0.000000,20,28,35,42,58,82,270,1000,1600,1600,1600,1697,0,20,45.157533609918936,4.2986240005120635,1602.9007189972617,5644.606364172068
1783435451,10,,Aggregated,4.200000,0.000000,20,28,34,42,58,81,270,1000,1600,1600,1600,1701,0,20,45.079126413895494,4.2986240005120635,1602.9007189972617,5645.102880658436
1783435452,10,,Aggregated,4.300000,0.000000,20,28,34,42,58,81,270,1000,1600,1600,1600,1705,0,20,45.04687074019686,4.2986240005120635,1602.9007189972617,5655.157184750733
1783435453,10,,Aggregated,4.400000,0.000000,20,28,34,42,58,81,270,1000,1600,1600,1600,1707,0,20,45.02023862333651,4.2986240005120635,1602.9007189972617,5649.565905096661
1783435454,10,,Aggregated,4.300000,0.000000,20,28,34,42,58,81,270,1000,1600,1600,1600,1713,0,20,44.94514476826218,4.2986240005120635,1602.9007189972617,5661.888499708114
1783435455,10,,Aggregated,4.200000,0.000000,20,28,34,42,58,81,270,1000,1600,1600,1600,1715,0,20,44.92689587523777,4.2986240005120635,1602.9007189972617,5666.939358600583
1783435456,10,,Aggregated,4.200000,0.000000,20,28,34,42,57,81,270,1000,1600,1600,1600,1721,0,20,44.83484612436236,4.2986240005120635,1602.9007189972617,5654.617664148751
1783435457,10,,Aggregated,4.100000,0.000000,20,28,34,42,57,81,270,1000,1600,1600,1600,1727,0,20,44.75255245514196,4.2986240005120635,1602.9007189972617,5666.022003474232
1783435458,10,,Aggregated,3.900000,0.000000,20,28,34,42,57,81,270,1000,1600,1600,1600,1729,0,20,44.71788555640803,4.2986240005120635,1602.9007189972617,5660.134759976865
1783435459,10,,Aggregated,4.300000,0.000000,20,28,34,41,57,81,270,1000,1600,1600,1600,1735,0,20,44.61822588013412,4.2986240005120635,1602.9007189972617,5658.488184438041
1783435460,10,,Aggregated,4.400000,0.000000,20,28,34,41,57,81,270,1000,1600,1600,1600,1740,0,20,44.5375678678369,4.2986240005120635,1602.9007189972617,5647.457471264368
1783435461,10,,Aggregated,4.200000,0.000000,20,28,34,41,57,80,270,1000,1600,1600,1600,1743,0,20,44.485093374662284,4.2986240005120635,1602.9007189972617,5640.828456683878
1783435462,10,,Aggregated,4.300000,0.000000,20,28,34,41,57,80,270,1000,1600,1600,1600,1749,0,20,44.394281763883896,4.2986240005120635,1602.9007189972617,5638.68324757004
1783435463,10,,Aggregated,4.100000,0.000000,20,28,34,41,57,80,260,1000,1600,1600,1600,1753,0,20,44.319850142061135,4.2986240005120635,1602.9007189972617,5633.095835710211
1783435464,10,,Aggregated,4.200000,0.000000,20,28,34,41,57,80,260,1000,1600,1600,1600,1758,0,20,44.228809886251824,4.2986240005120635,1602.9007189972617,5640.074516496018
1783435465,10,,Aggregated,4.500000,0.000000,20,28,34,41,57,80,260,1000,1600,1600,1600,1763,0,20,44.16053681851077,4.2986240005120635,1602.9007189972617,5630.36755530346
1783435466,10,,Aggregated,4.500000,0.000000,20,28,34,41,57,80,260,1000,1600,1600,1600,1769,0,20,44.07762154213176,4.2986240005120635,1602.9007189972617,5662.944601469757
1783435467,10,,Aggregated,4.700000,0.000000,20,28,34,41,57,80,260,1000,1600,1600,1600,1772,0,20,44.059692435683814,4.2986240005120635,1602.9007189972617,5654.566591422122
1783435468,10,,Aggregated,4.900000,0.000000,20,28,34,41,57,80,260,1000,1600,1600,1600,1778,0,20,43.9830003706611,4.2986240005120635,1602.9007189972617,5655.730596175478
1783435469,10,,Aggregated,4.700000,0.000000,20,28,34,41,57,79,260,1000,1600,1600,1600,1781,0,20,43.923621828207025,4.2986240005120635,1602.9007189972617,5648.3896687254355
1783435470,10,,Aggregated,4.500000,0.000000,20,28,34,41,57,79,260,1000,1600,1600,1600,1784,0,20,43.87497480607358,4.2986240005120635,1602.9007189972617,5662.45403587444
1783435471,10,,Aggregated,4.800000,0.000000,20,28,34,41,57,79,260,1000,1600,1600,1600,1792,0,20,43.74909863618167,4.2986240005120635,1602.9007189972617,5653.373325892857
1783435472,10,,Aggregated,4.600000,0.000000,20,28,34,41,57,79,260,1000,1600,1600,1600,1797,0,20,43.679489915438275,4.2986240005120635,1602.9007189972617,5663.787423483584
1783435473,10,,Aggregated,4.600000,0.000000,20,28,34,41,57,79,240,1000,1600,1600,1600,1804,0,20,43.620867562658894,4.2986240005120635,1602.9007189972617,5649.878048780488
1783435474,10,,Aggregated,4.900000,0.000000,20,28,34,41,57,79,240,1000,1600,1600,1600,1806,0,20,43.58779100334208,4.2986240005120635,1602.9007189972617,5654.591362126246
1783435475,10,,Aggregated,4.800000,0.000000,20,28,34,41,57,79,240,1000,1600,1600,1600,1811,0,20,43.555061643863354,4.2986240005120635,1602.9007189972617,5657.806184428493
1783435476,10,,Aggregated,5.000000,0.000000,20,28,34,41,57,79,240,1000,1600,1600,1600,1817,0,20,43.45373921465849,4.2986240005120635,1602.9007189972617,5644.728123280132
1783435477,10,,Aggregated,4.600000,0.000000,20,28,34,41,57,79,240,1000,1600,1600,1600,1820,0,20,43.409496514850815,4.2986240005120635,1602.9007189972617,5647.548901098901
1783435478,10,,Aggregated,4.600000,0.000000,20,28,34,40,57,78,240,1000,1600,1600,1600,1826,0,20,43.34333493265396,4.2986240005120635,1602.9007189972617,5633.782037239868
1783435479,10,,Aggregated,4.700000,0.000000,20,28,34,40,57,78,240,1000,1600,1600,1600,1830,0,20,43.28243227105329,4.2986240005120635,1602.9007189972617,5654.732240437159
1783435480,10,,Aggregated,4.800000,0.000000,20,28,34,40,57,78,240,1000,1600,1600,1600,1833,0,20,43.241004495376046,4.2986240005120635,1602.9007189972617,5646.887070376432
1783435481,10,,Aggregated,4.700000,0.000000,20,28,34,40,57,78,240,1000,1600,1600,1600,1839,0,20,43.17846587548582,4.2986240005120635,1602.9007189972617,5641.144100054377
1783435482,10,,Aggregated,4.900000,0.000000,20,28,34,40,57,77,240,1000,1600,1600,1600,1844,0,20,43.10291809599651,4.2986240005120635,1602.9007189972617,5648.834598698481
1783435483,10,,Aggregated,4.700000,0.000000,20,28,34,40,57,77,240,1000,1600,1600,1600,1848,0,20,43.062956776524025,4.2986240005120635,1602.9007189972617,5641.420454545455
1783435484,10,,Aggregated,4.600000,0.000000,20,28,34,40,57,77,220,1000,1600,1600,1600,1853,0,20,42.978764696178516,4.2986240005120635,1602.9007189972617,5642.963842417701
1783435485,10,,Aggregated,4.600000,0.000000,20,28,34,40,57,77,220,1000,1600,1600,1600,1857,0,20,42.929391447504074,4.2986240005120635,1602.9007189972617,5642.427571351643
1783435487,10,,Aggregated,4.700000,0.000000,20,28,34,40,57,76,220,1000,1600,1600,1600,1863,0,20,42.869023812677355,4.2986240005120635,1602.9007189972617,5638.278046162104
1783435488,10,,Aggregated,4.800000,0.000000,20,28,34,40,57,76,220,1000,1600,1600,1600,1870,0,20,42.81148067968515,4.2986240005120635,1602.9007189972617,5632.745454545455
1783435489,10,,Aggregated,4.600000,0.000000,20,28,34,40,57,76,220,1000,1600,1600,1600,1876,0,20,42.7449534776187,4.2986240005120635,1602.9007189972617,5639.356076759062
1783435490,10,,Aggregated,5.000000,0.000000,20,28,34,40,57,76,220,1000,1600,1600,1600,1880,0,20,42.6926067106464,4.2986240005120635,1602.9007189972617,5644.945744680851
1783435491,10,,Aggregated,5.000000,0.000000,20,28,34,40,57,76,220,1000,1600,1600,1600,1882,0,20,42.67755536876547,4.2986240005120635,1602.9007189972617,5639.580233793837
1783435492,10,,Aggregated,4.800000,0.000000,20,28,34,40,57,76,220,1000,1600,1600,1600,1888,0,20,42.63119469545334,4.2986240005120635,1602.9007189972617,5646.948622881356
1783435493,10,,Aggregated,4.900000,0.000000,20,28,33,40,57,76,220,1000,1600,1600,1600,1894,0,20,42.54678028406323,4.2986240005120635,1602.9007189972617,5654.102956705386
1783435494,10,,Aggregated,4.800000,0.000000,20,28,33,40,57,76,220,1000,1600,1600,1600,1897,0,20,42.50102607538836,4.2986240005120635,1602.9007189972617,5657.130732735899
1783435495,10,,Aggregated,4.800000,0.000000,20,27,33,40,57,76,210,1000,1600,1600,1600,1901,0,20,42.44549048974901,4.2986240005120635,1602.9007189972617,5658.043661230931
1783435496,10,,Aggregated,4.300000,0.000000,20,27,33,40,57,76,210,1000,1600,1600,1600,1906,0,20,42.37512644334301,4.2986240005120635,1602.9007189972617,5658.570304302204
1783435497,10,,Aggregated,4.700000,0.000000,20,27,33,40,57,76,210,1000,1600,1600,1600,1909,0,20,42.3257544766958,4.2986240005120635,1602.9007189972617,5661.286013619696
1783435498,10,,Aggregated,4.700000,0.000000,20,27,33,40,57,76,210,1000,1600,1600,1600,1913,0,20,42.260976659700866,4.2986240005120635,1602.9007189972617,5672.707788813382
1783435499,10,,Aggregated,4.400000,0.000000,20,27,33,39,57,76,210,1000,1600,1600,1600,1919,0,20,42.1732128457585,4.2986240005120635,1602.9007189972617,5683.969254820219
1783435500,10,,Aggregated,4.300000,0.000000,20,27,33,39,57,75,210,1000,1600,1600,1600,1925,0,20,42.10429784104034,4.2986240005120635,1602.9007189972617,5678.846753246753
1783435501,10,,Aggregated,4.600000,0.000000,20,27,33,39,57,75,210,1000,1600,1600,1600,1929,0,20,42.06275203421564,4.2986240005120635,1602.9007189972617,5670.791601866252
1783435502,10,,Aggregated,4.500000,0.000000,20,27,33,39,56,75,210,1000,1600,1600,1600,1932,0,20,42.02588037060195,4.2986240005120635,1602.9007189972617,5664.43115942029
1783435503,10,,Aggregated,4.500000,0.000000,20,27,33,39,56,75,210,1000,1600,1600,1600,1935,0,20,41.987424324030776,4.2986240005120635,1602.9007189972617,5657.1509043927645
1783435504,10,,Aggregated,4.400000,0.000000,20,27,33,39,56,74,210,1000,1600,1600,1600,1942,0,20,41.895678043771014,4.2986240005120635,1602.9007189972617,5671.982492276004
1783435505,10,,Aggregated,4.300000,0.000000,20,27,33,39,56,74,210,1000,1600,1600,1600,1947,0,20,41.84590877607005,4.2986240005120635,1602.9007189972617,5684.707241910632
1783435506,10,,Aggregated,4.500000,0.000000,20,27,33,39,56,75,200,1000,1600,1600,1600,1951,0,20,41.832659957461786,4.2986240005120635,1602.9007189972617,5675.311635058944
1783435507,10,,Aggregated,4.500000,0.000000,20,27,33,39,56,75,200,1000,1600,1600,1600,1953,0,20,41.831608267286,4.2986240005120635,1602.9007189972617,5670.181771633384
1783435508,10,,Aggregated,4.600000,0.000000,19,27,33,39,56,75,200,1000,1600,1600,1600,1960,0,19,41.72835569898241,4.2986240005120635,1602.9007189972617,5675.025
1783435509,10,,Aggregated,4.600000,0.000000,19,27,33,39,56,74,200,1000,1600,1600,1600,1965,0,19,41.65891344326262,4.2986240005120635,1602.9007189972617,5675.996437659033
1783435510,10,,Aggregated,4.600000,0.000000,19,27,33,39,56,74,200,1000,1600,1600,1600,1970,0,19,41.58585008223924,4.2986240005120635,1602.9007189972617,5679.264974619289
1783435511,10,,Aggregated,4.500000,0.000000,19,27,33,39,56,74,200,1000,1600,1600,1600,1972,0,19,41.561888207915224,4.2986240005120635,1602.9007189972617,5675.092799188641
1783435512,10,,Aggregated,4.600000,0.000000,19,27,33,39,56,74,200,1000,1600,1600,1600,1980,0,19,41.46086165656567,4.2986240005120635,1602.9007189972617,5686.583333333333
1783435513,10,,Aggregated,4.400000,0.000000,19,27,33,39,56,74,200,1000,1600,1600,1600,1985,0,19,41.39879505490982,4.2986240005120635,1602.9007189972617,5675.9919395465995
1783435514,10,,Aggregated,4.400000,0.000000,19,27,33,39,56,74,200,1000,1600,1600,1600,1987,0,19,41.39026873125121,4.2986240005120635,1602.9007189972617,5683.386009058882
1783435515,10,,Aggregated,4.800000,0.000000,19,27,33,39,56,74,200,1000,1600,1600,1600,1994,0,19,41.319090828984194,4.2986240005120635,1602.9007189972617,5695.842026078235
1783435516,10,,Aggregated,4.800000,0.000000,19,27,33,39,56,74,200,1000,1600,1600,1600,1997,0,19,41.270658884324746,4.2986240005120635,1602.9007189972617,5691.914872308463
1783435517,10,,Aggregated,4.600000,0.000000,19,27,33,38,56,74,200,450,1600,1600,1600,2002,0,19,41.209339907589886,4.2986240005120635,1602.9007189972617,5692.88011988012
1783435518,10,,Aggregated,4.600000,0.000000,19,27,33,39,56,74,200,450,1600,1600,1600,2005,0,19,41.179464176058985,4.2986240005120635,1602.9007189972617,5691.272319201995
1783435519,10,,Aggregated,4.700000,0.000000,19,27,33,38,56,74,200,450,1600,1600,1600,2011,0,19,41.138289554450566,4.2986240005120635,1602.9007189972617,5702.728990551964
1783435520,10,,Aggregated,4.600000,0.000000,19,27,33,38,56,74,200,450,1600,1600,1600,2016,0,19,41.10211456051751,4.2986240005120635,1602.9007189972617,5705.888888888889
1783435521,10,,Aggregated,4.600000,0.000000,19,27,33,38,56,74,200,450,1600,1600,1600,2021,0,19,41.04209904255274,4.2986240005120635,1602.9007189972617,5709.246907471549
1783435522,10,,Aggregated,4.500000,0.000000,19,27,33,38,56,74,200,450,1600,1600,1600,2026,0,19,41.01178436179609,4.2986240005120635,1602.9007189972617,5705.895853899309
1783435523,10,,Aggregated,4.900000,0.000000,19,27,33,38,56,74,200,450,1600,1600,1600,2031,0,19,40.99950969571628,4.2986240005120635,1602.9007189972617,5693.708517971442
1783435524,10,,Aggregated,4.400000,0.000000,19,27,33,39,56,74,200,450,1600,1600,1600,2035,0,19,40.97639856805802,4.2986240005120635,1602.9007189972617,5699.2506142506145
1783435525,10,,Aggregated,4.600000,0.000000,19,27,33,38,56,74,200,450,1600,1600,1600,2042,0,19,40.88747298188077,4.2986240005120635,1602.9007189972617,5684.257100881488
1783435526,10,,Aggregated,4.700000,0.000000,19,27,33,38,56,74,200,450,1600,1600,1600,2047,0,19,40.84529769028153,4.2986240005120635,1602.9007189972617,5673.294577430386
1783435527,10,,Aggregated,5.000000,0.000000,19,27,33,38,56,74,200,450,1600,1600,1600,2050,0,19,40.79890271366244,4.2986240005120635,1602.9007189972617,5678.053658536585
1783435528,10,,Aggregated,4.600000,0.000000,19,27,33,39,56,74,200,450,1600,1600,1600,2055,0,19,40.760557791247194,4.2986240005120635,1602.9007189972617,5675.707542579075
1783435529,10,,Aggregated,4.800000,0.000000,19,27,33,38,56,74,200,450,1600,1600,1600,2061,0,19,40.710743548766985,4.2986240005120635,1602.9007189972617,5689.244056283357
1783435530,10,,Aggregated,4.900000,0.000000,19,27,33,38,56,74,200,450,1600,1600,1600,2064,0,19,40.671113142446465,4.2986240005120635,1602.9007189972617,5682.627906976744
1783435531,10,,Aggregated,5.100000,0.000000,19,27,33,38,56,74,200,450,1600,1600,1600,2069,0,19,40.624756085554274,4.2986240005120635,1602.9007189972617,5672.766553890769
1783435532,10,,Aggregated,4.600000,0.000000,19,27,33,38,55,74,200,450,1600,1600,1600,2073,0,19,40.598618170289846,4.2986240005120635,1602.9007189972617,5678.856729377713
1783435533,10,,Aggregated,4.600000,0.000000,19,27,33,39,55,74,200,450,1600,1600,1600,2078,0,19,40.56358328970742,4.2986240005120635,1602.9007189972617,5669.345043310876
1783435534,10,,Aggregated,4.800000,0.000000,19,27,33,39,55,73,200,450,1600,1600,1600,2082,0,19,40.537579569170596,4.2986240005120635,1602.9007189972617,5678.156099903938
1783435535,10,,Aggregated,4.700000,0.000000,19,27,33,38,55,73,200,450,1600,1600,1600,2086,0,19,40.47729272579901,4.2986240005120635,1602.9007189972617,5680.55656759348
1783435536,10,,Aggregated,4.600000,0.000000,19,27,33,39,55,74,200,450,1600,1600,1600,2090,0,19,40.470870874168554,4.2986240005120635,1602.9007189972617,5676.682775119617
1783435537,10,,Aggregated,4.400000,0.000000,19,27,33,38,55,74,200,450,1600,1600,1600,2094,0,19,40.42725857355235,4.2986240005120635,1602.9007189972617,5684.042502387774
1783435538,10,,Aggregated,4.600000,0.000000,19,27,33,38,55,74,200,450,1600,1600,1600,2100,0,19,40.36518541762884,4.2986240005120635,1602.9007189972617,5682.87
1783435539,10,,Aggregated,4.500000,0.000000,19,27,33,38,55,73,200,450,1600,1600,1600,2105,0,19,40.29276517198307,4.2986240005120635,1602.9007189972617,5677.70783847981
1783435540,10,,Aggregated,4.200000,0.000000,19,27,33,38,55,73,200,450,1600,1600,1600,2108,0,19,40.25482374479396,4.2986240005120635,1602.9007189972617,5670.563567362429
1783435541,10,,Aggregated,4.200000,0.000000,19,27,33,38,55,73,200,450,1600,1600,1600,2113,0,19,40.182910699494805,4.2986240005120635,1602.9007189972617,5672.9488878371985
1783435542,10,,Aggregated,4.400000,0.000000,19,27,33,38,55,73,200,450,1600,1600,1600,2116,0,19,40.18272949954328,4.2986240005120635,1602.9007189972617,5665.646502835539
1783435543,10,,Aggregated,4.500000,0.000000,19,27,33,38,55,72,200,450,1600,1600,1600,2124,0,19,40.06855371234864,4.2986240005120635,1602.9007189972617,5668.550376647834
1783435544,10,,Aggregated,4.400000,0.000000,19,27,33,38,55,72,200,450,1600,1600,1600,2129,0,19,40.029504917348454,4.2986240005120635,1602.9007189972617,5675.60967590418
1783435545,10,,Aggregated,4.400000,0.000000,19,27,33,38,55,72,200,450,1600,1600,1600,2133,0,19,39.98980241726915,4.2986240005120635,1602.9007189972617,5681.189873417721
1783435546,10,,Aggregated,4.500000,0.000000,19,27,33,38,55,72,200,450,1600,1600,1600,2135,0,19,39.97321381547231,4.2986240005120635,1602.9007189972617,5677.338641686183
1783435547,10,,Aggregated,4.500000,0.000000,19,27,33,38,55,72,200,450,1600,1600,1600,2141,0,19,39.91149316022046,4.2986240005120635,1602.9007189972617,5668.094815506773
1783435548,10,,Aggregated,4.400000,0.000000,19,27,33,38,55,72,200,450,1600,1600,1600,2147,0,19,39.82278981417356,4.2986240005120635,1602.9007189972617,5663.515137401025
1783435549,10,,Aggregated,4.400000,0.000000,19,27,33,38,55,72,200,450,1600,1600,1600,2149,0,19,39.79688846674308,4.2986240005120635,1602.9007189972617,5670.638436482085
1783435550,10,,Aggregated,4.900000,0.000000,19,27,33,38,55,73,200,450,1600,1600,1600,2155,0,19,39.81763602507162,4.2986240005120635,1602.9007189972617,5659.398143851508
1783435551,10,,Aggregated,4.700000,0.000000,19,27,33,38,55,73,200,450,1600,1600,1600,2160,0,19,39.77051190742073,4.2986240005120635,1602.9007189972617,5673.811574074074
1783435552,10,,Aggregated,4.500000,0.000000,19,27,33,38,55,72,200,450,1600,1600,1600,2164,0,19,39.728600676538775,4.2986240005120635,1602.9007189972617,5667.626617375231
1783435553,10,,Aggregated,4.500000,0.000000,19,27,33,38,55,72,200,450,1600,1600,1600,2168,0,19,39.69032391836918,4.2986240005120635,1602.9007189972617,5669.75553505535
1783435554,10,,Aggregated,4.500000,0.000000,19,27,33,38,55,73,200,450,1600,1600,1600,2171,0,19,39.687363894529874,4.2986240005120635,1602.9007189972617,5662.9106402579455
1783435555,10,,Aggregated,4.600000,0.000000,19,27,33,38,55,73,200,450,1600,1600,1600,2178,0,19,39.64496360331446,4.2986240005120635,1602.9007189972617,5649.333792470156
1783435556,10,,Aggregated,4.600000,0.000000,19,27,33,38,55,72,200,450,1600,1600,1600,2181,0,19,39.612505201292734,4.2986240005120635,1602.9007189972617,5651.460339293902
1783435557,10,,Aggregated,4.400000,0.000000,19,27,32,38,55,72,200,450,1600,1600,1600,2186,0,19,39.56441615828842,4.2986240005120635,1602.9007189972617,5652.868709972553
1783435558,10,,Aggregated,4.700000,0.000000,19,27,32,38,55,72,200,450,1600,1600,1600,2192,0,19,39.5028733084015,4.2986240005120635,1602.9007189972617,5649.227645985401
1783435559,10,,Aggregated,4.400000,0.000000,19,27,33,38,55,72,200,450,1600,1600,1600,2196,0,19,39.51215883561548,4.2986240005120635,1602.9007189972617,5646.2345173041895
1783435560,10,,Aggregated,4.400000,0.000000,19,27,33,38,55,72,190,440,1600,1600,1600,2202,0,19,39.48064745504619,4.2986240005120635,1602.9007189972617,5649.569028156222
1783435561,10,,Aggregated,4.400000,0.000000,19,27,33,38,55,72,190,440,1600,1600,1600,2206,0,19,39.4354797012739,4.2986240005120635,1602.9007189972617,5652.820489573889
1783435562,10,,Aggregated,4.900000,0.000000,19,27,33,38,55,72,190,440,1600,1600,1600,2211,0,19,39.40610094437356,4.2986240005120635,1602.9007189972617,5648.606060606061
1783435563,10,,Aggregated,4.800000,0.000000,19,27,32,38,55,72,190,440,1600,1600,1600,2213,0,19,39.38126604519066,4.2986240005120635,1602.9007189972617,5644.643922277452
1783435564,10,,Aggregated,4.800000,0.000000,19,27,32,38,55,72,190,440,1600,1600,1600,2220,0,19,39.290212989642995,4.12325800061808,1602.9007189972617,5646.778378378378
1783435565,10,,Aggregated,4.600000,0.000000,19,27,32,38,55,72,190,440,1600,1600,1600,2223,0,19,39.27392767746675,4.12325800061808,1602.9007189972617,5641.054430949168
1783435566,10,,Aggregated,4.400000,0.000000,19,27,32,38,55,72,190,440,1600,1600,1600,2227,0,19,39.22192399101957,4.12325800061808,1602.9007189972617,5640.70498428379
1783435567,10,,Aggregated,4.700000,0.000000,19,27,32,38,55,72,190,440,1600,1600,1600,2230,0,19,39.18496327713025,4.12325800061808,1602.9007189972617,5635.8511210762335
1783435568,10,,Aggregated,4.500000,0.000000,19,27,32,38,55,72,190,440,1600,1600,1600,2235,0,19,39.14409566532495,4.12325800061808,1602.9007189972617,5639.507382550336
1783435569,10,,Aggregated,4.500000,0.000000,19,27,32,38,55,72,190,440,1600,1600,1600,2244,0,19,39.067491613637046,4.12325800061808,1602.9007189972617,5645.774064171123
1783435570,10,,Aggregated,4.300000,0.000000,19,27,32,38,55,72,190,440,1600,1600,1600,2249,0,19,39.01123566874258,4.12325800061808,1602.9007189972617,5660.2530013339265
1783435571,10,,Aggregated,4.600000,0.000000,19,27,32,38,55,72,180,440,1600,1600,1600,2252,0,19,38.988818464922446,4.12325800061808,1602.9007189972617,5670.31971580817
1783435572,10,,Aggregated,4.600000,0.000000,19,27,32,38,55,72,180,440,1600,1600,1600,2258,0,19,38.93165064172164,4.12325800061808,1602.9007189972617,5683.505757307352
1783435573,10,,Aggregated,4.700000,0.000000,19,27,32,38,55,72,180,440,1600,1600,1600,2260,0,19,38.90954458584341,4.12325800061808,1602.9007189972617,5679.865486725664
1783435574,10,,Aggregated,4.600000,0.000000,19,26,32,38,55,72,180,440,1600,1600,1600,2265,0,19,38.848885658279855,4.12325800061808,1602.9007189972617,5686.669315673289
1783435575,10,,Aggregated,4.700000,0.000000,19,26,32,38,55,72,180,440,1600,1600,1600,2269,0,19,38.80748759938448,4.12325800061808,1602.9007189972617,5692.256059938299
1783435576,10,,Aggregated,4.600000,0.000000,19,26,32,38,54,72,180,440,1600,1600,1600,2276,0,19,38.747212623902016,4.12325800061808,1602.9007189972617,5701.791739894552
1783435577,10,,Aggregated,4.800000,0.000000,19,26,32,38,54,71,180,440,1600,1600,1600,2281,0,19,38.69338826961941,4.12325800061808,1602.9007189972617,5711.046909250329
1783435578,10,,Aggregated,4.700000,0.000000,19,26,32,38,54,71,180,440,1600,1600,1600,2284,0,19,38.67502696191116,4.12325800061808,1602.9007189972617,5713.624781085814
1783435579,10,,Aggregated,5.100000,0.000000,19,26,32,38,54,71,180,440,1600,1600,1600,2289,0,19,38.63402989384287,4.12325800061808,1602.9007189972617,5705.718217562254
1783435580,10,,Aggregated,5.000000,0.000000,19,26,32,38,54,71,180,440,1600,1600,1600,2294,0,19,38.62632475676071,4.12325800061808,1602.9007189972617,5694.762859633827
1783435581,10,,Aggregated,4.800000,0.000000,19,26,32,38,54,71,180,440,1600,1600,1600,2300,0,19,38.55615143695974,4.12325800061808,1602.9007189972617,5693.315217391304
1783435582,10,,Aggregated,4.500000,0.000000,19,26,32,37,54,71,180,390,1600,1600,1600,2303,0,19,38.52530585106661,4.12325800061808,1602.9007189972617,5698.438992618324
1783435583,10,,Aggregated,4.400000,0.000000,19,26,32,38,54,72,180,390,1600,1600,1600,2309,0,19,38.52266844651748,4.12325800061808,1602.9007189972617,5685.785621481161
1783435584,10,,Aggregated,4.500000,0.000000,19,26,32,37,54,72,180,390,1600,1600,1600,2314,0,19,38.4695274494421,4.12325800061808,1602.9007189972617,5702.309420916163
1783435585,10,,Aggregated,4.600000,0.000000,19,26,32,37,54,72,180,390,1600,1600,1600,2319,0,19,38.42739899224318,4.12325800061808,1602.9007189972617,5692.304010349289
1783435586,10,,Aggregated,5.000000,0.000000,19,26,32,38,54,71,180,390,1600,1600,1600,2323,0,19,38.413278309947245,4.12325800061808,1602.9007189972617,5683.909169177788
1783435587,10,,Aggregated,4.600000,0.000000,19,26,32,38,54,71,180,390,1600,1600,1600,2329,0,19,38.38811519493747,4.12325800061808,1602.9007189972617,5679.558608844998
1783435588,10,,Aggregated,4.600000,0.000000,18,26,32,38,54,71,180,390,1600,1600,1600,2331,0,18,38.35949241055628,4.12325800061808,1602.9007189972617,5674.918060918061
1783435589,10,,Aggregated,4.600000,0.000000,18,26,32,38,54,71,180,390,1600,1600,1600,2337,0,18,38.30387731365357,4.12325800061808,1602.9007189972617,5678.583654257595
1783435590,10,,Aggregated,4.900000,0.000000,18,26,32,37,54,71,180,390,1600,1600,1600,2342,0,18,38.26128214304464,4.12325800061808,1602.9007189972617,5677.412467976089
1783435591,10,,Aggregated,4.500000,0.000000,18,26,32,37,54,71,180,390,1600,1600,1600,2344,0,18,38.241609787119685,4.12325800061808,1602.9007189972617,5673.033276450512
1783435592,10,,Aggregated,4.800000,0.000000,18,26,32,37,54,71,180,390,1600,1600,1600,2349,0,18,38.2047866036642,4.12325800061808,1602.9007189972617,5662.148573861217
1783435593,10,,Aggregated,4.800000,0.000000,18,26,32,37,54,71,180,390,1600,1600,1600,2356,0,18,38.14335082470449,4.12325800061808,1602.9007189972617,5669.550509337861
1783435594,10,,Aggregated,4.800000,0.000000,18,26,32,37,54,71,180,390,1600,1600,1600,2359,0,18,38.109545986859324,4.12325800061808,1602.9007189972617,5672.072488342518
1783435595,10,,Aggregated,4.600000,0.000000,18,26,32,37,54,71,180,390,1600,1600,1600,2365,0,18,38.14096604524344,4.12325800061808,1602.9007189972617,5659.497251585623
1783435596,10,,Aggregated,4.600000,0.000000,18,26,32,37,54,71,180,390,1600,1600,1600,2369,0,18,38.122209866192044,4.12325800061808,1602.9007189972617,5658.981426762347
1783435597,10,,Aggregated,4.600000,0.000000,18,26,32,37,54,71,180,390,1600,1600,1600,2372,0,18,38.11069007167378,4.12325800061808,1602.9007189972617,5660.924536256323
1783435598,10,,Aggregated,4.500000,0.000000,18,26,32,37,54,71,180,390,1600,1600,1600,2378,0,18,38.045499891091566,4.12325800061808,1602.9007189972617,5674.2645079899075
1783435599,10,,Aggregated,4.400000,0.000000,18,26,32,37,54,71,180,390,1600,1600,1600,2381,0,18,38.021247716092724,4.12325800061808,1602.9007189972617,5673.29861402772
1783435600,10,,Aggregated,4.300000,0.000000,18,26,32,37,54,71,180,390,1600,1600,1600,2386,0,18,37.98439715465919,4.12325800061808,1602.9007189972617,5678.55280804694
1783435601,10,,Aggregated,4.700000,0.000000,18,26,32,37,54,71,180,390,1600,1600,1600,2392,0,18,37.93135359323528,4.12325800061808,1602.9007189972617,5672.11872909699
1783435602,10,,Aggregated,4.400000,0.000000,18,26,32,37,54,71,180,390,1600,1600,1600,2397,0,18,37.903487211941396,4.12325800061808,1602.9007189972617,5670.416770963705
1783435603,10,,Aggregated,4.500000,0.000000,18,26,32,37,54,71,180,350,1600,1600,1600,2402,0,18,37.883987537063206,4.12325800061808,1602.9007189972617,5659.96128226478
1783435604,10,,Aggregated,4.600000,0.000000,18,26,32,37,54,71,180,350,1600,1600,1600,2407,0,18,37.83789367138688,4.12325800061808,1602.9007189972617,5653.375155795597
1783435605,10,,Aggregated,4.800000,0.000000,18,26,32,37,54,71,180,350,1600,1600,1600,2411,0,18,37.81180447989557,4.12325800061808,1602.9007189972617,5645.793446702613
1783435606,10,,Aggregated,4.600000,0.000000,18,26,32,37,54,71,180,350,1600,1600,1600,2414,0,18,37.77516600912395,4.12325800061808,1602.9007189972617,5651.024855012428
1783435607,10,,Aggregated,4.800000,0.000000,18,26,31,37,54,71,180,350,1600,1600,1600,2420,0,18,37.69946035414506,3.839408000203548,1602.9007189972617,5643.0376033057855
1783435608,10,,Aggregated,4.800000,0.000000,18,26,31,37,54,70,180,350,1600,1600,1600,2421,0,18,37.701293422152325,3.839408000203548,1602.9007189972617,5640.861627426683
1783435609,10,,Aggregated,4.400000,0.000000,18,26,31,37,54,70,180,350,1600,1600,1600,2425,0,18,37.671878224752724,3.839408000203548,1602.9007189972617,5642.79587628866
1783435610,10,,Aggregated,4.700000,0.000000,18,26,31,37,54,70,180,350,1600,1600,1600,2431,0,18,37.613987820249854,3.839408000203548,1602.9007189972617,5640.120115178939
1783435611,10,,Aggregated,4.500000,0.000000,18,26,31,37,54,70,180,350,1600,1600,1600,2436,0,18,37.588081162162965,3.839408000203548,1602.9007189972617,5633.763136288999
1783435612,10,,Aggregated,4.500000,0.000000,18,26,31,37,54,70,180,350,1600,1600,1600,2438,0,18,37.575213503291955,3.839408000203548,1602.9007189972617,5634.593519278097
1783435613,10,,Aggregated,4.600000,0.000000,18,26,31,37,54,70,180,350,1600,1600,1600,2443,0,18,37.523328123219486,3.839408000203548,1602.9007189972617,5634.03029062628
1783435614,10,,Aggregated,4.200000,0.000000,18,26,31,37,53,70,170,350,1600,1600,1600,2452,0,18,37.48843797024058,3.839408000203548,1602.9007189972617,5638.84013050571
1783435615,10,,Aggregated,4.200000,0.000000,18,26,31,37,53,70,170,350,1600,1600,1600,2453,0,18,37.47646048024104,3.839408000203548,1602.9007189972617,5639.293110476967
1783435616,10,,Aggregated,4.000000,0.000000,18,26,31,37,53,70,170,350,1600,1600,1600,2458,0,18,37.43558009155036,3.839408000203548,1602.9007189972617,5640.152969894223
1783435617,10,,Aggregated,4.400000,0.000000,18,26,31,37,53,70,170,350,1600,1600,1600,2465,0,18,37.41464173307564,3.839408000203548,1602.9007189972617,5639.245030425964
1783435618,10,,Aggregated,4.400000,0.000000,18,26,31,37,53,70,170,350,1600,1600,1600,2467,0,18,37.39536971545573,3.839408000203548,1602.9007189972617,5650.7908390758
1783435619,10,,Aggregated,4.500000,0.000000,18,26,31,37,53,70,170,350,1600,1600,1600,2473,0,18,37.36014314235018,3.839408000203548,1602.9007189972617,5646.788515972503
1783435620,10,,Aggregated,4.600000,0.000000,18,26,31,37,54,70,170,350,1600,1600,1600,2478,0,18,37.33459994956798,3.839408000203548,1602.9007189972617,5645.050040355125
1783435621,10,,Aggregated,4.400000,0.000000,18,26,32,37,54,70,170,350,1600,1600,1600,2483,0,18,37.31427864922562,3.839408000203548,1602.9007189972617,5645.822392267419
1783435622,10,,Aggregated,4.700000,0.000000,18,26,31,37,54,70,170,350,1600,1600,1600,2486,0,18,37.284278122295575,3.839408000203548,1602.9007189972617,5648.024537409493
1783435623,10,,Aggregated,4.500000,0.000000,18,26,31,37,53,70,170,350,1600,1600,1600,2492,0,18,37.225819162128744,3.839408000203548,1602.9007189972617,5655.254012841092
1783435624,10,,Aggregated,4.800000,0.000000,18,26,31,37,54,70,170,350,1600,1600,1600,2496,0,18,37.206419345763535,3.839408000203548,1602.9007189972617,5654.768830128205
1783435625,10,,Aggregated,4.700000,0.000000,18,26,31,37,53,70,170,320,1600,1600,1600,2502,0,18,37.15118390128838,3.839408000203548,1602.9007189972617,5646.296562749801
1783435626,10,,Aggregated,5.000000,0.000000,18,26,31,37,53,70,170,320,1600,1600,1600,2506,0,18,37.117938766171974,3.839408000203548,1602.9007189972617,5646.793296089386
1783435627,10,,Aggregated,4.600000,0.000000,18,26,31,37,53,70,170,320,1600,1600,1600,2511,0,18,37.0935499964274,3.839408000203548,1602.9007189972617,5637.21226602947
1783435628,10,,Aggregated,5.000000,0.000000,18,26,31,37,53,70,170,320,1600,1600,1600,2516,0,18,37.05998272417689,3.839408000203548,1602.9007189972617,5628.411367249602
1783435629,10,,Aggregated,4.800000,0.000000,18,26,31,37,53,70,170,320,1600,1600,1600,2521,0,18,37.04223930187699,3.839408000203548,1602.9007189972617,5625.887742959143
1783435630,10,,Aggregated,4.500000,0.000000,18,26,31,37,53,70,170,320,1600,1600,1600,2525,0,18,36.99829707248799,3.839408000203548,1602.9007189972617,5625.387722772277
1783435631,10,,Aggregated,5.000000,0.000000,18,26,31,37,53,70,170,320,1600,1600,1600,2528,0,18,36.975634077149856,3.839408000203548,1602.9007189972617,5619.518196202532
1783435632,10,,Aggregated,4.700000,0.000000,18,26,31,37,53,70,170,320,1600,1600,1600,2533,0,18,36.97469159535277,3.839408000203548,1602.9007189972617,5610.2838531385705
1783435633,10,,Aggregated,4.800000,0.000000,18,26,31,37,53,70,170,320,1600,1600,1600,2539,0,18,36.916438479334424,3.839408000203548,1602.9007189972617,5619.229617959827
1783435634,10,,Aggregated,4.500000,0.000000,18,26,31,37,53,70,170,320,1600,1600,1600,2543,0,18,36.87669915180075,3.839408000203548,1602.9007189972617,5623.188753440818
1783435635,10,,Aggregated,4.500000,0.000000,18,26,31,37,53,70,170,320,1600,1600,1600,2549,0,18,36.840839156540305,3.839408000203548,1602.9007189972617,5615.212632404865
1783435636,10,,Aggregated,4.800000,0.000000,18,26,31,37,53,70,160,320,1600,1600,1600,2552,0,18,36.820137773127804,3.839408000203548,1602.9007189972617,5624.139498432602
1783435637,10,,Aggregated,4.800000,0.000000,18,26,31,37,53,70,160,320,1600,1600,1600,2557,0,18,36.82886345405497,3.839408000203548,1602.9007189972617,5614.419632381698
1783435638,10,,Aggregated,4.500000,0.000000,18,26,31,37,53,70,160,320,1600,1600,1600,2562,0,18,36.78862076854951,3.839408000203548,1602.9007189972617,5615.476971116315
1783435639,10,,Aggregated,4.500000,0.000000,18,26,31,37,53,70,160,320,1600,1600,1600,2569,0,18,36.744021215272596,3.839408000203548,1602.9007189972617,5631.33514986376
1783435640,10,,Aggregated,4.700000,0.000000,18,26,31,37,53,70,160,320,1600,1600,1600,2573,0,18,36.70670072057251,3.839408000203548,1602.9007189972617,5631.628837932375
1783435641,10,,Aggregated,4.400000,0.000000,18,26,31,37,53,70,160,320,1600,1600,1600,2576,0,18,36.67545991189112,3.839408000203548,1602.9007189972617,5635.724767080746
1783435642,10,,Aggregated,5.000000,0.000000,18,26,31,37,53,70,160,320,1600,1600,1600,2579,0,18,36.654637512613554,3.839408000203548,1602.9007189972617,5637.1527723924
1783435643,10,,Aggregated,4.600000,0.000000,18,26,31,37,53,69,160,320,1600,1600,1600,2585,0,18,36.62270407583481,3.839408000203548,1602.9007189972617,5633.389555125726
1783435644,10,,Aggregated,4.700000,0.000000,18,26,31,37,53,70,160,320,1600,1600,1600,2590,0,18,36.645119820473,3.839408000203548,1602.9007189972617,5631.189961389961
1783435645,10,,Aggregated,4.700000,0.000000,18,26,31,37,53,70,160,320,1600,1600,1600,2596,0,18,36.59264636942439,3.839408000203548,1602.9007189972617,5630.268875192604
1783435646,10,,Aggregated,4.500000,0.000000,18,26,31,37,53,70,160,320,1600,1600,1600,2598,0,18,36.5751740034737,3.839408000203548,1602.9007189972617,5626.589299461124
1783435647,10,,Aggregated,4.500000,0.000000,18,26,31,37,53,70,160,310,1600,1600,1600,2604,0,18,36.5110708252794,3.839408000203548,1602.9007189972617,5627.5180491551455
1783435648,10,,Aggregated,4.700000,0.000000,18,26,31,37,53,70,160,310,1600,1600,1600,2609,0,18,36.48433016137514,3.839408000203548,1602.9007189972617,5625.2564200843235
1783435649,10,,Aggregated,4.700000,0.000000,18,26,31,37,53,70,160,310,1600,1600,1600,2613,0,18,36.44644328053091,3.839408000203548,1602.9007189972617,5635.307692307692
1783435650,10,,Aggregated,4.600000,0.000000,18,26,31,37,53,70,160,310,1600,1600,1600,2617,0,18,36.43990514712591,3.839408000203548,1602.9007189972617,5632.9885364921665
1783435651,10,,Aggregated,4.700000,0.000000,18,26,31,37,53,70,160,310,1600,1600,1600,2623,0,18,36.385853240193086,3.839408000203548,1602.9007189972617,5624.95272588639
1783435652,10,,Aggregated,4.200000,0.000000,18,26,31,37,53,70,160,310,1600,1600,1600,2628,0,18,36.341115775501294,3.839408000203548,1602.9007189972617,5625.8892694063925
1783435653,10,,Aggregated,4.400000,0.000000,18,26,31,37,53,70,160,310,1600,1600,1600,2630,0,18,36.32215464373359,3.839408000203548,1602.9007189972617,5631.735741444867
1783435654,10,,Aggregated,4.700000,0.000000,18,26,31,37,53,70,160,310,1600,1600,1600,2636,0,18,36.273930286807655,3.839408000203548,1602.9007189972617,5645.288315629742
1783435655,10,,Aggregated,4.800000,0.000000,18,26,31,37,53,69,160,310,1600,1600,1600,2642,0,18,36.247482069275634,3.839408000203548,1602.9007189972617,5653.746404239213
1783435656,10,,Aggregated,4.500000,0.000000,18,26,31,37,53,69,160,310,1600,1600,1600,2648,0,18,36.22384561330147,3.839408000203548,1602.9007189972617,5644.748111782477
1783435657,10,,Aggregated,4.600000,0.000000,18,26,31,37,53,69,160,310,1600,1600,1600,2653,0,18,36.19564368150129,3.839408000203548,1602.9007189972617,5659.98379193366
1783435658,10,,Aggregated,4.600000,0.000000,18,26,31,37,53,69,160,310,1600,1600,1600,2655,0,18,36.17507724934983,3.839408000203548,1602.9007189972617,5656.130696798494
1783435659,10,,Aggregated,4.900000,0.000000,18,26,31,36,53,69,160,310,1600,1600,1600,2660,0,18,36.14488350527212,3.839408000203548,1602.9007189972617,5653.506766917293
1783435660,10,,Aggregated,4.800000,0.000000,18,26,31,36,52,69,160,310,1600,1600,1600,2666,0,18,36.08906716842632,3.839408000203548,1602.9007189972617,5658.943735933984
1783435661,10,,Aggregated,4.700000,0.000000,18,26,31,36,53,69,160,310,1600,1600,1600,2670,0,18,36.08337204420426,3.839408000203548,1602.9007189972617,5653.800374531836
1783435662,10,,Aggregated,4.900000,0.000000,18,26,31,36,52,69,160,310,1600,1600,1600,2672,0,18,36.062100844694626,3.839408000203548,1602.9007189972617,5651.251122754491
1783435663,10,,Aggregated,4.900000,0.000000,18,26,31,36,53,69,160,310,1600,1600,1600,2676,0,18,36.05963951719742,3.839408000203548,1602.9007189972617,5660.342301943198
1783435664,10,,Aggregated,4.700000,0.000000,18,26,31,36,53,69,160,310,1600,1600,1600,2682,0,18,36.01724034378162,3.839408000203548,1602.9007189972617,5655.803504847129
1783435665,10,,Aggregated,4.400000,0.000000,18,26,31,36,53,69,160,310,1600,1600,1600,2685,0,18,35.998281607830556,3.839408000203548,1602.9007189972617,5662.578026070763
1783435666,10,,Aggregated,4.600000,0.000000,18,26,31,36,53,69,160,310,1600,1600,1600,2691,0,18,35.98138419547792,3.839408000203548,1602.9007189972617,5650.92939427722
1783435667,10,,Aggregated,4.600000,0.000000,18,26,31,37,53,69,160,310,1600,1600,1600,2695,0,18,35.96958769425959,3.839408000203548,1602.9007189972617,5643.643042671614
1783435668,10,,Aggregated,4.300000,0.000000,18,26,31,36,53,69,160,310,1600,1600,1600,2701,0,18,35.91914378897526,3.839408000203548,1602.9007189972617,5647.38911514254
1783435669,10,,Aggregated,4.400000,0.000000,18,26,31,36,53,69,160,310,1600,1600,1600,2702,0,18,35.9084679108144,3.839408000203548,1602.9007189972617,5645.60177646188
1783435670,10,,Aggregated,4.200000,0.000000,18,26,31,36,53,69,160,310,1600,1600,1600,2708,0,18,35.862711922459276,3.839408000203548,1602.9007189972617,5648.362998522895
1783435671,10,,Aggregated,4.500000,0.000000,18,26,31,36,52,69,160,310,1600,1600,1600,2712,0,18,35.82200496018411,3.839408000203548,1602.9007189972617,5641.896386430679
1783435672,10,,Aggregated,4.000000,0.000000,18,26,31,36,52,69,160,310,1600,1600,1600,2716,0,18,35.79362463071464,3.839408000203548,1602.9007189972617,5638.90648011782
1783435673,10,,Aggregated,4.200000,0.000000,17,26,31,36,52,69,160,310,1600,1600,1600,2722,0,17,35.74835414769332,3.839408000203548,1602.9007189972617,5632.6021307861865
1783435674,10,,Aggregated,4.200000,0.000000,17,25,31,36,52,69,160,310,1600,1600,1600,2724,0,17,35.72757691006529,3.839408000203548,1602.9007189972617,5629.391703377386
1783435675,10,,Aggregated,4.400000,0.000000,17,25,31,36,52,69,160,310,1600,1600,1600,2727,0,17,35.69490081408804,3.839408000203548,1602.9007189972617,5624.225155848918
1783435676,10,,Aggregated,4.500000,0.000000,17,26,31,36,52,69,160,310,1600,1600,1600,2734,0,17,35.67399369130087,3.839408000203548,1602.9007189972617,5639.8745427944405
1783435677,10,,Aggregated,4.100000,0.000000,17,26,31,36,52,69,160,310,1600,1600,1600,2736,0,17,35.67242838743347,3.839408000203548,1602.9007189972617,5643.153508771929
1783435678,10,,Aggregated,4.200000,0.000000,17,26,31,36,52,69,160,310,1600,1600,1600,2740,0,17,35.66043479051825,3.839408000203548,1602.9007189972617,5636.568248175183
1783435679,10,,Aggregated,4.200000,0.000000,17,26,31,36,52,69,160,310,1600,1600,1600,2747,0,17,35.63368582308447,3.839408000203548,1602.9007189972617,5639.753549326538
1783435680,10,,Aggregated,4.200000,0.000000,17,26,31,36,52,69,160,310,1600,1600,1600,2749,0,17,35.61643663659987,3.839408000203548,1602.9007189972617,5643.179337941069
1783435681,10,,Aggregated,3.900000,0.000000,17,26,31,36,52,69,160,310,1600,1600,1600,2754,0,17,35.59474800726623,3.839408000203548,1602.9007189972617,5653.310094408133
