Timestamp,User Count,Type,Name,Requests/s,Failures/s,50%,66%,75%,80%,90%,95%,98%,99%,99.9%,99.99%,100%,Total Request Count,Total Failure Count,Total Median Response Time,Total Average Response Time,Total Min Response Time,Total Max Response Time,Total Average Content Size
1783439353,0,,Aggregated,0.000000,0.000000,N/A,N/A,N/A,N/A,N/A,N/A,N/A,N/A,N/A,N/A,N/A,0,0,0,0.0,0,0,0
1783439354,50,,Aggregated,0.000000,0.000000,N/A,N/A,N/A,N/A,N/A,N/A,N/A,N/A,N/A,N/A,N/A,0,0,0,0.0,0,0,0
1783439355,100,,Aggregated,0.000000,0.000000,N/A,N/A,N/A,N/A,N/A,N/A,N/A,N/A,N/A,N/A,N/A,0,0,0,0.0,0,0,0
1783439356,150,,Aggregated,0.000000,0.000000,N/A,N/A,N/A,N/A,N/A,N/A,N/A,N/A,N/A,N/A,N/A,0,0,0,0.0,0,0,0
1783439357,200,,Aggregated,0.000000,0.000000,N/A,N/A,N/A,N/A,N/A,N/A,N/A,N/A,N/A,N/A,N/A,0,0,0,0.0,0,0,0
1783439358,250,,Aggregated,0.000000,0.000000,N/A,N/A,N/A,N/A,N/A,N/A,N/A,N/A,N/A,N/A,N/A,0,0,0,0.0,0,0,0
1783439359,300,,Aggregated,0.000000,0.000000,N/A,N/A,N/A,N/A,N/A,N/A,N/A,N/A,N/A,N/A,N/A,0,0,0,0.0,0,0,0
1783439360,350,,Aggregated,0.000000,0.000000,N/A,N/A,N/A,N/A,N/A,N/A,N/A,N/A,N/A,N/A,N/A,0,0,0,0.0,0,0,0
1783439361,400,,Aggregated,0.000000,0.000000,N/A,N/A,N/A,N/A,N/A,N/A,N/A,N/A,N/A,N/A,N/A,0,0,0,0.0,0,0,0
1783439362,450,,Aggregated,0.000000,0.000000,N/A,N/A,N/A,N/A,N/A,N/A,N/A,N/A,N/A,N/A,N/A,0,0,0,0.0,0,0,0
1783439363,500,,Aggregated,0.000000,0.000000,N/A,N/A,N/A,N/A,N/A,N/A,N/A,N/A,N/A,N/A,N/A,0,0,0,0.0,0,0,0
1783439364,500,,Aggregated,0.000000,0.000000,N/A,N/A,N/A,N/A,N/A,N/A,N/A,N/A,N/A,N/A,N/A,0,0,0,0.0,0,0,0
1783439365,500,,Aggregated,0.000000,0.000000,11000,11000,11000,11000,11000,11000,11000,11000,11000,11000,11000,3,0,11193.326801003423,11337.768998001897,11193.326801003423,11412.49781499937,655.0
1783439366,500,,Aggregated,0.000000,0.000000,12000,12000,12000,12000,13000,13000,13000,13000,13000,13000,13000,28,0,12000.0,12199.740686964364,11193.326801003423,12573.439461997623,655.0
1783439367,500,,Aggregated,0.000000,0.000000,12000,12000,12000,12000,13000,13000,13000,13000,13000,13000,13000,28,0,12000.0,12199.740686964364,11193.326801003423,12573.439461997623,655.0
1783439368,500,,Aggregated,0.000000,0.000000,12000,12000,12000,12000,13000,13000,13000,13000,13000,13000,13000,28,0,12000.0,12199.740686964364,11193.326801003423,12573.439461997623,655.0
1783439369,500,,Aggregated,2.800000,0.000000,12000,12000,12000,12000,13000,15000,15000,15000,15000,15000,15000,50,0,12000.0,9144.080241400372,3677.5908560011885,14996.58517500211,716.94
1783439370,500,,Aggregated,2.800000,0.000000,12000,13000,16000,16000,16000,16000,16000,16000,16000,16000,16000,79,0,12000.0,10733.671135367378,3677.5908560011885,16445.091323999804,708.6455696202531
1783439371,500,,Aggregated,2.800000,0.000000,12000,15000,16000,16000,16000,16000,17000,17000,17000,17000,17000,83,0,12000.0,11029.5711091569,3677.5908560011885,16925.59297200205,706.0602409638554
1783439372,500,,Aggregated,5.000000,0.000000,12000,16000,16000,17000,18000,18000,18000,18000,18000,18000,18000,100,0,12000.0,12140.333546190232,3677.5908560011885,17884.964937002223,697.38
1783439373,500,,Aggregated,5.000000,0.000000,12000,16000,16000,17000,18000,18000,18000,18000,18000,18000,18000,100,0,12000.0,12140.333546190232,3677.5908560011885,17884.964937002223,697.38
1783439374,500,,Aggregated,7.900000,0.000000,13000,16000,16000,17000,18000,18000,18000,19000,19000,19000,19000,102,0,12000.0,12278.387155686489,3677.5908560011885,19250.258228999883,696.5490196078431
1783439375,500,,Aggregated,7.900000,0.000000,13000,16000,16000,17000,18000,18000,18000,19000,19000,19000,19000,102,0,12000.0,12278.387155686489,3677.5908560011885,19250.258228999883,696.5490196078431
1783439376,500,,Aggregated,7.900000,0.000000,13000,16000,16000,17000,18000,18000,18000,19000,19000,19000,19000,102,0,12000.0,12278.387155686489,3677.5908560011885,19250.258228999883,696.5490196078431
1783439377,500,,Aggregated,7.900000,0.000000,13000,16000,16000,17000,18000,18000,18000,19000,19000,19000,19000,102,0,12000.0,12278.387155686489,3677.5908560011885,19250.258228999883,696.5490196078431
1783439378,500,,Aggregated,9.700000,0.000000,16000,16000,17000,18000,23000,23000,23000,23000,24000,24000,24000,117,0,16000.0,13648.395849427572,3677.5908560011885,23865.068391998648,691.2222222222222
1783439379,500,,Aggregated,7.400000,0.000000,16000,17000,18000,19000,23000,23000,23000,24000,24000,24000,24000,127,0,16000.0,14403.732086023787,3677.5908560011885,23865.068391998648,688.3700787401575
1783439380,500,,Aggregated,7.400000,0.000000,16000,17000,18000,19000,23000,23000,23000,24000,24000,24000,24000,127,0,16000.0,14403.732086023787,3677.5908560011885,23865.068391998648,688.3700787401575
1783439381,500,,Aggregated,7.400000,0.000000,16000,17000,18000,19000,23000,23000,23000,24000,24000,24000,24000,127,0,16000.0,14403.732086023787,3677.5908560011885,23865.068391998648,688.3700787401575
1783439382,500,,Aggregated,7.400000,0.000000,16000,17000,18000,19000,23000,23000,23000,24000,24000,24000,24000,127,0,16000.0,14403.732086023787,3677.5908560011885,23865.068391998648,688.3700787401575
1783439383,500,,Aggregated,7.400000,0.000000,16000,17000,18000,19000,23000,23000,23000,24000,24000,24000,24000,127,0,16000.0,14403.732086023787,3677.5908560011885,23865.068391998648,688.3700787401575
1783439384,500,,Aggregated,7.400000,0.000000,16000,17000,18000,19000,23000,23000,23000,24000,24000,24000,24000,127,0,16000.0,14403.732086023787,3677.5908560011885,23865.068391998648,688.3700787401575
1783439386,500,,Aggregated,7.400000,0.000000,16000,17000,18000,19000,23000,23000,23000,24000,24000,24000,24000,127,0,16000.0,14403.732086023787,3677.5908560011885,23865.068391998648,688.3700787401575
1783439387,500,,Aggregated,7.400000,0.000000,16000,17000,18000,19000,23000,23000,23000,24000,24000,24000,24000,127,0,16000.0,14403.732086023787,3677.5908560011885,23865.068391998648,688.3700787401575
1783439388,500,,Aggregated,7.400000,0.000000,16000,17000,18000,19000,23000,23000,23000,24000,24000,24000,24000,127,0,16000.0,14403.732086023787,3677.5908560011885,23865.068391998648,688.3700787401575
1783439389,500,,Aggregated,7.400000,0.000000,16000,17000,18000,19000,23000,23000,23000,24000,24000,24000,24000,127,0,16000.0,14403.732086023787,3677.5908560011885,23865.068391998648,688.3700787401575
1783439390,500,,Aggregated,7.400000,0.000000,16000,17000,18000,19000,23000,23000,23000,24000,24000,24000,24000,127,0,16000.0,14403.732086023787,3677.5908560011885,23865.068391998648,688.3700787401575
1783439391,500,,Aggregated,0.300000,0.000000,16000,23000,23000,23000,35000,36000,36000,36000,36000,36000,36000,156,0,16000.0,18278.026912410365,3677.5908560011885,36392.99101099823,682.1666666666666
1783439392,500,,Aggregated,0.300000,0.000000,17000,23000,23000,34000,35000,36000,36000,37000,37000,37000,37000,160,0,17000.0,18725.756436012634,3677.5908560011885,37150.28975200039,681.4875
1783439393,500,,Aggregated,0.000000,0.000000,23000,34000,35000,36000,37000,37000,38000,38000,38000,38000,38000,205,0,23000.0,22618.983073307416,3677.5908560011885,38337.43352400052,675.6731707317073
1783439394,500,,Aggregated,0.000000,0.000000,23000,36000,36000,37000,37000,38000,38000,38000,39000,39000,39000,249,0,23000.0,25111.50407832139,3677.5908560011885,38666.45808899921,672.0200803212851
1783439395,500,,Aggregated,0.000000,0.000000,23000,36000,36000,37000,37000,38000,38000,38000,39000,39000,39000,249,0,23000.0,25111.50407832139,3677.5908560011885,38666.45808899921,672.0200803212851
1783439396,500,,Aggregated,12.200000,0.000000,34000,36000,36000,37000,37000,38000,38000,38000,39000,39000,39000,256,0,34000.0,25445.306499211027,3677.5908560011885,38666.45808899921,671.5546875
1783439397,500,,Aggregated,12.200000,0.000000,34000,36000,37000,37000,38000,39000,39000,39000,40000,40000,40000,278,0,34000.0,26505.3770328346,3677.5908560011885,39744.75807300041,670.2446043165468
1783439398,500,,Aggregated,12.600000,0.000000,35000,36000,37000,37000,38000,39000,39000,40000,40000,40000,40000,282,0,35000.0,26686.908453776658,3677.5908560011885,39744.75807300041,670.0283687943263
1783439399,500,,Aggregated,15.100000,0.000000,35000,37000,37000,38000,39000,40000,40000,40000,40000,40000,40000,298,0,35000.0,27406.593005614166,3677.5908560011885,40277.344266,669.2214765100671
1783439400,500,,Aggregated,15.400000,0.000000,35000,37000,37000,38000,39000,40000,40000,40000,41000,41000,41000,301,0,35000.0,27535.85395446187,3677.5908560011885,40928.405664999445,669.0797342192691
1783439401,500,,Aggregated,15.600000,0.000000,35000,37000,37000,38000,39000,40000,40000,40000,41000,41000,41000,302,0,35000.0,27581.40777946364,3677.5908560011885,41293.10910499771,669.0331125827814
1783439402,500,,Aggregated,15.600000,0.000000,35000,37000,37000,38000,39000,40000,40000,40000,41000,41000,41000,302,0,35000.0,27581.40777946364,3677.5908560011885,41293.10910499771,669.0331125827814
1783439403,500,,Aggregated,15.600000,0.000000,35000,37000,37000,38000,39000,40000,40000,40000,41000,41000,41000,302,0,35000.0,27581.40777946364,3677.5908560011885,41293.10910499771,669.0331125827814
1783439404,500,,Aggregated,15.600000,0.000000,35000,37000,37000,38000,39000,40000,40000,40000,41000,41000,41000,302,0,35000.0,27581.40777946364,3677.5908560011885,41293.10910499771,669.0331125827814
1783439405,500,,Aggregated,10.900000,0.000000,36000,37000,38000,38000,40000,45000,45000,45000,45000,45000,45000,320,0,36000.0,28567.123214581283,3677.5908560011885,45408.433017997595,668.24375
1783439406,500,,Aggregated,10.900000,0.000000,36000,37000,38000,39000,40000,45000,45000,45000,46000,46000,46000,326,0,36000.0,28871.26790060124,3677.5908560011885,45852.747280001495,668.0
1783439407,500,,Aggregated,5.300000,0.000000,36000,37000,38000,39000,40000,45000,45000,45000,47000,47000,47000,327,0,36000.0,28926.619493584112,3677.5908560011885,46971.23880599975,667.960244648318
1783439408,500,,Aggregated,7.300000,0.000000,36000,37000,38000,39000,40000,45000,45000,45000,47000,47000,47000,329,0,36000.0,28982.436848164143,3677.5908560011885,46971.23880599975,677.5927051671732
1783439409,500,,Aggregated,4.900000,0.000000,36000,37000,38000,39000,40000,45000,45000,45000,47000,47000,47000,333,0,36000.0,29101.94204653754,3677.5908560011885,46971.23880599975,696.5375375375376
1783439410,500,,Aggregated,4.900000,0.000000,36000,37000,38000,39000,40000,45000,45000,45000,47000,47000,47000,336,0,36000.0,29196.631734836305,3677.5908560011885,46971.23880599975,710.4702380952381
1783439411,500,,Aggregated,4.700000,0.000000,36000,37000,38000,39000,40000,45000,45000,45000,47000,47000,47000,340,0,36000.0,29347.74701541766,3677.5908560011885,46971.23880599975,724.4323529411764
1783439412,500,,Aggregated,3.600000,0.000000,36000,37000,38000,39000,41000,45000,45000,46000,47000,47000,47000,344,0,36000.0,29507.476159802347,3677.5908560011885,46972.461781002494,738.0697674418604
1783439413,500,,Aggregated,3.900000,0.000000,36000,37000,39000,39000,41000,45000,45000,46000,47000,47000,47000,347,0,36000.0,29620.58382955909,3677.5908560011885,46972.461781002494,738.7608069164265
1783439414,500,,Aggregated,4.100000,0.000000,36000,37000,39000,39000,42000,45000,45000,46000,47000,47000,47000,350,0,36000.0,29741.036673171457,3677.5908560011885,46972.461781002494,739.44
1783439415,500,,Aggregated,4.400000,0.000000,36000,37000,39000,39000,42000,45000,45000,46000,47000,47000,47000,353,0,36000.0,29868.126674838564,3677.5908560011885,46972.461781002494,740.1076487252125
1783439416,500,,Aggregated,4.700000,0.000000,36000,37000,39000,39000,43000,45000,45000,46000,47000,47000,47000,356,0,36000.0,30001.209194227573,3677.5908560011885,46972.461781002494,740.7640449438202
1783439417,500,,Aggregated,4.000000,0.000000,36000,38000,39000,40000,44000,45000,46000,47000,56000,56000,56000,361,0,36000.0,30284.239501623313,3677.5908560011885,55971.78390100089,740.9307479224377
1783439418,500,,Aggregated,2.900000,0.000000,37000,39000,40000,44000,48000,57000,59000,59000,60000,60000,60000,405,0,37000.0,32846.3586782692,3677.5908560011885,60206.19154199812,766.7506172839506
1783439419,500,,Aggregated,3.200000,0.000000,37000,39000,41000,45000,48000,57000,60000,60000,61000,61000,61000,477,0,37000.0,33859.24981985332,3677.5908560011885,60523.35037100056,772.7002096436058
1783439420,500,,Aggregated,3.200000,0.000000,37000,39000,41000,45000,48000,57000,60000,60000,61000,61000,61000,546,0,37000.0,33852.50434899088,3677.5908560011885,60557.3831469992,783.3809523809524
1783439421,500,,Aggregated,11.300000,0.000000,37000,40000,45000,46000,57000,60000,62000,62000,63000,63000,63000,612,0,37000.0,34924.34592670267,3677.5908560011885,62512.66505999956,778.5915032679738
1783439422,500,,Aggregated,21.000000,0.000000,35000,39000,44000,46000,60000,61000,62000,62000,63000,63000,63000,814,0,35000.0,32375.91117242875,2517.898371999763,63055.113632999564,989.3230958230959
1783439423,500,,Aggregated,21.000000,0.000000,35000,39000,44000,46000,60000,61000,62000,62000,63000,63000,63000,814,0,35000.0,32375.91117242875,2517.898371999763,63055.113632999564,989.3230958230959
1783439424,500,,Aggregated,38.000000,0.000000,26000,37000,40000,45000,60000,61000,62000,62000,63000,63000,63000,1199,0,26000.0,26063.6181152369,2274.8131939988525,63055.113632999564,1298.7506255212677
1783439425,500,,Aggregated,38.000000,0.000000,26000,37000,40000,45000,60000,61000,62000,62000,63000,63000,63000,1199,0,26000.0,26063.6181152369,2274.8131939988525,63055.113632999564,1298.7506255212677
1783439426,500,,Aggregated,59.500000,0.000000,12000,28000,37000,40000,60000,62000,62000,63000,63000,63000,63000,1578,0,12000.0,21295.22768074724,447.4391719995765,63135.54497599762,2119.3377693282637
1783439427,500,,Aggregated,84.700000,0.000000,5200,27000,36000,39000,58000,61000,62000,63000,63000,63000,63000,1767,0,5200.0,19180.700397937828,447.4391719995765,63135.54497599762,2565.1029994340693
1783439428,500,,Aggregated,116.900000,0.000000,3900,24000,35000,38000,57000,61000,62000,63000,63000,63000,63000,1938,0,3900.0,17678.89574625291,447.4391719995765,63135.54497599762,2860.9716202270383
1783439429,500,,Aggregated,134.700000,0.000000,3700,18000,28000,37000,48000,61000,62000,63000,63000,63000,63000,2097,0,3700.0,16520.104625409687,447.4391719995765,63135.54497599762,3257.220791607058
1783439430,500,,Aggregated,149.100000,0.000000,3500,15000,27000,36000,48000,61000,62000,63000,63000,63000,63000,2268,0,3500.0,15459.273614806048,447.4391719995765,63135.54497599762,3755.283950617284
1783439431,500,,Aggregated,161.000000,0.000000,3500,10000,27000,35000,46000,61000,62000,63000,63000,63000,63000,2404,1,3500.0,14720.932433821601,447.4391719995765,63135.54497599762,3989.923044925125
1783439432,500,,Aggregated,167.400000,0.000000,3400,5800,26000,29000,45000,61000,62000,63000,63000,63000,63000,2539,3,3400.0,14098.078444464812,447.4391719995765,63135.54497599762,4344.5340685309175
1783439433,500,,Aggregated,180.500000,0.000000,3300,5300,23000,28000,45000,61000,62000,63000,63000,63000,63000,2678,5,3300.0,13501.055705500048,447.4391719995765,63135.54497599762,4653.952949962659
1783439434,500,,Aggregated,177.500000,0.300000,3200,5000,19000,27000,44000,60000,62000,63000,63000,63000,63000,2808,8,3100.0,13019.177708468691,447.4391719995765,63135.54497599762,4933.724002849003
1783439435,500,,Aggregated,181.700000,0.500000,3100,4700,17000,27000,41000,60000,62000,63000,63000,63000,63000,2943,9,3100.0,12550.957207250123,447.4391719995765,63135.54497599762,5147.042133876997
1783439436,500,,Aggregated,181.100000,0.700000,3000,4400,14000,26000,40000,60000,62000,62000,63000,63000,63000,3102,12,3000.0,12045.154358013571,447.4391719995765,63135.54497599762,5388.422630560928
1783439437,500,,Aggregated,170.600000,0.800000,3000,4200,12000,25000,40000,60000,62000,62000,63000,63000,63000,3233,15,3000.0,11661.567046595454,447.4391719995765,63135.54497599762,5561.789669038045
1783439438,500,,Aggregated,151.500000,1.000000,3000,4100,6600,23000,40000,60000,62000,62000,63000,63000,63000,3345,21,3000.0,11352.00738873903,447.4391719995765,63135.54497599762,5603.025710014947
1783439439,500,,Aggregated,149.300000,1.400000,2900,4000,6100,21000,39000,59000,62000,62000,63000,63000,63000,3500,25,2900.0,10946.960195295433,447.4391719995765,63135.54497599762,5725.266
1783439440,500,,Aggregated,142.500000,1.900000,2900,3900,6000,17000,39000,57000,62000,62000,63000,63000,63000,3659,33,2900.0,10575.279242268924,192.49214199953713,63135.54497599762,5834.617655097021
1783439441,500,,Aggregated,139.700000,2.500000,2800,3900,5700,16000,38000,57000,62000,62000,63000,63000,63000,3829,40,2800.0,10194.67290523477,25.69121199849178,63135.54497599762,5900.645860537999
1783439442,500,,Aggregated,138.600000,3.000000,2700,3800,5400,12000,37000,50000,62000,62000,63000,63000,63000,3993,44,2700.0,9838.338658416958,25.69121199849178,63135.54497599762,5930.218632607062
1783439443,500,,Aggregated,140.100000,3.600000,2600,3700,5200,7100,37000,48000,61000,62000,63000,63000,63000,4149,44,2600.0,9512.024460588562,25.69121199849178,63135.54497599762,5960.150638708123
1783439444,500,,Aggregated,143.800000,4.100000,2500,3600,4900,6200,37000,48000,61000,62000,63000,63000,63000,4315,45,2500.0,9190.674258939729,25.69121199849178,63135.54497599762,5926.538354577056
1783439445,500,,Aggregated,145.800000,3.900000,2500,3500,4600,6000,36000,48000,61000,62000,63000,63000,63000,4492,46,2500.0,8864.67516513957,25.69121199849178,63135.54497599762,5908.842163846839
1783439446,500,,Aggregated,150.400000,3.700000,2400,3500,4400,5900,36000,47000,61000,62000,63000,63000,63000,4664,46,2400.0,8568.241245567104,25.69121199849178,63135.54497599762,5882.046955403088
1783439447,500,,Aggregated,151.200000,3.700000,2400,3400,4300,5700,35000,46000,61000,62000,63000,63000,63000,4801,46,2400.0,8344.86085058945,25.69121199849178,63135.54497599762,5919.916059154343
1783439448,500,,Aggregated,156.200000,3.600000,2300,3300,4100,5500,34000,46000,61000,62000,63000,63000,63000,4962,46,2300.0,8104.129278994757,25.69121199849178,63135.54497599762,5876.362353889561
1783439449,500,,Aggregated,154.600000,3.200000,2200,3200,4000,5200,29000,45000,61000,62000,63000,63000,63000,5121,46,2200.0,7882.713418712541,25.69121199849178,63135.54497599762,5850.766842413591
1783439450,500,,Aggregated,160.300000,2.700000,2100,3100,3900,5000,28000,45000,61000,62000,63000,63000,63000,5297,46,2100.0,7653.153776625434,25.69121199849178,63135.54497599762,5848.011704738531
1783439451,500,,Aggregated,159.900000,2.100000,2100,3000,3800,4800,28000,45000,61000,62000,63000,63000,63000,5465,46,2100.0,7443.733612296971,25.69121199849178,63135.54497599762,5830.24208600183
1783439452,500,,Aggregated,161.600000,1.600000,2000,2900,3800,4600,27000,43000,61000,62000,63000,63000,63000,5623,46,2000.0,7256.439575407246,25.69121199849178,63135.54497599762,5831.8052640939
1783439453,500,,Aggregated,162.300000,1.000000,2000,2900,3700,4400,27000,41000,61000,62000,63000,63000,63000,5799,48,2000.0,7062.293401301234,25.69121199849178,63135.54497599762,5813.5130194861185
1783439454,500,,Aggregated,162.500000,0.200000,1900,2800,3600,4300,27000,41000,61000,62000,63000,63000,63000,5962,48,1900.0,6895.183298781253,25.69121199849178,63135.54497599762,5813.451190875545
1783439455,500,,Aggregated,163.400000,0.300000,1900,2700,3600,4200,26000,40000,61000,62000,63000,63000,63000,6123,48,1900.0,6732.793811134548,25.69121199849178,63135.54497599762,5808.2756818553
1783439456,500,,Aggregated,163.000000,0.400000,1800,2600,3500,4100,26000,40000,61000,62000,63000,63000,63000,6335,48,1800.0,6537.894886942045,25.69121199849178,63135.54497599762,5810.193054459352
1783439457,500,,Aggregated,163.900000,0.300000,1700,2600,3500,4000,25000,40000,61000,62000,63000,63000,63000,6481,48,1700.0,6409.085836325238,25.69121199849178,63135.54497599762,5798.413979324178
1783439458,500,,Aggregated,162.100000,0.200000,1700,2500,3400,3900,23000,40000,61000,62000,63000,63000,63000,6647,48,1700.0,6269.908604941163,25.69121199849178,63135.54497599762,5800.657439446367
1783439459,500,,Aggregated,163.000000,0.200000,1600,2500,3300,3800,23000,39000,60000,62000,63000,63000,63000,6799,48,1600.0,6149.2645629416,25.69121199849178,63135.54497599762,5790.77555522871
1783439460,500,,Aggregated,162.600000,0.200000,1600,2400,3200,3800,22000,39000,60000,62000,63000,63000,63000,6977,48,1600.0,6015.643958861107,25.69121199849178,63135.54497599762,5778.867851512111
1783439461,500,,Aggregated,164.300000,0.200000,1600,2400,3100,3700,18000,39000,60000,62000,63000,63000,63000,7139,48,1600.0,5900.388561546991,25.69121199849178,63135.54497599762,5777.949432693655
1783439462,500,,Aggregated,162.800000,0.200000,1500,2400,3100,3700,17000,39000,60000,62000,63000,63000,63000,7301,48,1500.0,5790.536820124769,25.69121199849178,63135.54497599762,5783.179290508149
1783439463,500,,Aggregated,162.800000,0.200000,1500,2300,3000,3600,16000,38000,60000,62000,63000,63000,63000,7460,48,1500.0,5684.790580565809,25.69121199849178,63135.54497599762,5790.293967828418
1783439464,500,,Aggregated,162.500000,0.200000,1500,2300,3000,3600,16000,38000,60000,62000,63000,63000,63000,7625,48,1500.0,5580.9307035363845,25.69121199849178,63135.54497599762,5790.752393442623
1783439465,500,,Aggregated,161.200000,0.100000,1400,2300,3000,3500,13000,37000,60000,62000,63000,63000,63000,7790,48,1400.0,5481.442472918342,25.69121199849178,63135.54497599762,5778.272785622593
1783439466,500,,Aggregated,161.800000,0.000000,1400,2200,2900,3500,12000,37000,60000,62000,63000,63000,63000,7944,48,1400.0,5393.90131671134,25.69121199849178,63135.54497599762,5801.718781470292
1783439467,500,,Aggregated,161.000000,0.000000,1400,2200,2800,3500,12000,37000,60000,62000,63000,63000,63000,8090,48,1400.0,5314.333347729405,25.69121199849178,63135.54497599762,5803.502843016069
1783439468,500,,Aggregated,160.100000,0.000000,1300,2100,2800,3400,7600,37000,60000,61000,63000,63000,63000,8261,48,1300.0,5225.136599776284,25.69121199849178,63135.54497599762,5791.699067909454
1783439469,500,,Aggregated,160.600000,0.000000,1300,2100,2700,3400,6600,37000,59000,61000,63000,63000,63000,8416,48,1300.0,5147.333684705664,25.69121199849178,63135.54497599762,5797.300736692016
1783439470,500,,Aggregated,159.800000,0.000000,1300,2100,2700,3300,6200,37000,59000,61000,63000,63000,63000,8573,48,1300.0,5070.9311105690995,25.69121199849178,63135.54497599762,5785.016913565846
1783439471,500,,Aggregated,160.000000,0.000000,1300,2100,2600,3200,6100,36000,59000,61000,63000,63000,63000,8738,48,1300.0,4991.770494922625,25.69121199849178,63135.54497599762,5774.67715724422
1783439472,500,,Aggregated,160.000000,0.000000,1300,2000,2600,3200,6000,36000,58000,61000,63000,63000,63000,8894,48,1300.0,4919.475794702714,25.69121199849178,63135.54497599762,5759.235102316168
1783439473,500,,Aggregated,158.500000,0.000000,1200,2000,2600,3100,6000,36000,57000,61000,63000,63000,63000,9087,48,1200.0,4832.293307045765,25.69121199849178,63135.54497599762,5767.5806096621545
1783439474,500,,Aggregated,158.500000,0.000000,1200,2000,2500,3100,5900,36000,57000,61000,63000,63000,63000,9252,48,1200.0,4758.743958191834,25.69121199849178,63135.54497599762,5769.850734976221
1783439475,500,,Aggregated,161.700000,0.000000,1200,2000,2500,3000,5800,35000,57000,61000,63000,63000,63000,9411,48,1200.0,4690.230615376561,25.69121199849178,63135.54497599762,5786.376899373074
1783439476,500,,Aggregated,160.900000,0.000000,1200,1900,2500,3000,5700,35000,57000,61000,63000,63000,63000,9578,49,1200.0,4625.061987194598,25.69121199849178,63135.54497599762,5765.792232198789
1783439477,500,,Aggregated,161.100000,0.000000,1200,1900,2500,3000,5600,35000,56000,61000,63000,63000,63000,9731,49,1200.0,4568.092626948086,25.69121199849178,63135.54497599762,5752.813893741651
1783439478,500,,Aggregated,161.800000,0.000000,1100,1900,2400,3000,5500,34000,56000,61000,63000,63000,63000,9905,49,1100.0,4504.328542619167,25.69121199849178,63135.54497599762,5736.420595658758
1783439479,500,,Aggregated,162.100000,0.100000,1100,1900,2400,2900,5300,30000,50000,61000,63000,63000,63000,10082,49,1100.0,4440.699284004549,25.69121199849178,63135.54497599762,5740.169510017854
1783439480,500,,Aggregated,163.700000,0.100000,1100,1800,2400,2900,5200,29000,48000,61000,63000,63000,63000,10261,49,1100.0,4377.522648899026,25.69121199849178,63135.54497599762,5713.295195400058
1783439481,500,,Aggregated,163.500000,0.100000,1100,1800,2400,2800,5200,28000,48000,61000,63000,63000,63000,10431,49,1100.0,4317.240267877852,25.69121199849178,63135.54497599762,5707.139488064423
1783439482,500,,Aggregated,165.800000,0.100000,1100,1800,2400,2800,5000,28000,48000,61000,63000,63000,63000,10599,49,1100.0,4260.016319235481,25.69121199849178,63135.54497599762,5704.284460798189
1783439483,500,,Aggregated,167.900000,0.100000,1000,1700,2300,2700,5000,28000,48000,61000,63000,63000,63000,10753,49,1000.0,4210.468110550998,25.69121199849178,63135.54497599762,5702.55649586162
1783439484,500,,Aggregated,168.300000,0.100000,1000,1700,2300,2700,4800,28000,48000,61000,63000,63000,63000,10914,49,1000.0,4160.537292526742,25.69121199849178,63135.54497599762,5702.7914605094375
1783439485,500,,Aggregated,167.300000,0.100000,1000,1700,2300,2700,4700,28000,48000,61000,63000,63000,63000,11079,49,1000.0,4112.454373707451,25.69121199849178,63135.54497599762,5700.035562776424
1783439486,500,,Aggregated,165.900000,0.100000,1000,1700,2300,2600,4600,27000,48000,61000,63000,63000,63000,11247,49,1000.0,4063.9858257457868,25.69121199849178,63135.54497599762,5705.007468658309
1783439487,500,,Aggregated,165.700000,0.100000,1000,1700,2200,2600,4600,27000,47000,61000,63000,63000,63000,11391,49,1000.0,4024.5822066780665,25.69121199849178,63135.54497599762,5718.585813361426
1783439488,500,,Aggregated,165.900000,0.100000,1000,1600,2200,2600,4500,27000,47000,61000,63000,63000,63000,11549,49,1000.0,3982.739925861359,25.69121199849178,63135.54497599762,5725.802147372066
1783439489,500,,Aggregated,165.800000,0.000000,1000,1600,2200,2600,4400,27000,47000,61000,63000,63000,63000,11711,49,1000.0,3942.54952684748,25.69121199849178,63135.54497599762,5734.2779438135085
1783439490,500,,Aggregated,165.000000,0.000000,1000,1600,2200,2600,4400,27000,46000,61000,63000,63000,63000,11863,49,1000.0,3905.970909860566,25.69121199849178,63135.54497599762,5743.5853494057155
1783439491,500,,Aggregated,164.100000,0.000000,1000,1600,2100,2500,4300,27000,46000,61000,63000,63000,63000,12029,49,1000.0,3864.6164779343985,25.69121199849178,63135.54497599762,5735.987197605786
1783439492,500,,Aggregated,162.400000,0.000000,1000,1600,2100,2500,4200,27000,46000,61000,63000,63000,63000,12194,49,1000.0,3826.80498681867,25.69121199849178,63135.54497599762,5734.431195670001
1783439493,500,,Aggregated,159.400000,0.000000,990,1600,2100,2500,4200,26000,46000,61000,63000,63000,63000,12356,49,990.0,3789.3457436166136,25.69121199849178,63135.54497599762,5738.8750404661705
1783439494,500,,Aggregated,159.000000,0.000000,990,1600,2100,2500,4100,26000,45000,61000,63000,63000,63000,12520,49,990.0,3750.9708208602947,25.69121199849178,63135.54497599762,5739.837300319489
1783439495,500,,Aggregated,158.500000,0.000000,980,1600,2100,2500,4100,26000,45000,61000,63000,63000,63000,12672,49,980.0,3717.29427526759,25.69121199849178,63135.54497599762,5744.459517045455
1783439496,500,,Aggregated,159.600000,0.000000,980,1600,2100,2500,4100,25000,45000,61000,63000,63000,63000,12842,49,980.0,3680.662912226204,25.69121199849178,63135.54497599762,5744.609640242953
1783439497,500,,Aggregated,160.000000,0.000000,970,1600,2100,2400,4000,25000,45000,61000,63000,63000,63000,12982,49,970.0,3650.267413844621,25.69121199849178,63135.54497599762,5742.804883685102
1783439498,500,,Aggregated,158.600000,0.000000,970,1500,2100,2400,4000,24000,45000,61000,63000,63000,63000,13151,49,970.0,3615.9374451497906,25.69121199849178,63135.54497599762,5749.170937571287
1783439499,500,,Aggregated,159.000000,0.000000,970,1500,2100,2400,3900,23000,45000,61000,63000,63000,63000,13328,49,970.0,3582.576755863359,25.69121199849178,63135.54497599762,5749.312650060024
1783439500,500,,Aggregated,157.700000,0.000000,970,1500,2000,2400,3900,23000,45000,61000,63000,63000,63000,13489,49,970.0,3550.5240614387894,25.69121199849178,63135.54497599762,5746.818370524131
1783439501,500,,Aggregated,159.200000,0.000000,960,1500,2000,2400,3900,23000,45000,60000,63000,63000,63000,13652,49,960.0,3518.539819326459,25.69121199849178,63135.54497599762,5747.487254614708
1783439502,500,,Aggregated,160.300000,0.000000,960,1500,2000,2400,3800,23000,44000,60000,63000,63000,63000,13826,49,960.0,3485.0973978114257,25.69121199849178,63135.54497599762,5743.272530015912
1783439503,500,,Aggregated,161.200000,0.000000,950,1500,2000,2400,3800,21000,44000,60000,63000,63000,63000,13981,49,950.0,3456.1545942121315,25.69121199849178,63135.54497599762,5743.089192475502
1783439504,500,,Aggregated,161.500000,0.000000,950,1500,2000,2400,3800,18000,43000,60000,63000,63000,63000,14141,50,950.0,3426.935015916117,25.69121199849178,63135.54497599762,5741.496994554841
1783439505,500,,Aggregated,162.400000,0.000000,950,1500,2000,2300,3800,18000,42000,60000,63000,63000,63000,14304,50,950.0,3398.2007500409536,25.69121199849178,63135.54497599762,5748.44658836689
1783439506,500,,Aggregated,161.700000,0.000000,940,1500,2000,2300,3800,17000,41000,60000,63000,63000,63000,14466,50,940.0,3370.93322623868,25.69121199849178,63135.54497599762,5745.141020323517
1783439507,500,,Aggregated,161.200000,0.100000,940,1500,2000,2300,3700,17000,41000,60000,63000,63000,63000,14616,50,940.0,3346.1871522788533,25.69121199849178,63135.54497599762,5756.784140667762
1783439508,500,,Aggregated,162.300000,0.100000,940,1500,1900,2300,3700,17000,41000,60000,63000,63000,63000,14786,50,940.0,3319.224722909962,25.69121199849178,63135.54497599762,5763.206276207223
1783439510,500,,Aggregated,162.600000,0.100000,940,1500,1900,2300,3700,16000,41000,60000,63000,63000,63000,14960,50,940.0,3291.4594696206996,25.69121199849178,63135.54497599762,5760.886029411765
1783439511,500,,Aggregated,162.400000,0.100000,930,1400,1900,2300,3700,16000,41000,60000,63000,63000,63000,15126,50,930.0,3264.650393102843,25.69121199849178,63135.54497599762,5769.248776940368
1783439512,500,,Aggregated,162.400000,0.100000,930,1400,1900,2300,3600,16000,40000,60000,63000,63000,63000,15277,50,930.0,3240.1797201120407,25.69121199849178,63135.54497599762,5771.100150553119
1783439513,500,,Aggregated,163.300000,0.100000,930,1400,1900,2200,3600,15000,40000,60000,63000,63000,63000,15447,50,930.0,3214.433130499752,25.69121199849178,63135.54497599762,5771.6911374376905
1783439514,500,,Aggregated,161.700000,0.100000,920,1400,1900,2200,3600,13000,40000,60000,63000,63000,63000,15609,50,920.0,3190.204420344397,25.69121199849178,63135.54497599762,5769.598116471267
1783439515,500,,Aggregated,161.000000,0.100000,920,1400,1900,2200,3600,12000,40000,60000,63000,63000,63000,15762,50,920.0,3169.0188803751857,25.69121199849178,63135.54497599762,5772.037051135642
1783439516,500,,Aggregated,161.600000,0.100000,920,1400,1900,2200,3600,12000,40000,60000,63000,63000,63000,15938,50,920.0,3143.92915639532,25.69121199849178,63135.54497599762,5769.80122976534
1783439517,500,,Aggregated,161.600000,0.100000,920,1400,1900,2200,3500,12000,40000,60000,63000,63000,63000,16082,50,920.0,3123.28311168913,25.69121199849178,63135.54497599762,5773.270986195746
1783439518,500,,Aggregated,162.200000,0.000000,920,1400,1800,2200,3500,11000,40000,60000,63000,63000,63000,16232,50,920.0,3103.511958025356,25.69121199849178,63135.54497599762,5776.993284869393
1783439519,500,,Aggregated,161.400000,0.000000,910,1400,1800,2200,3500,9200,40000,60000,63000,63000,63000,16403,50,910.0,3082.0673611502534,25.69121199849178,63135.54497599762,5780.212765957447
1783439520,500,,Aggregated,159.600000,0.000000,910,1400,1800,2100,3500,7100,40000,60000,63000,63000,63000,16586,50,910.0,3059.1100526648747,25.69121199849178,63135.54497599762,5771.192391173278
1783439521,500,,Aggregated,159.100000,0.000000,910,1400,1800,2100,3500,6600,40000,60000,63000,63000,63000,16748,50,910.0,3038.4453247134907,25.69121199849178,63135.54497599762,5775.457547169812
1783439522,500,,Aggregated,160.300000,0.000000,910,1400,1800,2100,3500,6400,40000,59000,63000,63000,63000,16900,51,910.0,3017.562633536836,25.69121199849178,63135.54497599762,5779.098816568047
1783439523,500,,Aggregated,160.000000,0.000000,900,1400,1800,2100,3500,6300,39000,59000,63000,63000,63000,17059,51,900.0,2997.27317763518,25.69121199849178,63135.54497599762,5777.080543994372
1783439524,500,,Aggregated,160.400000,0.100000,900,1400,1800,2100,3400,6200,39000,59000,63000,63000,63000,17229,51,900.0,2976.7597243296477,25.69121199849178,63135.54497599762,5771.2610714493
1783439525,500,,Aggregated,158.800000,0.100000,900,1400,1800,2100,3400,6100,39000,59000,63000,63000,63000,17391,51,900.0,2958.1252939804776,25.69121199849178,63135.54497599762,5770.144327525732
1783439526,500,,Aggregated,159.800000,0.100000,900,1400,1800,2100,3400,6100,39000,58000,63000,63000,63000,17558,51,900.0,2937.5679611340433,25.69121199849178,63135.54497599762,5768.319569427042
1783439527,500,,Aggregated,160.600000,0.100000,890,1300,1800,2100,3400,6000,39000,58000,63000,63000,63000,17733,51,890.0,2917.3054661838664,25.69121199849178,63135.54497599762,5760.533412282186
1783439528,500,,Aggregated,159.900000,0.100000,890,1300,1700,2100,3400,6000,39000,57000,63000,63000,63000,17889,51,890.0,2898.9661623958586,25.69121199849178,63135.54497599762,5758.3911342165575
1783439529,500,,Aggregated,161.800000,0.100000,890,1300,1700,2100,3300,6000,39000,57000,63000,63000,63000,18049,51,890.0,2880.768715809105,25.69121199849178,63135.54497599762,5759.776441908139
1783439530,500,,Aggregated,164.700000,0.100000,880,1300,1700,2100,3300,6000,39000,57000,63000,63000,63000,18215,51,880.0,2862.18220889742,25.69121199849178,63135.54497599762,5767.2597309909415
1783439531,500,,Aggregated,163.900000,0.100000,880,1300,1700,2100,3300,6000,39000,57000,63000,63000,63000,18390,51,880.0,2843.6060492437427,25.69121199849178,63135.54497599762,5761.268352365416
1783439532,500,,Aggregated,161.800000,0.100000,880,1300,1700,2000,3200,5900,38000,57000,63000,63000,63000,18548,51,880.0,2825.7794829411473,25.69121199849178,63135.54497599762,5773.925436704766
1783439533,500,,Aggregated,162.800000,0.100000,880,1300,1700,2000,3200,5900,38000,57000,63000,63000,63000,18709,51,880.0,2808.4028348383904,25.69121199849178,63135.54497599762,5765.630765941525
1783439534,500,,Aggregated,163.700000,0.000000,870,1300,1700,2000,3200,5800,38000,57000,63000,63000,63000,18881,51,870.0,2790.188193477171,25.69121199849178,63135.54497599762,5757.681584661829
1783439535,500,,Aggregated,164.000000,0.000000,870,1300,1700,2000,3200,5800,38000,57000,63000,63000,63000,19052,51,870.0,2772.4960143334283,25.69121199849178,63135.54497599762,5756.378123031703
1783439536,500,,Aggregated,164.000000,0.000000,870,1300,1700,2000,3200,5700,38000,57000,63000,63000,63000,19201,51,870.0,2756.9634291853267,25.69121199849178,63135.54497599762,5758.529764074788
1783439537,500,,Aggregated,165.200000,0.000000,870,1300,1700,2000,3200,5600,38000,57000,63000,63000,63000,19372,52,870.0,2740.4667772678326,25.69121199849178,63135.54497599762,5752.668026016931
1783439538,500,,Aggregated,164.000000,0.000000,870,1300,1700,2000,3100,5600,37000,56000,63000,63000,63000,19520,52,870.0,2726.808929364213,25.69121199849178,63135.54497599762,5757.521875
1783439539,500,,Aggregated,162.900000,0.000000,870,1300,1700,2000,3100,5500,37000,56000,63000,63000,63000,19681,52,870.0,2713.330438165001,25.69121199849178,63135.54497599762,5757.891977033687
1783439540,500,,Aggregated,162.500000,0.100000,870,1300,1700,2000,3100,5500,37000,56000,63000,63000,63000,19837,52,870.0,2700.2774601622896,25.69121199849178,63135.54497599762,5759.929979331552
1783439541,500,,Aggregated,162.500000,0.100000,860,1300,1700,2000,3100,5400,37000,50000,63000,63000,63000,19999,52,860.0,2686.646118952914,25.69121199849178,63135.54497599762,5767.441422071103
1783439542,500,,Aggregated,161.900000,0.100000,860,1300,1700,2000,3100,5300,37000,50000,63000,63000,63000,20173,52,860.0,2670.9642735711745,25.69121199849178,63135.54497599762,5759.636593466515
1783439543,500,,Aggregated,159.900000,0.100000,860,1300,1700,2000,3100,5300,37000,49000,63000,63000,63000,20320,52,860.0,2658.2811802867777,25.69121199849178,63135.54497599762,5771.428001968504
1783439544,500,,Aggregated,160.800000,0.100000,860,1300,1600,2000,3100,5300,37000,49000,63000,63000,63000,20488,52,860.0,2643.5426716008537,25.69121199849178,63135.54497599762,5770.269962905115
1783439545,500,,Aggregated,161.000000,0.100000,860,1300,1600,2000,3000,5200,37000,48000,63000,63000,63000,20651,52,860.0,2630.053637986115,25.69121199849178,63135.54497599762,5774.905670427582
1783439546,500,,Aggregated,159.600000,0.100000,860,1200,1600,1900,3000,5200,37000,48000,63000,63000,63000,20806,52,860.0,2616.7920077729627,25.69121199849178,63135.54497599762,5776.215899259829
1783439547,500,,Aggregated,158.900000,0.100000,860,1200,1600,1900,3000,5100,37000,48000,63000,63000,63000,20976,52,860.0,2603.038278476035,25.69121199849178,63135.54497599762,5775.976973684211
1783439548,500,,Aggregated,158.600000,0.100000,860,1200,1600,1900,3000,5000,37000,48000,63000,63000,63000,21139,52,860.0,2590.0374909409775,25.69121199849178,63135.54497599762,5779.281470268224
1783439549,500,,Aggregated,159.900000,0.100000,850,1200,1600,1900,3000,5000,37000,48000,63000,63000,63000,21302,53,850.0,2577.0614456654885,25.69121199849178,63135.54497599762,5782.483334898132
1783439550,500,,Aggregated,161.300000,0.000000,850,1200,1600,1900,3000,5000,37000,48000,63000,63000,63000,21472,53,850.0,2563.9434432329667,25.69121199849178,63135.54497599762,5780.967445976155
1783439551,500,,Aggregated,161.200000,0.100000,850,1200,1600,1900,3000,5000,37000,48000,63000,63000,63000,21638,53,850.0,2550.8758150349954,25.69121199849178,63135.54497599762,5780.857842684167
1783439552,500,,Aggregated,161.800000,0.100000,850,1200,1600,1900,3000,4900,36000,48000,63000,63000,63000,21802,53,850.0,2538.154111692975,25.69121199849178,63135.54497599762,5783.9392716264565
1783439553,500,,Aggregated,163.200000,0.100000,850,1200,1600,1900,3000,4800,36000,48000,63000,63000,63000,21969,53,850.0,2525.958755543415,25.69121199849178,63135.54497599762,5785.513132140743
1783439554,500,,Aggregated,161.800000,0.100000,850,1200,1600,1900,3000,4800,36000,48000,63000,63000,63000,22120,53,850.0,2514.738856440519,25.69121199849178,63135.54497599762,5786.233137432188
1783439555,500,,Aggregated,163.000000,0.100000,850,1200,1600,1900,2900,4800,36000,48000,63000,63000,63000,22291,53,850.0,2502.359993501966,25.69121199849178,63135.54497599762,5780.415414292764
1783439556,500,,Aggregated,162.200000,0.100000,840,1200,1600,1900,2900,4700,36000,48000,63000,63000,63000,22455,53,840.0,2490.486916896787,25.69121199849178,63135.54497599762,5782.247294589179
1783439557,500,,Aggregated,162.100000,0.100000,840,1200,1600,1900,2900,4700,36000,48000,63000,63000,63000,22608,53,840.0,2479.648496275759,25.69121199849178,63135.54497599762,5782.543745576787
1783439558,500,,Aggregated,163.600000,0.100000,840,1200,1600,1900,2900,4600,36000,47000,63000,63000,63000,22766,53,840.0,2468.8373608305083,25.69121199849178,63135.54497599762,5791.5353158218395
1783439559,500,,Aggregated,162.900000,0.100000,840,1200,1600,1900,2900,4600,36000,47000,63000,63000,63000,22949,53,840.0,2456.5958506827023,25.69121199849178,63135.54497599762,5788.074425900911
1783439560,500,,Aggregated,160.200000,0.100000,840,1200,1600,1900,2900,4500,36000,47000,63000,63000,63000,23139,53,840.0,2442.7477273559916,25.69121199849178,63135.54497599762,5783.748692683348
1783439561,500,,Aggregated,162.600000,0.000000,830,1200,1600,1800,2900,4500,36000,47000,63000,63000,63000,23318,53,830.0,2429.033528660744,25.69121199849178,63135.54497599762,5785.229822454756
1783439562,500,,Aggregated,164.100000,0.000000,830,1200,1600,1800,2900,4500,35000,47000,63000,63000,63000,23456,53,830.0,2417.788225655833,25.69121199849178,63135.54497599762,5784.808279331514
1783439563,500,,Aggregated,165.900000,0.000000,820,1200,1500,1800,2800,4400,35000,46000,63000,63000,63000,23656,53,820.0,2402.8028851720596,25.69121199849178,63135.54497599762,5784.132904971255
1783439564,500,,Aggregated,167.200000,0.000000,820,1200,1500,1800,2800,4400,35000,46000,63000,63000,63000,23800,53,820.0,2393.0028688205152,25.69121199849178,63135.54497599762,5786.103235294117
1783439565,500,,Aggregated,166.600000,0.000000,820,1200,1500,1800,2800,4400,35000,46000,63000,63000,63000,23952,53,820.0,2383.1042966713517,25.69121199849178,63135.54497599762,5786.692760521042
1783439566,500,,Aggregated,166.500000,0.000000,820,1200,1500,1800,2800,4400,35000,46000,63000,63000,63000,24110,53,820.0,2374.3299696173476,25.69121199849178,63135.54497599762,5789.16777270842
1783439567,500,,Aggregated,165.600000,0.000000,820,1200,1500,1800,2800,4400,35000,46000,63000,63000,63000,24278,53,820.0,2365.5782112914676,25.69121199849178,63135.54497599762,5794.754304308427
1783439568,500,,Aggregated,164.300000,0.000000,820,1200,1500,1800,2800,4300,34000,46000,63000,63000,63000,24439,53,820.0,2355.975767103247,25.69121199849178,63135.54497599762,5785.443348745857
1783439569,500,,Aggregated,163.800000,0.000000,820,1200,1500,1800,2800,4300,34000,46000,63000,63000,63000,24602,53,820.0,2346.1072740627283,25.69121199849178,63135.54497599762,5782.2466872611985
1783439570,500,,Aggregated,165.900000,0.000000,820,1200,1500,1800,2800,4300,34000,46000,63000,63000,63000,24766,53,820.0,2336.367691133782,25.69121199849178,63135.54497599762,5781.126827101672
1783439571,500,,Aggregated,162.900000,0.000000,820,1200,1500,1800,2800,4300,34000,46000,63000,63000,63000,24916,53,820.0,2327.9805313000975,25.69121199849178,63135.54497599762,5781.454768020549
1783439572,500,,Aggregated,162.500000,0.000000,810,1200,1500,1800,2700,4200,31000,45000,63000,63000,63000,25087,53,810.0,2318.1375305608985,25.69121199849178,63135.54497599762,5776.502252162474
1783439573,500,,Aggregated,159.800000,0.000000,810,1200,1500,1800,2700,4200,30000,45000,63000,63000,63000,25249,53,810.0,2308.961614439354,25.69121199849178,63135.54497599762,5779.799279179373
1783439574,500,,Aggregated,158.300000,0.000000,810,1200,1500,1800,2700,4200,29000,45000,63000,63000,63000,25417,53,810.0,2300.20737271524,25.69121199849178,63135.54497599762,5780.366683715623
1783439575,500,,Aggregated,158.600000,0.000000,810,1200,1500,1800,2700,4200,29000,45000,63000,63000,63000,25566,53,810.0,2291.7225878834115,25.69121199849178,63135.54497599762,5776.876593913792
1783439576,500,,Aggregated,158.400000,0.000000,810,1200,1500,1800,2700,4100,28000,45000,63000,63000,63000,25740,53,810.0,2282.419430885714,25.69121199849178,63135.54497599762,5778.091724941725
1783439577,500,,Aggregated,159.900000,0.000000,810,1200,1500,1800,2700,4100,28000,45000,63000,63000,63000,25913,53,810.0,2272.392595190455,25.69121199849178,63135.54497599762,5777.485586385212
1783439578,500,,Aggregated,160.300000,0.000000,810,1200,1500,1800,2700,4100,28000,45000,63000,63000,63000,26078,53,810.0,2263.090369630461,25.69121199849178,63135.54497599762,5779.161285374646
1783439579,500,,Aggregated,162.300000,0.000000,810,1200,1500,1800,2700,4100,28000,45000,63000,63000,63000,26239,53,810.0,2253.9404644720494,25.69121199849178,63135.54497599762,5784.926902702085
1783439580,500,,Aggregated,163.100000,0.000000,800,1200,1500,1800,2700,4100,28000,45000,63000,63000,63000,26412,53,800.0,2244.0991667407643,25.69121199849178,63135.54497599762,5776.228759654702
1783439581,500,,Aggregated,162.900000,0.000000,800,1200,1500,1700,2700,4100,28000,45000,63000,63000,63000,26575,53,800.0,2235.26503340783,25.69121199849178,63135.54497599762,5772.980583254939
1783439582,500,,Aggregated,162.600000,0.000000,800,1200,1500,1700,2700,4100,28000,45000,63000,63000,63000,26744,53,800.0,2226.2443352199384,25.69121199849178,63135.54497599762,5775.024154950643
1783439583,500,,Aggregated,164.000000,0.000000,800,1200,1500,1700,2600,4000,28000,45000,63000,63000,63000,26907,53,800.0,2218.0008586114395,25.69121199849178,63135.54497599762,5773.638532723827
1783439584,500,,Aggregated,164.600000,0.000000,800,1200,1500,1700,2600,4000,28000,45000,63000,63000,63000,27075,53,800.0,2209.593168082623,25.69121199849178,63135.54497599762,5769.583970452447
1783439585,500,,Aggregated,165.400000,0.000000,800,1200,1500,1700,2600,4000,28000,45000,63000,63000,63000,27220,53,800.0,2203.047803259038,25.69121199849178,63135.54497599762,5766.492542248347
1783439586,500,,Aggregated,166.500000,0.000000,800,1200,1500,1700,2600,4000,28000,45000,63000,63000,63000,27389,53,800.0,2195.5005626636244,25.69121199849178,63135.54497599762,5760.962904815802
1783439587,500,,Aggregated,164.800000,0.000000,800,1100,1500,1700,2600,4000,28000,45000,63000,63000,63000,27556,53,800.0,2187.201160962948,25.69121199849178,63135.54497599762,5764.260959500653
1783439588,500,,Aggregated,163.100000,0.000000,800,1100,1500,1700,2600,3900,28000,44000,63000,63000,63000,27722,53,800.0,2179.118648913535,25.69121199849178,63135.54497599762,5765.94870499964
1783439589,500,,Aggregated,164.100000,0.000000,800,1100,1500,1700,2600,3900,28000,44000,63000,63000,63000,27883,53,800.0,2171.4674214888632,25.69121199849178,63135.54497599762,5767.191765591938
1783439590,500,,Aggregated,163.800000,0.000000,790,1100,1500,1700,2600,3900,27000,44000,63000,63000,63000,28054,53,790.0,2163.2497194226494,25.69121199849178,63135.54497599762,5766.893633706423
1783439592,500,,Aggregated,163.600000,0.000000,790,1100,1500,1700,2600,3900,27000,43000,63000,63000,63000,28325,53,790.0,2151.429998430716,25.69121199849178,63135.54497599762,5768.07625772286
1783439593,500,,Aggregated,157.400000,0.000000,790,1100,1500,1700,2600,3900,27000,42000,63000,63000,63000,28499,53,790.0,2142.3727669321756,25.69121199849178,63135.54497599762,5764.655215972491
1783439594,500,,Aggregated,162.800000,0.000000,790,1100,1500,1700,2600,3900,27000,42000,63000,63000,63000,28665,53,790.0,2134.218785791107,25.69121199849178,63135.54497599762,5763.177882435025
1783439595,500,,Aggregated,163.000000,0.000000,790,1100,1500,1700,2600,3800,27000,42000,63000,63000,63000,28823,53,790.0,2126.148674536935,25.69121199849178,63135.54497599762,5764.7146376157925
1783439596,500,,Aggregated,163.900000,0.000000,790,1100,1400,1700,2600,3800,27000,41000,63000,63000,63000,28964,53,790.0,2119.838442636656,25.69121199849178,63135.54497599762,5761.914480044193
1783439597,500,,Aggregated,164.200000,0.000000,790,1100,1400,1700,2600,3800,27000,41000,63000,63000,63000,29125,54,790.0,2114.1364087616853,25.69121199849178,63135.54497599762,5757.911416309013
1783439598,500,,Aggregated,165.300000,0.000000,790,1100,1400,1700,2600,3800,27000,41000,63000,63000,63000,29303,54,790.0,2107.3564264948313,25.69121199849178,63135.54497599762,5762.189775790875
1783439599,500,,Aggregated,159.600000,0.100000,790,1100,1400,1700,2600,3800,27000,41000,63000,63000,63000,29455,54,790.0,2101.7711823570226,25.69121199849178,63135.54497599762,5762.7523680190125
1783439600,500,,Aggregated,160.900000,0.100000,790,1100,1400,1700,2500,3800,27000,41000,63000,63000,63000,29628,54,780.0,2094.1540345410813,25.69121199849178,63135.54497599762,5760.219859592277
1783439601,500,,Aggregated,161.700000,0.100000,780,1100,1400,1700,2500,3800,27000,41000,63000,63000,63000,29807,55,780.0,2086.2934690547227,25.69121199849178,63135.54497599762,5756.301573455899
1783439602,500,,Aggregated,162.400000,0.100000,780,1100,1400,1700,2500,3800,27000,41000,63000,63000,63000,29965,55,780.0,2079.6169739810484,25.69121199849178,63135.54497599762,5757.563690972802
1783439603,500,,Aggregated,169.300000,0.200000,780,1100,1400,1700,2500,3800,27000,41000,62000,63000,63000,30142,55,780.0,2072.0708749029636,25.69121199849178,63135.54497599762,5754.575542432486
1783439604,500,,Aggregated,163.400000,0.200000,780,1100,1400,1700,2500,3800,27000,41000,62000,63000,63000,30315,55,780.0,2064.5443153435635,25.69121199849178,63135.54497599762,5751.158700313376
1783439605,500,,Aggregated,163.500000,0.200000,780,1100,1400,1700,2500,3800,27000,41000,62000,63000,63000,30479,55,780.0,2057.7017182087707,25.69121199849178,63135.54497599762,5753.795761015781
1783439606,500,,Aggregated,163.700000,0.200000,770,1100,1400,1700,2500,3700,26000,40000,62000,63000,63000,30651,55,770.0,2051.036886987117,25.69121199849178,63135.54497599762,5753.760790838798
1783439607,500,,Aggregated,164.600000,0.200000,770,1100,1400,1700,2500,3700,26000,40000,62000,63000,63000,30822,55,770.0,2043.9246581182333,25.69121199849178,63135.54497599762,5749.840568425151
1783439608,500,,Aggregated,166.900000,0.200000,770,1100,1400,1700,2500,3700,26000,40000,62000,63000,63000,30992,55,770.0,2036.7425961185834,25.69121199849178,63135.54497599762,5748.161525554982
1783439609,500,,Aggregated,169.600000,0.100000,770,1100,1400,1700,2500,3700,26000,40000,62000,63000,63000,31120,55,770.0,2031.3399865771912,25.69121199849178,63135.54497599762,5749.608322622108
1783439610,500,,Aggregated,168.700000,0.100000,770,1100,1400,1700,2500,3700,26000,40000,62000,63000,63000,31336,55,770.0,2022.8080142411995,25.69121199849178,63135.54497599762,5750.165879499617
1783439611,500,,Aggregated,169.800000,0.100000,760,1100,1400,1700,2500,3700,26000,40000,62000,63000,63000,31512,55,760.0,2015.8169479719218,25.69121199849178,63135.54497599762,5744.9661398832195
1783439612,500,,Aggregated,168.500000,0.100000,760,1100,1400,1600,2500,3700,26000,40000,62000,63000,63000,31673,55,760.0,2009.4829993609767,25.69121199849178,63135.54497599762,5742.501562845326
1783439613,500,,Aggregated,168.600000,0.000000,760,1100,1400,1600,2500,3700,25000,40000,62000,63000,63000,31841,55,760.0,2003.0441939130133,24.15217800080427,63135.54497599762,5744.510568135423
1783439614,500,,Aggregated,169.700000,0.000000,760,1100,1400,1600,2500,3700,25000,40000,62000,63000,63000,31995,55,760.0,1997.7419443311844,24.15217800080427,63135.54497599762,5745.353117674636
1783439615,500,,Aggregated,167.300000,0.000000,760,1100,1400,1600,2500,3700,25000,40000,62000,63000,63000,32168,55,760.0,1991.6657544205173,24.15217800080427,63135.54497599762,5743.40558940562
1783439616,500,,Aggregated,166.200000,0.000000,760,1100,1400,1600,2500,3600,25000,40000,62000,63000,63000,32359,55,760.0,1984.6972315115495,16.38366000042879,63135.54497599762,5739.581754689576
1783439617,500,,Aggregated,166.400000,0.000000,760,1100,1400,1600,2500,3600,25000,40000,62000,63000,63000,32513,55,760.0,1978.9027002998866,16.38366000042879,63135.54497599762,5737.2067788269305
1783439618,500,,Aggregated,166.300000,0.000000,750,1100,1400,1600,2400,3600,25000,40000,62000,63000,63000,32702,55,750.0,1971.6187538453676,16.38366000042879,63135.54497599762,5733.843404073145
1783439619,500,,Aggregated,168.500000,0.000000,750,1100,1400,1600,2400,3600,24000,40000,62000,63000,63000,32855,55,750.0,1966.3379401940424,16.38366000042879,63135.54497599762,5735.604382894537
1783439620,500,,Aggregated,167.100000,0.000000,750,1100,1400,1600,2400,3600,24000,40000,62000,63000,63000,33026,55,750.0,1960.6907854047176,16.38366000042879,63135.54497599762,5732.859656028583
1783439621,500,,Aggregated,167.200000,0.000000,750,1100,1400,1600,2400,3600,23000,40000,62000,63000,63000,33182,55,750.0,1956.374813168713,16.38366000042879,63135.54497599762,5734.2974805617505
1783439622,500,,Aggregated,166.700000,0.000000,750,1100,1400,1600,2400,3600,23000,40000,62000,63000,63000,33344,56,750.0,1950.9042218295122,16.38366000042879,63135.54497599762,5735.399202255278
1783439623,500,,Aggregated,165.600000,0.000000,750,1100,1400,1600,2400,3600,23000,40000,62000,63000,63000,33509,56,750.0,1945.6696046874063,16.38366000042879,63135.54497599762,5738.178608731982
1783439624,500,,Aggregated,164.900000,0.000000,750,1100,1400,1600,2400,3600,23000,40000,62000,63000,63000,33639,57,750.0,1941.545485274838,16.38366000042879,63135.54497599762,5735.330033591962
1783439625,500,,Aggregated,164.500000,0.100000,750,1100,1400,1600,2400,3600,23000,40000,62000,63000,63000,33757,57,750.0,1938.2568066776448,16.38366000042879,63135.54497599762,5736.570696448144
1783439626,500,,Aggregated,165.400000,0.100000,750,1100,1400,1600,2400,3600,23000,39000,62000,63000,63000,33924,57,750.0,1934.456956342303,16.38366000042879,63135.54497599762,5733.863872184884
1783439627,500,,Aggregated,160.400000,0.200000,750,1100,1400,1600,2400,3600,23000,39000,62000,63000,63000,34091,57,750.0,1930.5773746792197,16.38366000042879,63135.54497599762,5735.501686662169
1783439628,500,,Aggregated,156.600000,0.200000,750,1100,1400,1600,2400,3600,23000,39000,62000,63000,63000,34259,57,750.0,1926.9277209289314,16.38366000042879,63135.54497599762,5733.803788785429
1783439629,500,,Aggregated,154.400000,0.200000,750,1100,1400,1600,2400,3600,23000,39000,62000,63000,63000,34416,58,750.0,1922.3842271110025,11.132536998047726,63135.54497599762,5732.847716178521
1783439630,500,,Aggregated,154.100000,0.200000,750,1100,1400,1600,2400,3600,23000,39000,62000,63000,63000,34580,59,750.0,1917.7002795268738,11.132536998047726,63135.54497599762,5731.4562463851935
1783439631,500,,Aggregated,155.100000,0.300000,750,1100,1400,1600,2400,3500,23000,39000,62000,63000,63000,34748,59,750.0,1912.679528255621,11.132536998047726,63135.54497599762,5732.974761137331
1783439632,500,,Aggregated,155.000000,0.300000,750,1100,1400,1600,2400,3500,22000,39000,62000,63000,63000,34916,59,750.0,1907.8946539108833,11.132536998047726,63135.54497599762,5734.844397983732
1783439633,500,,Aggregated,154.000000,0.400000,750,1100,1400,1600,2400,3500,19000,39000,62000,63000,63000,35096,59,750.0,1902.0275232771965,11.132536998047726,63135.54497599762,5734.505185776156
1783439634,500,,Aggregated,154.400000,0.400000,750,1100,1400,1600,2400,3500,18000,39000,62000,63000,63000,35258,59,750.0,1897.4280082084788,11.132536998047726,63135.54497599762,5735.941176470588
1783439635,500,,Aggregated,156.600000,0.300000,750,1100,1400,1600,2400,3500,18000,39000,62000,63000,63000,35414,59,750.0,1892.6114104409403,11.132536998047726,63135.54497599762,5741.574010278421
1783439636,500,,Aggregated,157.800000,0.300000,750,1100,1400,1600,2400,3500,18000,39000,62000,63000,63000,35586,59,750.0,1887.735638236117,11.132536998047726,63135.54497599762,5744.113977406845
1783439637,500,,Aggregated,161.800000,0.200000,750,1100,1400,1600,2400,3500,18000,39000,62000,63000,63000,35752,59,750.0,1882.7292383795436,11.132536998047726,63135.54497599762,5747.24675542627
1783439638,500,,Aggregated,164.100000,0.200000,750,1100,1400,1600,2400,3500,18000,39000,62000,63000,63000,35908,60,750.0,1878.431514012407,11.132536998047726,63135.54497599762,5745.888492814972
1783439639,500,,Aggregated,165.100000,0.200000,750,1100,1400,1600,2400,3500,17000,39000,62000,63000,63000,36067,60,750.0,1874.2744074204813,11.132536998047726,63135.54497599762,5744.192059223113
1783439640,500,,Aggregated,165.600000,0.200000,750,1100,1400,1600,2400,3500,17000,39000,62000,63000,63000,36240,60,750.0,1869.559013521233,11.132536998047726,63135.54497599762,5740.3715507726265
1783439641,500,,Aggregated,162.900000,0.200000,750,1100,1400,1600,2400,3500,17000,39000,62000,63000,63000,36409,60,750.0,1865.1553612782961,11.132536998047726,63135.54497599762,5743.923864978439
1783439642,500,,Aggregated,163.600000,0.200000,750,1100,1400,1600,2400,3500,17000,39000,62000,63000,63000,36562,61,750.0,1861.1429040660646,11.132536998047726,63135.54497599762,5744.510365953723
1783439643,500,,Aggregated,164.000000,0.100000,750,1100,1400,1600,2400,3500,17000,39000,62000,63000,63000,36741,61,750.0,1856.4528579382018,11.132536998047726,63135.54497599762,5741.658147573556
1783439644,500,,Aggregated,165.200000,0.100000,740,1100,1400,1600,2400,3500,17000,38000,62000,63000,63000,36902,61,740.0,1851.8239677394038,11.132536998047726,63135.54497599762,5739.292910953336
1783439645,500,,Aggregated,163.200000,0.200000,740,1100,1400,1600,2400,3500,17000,38000,62000,63000,63000,37056,61,740.0,1847.3919746825734,11.132536998047726,63135.54497599762,5737.397965241797
1783439646,500,,Aggregated,163.200000,0.200000,740,1100,1400,1600,2400,3500,17000,38000,62000,63000,63000,37232,61,740.0,1842.59595728407,11.132536998047726,63135.54497599762,5735.736973571122
1783439647,500,,Aggregated,163.700000,0.200000,740,1100,1400,1600,2400,3500,16000,38000,62000,63000,63000,37386,61,740.0,1838.5999986422053,11.132536998047726,63135.54497599762,5738.714625795752
1783439648,500,,Aggregated,163.200000,0.200000,740,1100,1400,1600,2400,3500,16000,38000,62000,63000,63000,37512,62,740.0,1835.2959577282063,11.132536998047726,63135.54497599762,5733.925330560887
1783439649,500,,Aggregated,163.800000,0.200000,740,1100,1400,1600,2400,3500,16000,38000,62000,63000,63000,37623,63,740.0,1832.4894137977171,11.132536998047726,63135.54497599762,5733.043749833878
1783439650,500,,Aggregated,163.000000,0.300000,740,1100,1400,1600,2400,3500,16000,38000,62000,63000,63000,37787,63,740.0,1829.4887072530107,11.132536998047726,63135.54497599762,5736.893111387514
1783439652,500,,Aggregated,155.800000,0.300000,750,1100,1400,1600,2400,3500,16000,38000,62000,63000,63000,38081,64,750.0,1827.8673705428578,11.132536998047726,63135.54497599762,5732.985740920669
1783439653,500,,Aggregated,151.800000,0.300000,740,1100,1400,1600,2400,3500,16000,38000,62000,63000,63000,38249,64,740.0,1823.3730114541725,11.132536998047726,63135.54497599762,5734.587492483463
1783439654,500,,Aggregated,154.100000,0.400000,740,1100,1400,1600,2400,3500,16000,38000,62000,63000,63000,38403,64,740.0,1818.6694964278197,11.132536998047726,63135.54497599762,5733.588053016691
1783439655,500,,Aggregated,156.600000,0.300000,740,1100,1400,1600,2400,3400,15000,38000,62000,63000,63000,38560,64,740.0,1814.318785954786,11.132536998047726,63135.54497599762,5733.591779045643
1783439656,500,,Aggregated,154.400000,0.300000,740,1100,1400,1600,2400,3400,15000,38000,62000,63000,63000,38734,64,740.0,1809.8496860946343,11.132536998047726,63135.54497599762,5734.666210564362
1783439657,500,,Aggregated,153.500000,0.300000,740,1100,1400,1600,2300,3400,13000,38000,62000,63000,63000,38899,64,740.0,1805.721803426351,11.132536998047726,63135.54497599762,5739.690454767475
1783439658,500,,Aggregated,154.300000,0.300000,740,1100,1400,1600,2300,3400,13000,37000,62000,63000,63000,39058,64,740.0,1801.5013176453635,11.132536998047726,63135.54497599762,5738.306262481437
1783439659,500,,Aggregated,154.000000,0.300000,740,1100,1400,1600,2300,3400,12000,37000,62000,63000,63000,39241,64,740.0,1797.1570609365342,11.132536998047726,63135.54497599762,5742.128386126755
1783439660,500,,Aggregated,155.000000,0.200000,740,1100,1400,1600,2300,3400,12000,37000,62000,63000,63000,39400,64,740.0,1793.892996723316,11.132536998047726,63135.54497599762,5743.861192893401
1783439661,500,,Aggregated,160.200000,0.200000,740,1100,1400,1600,2300,3400,12000,37000,62000,63000,63000,39562,64,740.0,1790.5136467410296,11.132536998047726,63135.54497599762,5743.551817400536
1783439662,500,,Aggregated,160.400000,0.100000,740,1100,1400,1600,2300,3400,12000,37000,62000,63000,63000,39729,64,740.0,1787.0827009753486,11.132536998047726,63135.54497599762,5746.880012081854
1783439663,500,,Aggregated,164.800000,0.100000,740,1100,1400,1600,2300,3400,12000,37000,62000,63000,63000,39893,64,740.0,1783.6024486023764,11.132536998047726,63135.54497599762,5748.977264181686
1783439664,500,,Aggregated,160.300000,0.000000,740,1100,1400,1600,2300,3400,12000,37000,62000,63000,63000,40052,65,740.0,1780.346722341571,11.132536998047726,63135.54497599762,5754.560321581944
1783439665,500,,Aggregated,159.700000,0.000000,740,1100,1400,1600,2300,3400,12000,37000,62000,63000,63000,40222,65,740.0,1776.6665656937637,11.132536998047726,63135.54497599762,5753.223410074089
1783439666,500,,Aggregated,160.100000,0.000000,740,1100,1400,1600,2300,3400,12000,37000,62000,63000,63000,40381,65,740.0,1773.389114885975,11.132536998047726,63135.54497599762,5756.0544315395855
1783439667,500,,Aggregated,160.100000,0.100000,740,1100,1400,1600,2300,3400,11000,37000,62000,63000,63000,40543,65,740.0,1770.0344697140697,11.132536998047726,63135.54497599762,5755.935870557186
1783439668,500,,Aggregated,161.200000,0.100000,740,1100,1400,1600,2300,3400,11000,37000,62000,63000,63000,40700,65,740.0,1766.4747412580714,11.132536998047726,63135.54497599762,5760.560663390664
1783439669,500,,Aggregated,159.200000,0.100000,740,1100,1400,1600,2300,3400,10000,37000,62000,63000,63000,40862,65,740.0,1763.1925968978883,11.132536998047726,63135.54497599762,5758.726371690079
1783439670,500,,Aggregated,159.500000,0.100000,740,1100,1400,1600,2300,3400,9200,37000,62000,63000,63000,41004,65,740.0,1760.975523592831,11.132536998047726,63135.54497599762,5764.055238513316
1783439671,500,,Aggregated,158.900000,0.100000,740,1100,1400,1600,2300,3400,8000,37000,62000,63000,63000,41175,65,740.0,1757.680848946773,11.132536998047726,63135.54497599762,5763.596089860353
1783439672,500,,Aggregated,160.400000,0.100000,740,1100,1400,1600,2300,3300,7600,37000,62000,63000,63000,41336,66,740.0,1754.979668999379,11.132536998047726,63135.54497599762,5765.33718792336
1783439673,500,,Aggregated,159.000000,0.100000,740,1100,1400,1600,2300,3300,6900,37000,62000,63000,63000,41503,67,740.0,1751.1895490841696,11.132536998047726,63135.54497599762,5766.961038961039
1783439674,500,,Aggregated,160.300000,0.100000,740,1100,1300,1600,2300,3300,6800,37000,62000,63000,63000,41657,67,740.0,1747.7936071184026,11.132536998047726,63135.54497599762,5766.633218906786
1783439675,500,,Aggregated,159.400000,0.300000,740,1100,1300,1600,2300,3300,6600,37000,62000,63000,63000,41816,67,740.0,1744.6638285114118,11.132536998047726,63135.54497599762,5768.713291563038
1783439676,500,,Aggregated,159.700000,0.300000,740,1100,1300,1600,2300,3300,6600,37000,62000,63000,63000,41982,67,740.0,1741.3989059205433,11.132536998047726,63135.54497599762,5765.12560144824
1783439677,500,,Aggregated,160.300000,0.200000,740,1100,1300,1600,2300,3300,6600,37000,62000,63000,63000,42144,67,740.0,1738.2494544026035,11.132536998047726,63135.54497599762,5764.53953113136
1783439678,500,,Aggregated,157.900000,0.200000,740,1100,1300,1600,2300,3300,6300,37000,62000,63000,63000,42308,67,740.0,1735.075582820987,11.132536998047726,63135.54497599762,5766.265292616054
1783439679,500,,Aggregated,159.800000,0.200000,740,1100,1300,1600,2300,3300,6300,37000,62000,63000,63000,42474,67,740.0,1731.8569099052445,11.132536998047726,63135.54497599762,5765.4874982342135
1783439680,500,,Aggregated,159.200000,0.200000,740,1100,1300,1600,2300,3300,6300,37000,62000,63000,63000,42632,67,740.0,1728.8339343230068,11.132536998047726,63135.54497599762,5764.783847813849
1783439681,500,,Aggregated,160.100000,0.200000,730,1100,1300,1600,2300,3300,6200,37000,62000,63000,63000,42815,67,730.0,1724.9375351275846,11.132536998047726,63135.54497599762,5761.024664253182
1783439682,500,,Aggregated,160.700000,0.200000,730,1100,1300,1600,2300,3300,6200,37000,62000,63000,63000,42980,67,730.0,1721.2914154936361,11.132536998047726,63135.54497599762,5759.5807817589575
1783439683,500,,Aggregated,161.800000,0.200000,730,1100,1300,1600,2300,3300,6200,37000,62000,63000,63000,43141,67,730.0,1718.2676756801998,11.132536998047726,63135.54497599762,5757.6525347117595
1783439684,500,,Aggregated,163.000000,0.200000,730,1100,1300,1500,2300,3200,6100,36000,62000,63000,63000,43312,67,730.0,1714.288735110328,11.132536998047726,63135.54497599762,5756.899496675286
1783439685,500,,Aggregated,163.300000,0.000000,730,1100,1300,1500,2300,3200,6100,36000,62000,63000,63000,43470,67,730.0,1711.5393037318734,11.132536998047726,63135.54497599762,5755.721831147918
1783439686,500,,Aggregated,162.900000,0.000000,730,1100,1300,1500,2300,3200,6100,36000,62000,63000,63000,43636,67,730.0,1708.246986659102,11.132536998047726,63135.54497599762,5756.430218168484
1783439687,500,,Aggregated,163.900000,0.000000,730,1100,1300,1500,2300,3200,6100,36000,62000,63000,63000,43809,68,730.0,1705.1332670372658,11.132536998047726,63135.54497599762,5756.3911753292705
1783439688,500,,Aggregated,164.800000,0.000000,730,1100,1300,1500,2300,3200,6100,36000,62000,63000,63000,43981,68,730.0,1701.7877165073671,11.132536998047726,63135.54497599762,5755.034946908892
1783439689,500,,Aggregated,164.300000,0.000000,730,1100,1300,1500,2300,3200,6000,36000,62000,63000,63000,44147,68,730.0,1698.156083187046,11.132536998047726,63135.54497599762,5757.462115206016
1783439690,500,,Aggregated,165.300000,0.100000,730,1000,1300,1500,2300,3200,6000,36000,62000,63000,63000,44313,68,730.0,1694.833406856805,11.132536998047726,63135.54497599762,5752.947329226186
1783439692,500,,Aggregated,166.700000,0.100000,730,1000,1300,1500,2300,3200,6000,36000,62000,63000,63000,44460,68,730.0,1692.2171692940515,11.132536998047726,63135.54497599762,5753.967094017094
1783439693,500,,Aggregated,166.700000,0.100000,730,1000,1300,1500,2300,3200,6000,36000,62000,63000,63000,44610,68,730.0,1689.19104460575,11.132536998047726,63135.54497599762,5757.52970186057
1783439694,500,,Aggregated,163.400000,0.100000,730,1000,1300,1500,2300,3200,6000,36000,62000,63000,63000,44771,68,730.0,1686.6708790489927,11.132536998047726,63135.54497599762,5759.246655200911
1783439695,500,,Aggregated,162.100000,0.100000,730,1000,1300,1500,2300,3200,6000,36000,62000,63000,63000,44948,68,730.0,1683.5343310265916,11.132536998047726,63135.54497599762,5758.080937972769
1783439696,500,,Aggregated,162.300000,0.100000,730,1000,1300,1500,2300,3200,6000,36000,62000,63000,63000,45104,68,730.0,1681.0131817121153,11.132536998047726,63135.54497599762,5761.129389854558
1783439697,500,,Aggregated,163.000000,0.100000,730,1000,1300,1500,2300,3200,6000,36000,62000,63000,63000,45263,68,730.0,1678.7241379836537,11.132536998047726,63135.54497599762,5761.9838720367625
1783439698,500,,Aggregated,162.200000,0.100000,730,1000,1300,1500,2300,3200,6000,36000,62000,63000,63000,45439,68,730.0,1675.4413915321225,11.132536998047726,63135.54497599762,5762.261141310328
1783439699,500,,Aggregated,161.300000,0.100000,730,1000,1300,1500,2300,3200,6000,36000,62000,63000,63000,45629,68,730.0,1671.8109071516374,11.132536998047726,63135.54497599762,5761.977536216003
1783439700,500,,Aggregated,162.000000,0.000000,730,1000,1300,1500,2300,3200,6000,36000,62000,63000,63000,45794,68,730.0,1668.2547740430182,11.132536998047726,63135.54497599762,5761.520592217321
1783439701,500,,Aggregated,163.200000,0.000000,730,1000,1300,1500,2200,3200,6000,36000,62000,63000,63000,45948,68,730.0,1664.930719672151,11.132536998047726,63135.54497599762,5760.031666231392
1783439702,500,,Aggregated,163.900000,0.000000,730,1000,1300,1500,2200,3200,5900,36000,62000,63000,63000,46103,68,730.0,1662.3194867648965,11.132536998047726,63135.54497599762,5759.188252391385
1783439703,500,,Aggregated,162.400000,0.000000,730,1000,1300,1500,2200,3200,5900,36000,62000,63000,63000,46280,68,730.0,1659.4572486933685,11.132536998047726,63135.54497599762,5758.321218668972
1783439704,500,,Aggregated,163.300000,0.000000,730,1000,1300,1500,2200,3200,5900,36000,62000,63000,63000,46451,68,730.0,1656.5431035601832,11.132536998047726,63135.54497599762,5755.491787044412
1783439705,500,,Aggregated,165.600000,0.000000,730,1000,1300,1500,2200,3100,5900,36000,62000,63000,63000,46610,68,730.0,1653.6345341652238,11.132536998047726,63135.54497599762,5753.746556532933
1783439706,500,,Aggregated,166.700000,0.000000,720,1000,1300,1500,2200,3100,5900,36000,62000,63000,63000,46760,68,720.0,1650.966107946923,11.132536998047726,63135.54497599762,5757.717835757057
1783439707,500,,Aggregated,164.800000,0.000000,720,1000,1300,1500,2200,3100,5900,35000,62000,63000,63000,46931,68,720.0,1648.493576655836,11.132536998047726,63135.54497599762,5757.024354904008
1783439708,500,,Aggregated,164.800000,0.000000,720,1000,1300,1500,2200,3100,5800,35000,62000,63000,63000,47088,68,720.0,1645.9657492645906,11.132536998047726,63135.54497599762,5758.548781005777
1783439709,500,,Aggregated,164.800000,0.000000,720,1000,1300,1500,2200,3100,5800,35000,62000,63000,63000,47207,68,720.0,1643.847759068634,11.132536998047726,63135.54497599762,5759.123180884191
1783439710,500,,Aggregated,163.400000,0.000000,720,1000,1300,1500,2200,3100,5800,35000,62000,63000,63000,47429,68,720.0,1640.342508676149,11.132536998047726,63135.54497599762,5756.737122857324
1783439711,500,,Aggregated,159.400000,0.000000,720,1000,1300,1500,2200,3100,5800,35000,62000,63000,63000,47589,68,720.0,1637.5406809857534,11.132536998047726,63135.54497599762,5758.997604488432
1783439712,500,,Aggregated,161.700000,0.000000,720,1000,1300,1500,2200,3100,5700,35000,62000,63000,63000,47749,69,720.0,1634.813242529832,11.132536998047726,63135.54497599762,5761.072943935998
1783439713,500,,Aggregated,161.700000,0.000000,720,1000,1300,1500,2200,3100,5700,35000,62000,63000,63000,47928,69,720.0,1631.8828402768745,11.132536998047726,63135.54497599762,5761.1927474545155
1783439714,500,,Aggregated,162.600000,0.100000,720,1000,1300,1500,2200,3100,5700,35000,62000,63000,63000,48103,69,720.0,1628.711967166021,11.132536998047726,63135.54497599762,5760.163357794732
1783439715,500,,Aggregated,162.700000,0.100000,720,1000,1300,1500,2200,3100,5700,35000,62000,63000,63000,48268,69,720.0,1625.6725538154078,11.132536998047726,63135.54497599762,5758.985186873291
1783439716,500,,Aggregated,163.300000,0.100000,720,1000,1300,1500,2200,3100,5600,35000,62000,63000,63000,48420,69,720.0,1623.080347151427,11.132536998047726,63135.54497599762,5762.175444031392
1783439717,500,,Aggregated,163.900000,0.100000,720,1000,1300,1500,2200,3100,5600,35000,62000,63000,63000,48590,69,720.0,1620.3228210902678,11.132536998047726,63135.54497599762,5759.64671743157
1783439718,500,,Aggregated,164.200000,0.100000,720,1000,1300,1500,2200,3100,5600,34000,62000,63000,63000,48763,69,720.0,1617.8034217124498,11.132536998047726,63135.54497599762,5761.042716813978
1783439719,500,,Aggregated,164.600000,0.100000,720,1000,1300,1500,2200,3100,5600,34000,62000,63000,63000,48932,69,720.0,1614.846651179908,11.132536998047726,63135.54497599762,5761.981525382163
1783439720,500,,Aggregated,166.000000,0.100000,720,1000,1300,1500,2200,3100,5500,34000,62000,63000,63000,49114,69,720.0,1611.7370207878676,11.132536998047726,63135.54497599762,5759.758744960704
1783439721,500,,Aggregated,168.800000,0.100000,720,1000,1300,1500,2200,3100,5500,34000,62000,63000,63000,49280,69,720.0,1608.8103499238903,11.132536998047726,63135.54497599762,5758.258847402597
1783439722,500,,Aggregated,166.800000,0.100000,720,1000,1300,1500,2200,3100,5500,34000,62000,63000,63000,49439,69,720.0,1606.3683375124356,11.132536998047726,63135.54497599762,5760.555715123688
1783439723,500,,Aggregated,168.100000,0.100000,720,1000,1300,1500,2200,3100,5500,34000,62000,63000,63000,49594,69,720.0,1603.7066069951668,11.132536998047726,63135.54497599762,5762.676694761463
1783439724,500,,Aggregated,167.600000,0.000000,720,1000,1300,1500,2200,3100,5500,34000,62000,63000,63000,49764,69,720.0,1601.2506366042578,11.132536998047726,63135.54497599762,5760.096495458564
1783439725,500,,Aggregated,165.700000,0.000000,720,1000,1300,1500,2200,3100,5400,34000,62000,63000,63000,49940,69,720.0,1598.6800334644656,11.132536998047726,63135.54497599762,5760.289867841409
1783439726,500,,Aggregated,163.800000,0.000000,720,1000,1300,1500,2200,3000,5400,31000,62000,63000,63000,50158,69,720.0,1595.2977805068458,11.132536998047726,63135.54497599762,5762.595757406595
1783439727,500,,Aggregated,165.700000,0.000000,720,1000,1300,1500,2200,3000,5400,30000,62000,63000,63000,50331,70,720.0,1592.2629207207951,11.132536998047726,63135.54497599762,5762.734438020306
1783439728,500,,Aggregated,167.100000,0.000000,710,1000,1300,1500,2200,3000,5300,30000,62000,63000,63000,50494,70,710.0,1589.523528522561,11.132536998047726,63135.54497599762,5761.591654453994
1783439729,500,,Aggregated,167.900000,0.000000,710,1000,1300,1500,2200,3000,5300,29000,62000,63000,63000,50669,70,710.0,1586.7017003350022,11.132536998047726,63135.54497599762,5760.258639404764
1783439730,500,,Aggregated,167.900000,0.100000,710,1000,1300,1500,2200,3000,5300,29000,62000,63000,63000,50843,70,710.0,1583.912475792188,11.132536998047726,63135.54497599762,5757.939460692721
1783439731,500,,Aggregated,167.700000,0.100000,710,1000,1300,1500,2200,3000,5300,29000,62000,63000,63000,50997,70,710.0,1581.3688636180411,11.132536998047726,63135.54497599762,5756.464125340706
1783439732,500,,Aggregated,166.900000,0.100000,710,1000,1300,1500,2200,3000,5300,29000,62000,63000,63000,51175,70,710.0,1578.6879717653396,11.132536998047726,63135.54497599762,5753.969965803615
1783439733,500,,Aggregated,167.000000,0.100000,710,1000,1300,1500,2200,3000,5300,29000,62000,63000,63000,51325,70,710.0,1576.424802247485,11.132536998047726,63135.54497599762,5753.771183633707
1783439734,500,,Aggregated,167.600000,0.100000,710,1000,1300,1500,2200,3000,5200,28000,62000,63000,63000,51479,70,710.0,1574.80645330539,11.132536998047726,63135.54497599762,5756.1074030187065
1783439735,500,,Aggregated,168.300000,0.100000,710,1000,1300,1500,2200,3000,5200,28000,62000,63000,63000,51649,70,710.0,1572.4419772475408,11.132536998047726,63135.54497599762,5756.376038258243
1783439736,500,,Aggregated,163.500000,0.100000,710,1000,1300,1500,2200,3000,5200,28000,62000,63000,63000,51803,70,710.0,1570.723029195783,11.132536998047726,63135.54497599762,5757.067447831207
1783439737,500,,Aggregated,165.600000,0.100000,710,1000,1300,1500,2200,3000,5200,28000,62000,63000,63000,51972,71,710.0,1568.9456039548243,11.132536998047726,63135.54497599762,5757.032671438466
1783439738,500,,Aggregated,164.900000,0.100000,710,1000,1300,1500,2200,3000,5200,28000,62000,63000,63000,52136,71,710.0,1566.688258040953,11.132536998047726,63135.54497599762,5758.524474451435
1783439739,500,,Aggregated,163.900000,0.200000,710,1000,1300,1500,2200,3000,5200,28000,62000,63000,63000,52300,71,710.0,1564.3936037294666,11.132536998047726,63135.54497599762,5758.982657743786
1783439740,500,,Aggregated,163.000000,0.100000,710,1000,1300,1500,2200,3000,5200,28000,62000,63000,63000,52456,71,710.0,1562.2606899670805,11.132536998047726,63135.54497599762,5760.6570268415435
1783439741,500,,Aggregated,162.100000,0.100000,710,1000,1300,1500,2200,3000,5100,28000,62000,63000,63000,52623,71,710.0,1560.4250413360912,11.132536998047726,63135.54497599762,5759.449328240503
1783439742,500,,Aggregated,162.000000,0.100000,710,1000,1300,1500,2200,3000,5100,28000,62000,63000,63000,52809,71,710.0,1558.0730156544728,11.132536998047726,63135.54497599762,5755.49516180954
1783439743,500,,Aggregated,160.700000,0.100000,710,1000,1300,1500,2200,3000,5000,28000,62000,63000,63000,52970,71,710.0,1555.5520411842192,11.132536998047726,63135.54497599762,5755.430658863507
1783439744,500,,Aggregated,161.200000,0.100000,710,1000,1300,1500,2100,3000,5000,28000,62000,63000,63000,53132,71,710.0,1552.9336146347064,11.132536998047726,63135.54497599762,5753.8446322366935
1783439745,500,,Aggregated,163.900000,0.100000,710,1000,1300,1500,2100,3000,5000,28000,62000,63000,63000,53301,71,710.0,1550.507246711867,11.132536998047726,63135.54497599762,5751.086170991163
1783439746,500,,Aggregated,168.300000,0.100000,710,1000,1300,1500,2100,3000,5000,28000,62000,63000,63000,53438,71,710.0,1548.689039105585,11.132536998047726,63135.54497599762,5751.677439275422
1783439747,500,,Aggregated,164.400000,0.100000,710,1000,1300,1500,2100,3000,5000,28000,62000,63000,63000,53654,71,710.0,1546.2698569766335,11.132536998047726,63135.54497599762,5752.811160398106
1783439748,500,,Aggregated,165.600000,0.100000,710,1000,1300,1500,2100,3000,5000,28000,62000,63000,63000,53830,71,710.0,1544.169098267533,11.132536998047726,63135.54497599762,5750.232658368939
1783439749,500,,Aggregated,163.900000,0.000000,710,1000,1300,1500,2100,3000,5000,28000,62000,63000,63000,53983,71,710.0,1542.2320390944258,11.132536998047726,63135.54497599762,5750.783116907174
1783439750,500,,Aggregated,163.600000,0.000000,710,1000,1300,1500,2100,3000,5000,28000,62000,63000,63000,54158,71,710.0,1539.6464180809382,11.132536998047726,63135.54497599762,5750.473688097788
1783439751,500,,Aggregated,165.300000,0.000000,710,1000,1300,1500,2100,3000,5000,28000,62000,63000,63000,54324,71,710.0,1537.2278888482708,11.132536998047726,63135.54497599762,5749.526121051469
1783439752,500,,Aggregated,163.300000,0.000000,710,1000,1300,1500,2100,3000,5000,28000,62000,63000,63000,54492,71,710.0,1534.9749177481192,11.132536998047726,63135.54497599762,5749.708654481392
1783439753,500,,Aggregated,165.500000,0.000000,710,1000,1300,1500,2100,3000,5000,28000,62000,63000,63000,54656,71,710.0,1532.9355306678974,11.132536998047726,63135.54497599762,5750.682011124121
1783439754,500,,Aggregated,165.600000,0.000000,710,1000,1300,1500,2100,3000,5000,28000,62000,63000,63000,54803,71,710.0,1531.079569353022,11.132536998047726,63135.54497599762,5752.844534058355
1783439755,500,,Aggregated,163.000000,0.000000,710,1000,1300,1500,2100,2900,5000,28000,62000,63000,63000,54997,71,710.0,1528.8868822074778,11.132536998047726,63135.54497599762,5748.358965034457
1783439756,500,,Aggregated,163.600000,0.000000,710,1000,1300,1500,2100,2900,5000,28000,62000,63000,63000,55164,71,710.0,1526.9002087505742,11.132536998047726,63135.54497599762,5750.871292872163
1783439757,500,,Aggregated,162.000000,0.000000,710,1000,1300,1500,2100,2900,5000,28000,62000,63000,63000,55340,71,710.0,1524.5992787661296,11.132536998047726,63135.54497599762,5751.848192988797
1783439758,500,,Aggregated,164.000000,0.000000,710,1000,1300,1500,2100,2900,5000,28000,62000,63000,63000,55517,71,710.0,1522.0518053939797,11.132536998047726,63135.54497599762,5752.4125222904695
1783439759,500,,Aggregated,165.500000,0.000000,710,1000,1300,1500,2100,2900,4900,28000,62000,63000,63000,55668,71,710.0,1520.2432357252912,11.132536998047726,63135.54497599762,5754.205054968743
1783439760,500,,Aggregated,167.100000,0.000000,710,1000,1300,1500,2100,2900,4900,28000,62000,63000,63000,55833,71,710.0,1517.8397797355963,11.132536998047726,63135.54497599762,5754.2578761664245
1783439761,500,,Aggregated,167.300000,0.000000,710,1000,1300,1500,2100,2900,4900,28000,62000,63000,63000,55985,72,710.0,1516.2483336710106,11.132536998047726,63135.54497599762,5755.032883808163
1783439763,500,,Aggregated,166.600000,0.000000,710,1000,1300,1500,2100,2900,4900,27000,62000,63000,63000,56147,72,710.0,1514.472796599063,11.132536998047726,63135.54497599762,5753.416460362976
1783439764,500,,Aggregated,164.700000,0.100000,710,1000,1300,1500,2100,2900,4900,27000,62000,63000,63000,56327,72,710.0,1512.676245255945,11.132536998047726,63135.54497599762,5752.2795462211725
1783439765,500,,Aggregated,164.300000,0.100000,710,1000,1300,1500,2100,2900,4900,27000,62000,63000,63000,56474,72,710.0,1510.8216921990231,11.132536998047726,63135.54497599762,5754.612511952403
1783439766,500,,Aggregated,166.200000,0.100000,710,1000,1300,1500,2100,2900,4900,27000,62000,63000,63000,56624,72,710.0,1509.1222098344451,11.132536998047726,63135.54497599762,5756.010967081096
1783439767,500,,Aggregated,166.200000,0.100000,710,1000,1300,1500,2100,2900,4800,27000,62000,63000,63000,56782,72,710.0,1507.8370724754966,11.132536998047726,63135.54497599762,5757.210700574125
1783439768,500,,Aggregated,161.700000,0.100000,710,1000,1300,1500,2100,2900,4800,27000,62000,63000,63000,56944,73,710.0,1506.5713895794206,11.132536998047726,63135.54497599762,5757.505777606069
1783439769,500,,Aggregated,161.000000,0.100000,710,1000,1300,1500,2100,2900,4800,27000,62000,63000,63000,57100,73,710.0,1505.166810535086,11.132536998047726,63135.54497599762,5758.901523642732
1783439770,500,,Aggregated,159.400000,0.200000,710,1000,1300,1500,2100,2900,4800,27000,62000,63000,63000,57269,73,710.0,1503.7469189490878,11.132536998047726,63135.54497599762,5760.544727514013
1783439771,500,,Aggregated,157.800000,0.200000,710,1000,1300,1500,2100,2900,4800,27000,62000,63000,63000,57425,73,710.0,1502.3004805127432,11.132536998047726,63135.54497599762,5762.88060949064
1783439772,500,,Aggregated,159.000000,0.200000,710,1000,1300,1500,2100,2900,4800,27000,62000,63000,63000,57589,74,710.0,1500.7570306585164,11.132536998047726,63135.54497599762,5760.7983469065275
1783439773,500,,Aggregated,158.300000,0.200000,710,1000,1300,1500,2100,2900,4800,27000,62000,63000,63000,57751,74,710.0,1499.34355531001,11.132536998047726,63135.54497599762,5760.493896209589
1783439774,500,,Aggregated,159.600000,0.200000,710,1000,1300,1500,2100,2900,4800,27000,62000,63000,63000,57915,74,710.0,1497.7407680354027,11.132536998047726,63135.54497599762,5761.0553397220065
1783439775,500,,Aggregated,159.600000,0.200000,710,1000,1300,1500,2100,2900,4700,27000,62000,63000,63000,58088,74,710.0,1495.5676731398792,11.132536998047726,63135.54497599762,5758.736382729651
1783439776,500,,Aggregated,157.600000,0.200000,710,1000,1300,1500,2100,2900,4700,27000,62000,63000,63000,58253,74,710.0,1493.7341703497195,11.132536998047726,63135.54497599762,5760.080116045526
1783439777,500,,Aggregated,160.100000,0.200000,710,1000,1300,1500,2100,2900,4700,27000,62000,63000,63000,58405,74,710.0,1491.9744025439973,11.132536998047726,63135.54497599762,5760.968906771681
1783439778,500,,Aggregated,161.100000,0.200000,710,1000,1300,1500,2100,2900,4700,27000,62000,63000,63000,58572,74,710.0,1490.030815278207,11.132536998047726,63135.54497599762,5759.322816362767
1783439779,500,,Aggregated,161.300000,0.200000,710,1000,1300,1500,2100,2900,4700,27000,62000,63000,63000,58756,74,710.0,1488.3021513772385,11.132536998047726,63135.54497599762,5757.79802913745
1783439780,500,,Aggregated,162.200000,0.100000,700,1000,1300,1500,2100,2900,4700,27000,62000,63000,63000,58924,74,700.0,1486.1725628861423,11.132536998047726,63135.54497599762,5757.979583870749
1783439781,500,,Aggregated,164.200000,0.100000,700,1000,1300,1500,2100,2900,4700,27000,62000,63000,63000,59103,74,700.0,1484.0078229592925,11.132536998047726,63135.54497599762,5756.557687427035
1783439782,500,,Aggregated,164.600000,0.100000,700,1000,1300,1500,2100,2900,4700,27000,62000,63000,63000,59355,74,700.0,1481.4741189255533,11.132536998047726,63135.54497599762,5757.707910032853
1783439783,500,,Aggregated,166.200000,0.100000,700,1000,1300,1500,2100,2900,4600,27000,62000,63000,63000,59518,74,700.0,1479.5798932406033,11.132536998047726,63135.54497599762,5758.28046977385
1783439784,500,,Aggregated,165.300000,0.000000,700,1000,1300,1500,2100,2900,4600,27000,62000,63000,63000,59678,74,700.0,1477.7362448079389,11.132536998047726,63135.54497599762,5761.286789101511
1783439786,500,,Aggregated,165.100000,0.000000,700,1000,1300,1500,2100,2900,4600,27000,62000,63000,63000,59821,74,700.0,1476.002648529949,11.132536998047726,63135.54497599762,5763.370120860567
1783439787,500,,Aggregated,165.000000,0.000000,700,1000,1300,1500,2100,2900,4600,27000,62000,63000,63000,60029,74,700.0,1474.1550741749177,11.132536998047726,63135.54497599762,5763.899581868764
1783439788,500,,Aggregated,158.900000,0.000000,700,1000,1300,1500,2100,2900,4600,27000,62000,63000,63000,60210,74,700.0,1472.2855402248474,11.132536998047726,63135.54497599762,5762.474904500914
1783439789,500,,Aggregated,163.100000,0.000000,700,1000,1300,1500,2100,2900,4600,27000,62000,63000,63000,60370,74,700.0,1470.6428560120423,11.132536998047726,63135.54497599762,5762.254116282922
1783439790,500,,Aggregated,164.600000,0.000000,700,1000,1300,1500,2100,2900,4600,27000,62000,63000,63000,60530,74,700.0,1468.7290232610287,11.132536998047726,63135.54497599762,5764.175962332728
1783439791,500,,Aggregated,162.700000,0.000000,700,1000,1300,1500,2100,2900,4600,27000,62000,63000,63000,60700,74,700.0,1467.2483806765722,11.132536998047726,63135.54497599762,5762.508698517298
1783439792,500,,Aggregated,161.500000,0.000000,700,1000,1300,1500,2100,2900,4600,27000,62000,63000,63000,60853,74,700.0,1465.942422705419,11.132536998047726,63135.54497599762,5761.780651734508
1783439793,500,,Aggregated,161.000000,0.000000,700,1000,1300,1400,2100,2900,4600,27000,62000,63000,63000,61017,74,700.0,1464.2861555663644,11.132536998047726,63135.54497599762,5763.365324417785
1783439794,500,,Aggregated,161.000000,0.000000,700,1000,1300,1400,2100,2900,4500,27000,62000,63000,63000,61172,75,700.0,1462.9800465687213,11.132536998047726,63135.54497599762,5763.58428692866
1783439795,500,,Aggregated,161.400000,0.000000,700,1000,1300,1400,2100,2900,4500,26000,62000,63000,63000,61335,75,700.0,1461.870748387248,11.132536998047726,63135.54497599762,5767.805543327627
1783439796,500,,Aggregated,160.900000,0.100000,700,1000,1300,1400,2100,2900,4500,26000,62000,63000,63000,61498,75,700.0,1460.2715933303512,11.132536998047726,63135.54497599762,5765.534781618914
1783439797,500,,Aggregated,160.100000,0.100000,700,1000,1300,1400,2100,2900,4500,26000,62000,63000,63000,61664,75,700.0,1458.7013097458155,11.132536998047726,63135.54497599762,5764.29861831863
1783439798,500,,Aggregated,166.100000,0.100000,700,1000,1300,1400,2100,2900,4500,26000,62000,63000,63000,61820,75,700.0,1457.2261441884834,11.132536998047726,63135.54497599762,5765.480168230346
1783439799,500,,Aggregated,163.000000,0.100000,700,1000,1300,1400,2100,2900,4500,26000,62000,63000,63000,61951,75,700.0,1455.901292993656,11.132536998047726,63135.54497599762,5766.438039741086
1783439800,500,,Aggregated,160.000000,0.100000,700,1000,1300,1400,2100,2900,4500,26000,62000,63000,63000,62184,75,700.0,1453.9665030251192,11.132536998047726,63135.54497599762,5767.557571079377
1783439801,500,,Aggregated,158.400000,0.100000,700,1000,1300,1400,2100,2900,4500,26000,62000,63000,63000,62359,75,700.0,1452.2621751041231,11.132536998047726,63135.54497599762,5769.375727641559
1783439802,500,,Aggregated,161.800000,0.100000,700,1000,1200,1400,2100,2800,4500,26000,62000,63000,63000,62516,75,700.0,1450.4420721679412,11.132536998047726,63135.54497599762,5769.333626591592
1783439803,500,,Aggregated,162.600000,0.100000,700,1000,1200,1400,2100,2800,4500,26000,62000,63000,63000,62684,75,700.0,1448.9863201024182,11.132536998047726,63135.54497599762,5768.0107363920615
1783439804,500,,Aggregated,161.600000,0.100000,700,1000,1200,1400,2100,2800,4400,26000,62000,63000,63000,62855,75,700.0,1447.3942006107711,11.132536998047726,63135.54497599762,5766.042446901599
1783439805,500,,Aggregated,163.100000,0.100000,700,1000,1200,1400,2100,2800,4400,26000,62000,63000,63000,63017,75,700.0,1445.8153895061662,11.132536998047726,63135.54497599762,5766.347890251836
1783439806,500,,Aggregated,164.700000,0.000000,700,1000,1200,1400,2100,2800,4400,26000,62000,63000,63000,63201,75,700.0,1444.1702541623392,11.132536998047726,63135.54497599762,5766.18445910666
1783439807,500,,Aggregated,163.800000,0.000000,700,1000,1200,1400,2100,2800,4400,26000,62000,63000,63000,63355,75,700.0,1442.701993256492,11.132536998047726,63135.54497599762,5765.221182227133
1783439808,500,,Aggregated,164.900000,0.000000,700,1000,1200,1400,2100,2800,4400,25000,62000,63000,63000,63519,75,700.0,1441.2533742972794,11.132536998047726,63135.54497599762,5764.59397975409
1783439809,500,,Aggregated,163.400000,0.000000,700,1000,1200,1400,2100,2800,4400,25000,62000,63000,63000,63694,75,700.0,1439.885363373172,11.132536998047726,63135.54497599762,5767.499262096901
1783439810,500,,Aggregated,164.400000,0.000000,700,1000,1200,1400,2100,2800,4400,25000,62000,63000,63000,63875,75,700.0,1437.9339884619308,11.132536998047726,63135.54497599762,5767.86301369863
1783439811,500,,Aggregated,166.600000,0.000000,700,1000,1200,1400,2100,2800,4400,25000,62000,63000,63000,64020,75,700.0,1436.1580100756134,11.132536998047726,63135.54497599762,5770.463573883161
1783439812,500,,Aggregated,165.300000,0.000000,700,1000,1200,1400,2100,2800,4400,25000,62000,63000,63000,64169,75,700.0,1434.577038871508,11.132536998047726,63135.54497599762,5770.7139896211565
1783439813,500,,Aggregated,164.400000,0.000000,700,1000,1200,1400,2100,2800,4400,25000,62000,63000,63000,64339,75,700.0,1433.513902354383,11.132536998047726,63135.54497599762,5771.886958143583
1783439814,500,,Aggregated,163.700000,0.000000,700,1000,1200,1400,2100,2800,4400,25000,62000,63000,63000,64508,76,700.0,1432.399073818329,11.132536998047726,63135.54497599762,5771.073928815031
1783439815,500,,Aggregated,156.100000,0.000000,700,1000,1200,1400,2100,2800,4400,25000,62000,63000,63000,64660,76,700.0,1431.1660413197164,11.132536998047726,63135.54497599762,5773.157485307764
1783439816,500,,Aggregated,161.200000,0.000000,700,1000,1200,1400,2100,2800,4400,25000,62000,63000,63000,64826,76,700.0,1429.858735187238,11.132536998047726,63135.54497599762,5775.441859747632
1783439817,500,,Aggregated,161.800000,0.100000,700,990,1200,1400,2100,2800,4400,25000,62000,63000,63000,64987,76,700.0,1428.3613619250139,11.132536998047726,63135.54497599762,5776.594580454553
1783439818,500,,Aggregated,160.700000,0.100000,700,990,1200,1400,2100,2800,4400,25000,62000,63000,63000,65135,76,700.0,1427.375091656527,11.132536998047726,63135.54497599762,5777.877592692101
1783439819,500,,Aggregated,162.400000,0.100000,700,990,1200,1400,2100,2800,4400,25000,62000,63000,63000,65303,76,700.0,1426.2624553901485,11.132536998047726,63135.54497599762,5777.9074315115695
1783439820,500,,Aggregated,161.100000,0.100000,700,990,1200,1400,2100,2800,4300,25000,62000,63000,63000,65482,76,700.0,1424.9833937299559,11.132536998047726,63135.54497599762,5776.378439876607
1783439821,500,,Aggregated,159.700000,0.100000,700,990,1200,1400,2100,2800,4300,24000,62000,63000,63000,65641,76,700.0,1423.4693153800358,11.132536998047726,63135.54497599762,5776.112475434561
1783439822,500,,Aggregated,159.400000,0.100000,700,990,1200,1400,2100,2800,4300,24000,62000,63000,63000,65804,76,700.0,1421.958417833763,11.132536998047726,63135.54497599762,5775.178439000669
1783439823,500,,Aggregated,160.400000,0.100000,700,990,1200,1400,2100,2800,4300,24000,62000,63000,63000,65978,76,700.0,1420.3472600452278,11.132536998047726,63135.54497599762,5776.7215738579525
1783439824,500,,Aggregated,161.500000,0.100000,700,990,1200,1400,2100,2800,4300,23000,62000,63000,63000,66147,76,700.0,1419.0323282048769,11.132536998047726,63135.54497599762,5776.656537711461
1783439825,500,,Aggregated,168.200000,0.100000,700,990,1200,1400,2100,2800,4300,23000,62000,63000,63000,66305,76,700.0,1417.59306519929,11.132536998047726,63135.54497599762,5776.447371993062
1783439826,500,,Aggregated,162.800000,0.100000,700,990,1200,1400,2100,2800,4300,23000,62000,63000,63000,66466,76,700.0,1416.6137256442692,11.132536998047726,63135.54497599762,5775.739551048657
1783439827,500,,Aggregated,164.700000,0.000000,700,990,1200,1400,2100,2800,4300,23000,62000,63000,63000,66624,76,700.0,1415.107945931976,11.132536998047726,63135.54497599762,5775.783996757925
1783439828,500,,Aggregated,163.700000,0.000000,700,990,1200,1400,2100,2800,4300,23000,62000,63000,63000,66780,76,700.0,1413.8048856559728,11.132536998047726,63135.54497599762,5774.489802336028
1783439829,500,,Aggregated,162.900000,0.000000,700,990,1200,1400,2100,2800,4300,23000,62000,63000,63000,66941,76,700.0,1412.5927991000265,11.132536998047726,63135.54497599762,5777.377810310572
1783439830,500,,Aggregated,162.900000,0.000000,700,990,1200,1400,2100,2800,4300,23000,62000,63000,63000,67113,77,700.0,1411.1300159855452,11.132536998047726,63135.54497599762,5777.540968217782
1783439831,500,,Aggregated,163.400000,0.000000,700,990,1200,1400,2100,2800,4300,23000,62000,63000,63000,67275,77,700.0,1409.9529402410244,11.132536998047726,63135.54497599762,5778.779561501301
1783439832,500,,Aggregated,162.300000,0.000000,700,990,1200,1400,2100,2800,4300,23000,62000,63000,63000,67428,77,700.0,1408.763086735553,11.132536998047726,63135.54497599762,5779.769487453284
1783439833,500,,Aggregated,161.500000,0.100000,700,990,1200,1400,2100,2800,4300,23000,62000,63000,63000,67586,77,700.0,1407.7582328234826,11.132536998047726,63135.54497599762,5781.233687450063
1783439834,500,,Aggregated,162.800000,0.100000,700,990,1200,1400,2100,2800,4300,23000,62000,63000,63000,67757,78,700.0,1406.809226204376,11.132536998047726,63135.54497599762,5779.894446330269
1783439835,500,,Aggregated,160.100000,0.100000,700,990,1200,1400,2100,2800,4300,23000,62000,63000,63000,67932,78,700.0,1405.4151418708395,11.132536998047726,63135.54497599762,5778.108181711123
1783439836,500,,Aggregated,161.400000,0.100000,700,990,1200,1400,2100,2800,4200,23000,62000,63000,63000,68100,78,700.0,1404.037659108514,11.132536998047726,63135.54497599762,5778.032099853157
1783439837,500,,Aggregated,159.200000,0.200000,700,990,1200,1400,2100,2800,4200,23000,62000,63000,63000,68250,78,700.0,1402.7262605045694,11.132536998047726,63135.54497599762,5778.106227106227
1783439838,500,,Aggregated,161.200000,0.200000,700,990,1200,1400,2100,2800,4200,23000,62000,63000,63000,68419,79,700.0,1401.5975787423943,11.132536998047726,63135.54497599762,5778.294128823864
1783439839,500,,Aggregated,161.300000,0.200000,700,990,1200,1400,2100,2800,4200,23000,62000,63000,63000,68575,79,700.0,1400.5369786593196,11.132536998047726,63135.54497599762,5777.627254830478
1783439840,500,,Aggregated,162.400000,0.300000,700,990,1200,1400,2100,2800,4200,23000,62000,63000,63000,68716,79,700.0,1399.5383282182286,11.132536998047726,63135.54497599762,5777.563900692706
1783439843,500,,Aggregated,153.900000,0.200000,700,990,1200,1400,2100,2800,4200,23000,62000,63000,63000,68949,79,700.0,1401.7629177358176,11.132536998047726,63135.54497599762,5777.2218451319095
1783439844,500,,Aggregated,137.600000,0.200000,700,1000,1200,1400,2100,2800,4200,23000,62000,63000,63000,69143,79,700.0,1401.3307127160938,11.132536998047726,63135.54497599762,5781.399852479643
1783439845,500,,Aggregated,138.000000,0.200000,700,1000,1200,1400,2100,2800,4200,23000,62000,63000,63000,69310,79,700.0,1400.9900351444376,11.132536998047726,63135.54497599762,5779.726374260568
1783439846,500,,Aggregated,139.400000,0.200000,700,1000,1200,1400,2100,2800,4200,23000,62000,63000,63000,69488,79,700.0,1399.2702787006815,11.132536998047726,63135.54497599762,5776.100621690076
1783439847,500,,Aggregated,140.500000,0.100000,700,1000,1200,1400,2100,2800,4200,23000,62000,63000,63000,69661,79,700.0,1397.4506580905236,11.132536998047726,63135.54497599762,5775.117052583225
1783439848,500,,Aggregated,141.300000,0.100000,700,990,1200,1400,2100,2800,4200,22000,62000,63000,63000,69844,79,700.0,1395.4824931041762,11.132536998047726,63135.54497599762,5774.301285722468
1783439849,500,,Aggregated,142.400000,0.100000,700,990,1200,1400,2100,2800,4200,21000,62000,63000,63000,69998,79,700.0,1393.9765933409253,11.132536998047726,63135.54497599762,5774.467670504871
1783439850,500,,Aggregated,143.200000,0.000000,700,990,1200,1400,2100,2800,4200,19000,62000,63000,63000,70160,79,700.0,1392.4500071758443,11.132536998047726,63135.54497599762,5775.075598631699
1783439851,500,,Aggregated,145.600000,0.000000,700,990,1200,1400,2100,2800,4200,19000,62000,63000,63000,70331,79,700.0,1391.0382014992724,11.132536998047726,63135.54497599762,5773.37246733304
1783439852,500,,Aggregated,144.300000,0.000000,700,990,1200,1400,2100,2800,4200,19000,62000,63000,63000,70480,80,700.0,1390.0213084068141,11.132536998047726,63135.54497599762,5775.387925652667
1783439853,500,,Aggregated,151.900000,0.000000,700,990,1200,1400,2100,2800,4200,18000,62000,63000,63000,70659,81,700.0,1388.6928498841376,11.132536998047726,63135.54497599762,5773.828160602329
1783439854,500,,Aggregated,168.500000,0.000000,700,990,1200,1400,2100,2800,4200,18000,62000,63000,63000,70832,81,700.0,1387.4962374833312,11.132536998047726,63135.54497599762,5771.290348994805
1783439855,500,,Aggregated,170.000000,0.100000,700,990,1200,1400,2100,2800,4200,18000,62000,63000,63000,70997,82,700.0,1386.0628193361451,11.132536998047726,63135.54497599762,5770.227911038494
1783439856,500,,Aggregated,168.100000,0.200000,700,990,1200,1400,2100,2800,4200,18000,62000,63000,63000,71147,82,700.0,1384.953754971514,11.132536998047726,63135.54497599762,5770.742097347745
1783439857,500,,Aggregated,168.400000,0.200000,700,990,1200,1400,2100,2800,4200,18000,62000,63000,63000,71326,82,700.0,1383.421244644915,11.132536998047726,63135.54497599762,5769.127723410818
1783439858,500,,Aggregated,164.300000,0.300000,700,990,1200,1400,2100,2800,4100,18000,62000,63000,63000,71478,82,700.0,1382.1634875411203,11.132536998047726,63135.54497599762,5771.679020118078
1783439859,500,,Aggregated,164.800000,0.300000,700,990,1200,1400,2100,2700,4100,18000,62000,63000,63000,71650,82,700.0,1380.8691996905266,11.132536998047726,63135.54497599762,5772.409895324494
1783439860,500,,Aggregated,164.800000,0.300000,700,990,1200,1400,2100,2700,4100,18000,62000,63000,63000,71822,82,700.0,1379.476180427436,11.132536998047726,63135.54497599762,5770.757845785414
1783439863,500,,Aggregated,158.700000,0.300000,700,990,1200,1400,2100,2800,4100,18000,62000,63000,63000,72029,82,700.0,1380.8100049194402,11.132536998047726,63135.54497599762,5768.7443252023495
1783439864,500,,Aggregated,142.100000,0.300000,700,990,1200,1400,2100,2800,4100,17000,62000,63000,63000,72207,82,700.0,1380.396411987775,11.132536998047726,63135.54497599762,5771.643677205811
1783439865,500,,Aggregated,138.900000,0.200000,700,1000,1200,1400,2100,2800,4100,17000,62000,63000,63000,72375,82,700.0,1380.8042075189676,11.132536998047726,63135.54497599762,5772.090804835924
1783439866,500,,Aggregated,138.400000,0.100000,700,990,1200,1400,2100,2800,4100,17000,62000,63000,63000,72599,82,700.0,1379.281825979632,11.132536998047726,63135.54497599762,5771.0244769211695
1783439867,500,,Aggregated,138.100000,0.100000,700,990,1200,1400,2100,2800,4100,17000,62000,63000,63000,72768,83,700.0,1377.7760028832508,11.132536998047726,63135.54497599762,5769.254425021988
1783439868,500,,Aggregated,141.900000,0.000000,700,990,1200,1400,2100,2800,4100,17000,62000,63000,63000,72939,83,700.0,1376.2710757625737,11.132536998047726,63135.54497599762,5768.593153182796
1783439869,500,,Aggregated,140.500000,0.000000,700,990,1200,1400,2100,2800,4100,17000,62000,63000,63000,73124,83,700.0,1374.4767202108242,11.132536998047726,63135.54497599762,5767.698922378426
1783439870,500,,Aggregated,141.100000,0.100000,700,990,1200,1400,2100,2700,4100,17000,62000,63000,63000,73266,83,700.0,1373.5155438033107,11.132536998047726,63135.54497599762,5768.594736985778
1783439871,500,,Aggregated,141.300000,0.100000,700,990,1200,1400,2100,2700,4100,17000,62000,63000,63000,73436,83,700.0,1371.9084987256438,11.132536998047726,63135.54497599762,5770.271038727599
1783439872,500,,Aggregated,143.300000,0.100000,700,990,1200,1400,2100,2700,4100,17000,62000,63000,63000,73596,84,700.0,1370.8004699372166,11.132536998047726,63135.54497599762,5769.373145279635
1783439873,500,,Aggregated,147.700000,0.100000,700,990,1200,1400,2100,2700,4100,17000,62000,63000,63000,73767,84,700.0,1369.548447480151,11.132536998047726,63135.54497599762,5767.968658072037
1783439874,500,,Aggregated,164.400000,0.100000,700,990,1200,1400,2100,2700,4100,17000,62000,63000,63000,73938,84,700.0,1368.1713990825315,11.132536998047726,63135.54497599762,5768.207863344965
1783439875,500,,Aggregated,166.800000,0.200000,700,990,1200,1400,2100,2700,4100,17000,62000,63000,63000,74111,84,700.0,1366.8633839249107,11.132536998047726,63135.54497599762,5766.282090377947
1783439876,500,,Aggregated,166.900000,0.200000,700,990,1200,1400,2100,2700,4100,17000,62000,63000,63000,74266,84,700.0,1365.4710570204543,11.132536998047726,63135.54497599762,5768.487235073923
1783439877,500,,Aggregated,167.200000,0.200000,700,990,1200,1400,2100,2700,4100,17000,62000,63000,63000,74438,84,700.0,1364.0868336412193,11.132536998047726,63135.54497599762,5767.809908917488
1783439878,500,,Aggregated,167.000000,0.200000,700,990,1200,1400,2100,2700,4100,16000,62000,63000,63000,74606,84,700.0,1362.7401426431531,11.132536998047726,63135.54497599762,5768.5322896281805
1783439879,500,,Aggregated,165.900000,0.200000,700,990,1200,1400,2100,2700,4100,16000,62000,63000,63000,74766,84,700.0,1361.3850356748942,11.132536998047726,63135.54497599762,5770.530294518899
1783439880,500,,Aggregated,166.000000,0.100000,700,990,1200,1400,2100,2700,4100,16000,62000,63000,63000,74921,84,700.0,1360.155848361451,11.132536998047726,63135.54497599762,5772.438301677767
1783439881,500,,Aggregated,165.500000,0.100000,700,990,1200,1400,2100,2700,4100,16000,62000,63000,63000,75093,84,700.0,1359.1756204532949,11.132536998047726,63135.54497599762,5771.690676893984
1783439882,500,,Aggregated,163.500000,0.100000,700,990,1200,1400,2100,2700,4100,16000,62000,63000,63000,75259,84,700.0,1358.4163325856077,11.132536998047726,63135.54497599762,5769.81232809365
1783439883,500,,Aggregated,163.900000,0.100000,700,990,1200,1400,2100,2700,4100,16000,62000,63000,63000,75421,84,700.0,1357.3845505067848,11.132536998047726,63135.54497599762,5770.018098407605
1783439884,500,,Aggregated,164.200000,0.100000,700,990,1200,1400,2100,2700,4100,16000,62000,63000,63000,75522,84,700.0,1356.6131101731712,11.132536998047726,63135.54497599762,5769.426617409496
1783439886,500,,Aggregated,165.400000,0.000000,700,990,1200,1400,2100,2700,4000,16000,62000,63000,63000,75745,84,700.0,1355.4519458733282,11.132536998047726,63135.54497599762,5769.764921777015
1783439887,500,,Aggregated,156.100000,0.000000,700,990,1200,1400,2100,2700,4000,16000,62000,63000,63000,75920,84,700.0,1354.3849103727234,11.132536998047726,63135.54497599762,5770.0951527924135
1783439888,500,,Aggregated,161.400000,0.000000,700,990,1200,1400,2100,2700,4000,16000,62000,63000,63000,76086,84,700.0,1353.05100332524,11.132536998047726,63135.54497599762,5769.900638750887
1783439889,500,,Aggregated,163.300000,0.000000,700,990,1200,1400,2100,2700,4000,16000,62000,63000,63000,76256,84,700.0,1351.8505996269562,11.132536998047726,63135.54497599762,5769.591402643727
1783439890,500,,Aggregated,162.000000,0.000000,700,990,1200,1400,2000,2700,4000,16000,62000,63000,63000,76435,84,700.0,1350.3254718167093,11.132536998047726,63135.54497599762,5768.9529927389285
1783439891,500,,Aggregated,162.600000,0.000000,700,990,1200,1400,2000,2700,4000,16000,62000,63000,63000,76591,84,700.0,1349.2465240225247,11.132536998047726,63135.54497599762,5769.901842253006
1783439892,500,,Aggregated,164.900000,0.000000,700,990,1200,1400,2000,2700,4000,16000,62000,63000,63000,76743,84,700.0,1348.1554083286844,11.132536998047726,63135.54497599762,5771.564129627458
1783439893,500,,Aggregated,165.000000,0.000000,700,990,1200,1400,2000,2700,4000,16000,62000,63000,63000,76898,84,700.0,1347.3797302462126,11.132536998047726,63135.54497599762,5771.553408411142
1783439894,500,,Aggregated,163.000000,0.000000,700,990,1200,1400,2000,2700,4000,15000,62000,63000,63000,77063,84,700.0,1346.634677548789,11.132536998047726,63135.54497599762,5770.4596109676495
1783439895,500,,Aggregated,161.500000,0.000000,700,990,1200,1400,2000,2700,4000,15000,62000,63000,63000,77231,84,700.0,1345.6925340351715,11.132536998047726,63135.54497599762,5769.859836076187
1783439896,500,,Aggregated,161.800000,0.000000,700,990,1200,1400,2000,2700,4000,15000,62000,63000,63000,77421,84,700.0,1344.5111603998564,11.132536998047726,63135.54497599762,5767.294842484597
1783439897,500,,Aggregated,169.500000,0.000000,700,990,1200,1400,2000,2700,4000,14000,62000,63000,63000,77575,84,700.0,1343.2590416048504,11.132536998047726,63135.54497599762,5767.67534643893
1783439898,500,,Aggregated,166.400000,0.000000,700,980,1200,1400,2000,2700,4000,13000,62000,63000,63000,77742,84,700.0,1341.924003206327,11.132536998047726,63135.54497599762,5768.4271050397465
1783439899,500,,Aggregated,164.600000,0.000000,700,980,1200,1400,2000,2700,4000,13000,62000,63000,63000,77885,84,700.0,1341.0900336197117,11.132536998047726,63135.54497599762,5767.586236117352
1783439900,500,,Aggregated,164.300000,0.000000,700,980,1200,1400,2000,2700,4000,13000,62000,63000,63000,78110,84,700.0,1339.9059816019355,11.132536998047726,63135.54497599762,5767.003687107925
1783439901,500,,Aggregated,163.000000,0.000000,700,980,1200,1400,2000,2700,4000,13000,62000,63000,63000,78292,84,700.0,1338.5986147115184,11.132536998047726,63135.54497599762,5766.893846114545
1783439902,500,,Aggregated,161.700000,0.000000,700,980,1200,1400,2000,2700,4000,12000,62000,63000,63000,78436,84,700.0,1337.6507364038607,11.132536998047726,63135.54497599762,5767.397202815034
1783439903,500,,Aggregated,162.900000,0.000000,700,980,1200,1400,2000,2700,4000,12000,62000,63000,63000,78574,84,700.0,1336.7667425165096,11.132536998047726,63135.54497599762,5768.006223432688
1783439904,500,,Aggregated,163.500000,0.000000,700,980,1200,1400,2000,2700,4000,12000,62000,63000,63000,78743,84,700.0,1336.1735599343199,11.132536998047726,63135.54497599762,5769.7632297474065
1783439905,500,,Aggregated,162.100000,0.000000,700,990,1200,1400,2000,2700,4000,12000,62000,63000,63000,78912,84,700.0,1335.6098569558008,11.132536998047726,63135.54497599762,5770.399939172749
1783439906,500,,Aggregated,160.800000,0.000000,700,990,1200,1400,2000,2700,4000,12000,62000,63000,63000,79095,84,700.0,1334.7446455494796,11.132536998047726,63135.54497599762,5768.318186990328
1783439907,500,,Aggregated,162.000000,0.000000,700,980,1200,1400,2000,2700,4000,12000,62000,63000,63000,79264,85,700.0,1333.5223727342689,11.132536998047726,63135.54497599762,5768.577765442067
1783439908,500,,Aggregated,160.800000,0.000000,700,980,1200,1400,2000,2700,4000,12000,62000,63000,63000,79436,85,700.0,1332.2883258150596,11.132536998047726,63135.54497599762,5767.922503650738
1783439909,500,,Aggregated,162.400000,0.100000,700,980,1200,1400,2000,2700,4000,12000,62000,63000,63000,79594,85,700.0,1331.0635106997265,11.132536998047726,63135.54497599762,5768.221046812574
1783439910,500,,Aggregated,162.700000,0.100000,690,980,1200,1400,2000,2700,4000,12000,62000,63000,63000,79760,86,690.0,1329.717237726178,11.132536998047726,63135.54497599762,5768.109265295888
1783439912,500,,Aggregated,163.300000,0.100000,700,980,1200,1400,2000,2700,4000,12000,62000,63000,63000,80005,87,700.0,1328.9665315622892,11.132536998047726,63135.54497599762,5771.011011811762
1783439913,500,,Aggregated,154.300000,0.200000,700,980,1200,1400,2000,2700,3900,12000,62000,63000,63000,80153,87,700.0,1328.1148926803219,11.132536998047726,63135.54497599762,5771.116053048545
1783439914,500,,Aggregated,162.900000,0.300000,700,980,1200,1400,2000,2700,3900,12000,62000,63000,63000,80317,87,700.0,1327.5306599626208,11.132536998047726,63135.54497599762,5769.90988209221
1783439915,500,,Aggregated,163.900000,0.300000,700,980,1200,1400,2000,2700,3900,12000,62000,63000,63000,80484,87,700.0,1326.5221680695392,11.132536998047726,63135.54497599762,5768.638872322449
1783439916,500,,Aggregated,164.500000,0.300000,700,980,1200,1400,2000,2700,3900,12000,62000,63000,63000,80637,87,700.0,1325.6679735048278,11.132536998047726,63135.54497599762,5769.68225504421
1783439917,500,,Aggregated,163.800000,0.300000,700,980,1200,1400,2000,2700,3900,12000,62000,63000,63000,80792,87,700.0,1324.8572960899085,11.132536998047726,63135.54497599762,5772.424435587682
1783439918,500,,Aggregated,161.100000,0.300000,700,980,1200,1400,2000,2700,3900,11000,62000,63000,63000,80942,87,700.0,1323.9470421368624,11.132536998047726,63135.54497599762,5774.820006918534
1783439919,500,,Aggregated,159.700000,0.200000,700,980,1200,1400,2000,2700,3900,11000,61000,63000,63000,81122,87,700.0,1323.2084642528139,11.132536998047726,63135.54497599762,5775.499963018663
1783439920,500,,Aggregated,157.900000,0.200000,700,980,1200,1400,2000,2700,3900,11000,61000,63000,63000,81292,87,700.0,1322.304451472627,11.132536998047726,63135.54497599762,5776.869347537273
1783439921,500,,Aggregated,158.300000,0.200000,700,980,1200,1400,2000,2700,3900,11000,61000,63000,63000,81466,87,700.0,1321.3060162982806,11.132536998047726,63135.54497599762,5777.389831340682
1783439922,500,,Aggregated,159.700000,0.200000,690,980,1200,1400,2000,2700,3900,10000,61000,63000,63000,81636,87,690.0,1319.9577432975987,11.132536998047726,63135.54497599762,5776.7647361458185
1783439923,500,,Aggregated,169.100000,0.100000,690,980,1200,1400,2000,2700,3900,10000,61000,63000,63000,81770,87,690.0,1318.9272849107108,11.132536998047726,63135.54497599762,5777.951436957319
1783439924,500,,Aggregated,162.300000,0.000000,690,980,1200,1400,2000,2700,3900,9400,61000,63000,63000,81935,87,690.0,1318.1826622179012,11.132536998047726,63135.54497599762,5776.116616830414
1783439925,500,,Aggregated,161.200000,0.000000,700,980,1200,1400,2000,2700,3900,9200,61000,63000,63000,82094,87,700.0,1317.7098655736806,11.132536998047726,63135.54497599762,5776.67585938071
1783439926,500,,Aggregated,161.000000,0.000000,700,980,1200,1400,2000,2700,3900,8300,61000,63000,63000,82263,87,700.0,1317.1426611029838,11.132536998047726,63135.54497599762,5776.769945175838
1783439927,500,,Aggregated,159.700000,0.000000,700,980,1200,1400,2000,2700,3900,7800,61000,63000,63000,82417,87,700.0,1316.4722818902137,11.132536998047726,63135.54497599762,5778.084327262579
1783439928,500,,Aggregated,160.900000,0.000000,700,980,1200,1400,2000,2700,3900,7700,61000,63000,63000,82574,87,700.0,1316.0652011503355,11.132536998047726,63135.54497599762,5779.64107346138
1783439929,500,,Aggregated,160.600000,0.000000,700,980,1200,1400,2000,2700,3900,7300,61000,63000,63000,82745,87,700.0,1315.192277559125,11.132536998047726,63135.54497599762,5780.587249984894
1783439930,500,,Aggregated,157.800000,0.000000,700,980,1200,1400,2000,2700,3900,7100,61000,63000,63000,82904,87,700.0,1314.4694317872577,11.132536998047726,63135.54497599762,5779.9047573096595
1783439931,500,,Aggregated,160.300000,0.000000,700,980,1200,1400,2000,2700,3900,6900,61000,63000,63000,83090,87,700.0,1313.5818852479085,11.132536998047726,63135.54497599762,5778.998266939463
1783439932,500,,Aggregated,159.600000,0.000000,700,980,1200,1400,2000,2700,3900,6900,61000,63000,63000,83260,87,700.0,1312.5535530276575,11.132536998047726,63135.54497599762,5777.867511410041
1783439933,500,,Aggregated,158.400000,0.000000,700,980,1200,1400,2000,2700,3900,6800,61000,63000,63000,83412,87,700.0,1311.4472850589334,11.132536998047726,63135.54497599762,5778.614899534839
1783439934,500,,Aggregated,158.400000,0.000000,700,980,1200,1400,2000,2700,3900,6700,61000,63000,63000,83578,87,700.0,1310.399603202969,11.132536998047726,63135.54497599762,5778.827119576922
1783439935,500,,Aggregated,161.900000,0.000000,700,980,1200,1400,2000,2700,3900,6600,61000,63000,63000,83747,87,700.0,1309.5729700797835,11.132536998047726,63135.54497599762,5778.9543386628775
1783439936,500,,Aggregated,161.200000,0.000000,690,980,1200,1400,2000,2700,3900,6600,61000,63000,63000,83906,87,690.0,1308.5269550159533,11.132536998047726,63135.54497599762,5779.12535456344
1783439937,500,,Aggregated,162.200000,0.000000,690,980,1200,1400,2000,2700,3900,6600,61000,63000,63000,84076,87,690.0,1307.6910502347114,11.132536998047726,63135.54497599762,5777.665647747276
1783439938,500,,Aggregated,162.300000,0.000000,690,980,1200,1400,2000,2700,3900,6600,61000,63000,63000,84249,87,690.0,1306.7046629144634,11.132536998047726,63135.54497599762,5776.630345760781
1783439939,500,,Aggregated,162.600000,0.000000,690,980,1200,1400,2000,2700,3900,6400,61000,63000,63000,84419,87,690.0,1305.7620693084207,11.132536998047726,63135.54497599762,5776.454518532558
1783439940,500,,Aggregated,168.100000,0.000000,690,980,1200,1400,2000,2700,3900,6300,61000,63000,63000,84595,87,690.0,1304.7541821737289,11.132536998047726,63135.54497599762,5776.597884035699
1783439941,500,,Aggregated,165.200000,0.000000,690,980,1200,1400,2000,2700,3900,6300,61000,63000,63000,84757,87,690.0,1303.8175101796026,11.132536998047726,63135.54497599762,5776.443998725769
1783439942,500,,Aggregated,166.200000,0.000000,690,980,1200,1400,2000,2700,3900,6300,61000,63000,63000,84873,87,690.0,1303.188152421766,11.132536998047726,63135.54497599762,5776.362836237673
1783439943,500,,Aggregated,166.800000,0.000000,690,980,1200,1400,2000,2700,3800,6300,61000,63000,63000,85097,88,690.0,1302.2408142715087,11.132536998047726,63135.54497599762,5775.3855600079905
1783439944,500,,Aggregated,165.900000,0.000000,690,980,1200,1400,2000,2700,3800,6300,61000,63000,63000,85255,88,690.0,1301.3915234460221,11.132536998047726,63135.54497599762,5774.868312708932
1783439945,500,,Aggregated,163.900000,0.100000,690,980,1200,1400,2000,2600,3800,6300,61000,63000,63000,85421,88,690.0,1300.5709964086304,11.132536998047726,63135.54497599762,5774.105723416958
1783439946,500,,Aggregated,165.400000,0.100000,690,980,1200,1400,2000,2600,3800,6200,61000,63000,63000,85582,88,690.0,1299.608934073528,11.132536998047726,63135.54497599762,5771.737316258092
1783439947,500,,Aggregated,164.900000,0.100000,690,980,1200,1400,2000,2600,3800,6200,61000,63000,63000,85724,88,690.0,1299.008429871993,11.132536998047726,63135.54497599762,5774.768232933601
1783439948,500,,Aggregated,163.800000,0.100000,690,980,1200,1400,2000,2600,3800,6200,61000,63000,63000,85895,88,690.0,1298.4517605217625,11.132536998047726,63135.54497599762,5774.273741195646
1783439949,500,,Aggregated,163.400000,0.100000,690,980,1200,1400,2000,2600,3800,6200,61000,63000,63000,86056,89,690.0,1298.0656388559182,11.132536998047726,63135.54497599762,5776.1561657525335
1783439950,500,,Aggregated,162.200000,0.100000,690,980,1200,1400,2000,2600,3800,6200,61000,63000,63000,86236,89,690.0,1297.490355034705,11.132536998047726,63135.54497599762,5773.79194304003
