Timestamp,User Count,Type,Name,Requests/s,Failures/s,50%,66%,75%,80%,90%,95%,98%,99%,99.9%,99.99%,100%,Total Request Count,Total Failure Count,Total Median Response Time,Total Average Response Time,Total Min Response Time,Total Max Response Time,Total Average Content Size
1783449106,0,,Aggregated,0.000000,0.000000,N/A,N/A,N/A,N/A,N/A,N/A,N/A,N/A,N/A,N/A,N/A,0,0,0,0.0,0,0,0
1783449107,50,,Aggregated,0.000000,0.000000,16,25,140,180,440,670,830,890,980,980,980,101,0,16,124.8739309207534,4.007037001429126,976.6459940001369,4774.297029702971
1783449108,100,,Aggregated,0.000000,0.000000,30,110,190,240,900,1200,1400,1400,1600,1600,1600,323,0,30,207.40292450781996,3.712735000590328,1628.1421530002262,6135.572755417957
1783449109,100,,Aggregated,44.000000,0.000000,27,46,110,190,1100,1300,1400,1400,1600,1600,1600,632,0,27,209.4168272578942,3.712735000590328,1628.1421530002262,6363.06170886076
1783449110,100,,Aggregated,114.500000,0.000000,25,40,83,170,1100,1300,1400,1400,1600,1600,1600,676,0,24,196.37800847039964,3.712735000590328,1628.1421530002262,6292.943786982249
1783449111,100,,Aggregated,203.666667,0.000000,22,36,68,150,1000,1300,1400,1400,1600,1600,1600,723,0,22,184.45430704698467,3.712735000590328,1628.1421530002262,6207.751037344398
1783449112,100,,Aggregated,163.500000,0.000000,21,34,59,120,1000,1300,1400,1400,1600,1600,1600,767,0,21,174.44666610293655,3.712735000590328,1628.1421530002262,6187.704041720991
1783449113,100,,Aggregated,139.800000,0.000000,20,34,55,90,840,1200,1300,1400,1600,1600,1600,816,0,19,165.00435512123696,3.546959000232164,1628.1421530002262,6135.416666666667
1783449114,100,,Aggregated,124.666667,0.000000,18,32,49,81,670,1200,1300,1400,1600,1600,1600,864,0,18,156.58472499184325,3.546959000232164,1628.1421530002262,6164.782407407408
1783449115,100,,Aggregated,114.142857,0.000000,18,31,48,74,530,1200,1300,1400,1600,1600,1600,904,0,18,150.38725724665292,3.546959000232164,1628.1421530002262,6155.83628318584
1783449116,100,,Aggregated,105.375000,0.000000,17,30,46,64,370,1200,1300,1400,1600,1600,1600,949,0,17,144.01097009165926,3.546959000232164,1628.1421530002262,6192.0316122233935
1783449117,100,,Aggregated,97.777778,0.000000,16,29,42,61,340,1200,1300,1400,1600,1600,1600,997,0,16,137.63702566799785,3.546959000232164,1628.1421530002262,6224.957873620862
1783449118,100,,Aggregated,92.400000,0.000000,15,28,41,58,310,1200,1300,1400,1400,1600,1600,1050,0,15,131.50604356570207,3.546959000232164,1628.1421530002262,6213.311428571428
1783449119,100,,Aggregated,93.500000,0.000000,15,28,40,58,250,1200,1300,1400,1400,1600,1600,1096,0,15,126.9390725930636,3.546959000232164,1628.1421530002262,6113.393248175183
1783449120,100,,Aggregated,79.800000,0.000000,15,26,37,54,220,1100,1300,1400,1400,1600,1600,1142,0,15,122.28241824783531,3.444107001996599,1628.1421530002262,6096.576182136602
1783449121,100,,Aggregated,45.700000,0.000000,14,25,36,50,210,1100,1300,1400,1400,1600,1600,1191,0,14,117.7385806213588,3.444107001996599,1628.1421530002262,6070.503778337532
1783449122,100,,Aggregated,46.800000,0.000000,14,23,34,48,200,1100,1300,1400,1400,1600,1600,1238,0,14,113.6557539757926,3.444107001996599,1628.1421530002262,6040.150242326333
1783449123,100,,Aggregated,46.200000,0.000000,14,23,34,47,190,1100,1300,1400,1400,1600,1600,1276,0,14,110.84821814109313,3.444107001996599,1628.1421530002262,6014.7836990595615
1783449124,100,,Aggregated,46.200000,0.000000,13,22,34,45,180,1100,1300,1400,1400,1600,1600,1326,0,13,107.12958682883279,3.444107001996599,1628.1421530002262,6031.210407239819
1783449125,100,,Aggregated,45.300000,0.000000,13,21,33,43,170,1100,1300,1400,1400,1600,1600,1366,0,13,104.33580502857153,3.444107001996599,1628.1421530002262,6071.619326500732
1783449126,100,,Aggregated,45.900000,0.000000,13,20,32,43,150,1000,1300,1400,1400,1600,1600,1416,0,13,101.2143778898565,3.444107001996599,1628.1421530002262,6003.850282485876
1783449127,100,,Aggregated,46.700000,0.000000,12,19,32,42,150,1000,1300,1400,1400,1600,1600,1468,0,12,98.1130699516832,3.444107001996599,1628.1421530002262,5978.58514986376
1783449128,100,,Aggregated,46.300000,0.000000,12,19,31,41,140,1000,1300,1400,1400,1600,1600,1509,0,12,95.81522702985005,3.2524550042580813,1628.1421530002262,5954.137839628894
1783449129,100,,Aggregated,45.700000,0.000000,12,18,31,41,120,1000,1300,1400,1400,1600,1600,1552,0,12,93.49303040337487,3.2524550042580813,1628.1421530002262,5930.632087628866
1783449130,100,,Aggregated,45.900000,0.000000,11,18,31,40,120,900,1300,1400,1400,1600,1600,1593,0,11,91.38999214191058,3.2524550042580813,1628.1421530002262,5965.08223477715
1783449131,100,,Aggregated,45.800000,0.000000,11,18,30,39,100,830,1300,1300,1400,1600,1600,1645,0,11,88.85640066936556,3.2524550042580813,1628.1421530002262,5967.423708206687
1783449132,100,,Aggregated,45.300000,0.000000,11,18,29,38,92,730,1300,1300,1400,1600,1600,1694,0,11,86.62546897643382,3.2524550042580813,1628.1421530002262,5957.8902007083825
1783449133,100,,Aggregated,45.700000,0.000000,11,17,29,37,86,670,1300,1300,1400,1600,1600,1733,0,11,84.9610658038503,3.2524550042580813,1628.1421530002262,5948.073283323716
1783449134,100,,Aggregated,46.100000,0.000000,10,17,28,36,84,530,1300,1300,1400,1600,1600,1790,0,10,82.62664268049623,3.2524550042580813,1628.1421530002262,6014.778770949721
1783449135,100,,Aggregated,46.100000,0.000000,10,17,27,36,81,440,1300,1300,1400,1600,1600,1831,0,10,81.06557313440055,3.2524550042580813,1628.1421530002262,6048.654287274713
1783449136,100,,Aggregated,46.600000,0.000000,10,16,26,35,79,370,1300,1300,1400,1600,1600,1886,0,10,79.0886055652752,3.2524550042580813,1628.1421530002262,6074.170731707317
1783449137,100,,Aggregated,45.600000,0.000000,10,16,26,35,76,350,1300,1300,1400,1600,1600,1931,0,10,77.53705614971717,3.2524550042580813,1628.1421530002262,6071.355256343863
1783449138,100,,Aggregated,47.500000,0.000000,10,16,25,34,72,340,1300,1300,1400,1600,1600,1979,0,10,75.98567163575053,3.2524550042580813,1628.1421530002262,6094.9044972208185
1783449139,100,,Aggregated,46.300000,0.000000,10,15,25,34,70,330,1200,1300,1400,1600,1600,2021,0,10,74.69479707529005,3.2524550042580813,1628.1421530002262,6117.920831271647
1783449140,100,,Aggregated,46.100000,0.000000,9,15,24,34,68,320,1200,1300,1400,1600,1600,2069,0,9,73.20369604794637,3.2524550042580813,1628.1421530002262,6116.890285161914
1783449141,100,,Aggregated,47.500000,0.000000,9,15,23,34,67,310,1200,1300,1400,1600,1600,2117,0,9,71.87919114843325,3.2524550042580813,1628.1421530002262,6110.0193670288145
1783449142,100,,Aggregated,46.600000,0.000000,9,15,23,33,64,270,1200,1300,1400,1600,1600,2159,0,9,70.70622509135053,3.2524550042580813,1628.1421530002262,6084.594719777675
1783449143,100,,Aggregated,47.500000,0.000000,9,15,23,33,64,250,1200,1300,1400,1600,1600,2218,0,9,69.16233360516755,3.2524550042580813,1628.1421530002262,6054.099188458071
1783449144,100,,Aggregated,46.500000,0.000000,9,15,22,32,63,240,1200,1300,1400,1600,1600,2262,0,9,68.07661385952493,3.2524550042580813,1628.1421530002262,6024.162687886826
1783449145,100,,Aggregated,46.700000,0.000000,8,15,22,32,62,220,1200,1300,1400,1600,1600,2300,0,8,67.16056085054689,3.2524550042580813,1628.1421530002262,6038.658695652174
1783449146,100,,Aggregated,46.700000,0.000000,8,15,21,32,62,220,1200,1300,1400,1600,1600,2359,0,8,65.81962308404489,3.2524550042580813,1628.1421530002262,6044.415006358627
1783449147,100,,Aggregated,47.600000,0.000000,8,15,21,32,62,210,1200,1300,1400,1600,1600,2399,0,8,65.01835236858524,3.2524550042580813,1628.1421530002262,6032.196748645269
1783449148,100,,Aggregated,45.700000,0.000000,8,14,21,31,61,200,1200,1300,1400,1600,1600,2446,0,8,63.961299232308185,3.2524550042580813,1628.1421530002262,6021.896974652494
1783449149,100,,Aggregated,47.600000,0.000000,8,14,20,31,61,190,1200,1300,1400,1600,1600,2482,0,8,63.25279738364779,3.2524550042580813,1628.1421530002262,6043.217566478646
1783449150,100,,Aggregated,46.600000,0.000000,8,14,19,31,60,190,1200,1300,1400,1600,1600,2542,0,8,62.077141843133624,3.2524550042580813,1628.1421530002262,6022.054287962234
1783449151,100,,Aggregated,45.900000,0.000000,8,14,19,31,60,180,1200,1300,1400,1600,1600,2577,0,8,61.39112525310865,3.2524550042580813,1628.1421530002262,5997.403958090803
1783449152,100,,Aggregated,46.300000,0.000000,8,14,19,30,59,180,1200,1300,1400,1600,1600,2632,0,8,60.317461248585204,3.2524550042580813,1628.1421530002262,5970.420212765957
1783449153,100,,Aggregated,46.200000,0.000000,8,14,19,30,59,180,1200,1300,1400,1600,1600,2672,0,8,59.70237903378704,3.2524550042580813,1628.1421530002262,5954.738023952096
1783449156,100,,Aggregated,46.600000,0.000000,8,15,23,35,72,180,1200,1300,1400,1700,1700,2768,0,8,60.95576720421156,3.2524550042580813,1679.933309002081,5968.7984104046245
1783449157,100,,Aggregated,39.300000,0.000000,8,14,22,34,71,170,1200,1300,1400,1700,1700,2812,0,8,60.2504269200767,3.2524550042580813,1679.933309002081,5955.592816500711
1783449158,100,,Aggregated,44.900000,0.000000,8,14,22,34,72,170,1200,1300,1400,1700,1700,2857,0,8,59.677942231792514,3.2524550042580813,1679.933309002081,5936.014700735037
1783449159,100,,Aggregated,42.600000,0.000000,8,14,22,34,71,160,1100,1300,1400,1700,1700,2905,0,8,58.94809906651607,3.2524550042580813,1679.933309002081,5959.503270223752
1783449160,100,,Aggregated,43.400000,0.000000,8,14,22,34,70,150,1100,1300,1400,1700,1700,2951,0,8,58.21613906310489,3.2524550042580813,1679.933309002081,5982.044730599797
1783449161,100,,Aggregated,43.300000,0.000000,8,14,21,34,68,150,1100,1300,1400,1700,1700,3001,0,8,57.4625311733439,3.2524550042580813,1679.933309002081,5980.952349216927
1783449162,100,,Aggregated,43.900000,0.000000,8,14,21,33,67,150,1100,1300,1400,1700,1700,3047,0,8,56.79245818385511,3.2524550042580813,1679.933309002081,5982.597965211684
1783449163,100,,Aggregated,43.200000,0.000000,8,14,21,33,67,150,1100,1300,1400,1700,1700,3094,0,8,56.129484300333985,3.2524550042580813,1679.933309002081,5954.40465416936
1783449165,100,,Aggregated,43.500000,0.000000,8,14,22,35,65,140,1100,1300,1400,1700,1700,3170,0,8,55.54908785653834,3.2524550042580813,1679.933309002081,5972.813880126183
1783449166,100,,Aggregated,42.200000,0.000000,8,14,22,34,64,130,1100,1300,1400,1700,1700,3218,0,8,54.921128324805686,3.2524550042580813,1679.933309002081,5983.796457426974
1783449167,100,,Aggregated,49.600000,0.000000,8,14,21,34,64,120,1100,1300,1400,1700,1700,3271,0,8,54.27950916208384,3.2524550042580813,1679.933309002081,6034.718740446347
1783449168,100,,Aggregated,44.500000,0.000000,8,14,21,34,64,120,1100,1300,1400,1700,1700,3310,0,8,53.77229972936553,3.2524550042580813,1679.933309002081,6025.167371601208
1783449169,100,,Aggregated,46.700000,0.000000,8,14,21,34,64,120,1100,1300,1400,1700,1700,3356,0,8,53.254613344809094,3.1642690009903163,1679.933309002081,6015.938319427891
1783449170,100,,Aggregated,46.100000,0.000000,8,14,20,33,64,120,1100,1300,1400,1700,1700,3402,0,8,52.695847466253404,3.1642690009903163,1679.933309002081,6026.902116402116
1783449171,100,,Aggregated,45.700000,0.000000,8,14,19,33,63,110,1100,1300,1400,1700,1700,3450,0,8,52.11856454004705,3.1642690009903163,1679.933309002081,6025.605797101449
1783449172,100,,Aggregated,45.400000,0.000000,8,14,19,33,63,110,1100,1300,1400,1700,1700,3487,0,8,51.70993069577042,3.1642690009903163,1679.933309002081,6033.567823343848
1783449173,100,,Aggregated,45.200000,0.000000,8,14,19,33,62,110,1000,1300,1400,1700,1700,3536,0,8,51.16157808063637,3.1642690009903163,1679.933309002081,6003.581447963801
1783449174,100,,Aggregated,44.400000,0.000000,8,14,19,33,62,110,1000,1300,1400,1700,1700,3585,0,8,50.69538918998642,3.1642690009903163,1679.933309002081,5987.48089260809
1783449175,100,,Aggregated,44.800000,0.000000,8,14,19,32,62,110,1000,1300,1400,1700,1700,3632,0,8,50.185591710928364,3.1642690009903163,1679.933309002081,5962.202643171806
1783449176,100,,Aggregated,48.200000,0.000000,8,14,18,32,61,110,1000,1300,1400,1700,1700,3684,0,8,49.65252605403485,3.1642690009903163,1679.933309002081,5945.865906623236
1783449177,100,,Aggregated,45.600000,0.000000,8,14,18,32,61,110,1000,1300,1400,1700,1700,3722,0,8,49.26731716041143,3.1642690009903163,1679.933309002081,5954.253627082214
1783449178,100,,Aggregated,45.900000,0.000000,8,14,18,31,60,100,1000,1300,1400,1700,1700,3771,0,8,48.82038161497026,3.1642690009903163,1679.933309002081,5930.238133121188
1783449179,100,,Aggregated,44.900000,0.000000,7,14,18,31,60,100,1000,1300,1400,1700,1700,3823,0,7,48.33359682711252,3.1642690009903163,1679.933309002081,5924.84148574418
1783449180,100,,Aggregated,45.800000,0.000000,7,14,18,31,60,100,1000,1300,1400,1700,1700,3864,0,7,47.94355960586574,3.1642690009903163,1679.933309002081,5923.871118012423
1783449181,100,,Aggregated,46.500000,0.000000,7,13,18,31,59,100,1000,1300,1400,1700,1700,3900,0,7,47.59317535232791,3.1642690009903163,1679.933309002081,5905.5225641025645
1783449182,100,,Aggregated,46.000000,0.000000,7,13,18,31,59,100,980,1300,1400,1700,1700,3954,0,7,47.1268379673937,3.1642690009903163,1679.933309002081,5909.31411229135
1783449183,100,,Aggregated,45.500000,0.000000,7,13,18,31,59,99,900,1300,1400,1700,1700,4001,0,7,46.757540027259395,3.1642690009903163,1679.933309002081,5892.445638590352
1783449184,100,,Aggregated,46.500000,0.000000,7,13,18,31,59,98,900,1300,1400,1700,1700,4040,0,7,46.447063031945895,3.1642690009903163,1679.933309002081,5902.016336633664
1783449185,100,,Aggregated,46.000000,0.000000,7,13,18,30,59,98,890,1300,1400,1700,1700,4081,0,7,46.136832921358035,3.1642690009903163,1679.933309002081,5893.1225189904435
1783449186,100,,Aggregated,45.800000,0.000000,7,13,18,30,58,97,840,1200,1400,1700,1700,4136,0,7,45.74015597559496,3.1642690009903163,1679.933309002081,5891.492746615087
1783449187,100,,Aggregated,44.900000,0.000000,7,13,18,30,58,95,830,1200,1400,1700,1700,4178,0,7,45.38979193730631,3.1642690009903163,1679.933309002081,5875.51196744854
1783449188,100,,Aggregated,45.700000,0.000000,7,13,17,30,58,94,810,1200,1400,1700,1700,4217,0,7,45.101872098424266,3.1642690009903163,1679.933309002081,5855.6542565805075
1783449190,100,,Aggregated,44.600000,0.000000,7,14,19,34,62,100,730,1200,1400,1700,1700,4314,0,7,46.128902359080115,3.1642690009903163,1679.933309002081,5874.217431617988
1783449191,100,,Aggregated,40.200000,0.000000,7,14,19,33,62,100,730,1200,1400,1700,1700,4347,0,7,45.915621058898736,3.1642690009903163,1679.933309002081,5867.15734989648
1783449192,100,,Aggregated,44.400000,0.000000,7,14,18,33,62,100,690,1200,1400,1700,1700,4397,0,7,45.535105298844975,3.1642690009903163,1679.933309002081,5835.5553786672735
1783449193,100,,Aggregated,42.600000,0.000000,7,14,18,33,62,100,670,1200,1400,1700,1700,4437,0,7,45.26833387333684,3.1642690009903163,1679.933309002081,5821.601983322064
1783449194,100,,Aggregated,41.000000,0.000000,7,14,18,33,62,99,670,1200,1400,1700,1700,4491,0,7,44.91182149052654,3.1642690009903163,1679.933309002081,5826.206190158094
1783449195,100,,Aggregated,42.500000,0.000000,7,13,18,32,61,98,640,1200,1400,1700,1700,4531,0,7,44.605690352450466,3.1642690009903163,1679.933309002081,5830.192451997352
1783449196,100,,Aggregated,41.700000,0.000000,7,13,18,32,61,98,530,1200,1400,1700,1700,4578,0,7,44.35854157490994,3.1642690009903163,1679.933309002081,5833.527959807776
1783449197,100,,Aggregated,42.700000,0.000000,7,13,18,32,61,98,530,1200,1400,1700,1700,4617,0,7,44.07570782172677,3.1642690009903163,1679.933309002081,5839.982672731211
1783449198,100,,Aggregated,41.600000,0.000000,7,13,18,32,61,97,440,1200,1400,1700,1700,4661,0,7,43.77080850888235,3.1642690009903163,1679.933309002081,5838.625187727956
1783449199,100,,Aggregated,42.200000,0.000000,7,13,18,31,61,97,390,1200,1400,1700,1700,4715,0,7,43.400053251931595,3.1642690009903163,1679.933309002081,5855.32046659597
1783449200,100,,Aggregated,41.500000,0.000000,7,13,18,31,60,96,370,1200,1400,1700,1700,4758,0,7,43.127593124390636,3.1642690009903163,1679.933309002081,5850.169188734762
1783449201,100,,Aggregated,46.300000,0.000000,7,13,18,31,60,94,370,1200,1400,1700,1700,4805,0,7,42.79794233045889,3.1642690009903163,1679.933309002081,5849.99209157128
1783449202,100,,Aggregated,43.000000,0.000000,7,13,17,31,60,94,370,1200,1400,1700,1700,4849,0,7,42.542320458419894,3.1642690009903163,1679.933309002081,5846.760156733347
1783449203,100,,Aggregated,45.200000,0.000000,7,13,17,31,60,93,350,1200,1400,1700,1700,4906,0,7,42.22654349488679,3.1642690009903163,1679.933309002081,5854.950264981655
1783449204,100,,Aggregated,45.500000,0.000000,7,13,17,30,59,92,350,1200,1400,1700,1700,4943,0,7,42.009960926137886,3.1642690009903163,1679.933309002081,5862.495245802144
1783449205,100,,Aggregated,44.900000,0.000000,7,13,17,30,59,92,350,1200,1400,1700,1700,4990,0,7,41.73210784846996,3.1642690009903163,1679.933309002081,5864.823046092184
1783449206,100,,Aggregated,46.000000,0.000000,7,13,17,30,59,91,340,1200,1400,1700,1700,5039,0,7,41.48589366439942,3.1642690009903163,1679.933309002081,5852.840246080572
1783449207,100,,Aggregated,45.200000,0.000000,7,13,17,30,59,91,340,1200,1400,1700,1700,5076,0,7,41.255404792336186,3.1642690009903163,1679.933309002081,5841.1910953506695
1783449208,100,,Aggregated,45.700000,0.000000,7,13,17,30,58,91,330,1200,1400,1700,1700,5126,0,7,40.97653789229563,3.1642690009903163,1679.933309002081,5849.124658603199
1783449209,100,,Aggregated,45.600000,0.000000,7,13,17,29,58,91,330,1200,1400,1700,1700,5183,0,7,40.71102834360435,3.1642690009903163,1679.933309002081,5833.86378545244
1783449211,100,,Aggregated,46.200000,0.000000,7,13,17,29,58,90,330,1200,1400,1700,1700,5221,0,7,40.522906559646756,3.1642690009903163,1679.933309002081,5827.790270063207
1783449212,100,,Aggregated,44.600000,0.000000,7,13,17,29,58,90,320,1200,1400,1700,1700,5266,0,7,40.26476493712029,3.1642690009903163,1679.933309002081,5832.789593619445
1783449213,100,,Aggregated,45.200000,0.000000,7,13,17,29,58,89,310,1200,1400,1700,1700,5305,0,7,40.07977130063559,3.1642690009903163,1679.933309002081,5834.119886899151
1783449214,100,,Aggregated,44.900000,0.000000,7,13,17,28,57,89,310,1200,1400,1700,1700,5351,0,7,39.8265062958097,3.1642690009903163,1679.933309002081,5844.948420855915
1783449215,100,,Aggregated,45.400000,0.000000,7,13,17,28,57,88,310,1200,1400,1700,1700,5398,0,7,39.6136244030888,3.1642690009903163,1679.933309002081,5847.890885513153
1783449216,100,,Aggregated,44.000000,0.000000,7,13,17,28,56,87,280,1200,1400,1700,1700,5449,0,7,39.35421320882248,3.1642690009903163,1679.933309002081,5846.233070288126
1783449217,100,,Aggregated,44.600000,0.000000,7,13,17,28,56,87,270,1200,1400,1700,1700,5488,0,7,39.184925254355036,3.1642690009903163,1679.933309002081,5842.934948979592
1783449218,100,,Aggregated,44.600000,0.000000,7,13,17,27,55,87,260,1200,1400,1700,1700,5535,0,7,38.963136168722556,3.1642690009903163,1679.933309002081,5848.4139114724485
1783449219,100,,Aggregated,43.700000,0.000000,7,13,17,27,55,87,250,1200,1400,1700,1700,5584,0,7,38.767800111015035,3.1642690009903163,1679.933309002081,5843.82073782235
1783449220,100,,Aggregated,44.600000,0.000000,7,13,17,27,55,87,250,1200,1400,1700,1700,5623,0,7,38.585124377532594,3.1642690009903163,1679.933309002081,5837.786057264805
1783449221,100,,Aggregated,45.600000,0.000000,7,13,16,26,55,86,240,1200,1400,1700,1700,5670,0,7,38.384080564696525,3.1642690009903163,1679.933309002081,5845.62328042328
1783449222,100,,Aggregated,43.800000,0.000000,7,13,16,26,55,86,240,1200,1400,1700,1700,5710,0,7,38.194393506450744,3.1642690009903163,1679.933309002081,5842.736077057793
1783449223,100,,Aggregated,44.800000,0.000000,7,13,16,25,54,86,240,1200,1400,1700,1700,5760,0,7,37.94286128694593,3.14804299705429,1679.933309002081,5852.623784722222
1783449224,100,,Aggregated,44.200000,0.000000,7,13,16,25,54,85,230,1200,1400,1700,1700,5810,0,7,37.74361053559517,3.14804299705429,1679.933309002081,5855.60017211704
1783449225,100,,Aggregated,45.100000,0.000000,7,13,16,25,54,85,220,1200,1400,1700,1700,5854,0,7,37.54449527841171,3.14804299705429,1679.933309002081,5850.291595490263
1783449226,100,,Aggregated,45.400000,0.000000,7,13,16,25,54,85,220,1100,1400,1700,1700,5902,0,7,37.34871735746971,3.14804299705429,1679.933309002081,5850.588614029142
1783449227,100,,Aggregated,45.300000,0.000000,7,13,16,24,54,84,220,1100,1400,1700,1700,5944,0,7,37.17148290962317,3.14804299705429,1679.933309002081,5856.2646366083445
1783449228,100,,Aggregated,45.200000,0.000000,7,13,16,24,54,84,220,1100,1400,1700,1700,5988,0,7,37.00113254121597,3.14804299705429,1679.933309002081,5856.658650634603
1783449229,100,,Aggregated,45.400000,0.000000,7,13,16,24,54,84,220,1100,1400,1700,1700,6040,0,7,36.81049646304548,3.14804299705429,1679.933309002081,5846.399834437086
1783449230,100,,Aggregated,45.200000,0.000000,7,13,16,24,54,84,210,1100,1400,1700,1700,6079,0,7,36.646685100314535,3.14804299705429,1679.933309002081,5847.682842572792
1783449231,100,,Aggregated,45.500000,0.000000,7,13,16,23,53,84,210,1100,1400,1700,1700,6131,0,7,36.43647592330907,3.14804299705429,1679.933309002081,5846.8876202903275
1783449232,100,,Aggregated,45.300000,0.000000,7,13,16,23,53,84,210,1100,1400,1700,1700,6179,0,7,36.21617369781238,3.14804299705429,1679.933309002081,5844.715973458488
1783449233,100,,Aggregated,45.700000,0.000000,7,13,16,22,52,83,200,1100,1400,1700,1700,6219,0,7,36.06365582212525,3.14804299705429,1679.933309002081,5850.3072841292815
1783449234,100,,Aggregated,46.600000,0.000000,7,12,16,22,52,83,200,1100,1400,1700,1700,6263,0,7,35.895252229412655,3.14804299705429,1679.933309002081,5829.590132524349
1783449235,100,,Aggregated,45.800000,0.000000,7,13,16,22,52,83,200,1100,1400,1700,1700,6321,0,7,35.73387804664196,3.14804299705429,1679.933309002081,5834.508463850657
1783449236,100,,Aggregated,45.100000,0.000000,7,13,16,22,52,83,200,1100,1400,1700,1700,6361,0,7,35.58393200908215,3.14804299705429,1679.933309002081,5836.118220405597
1783449237,100,,Aggregated,46.500000,0.000000,7,12,16,22,52,82,190,1100,1400,1700,1700,6407,0,7,35.42846113169339,3.14804299705429,1679.933309002081,5846.309193070079
1783449238,100,,Aggregated,45.500000,0.000000,7,12,16,22,52,82,190,1100,1400,1700,1700,6453,0,7,35.25512973930839,3.14804299705429,1679.933309002081,5834.825352549202
1783449239,100,,Aggregated,46.000000,0.000000,7,12,16,21,52,82,190,1100,1400,1700,1700,6506,0,7,35.083177030544,3.14804299705429,1679.933309002081,5833.949277589917
1783449240,100,,Aggregated,46.100000,0.000000,7,12,16,21,52,81,190,1100,1400,1700,1700,6553,0,7,34.931160417010794,3.14804299705429,1679.933309002081,5837.889363650236
1783449241,100,,Aggregated,46.100000,0.000000,7,12,16,21,52,81,190,1100,1400,1700,1700,6594,0,7,34.793236279144516,3.14804299705429,1679.933309002081,5838.251289050652
1783449242,100,,Aggregated,46.100000,0.000000,7,12,16,21,52,81,190,1100,1400,1700,1700,6646,0,7,34.64959095029202,3.14804299705429,1679.933309002081,5843.470809509479
1783449243,100,,Aggregated,45.100000,0.000000,7,12,16,21,52,81,190,1100,1400,1700,1700,6688,0,7,34.57519358277824,3.14804299705429,1679.933309002081,5834.889354066986
1783449244,100,,Aggregated,45.500000,0.000000,7,12,16,21,52,81,180,1100,1400,1700,1700,6737,0,7,34.44702633940813,3.14804299705429,1679.933309002081,5834.2155261986045
1783449245,100,,Aggregated,45.700000,0.000000,7,12,16,21,52,81,180,1100,1400,1700,1700,6792,0,7,34.290963643491644,3.14804299705429,1679.933309002081,5832.473792697291
1783449246,100,,Aggregated,46.300000,0.000000,7,12,16,21,52,81,180,1100,1400,1700,1700,6829,0,7,34.19742051699825,3.14804299705429,1679.933309002081,5839.898521013325
1783449247,100,,Aggregated,45.300000,0.000000,7,12,15,21,52,80,180,1100,1400,1700,1700,6882,0,7,34.03457174361665,3.14804299705429,1679.933309002081,5835.235541993607
1783449248,100,,Aggregated,46.100000,0.000000,7,12,15,20,52,80,180,1100,1400,1700,1700,6925,0,7,33.895936758345286,3.14804299705429,1679.933309002081,5840.897472924188
1783449249,100,,Aggregated,45.400000,0.000000,7,12,15,20,52,80,180,1100,1400,1700,1700,6976,0,7,33.74851723889681,3.14804299705429,1679.933309002081,5851.481938073394
1783449250,100,,Aggregated,46.000000,0.000000,7,12,15,20,52,80,180,1100,1400,1700,1700,7019,0,7,33.62923067268512,3.14804299705429,1679.933309002081,5854.194472147029
1783449251,100,,Aggregated,45.300000,0.000000,7,12,15,20,51,80,180,1100,1400,1700,1700,7060,0,7,33.49945662869586,3.14804299705429,1679.933309002081,5860.6881019830025
1783449252,100,,Aggregated,46.400000,0.000000,7,12,15,20,51,79,170,1000,1400,1700,1700,7114,0,7,33.37489459313905,3.14804299705429,1679.933309002081,5852.7849311217315
1783449253,100,,Aggregated,46.000000,0.000000,7,12,15,20,51,79,170,1000,1400,1700,1700,7157,0,7,33.29065480167895,3.14804299705429,1679.933309002081,5848.612966326673
1783449255,100,,Aggregated,46.200000,0.000000,7,13,16,22,53,82,180,1000,1400,1700,1700,7242,0,7,33.83935988643913,3.14804299705429,1679.933309002081,5848.5947252140295
1783449256,100,,Aggregated,43.800000,0.000000,7,12,16,22,53,82,180,1000,1400,1700,1700,7280,0,7,33.72458697123555,3.14804299705429,1679.933309002081,5851.852472527473
1783449257,100,,Aggregated,45.800000,0.000000,7,12,16,21,53,82,180,1000,1400,1700,1700,7332,0,7,33.565572401338734,3.14804299705429,1679.933309002081,5842.286552100382
1783449258,100,,Aggregated,43.900000,0.000000,7,12,16,21,52,82,180,1000,1400,1700,1700,7377,0,7,33.44815227539925,3.14804299705429,1679.933309002081,5844.212552528128
1783449259,100,,Aggregated,44.100000,0.000000,7,12,16,21,52,82,180,1000,1400,1700,1700,7419,0,7,33.37139252333352,3.14804299705429,1679.933309002081,5840.402884485779
1783449260,100,,Aggregated,43.700000,0.000000,7,12,16,21,52,81,180,1000,1400,1700,1700,7470,0,7,33.20957120718189,3.14804299705429,1679.933309002081,5829.3291834002675
1783449261,100,,Aggregated,43.500000,0.000000,7,12,16,21,52,81,180,1000,1400,1700,1700,7519,0,7,33.102386469966056,3.14804299705429,1679.933309002081,5838.9928181939085
1783449262,100,,Aggregated,43.600000,0.000000,7,12,16,21,52,81,170,1000,1400,1700,1700,7562,0,7,33.01844826615693,3.14804299705429,1679.933309002081,5840.719254165565
1783449263,100,,Aggregated,44.400000,0.000000,7,12,16,21,52,81,170,1000,1400,1700,1700,7613,0,7,32.87798993756505,3.14804299705429,1679.933309002081,5844.346906607119
1783449264,100,,Aggregated,44.600000,0.000000,7,12,16,20,52,81,170,1000,1400,1700,1700,7657,0,7,32.75464504958556,3.14804299705429,1679.933309002081,5836.194593182709
1783449265,100,,Aggregated,44.000000,0.000000,7,12,16,20,52,80,170,1000,1400,1700,1700,7704,0,7,32.64228254837154,3.14804299705429,1679.933309002081,5831.309060228453
1783449266,100,,Aggregated,46.800000,0.000000,7,12,16,20,52,80,170,1000,1400,1700,1700,7744,0,7,32.54323152733069,3.14804299705429,1679.933309002081,5834.49173553719
1783449267,100,,Aggregated,44.000000,0.000000,7,12,15,20,52,80,170,1000,1400,1700,1700,7794,0,7,32.42760546736717,3.14804299705429,1679.933309002081,5841.895175776238
1783449268,100,,Aggregated,46.300000,0.000000,7,12,15,20,52,80,170,1000,1400,1700,1700,7842,0,7,32.27708465157601,3.14804299705429,1679.933309002081,5834.163988778373
1783449269,100,,Aggregated,46.000000,0.000000,7,12,15,20,52,80,170,1000,1400,1700,1700,7883,0,7,32.17853810321621,3.14804299705429,1679.933309002081,5834.021311683369
1783449270,100,,Aggregated,45.600000,0.000000,7,12,15,19,51,79,170,1000,1400,1700,1700,7929,0,7,32.04958185643593,3.14804299705429,1679.933309002081,5835.779417328793
1783449271,100,,Aggregated,46.300000,0.000000,7,12,15,19,51,79,170,1000,1400,1700,1700,7977,0,7,31.9365205135611,3.14804299705429,1679.933309002081,5833.040616773223
1783449272,100,,Aggregated,46.000000,0.000000,7,12,15,19,51,79,170,980,1400,1700,1700,8030,0,7,31.81986863819067,3.14804299705429,1679.933309002081,5830.940473225405
1783449273,100,,Aggregated,45.600000,0.000000,7,12,15,19,51,79,170,980,1400,1700,1700,8072,0,7,31.72449132936685,3.14804299705429,1679.933309002081,5823.995911793855
1783449274,100,,Aggregated,45.700000,0.000000,7,12,15,19,51,79,170,900,1400,1700,1700,8115,0,7,31.606408638648656,3.14804299705429,1679.933309002081,5818.971410967344
1783449275,100,,Aggregated,46.500000,0.000000,7,12,15,19,51,79,160,900,1400,1700,1700,8158,0,7,31.51475932675208,3.14804299705429,1679.933309002081,5827.444962000491
1783449276,100,,Aggregated,45.400000,0.000000,7,12,15,19,51,79,160,890,1400,1700,1700,8216,0,7,31.416859874715207,3.14804299705429,1679.933309002081,5822.268622200584
1783449277,100,,Aggregated,45.700000,0.000000,7,12,15,19,51,79,160,890,1400,1700,1700,8257,0,7,31.344556670057887,3.14804299705429,1679.933309002081,5824.402567518469
1783449278,100,,Aggregated,45.100000,0.000000,7,12,15,19,51,78,160,890,1400,1700,1700,8299,0,7,31.243205587260434,3.14804299705429,1679.933309002081,5817.322930473551
1783449279,100,,Aggregated,47.000000,0.000000,7,12,15,19,51,78,160,840,1400,1700,1700,8353,0,7,31.12370807203153,3.14804299705429,1679.933309002081,5824.767029809649
1783449280,100,,Aggregated,46.700000,0.000000,7,12,15,19,51,78,160,840,1400,1700,1700,8387,0,7,31.072607714041347,3.14804299705429,1679.933309002081,5813.981161321092
1783449281,100,,Aggregated,45.800000,0.000000,7,12,15,19,51,77,160,830,1400,1700,1700,8439,0,7,30.95617341671705,3.14804299705429,1679.933309002081,5822.927479559189
1783449282,100,,Aggregated,46.200000,0.000000,7,12,15,19,51,77,150,830,1400,1700,1700,8491,0,7,30.8339238343744,3.14804299705429,1679.933309002081,5826.65398657402
1783449283,100,,Aggregated,45.600000,0.000000,7,12,15,19,50,77,150,810,1400,1700,1700,8529,0,7,30.737796599329787,3.14804299705429,1679.933309002081,5816.212334388557
1783449284,100,,Aggregated,46.200000,0.000000,7,12,15,18,50,77,150,810,1400,1700,1700,8576,0,7,30.62718569807532,3.14804299705429,1679.933309002081,5819.296991604478
1783449285,100,,Aggregated,46.000000,0.000000,7,12,15,18,50,77,150,730,1400,1700,1700,8629,0,7,30.539072742462196,3.14804299705429,1679.933309002081,5825.399119249044
1783449286,100,,Aggregated,45.400000,0.000000,7,12,15,18,50,77,150,730,1400,1700,1700,8677,0,7,30.44836319657802,3.14804299705429,1679.933309002081,5837.917828742653
1783449287,100,,Aggregated,45.600000,0.000000,7,12,15,18,50,76,150,690,1400,1700,1700,8718,0,7,30.349043010288103,3.14804299705429,1679.933309002081,5840.438173893095
1783449288,100,,Aggregated,46.500000,0.000000,7,12,15,18,50,76,150,690,1400,1700,1700,8761,0,7,30.25024620747403,3.14804299705429,1679.933309002081,5839.245862344481
1783449289,100,,Aggregated,46.300000,0.000000,7,12,15,18,50,76,150,670,1400,1700,1700,8812,0,7,30.142660553070602,3.14804299705429,1679.933309002081,5837.958919655016
1783449290,100,,Aggregated,45.700000,0.000000,7,12,15,18,50,76,150,670,1400,1700,1700,8854,0,7,30.068231530343223,3.14804299705429,1679.933309002081,5831.504291845494
1783449291,100,,Aggregated,45.900000,0.000000,7,12,15,18,50,76,150,670,1400,1700,1700,8905,0,7,29.974441826579994,3.14804299705429,1679.933309002081,5831.521055586749
1783449292,100,,Aggregated,46.000000,0.000000,7,12,15,18,49,76,150,670,1400,1700,1700,8950,0,7,29.876567987231187,3.14804299705429,1679.933309002081,5838.839888268157
1783449293,100,,Aggregated,46.500000,0.000000,7,12,15,18,49,76,140,670,1400,1700,1700,8993,0,7,29.782865852966886,3.14804299705429,1679.933309002081,5828.917491382186
1783449294,100,,Aggregated,45.900000,0.000000,7,12,15,18,49,75,140,640,1400,1700,1700,9035,0,7,29.715757184142436,3.14804299705429,1679.933309002081,5829.524958494742
1783449295,100,,Aggregated,46.000000,0.000000,7,12,15,18,49,75,140,640,1400,1700,1700,9085,0,7,29.62224459083377,3.14804299705429,1679.933309002081,5828.885085305448
1783449296,100,,Aggregated,46.600000,0.000000,7,12,15,18,49,75,140,530,1400,1700,1700,9134,0,7,29.563295308598942,3.14804299705429,1679.933309002081,5825.830742281585
1783449297,100,,Aggregated,46.500000,0.000000,7,12,15,18,49,75,140,530,1400,1700,1700,9182,0,7,29.46719347328726,3.14804299705429,1679.933309002081,5824.575473752995
1783449298,100,,Aggregated,45.800000,0.000000,7,12,15,18,49,75,140,530,1400,1700,1700,9227,0,7,29.376147236879813,3.14804299705429,1679.933309002081,5831.817817275388
1783449299,100,,Aggregated,45.100000,0.000000,7,12,15,18,49,75,140,530,1400,1700,1700,9277,0,7,29.309988709031334,3.14804299705429,1679.933309002081,5838.006252021128
1783449300,100,,Aggregated,46.100000,0.000000,7,12,15,18,49,75,140,440,1400,1700,1700,9319,0,7,29.22225334152639,3.14804299705429,1679.933309002081,5835.837428908681
1783449301,100,,Aggregated,46.600000,0.000000,7,12,15,18,49,75,140,440,1400,1700,1700,9372,0,7,29.137709012556023,3.14804299705429,1679.933309002081,5833.339201877934
1783449302,100,,Aggregated,46.800000,0.000000,7,12,15,18,49,74,140,390,1400,1700,1700,9416,0,7,29.06345920440082,3.14804299705429,1679.933309002081,5829.110131690739
1783449303,100,,Aggregated,46.500000,0.000000,7,12,15,18,49,75,140,390,1400,1700,1700,9462,0,7,29.044565838579587,3.14804299705429,1679.933309002081,5828.770978651448
1783449304,100,,Aggregated,46.700000,0.000000,7,12,15,18,49,74,130,370,1400,1700,1700,9505,0,7,28.97476004709891,3.14804299705429,1679.933309002081,5820.2734350341925
1783449305,100,,Aggregated,45.900000,0.000000,7,12,15,18,49,74,130,370,1400,1700,1700,9552,0,7,28.89386936837111,3.14804299705429,1679.933309002081,5827.818467336683
1783449306,100,,Aggregated,46.500000,0.000000,7,12,15,18,49,74,130,370,1400,1700,1700,9593,0,7,28.820851659820683,3.14804299705429,1679.933309002081,5821.046387991244
1783449307,100,,Aggregated,46.100000,0.000000,7,12,15,18,49,74,130,370,1400,1700,1700,9635,0,7,28.76487875471118,3.14804299705429,1679.933309002081,5825.70295796575
1783449308,100,,Aggregated,46.200000,0.000000,7,12,15,18,49,74,130,370,1400,1700,1700,9687,0,7,28.691290828807666,3.14804299705429,1679.933309002081,5829.885826365232
1783449309,100,,Aggregated,45.700000,0.000000,7,12,15,18,49,74,130,360,1400,1700,1700,9728,0,7,28.633086903128987,3.14804299705429,1679.933309002081,5831.360711348684
1783449310,100,,Aggregated,45.400000,0.000000,7,12,15,18,48,73,130,360,1400,1700,1700,9778,0,7,28.546812777425725,3.14804299705429,1679.933309002081,5837.991818367765
1783449311,100,,Aggregated,45.700000,0.000000,7,12,15,18,48,73,130,350,1400,1700,1700,9823,0,7,28.50492776215863,3.14804299705429,1679.933309002081,5833.217754250229
1783449312,100,,Aggregated,44.700000,0.000000,7,12,15,18,48,73,130,350,1400,1700,1700,9862,0,7,28.455569484554992,3.14804299705429,1679.933309002081,5834.127560332589
1783449313,100,,Aggregated,45.800000,0.000000,7,12,15,18,48,73,130,350,1400,1700,1700,9914,0,7,28.384249391635837,3.14804299705429,1679.933309002081,5830.936150897721
1783449314,100,,Aggregated,44.900000,0.000000,7,12,15,18,48,73,130,350,1400,1700,1700,9957,0,7,28.322492941614023,3.14804299705429,1679.933309002081,5833.846540122527
1783449315,100,,Aggregated,44.700000,0.000000,7,12,15,18,48,73,130,340,1400,1600,1700,10007,0,7,28.240575995069623,3.14804299705429,1679.933309002081,5829.689617267913
1783449316,100,,Aggregated,45.200000,0.000000,7,12,15,18,48,73,130,340,1400,1600,1700,10050,0,7,28.17723800593785,3.14804299705429,1679.933309002081,5830.945472636816
1783449317,100,,Aggregated,45.100000,0.000000,7,12,15,18,48,72,130,340,1400,1600,1700,10095,0,7,28.100765688325406,3.14804299705429,1679.933309002081,5837.2289252105
1783449318,100,,Aggregated,45.500000,0.000000,7,12,15,18,48,72,130,340,1400,1600,1700,10143,0,7,28.03420146965294,3.14804299705429,1679.933309002081,5831.146307798482
1783449319,100,,Aggregated,45.400000,0.000000,7,12,15,18,48,72,130,340,1400,1600,1700,10186,0,7,27.957023433214854,3.1219790034811012,1679.933309002081,5839.638916159434
1783449321,100,,Aggregated,45.500000,0.000000,7,12,15,18,48,72,130,330,1400,1600,1700,10232,0,7,27.8722674742713,3.1219790034811012,1679.933309002081,5838.460027365129
1783449322,100,,Aggregated,45.500000,0.000000,7,12,15,18,48,72,120,330,1400,1600,1700,10284,0,7,27.788050810264664,3.1219790034811012,1679.933309002081,5850.993873978997
1783449323,100,,Aggregated,45.400000,0.000000,7,12,15,18,48,72,120,330,1400,1600,1700,10332,0,7,27.72206867613021,3.1219790034811012,1679.933309002081,5851.245838172667
1783449324,100,,Aggregated,45.100000,0.000000,7,12,15,18,48,72,120,330,1400,1600,1700,10373,0,7,27.65960621119967,3.1219790034811012,1679.933309002081,5846.805167261159
1783449325,100,,Aggregated,45.900000,0.000000,7,12,15,18,48,71,120,330,1400,1600,1700,10426,0,7,27.573219966407862,3.1219790034811012,1679.933309002081,5852.607615576443
1783449326,100,,Aggregated,46.800000,0.000000,7,12,15,17,48,71,120,330,1400,1600,1700,10477,0,7,27.49088099892685,3.1219790034811012,1679.933309002081,5845.050205211415
1783449327,100,,Aggregated,46.900000,0.000000,7,12,15,17,48,71,120,320,1400,1600,1700,10517,0,7,27.439401410646045,3.1219790034811012,1679.933309002081,5843.5406484739
1783449328,100,,Aggregated,46.800000,0.000000,7,12,15,17,48,71,120,320,1400,1600,1700,10566,0,7,27.36529491669525,3.1219790034811012,1679.933309002081,5842.372799545713
1783449329,100,,Aggregated,46.800000,0.000000,7,12,15,17,48,71,120,310,1400,1600,1700,10610,0,7,27.308391813740915,3.1219790034811012,1679.933309002081,5841.062959472196
1783449330,100,,Aggregated,46.400000,0.000000,7,12,15,17,48,70,120,310,1400,1600,1700,10663,0,7,27.227701167944513,3.1219790034811012,1679.933309002081,5838.664540935947
1783449331,100,,Aggregated,46.600000,0.000000,7,12,15,17,48,70,120,310,1400,1600,1700,10704,0,7,27.16448667431005,3.1219790034811012,1679.933309002081,5835.198430493274
1783449332,100,,Aggregated,47.700000,0.000000,7,12,15,17,48,70,120,310,1400,1600,1700,10757,0,7,27.11068489530695,3.1219790034811012,1679.933309002081,5833.5771125778565
1783449333,100,,Aggregated,46.900000,0.000000,7,12,15,17,48,70,120,310,1400,1600,1700,10800,0,7,27.056191640906576,3.1219790034811012,1679.933309002081,5827.005648148148
1783449334,100,,Aggregated,47.000000,0.000000,7,12,15,17,48,70,120,280,1400,1600,1700,10845,0,7,27.023930129997886,3.1219790034811012,1679.933309002081,5823.294144767174
1783449335,100,,Aggregated,46.700000,0.000000,7,12,15,17,48,70,120,280,1400,1600,1700,10888,0,7,26.979508840544504,3.1219790034811012,1679.933309002081,5822.6935157972075
1783449336,100,,Aggregated,47.000000,0.000000,7,12,15,17,48,70,120,270,1400,1600,1700,10942,0,7,26.9242340852555,3.1219790034811012,1679.933309002081,5820.893346737343
1783449337,100,,Aggregated,45.900000,0.000000,7,12,15,17,48,70,120,270,1400,1600,1700,10982,0,7,26.875002472582064,3.1219790034811012,1679.933309002081,5821.225368785285
1783449338,100,,Aggregated,46.400000,0.000000,7,12,15,17,48,70,120,260,1400,1600,1700,11028,0,7,26.843703923912166,3.1219790034811012,1679.933309002081,5816.697769314473
1783449339,100,,Aggregated,46.000000,0.000000,7,12,15,17,47,70,120,260,1400,1600,1700,11072,0,7,26.775619406872977,3.1219790034811012,1679.933309002081,5815.686145231214
1783449340,100,,Aggregated,46.000000,0.000000,7,12,15,17,47,70,120,260,1400,1600,1700,11119,0,7,26.69775495655275,3.1219790034811012,1679.933309002081,5815.190574691968
1783449341,100,,Aggregated,45.900000,0.000000,7,12,15,17,47,70,120,260,1400,1600,1700,11163,0,7,26.6345077766654,3.1219790034811012,1679.933309002081,5810.6791185165275
1783449342,100,,Aggregated,45.400000,0.000000,7,12,15,17,47,70,120,250,1400,1600,1700,11211,0,7,26.58962831611089,3.1219790034811012,1679.933309002081,5813.104986174293
1783449343,100,,Aggregated,45.800000,0.000000,7,12,15,17,47,69,120,250,1400,1600,1700,11258,0,7,26.535265196298813,3.1219790034811012,1679.933309002081,5817.1494048676495
1783449344,100,,Aggregated,45.100000,0.000000,7,12,15,17,47,69,110,250,1400,1600,1700,11303,0,7,26.483381432532326,3.1219790034811012,1679.933309002081,5821.744227196319
1783449345,100,,Aggregated,45.100000,0.000000,7,12,15,17,47,69,110,250,1400,1600,1700,11356,0,7,26.421698184567095,3.1219790034811012,1679.933309002081,5824.140718562874
1783449346,100,,Aggregated,45.900000,0.000000,7,12,15,17,47,69,110,250,1400,1600,1700,11394,0,7,26.392971337101173,3.1219790034811012,1679.933309002081,5825.774618220116
1783449347,100,,Aggregated,46.900000,0.000000,7,12,15,17,47,69,110,240,1400,1600,1700,11442,0,7,26.335141843203214,3.1219790034811012,1679.933309002081,5826.292955776962
1783449348,100,,Aggregated,44.800000,0.000000,7,12,14,17,47,69,110,240,1400,1600,1700,11486,0,7,26.28578036339209,3.1219790034811012,1679.933309002081,5824.486069998259
1783449349,100,,Aggregated,46.100000,0.000000,7,12,14,17,47,69,110,240,1400,1600,1700,11533,0,7,26.222274482523783,3.0760759982513264,1679.933309002081,5823.773519465881
1783449350,100,,Aggregated,45.600000,0.000000,7,12,14,17,47,69,110,240,1400,1600,1700,11577,0,7,26.174702782577665,3.0760759982513264,1679.933309002081,5813.241340589099
1783449351,100,,Aggregated,45.600000,0.000000,7,12,14,17,47,69,110,240,1400,1600,1700,11618,0,7,26.134391767850587,3.0760759982513264,1679.933309002081,5812.940609399208
1783449352,100,,Aggregated,45.400000,0.000000,7,12,14,17,47,68,110,240,1400,1600,1700,11664,0,7,26.087907433203227,3.0760759982513264,1679.933309002081,5805.3640260631
1783449353,100,,Aggregated,45.700000,0.000000,7,12,14,17,47,68,110,240,1400,1600,1700,11718,0,7,26.032544749184144,3.0760759982513264,1679.933309002081,5799.821727257211
1783449354,100,,Aggregated,45.600000,0.000000,7,12,14,17,47,68,110,240,1400,1600,1700,11752,0,7,26.006870308965436,3.0760759982513264,1679.933309002081,5799.854748127978
1783449355,100,,Aggregated,46.000000,0.000000,7,12,14,17,47,68,110,240,1400,1600,1700,11795,0,7,25.964162028314323,3.0760759982513264,1679.933309002081,5805.133785502331
1783449356,100,,Aggregated,44.700000,0.000000,7,12,14,17,47,68,110,230,1400,1600,1700,11841,0,7,25.92297231584708,3.0760759982513264,1679.933309002081,5805.83531796301
1783449357,100,,Aggregated,43.400000,0.000000,7,11,14,17,47,68,110,230,1400,1600,1700,11897,0,7,25.853757281411074,3.0760759982513264,1679.933309002081,5801.918298730772
1783449358,100,,Aggregated,44.700000,0.000000,7,11,14,17,47,68,110,220,1400,1600,1700,11932,0,7,25.81721731796481,3.0760759982513264,1679.933309002081,5795.869510559839
1783449359,100,,Aggregated,45.700000,0.000000,7,11,14,17,47,68,110,220,1400,1600,1700,11982,0,7,25.75545507669561,3.0760759982513264,1679.933309002081,5790.803455182774
1783449360,100,,Aggregated,44.600000,0.000000,7,11,14,17,47,68,110,220,1400,1600,1700,12024,0,7,25.71468791949377,3.0760759982513264,1679.933309002081,5790.944444444444
1783449361,100,,Aggregated,44.600000,0.000000,7,11,14,17,47,68,110,220,1400,1600,1700,12067,0,7,25.680579469545968,3.0760759982513264,1679.933309002081,5791.887627413607
1783449362,100,,Aggregated,44.600000,0.000000,7,11,14,17,47,67,110,220,1400,1600,1700,12116,0,7,25.628633909460852,3.0760759982513264,1679.933309002081,5793.060333443381
1783449363,100,,Aggregated,44.800000,0.000000,7,11,14,17,47,67,110,220,1400,1600,1700,12162,0,7,25.569141633453768,3.0760759982513264,1679.933309002081,5783.788603848051
1783449364,100,,Aggregated,44.800000,0.000000,7,11,14,17,47,67,110,220,1400,1600,1700,12205,0,7,25.524823065876227,3.0760759982513264,1679.933309002081,5785.163211798444
1783449365,100,,Aggregated,44.500000,0.000000,7,11,14,17,47,67,110,220,1400,1600,1700,12255,0,7,25.462368368257124,3.0760759982513264,1679.933309002081,5786.861852305182
1783449366,100,,Aggregated,45.100000,0.000000,7,11,14,17,47,67,110,210,1400,1600,1700,12305,0,7,25.40106402413377,3.0760759982513264,1679.933309002081,5786.0664770418525
1783449367,100,,Aggregated,45.800000,0.000000,7,11,14,17,47,67,110,210,1400,1600,1700,12352,0,7,25.369046259634207,3.0760759982513264,1679.933309002081,5789.90730246114
1783449368,100,,Aggregated,45.800000,0.000000,7,11,14,17,47,67,110,210,1400,1600,1700,12399,0,7,25.30274324970097,3.0760759982513264,1679.933309002081,5785.332446165014
1783449369,100,,Aggregated,44.800000,0.000000,7,11,14,17,47,67,110,210,1400,1600,1700,12443,0,7,25.269959816846466,3.0760759982513264,1679.933309002081,5784.367355139436
1783449370,100,,Aggregated,46.400000,0.000000,7,11,14,17,47,67,110,210,1400,1600,1700,12492,0,7,25.215836016411274,3.0760759982513264,1679.933309002081,5783.813400576369
1783449371,100,,Aggregated,46.000000,0.000000,7,11,14,17,47,67,110,210,1400,1600,1700,12540,0,7,25.174459931740625,3.0760759982513264,1679.933309002081,5783.37288676236
1783449372,100,,Aggregated,46.600000,0.000000,7,11,14,17,47,67,110,210,1400,1600,1700,12580,0,7,25.128552803659655,3.0760759982513264,1679.933309002081,5781.14705882353
1783449373,100,,Aggregated,47.000000,0.000000,7,11,14,17,46,67,110,200,1400,1600,1700,12623,0,7,25.088616196074266,3.0760759982513264,1679.933309002081,5786.874435554148
1783449375,100,,Aggregated,45.600000,0.000000,7,11,15,17,47,68,110,200,1400,1600,1700,12710,0,7,25.445612554448967,3.0760759982513264,1679.933309002081,5778.42077104642
1783449376,100,,Aggregated,42.300000,0.000000,7,11,14,17,47,68,110,200,1400,1600,1700,12744,0,7,25.404904644778597,3.0760759982513264,1679.933309002081,5776.084118016322
1783449377,100,,Aggregated,45.500000,0.000000,7,11,14,17,47,68,110,200,1400,1600,1700,12788,0,7,25.366067238899277,3.0760759982513264,1679.933309002081,5772.167891773538
1783449378,100,,Aggregated,43.500000,0.000000,7,11,14,17,47,69,110,200,1400,1600,1700,12836,0,7,25.350740213386835,3.0760759982513264,1679.933309002081,5775.111015892801
1783449379,100,,Aggregated,42.100000,0.000000,7,11,14,17,47,69,110,200,1400,1600,1700,12884,0,7,25.35017409500436,3.0760759982513264,1679.933309002081,5778.343216392424
1783449380,100,,Aggregated,42.000000,0.000000,7,11,14,17,47,69,110,200,1400,1600,1700,12922,0,7,25.30757693368081,3.0760759982513264,1679.933309002081,5773.410153227054
1783449381,100,,Aggregated,42.500000,0.000000,7,11,14,17,47,69,110,200,1400,1600,1700,12975,0,7,25.25947070990551,3.0760759982513264,1679.933309002081,5781.873371868979
1783449382,100,,Aggregated,42.400000,0.000000,7,11,14,17,47,69,110,200,1400,1600,1700,13020,0,7,25.218206647849325,3.0760759982513264,1679.933309002081,5776.772887864823
1783449383,100,,Aggregated,40.800000,0.000000,7,11,14,17,47,68,110,200,1400,1600,1700,13070,0,7,25.172488154245475,3.0760759982513264,1679.933309002081,5776.814460596786
1783449384,100,,Aggregated,42.000000,0.000000,7,11,14,17,47,68,110,200,1400,1600,1700,13110,0,7,25.126979459112928,3.0760759982513264,1679.933309002081,5778.0842105263155
1783449385,100,,Aggregated,43.600000,0.000000,7,11,14,17,47,68,110,200,1400,1600,1700,13160,0,7,25.0994529811556,3.0760759982513264,1679.933309002081,5780.83829787234
1783449386,100,,Aggregated,46.600000,0.000000,7,11,14,17,47,68,110,200,1400,1600,1700,13201,0,7,25.052446296945597,3.0760759982513264,1679.933309002081,5772.109082645254
1783449387,100,,Aggregated,42.600000,0.000000,7,11,14,17,47,68,110,200,1400,1600,1700,13249,0,7,25.005186337910466,3.0760759982513264,1679.933309002081,5777.826628424787
1783449388,100,,Aggregated,45.200000,0.000000,7,11,14,17,47,68,110,200,1400,1600,1700,13304,0,7,24.950447312535434,3.0760759982513264,1679.933309002081,5784.127029464823
1783449389,100,,Aggregated,46.200000,0.000000,7,11,14,17,47,68,110,200,1400,1600,1700,13342,0,7,24.906192132209032,3.0760759982513264,1679.933309002081,5786.175685804227
1783449390,100,,Aggregated,45.900000,0.000000,7,11,14,17,47,68,110,200,1400,1600,1700,13390,0,7,24.883663532856936,3.0760759982513264,1679.933309002081,5794.3604182225545
1783449391,100,,Aggregated,46.600000,0.000000,7,11,14,17,47,68,110,190,1400,1600,1700,13440,0,7,24.828082430502448,3.0760759982513264,1679.933309002081,5795.700892857143
1783449392,100,,Aggregated,45.300000,0.000000,7,11,14,17,47,68,110,190,1400,1600,1700,13484,0,7,24.781590266460697,3.0760759982513264,1679.933309002081,5799.68110353011
1783449393,100,,Aggregated,46.800000,0.000000,7,11,14,17,47,68,110,190,1400,1600,1700,13533,0,7,24.73407361102132,3.0760759982513264,1679.933309002081,5797.032439222641
1783449394,100,,Aggregated,46.800000,0.000000,7,11,14,17,47,67,110,190,1400,1600,1700,13585,0,7,24.68967179278346,3.0760759982513264,1679.933309002081,5801.116304747884
1783449395,100,,Aggregated,45.800000,0.000000,7,11,14,17,47,67,110,190,1400,1600,1700,13629,0,7,24.65800090461326,3.0760759982513264,1679.933309002081,5797.10426296867
1783449396,100,,Aggregated,46.300000,0.000000,7,11,14,17,47,67,110,190,1400,1600,1700,13677,0,7,24.62809709460885,3.0760759982513264,1679.933309002081,5796.262703809315
1783449397,100,,Aggregated,47.500000,0.000000,7,11,14,17,47,67,110,190,1400,1600,1700,13723,0,7,24.596842647156443,3.0760759982513264,1679.933309002081,5796.409458573198
1783449398,100,,Aggregated,46.900000,0.000000,7,11,14,17,47,67,110,190,1400,1600,1700,13771,0,7,24.552521321831524,3.0760759982513264,1679.933309002081,5795.846343765885
1783449399,100,,Aggregated,47.100000,0.000000,7,11,14,17,47,67,110,190,1400,1600,1700,13815,0,7,24.51684953325509,3.0760759982513264,1679.933309002081,5793.855881288455
1783449400,100,,Aggregated,47.000000,0.000000,7,11,14,17,47,67,110,190,1400,1600,1700,13863,0,7,24.479255813960084,3.0760759982513264,1679.933309002081,5795.830051215466
1783449401,100,,Aggregated,46.400000,0.000000,7,11,14,17,47,67,110,190,1400,1600,1700,13906,0,7,24.43578334955609,3.0760759982513264,1679.933309002081,5795.050769452035
1783449402,100,,Aggregated,47.300000,0.000000,7,11,14,17,47,67,110,190,1400,1600,1700,13953,0,7,24.42613357227175,3.0760759982513264,1679.933309002081,5788.953701712893
1783449403,100,,Aggregated,46.900000,0.000000,7,11,14,17,47,67,110,190,1400,1600,1700,13991,0,7,24.39374764476556,3.0760759982513264,1679.933309002081,5792.587734972482
1783449404,100,,Aggregated,46.600000,0.000000,7,11,14,17,47,67,110,190,1400,1600,1700,14050,0,7,24.358162634512592,3.0760759982513264,1679.933309002081,5793.496797153025
1783449405,100,,Aggregated,46.900000,0.000000,7,11,14,17,47,67,100,190,1400,1600,1700,14094,0,7,24.321134072363186,3.0760759982513264,1679.933309002081,5789.869093231162
1783449406,100,,Aggregated,46.000000,0.000000,7,11,14,17,47,67,100,180,1400,1600,1700,14144,0,7,24.281196731819293,3.0760759982513264,1679.933309002081,5785.774533371041
1783449407,100,,Aggregated,46.100000,0.000000,7,11,14,17,47,67,100,180,1400,1600,1700,14183,0,7,24.2526983440635,3.0760759982513264,1679.933309002081,5784.97370090954
1783449408,100,,Aggregated,46.600000,0.000000,7,11,14,17,47,67,100,180,1400,1600,1700,14229,0,7,24.2135163605925,3.0760759982513264,1679.933309002081,5785.330873568065
1783449409,100,,Aggregated,46.500000,0.000000,7,11,14,17,47,67,100,180,1400,1600,1700,14279,0,7,24.164541781770748,3.0760759982513264,1679.933309002081,5783.10343861615
1783449410,100,,Aggregated,46.500000,0.000000,7,11,14,17,46,66,100,180,1400,1600,1700,14321,0,7,24.122226846231094,3.0760759982513264,1679.933309002081,5783.815655331332
1783449411,100,,Aggregated,46.000000,0.000000,7,11,14,17,46,66,100,180,1400,1600,1700,14379,0,7,24.075267166552862,3.0760759982513264,1679.933309002081,5775.659433896655
1783449412,100,,Aggregated,46.300000,0.000000,7,11,14,17,46,66,100,180,1400,1600,1700,14414,0,7,24.054803344445496,3.0760759982513264,1679.933309002081,5778.079575412793
1783449413,100,,Aggregated,46.500000,0.000000,7,11,14,17,46,66,100,180,1400,1600,1700,14460,0,7,24.03099327723594,3.0760759982513264,1679.933309002081,5773.91438450899
1783449414,100,,Aggregated,46.200000,0.000000,7,11,14,17,46,66,100,180,1400,1600,1700,14513,0,7,24.006220428500068,3.0760759982513264,1679.933309002081,5774.344794322332
1783449415,100,,Aggregated,45.600000,0.000000,7,11,14,17,46,66,100,180,1400,1600,1700,14559,0,7,23.97261256376231,3.0760759982513264,1679.933309002081,5771.857819905214
1783449416,100,,Aggregated,46.700000,0.000000,7,11,14,17,46,66,100,180,1400,1600,1700,14605,0,7,23.962824539255145,3.0760759982513264,1679.933309002081,5773.068058883944
1783449417,100,,Aggregated,46.800000,0.000000,7,11,14,17,46,66,100,180,1400,1600,1700,14659,0,7,23.91595561524015,3.0760759982513264,1679.933309002081,5767.83648270687
1783449418,100,,Aggregated,45.700000,0.000000,7,11,14,17,46,66,100,180,1400,1600,1700,14696,0,7,23.901837165199257,3.0760759982513264,1679.933309002081,5767.18011703865
1783449419,100,,Aggregated,45.600000,0.000000,7,11,14,17,46,66,100,180,1400,1600,1700,14748,0,7,23.86072416366802,3.0760759982513264,1679.933309002081,5770.874627068077
1783449420,100,,Aggregated,46.900000,0.000000,7,11,14,17,46,66,100,180,1400,1600,1700,14793,0,7,23.834004520228863,3.0760759982513264,1679.933309002081,5771.416075170689
1783449421,100,,Aggregated,46.100000,0.000000,7,11,14,17,46,66,100,180,1400,1600,1700,14836,0,7,23.796613596235424,3.0760759982513264,1679.933309002081,5766.844769479644
1783449422,100,,Aggregated,46.800000,0.000000,7,11,14,17,46,66,100,180,1400,1600,1700,14882,0,7,23.767780039226828,3.0760759982513264,1679.933309002081,5767.00362854455
1783449423,100,,Aggregated,46.400000,0.000000,7,11,14,17,46,66,100,180,1400,1600,1700,14925,0,7,23.75294731743819,3.0760759982513264,1679.933309002081,5766.7553098827475
1783449424,100,,Aggregated,46.300000,0.000000,7,11,14,17,46,66,100,180,1400,1600,1700,14979,0,7,23.728557181976463,3.0760759982513264,1679.933309002081,5770.611522798585
1783449425,100,,Aggregated,46.900000,0.000000,7,11,14,17,46,66,100,180,1400,1600,1700,15023,0,7,23.703235555073693,3.0760759982513264,1679.933309002081,5764.618584836584
1783449426,100,,Aggregated,46.200000,0.000000,7,11,14,17,46,66,100,180,1400,1600,1700,15065,0,7,23.676037620304175,3.0760759982513264,1679.933309002081,5764.269897112513
1783449427,100,,Aggregated,45.700000,0.000000,7,11,14,17,46,66,100,180,1400,1600,1700,15114,0,7,23.646396673475472,3.0760759982513264,1679.933309002081,5761.634908032288
1783449428,100,,Aggregated,46.300000,0.000000,7,11,14,17,46,66,100,180,1400,1600,1700,15155,0,7,23.626690316191535,3.0760759982513264,1679.933309002081,5766.767469482019
1783449429,100,,Aggregated,46.600000,0.000000,7,11,14,17,46,65,100,180,1400,1600,1700,15202,0,7,23.601802137211347,3.0760759982513264,1679.933309002081,5764.657281936587
1783449430,100,,Aggregated,45.000000,0.000000,7,11,14,17,46,66,100,180,1400,1600,1700,15248,0,7,23.592388422539663,3.0760759982513264,1679.933309002081,5758.39611752361
1783449431,100,,Aggregated,45.900000,0.000000,7,11,14,17,46,65,100,180,1400,1600,1700,15293,0,7,23.546500055373137,3.0760759982513264,1679.933309002081,5757.486889426535
1783449432,100,,Aggregated,45.600000,0.000000,7,11,14,17,46,65,100,180,1400,1600,1700,15338,0,7,23.498977937724085,3.0760759982513264,1679.933309002081,5760.480179945234
1783449433,100,,Aggregated,45.400000,0.000000,7,11,14,17,46,65,100,180,1400,1600,1700,15383,0,7,23.48588892828178,3.0760759982513264,1679.933309002081,5761.75063381655
1783449434,100,,Aggregated,45.400000,0.000000,7,11,14,17,46,65,100,170,1400,1600,1700,15424,0,7,23.468258341272,3.0760759982513264,1679.933309002081,5765.170254149378
1783449435,100,,Aggregated,44.800000,0.000000,7,11,14,17,46,66,100,170,1400,1600,1700,15471,0,7,23.447138889521277,3.0760759982513264,1679.933309002081,5762.50604356538
1783449436,100,,Aggregated,45.400000,0.000000,7,11,14,17,46,65,100,170,1400,1600,1700,15519,0,7,23.405167142263714,3.0760759982513264,1679.933309002081,5763.896900573491
1783449437,100,,Aggregated,44.700000,0.000000,7,11,14,17,46,66,100,170,1400,1600,1700,15559,0,7,23.382024836608014,3.0760759982513264,1679.933309002081,5767.4614692460955
1783449438,100,,Aggregated,44.800000,0.000000,7,11,14,17,46,65,100,170,1400,1600,1700,15606,0,7,23.35234813243583,3.0760759982513264,1679.933309002081,5761.921568627451
1783449439,100,,Aggregated,44.600000,0.000000,7,11,14,17,46,65,100,170,1400,1600,1700,15649,0,7,23.318504780037326,3.0760759982513264,1679.933309002081,5765.282318359001
1783449440,100,,Aggregated,44.700000,0.000000,7,11,14,17,46,65,100,170,1400,1600,1700,15701,0,7,23.28849768739432,3.0760759982513264,1679.933309002081,5769.0617158142795
1783449441,100,,Aggregated,44.800000,0.000000,7,11,14,17,46,65,100,170,1400,1600,1700,15745,0,7,23.255689388809195,3.0760759982513264,1679.933309002081,5772.738266116227
1783449442,100,,Aggregated,44.200000,0.000000,7,11,14,16,46,65,100,170,1400,1600,1700,15790,0,7,23.223678814551835,3.0760759982513264,1679.933309002081,5775.870360987967
1783449443,100,,Aggregated,44.800000,0.000000,7,11,14,16,46,65,100,170,1400,1600,1700,15833,0,7,23.195983900890184,3.0760759982513264,1679.933309002081,5769.578475336323
1783449444,100,,Aggregated,44.900000,0.000000,7,11,14,16,46,65,100,170,1400,1600,1700,15879,0,7,23.16113669134013,3.0760759982513264,1679.933309002081,5771.959821147428
1783449445,100,,Aggregated,45.300000,0.000000,7,11,14,16,46,65,99,170,1400,1600,1700,15926,0,7,23.128972207572033,3.0760759982513264,1679.933309002081,5770.512746452342
1783449446,100,,Aggregated,44.200000,0.000000,7,11,14,16,46,65,99,170,1400,1600,1700,15972,0,7,23.112997994539526,3.0760759982513264,1679.933309002081,5763.642123716504
1783449447,100,,Aggregated,45.800000,0.000000,7,11,14,16,46,65,99,170,1400,1600,1700,16014,0,7,23.074084061057658,3.0760759982513264,1679.933309002081,5763.863869114525
1783449448,100,,Aggregated,45.300000,0.000000,7,11,14,16,46,64,98,170,1400,1600,1700,16066,0,7,23.041662292653655,3.0760759982513264,1679.933309002081,5763.945225942985
1783449449,100,,Aggregated,45.000000,0.000000,7,11,14,16,46,64,98,170,1400,1600,1700,16119,0,7,23.00440622524807,3.0760759982513264,1679.933309002081,5765.40734536882
1783449450,100,,Aggregated,45.500000,0.000000,7,11,14,16,46,64,98,170,1400,1600,1700,16162,0,7,22.986927919179276,3.0760759982513264,1679.933309002081,5765.3074495730725
1783449451,100,,Aggregated,46.000000,0.000000,7,11,14,16,45,64,98,170,1400,1600,1700,16209,0,7,22.949465168102847,3.0760759982513264,1679.933309002081,5762.8248503917575
1783449452,100,,Aggregated,45.800000,0.000000,7,11,14,16,45,64,98,170,1400,1600,1700,16254,0,7,22.920752940986915,3.0760759982513264,1679.933309002081,5763.108219515197
1783449453,100,,Aggregated,45.900000,0.000000,7,11,14,16,45,64,98,170,1400,1600,1700,16293,0,7,22.90867341691598,3.0760759982513264,1679.933309002081,5760.795433621801
1783449454,100,,Aggregated,46.900000,0.000000,7,11,14,16,45,64,98,170,1400,1600,1700,16346,0,7,22.87549592174464,3.0760759982513264,1679.933309002081,5760.215037317998
1783449455,100,,Aggregated,46.300000,0.000000,7,11,14,16,45,64,98,170,1400,1600,1700,16387,0,7,22.847838203748488,3.0760759982513264,1679.933309002081,5760.420333190944
1783449456,100,,Aggregated,46.200000,0.000000,7,11,14,16,45,64,98,170,1400,1600,1700,16434,0,7,22.814047946806657,3.0760759982513264,1679.933309002081,5760.436899111598
1783449457,100,,Aggregated,46.200000,0.000000,7,11,14,16,45,64,98,170,1400,1600,1700,16478,0,7,22.787229453321107,3.0760759982513264,1679.933309002081,5764.664704454424
1783449458,100,,Aggregated,45.700000,0.000000,7,11,14,16,45,64,98,170,1400,1600,1700,16527,0,7,22.75234697941763,3.0760759982513264,1679.933309002081,5765.1281539299325
1783449459,100,,Aggregated,46.400000,0.000000,7,11,14,16,45,64,97,170,1400,1600,1700,16571,0,7,22.72282173187004,3.0760759982513264,1679.933309002081,5768.796210246816
1783449460,100,,Aggregated,45.900000,0.000000,7,11,14,16,45,64,97,170,1400,1600,1700,16617,0,7,22.689622159884767,3.0760759982513264,1679.933309002081,5768.7456219534215
1783449461,100,,Aggregated,45.800000,0.000000,7,11,14,16,45,64,97,170,1400,1600,1700,16660,0,7,22.66051279254562,3.0760759982513264,1679.933309002081,5766.452821128451
1783449462,100,,Aggregated,45.700000,0.000000,7,11,14,16,45,64,97,160,1400,1600,1700,16703,0,7,22.645353901382364,3.0760759982513264,1679.933309002081,5762.2364245943845
1783449463,100,,Aggregated,44.900000,0.000000,7,11,14,16,45,64,97,160,1400,1600,1700,16758,0,7,22.600409500883515,3.0760759982513264,1679.933309002081,5761.568743286788
1783449464,100,,Aggregated,44.500000,0.000000,7,11,14,16,45,64,97,160,1400,1600,1700,16797,0,7,22.576251694101853,3.0760759982513264,1679.933309002081,5761.305054474014
1783449465,100,,Aggregated,44.700000,0.000000,7,11,14,16,45,63,97,160,1400,1600,1700,16852,0,7,22.538675719014403,3.0760759982513264,1679.933309002081,5762.735639686684
1783449466,100,,Aggregated,46.500000,0.000000,7,11,14,16,45,63,97,160,1400,1600,1700,16897,0,7,22.525633092907206,3.0760759982513264,1679.933309002081,5761.039652009233
1783449467,100,,Aggregated,45.100000,0.000000,7,11,14,16,45,63,97,160,1400,1600,1700,16939,0,7,22.4942300074907,3.0760759982513264,1679.933309002081,5762.601098057737
1783449468,100,,Aggregated,46.500000,0.000000,7,11,14,16,45,63,97,160,1400,1600,1700,16979,0,7,22.468888971723036,3.0760759982513264,1679.933309002081,5764.104540903469
1783449469,100,,Aggregated,46.300000,0.000000,7,11,14,16,45,63,97,160,1400,1600,1700,17029,0,7,22.442913807673015,3.0760759982513264,1679.933309002081,5762.539667625815
1783449470,100,,Aggregated,45.800000,0.000000,7,11,14,16,45,63,96,160,1400,1600,1700,17070,0,7,22.408322604970877,3.0760759982513264,1679.933309002081,5765.447393087287
1783449471,100,,Aggregated,45.600000,0.000000,7,11,14,16,45,63,96,160,1400,1600,1700,17124,0,7,22.387786226224506,3.0760759982513264,1679.933309002081,5764.12362765709
1783449472,100,,Aggregated,45.500000,0.000000,7,11,14,16,45,63,96,160,1400,1600,1700,17163,0,7,22.365778669106085,3.0760759982513264,1679.933309002081,5760.138961719979
1783449473,100,,Aggregated,45.500000,0.000000,7,11,14,16,45,63,96,160,1400,1600,1700,17214,0,7,22.337597344885477,3.0760759982513264,1679.933309002081,5760.586789822238
1783449474,100,,Aggregated,46.000000,0.000000,7,11,14,16,45,63,96,160,1400,1600,1700,17260,0,7,22.315011514765374,3.0760759982513264,1679.933309002081,5757.8296060254925
1783449475,100,,Aggregated,45.400000,0.000000,7,11,14,16,45,63,96,160,1400,1600,1700,17300,0,7,22.288365802649245,3.0760759982513264,1679.933309002081,5756.247283236994
1783449476,100,,Aggregated,45.300000,0.000000,7,11,14,16,45,63,95,160,1400,1600,1700,17351,0,7,22.263703047018854,3.0760759982513264,1679.933309002081,5757.248170134286
1783449477,100,,Aggregated,46.100000,0.000000,7,11,14,16,45,63,95,160,1400,1600,1700,17399,0,7,22.237172470192075,3.0760759982513264,1679.933309002081,5759.18558537847
1783449478,100,,Aggregated,44.600000,0.000000,7,11,14,16,45,63,95,150,1400,1600,1700,17440,0,7,22.221946985256608,3.0760759982513264,1679.933309002081,5758.430733944954
1783449480,100,,Aggregated,45.800000,0.000000,7,11,14,16,45,63,95,160,1400,1600,1700,17491,0,7,22.218094098670896,3.0760759982513264,1679.933309002081,5759.658738779944
1783449481,100,,Aggregated,45.200000,0.000000,7,11,14,16,45,63,95,150,1400,1600,1700,17544,0,7,22.18420090765125,3.0760759982513264,1679.933309002081,5760.171511627907
1783449482,100,,Aggregated,45.200000,0.000000,7,11,14,16,45,63,95,150,1400,1600,1700,17589,0,7,22.171075440436613,3.0760759982513264,1679.933309002081,5762.755642731253
1783449483,100,,Aggregated,46.200000,0.000000,7,11,14,16,45,63,95,150,1400,1600,1700,17640,0,7,22.140528472155726,3.0760759982513264,1679.933309002081,5759.589909297052
1783449484,100,,Aggregated,45.100000,0.000000,7,11,14,16,45,63,95,150,1400,1600,1700,17682,0,7,22.12805700881162,3.0760759982513264,1679.933309002081,5756.867153036987
1783449485,100,,Aggregated,46.400000,0.000000,7,11,14,16,45,63,94,150,1400,1600,1700,17734,0,7,22.10801328701167,3.0760759982513264,1679.933309002081,5753.88366978685
1783449486,100,,Aggregated,45.200000,0.000000,7,11,14,16,45,62,94,150,1400,1600,1700,17779,0,7,22.07668088856967,3.0760759982513264,1679.933309002081,5757.144777546544
1783449487,100,,Aggregated,45.000000,0.000000,7,11,14,16,45,62,94,150,1400,1600,1700,17823,0,7,22.064675583396607,3.0760759982513264,1679.933309002081,5757.361835830107
1783449488,100,,Aggregated,46.500000,0.000000,7,11,14,16,45,62,94,150,1400,1600,1700,17870,0,7,22.04234847962516,3.0760759982513264,1679.933309002081,5754.967879127029
1783449489,100,,Aggregated,45.000000,0.000000,7,11,14,16,44,62,94,150,1400,1600,1700,17915,0,7,22.02304547116281,3.0760759982513264,1679.933309002081,5757.968741278259
1783449490,100,,Aggregated,45.800000,0.000000,7,11,14,16,44,62,94,150,1400,1600,1700,17963,0,7,22.007110305177612,3.0760759982513264,1679.933309002081,5755.263374714691
1783449491,100,,Aggregated,46.300000,0.000000,7,11,14,16,45,62,94,150,1300,1600,1700,18002,0,7,21.996619615870014,3.0760759982513264,1679.933309002081,5752.155093878458
1783449492,100,,Aggregated,46.600000,0.000000,7,11,14,16,44,62,94,150,1300,1600,1700,18053,0,7,21.973160116151792,3.0760759982513264,1679.933309002081,5755.423198360383
1783449493,100,,Aggregated,45.700000,0.000000,7,11,14,16,44,62,94,150,1300,1600,1700,18095,0,7,21.944097206570067,3.0760759982513264,1679.933309002081,5753.829731970158
1783449494,100,,Aggregated,46.700000,0.000000,7,11,14,16,44,62,94,150,1300,1600,1700,18145,0,7,21.919733855326108,3.0760759982513264,1679.933309002081,5751.532653623588
1783449495,100,,Aggregated,45.600000,0.000000,7,11,14,16,44,62,94,150,1300,1600,1700,18193,0,7,21.913666551304008,3.0760759982513264,1679.933309002081,5749.059803221019
1783449496,100,,Aggregated,45.500000,0.000000,7,11,14,16,44,62,94,150,1300,1600,1700,18243,0,7,21.888925401845544,3.0760759982513264,1679.933309002081,5752.854355095105
1783449497,100,,Aggregated,46.500000,0.000000,7,11,14,16,44,62,94,150,1300,1600,1700,18277,0,7,21.86629340777511,3.0760759982513264,1679.933309002081,5753.458116758768
1783449498,100,,Aggregated,45.600000,0.000000,7,11,14,16,44,62,94,150,1300,1600,1700,18326,0,7,21.844558706639425,3.0760759982513264,1679.933309002081,5753.621248499399
1783449499,100,,Aggregated,46.100000,0.000000,7,11,14,16,44,62,94,150,1300,1600,1700,18371,0,7,21.817211164274564,3.0760759982513264,1679.933309002081,5757.748081214959
1783449500,100,,Aggregated,45.700000,0.000000,7,11,14,16,44,62,94,150,1300,1600,1700,18415,0,7,21.796537161113577,3.0760759982513264,1679.933309002081,5759.837686668477
1783449501,100,,Aggregated,46.000000,0.000000,7,11,14,16,44,62,94,150,1300,1600,1700,18463,0,7,21.776417372739964,3.0760759982513264,1679.933309002081,5759.126956615934
1783449502,100,,Aggregated,45.400000,0.000000,7,11,14,16,44,62,93,150,1300,1600,1700,18512,0,7,21.74268586872785,3.0760759982513264,1679.933309002081,5761.522147796024
1783449503,100,,Aggregated,45.900000,0.000000,7,11,14,16,44,62,93,150,1300,1600,1700,18559,0,7,21.72419299514334,3.0760759982513264,1679.933309002081,5758.015733606337
1783449504,100,,Aggregated,44.700000,0.000000,7,11,14,16,44,62,93,150,1300,1600,1700,18601,0,7,21.702732149232556,3.0760759982513264,1679.933309002081,5756.06881350465
1783449505,100,,Aggregated,45.900000,0.000000,7,11,14,16,44,62,93,150,1300,1600,1700,18649,0,7,21.68299255594809,3.0760759982513264,1679.933309002081,5752.852860743204
1783449506,100,,Aggregated,46.300000,0.000000,7,11,14,16,44,62,93,150,1300,1600,1700,18696,0,7,21.662859387937317,3.0760759982513264,1679.933309002081,5752.221009841677
1783449507,100,,Aggregated,45.500000,0.000000,7,11,14,16,44,62,93,150,1300,1600,1700,18740,0,7,21.636592383291806,3.0760759982513264,1679.933309002081,5751.496104589114
1783449508,100,,Aggregated,45.800000,0.000000,7,11,14,16,44,62,93,150,1300,1600,1700,18782,0,7,21.613246346603724,3.0760759982513264,1679.933309002081,5752.046001490789
1783449509,100,,Aggregated,45.300000,0.000000,7,11,14,16,44,62,93,150,1300,1600,1700,18834,0,7,21.58427371938657,3.0760759982513264,1679.933309002081,5749.8917383455455
1783449510,100,,Aggregated,45.400000,0.000000,7,11,14,16,44,62,92,150,1300,1600,1700,18873,0,7,21.560402879293825,3.0760759982513264,1679.933309002081,5749.468711916495
1783449511,100,,Aggregated,45.600000,0.000000,7,11,14,16,44,62,92,140,1300,1600,1700,18917,0,7,21.544073404710257,3.0760759982513264,1679.933309002081,5746.091452133002
1783449512,100,,Aggregated,45.000000,0.000000,7,11,14,16,44,62,92,140,1300,1600,1700,18963,0,7,21.526156755519967,3.0760759982513264,1679.933309002081,5747.36718873596
1783449513,100,,Aggregated,45.400000,0.000000,7,11,14,16,44,62,92,140,1300,1600,1700,19008,0,7,21.504804563653924,3.0760759982513264,1679.933309002081,5746.500052609427
1783449514,100,,Aggregated,45.800000,0.000000,7,11,14,16,44,61,92,140,1300,1600,1700,19064,0,7,21.494597498737697,3.0760759982513264,1679.933309002081,5741.346884179606
1783449515,100,,Aggregated,44.900000,0.000000,7,11,14,16,44,61,92,140,1300,1600,1700,19103,0,7,21.48559938888735,3.0760759982513264,1679.933309002081,5737.951316547139
1783449516,100,,Aggregated,45.000000,0.000000,7,11,14,16,44,61,92,140,1300,1600,1700,19148,0,7,21.456922305142953,3.0760759982513264,1679.933309002081,5739.381449759766
1783449517,100,,Aggregated,44.200000,0.000000,7,11,14,16,44,61,92,140,1300,1600,1700,19196,0,7,21.431745379344445,3.0760759982513264,1679.933309002081,5739.196082517191
1783449518,100,,Aggregated,44.500000,0.000000,7,11,14,16,44,61,92,140,1300,1600,1700,19249,0,7,21.416885733278548,3.0760759982513264,1679.933309002081,5737.522312847421
1783449519,100,,Aggregated,45.300000,0.000000,7,11,14,16,44,61,92,140,1300,1600,1700,19288,0,7,21.397354235164787,3.0760759982513264,1679.933309002081,5737.445250933223
1783449520,100,,Aggregated,45.200000,0.000000,7,11,14,16,44,61,92,140,1300,1600,1700,19335,0,7,21.37906680097479,3.0760759982513264,1679.933309002081,5734.460460305146
1783449521,100,,Aggregated,45.000000,0.000000,7,11,14,16,44,61,92,140,1300,1600,1700,19379,0,7,21.35409745357524,3.0760759982513264,1679.933309002081,5729.335982248826
1783449522,100,,Aggregated,45.900000,0.000000,7,11,14,16,44,61,91,140,1300,1600,1700,19426,0,7,21.33936300312996,3.0760759982513264,1679.933309002081,5732.529187686606
1783449523,100,,Aggregated,44.900000,0.000000,7,11,14,16,44,61,91,140,1300,1600,1700,19473,0,7,21.318396349294108,3.0760759982513264,1679.933309002081,5731.835669901915
1783449524,100,,Aggregated,45.300000,0.000000,7,11,14,16,44,61,91,140,1300,1600,1700,19512,0,7,21.30502832712296,3.0760759982513264,1679.933309002081,5728.975912259122
1783449525,100,,Aggregated,45.500000,0.000000,7,11,14,16,44,61,91,140,1300,1600,1700,19565,0,7,21.286280162833226,3.0760759982513264,1679.933309002081,5729.538717096857
1783449526,100,,Aggregated,45.500000,0.000000,7,11,14,16,44,61,91,140,1300,1600,1700,19606,0,7,21.274171186720373,3.0760759982513264,1679.933309002081,5729.85560542691
1783449527,100,,Aggregated,45.500000,0.000000,7,11,14,16,44,61,91,140,1300,1600,1700,19651,0,7,21.261136445260874,3.0760759982513264,1679.933309002081,5731.002646175767
1783449528,100,,Aggregated,44.800000,0.000000,7,11,14,16,44,61,91,140,1300,1600,1700,19693,0,7,21.23928392768219,3.0760759982513264,1679.933309002081,5732.612705022089
1783449529,100,,Aggregated,45.100000,0.000000,7,11,14,16,44,61,91,140,1300,1600,1700,19736,0,7,21.219111097527815,3.0760759982513264,1679.933309002081,5732.101540332387
1783449530,100,,Aggregated,44.700000,0.000000,7,11,14,16,44,61,91,140,1300,1600,1700,19778,0,7,21.205781864030147,3.0760759982513264,1679.933309002081,5727.773081201335
1783449531,100,,Aggregated,43.900000,0.000000,7,11,14,16,44,61,91,140,1300,1600,1700,19827,0,7,21.189986149331123,3.0760759982513264,1679.933309002081,5731.730367680436
1783449532,100,,Aggregated,43.900000,0.000000,7,11,14,16,44,61,91,140,1300,1600,1700,19870,0,7,21.16834596159033,3.0760759982513264,1679.933309002081,5728.933668847509
1783449533,100,,Aggregated,44.400000,0.000000,7,11,14,16,44,61,91,140,1300,1600,1700,19920,0,7,21.14504860616459,3.0760759982513264,1679.933309002081,5731.213654618474
1783449535,100,,Aggregated,44.600000,0.000000,7,11,14,16,44,61,91,140,1300,1600,1700,19994,0,7,21.152986242062433,3.0760759982513264,1679.933309002081,5734.158497549265
1783449536,100,,Aggregated,42.800000,0.000000,7,11,14,16,44,61,91,140,1300,1500,1700,20029,0,7,21.13144071824773,3.0760759982513264,1679.933309002081,5730.430076389235
1783449537,100,,Aggregated,42.800000,0.000000,7,11,14,16,44,61,91,140,1300,1500,1700,20074,0,7,21.110315827725525,3.0760759982513264,1679.933309002081,5734.435887217296
1783449538,100,,Aggregated,44.800000,0.000000,7,11,14,16,44,61,90,140,1300,1500,1700,20128,0,7,21.094423987270112,3.0760759982513264,1679.933309002081,5734.858008744038
1783449539,100,,Aggregated,45.000000,0.000000,7,11,14,16,44,61,90,140,1300,1500,1700,20174,0,7,21.06756133913713,3.0760759982513264,1679.933309002081,5733.369287201348
1783449540,100,,Aggregated,45.700000,0.000000,7,11,14,16,44,61,90,140,1300,1500,1700,20217,0,7,21.054607229595884,3.0760759982513264,1679.933309002081,5736.891972102686
1783449541,100,,Aggregated,46.000000,0.000000,7,11,14,16,44,61,90,140,1300,1500,1700,20265,0,7,21.035843850568572,3.0760759982513264,1679.933309002081,5739.370441648161
1783449542,100,,Aggregated,46.300000,0.000000,7,11,14,16,44,61,90,140,1300,1500,1700,20311,0,7,21.01620244920249,3.0760759982513264,1679.933309002081,5741.380975825907
1783449543,100,,Aggregated,46.100000,0.000000,7,11,14,16,44,61,90,140,1300,1500,1700,20359,0,7,20.993490414888768,3.0760759982513264,1679.933309002081,5741.556215924162
1783449544,100,,Aggregated,46.700000,0.000000,7,11,14,16,44,61,90,140,1300,1500,1700,20405,0,7,20.98396769266014,3.0760759982513264,1679.933309002081,5742.527860818427
1783449545,100,,Aggregated,46.300000,0.000000,7,11,14,16,44,61,90,140,1300,1500,1700,20449,0,7,20.970083520501824,3.0760759982513264,1679.933309002081,5747.017702577143
1783449546,100,,Aggregated,48.000000,0.000000,7,11,14,16,44,61,90,140,1300,1500,1700,20496,0,7,20.955032162848774,3.0760759982513264,1679.933309002081,5747.307962529274
1783449547,100,,Aggregated,45.500000,0.000000,7,11,14,16,44,61,90,140,1300,1500,1700,20542,0,7,20.948345290563452,3.0760759982513264,1679.933309002081,5750.647551358193
1783449548,100,,Aggregated,46.400000,0.000000,7,11,14,16,44,61,90,140,1300,1500,1700,20591,0,7,20.925317179581285,3.0760759982513264,1679.933309002081,5746.7108931086395
1783449549,100,,Aggregated,46.400000,0.000000,7,11,14,16,43,60,90,140,1300,1500,1700,20636,0,7,20.903231261230683,3.0760759982513264,1679.933309002081,5745.392178716806
1783449550,100,,Aggregated,45.800000,0.000000,7,11,14,16,43,60,90,140,1300,1500,1700,20688,0,7,20.88131037851476,3.0760759982513264,1679.933309002081,5745.611948955917
1783449551,100,,Aggregated,46.100000,0.000000,7,11,14,16,43,60,90,130,1300,1500,1700,20733,0,7,20.865560762875443,3.0760759982513264,1679.933309002081,5743.134182221579
1783449552,100,,Aggregated,46.700000,0.000000,7,11,14,16,43,60,90,130,1300,1500,1700,20777,0,7,20.85090695079647,3.0760759982513264,1679.933309002081,5741.948597006305
1783449553,100,,Aggregated,47.000000,0.000000,7,11,14,16,43,60,90,130,1300,1500,1700,20826,0,7,20.82607766895537,3.0760759982513264,1679.933309002081,5741.16133679055
1783449554,100,,Aggregated,46.100000,0.000000,7,11,14,16,43,60,89,130,1300,1500,1700,20870,0,7,20.801397179762528,3.0760759982513264,1679.933309002081,5741.472400574988
1783449555,100,,Aggregated,46.100000,0.000000,7,11,14,16,43,60,89,130,1300,1500,1700,20920,0,7,20.78883207249737,3.0760759982513264,1679.933309002081,5746.646749521989
1783449556,100,,Aggregated,46.300000,0.000000,7,11,14,16,43,60,89,130,1300,1500,1700,20966,0,7,20.77187809575649,3.0760759982513264,1679.933309002081,5742.337975770295
1783449557,100,,Aggregated,46.900000,0.000000,7,11,14,16,43,60,89,130,1300,1500,1700,21006,0,7,20.76673666879141,3.0760759982513264,1679.933309002081,5744.568599447777
1783449558,100,,Aggregated,46.700000,0.000000,7,11,14,16,43,60,89,130,1300,1500,1700,21050,0,7,20.757073854187347,3.0760759982513264,1679.933309002081,5744.247363420428
1783449559,100,,Aggregated,46.400000,0.000000,7,11,14,16,43,60,89,130,1300,1500,1700,21107,0,7,20.736745396297394,3.0760759982513264,1679.933309002081,5742.932581607997
1783449560,100,,Aggregated,46.400000,0.000000,7,11,14,16,43,60,89,130,1300,1500,1700,21149,0,7,20.71642598031454,3.0760759982513264,1679.933309002081,5743.902832285215
1783449561,100,,Aggregated,46.900000,0.000000,7,11,14,16,43,60,89,130,1300,1500,1700,21187,0,7,20.701694421327712,3.0760759982513264,1679.933309002081,5744.389200925096
1783449562,100,,Aggregated,45.800000,0.000000,7,11,14,16,43,60,89,130,1300,1500,1700,21238,0,7,20.68340443858429,3.0760759982513264,1679.933309002081,5747.264949618608
1783449563,100,,Aggregated,44.900000,0.000000,7,11,14,16,43,60,89,130,1300,1500,1700,21283,0,7,20.66680025370751,3.0760759982513264,1679.933309002081,5744.892496358596
1783449564,100,,Aggregated,46.500000,0.000000,7,11,14,16,43,60,89,130,1300,1500,1700,21336,0,7,20.650879009591694,3.0760759982513264,1679.933309002081,5746.145903637045
1783449565,100,,Aggregated,45.900000,0.000000,7,11,14,16,43,60,89,130,1300,1500,1700,21378,0,7,20.645218671281768,3.0760759982513264,1679.933309002081,5744.020909346057
1783449566,100,,Aggregated,46.700000,0.000000,7,11,14,16,43,60,89,130,1300,1500,1700,21425,0,7,20.64944641781447,3.0760759982513264,1679.933309002081,5739.936756126021
1783449567,100,,Aggregated,45.500000,0.000000,7,11,14,16,43,60,89,130,1300,1500,1700,21470,0,7,20.637505924996898,3.0760759982513264,1679.933309002081,5739.281602235677
1783449568,100,,Aggregated,46.000000,0.000000,7,11,14,16,43,60,89,130,1300,1500,1700,21510,0,7,20.63269844647504,3.0760759982513264,1679.933309002081,5735.123988842399
1783449569,100,,Aggregated,46.000000,0.000000,7,11,14,16,43,60,89,130,1300,1500,1700,21555,0,7,20.61572459956835,3.0760759982513264,1679.933309002081,5735.284481558803
1783449570,100,,Aggregated,45.400000,0.000000,7,11,14,16,43,60,89,130,1300,1500,1700,21606,0,7,20.59837760287379,3.0760759982513264,1679.933309002081,5739.007497917245
1783449571,100,,Aggregated,44.900000,0.000000,7,11,14,16,43,60,89,130,1300,1500,1700,21650,0,7,20.583020137999284,3.0760759982513264,1679.933309002081,5739.826096997691
1783449572,100,,Aggregated,45.100000,0.000000,7,11,14,16,43,60,89,130,1300,1500,1700,21705,0,7,20.574422520373634,3.0760759982513264,1679.933309002081,5742.828564846809
1783449573,100,,Aggregated,46.100000,0.000000,7,11,14,16,43,60,89,130,1300,1500,1700,21745,0,7,20.566295651953478,3.0760759982513264,1679.933309002081,5740.541871694642
1783449574,100,,Aggregated,45.800000,0.000000,7,11,14,16,43,60,89,130,1300,1500,1700,21797,0,7,20.551215333153085,3.0760759982513264,1679.933309002081,5735.865027297335
1783449575,100,,Aggregated,46.300000,0.000000,7,11,14,16,43,60,89,130,1300,1500,1700,21840,0,7,20.5464977197679,3.0760759982513264,1679.933309002081,5736.780173992674
1783449576,100,,Aggregated,46.100000,0.000000,7,11,14,16,43,60,89,130,1300,1500,1700,21881,0,7,20.531383481593384,3.0760759982513264,1679.933309002081,5734.460399433298
1783449577,100,,Aggregated,46.500000,0.000000,7,11,14,16,43,60,89,130,1300,1500,1700,21938,0,7,20.510707999394803,3.0760759982513264,1679.933309002081,5738.554152611906
1783449578,100,,Aggregated,45.500000,0.000000,7,11,14,16,43,60,89,130,1300,1500,1700,21977,0,7,20.49746351074983,3.0760759982513264,1679.933309002081,5742.9966328434275
1783449579,100,,Aggregated,46.300000,0.000000,7,11,14,16,43,60,89,130,1300,1500,1700,22033,0,7,20.47029220872213,3.0760759982513264,1679.933309002081,5743.1337539145825
1783449580,100,,Aggregated,46.700000,0.000000,7,11,14,16,43,60,89,130,1300,1500,1700,22089,0,7,20.4491977981241,3.0760759982513264,1679.933309002081,5740.843542034497
1783449581,100,,Aggregated,46.600000,0.000000,7,11,14,16,43,60,89,130,1300,1500,1700,22127,0,7,20.44006733482876,3.0760759982513264,1679.933309002081,5746.717584851087
1783449582,100,,Aggregated,47.600000,0.000000,7,11,14,16,43,60,89,130,1300,1500,1700,22168,0,7,20.421520083532233,3.0760759982513264,1679.933309002081,5749.621887405269
1783449583,100,,Aggregated,46.900000,0.000000,7,11,14,16,43,60,89,130,1300,1500,1700,22216,0,7,20.40096945551554,3.0760759982513264,1679.933309002081,5752.567518905294
1783449584,100,,Aggregated,46.000000,0.000000,7,11,14,16,43,60,89,130,1300,1500,1700,22268,0,7,20.395088081047025,3.0760759982513264,1679.933309002081,5748.815564936232
1783449585,100,,Aggregated,46.200000,0.000000,7,11,14,16,43,60,89,130,1300,1500,1700,22304,0,7,20.384204480888133,3.0760759982513264,1679.933309002081,5747.198932926829
1783449586,100,,Aggregated,45.100000,0.000000,7,11,14,16,43,60,89,130,1300,1500,1700,22346,0,7,20.374898509430963,3.0760759982513264,1679.933309002081,5750.4489394075
1783449587,100,,Aggregated,45.700000,0.000000,7,11,14,16,43,60,88,130,1300,1500,1700,22397,0,7,20.363429128444928,3.0760759982513264,1679.933309002081,5750.260168772604
1783449588,100,,Aggregated,46.000000,0.000000,7,11,14,16,43,60,89,130,1300,1500,1700,22446,0,7,20.359956090206847,3.0760759982513264,1679.933309002081,5749.355653568565
1783449589,100,,Aggregated,45.400000,0.000000,7,11,14,16,43,60,88,130,1300,1500,1700,22496,0,7,20.33226801937083,3.0760759982513264,1679.933309002081,5750.199635490754
1783449590,100,,Aggregated,46.000000,0.000000,7,11,14,16,43,60,89,130,1300,1500,1700,22541,0,7,20.329258115912076,3.0760759982513264,1679.933309002081,5747.526329799033
1783449591,100,,Aggregated,45.500000,0.000000,7,11,14,16,43,60,89,130,1300,1500,1700,22588,0,7,20.330518065867544,3.0760759982513264,1679.933309002081,5748.027005489641
1783449592,100,,Aggregated,44.800000,0.000000,7,11,14,16,43,60,89,130,1300,1500,1700,22634,0,7,20.336250131961638,3.0760759982513264,1679.933309002081,5748.717637182999
1783449593,100,,Aggregated,44.800000,0.000000,7,11,14,16,43,60,89,130,1300,1500,1700,22671,0,7,20.3193521631532,3.0760759982513264,1679.933309002081,5751.726919853558
1783449594,100,,Aggregated,45.500000,0.000000,7,11,14,16,43,60,89,130,1300,1500,1700,22727,0,7,20.30521695278236,3.0760759982513264,1679.933309002081,5752.444141329696
1783449595,100,,Aggregated,44.700000,0.000000,7,11,14,16,43,60,89,130,1300,1500,1700,22772,0,7,20.290657211262282,3.0760759982513264,1679.933309002081,5753.530519936764
1783449596,100,,Aggregated,45.800000,0.000000,7,11,14,16,43,60,89,130,1300,1500,1700,22820,0,7,20.268366432423107,3.0760759982513264,1679.933309002081,5755.204163014899
1783449597,100,,Aggregated,45.100000,0.000000,7,11,14,16,43,60,89,130,1300,1500,1700,22873,0,7,20.266103774621342,3.0760759982513264,1679.933309002081,5750.810518952477
1783449598,100,,Aggregated,46.200000,0.000000,7,11,14,16,43,60,89,130,1300,1500,1700,22919,0,7,20.248436121599305,3.0760759982513264,1679.933309002081,5750.659671015314
1783449599,100,,Aggregated,45.800000,0.000000,7,11,14,16,43,60,89,130,1300,1500,1700,22959,0,7,20.243225918808587,3.0760759982513264,1679.933309002081,5754.84537654079
1783449600,100,,Aggregated,45.900000,0.000000,7,11,14,16,43,60,89,130,1300,1500,1700,23008,0,7,20.231338776640328,3.0760759982513264,1679.933309002081,5753.386300417246
1783449601,100,,Aggregated,46.900000,0.000000,7,11,14,16,43,60,89,130,1300,1500,1700,23052,0,7,20.225186243231484,3.0760759982513264,1679.933309002081,5755.485814679854
1783449602,100,,Aggregated,46.200000,0.000000,7,11,14,16,43,60,89,130,1300,1500,1700,23105,0,7,20.20456850131882,3.0760759982513264,1679.933309002081,5755.497294957801
1783449603,100,,Aggregated,46.700000,0.000000,7,11,14,16,43,60,89,130,1300,1500,1700,23148,0,7,20.20016924122894,3.0760759982513264,1679.933309002081,5757.0842405391395
1783449604,100,,Aggregated,45.900000,0.000000,7,11,14,16,43,60,89,130,1300,1500,1700,23183,0,7,20.186259125609233,3.0760759982513264,1679.933309002081,5755.500409783031
1783449605,100,,Aggregated,46.800000,0.000000,7,11,14,16,43,60,89,130,1300,1500,1700,23240,0,7,20.186830916478833,3.0760759982513264,1679.933309002081,5754.061660929432
1783449606,100,,Aggregated,46.100000,0.000000,7,11,14,16,43,60,89,130,1300,1500,1700,23279,0,7,20.18478873280441,3.0760759982513264,1679.933309002081,5754.145667769234
1783449607,100,,Aggregated,46.300000,0.000000,7,11,14,16,43,60,89,120,1300,1500,1700,23326,0,7,20.162166129166298,3.0760759982513264,1679.933309002081,5754.7273428791905
1783449608,100,,Aggregated,45.600000,0.000000,7,11,14,16,43,60,89,120,1300,1500,1700,23372,0,7,20.153905878227555,3.0760759982513264,1679.933309002081,5754.257273660791
1783449609,100,,Aggregated,45.600000,0.000000,7,11,14,16,43,60,88,120,1300,1500,1700,23419,0,7,20.136699900078884,3.0760759982513264,1679.933309002081,5751.907169392373
1783449610,100,,Aggregated,45.200000,0.000000,7,11,14,16,43,60,88,120,1300,1500,1700,23465,0,7,20.121816822371258,3.0760759982513264,1679.933309002081,5755.451012145749
1783449611,100,,Aggregated,44.700000,0.000000,7,11,14,16,43,60,88,120,1300,1500,1700,23516,0,7,20.105006780445894,3.0760759982513264,1679.933309002081,5753.462493621364
1783449612,100,,Aggregated,45.300000,0.000000,7,11,14,16,43,60,88,120,1300,1500,1700,23556,0,7,20.103785935131114,3.0760759982513264,1679.933309002081,5750.818347767024
1783449613,100,,Aggregated,45.800000,0.000000,7,11,14,16,43,60,89,120,1300,1500,1700,23605,0,7,20.113802309043287,3.0760759982513264,1679.933309002081,5747.014403728023
1783449614,100,,Aggregated,46.400000,0.000000,7,11,14,16,43,60,89,120,1300,1500,1700,23652,0,7,20.094087440299464,3.0760759982513264,1679.933309002081,5746.569930661255
1783449615,100,,Aggregated,45.500000,0.000000,7,11,14,16,43,60,89,120,1300,1500,1700,23686,0,7,20.08381411842309,3.0760759982513264,1679.933309002081,5743.938149117622
1783449616,100,,Aggregated,45.600000,0.000000,7,11,14,16,43,60,88,120,1300,1500,1700,23740,0,7,20.07994638504379,3.0760759982513264,1679.933309002081,5744.256739679865
1783449617,100,,Aggregated,45.800000,0.000000,7,11,14,16,43,60,88,120,1300,1500,1700,23781,0,7,20.063530626674062,3.0760759982513264,1679.933309002081,5742.185400109331
1783449618,100,,Aggregated,44.700000,0.000000,7,11,14,16,43,60,88,120,1300,1500,1700,23823,0,7,20.052437869576707,3.0760759982513264,1679.933309002081,5743.2398942198715
1783449619,100,,Aggregated,45.700000,0.000000,7,11,14,16,43,60,88,120,1300,1500,1700,23868,0,7,20.04350269678764,3.0760759982513264,1679.933309002081,5742.884992458522
1783449620,100,,Aggregated,44.700000,0.000000,7,11,14,16,43,60,88,120,1300,1500,1700,23917,0,7,20.022662610399916,3.0760759982513264,1679.933309002081,5742.497219550947
1783449621,100,,Aggregated,45.200000,0.000000,7,11,14,16,43,60,88,120,1300,1500,1700,23961,0,7,20.006867416549344,3.0760759982513264,1679.933309002081,5743.640624347899
1783449622,100,,Aggregated,45.100000,0.000000,7,11,14,16,43,60,88,120,1300,1500,1700,24003,0,7,19.999436505890664,3.0760759982513264,1679.933309002081,5741.733658292714
1783449623,100,,Aggregated,44.600000,0.000000,7,11,14,16,43,60,88,120,1300,1500,1700,24051,0,7,19.980114667659457,3.0760759982513264,1679.933309002081,5742.558770945075
1783449624,100,,Aggregated,44.100000,0.000000,7,11,14,16,43,60,88,120,1300,1500,1700,24097,0,7,19.969307013149624,3.0760759982513264,1679.933309002081,5740.651865377433
1783449625,100,,Aggregated,44.500000,0.000000,7,11,14,16,43,60,88,120,1300,1500,1700,24144,0,7,19.9564737773725,3.0760759982513264,1679.933309002081,5742.47800695825
1783449626,100,,Aggregated,44.000000,0.000000,7,11,14,16,43,60,88,120,1300,1500,1700,24192,0,7,19.949476464529937,3.0760759982513264,1679.933309002081,5746.328538359789
1783449627,100,,Aggregated,44.100000,0.000000,7,11,14,16,43,60,88,120,1300,1500,1700,24241,0,7,19.938608469160457,3.0760759982513264,1679.933309002081,5744.123344746504
1783449628,100,,Aggregated,45.400000,0.000000,7,11,14,16,43,60,88,120,1300,1500,1700,24280,0,7,19.92494670345594,3.0760759982513264,1679.933309002081,5743.318410214168
1783449629,100,,Aggregated,44.500000,0.000000,7,11,14,16,43,60,88,120,1300,1500,1700,24332,0,7,19.9081154723775,3.0760759982513264,1679.933309002081,5743.345429886569
1783449630,100,,Aggregated,45.600000,0.000000,7,11,14,16,43,60,88,120,1300,1500,1700,24381,0,7,19.89916756830754,3.0760759982513264,1679.933309002081,5739.636192116813
1783449631,100,,Aggregated,44.500000,0.000000,7,11,14,16,43,60,88,120,1300,1500,1700,24419,0,7,19.88951826417491,3.0760759982513264,1679.933309002081,5742.326508047013
1783449632,100,,Aggregated,45.100000,0.000000,7,11,14,16,43,60,88,120,1300,1500,1700,24472,0,7,19.87834142868758,3.0760759982513264,1679.933309002081,5746.477157567832
1783449633,100,,Aggregated,45.700000,0.000000,7,11,14,16,43,60,88,120,1300,1500,1700,24514,0,7,19.87205118111533,3.0760759982513264,1679.933309002081,5750.78738679938
1783449634,100,,Aggregated,45.200000,0.000000,7,11,14,16,43,60,88,120,1300,1500,1700,24550,0,7,19.856721839098206,3.0760759982513264,1679.933309002081,5749.038778004074
1783449636,100,,Aggregated,45.800000,0.000000,7,11,14,16,43,60,87,120,1300,1500,1700,24601,0,7,19.844138665698402,3.0760759982513264,1679.933309002081,5751.721352790537
1783449637,100,,Aggregated,45.700000,0.000000,7,11,14,16,43,60,87,120,1300,1500,1700,24646,0,7,19.84078865880264,3.0760759982513264,1679.933309002081,5750.296721577538
1783449638,100,,Aggregated,44.600000,0.000000,7,11,14,16,43,60,87,120,1300,1500,1700,24696,0,7,19.82407823885776,3.0760759982513264,1679.933309002081,5750.0659620991255
1783449639,100,,Aggregated,45.100000,0.000000,7,11,14,16,43,60,87,120,1300,1500,1700,24741,0,7,19.81590663662744,3.0760759982513264,1679.933309002081,5748.369103916576
1783449640,100,,Aggregated,45.100000,0.000000,7,11,14,16,43,60,87,120,1300,1500,1700,24791,0,7,19.796909604929677,3.0760759982513264,1679.933309002081,5745.273486345851
1783449641,100,,Aggregated,46.000000,0.000000,7,11,14,16,43,60,87,120,1300,1500,1700,24826,0,7,19.787277727898882,3.0760759982513264,1679.933309002081,5745.414082010795
1783449642,100,,Aggregated,45.900000,0.000000,7,11,14,16,43,60,87,120,1300,1500,1700,24882,0,7,19.779313517354293,3.0760759982513264,1679.933309002081,5744.330439675267
1783449643,100,,Aggregated,44.000000,0.000000,7,11,14,16,43,60,87,120,1300,1500,1700,24928,0,7,19.767163138993556,3.0760759982513264,1679.933309002081,5744.995025673941
1783449644,100,,Aggregated,45.900000,0.000000,7,11,14,16,43,60,87,120,1300,1500,1700,24975,0,7,19.751694767801855,3.0760759982513264,1679.933309002081,5745.743423423423
1783449645,100,,Aggregated,45.300000,0.000000,7,11,14,16,43,60,87,120,1300,1500,1700,25023,0,7,19.73959062254029,3.0760759982513264,1679.933309002081,5744.728130120289
1783449646,100,,Aggregated,45.900000,0.000000,7,11,14,16,43,60,87,120,1300,1500,1700,25065,0,7,19.735633800431835,3.0760759982513264,1679.933309002081,5744.201156991821
1783449647,100,,Aggregated,47.000000,0.000000,7,11,14,16,43,60,87,120,1300,1500,1700,25106,0,7,19.720617101802162,3.0760759982513264,1679.933309002081,5747.327849916354
1783449648,100,,Aggregated,46.300000,0.000000,7,11,14,16,43,60,87,120,1300,1500,1700,25153,0,7,19.7045291594966,3.0760759982513264,1679.933309002081,5750.64743768139
1783449649,100,,Aggregated,45.600000,0.000000,7,11,14,16,43,60,87,120,1300,1500,1700,25196,0,7,19.685754049683005,3.0760759982513264,1679.933309002081,5749.643356088268
1783449650,100,,Aggregated,45.500000,0.000000,7,11,14,16,43,60,87,120,1300,1500,1700,25238,0,7,19.680634985570407,3.0760759982513264,1679.933309002081,5747.519098185277
1783449651,100,,Aggregated,45.000000,0.000000,7,11,14,16,43,60,87,120,1300,1500,1700,25285,0,7,19.666400127183906,3.0760759982513264,1679.933309002081,5748.850583349812
1783449652,100,,Aggregated,44.500000,0.000000,7,11,14,16,43,60,87,120,1300,1500,1700,25327,0,7,19.6569576592514,3.0760759982513264,1679.933309002081,5746.670391282031
1783449653,100,,Aggregated,45.800000,0.000000,7,11,14,16,43,60,87,120,1300,1500,1700,25377,0,7,19.640092974302732,3.0760759982513264,1679.933309002081,5746.062221696812
1783449654,100,,Aggregated,44.000000,0.000000,7,11,14,16,43,60,87,120,1300,1500,1700,25422,0,7,19.63354445751327,3.0760759982513264,1679.933309002081,5744.079340728503
1783449655,100,,Aggregated,44.600000,0.000000,7,11,14,16,43,60,87,120,1300,1500,1700,25468,0,7,19.617519472864117,3.0760759982513264,1679.933309002081,5743.208222082613
1783449656,100,,Aggregated,44.100000,0.000000,7,11,14,16,43,60,87,120,1300,1500,1700,25517,0,7,19.608188825956695,3.0760759982513264,1679.933309002081,5747.301093388721
1783449657,100,,Aggregated,44.500000,0.000000,7,11,14,16,43,60,87,120,1300,1500,1700,25565,0,7,19.60044557425928,3.0760759982513264,1679.933309002081,5746.552513201643
1783449658,100,,Aggregated,45.000000,0.000000,7,11,14,16,43,60,87,120,1300,1500,1700,25605,0,7,19.592263330792814,3.0760759982513264,1679.933309002081,5748.68779535247
1783449659,100,,Aggregated,46.000000,0.000000,7,11,14,16,43,60,87,120,1300,1500,1700,25648,0,7,19.5761980965753,3.0760759982513264,1679.933309002081,5749.532127261385
1783449660,100,,Aggregated,44.900000,0.000000,7,11,14,16,43,60,87,120,1300,1500,1700,25693,0,7,19.55807300665452,3.0760759982513264,1679.933309002081,5751.951737827424
1783449661,100,,Aggregated,45.400000,0.000000,7,11,14,16,43,60,86,120,1300,1500,1700,25740,0,7,19.550688551591325,3.0760759982513264,1679.933309002081,5752.841336441336
1783449662,100,,Aggregated,45.100000,0.000000,7,11,14,16,43,60,86,120,1300,1500,1700,25787,0,7,19.535852497652076,3.0760759982513264,1679.933309002081,5752.764881529452
1783449663,100,,Aggregated,45.000000,0.000000,7,11,14,16,43,60,86,120,1300,1500,1700,25830,0,7,19.518625206928544,3.0760759982513264,1679.933309002081,5750.756368563686
1783449664,100,,Aggregated,46.100000,0.000000,7,11,14,16,43,60,87,120,1300,1500,1700,25878,0,7,19.52736018231383,3.0760759982513264,1679.933309002081,5748.515148002164
1783449665,100,,Aggregated,45.100000,0.000000,7,11,14,16,43,60,87,120,1300,1500,1700,25925,0,7,19.51937758996967,3.0760759982513264,1679.933309002081,5747.9850723240115
1783449666,100,,Aggregated,45.400000,0.000000,7,11,14,16,43,60,87,120,1300,1500,1700,25960,0,7,19.50690834136926,3.0760759982513264,1679.933309002081,5748.368605546995
1783449667,100,,Aggregated,45.400000,0.000000,7,11,14,16,43,60,86,120,1300,1500,1700,26012,0,7,19.494841569504604,3.0760759982513264,1679.933309002081,5745.579963093956
1783449668,100,,Aggregated,44.100000,0.000000,7,11,14,16,43,60,86,120,1300,1500,1700,26053,0,7,19.491296725634612,3.0760759982513264,1679.933309002081,5743.01009480674
1783449669,100,,Aggregated,44.200000,0.000000,7,11,14,16,43,60,86,120,1300,1500,1700,26101,0,7,19.479413897627115,3.0760759982513264,1679.933309002081,5744.768399678173
1783449670,100,,Aggregated,44.600000,0.000000,7,11,14,16,43,60,86,120,1300,1500,1700,26147,0,7,19.469451607486167,3.0760759982513264,1679.933309002081,5744.943358702719
1783449671,100,,Aggregated,45.300000,0.000000,7,11,14,16,43,60,86,120,1300,1500,1700,26193,0,7,19.457520809068924,3.0760759982513264,1679.933309002081,5744.205245676326
1783449672,100,,Aggregated,44.800000,0.000000,7,11,14,16,43,59,86,120,1300,1500,1700,26237,0,7,19.43906992380656,3.0760759982513264,1679.933309002081,5741.164233715745
1783449673,100,,Aggregated,45.100000,0.000000,7,11,14,16,43,59,86,120,1300,1500,1700,26281,0,7,19.42596346961331,3.0760759982513264,1679.933309002081,5740.723830904456
1783449674,100,,Aggregated,44.900000,0.000000,7,11,14,16,43,59,86,120,1300,1500,1700,26327,0,7,19.408887598468333,3.0760759982513264,1679.933309002081,5742.394765829757
1783449675,100,,Aggregated,44.800000,0.000000,7,11,14,16,43,59,86,120,1300,1500,1700,26369,0,7,19.40587642007147,3.0760759982513264,1679.933309002081,5741.725586863362
1783449676,100,,Aggregated,45.100000,0.000000,7,11,14,16,43,59,86,120,1300,1500,1700,26414,0,7,19.40090933080362,3.0760759982513264,1679.933309002081,5741.061444688423
1783449677,100,,Aggregated,44.500000,0.000000,7,11,14,16,43,59,86,120,1300,1500,1700,26471,0,7,19.390252293031438,3.0760759982513264,1679.933309002081,5740.770956896226
1783449678,100,,Aggregated,44.900000,0.000000,7,11,14,16,43,59,86,120,1300,1500,1700,26509,0,7,19.382790431506994,3.0760759982513264,1679.933309002081,5739.137990871025
1783449679,100,,Aggregated,46.300000,0.000000,7,11,14,16,43,59,86,120,1300,1500,1700,26560,0,7,19.37360041113837,3.0760759982513264,1679.933309002081,5738.124774096385
1783449680,100,,Aggregated,45.500000,0.000000,7,11,14,16,43,59,86,120,1300,1500,1700,26603,0,7,19.367837959284007,3.0760759982513264,1679.933309002081,5739.09006503026
1783449681,100,,Aggregated,45.200000,0.000000,7,11,14,16,43,59,86,120,1300,1500,1700,26648,0,7,19.356883702448382,3.0760759982513264,1679.933309002081,5737.7358150705495
1783449682,100,,Aggregated,46.100000,0.000000,7,11,14,16,43,59,86,120,1300,1500,1700,26695,0,7,19.34803715766435,3.0760759982513264,1679.933309002081,5735.836710994568
1783449683,100,,Aggregated,45.600000,0.000000,7,11,14,16,43,59,86,120,1300,1500,1700,26734,0,7,19.342218316669953,3.0760759982513264,1679.933309002081,5734.849293035087
1783449684,100,,Aggregated,45.600000,0.000000,7,11,14,16,43,59,86,120,1300,1500,1700,26786,0,7,19.33099966104977,3.0760759982513264,1679.933309002081,5733.133427910102
1783449685,100,,Aggregated,45.200000,0.000000,7,10,14,16,43,59,86,120,1300,1500,1700,26831,0,7,19.31807188691694,3.0760759982513264,1679.933309002081,5731.829786441057
1783449686,100,,Aggregated,45.700000,0.000000,7,10,14,16,43,59,86,120,1300,1500,1700,26883,0,7,19.308135517645635,3.0760759982513264,1679.933309002081,5730.605289588216
1783449687,100,,Aggregated,46.000000,0.000000,7,10,14,16,43,59,86,120,1300,1500,1700,26923,0,7,19.2963792299857,3.0760759982513264,1679.933309002081,5730.875831073803
1783449688,100,,Aggregated,46.900000,0.000000,7,10,14,16,43,59,86,120,1300,1500,1700,26965,0,7,19.283681232742257,3.0760759982513264,1679.933309002081,5729.358798442426
1783449689,100,,Aggregated,45.100000,0.000000,7,10,14,16,43,59,86,120,1300,1500,1700,27018,0,7,19.267575602519127,3.0760759982513264,1679.933309002081,5728.491487156711
1783449690,100,,Aggregated,45.600000,0.000000,7,10,14,16,43,59,86,120,1300,1500,1700,27062,0,7,19.260893194585304,3.0760759982513264,1679.933309002081,5729.085581257852
1783449691,100,,Aggregated,45.100000,0.000000,7,10,14,16,43,59,86,120,1300,1500,1700,27105,0,7,19.249581841462582,3.0760759982513264,1679.933309002081,5729.734255672385
1783449692,100,,Aggregated,45.600000,0.000000,7,10,14,16,43,59,86,120,1300,1500,1700,27153,0,7,19.237951920630746,3.0760759982513264,1679.933309002081,5728.9545906529665
1783449693,100,,Aggregated,45.700000,0.000000,7,10,14,16,43,59,86,120,1300,1500,1700,27207,0,7,19.239654851689426,3.0760759982513264,1679.933309002081,5729.093431837395
1783449694,100,,Aggregated,45.100000,0.000000,7,10,14,16,43,59,86,120,1300,1500,1700,27244,0,7,19.228048326785654,3.0760759982513264,1679.933309002081,5727.782667743356
1783449695,100,,Aggregated,46.900000,0.000000,7,10,14,16,43,59,86,120,1300,1500,1700,27288,0,7,19.2200592463688,3.0760759982513264,1679.933309002081,5725.425718264439
1783449696,100,,Aggregated,45.600000,0.000000,7,10,14,16,43,59,86,110,1300,1500,1700,27336,0,7,19.21081632052678,3.0760759982513264,1679.933309002081,5723.829675153644
1783449697,100,,Aggregated,45.200000,0.000000,7,10,14,16,43,59,86,110,1300,1500,1700,27379,0,7,19.20413000620626,3.0760759982513264,1679.933309002081,5722.253990284525
1783449698,100,,Aggregated,44.500000,0.000000,7,10,14,16,43,59,86,110,1300,1500,1700,27425,0,7,19.186974322621932,3.0760759982513264,1679.933309002081,5721.762443026436
1783449699,100,,Aggregated,45.200000,0.000000,7,10,14,16,43,59,86,110,1300,1500,1700,27481,0,7,19.183971103269002,3.0760759982513264,1679.933309002081,5722.186346930606
1783449700,100,,Aggregated,45.200000,0.000000,7,10,14,16,43,59,86,110,1300,1500,1700,27525,0,7,19.170636121124637,3.0760759982513264,1679.933309002081,5721.4854495912805
1783449701,100,,Aggregated,46.000000,0.000000,7,10,14,16,43,59,86,110,1300,1500,1700,27573,0,7,19.15427760983527,3.0760759982513264,1679.933309002081,5722.03916875204
1783449702,100,,Aggregated,45.300000,0.000000,7,10,14,16,43,59,86,110,1300,1500,1700,27624,0,7,19.138308615731734,3.0760759982513264,1679.933309002081,5723.798617144512
1783449703,100,,Aggregated,46.000000,0.000000,7,10,14,16,43,59,86,110,1300,1500,1700,27671,0,7,19.12723104090767,3.0760759982513264,1679.933309002081,5723.039499837375
1783449704,100,,Aggregated,46.000000,0.000000,7,10,14,16,43,59,86,110,1300,1500,1700,27713,0,7,19.11630803611819,3.0760759982513264,1679.933309002081,5724.100025258904
