Timestamp,User Count,Type,Name,Requests/s,Failures/s,50%,66%,75%,80%,90%,95%,98%,99%,99.9%,99.99%,100%,Total Request Count,Total Failure Count,Total Median Response Time,Total Average Response Time,Total Min Response Time,Total Max Response Time,Total Average Content Size
1783450308,0,,Aggregated,0.000000,0.000000,N/A,N/A,N/A,N/A,N/A,N/A,N/A,N/A,N/A,N/A,N/A,0,0,0,0.0,0,0,0
1783450309,50,,Aggregated,0.000000,0.000000,13,21,37,81,840,900,960,960,960,960,960,80,0,12,163.68874288746156,3.38459500198951,958.7797819986008,5935.0875
1783450310,100,,Aggregated,0.000000,0.000000,49,87,150,210,960,1100,1100,1100,1100,1100,1100,376,0,48,206.30804462770686,3.38459500198951,1098.5792529972969,6480.101063829788
1783450311,150,,Aggregated,2.000000,0.000000,38,69,100,170,1000,1200,1700,1800,2000,2000,2000,613,0,38,226.21380403591786,3.38459500198951,1958.5081620025449,6494.701468189233
1783450312,200,,Aggregated,142.500000,0.000000,34,64,100,170,1000,1500,1800,1900,2800,2800,2800,870,0,34,233.94398581488835,3.38459500198951,2803.811631994904,6401.567816091954
1783450313,250,,Aggregated,155.333333,0.000000,39,73,110,170,1100,1600,2100,2200,2600,2800,2800,1132,0,39,252.05536830116,2.913504002208356,2803.811631994904,6408.852473498233
1783450314,300,,Aggregated,172.750000,0.000000,48,86,140,210,1100,1900,2200,2500,2900,2900,2900,1438,0,48,283.32266110634976,2.913504002208356,2914.0389090025565,6355.232267037552
1783450315,350,,Aggregated,202.200000,0.000000,52,91,150,210,1100,2100,2500,2700,3000,3100,3100,1755,0,52,304.8850327738013,2.913504002208356,3093.864829999802,6326.014814814815
1783450316,400,,Aggregated,206.500000,0.000000,59,110,190,260,1100,2200,2600,2800,3300,3300,3300,1944,0,59,324.16619040692905,2.913504002208356,3299.630260997219,6301.009259259259
1783450317,450,,Aggregated,215.714286,0.000000,69,150,250,360,1200,2200,2800,3300,3800,3800,3800,2182,0,68,363.88452866363485,2.913504002208356,3844.521025996073,6232.021081576535
1783450318,500,,Aggregated,225.750000,0.000000,74,160,270,380,1300,2300,3000,3300,3800,4100,4100,2241,0,74,381.1943819424656,2.913504002208356,4139.423639993765,6176.202141900937
1783450319,500,,Aggregated,223.000000,0.000000,77,180,290,440,1800,2700,3400,3900,5000,5000,5000,2290,0,77,448.6099505135681,2.913504002208356,4996.069827997417,6077.507423580786
1783450320,500,,Aggregated,222.600000,0.000000,160,460,840,1300,2400,3100,4000,4500,5100,5200,5200,2950,0,160.0,699.3894982989879,2.913504002208356,5161.053850999451,5502.442372881356
1783450321,500,,Aggregated,224.500000,0.000000,210,360,640,900,2100,2900,3900,4100,5100,5200,5200,3730,0,210.0,619.1416659273949,2.913504002208356,5161.053850999451,6189.315281501341
1783450322,500,,Aggregated,220.700000,0.000000,200,320,560,800,2100,2800,3700,4100,5100,5200,5200,3991,0,200.0,587.4562005420017,2.913504002208356,5161.053850999451,6394.839138060636
1783450323,500,,Aggregated,272.700000,0.000000,190,300,500,750,2000,2800,3700,4100,5100,5200,5200,4224,0,190.0,556.548541100164,2.913504002208356,5161.053850999451,6346.997632575758
1783450324,500,,Aggregated,316.200000,0.000000,170,270,440,680,1900,2700,3600,4000,5100,5200,5200,4511,0,170.0,524.0612060197554,2.913504002208356,5161.053850999451,6301.461316781201
1783450325,500,,Aggregated,303.900000,0.000000,150,260,410,610,1900,2600,3500,4000,5100,5200,5200,4726,0,150.0,500.7817389426938,2.913504002208356,5161.053850999451,6288.30279305967
1783450326,500,,Aggregated,299.000000,0.000000,130,250,380,560,1800,2600,3300,4000,5100,5200,5200,4963,0,130.0,477.56983306049347,2.913504002208356,5161.053850999451,6266.110618577473
1783450327,500,,Aggregated,300.900000,0.000000,110,240,350,520,1700,2600,3300,4000,5100,5200,5200,5194,0,110.0,456.9253367788214,2.913504002208356,5161.053850999451,6248.939738159414
1783450328,500,,Aggregated,292.200000,0.000000,92,230,320,460,1600,2500,3300,4000,5100,5200,5200,5424,0,92,438.26017672163937,2.913504002208356,5161.053850999451,6230.806600294985
1783450329,500,,Aggregated,296.100000,0.000000,82,220,310,440,1500,2500,3200,4000,5100,5200,5200,5645,0,82,421.6161863374914,2.913504002208356,5161.053850999451,6226.951107174491
1783450331,500,,Aggregated,318.000000,0.000000,73,200,290,410,1300,2400,3100,4000,5100,5200,5200,5890,0,73,404.7582246015478,2.913504002208356,5161.053850999451,6209.094227504244
1783450332,500,,Aggregated,315.300000,0.000000,63,190,280,380,1200,2400,3100,4000,5100,5200,5200,6114,0,63,390.48645213593466,2.913504002208356,5161.053850999451,6208.219005561007
1783450333,500,,Aggregated,269.600000,0.000000,57,180,270,360,1100,2300,3100,3900,5100,5200,5200,6347,0,57,376.7720684772412,2.913504002208356,5161.053850999451,6188.09721128092
1783450334,500,,Aggregated,225.900000,0.000000,54,170,260,340,1100,2300,3100,3900,5100,5200,5200,6566,0,54,364.9261134246177,2.913504002208356,5161.053850999451,6137.673164788303
1783450335,500,,Aggregated,229.500000,0.000000,48,160,250,320,1000,2200,3100,3900,5100,5200,5200,6809,0,48,352.448856398747,2.913504002208356,5161.053850999451,6144.095021295345
1783450336,500,,Aggregated,233.300000,0.000000,43,150,240,310,980,2200,3100,3900,5100,5200,5200,7031,0,43,341.771178189887,2.913504002208356,5161.053850999451,6120.482861612857
1783450337,500,,Aggregated,228.400000,0.000000,38,140,230,290,920,2200,3100,3900,5100,5200,5200,7262,0,38,331.4555176407424,2.913504002208356,5161.053850999451,6126.746763976866
1783450338,500,,Aggregated,229.800000,0.000000,33,120,220,280,890,2100,3100,3900,5100,5200,5200,7479,0,33,322.13627125806977,2.913504002208356,5161.053850999451,6110.083834737265
1783450339,500,,Aggregated,228.500000,0.000000,30,110,210,270,850,2100,3000,3800,5100,5200,5200,7719,0,30,312.8844429594667,2.913504002208356,5161.053850999451,6115.373493975903
1783450340,500,,Aggregated,226.800000,0.000000,26,100,210,270,810,2100,3000,3700,5100,5200,5200,7944,0,26,304.43325111066383,2.913504002208356,5161.053850999451,6110.143504531722
1783450341,500,,Aggregated,228.200000,0.000000,22,94,200,260,790,2100,3000,3700,5100,5200,5200,8171,0,22,296.38962763176,2.913504002208356,5161.053850999451,6098.080283930975
1783450342,500,,Aggregated,228.000000,0.000000,19,90,190,250,760,2000,3000,3700,5100,5200,5200,8392,0,19,289.0181345140683,2.913504002208356,5161.053850999451,6102.490705433746
1783450343,500,,Aggregated,226.600000,0.000000,17,84,180,240,740,2000,3000,3700,5100,5200,5200,8620,0,17,281.77037018608416,2.913504002208356,5161.053850999451,6114.007192575406
1783450344,500,,Aggregated,226.200000,0.000000,15,80,180,240,710,2000,3000,3700,5100,5200,5200,8852,0,15,274.7641195262157,2.913504002208356,5161.053850999451,6121.123248983281
1783450345,500,,Aggregated,225.200000,0.000000,14,76,170,230,680,1900,2900,3600,5100,5200,5200,9089,0,14,267.9363305406666,2.913504002208356,5161.053850999451,6121.190119925184
1783450346,500,,Aggregated,226.200000,0.000000,13,72,160,220,640,1900,2900,3600,5100,5200,5200,9304,0,13,262.0940159943167,2.913504002208356,5161.053850999451,6140.003976784179
1783450347,500,,Aggregated,226.800000,0.000000,13,67,150,220,610,1900,2800,3500,5100,5200,5200,9536,0,13,256.07802540982505,2.913504002208356,5161.053850999451,6140.1440855704695
1783450348,500,,Aggregated,225.900000,0.000000,13,64,140,210,570,1800,2800,3400,5100,5200,5200,9770,0,13,250.51446874924014,2.913504002208356,5161.053850999451,6136.263254861822
1783450349,500,,Aggregated,225.700000,0.000000,13,62,130,200,560,1800,2800,3300,5100,5200,5200,9987,0,13,245.377450812974,2.913504002208356,5161.053850999451,6125.38249724642
1783450350,500,,Aggregated,228.900000,0.000000,12,60,130,200,530,1800,2800,3300,5100,5200,5200,10225,0,12,240.15830605342086,2.913504002208356,5161.053850999451,6115.973202933986
1783450351,500,,Aggregated,225.900000,0.000000,12,57,120,190,510,1700,2800,3300,5100,5200,5200,10460,0,12,235.17604597134095,2.913504002208356,5161.053850999451,6120.559751434034
1783450352,500,,Aggregated,226.800000,0.000000,12,55,110,180,480,1600,2800,3300,5100,5200,5200,10693,0,12,230.35324577201644,2.913504002208356,5161.053850999451,6105.722061161508
1783450353,500,,Aggregated,228.100000,0.000000,12,54,110,180,460,1600,2700,3300,5100,5200,5200,10913,0,12,226.1304331581812,2.913504002208356,5161.053850999451,6076.276825804087
1783450354,500,,Aggregated,228.300000,0.000000,12,51,100,170,450,1500,2700,3200,5100,5200,5200,11121,0,12,222.18235092871663,2.913504002208356,5161.053850999451,6076.506878877799
1783450356,500,,Aggregated,227.400000,0.000000,12,59,130,200,460,1400,2700,3200,5100,5200,5200,11508,0,12,223.93392371230098,2.913504002208356,5161.053850999451,6058.735749044144
1783450357,500,,Aggregated,205.000000,0.000000,12,58,120,190,450,1400,2600,3200,5100,5200,5200,11691,0,12,220.84799771227352,2.913504002208356,5161.053850999451,6060.791035839535
1783450358,500,,Aggregated,222.100000,0.000000,12,56,120,190,440,1300,2600,3100,5100,5200,5200,11912,0,12,217.01754413064063,2.913504002208356,5161.053850999451,6050.6262592343855
1783450359,500,,Aggregated,217.800000,0.000000,12,54,110,180,430,1200,2600,3100,5000,5200,5200,12145,0,12,213.1156592563271,2.913504002208356,5161.053850999451,6046.73264717991
1783450360,500,,Aggregated,214.700000,0.000000,12,51,110,180,420,1100,2600,3100,5000,5200,5200,12381,0,12,209.2944899922541,2.913504002208356,5161.053850999451,6035.044584443906
1783450361,500,,Aggregated,216.900000,0.000000,12,49,100,170,410,1100,2600,3100,5000,5200,5200,12608,0,12,205.7590699788323,2.913504002208356,5161.053850999451,6037.250555203046
1783450362,500,,Aggregated,218.000000,0.000000,11,47,97,170,400,1100,2600,3100,5000,5200,5200,12832,0,11,202.39306489012657,2.913504002208356,5161.053850999451,6032.245246259352
1783450363,500,,Aggregated,216.000000,0.000000,11,45,94,160,380,1100,2500,3100,5000,5200,5200,13080,0,11,198.79283715658428,2.913504002208356,5161.053850999451,6040.7587920489295
1783450364,500,,Aggregated,216.500000,0.000000,11,43,91,160,380,1100,2500,3100,5000,5200,5200,13306,0,11,195.68275268113362,2.913504002208356,5161.053850999451,6042.415977754396
1783450367,500,,Aggregated,218.500000,0.000000,11,48,100,180,450,1000,2500,3100,5000,5200,5200,13541,0,11,203.00728222850572,2.913504002208356,5161.053850999451,6005.637692932575
1783450368,500,,Aggregated,180.000000,0.000000,12,55,120,200,560,1200,2500,3100,5000,5200,5200,13833,0,12,218.9035353138286,2.913504002208356,5161.053850999451,6040.791729921203
1783450369,500,,Aggregated,174.700000,0.000000,12,54,120,200,550,1200,2500,3100,5000,5200,5200,14028,0,12,216.26033705903973,2.913504002208356,5161.053850999451,6039.312303963502
1783450370,500,,Aggregated,184.800000,0.000000,11,51,110,190,530,1100,2500,3100,5000,5200,5200,14270,0,11,212.81393164170993,2.913504002208356,5161.053850999451,6036.453118430273
1783450371,500,,Aggregated,181.000000,0.000000,11,49,110,190,520,1100,2500,3100,5000,5200,5200,14510,0,11,209.59601137672158,2.913504002208356,5161.053850999451,6030.281874569263
1783450372,500,,Aggregated,181.100000,0.000000,11,48,100,180,510,1100,2400,3100,5000,5200,5200,14719,0,11,206.78600192588908,2.913504002208356,5161.053850999451,6025.708879679326
1783450373,500,,Aggregated,181.200000,0.000000,11,46,99,180,490,1100,2400,3100,5000,5200,5200,14952,0,11,203.75961279335093,2.913504002208356,5161.053850999451,6022.260500267523
1783450374,500,,Aggregated,181.400000,0.000000,11,44,95,170,480,1100,2400,3100,5000,5200,5200,15190,0,11,200.83853580086597,2.913504002208356,5161.053850999451,6015.210138248848
1783450375,500,,Aggregated,178.800000,0.000000,11,42,92,170,470,1100,2400,3000,5000,5200,5200,15416,0,11,198.07914907869616,2.913504002208356,5161.053850999451,6011.436948624805
1783450376,500,,Aggregated,180.500000,0.000000,11,40,90,160,470,1100,2400,3000,5000,5200,5200,15654,0,11,195.25032557092007,2.913504002208356,5161.053850999451,6018.139836463523
1783450377,500,,Aggregated,201.200000,0.000000,11,38,87,160,460,1000,2400,3000,5000,5200,5200,15864,0,11,192.85829534570013,2.913504002208356,5161.053850999451,6026.724470499244
1783450378,500,,Aggregated,223.400000,0.000000,11,37,86,150,450,1000,2300,3000,5000,5200,5200,16103,0,11,190.3816515833235,2.913504002208356,5161.053850999451,6018.08395951065
1783450379,500,,Aggregated,232.900000,0.000000,11,35,83,150,450,1000,2300,3000,5000,5200,5200,16314,0,11,188.08868305310097,2.913504002208356,5161.053850999451,6009.686281721221
1783450380,500,,Aggregated,225.100000,0.000000,11,34,81,140,430,1000,2300,3000,5000,5200,5200,16568,0,11,185.44920267909674,2.913504002208356,5161.053850999451,5996.7356953162725
1783450381,500,,Aggregated,228.300000,0.000000,11,33,80,130,430,990,2300,3000,5000,5200,5200,16780,0,11,183.39564145794228,2.913504002208356,5161.053850999451,5982.224493444577
1783450382,500,,Aggregated,225.600000,0.000000,11,32,79,130,420,980,2200,3000,5000,5200,5200,16999,0,11,181.32871744510348,2.913504002208356,5161.053850999451,5973.387552208954
1783450383,500,,Aggregated,229.000000,0.000000,11,30,77,130,410,970,2200,3000,5000,5200,5200,17233,0,11,179.09740097007338,2.913504002208356,5161.053850999451,5964.479022805083
1783450384,500,,Aggregated,226.500000,0.000000,11,29,76,120,400,960,2200,3000,5000,5200,5200,17471,0,11,176.93281670918978,2.913504002208356,5161.053850999451,5953.471867666419
1783450385,500,,Aggregated,227.300000,0.000000,10,28,75,120,400,950,2200,3000,5000,5200,5200,17701,0,10,174.83622461489728,2.913504002208356,5161.053850999451,5950.311168860517
1783450386,500,,Aggregated,226.200000,0.000000,10,27,73,120,390,950,2200,3000,5000,5200,5200,17924,0,10,172.8522929166142,2.913504002208356,5161.053850999451,5946.783753626422
1783450387,500,,Aggregated,227.900000,0.000000,10,25,71,110,380,930,2200,2900,5000,5200,5200,18145,0,10,170.87660374143587,2.913504002208356,5161.053850999451,5947.071204188482
1783450388,500,,Aggregated,228.000000,0.000000,10,23,70,110,370,910,2200,2900,5000,5200,5200,18357,0,10,169.05340333738204,2.913504002208356,5161.053850999451,5946.477202157215
1783450389,500,,Aggregated,226.700000,0.000000,10,21,68,110,370,910,2200,2900,5000,5200,5200,18589,0,10,167.11335895300152,2.913504002208356,5161.053850999451,5941.979719188767
1783450390,500,,Aggregated,225.600000,0.000000,10,20,67,100,360,900,2100,2900,5000,5200,5200,18808,0,10,165.3328860453131,2.913504002208356,5161.053850999451,5947.804072735006
1783450391,500,,Aggregated,225.000000,0.000000,10,20,65,100,350,890,2100,2800,5000,5200,5200,19070,0,10,163.33096134830578,2.913504002208356,5161.053850999451,5952.353487152595
1783450392,500,,Aggregated,227.900000,0.000000,9,18,64,97,340,880,2100,2800,5000,5200,5200,19304,0,9,161.486249735297,2.913504002208356,5161.053850999451,5950.4647223373395
1783450393,500,,Aggregated,223.100000,0.000000,9,18,63,95,340,870,2100,2800,5000,5200,5200,19525,0,9,159.7992129180648,2.913504002208356,5161.053850999451,5948.558770806658
1783450394,500,,Aggregated,224.800000,0.000000,9,17,62,94,330,860,2100,2800,5000,5200,5200,19756,0,9,158.10850580948411,2.913504002208356,5161.053850999451,5946.209202267665
1783450395,500,,Aggregated,225.900000,0.000000,9,16,61,92,320,860,2100,2800,5000,5200,5200,19974,0,9,156.56728959062758,2.913504002208356,5161.053850999451,5943.297186342245
1783450396,500,,Aggregated,225.200000,0.000000,9,16,60,91,310,850,2100,2800,5000,5100,5200,20213,0,9,154.91185518776672,2.887677001126576,5161.053850999451,5936.331271953693
1783450397,500,,Aggregated,224.300000,0.000000,9,16,59,90,310,840,2100,2800,5000,5100,5200,20420,0,9,153.48292412675454,2.887677001126576,5161.053850999451,5933.592409402547
1783450398,500,,Aggregated,222.700000,0.000000,9,15,58,88,300,830,2100,2800,5000,5100,5200,20668,0,9,151.83682316902272,2.887677001126576,5161.053850999451,5924.3244145539
1783450399,500,,Aggregated,224.700000,0.000000,8,15,57,86,300,820,2100,2800,5000,5100,5200,20896,0,8,150.3255884342164,2.887677001126576,5161.053850999451,5929.721908499234
1783450400,500,,Aggregated,224.600000,0.000000,8,15,56,85,290,810,2000,2800,5000,5100,5200,21122,0,8,148.86322085571692,2.887677001126576,5161.053850999451,5933.879604204148
1783450401,500,,Aggregated,226.200000,0.000000,8,14,55,83,290,810,2000,2800,5000,5100,5200,21343,0,8,147.46708213069712,2.887677001126576,5161.053850999451,5931.61786065689
1783450402,500,,Aggregated,225.500000,0.000000,8,14,55,83,280,800,2000,2700,5000,5100,5200,21578,0,8,146.05343606254107,2.887677001126576,5161.053850999451,5930.317499304848
1783450403,500,,Aggregated,225.100000,0.000000,8,14,54,81,280,790,2000,2700,5000,5100,5200,21777,0,8,144.8462088625854,2.887677001126576,5161.053850999451,5929.328006612481
1783450404,500,,Aggregated,227.300000,0.000000,8,14,54,80,270,780,2000,2700,4800,5100,5200,22060,0,8,143.332358542545,2.887677001126576,5161.053850999451,5933.365775158658
1783450405,500,,Aggregated,226.100000,0.000000,8,14,53,79,270,780,2000,2700,4800,5100,5200,22281,0,8,142.06716153137455,2.887677001126576,5161.053850999451,5928.848839818679
1783450406,500,,Aggregated,226.900000,0.000000,8,14,52,78,270,770,1900,2700,4800,5100,5200,22506,0,8,140.7840473699719,2.887677001126576,5161.053850999451,5924.190260375011
1783450407,500,,Aggregated,226.700000,0.000000,8,14,52,77,270,760,1900,2700,4800,5100,5200,22744,0,8,139.46087329399418,2.887677001126576,5161.053850999451,5925.259101301443
1783450408,500,,Aggregated,228.200000,0.000000,8,14,51,76,260,750,1900,2700,4800,5100,5200,22973,0,8,138.23916096698846,2.887677001126576,5161.053850999451,5931.937578896966
1783450409,500,,Aggregated,227.500000,0.000000,8,14,50,75,260,740,1900,2700,4800,5100,5200,23217,0,8,136.91176548501568,2.887677001126576,5161.053850999451,5931.004996338889
1783450410,500,,Aggregated,229.800000,0.000000,8,13,49,75,250,730,1900,2700,4800,5100,5200,23446,0,8,135.6983438251169,2.887677001126576,5161.053850999451,5931.251087605562
1783450411,500,,Aggregated,227.900000,0.000000,8,13,48,73,250,720,1900,2700,4800,5100,5200,23679,0,8,134.47333405665907,2.887677001126576,5161.053850999451,5934.96144262849
1783450412,500,,Aggregated,228.700000,0.000000,8,13,47,73,250,710,1900,2600,4800,5100,5200,23909,0,8,133.32093303239355,2.887677001126576,5161.053850999451,5934.560291103769
1783450413,500,,Aggregated,230.800000,0.000000,8,13,47,72,250,700,1900,2600,4800,5100,5200,24126,0,8,132.25478578166667,2.887677001126576,5161.053850999451,5930.9414324794825
1783450415,500,,Aggregated,229.900000,0.000000,8,13,48,73,240,690,1800,2600,4800,5100,5200,24437,0,8,131.4319546118012,2.887677001126576,5161.053850999451,5936.6944387608955
1783450416,500,,Aggregated,224.900000,0.000000,8,13,48,73,240,680,1800,2600,4800,5100,5200,24647,0,8,130.46866171779686,2.887677001126576,5161.053850999451,5934.322838479328
1783450417,500,,Aggregated,229.500000,0.000000,8,13,47,72,240,680,1800,2600,4800,5100,5200,24852,0,8,129.5169375323356,2.887677001126576,5161.053850999451,5933.716883953001
1783450418,500,,Aggregated,228.500000,0.000000,8,13,47,71,240,660,1800,2600,4800,5100,5200,25140,0,8,128.32182791792474,2.887677001126576,5161.053850999451,5936.555887032618
1783450419,500,,Aggregated,229.500000,0.000000,8,13,47,71,230,650,1800,2600,4800,5100,5200,25360,0,8,127.3626016357087,2.887677001126576,5161.053850999451,5937.641088328076
1783450420,500,,Aggregated,228.600000,0.000000,8,13,46,70,230,640,1800,2600,4800,5100,5200,25592,0,8,126.34095575186006,2.887677001126576,5161.053850999451,5942.649187246015
1783450421,500,,Aggregated,229.400000,0.000000,8,13,45,69,230,630,1800,2600,4800,5100,5200,25831,0,8,125.30624283251286,2.887677001126576,5161.053850999451,5943.176686926561
1783450422,500,,Aggregated,226.900000,0.000000,8,13,45,68,220,620,1800,2600,4700,5100,5200,26072,0,8,124.31786406722385,2.887677001126576,5161.053850999451,5939.092628106781
1783450423,500,,Aggregated,228.500000,0.000000,8,13,44,68,220,610,1700,2600,4700,5100,5200,26286,0,8,123.39960025331561,2.887677001126576,5161.053850999451,5941.135319181313
1783450424,500,,Aggregated,228.400000,0.000000,7,13,44,67,220,600,1700,2500,4700,5100,5200,26512,0,7,122.51073160179082,2.887677001126576,5161.053850999451,5938.900309293905
1783450425,500,,Aggregated,227.600000,0.000000,7,13,43,67,220,590,1700,2500,4700,5100,5200,26740,0,7,121.60865648185039,2.887677001126576,5161.053850999451,5936.1174644727
1783450426,500,,Aggregated,232.700000,0.000000,7,13,43,66,210,580,1700,2500,4700,5100,5200,26972,0,7,120.66088202872004,2.887677001126576,5161.053850999451,5933.240953581492
1783450427,500,,Aggregated,226.900000,0.000000,7,13,42,65,210,580,1600,2500,4700,5100,5200,27193,0,7,119.803455761947,2.887677001126576,5161.053850999451,5933.75453241643
1783450428,500,,Aggregated,228.500000,0.000000,7,13,41,64,210,570,1600,2500,4700,5100,5200,27431,0,7,118.86207537401629,2.887677001126576,5161.053850999451,5943.28788596843
1783450429,500,,Aggregated,228.000000,0.000000,7,13,41,64,210,560,1600,2500,4700,5100,5200,27666,0,7,117.98604122900555,2.887677001126576,5161.053850999451,5941.922178847683
1783450430,500,,Aggregated,226.500000,0.000000,7,13,40,63,200,550,1600,2500,4700,5100,5200,27896,0,7,117.13872530924316,2.887677001126576,5161.053850999451,5941.546637510754
1783450431,500,,Aggregated,227.700000,0.000000,7,13,40,63,200,550,1600,2500,4700,5100,5200,28124,0,7,116.47760555993646,2.887677001126576,5161.053850999451,5933.520409614564
1783450432,500,,Aggregated,228.200000,0.000000,7,13,39,63,200,530,1600,2500,4700,5100,5200,28362,0,7,115.60726079397163,2.887677001126576,5161.053850999451,5937.9168605881105
1783450433,500,,Aggregated,224.000000,0.000000,7,13,39,62,200,530,1500,2500,4700,5100,5200,28574,0,7,114.8513665624205,2.887677001126576,5161.053850999451,5933.522677958984
1783450434,500,,Aggregated,227.100000,0.000000,7,12,38,62,190,520,1500,2500,4700,5100,5200,28798,0,7,114.08778555703823,2.887677001126576,5161.053850999451,5933.480102784915
1783450436,500,,Aggregated,227.000000,0.000000,7,13,44,67,230,580,1500,2500,4500,5100,5200,29184,0,7,118.2166431836526,2.887677001126576,5161.053850999451,5927.337410910088
1783450437,500,,Aggregated,212.700000,0.000000,7,13,44,68,230,580,1500,2500,4500,5100,5200,29341,0,7,118.2519343844014,2.887677001126576,5161.053850999451,5925.1644797382505
1783450439,500,,Aggregated,215.500000,0.000000,8,13,48,74,240,580,1400,2400,4500,5100,5200,29714,0,8,120.54347774623737,2.887677001126576,5161.053850999451,5924.081106549102
1783450440,500,,Aggregated,199.000000,0.000000,8,13,48,74,240,580,1400,2400,4500,5100,5200,29906,0,8,120.08703181852034,2.887677001126576,5161.053850999451,5926.763492275798
1783450441,500,,Aggregated,200.800000,0.000000,8,13,48,73,240,570,1400,2400,4500,5100,5200,30131,0,8,119.2824548231299,2.887677001126576,5161.053850999451,5923.6376821214035
1783450442,500,,Aggregated,203.100000,0.000000,8,13,47,72,240,570,1400,2400,4500,5100,5200,30364,0,8,118.5019733085153,2.887677001126576,5161.053850999451,5921.141022263207
1783450443,500,,Aggregated,204.200000,0.000000,8,13,47,72,240,560,1400,2400,4500,5100,5200,30588,0,8,117.76051966737494,2.887677001126576,5161.053850999451,5914.671537857984
1783450444,500,,Aggregated,199.700000,0.000000,8,13,48,73,240,560,1400,2400,4500,5100,5200,30823,0,8,117.45138184672749,2.887677001126576,5161.053850999451,5908.369496804335
1783450445,500,,Aggregated,202.800000,0.000000,8,13,47,72,240,550,1400,2400,4200,5100,5200,31046,0,8,116.71158507504043,2.887677001126576,5161.053850999451,5908.561714874702
1783450446,500,,Aggregated,199.200000,0.000000,8,13,47,71,230,550,1400,2400,4200,5100,5200,31300,0,8,115.88029958516576,2.887677001126576,5161.053850999451,5911.181725239617
1783450447,500,,Aggregated,217.000000,0.000000,8,13,46,70,230,540,1300,2400,4200,5100,5200,31535,0,8,115.16772310970809,2.887677001126576,5161.053850999451,5907.131346123355
1783450448,500,,Aggregated,225.400000,0.000000,8,13,46,70,230,530,1300,2400,4200,5100,5200,31759,0,8,114.46145560551648,2.887677001126576,5161.053850999451,5904.194810919739
1783450449,500,,Aggregated,215.800000,0.000000,7,13,45,69,230,520,1300,2300,4200,5100,5200,31983,0,7,113.77542837037056,2.887677001126576,5161.053850999451,5903.786918050214
1783450450,500,,Aggregated,233.400000,0.000000,7,13,45,69,220,520,1300,2300,4200,5100,5200,32202,0,7,113.0776270915962,2.887677001126576,5161.053850999451,5907.330258990125
1783450451,500,,Aggregated,229.400000,0.000000,7,13,44,68,220,520,1300,2300,4200,5100,5200,32442,0,7,112.34170885147665,2.887677001126576,5161.053850999451,5909.581345169841
1783450452,500,,Aggregated,228.100000,0.000000,7,13,44,68,220,510,1300,2300,4200,5100,5200,32668,0,7,111.67311938406344,2.887677001126576,5161.053850999451,5911.357536427085
1783450453,500,,Aggregated,228.400000,0.000000,7,13,43,67,220,510,1300,2300,4200,5100,5200,32898,0,7,111.03961194110734,2.887677001126576,5161.053850999451,5911.699708188948
1783450454,500,,Aggregated,230.100000,0.000000,7,13,43,67,220,500,1300,2300,4200,5100,5200,33126,0,7,110.35891608441953,2.887677001126576,5161.053850999451,5913.051530519833
1783450455,500,,Aggregated,227.300000,0.000000,7,13,42,66,210,500,1200,2300,4200,5100,5200,33346,0,7,109.72440557507646,2.887677001126576,5161.053850999451,5913.127541534217
1783450456,500,,Aggregated,232.200000,0.000000,7,13,42,66,210,500,1200,2300,4200,5100,5200,33581,0,7,109.06639704146691,2.887677001126576,5161.053850999451,5917.489205205325
1783450457,500,,Aggregated,228.000000,0.000000,7,13,41,65,210,490,1200,2200,4200,5100,5200,33810,0,7,108.42929266461091,2.887677001126576,5161.053850999451,5918.248033126294
1783450458,500,,Aggregated,226.500000,0.000000,7,13,41,65,210,490,1200,2200,4200,5100,5200,34050,0,7,107.76168405129407,2.887677001126576,5161.053850999451,5921.669955947136
1783450459,500,,Aggregated,228.100000,0.000000,7,13,42,66,210,490,1200,2200,4200,5100,5200,34268,0,7,107.66340654177628,2.887677001126576,5161.053850999451,5922.013890510097
1783450460,500,,Aggregated,226.100000,0.000000,7,13,42,66,210,480,1200,2200,4200,5100,5200,34472,0,7,107.15631683663652,2.887677001126576,5161.053850999451,5916.710112555117
1783450461,500,,Aggregated,218.100000,0.000000,7,13,41,65,200,480,1200,2200,4200,5100,5200,34694,0,7,106.5635006883186,2.887677001126576,5161.053850999451,5915.811321842393
1783450462,500,,Aggregated,226.100000,0.000000,7,13,41,65,200,470,1200,2200,4200,5100,5200,34930,0,7,105.94577759726697,2.887677001126576,5161.053850999451,5916.544231319783
1783450463,500,,Aggregated,226.100000,0.000000,7,13,41,65,200,470,1200,2200,4100,5100,5200,35173,0,7,105.40886846164535,2.887677001126576,5161.053850999451,5913.495323117164
1783450464,500,,Aggregated,223.200000,0.000000,7,13,40,64,200,470,1100,2200,4100,5100,5200,35405,0,7,104.8530211674465,2.887677001126576,5161.053850999451,5907.001666431295
1783450465,500,,Aggregated,224.900000,0.000000,7,13,40,64,190,470,1100,2200,4100,5100,5200,35627,0,7,104.2904100166319,2.887677001126576,5161.053850999451,5901.429337300362
1783450466,500,,Aggregated,225.500000,0.000000,7,12,39,63,190,460,1100,2200,4100,5100,5200,35859,0,7,103.7169796588445,2.887677001126576,5161.053850999451,5902.01851696924
1783450467,500,,Aggregated,225.400000,0.000000,7,12,39,63,190,460,1100,2200,4100,5100,5200,36085,0,7,103.1559248734806,2.887677001126576,5161.053850999451,5906.00748233338
1783450468,500,,Aggregated,225.500000,0.000000,7,12,38,63,190,460,1100,2200,4100,5100,5200,36307,0,7,102.60739486034466,2.887677001126576,5161.053850999451,5904.67752774947
1783450469,500,,Aggregated,223.800000,0.000000,7,12,38,62,190,460,1100,2200,4100,5100,5200,36543,0,7,102.0458631030434,2.887677001126576,5161.053850999451,5907.754316832225
1783450470,500,,Aggregated,225.100000,0.000000,7,12,37,62,180,460,1100,2200,4100,5100,5200,36785,0,7,101.43889489551569,2.887677001126576,5161.053850999451,5910.059915726519
1783450471,500,,Aggregated,234.000000,0.000000,7,12,36,61,180,450,1100,2200,4100,5100,5200,37005,0,7,100.92249780998688,2.887677001126576,5161.053850999451,5908.0204566950415
1783450472,500,,Aggregated,226.300000,0.000000,7,12,36,61,180,450,1100,2200,4100,5100,5200,37242,0,7,100.38258444215093,2.887677001126576,5161.053850999451,5910.050400085925
1783450473,500,,Aggregated,226.700000,0.000000,7,12,36,60,180,450,1100,2200,4100,5100,5200,37462,0,7,99.883112634606,2.887677001126576,5161.053850999451,5904.184293417329
1783450474,500,,Aggregated,229.500000,0.000000,7,12,35,60,180,450,1100,2100,4100,5100,5200,37687,0,7,99.37212447280338,2.887677001126576,5161.053850999451,5904.042561095338
1783450475,500,,Aggregated,228.800000,0.000000,7,12,36,61,180,440,1100,2100,4100,5100,5200,37942,0,7,99.23811376462699,2.887677001126576,5161.053850999451,5901.4200622002
1783450476,500,,Aggregated,225.400000,0.000000,7,12,36,60,180,440,1100,2100,4100,5100,5200,38142,0,7,98.7894486725,2.887677001126576,5161.053850999451,5897.530727282261
1783450477,500,,Aggregated,222.800000,0.000000,7,12,36,60,170,430,1100,2100,4100,5100,5200,38368,0,7,98.28951668318722,2.887677001126576,5161.053850999451,5901.430775646372
1783450478,500,,Aggregated,228.600000,0.000000,7,12,35,60,170,430,1100,2100,4100,5100,5200,38596,0,7,97.79380687611426,2.887677001126576,5161.053850999451,5896.543838739766
1783450479,500,,Aggregated,225.100000,0.000000,7,12,35,60,170,430,1100,2100,4100,5100,5200,38820,0,7,97.32112388236854,2.887677001126576,5161.053850999451,5891.323209685729
1783450480,500,,Aggregated,227.600000,0.000000,7,12,34,59,170,420,1100,2100,4100,5100,5200,39065,0,7,96.81028469843928,2.887677001126576,5161.053850999451,5887.956943555612
1783450481,500,,Aggregated,226.400000,0.000000,7,12,34,59,170,420,1100,2100,4100,5100,5200,39290,0,7,96.31814853615457,2.887677001126576,5161.053850999451,5889.554110460677
1783450482,500,,Aggregated,227.400000,0.000000,7,12,33,59,160,420,1000,2100,4100,5100,5200,39544,0,7,95.78340238626588,2.887677001126576,5161.053850999451,5885.979642929395
1783450483,500,,Aggregated,227.400000,0.000000,7,12,33,58,160,410,1000,2100,4100,5100,5200,39758,0,7,95.35234895976865,2.887677001126576,5161.053850999451,5885.368806277982
1783450484,500,,Aggregated,226.800000,0.000000,7,12,33,58,160,410,1000,2100,4100,5100,5200,39978,0,7,94.92087237794425,2.887677001126576,5161.053850999451,5885.826154384912
1783450485,500,,Aggregated,227.700000,0.000000,7,12,32,58,160,410,1000,2100,4100,5100,5200,40216,0,7,94.44022309639269,2.887677001126576,5161.053850999451,5884.768997413965
1783450486,500,,Aggregated,229.200000,0.000000,7,12,32,57,160,410,1000,2100,4100,5100,5200,40466,0,7,93.9510380338436,2.887677001126576,5161.053850999451,5882.422601690308
1783450487,500,,Aggregated,232.600000,0.000000,7,12,31,57,160,400,1000,2100,4100,5100,5200,40693,0,7,93.4996178118238,2.887677001126576,5161.053850999451,5884.834738161355
1783450488,500,,Aggregated,226.600000,0.000000,7,12,31,57,150,400,1000,2100,4100,5100,5200,40916,0,7,93.06463419260214,2.887677001126576,5161.053850999451,5887.775589011633
1783450489,500,,Aggregated,232.500000,0.000000,7,12,30,56,150,400,1000,2100,4100,5100,5200,41166,0,7,92.60352751276545,2.887677001126576,5161.053850999451,5879.123621435165
1783450490,500,,Aggregated,229.500000,0.000000,7,12,29,56,150,390,1000,2100,4100,5100,5200,41375,0,7,92.20219174256314,2.887677001126576,5161.053850999451,5880.618271903323
1783450491,500,,Aggregated,229.100000,0.000000,7,12,31,56,150,390,1000,2100,4100,5100,5200,41614,0,7,91.91532340619636,2.887677001126576,5161.053850999451,5875.301557168261
1783450492,500,,Aggregated,230.800000,0.000000,7,12,30,56,150,390,1000,2100,4100,5100,5200,41829,0,7,91.50966448376724,2.887677001126576,5161.053850999451,5870.857969351407
1783450493,500,,Aggregated,229.000000,0.000000,7,12,29,56,150,390,990,2000,4100,5100,5200,42050,0,7,91.0999519960887,2.887677001126576,5161.053850999451,5873.687657550535
1783450494,500,,Aggregated,229.500000,0.000000,7,12,29,55,150,380,990,2000,4100,5100,5200,42291,0,7,90.65675145509704,2.887677001126576,5161.053850999451,5872.822184389113
1783450495,500,,Aggregated,227.100000,0.000000,7,12,28,55,150,380,990,2000,4100,5100,5200,42509,0,7,90.26430415101348,2.887677001126576,5161.053850999451,5873.419722882213
1783450496,500,,Aggregated,227.200000,0.000000,7,12,28,55,140,380,980,2000,4100,5100,5200,42752,0,7,89.82108692064591,2.887677001126576,5161.053850999451,5879.334323540419
1783450497,500,,Aggregated,228.600000,0.000000,7,12,27,54,140,380,980,2000,4100,5100,5200,42966,0,7,89.4357167970348,2.887677001126576,5161.053850999451,5881.651515151515
1783450498,500,,Aggregated,227.700000,0.000000,7,12,27,54,140,380,980,2000,4100,5100,5200,43208,0,7,89.00276338355079,2.887677001126576,5161.053850999451,5880.353846509905
1783450500,500,,Aggregated,226.500000,0.000000,7,12,28,54,140,370,970,2000,4100,5100,5200,43494,0,7,88.66315070098192,2.887677001126576,5161.053850999451,5879.2630247850275
1783450501,500,,Aggregated,223.800000,0.000000,7,12,27,54,140,370,970,2000,4100,5100,5200,43710,0,7,88.29280627315288,2.887677001126576,5161.053850999451,5877.100388927019
1783450502,500,,Aggregated,225.900000,0.000000,7,12,27,54,140,370,970,2000,4100,5100,5200,43943,0,7,87.89286910997231,2.887677001126576,5161.053850999451,5882.3017090321555
1783450503,500,,Aggregated,226.900000,0.000000,7,12,26,53,140,370,960,2000,4100,5100,5200,44168,0,7,87.50921311434648,2.887677001126576,5161.053850999451,5877.397957797501
1783450504,500,,Aggregated,226.100000,0.000000,7,12,26,53,140,370,960,2000,4100,5100,5200,44386,0,7,87.20539375252346,2.887677001126576,5161.053850999451,5874.240976884604
1783450505,500,,Aggregated,228.200000,0.000000,7,12,25,53,130,360,950,2000,4100,5100,5200,44635,0,7,86.81358515161861,2.887677001126576,5161.053850999451,5873.771300548897
1783450506,500,,Aggregated,226.500000,0.000000,7,12,25,53,130,360,950,2000,4100,5100,5200,44838,0,7,86.47362403125828,2.887677001126576,5161.053850999451,5874.965520317588
1783450507,500,,Aggregated,227.500000,0.000000,7,12,24,52,130,360,950,1900,4000,5100,5200,45081,0,7,86.07252105575614,2.887677001126576,5161.053850999451,5870.781770590715
1783450508,500,,Aggregated,225.700000,0.000000,7,12,23,52,130,360,950,1900,4000,5100,5200,45305,0,7,85.71351865249981,2.887677001126576,5161.053850999451,5869.273899128131
1783450509,500,,Aggregated,226.100000,0.000000,7,12,23,52,130,360,940,1900,4000,5100,5200,45477,0,7,85.52448057889738,2.887677001126576,5161.053850999451,5870.282032675858
1783450511,500,,Aggregated,223.700000,0.000000,7,12,29,55,150,380,990,1900,4000,5100,5200,45915,0,7,88.83834473639385,2.887677001126576,5161.053850999451,5873.819906348688
1783450512,500,,Aggregated,198.800000,0.000000,7,12,29,55,150,380,980,1900,4000,5100,5200,46070,0,7,88.5926786279906,2.887677001126576,5161.053850999451,5871.30223572824
1783450513,500,,Aggregated,219.700000,0.000000,7,12,28,55,150,380,980,1900,4000,5100,5200,46293,0,7,88.22745093151315,2.8522760039777495,5161.053850999451,5869.09800617804
1783450514,500,,Aggregated,210.500000,0.000000,7,12,28,54,150,380,980,1900,4000,5100,5200,46538,0,7,87.83189788378341,2.8522760039777495,5161.053850999451,5870.365658171817
1783450515,500,,Aggregated,209.300000,0.000000,7,12,27,54,140,380,970,1900,4000,5100,5200,46752,0,7,87.49599047975414,2.8522760039777495,5161.053850999451,5872.867727583846
1783450516,500,,Aggregated,212.400000,0.000000,7,12,27,54,140,370,970,1900,4000,5100,5200,46995,0,7,87.11020312957682,2.8522760039777495,5161.053850999451,5873.39689328652
1783450517,500,,Aggregated,209.200000,0.000000,7,12,26,53,140,370,970,1900,4000,5100,5200,47216,0,7,86.76295812051967,2.8522760039777495,5161.053850999451,5873.264973737716
1783450518,500,,Aggregated,212.400000,0.000000,7,12,26,53,140,370,960,1900,4000,5100,5200,47439,0,7,86.42503062027968,2.8522760039777495,5161.053850999451,5870.775901684268
1783450519,500,,Aggregated,209.600000,0.000000,7,12,25,53,140,370,960,1900,4000,5100,5200,47662,0,7,86.10141673778763,2.8522760039777495,5161.053850999451,5866.331480005036
1783450520,500,,Aggregated,211.800000,0.000000,7,12,24,53,140,370,950,1900,4000,5100,5200,47897,0,7,85.74457769061647,2.8522760039777495,5161.053850999451,5866.649539637138
1783450521,500,,Aggregated,217.300000,0.000000,7,12,23,53,140,370,950,1900,4000,5100,5200,48126,0,7,85.40873004852786,2.8522760039777495,5161.053850999451,5867.092029256535
1783450522,500,,Aggregated,236.000000,0.000000,7,12,23,52,140,360,950,1900,4000,5100,5200,48348,0,7,85.10259790799043,2.8522760039777495,5161.053850999451,5868.287209398527
1783450523,500,,Aggregated,216.100000,0.000000,7,12,22,52,130,360,950,1900,4000,5100,5200,48587,0,7,84.75323973603109,2.8522760039777495,5161.053850999451,5865.368164323791
1783450524,500,,Aggregated,225.800000,0.000000,7,12,22,52,130,360,940,1800,4000,5100,5200,48830,0,7,84.41565319796396,2.8522760039777495,5161.053850999451,5860.992156461192
1783450525,500,,Aggregated,225.800000,0.000000,7,12,21,52,130,360,930,1800,4000,5100,5200,49029,0,7,84.14598204447593,2.8522760039777495,5161.053850999451,5863.908645903445
1783450526,500,,Aggregated,226.000000,0.000000,7,12,21,52,130,360,930,1800,4000,5100,5200,49235,0,7,83.87271858652775,2.8522760039777495,5161.053850999451,5860.450858129379
1783450527,500,,Aggregated,226.900000,0.000000,7,12,22,52,130,360,920,1800,4000,5100,5200,49538,0,7,83.69890955405415,2.8522760039777495,5161.053850999451,5859.817513827768
1783450528,500,,Aggregated,224.400000,0.000000,7,12,22,52,130,350,910,1800,4000,5100,5200,49762,0,7,83.3800330031711,2.8522760039777495,5161.053850999451,5855.721735460794
1783450529,500,,Aggregated,229.000000,0.000000,7,12,21,52,130,350,910,1800,4000,5100,5200,50000,0,7,83.07479727847578,2.8522760039777495,5161.053850999451,5856.56028
1783450530,500,,Aggregated,225.100000,0.000000,7,12,21,52,130,350,910,1800,4000,5100,5200,50220,0,7,82.78936296678089,2.8522760039777495,5161.053850999451,5854.355655117483
1783450531,500,,Aggregated,225.100000,0.000000,7,12,20,51,130,350,910,1800,4000,5100,5200,50459,0,7,82.4658576150678,2.8522760039777495,5161.053850999451,5853.344418240552
1783450532,500,,Aggregated,227.300000,0.000000,7,12,20,51,130,340,900,1800,4000,5100,5200,50681,0,7,82.16317272549296,2.8522760039777495,5161.053850999451,5854.204909137547
1783450533,500,,Aggregated,227.700000,0.000000,7,12,20,51,130,340,900,1800,4000,5100,5200,50915,0,7,81.88618586525936,2.8522760039777495,5161.053850999451,5851.812766375331
1783450534,500,,Aggregated,226.200000,0.000000,7,12,19,51,120,340,900,1800,4000,5100,5200,51126,0,7,81.60148917964909,2.8522760039777495,5161.053850999451,5854.357411101983
1783450535,500,,Aggregated,228.400000,0.000000,7,12,19,50,120,340,890,1800,4000,5100,5200,51359,0,7,81.2988818835579,2.8522760039777495,5161.053850999451,5857.695632703129
1783450536,500,,Aggregated,224.500000,0.000000,7,12,19,50,120,330,890,1800,4000,5100,5200,51595,0,7,80.99832858704637,2.8522760039777495,5161.053850999451,5863.389940885745
1783450537,500,,Aggregated,224.700000,0.000000,7,12,19,50,120,330,890,1800,4000,5100,5200,51812,0,7,80.71805740864346,2.8522760039777495,5161.053850999451,5864.1853238631975
1783450538,500,,Aggregated,226.600000,0.000000,7,12,19,50,120,330,880,1800,4000,5100,5200,52056,0,7,80.40381793579255,2.8522760039777495,5161.053850999451,5864.557169202398
1783450539,500,,Aggregated,224.300000,0.000000,7,12,18,49,120,330,880,1700,4000,5100,5200,52260,0,7,80.1293708663912,2.8522760039777495,5161.053850999451,5866.017508610792
1783450540,500,,Aggregated,226.100000,0.000000,7,12,18,49,120,330,880,1700,4000,5100,5200,52493,0,7,79.83510467577801,2.8522760039777495,5161.053850999451,5870.903872897338
1783450541,500,,Aggregated,226.700000,0.000000,7,12,18,49,120,330,870,1700,4000,5100,5200,52721,0,7,79.54531290689853,2.8522760039777495,5161.053850999451,5867.945164166082
1783450542,500,,Aggregated,224.600000,0.000000,7,12,18,49,120,330,870,1700,4000,5100,5200,52954,0,7,79.25025432525449,2.8522760039777495,5161.053850999451,5867.511991539827
1783450543,500,,Aggregated,224.900000,0.000000,7,12,18,49,120,320,870,1700,4000,5100,5200,53185,0,7,78.98916467067,2.8522760039777495,5161.053850999451,5866.42743254677
1783450544,500,,Aggregated,225.600000,0.000000,7,12,17,49,120,320,870,1700,4000,5100,5200,53347,0,7,78.79531816118244,2.8522760039777495,5161.053850999451,5866.311601402141
1783450545,500,,Aggregated,224.700000,0.000000,7,12,18,49,120,320,860,1700,4000,5100,5200,53650,0,7,78.77919526821358,2.8522760039777495,5161.053850999451,5866.670363466915
1783450546,500,,Aggregated,227.600000,0.000000,7,12,18,49,120,320,860,1700,4000,5100,5200,53887,0,7,78.52936229076884,2.8522760039777495,5161.053850999451,5867.401822331917
1783450547,500,,Aggregated,224.700000,0.000000,7,12,18,49,120,310,860,1700,4000,5100,5200,54114,0,7,78.25032198755682,2.8522760039777495,5161.053850999451,5864.978175703145
1783450548,500,,Aggregated,226.300000,0.000000,7,12,18,49,120,310,850,1600,4000,5100,5200,54346,0,7,77.97370405156977,2.8522760039777495,5161.053850999451,5868.472196665808
1783450549,500,,Aggregated,226.000000,0.000000,7,12,17,49,110,310,850,1600,4000,5100,5200,54564,0,7,77.72557039902853,2.8522760039777495,5161.053850999451,5865.830071109156
1783450550,500,,Aggregated,228.200000,0.000000,7,12,17,48,110,310,850,1600,4000,5100,5200,54792,0,7,77.46930444639047,2.8522760039777495,5161.053850999451,5862.687417871222
1783450551,500,,Aggregated,227.100000,0.000000,7,12,17,48,110,310,840,1600,4000,5100,5200,55039,0,7,77.19947032336418,2.8522760039777495,5161.053850999451,5858.831628481622
1783450552,500,,Aggregated,227.700000,0.000000,7,12,17,48,110,310,840,1600,4000,5100,5200,55255,0,7,76.9600222025081,2.8522760039777495,5161.053850999451,5857.817446384943
1783450553,500,,Aggregated,227.000000,0.000000,7,12,17,48,110,300,840,1600,4000,5100,5200,55490,0,7,76.69271286103026,2.8522760039777495,5161.053850999451,5855.674860335195
1783450554,500,,Aggregated,227.300000,0.000000,7,12,17,48,110,300,830,1600,4000,5100,5200,55711,0,7,76.44470116044623,2.8522760039777495,5161.053850999451,5857.4961856724885
1783450555,500,,Aggregated,227.400000,0.000000,7,12,17,48,110,300,830,1600,4000,5100,5200,55927,0,7,76.19638647863475,2.8522760039777495,5161.053850999451,5853.688701342822
1783450556,500,,Aggregated,226.000000,0.000000,7,12,17,47,110,300,830,1600,4000,5100,5200,56164,0,7,75.94026110593236,2.8522760039777495,5161.053850999451,5855.677213161456
1783450557,500,,Aggregated,229.100000,0.000000,7,12,16,47,110,300,830,1600,4000,5100,5200,56391,0,7,75.68059121438884,2.8522760039777495,5161.053850999451,5857.926229362842
1783450558,500,,Aggregated,226.600000,0.000000,7,12,16,47,110,290,820,1600,4000,5100,5200,56622,0,7,75.44033611890451,2.8522760039777495,5161.053850999451,5857.448447599872
1783450559,500,,Aggregated,226.500000,0.000000,7,12,16,47,110,290,820,1500,4000,5100,5200,56844,0,7,75.20284786715669,2.8522760039777495,5161.053850999451,5854.702378439237
1783450560,500,,Aggregated,224.500000,0.000000,7,12,16,47,110,290,820,1500,4000,5100,5200,57093,0,7,74.95347199855821,2.8522760039777495,5161.053850999451,5852.191652216559
1783450561,500,,Aggregated,225.300000,0.000000,7,12,16,47,110,290,810,1500,4000,5100,5200,57308,0,7,74.7262719927186,2.8522760039777495,5161.053850999451,5853.315174146716
1783450562,500,,Aggregated,224.700000,0.000000,7,12,16,47,110,290,810,1500,4000,5100,5200,57526,0,7,74.61688639538148,2.8522760039777495,5161.053850999451,5852.378420192608
1783450563,500,,Aggregated,227.400000,0.000000,7,12,16,47,110,290,810,1500,4000,5100,5200,57757,0,7,74.45800137014977,2.8522760039777495,5161.053850999451,5849.087989334626
1783450564,500,,Aggregated,226.800000,0.000000,7,12,16,47,110,290,810,1500,4000,5100,5200,57995,0,7,74.20972625608646,2.8522760039777495,5161.053850999451,5846.912923527891
1783450565,500,,Aggregated,226.500000,0.000000,7,12,16,47,110,280,800,1500,4000,5100,5200,58220,0,7,73.9841413735261,2.8522760039777495,5161.053850999451,5846.730934386808
1783450566,500,,Aggregated,225.400000,0.000000,7,12,16,46,110,280,800,1500,4000,5100,5200,58468,0,7,73.727647055187,2.8522760039777495,5161.053850999451,5845.974413354314
1783450567,500,,Aggregated,226.300000,0.000000,7,12,16,46,110,280,800,1500,4000,5100,5200,58689,0,7,73.50799350054874,2.8522760039777495,5161.053850999451,5846.285436793948
1783450568,500,,Aggregated,226.700000,0.000000,7,12,16,46,100,280,790,1500,4000,5100,5200,58932,0,7,73.26412194355704,2.8522760039777495,5161.053850999451,5846.223087626417
1783450569,500,,Aggregated,228.500000,0.000000,7,12,16,46,100,280,790,1500,4000,5100,5200,59168,0,7,73.03046252208517,2.8522760039777495,5161.053850999451,5847.876081665765
1783450570,500,,Aggregated,227.900000,0.000000,7,12,16,46,100,280,790,1400,4000,5100,5200,59398,0,7,72.81329333948459,2.8522760039777495,5161.053850999451,5846.011229334321
1783450571,500,,Aggregated,229.900000,0.000000,7,12,16,46,100,280,790,1400,4000,5100,5200,59623,0,7,72.59702663164839,2.8522760039777495,5161.053850999451,5846.856498331181
1783450572,500,,Aggregated,230.800000,0.000000,7,12,16,45,100,280,780,1400,4000,5100,5200,59843,0,7,72.37723030046531,2.8522760039777495,5161.053850999451,5843.865163845396
1783450573,500,,Aggregated,228.900000,0.000000,7,12,16,45,100,280,780,1400,4000,5100,5200,60066,0,7,72.16185597890238,2.8522760039777495,5161.053850999451,5846.020494123131
1783450574,500,,Aggregated,229.500000,0.000000,7,12,16,45,100,270,780,1400,4000,5100,5200,60304,0,7,71.93748854894845,2.8522760039777495,5161.053850999451,5845.941927566994
1783450575,500,,Aggregated,227.700000,0.000000,7,12,16,45,100,270,780,1400,4000,5100,5200,60537,0,7,71.7177038704391,2.8522760039777495,5161.053850999451,5843.274641954507
1783450576,500,,Aggregated,229.600000,0.000000,7,12,15,45,100,270,770,1400,4000,5100,5200,60756,0,7,71.51649652959084,2.8522760039777495,5161.053850999451,5843.214036473764
1783450577,500,,Aggregated,229.000000,0.000000,7,12,15,45,100,270,770,1400,4000,5100,5200,60980,0,7,71.30495002097098,2.8522760039777495,5161.053850999451,5843.194194817973
1783450578,500,,Aggregated,229.700000,0.000000,7,12,15,45,100,270,770,1400,4000,5100,5200,61222,0,7,71.07214748771362,2.8522760039777495,5161.053850999451,5842.7451896377115
1783450579,500,,Aggregated,226.600000,0.000000,7,12,15,44,100,270,760,1400,4000,5100,5200,61455,0,7,70.85018045358143,2.8522760039777495,5161.053850999451,5844.583548938247
1783450580,500,,Aggregated,227.200000,0.000000,7,12,15,44,99,270,760,1400,4000,5100,5200,61684,0,7,70.65255406335196,2.8522760039777495,5161.053850999451,5846.608520848194
1783450581,500,,Aggregated,227.000000,0.000000,7,12,16,45,100,270,760,1400,4000,5100,5200,61942,0,7,70.69573832312206,2.8522760039777495,5161.053850999451,5848.16031125892
1783450583,500,,Aggregated,227.700000,0.000000,7,12,15,45,100,270,760,1400,3900,5100,5200,62133,0,7,70.52218233381288,2.8522760039777495,5161.053850999451,5847.532647707338
1783450584,500,,Aggregated,226.900000,0.000000,7,12,15,45,100,270,750,1400,3900,5100,5200,62373,0,7,70.32160935811623,2.8522760039777495,5161.053850999451,5847.766902345566
1783450585,500,,Aggregated,227.300000,0.000000,7,12,15,45,99,260,750,1400,3900,5100,5200,62591,0,7,70.1208418973284,2.8522760039777495,5161.053850999451,5850.296272627055
1783450586,500,,Aggregated,228.300000,0.000000,7,12,15,44,99,260,750,1300,3900,5100,5200,62840,0,7,69.89687639164156,2.8522760039777495,5161.053850999451,5848.26546785487
1783450587,500,,Aggregated,227.100000,0.000000,7,12,15,44,99,260,750,1300,3900,5100,5200,63067,0,7,69.69170651662249,2.8522760039777495,5161.053850999451,5847.470277641239
1783450588,500,,Aggregated,227.600000,0.000000,7,12,15,44,98,260,740,1300,3900,5100,5200,63302,0,7,69.47846083834436,2.8522760039777495,5161.053850999451,5850.60508356766
1783450589,500,,Aggregated,229.500000,0.000000,7,12,15,44,98,260,740,1300,3900,5100,5200,63528,0,7,69.29058129588287,2.8522760039777495,5161.053850999451,5852.355984762625
1783450590,500,,Aggregated,229.700000,0.000000,7,12,15,44,97,260,740,1300,3900,5100,5200,63756,0,7,69.09142622408666,2.8522760039777495,5161.053850999451,5852.387900746597
1783450591,500,,Aggregated,228.400000,0.000000,7,12,15,43,97,260,730,1300,3900,5100,5200,63988,0,7,68.89452499452791,2.8522760039777495,5161.053850999451,5851.642057885853
1783450592,500,,Aggregated,227.800000,0.000000,7,12,15,43,97,260,730,1300,3900,5100,5200,64225,0,7,68.68464244262998,2.8522760039777495,5161.053850999451,5852.459447255742
1783450593,500,,Aggregated,228.400000,0.000000,7,12,15,43,96,260,730,1300,3900,5100,5200,64432,0,7,68.51226849773094,2.8522760039777495,5161.053850999451,5848.6871275142785
1783450594,500,,Aggregated,226.500000,0.000000,7,12,15,43,96,260,730,1300,3900,5100,5200,64693,0,7,68.32199413644118,2.8522760039777495,5161.053850999451,5846.204643469927
1783450595,500,,Aggregated,228.100000,0.000000,7,12,15,43,96,250,720,1300,3900,5100,5200,64904,0,7,68.14402640850697,2.8522760039777495,5161.053850999451,5845.94541168495
1783450596,500,,Aggregated,228.800000,0.000000,7,12,15,43,96,250,720,1300,3900,5100,5200,65139,0,7,67.9611858824321,2.8522760039777495,5161.053850999451,5848.209214142065
1783450597,500,,Aggregated,229.600000,0.000000,7,12,15,42,95,250,720,1300,3900,5100,5200,65367,0,7,67.7726122474456,2.8522760039777495,5161.053850999451,5850.289871035844
1783450598,500,,Aggregated,228.000000,0.000000,7,12,15,42,95,250,710,1300,3900,5100,5200,65613,0,7,67.57411450625334,2.8522760039777495,5161.053850999451,5849.834285888467
1783450599,500,,Aggregated,228.700000,0.000000,7,12,15,42,95,250,710,1300,3900,5100,5200,65841,0,7,67.38534757084076,2.8522760039777495,5161.053850999451,5845.285855318115
1783450600,500,,Aggregated,229.900000,0.000000,7,12,15,43,95,250,710,1300,3900,5100,5200,66062,0,7,67.42510566350785,2.8522760039777495,5161.053850999451,5846.468923132815
1783450601,500,,Aggregated,229.300000,0.000000,7,12,15,43,95,250,710,1300,3900,5100,5200,66278,0,7,67.28357533217117,2.8522760039777495,5161.053850999451,5846.807900057334
1783450602,500,,Aggregated,222.100000,0.000000,7,12,15,43,95,250,700,1300,3900,5100,5200,66534,0,7,67.09378505183275,2.8522760039777495,5161.053850999451,5846.768178675565
1783450603,500,,Aggregated,227.800000,0.000000,7,12,15,43,95,250,700,1300,3900,5100,5200,66751,0,7,66.92895559444248,2.8522760039777495,5161.053850999451,5846.236790460068
1783450604,500,,Aggregated,228.500000,0.000000,7,12,15,42,95,250,700,1300,3900,5100,5200,66974,0,7,66.7558892345331,2.8522760039777495,5161.053850999451,5845.429972825275
1783450605,500,,Aggregated,229.200000,0.000000,7,12,15,42,94,240,700,1300,3900,5100,5200,67198,0,7,66.5852684041132,2.8522760039777495,5161.053850999451,5845.754635554629
1783450606,500,,Aggregated,227.200000,0.000000,7,12,15,42,94,240,700,1300,3900,5100,5200,67421,0,7,66.4126246980405,2.8522760039777495,5161.053850999451,5845.623692914671
1783450607,500,,Aggregated,227.700000,0.000000,7,12,15,42,94,240,690,1300,3900,5100,5200,67659,0,7,66.23032613348698,2.8522760039777495,5161.053850999451,5845.661109386778
1783450608,500,,Aggregated,227.400000,0.000000,7,12,15,42,94,240,690,1300,3900,5100,5200,67884,0,7,66.05457055423342,2.8522760039777495,5161.053850999451,5846.8288403747565
1783450609,500,,Aggregated,226.500000,0.000000,7,12,15,42,93,240,690,1300,3900,5100,5200,68108,0,7,65.89150655053153,2.8522760039777495,5161.053850999451,5846.031802431433
1783450610,500,,Aggregated,225.600000,0.000000,7,12,15,42,93,240,680,1200,3900,5100,5200,68345,0,7,65.72401054310662,2.8522760039777495,5161.053850999451,5846.308903357964
1783450611,500,,Aggregated,225.800000,0.000000,7,12,15,41,93,240,680,1200,3900,5100,5200,68570,0,7,65.56492821911449,2.8522760039777495,5161.053850999451,5845.830115210733
1783450612,500,,Aggregated,232.600000,0.000000,7,12,15,41,93,240,680,1200,3900,5100,5200,68811,0,7,65.38295175667609,2.8522760039777495,5161.053850999451,5844.9913676592405
1783450613,500,,Aggregated,227.400000,0.000000,7,12,15,41,93,240,680,1200,3900,5100,5200,69034,0,7,65.2173108050908,2.8522760039777495,5161.053850999451,5846.2283367615955
1783450614,500,,Aggregated,226.400000,0.000000,7,12,15,41,92,240,680,1200,3900,5100,5200,69265,0,7,65.04850096866602,2.8522760039777495,5161.053850999451,5844.752039269472
1783450615,500,,Aggregated,226.100000,0.000000,7,12,15,41,92,240,670,1200,3900,5100,5200,69488,0,7,64.88554597568829,2.8522760039777495,5161.053850999451,5844.412358968455
1783450616,500,,Aggregated,225.600000,0.000000,7,12,14,41,92,240,670,1200,3900,5100,5200,69704,0,7,64.7200372092078,2.8522760039777495,5161.053850999451,5844.578058647997
1783450617,500,,Aggregated,225.800000,0.000000,7,11,14,40,92,240,670,1200,3900,5100,5200,69955,0,7,64.55403206127642,2.8522760039777495,5161.053850999451,5843.861082124223
1783450618,500,,Aggregated,226.600000,0.000000,7,11,14,40,91,230,660,1200,3900,5100,5200,70168,0,7,64.40412093904112,2.8522760039777495,5161.053850999451,5843.924638011629
1783450619,500,,Aggregated,227.000000,0.000000,7,11,14,41,91,230,660,1200,3900,5100,5200,70339,0,7,64.33962989466305,2.8522760039777495,5161.053850999451,5844.371216537056
1783450620,500,,Aggregated,226.600000,0.000000,7,12,15,42,93,240,660,1200,3900,5100,5200,70704,0,7,64.96672541369296,2.8522760039777495,5161.053850999451,5840.180074677529
1783450621,500,,Aggregated,223.100000,0.000000,7,12,15,42,93,240,660,1200,3900,5100,5200,70894,0,7,64.81951369273446,2.8522760039777495,5161.053850999451,5842.813806528056
1783450622,500,,Aggregated,222.100000,0.000000,7,12,15,41,93,240,650,1200,3900,5100,5200,71152,0,7,64.64420693517894,2.8522760039777495,5161.053850999451,5842.741187879469
1783450623,500,,Aggregated,222.700000,0.000000,7,12,15,41,93,240,650,1200,3900,5100,5200,71376,0,7,64.51480175532264,2.8522760039777495,5161.053850999451,5844.132481506389
1783450624,500,,Aggregated,220.500000,0.000000,7,12,15,41,93,240,650,1200,3900,5100,5200,71615,0,7,64.34578367957651,2.8522760039777495,5161.053850999451,5845.626879843609
1783450625,500,,Aggregated,223.200000,0.000000,7,12,15,41,92,240,650,1200,3900,5100,5200,71828,0,7,64.20665874807834,2.8522760039777495,5161.053850999451,5844.279668096007
1783450626,500,,Aggregated,224.600000,0.000000,7,12,15,41,92,230,650,1200,3900,5100,5200,72066,0,7,64.04348098801057,2.8522760039777495,5161.053850999451,5842.230025254627
1783450627,500,,Aggregated,224.300000,0.000000,7,11,14,41,92,230,640,1200,3900,5100,5200,72305,0,7,63.878721874130036,2.8522760039777495,5161.053850999451,5841.086729825047
1783450628,500,,Aggregated,222.400000,0.000000,7,11,14,41,92,230,640,1200,3900,5100,5200,72541,0,7,63.71827574305514,2.8522760039777495,5161.053850999451,5840.804551908576
1783450629,500,,Aggregated,223.400000,0.000000,7,11,14,40,92,230,640,1200,3900,5100,5200,72749,0,7,63.57087861621332,2.8522760039777495,5161.053850999451,5841.285447222643
1783450630,500,,Aggregated,223.800000,0.000000,7,11,14,40,91,230,640,1200,3900,5100,5200,73010,0,7,63.39754653295356,2.8522760039777495,5161.053850999451,5845.352540747843
1783450631,500,,Aggregated,229.100000,0.000000,7,11,14,40,91,230,640,1200,3900,5100,5200,73235,0,7,63.24622964249227,2.8522760039777495,5161.053850999451,5842.758885778658
1783450632,500,,Aggregated,228.500000,0.000000,7,11,14,40,91,230,640,1200,3900,5100,5200,73455,0,7,63.10010975363021,2.8522760039777495,5161.053850999451,5843.858253352392
1783450633,500,,Aggregated,228.900000,0.000000,7,11,14,40,91,230,630,1200,3900,5100,5200,73694,0,7,62.94532982275284,2.8501179986051284,5161.053850999451,5841.250386734334
1783450634,500,,Aggregated,230.100000,0.000000,7,11,14,40,91,230,630,1200,3900,5100,5200,73925,0,7,62.799196997888586,2.8501179986051284,5161.053850999451,5843.018464660128
1783450635,500,,Aggregated,229.200000,0.000000,7,11,14,39,91,230,630,1200,3900,5100,5200,74137,0,7,62.66217716503156,2.8501179986051284,5161.053850999451,5842.490443368359
1783450636,500,,Aggregated,228.800000,0.000000,7,11,14,39,90,230,630,1200,3900,5100,5200,74377,0,7,62.526206227476095,2.8501179986051284,5161.053850999451,5838.582263334095
1783450638,500,,Aggregated,228.900000,0.000000,7,11,14,39,90,230,620,1200,3900,5100,5200,74551,0,7,62.403292294562405,2.8501179986051284,5161.053850999451,5838.499242129549
1783450639,500,,Aggregated,228.600000,0.000000,7,11,14,40,91,220,620,1200,3900,5100,5200,74868,0,7,62.39270541272442,2.8501179986051284,5161.053850999451,5840.55258588449
1783450640,500,,Aggregated,220.700000,0.000000,7,11,14,40,91,220,620,1200,3800,5100,5200,75099,0,7,62.23917624933509,2.8501179986051284,5161.053850999451,5840.707838985872
1783450641,500,,Aggregated,225.900000,0.000000,7,11,14,40,90,220,610,1200,3800,5100,5200,75311,0,7,62.102910905017886,2.8501179986051284,5161.053850999451,5838.816069365697
1783450642,500,,Aggregated,227.800000,0.000000,7,11,14,39,90,220,610,1200,3800,5100,5200,75560,0,7,61.944644705913426,2.8501179986051284,5161.053850999451,5840.208787718369
1783450643,500,,Aggregated,223.600000,0.000000,7,11,14,39,90,220,610,1200,3800,5100,5200,75789,0,7,61.80444539700773,2.8501179986051284,5161.053850999451,5840.930016229268
1783450644,500,,Aggregated,226.900000,0.000000,7,11,14,39,90,220,610,1200,3800,5100,5200,76025,0,7,61.65853984932408,2.8501179986051284,5161.053850999451,5839.435448865504
1783450645,500,,Aggregated,226.200000,0.000000,7,11,14,39,90,220,610,1200,3800,5100,5200,76277,0,7,61.53986173167417,2.8501179986051284,5161.053850999451,5841.355139819343
1783450646,500,,Aggregated,226.800000,0.000000,7,11,14,39,89,220,610,1200,3800,5100,5200,76516,0,7,61.384657544421366,2.8501179986051284,5161.053850999451,5843.216882743479
1783450647,500,,Aggregated,225.900000,0.000000,7,11,14,39,89,220,600,1200,3800,5100,5200,76737,0,7,61.248350248145854,2.8501179986051284,5161.053850999451,5845.028877855532
1783450648,500,,Aggregated,227.700000,0.000000,7,11,14,39,89,220,600,1200,3800,5100,5200,76965,0,7,61.11480032021024,2.8501179986051284,5161.053850999451,5844.939076203469
1783450649,500,,Aggregated,226.600000,0.000000,7,11,14,39,89,220,600,1100,3800,5100,5200,77193,0,7,60.97919713126825,2.8501179986051284,5161.053850999451,5843.816382314459
1783450650,500,,Aggregated,234.900000,0.000000,7,11,14,38,89,220,600,1100,3800,5100,5200,77431,0,7,60.83733710374375,2.8501179986051284,5161.053850999451,5841.481990417275
1783450651,500,,Aggregated,227.100000,0.000000,7,11,14,38,89,210,600,1100,3800,5100,5200,77645,0,7,60.707392084949696,2.8501179986051284,5161.053850999451,5841.397707514972
1783450652,500,,Aggregated,227.300000,0.000000,7,11,14,38,88,210,590,1100,3800,5100,5200,77874,0,7,60.5778333282221,2.8501179986051284,5161.053850999451,5841.10528546113
1783450653,500,,Aggregated,230.100000,0.000000,7,11,14,38,88,210,590,1100,3800,5100,5200,78116,0,7,60.43854218208807,2.8501179986051284,5161.053850999451,5840.9243944902455
1783450654,500,,Aggregated,227.200000,0.000000,7,11,14,38,88,210,590,1100,3800,5100,5200,78346,0,7,60.30993084320764,2.8501179986051284,5161.053850999451,5840.8347075792
1783450655,500,,Aggregated,227.700000,0.000000,7,11,14,38,88,210,590,1100,3800,5100,5200,78578,0,7,60.177568229059055,2.8501179986051284,5161.053850999451,5840.400481050676
1783450656,500,,Aggregated,226.700000,0.000000,7,11,14,38,88,210,590,1100,3800,5100,5200,78793,0,7,60.0415954522613,2.8501179986051284,5161.053850999451,5839.944220933332
1783450657,500,,Aggregated,227.000000,0.000000,7,11,14,38,88,210,590,1100,3800,5100,5200,78945,0,7,59.98639673952727,2.8501179986051284,5161.053850999451,5840.663170561784
1783450658,500,,Aggregated,226.200000,0.000000,7,11,14,38,88,210,590,1100,3700,5100,5200,79270,0,7,59.99889827045617,2.8501179986051284,5161.053850999451,5841.169761574366
1783450659,500,,Aggregated,227.100000,0.000000,7,11,14,38,88,210,590,1100,3700,5100,5200,79468,0,7,59.88472822572698,2.8501179986051284,5161.053850999451,5842.407484773746
1783450660,500,,Aggregated,228.000000,0.000000,7,11,14,38,88,210,580,1100,3700,5100,5200,79705,0,7,59.739679636336085,2.8501179986051284,5161.053850999451,5842.161457875917
1783450661,500,,Aggregated,227.500000,0.000000,7,11,14,38,88,210,580,1100,3700,5100,5200,79925,0,7,59.61663951545983,2.8501179986051284,5161.053850999451,5842.310503597122
1783450662,500,,Aggregated,225.400000,0.000000,7,11,14,38,88,210,580,1100,3700,5100,5200,80185,0,7,59.483492220989795,2.8501179986051284,5161.053850999451,5841.530410924736
1783450663,500,,Aggregated,225.100000,0.000000,7,11,14,38,87,210,580,1100,3700,5100,5200,80392,0,7,59.361878721713694,2.8501179986051284,5161.053850999451,5840.678885958802
1783450664,500,,Aggregated,227.100000,0.000000,7,11,14,38,87,210,580,1100,3700,5100,5200,80618,0,7,59.233437842639766,2.8501179986051284,5161.053850999451,5839.573507157211
1783450665,500,,Aggregated,226.300000,0.000000,7,11,14,38,87,200,580,1100,3700,5100,5200,80864,0,7,59.10087091839234,2.8501179986051284,5161.053850999451,5837.238078749505
1783450666,500,,Aggregated,226.100000,0.000000,7,11,14,37,87,200,580,1100,3700,5100,5200,81104,0,7,58.97235484162129,2.8501179986051284,5161.053850999451,5836.655627342671
1783450667,500,,Aggregated,227.100000,0.000000,7,11,14,37,87,200,570,1100,3700,5100,5200,81329,0,7,58.8444044893069,2.8501179986051284,5161.053850999451,5837.091947521794
1783450668,500,,Aggregated,228.300000,0.000000,7,11,14,37,87,200,570,1100,3700,5100,5200,81555,0,7,58.726923079355196,2.8501179986051284,5161.053850999451,5838.063920053952
1783450669,500,,Aggregated,227.300000,0.000000,7,11,14,37,87,200,570,1100,3700,5100,5200,81794,0,7,58.59087637413202,2.8501179986051284,5161.053850999451,5838.668728757611
1783450670,500,,Aggregated,225.000000,0.000000,7,11,14,37,87,200,570,1100,3700,5100,5200,82023,0,7,58.46615014518797,2.8501179986051284,5161.053850999451,5838.4780244565545
1783450671,500,,Aggregated,230.000000,0.000000,7,11,14,36,86,200,570,1100,3700,5100,5200,82257,0,7,58.34602799786929,2.8501179986051284,5161.053850999451,5837.036945183996
1783450672,500,,Aggregated,229.700000,0.000000,7,11,14,36,86,200,570,1100,3700,5100,5200,82498,0,7,58.22896627320315,2.8501179986051284,5161.053850999451,5838.951841256758
1783450673,500,,Aggregated,230.500000,0.000000,7,11,14,36,86,200,570,1100,3700,5100,5200,82722,0,7,58.10375003038694,2.8501179986051284,5161.053850999451,5837.8842145982935
1783450674,500,,Aggregated,229.100000,0.000000,7,11,14,36,86,200,570,1100,3700,5100,5200,82958,0,7,57.992194668539426,2.8501179986051284,5161.053850999451,5837.67513681622
1783450675,500,,Aggregated,230.200000,0.000000,7,11,14,36,86,200,570,1100,3700,5100,5200,83168,0,7,57.88719075763176,2.8501179986051284,5161.053850999451,5836.408113697576
1783450676,500,,Aggregated,230.200000,0.000000,7,11,14,36,86,200,560,1100,3700,5100,5200,83404,0,7,57.76606527718962,2.8501179986051284,5161.053850999451,5836.447892187425
1783450677,500,,Aggregated,229.700000,0.000000,7,11,14,36,86,200,560,1100,3700,5100,5200,83542,0,7,57.70741012006852,2.8501179986051284,5161.053850999451,5836.603014052812
1783450678,500,,Aggregated,227.900000,0.000000,7,11,14,36,86,200,560,1100,3700,5100,5200,83869,0,7,57.69323931332044,2.8501179986051284,5161.053850999451,5836.952747737543
1783450679,500,,Aggregated,227.600000,0.000000,7,11,14,36,86,190,560,1100,3700,5100,5200,84096,0,7,57.57729172671532,2.8501179986051284,5161.053850999451,5836.534377378234
1783450680,500,,Aggregated,229.700000,0.000000,7,11,14,36,86,190,560,1100,3700,5100,5200,84323,0,7,57.454893991767435,2.8501179986051284,5161.053850999451,5836.881906478659
1783450681,500,,Aggregated,224.800000,0.000000,7,11,14,36,86,190,560,1100,3700,5100,5200,84544,0,7,57.33743484831301,2.8501179986051284,5161.053850999451,5838.358736279334
1783450682,500,,Aggregated,227.700000,0.000000,7,11,14,36,85,190,560,1100,3700,5100,5200,84779,0,7,57.219565234465676,2.8501179986051284,5161.053850999451,5840.526616261102
1783450683,500,,Aggregated,227.300000,0.000000,7,11,14,36,85,190,560,1100,3700,5100,5200,84988,0,7,57.13283852717729,2.8501179986051284,5161.053850999451,5838.745775874241
1783450684,500,,Aggregated,227.100000,0.000000,7,11,14,36,85,190,560,1100,3700,5100,5200,85236,0,7,57.020985854776875,2.8501179986051284,5161.053850999451,5834.821800647614
1783450685,500,,Aggregated,226.800000,0.000000,7,11,14,35,85,190,550,1000,3700,5100,5200,85446,0,7,56.91796025290552,2.8501179986051284,5161.053850999451,5835.814058001545
1783450686,500,,Aggregated,225.700000,0.000000,7,11,14,35,85,190,550,1000,3700,5100,5200,85690,0,7,56.80064922728207,2.8501179986051284,5161.053850999451,5835.623059866963
1783450687,500,,Aggregated,226.200000,0.000000,7,11,14,35,85,190,550,1000,3700,5100,5200,85905,0,7,56.69712927645378,2.8501179986051284,5161.053850999451,5834.665723764624
1783450688,500,,Aggregated,225.500000,0.000000,7,11,14,35,85,190,550,1000,3700,5100,5200,86152,0,7,56.57496152903863,2.8501179986051284,5161.053850999451,5836.9688573683725
1783450689,500,,Aggregated,227.500000,0.000000,7,11,14,35,85,190,550,1000,3700,5100,5200,86370,0,7,56.46898608195926,2.8501179986051284,5161.053850999451,5836.0222994095175
1783450690,500,,Aggregated,225.500000,0.000000,7,11,14,35,85,190,550,1000,3700,5100,5200,86611,0,7,56.36589087322385,2.8501179986051284,5161.053850999451,5835.63480389327
1783450691,500,,Aggregated,227.600000,0.000000,7,11,14,35,85,190,540,1000,3700,5100,5200,86847,0,7,56.26028320242246,2.8501179986051284,5161.053850999451,5835.189874146487
1783450692,500,,Aggregated,226.700000,0.000000,7,11,14,35,84,190,540,1000,3700,5100,5200,87086,0,7,56.14819825984353,2.8501179986051284,5161.053850999451,5835.265450244586
1783450693,500,,Aggregated,227.300000,0.000000,7,11,14,34,84,190,540,1000,3700,5100,5200,87312,0,7,56.04327666271157,2.8501179986051284,5161.053850999451,5835.383521165476
1783450694,500,,Aggregated,228.500000,0.000000,7,11,14,34,84,180,540,1000,3700,5100,5200,87529,0,7,55.93941081991925,2.8501179986051284,5161.053850999451,5833.251688011973
1783450695,500,,Aggregated,227.600000,0.000000,7,11,14,34,84,180,540,1000,3700,5100,5200,87778,0,7,55.823053552435695,2.8501179986051284,5161.053850999451,5833.392626854109
1783450696,500,,Aggregated,229.500000,0.000000,7,11,14,34,84,180,530,1000,3700,5100,5200,87985,0,7,55.72471577185527,2.8501179986051284,5161.053850999451,5832.198374722964
1783450697,500,,Aggregated,228.800000,0.000000,7,11,14,35,85,180,530,1000,3700,5100,5200,88217,0,7,55.82659727676813,2.8501179986051284,5161.053850999451,5832.182425156149
1783450698,500,,Aggregated,232.200000,0.000000,7,11,14,35,85,180,530,1000,3700,5100,5200,88428,0,7,55.735352038886674,2.8501179986051284,5161.053850999451,5830.056237843217
1783450699,500,,Aggregated,222.200000,0.000000,7,11,14,35,85,180,530,1000,3700,5100,5200,88644,0,7,55.6325712927624,2.8501179986051284,5161.053850999451,5829.1080953025585
1783450700,500,,Aggregated,227.500000,0.000000,7,11,14,35,84,180,520,1000,3700,5100,5200,88904,0,7,55.508024021602886,2.8501179986051284,5161.053850999451,5826.299964006119
1783450701,500,,Aggregated,227.800000,0.000000,7,11,14,35,84,180,520,1000,3700,5100,5200,89133,0,7,55.405096157154006,2.8501179986051284,5161.053850999451,5824.583992460704
1783450702,500,,Aggregated,225.400000,0.000000,7,11,14,34,84,180,520,1000,3700,5100,5200,89365,0,7,55.297337479680344,2.8501179986051284,5161.053850999451,5825.787030716723
1783450703,500,,Aggregated,226.500000,0.000000,7,11,14,34,84,180,520,1000,3700,5100,5200,89597,0,7,55.1869113398851,2.8501179986051284,5161.053850999451,5827.194738663125
1783450704,500,,Aggregated,225.900000,0.000000,7,11,14,34,84,180,520,1000,3700,5100,5200,89820,0,7,55.0788416649928,2.8501179986051284,5161.053850999451,5827.74065909597
1783450705,500,,Aggregated,226.100000,0.000000,7,11,14,34,84,180,520,1000,3600,5100,5200,90044,0,7,54.979655947821655,2.8501179986051284,5161.053850999451,5828.904124650171
1783450706,500,,Aggregated,225.400000,0.000000,7,11,14,34,84,180,520,1000,3600,5100,5200,90277,0,7,54.87125336020935,2.8501179986051284,5161.053850999451,5827.888886427329
1783450707,500,,Aggregated,226.800000,0.000000,7,11,14,33,84,180,520,990,3600,5100,5200,90512,0,7,54.76912710810373,2.8501179986051284,5161.053850999451,5827.0175114901895
1783450708,500,,Aggregated,225.000000,0.000000,7,11,14,33,83,180,510,990,3600,5100,5200,90740,0,7,54.66651231835559,2.8501179986051284,5161.053850999451,5825.812453162883
1783450709,500,,Aggregated,232.000000,0.000000,7,11,14,33,83,180,510,990,3600,5100,5200,90961,0,7,54.565561522043886,2.8501179986051284,5161.053850999451,5825.7443409812995
1783450711,500,,Aggregated,226.700000,0.000000,7,11,14,33,83,180,510,990,3600,5100,5200,91230,0,7,54.477744634129955,2.8501179986051284,5161.053850999451,5827.783218239614
1783450712,500,,Aggregated,226.500000,0.000000,7,11,14,33,83,180,510,990,3600,5100,5200,91446,0,7,54.37145046346117,2.8501179986051284,5161.053850999451,5826.8557618703935
1783450713,500,,Aggregated,227.500000,0.000000,7,11,14,33,83,170,510,990,3600,5100,5200,91680,0,7,54.27278089013613,2.8501179986051284,5161.053850999451,5826.751319808028
1783450714,500,,Aggregated,225.100000,0.000000,7,11,14,33,83,170,510,990,3600,5100,5200,91910,0,7,54.17136634156928,2.8501179986051284,5161.053850999451,5826.978685670765
1783450715,500,,Aggregated,225.800000,0.000000,7,11,14,32,83,170,510,980,3600,5100,5200,92129,0,7,54.073760546316635,2.8501179986051284,5161.053850999451,5824.723843740841
1783450716,500,,Aggregated,225.500000,0.000000,7,11,14,32,82,170,500,980,3600,5100,5200,92371,0,7,53.970612265924146,2.8501179986051284,5161.053850999451,5826.154994532916
1783450717,500,,Aggregated,223.600000,0.000000,7,11,14,32,82,170,500,980,3600,5100,5200,92574,0,7,53.88073748961594,2.8501179986051284,5161.053850999451,5825.178214185408
1783450718,500,,Aggregated,224.900000,0.000000,7,11,14,33,83,170,500,980,3600,5100,5200,92897,0,7,53.95096270722148,2.8501179986051284,5161.053850999451,5822.990441026082
1783450719,500,,Aggregated,225.400000,0.000000,7,11,14,33,83,170,500,980,3600,5100,5200,93116,0,7,53.86533574928872,2.8501179986051284,5161.053850999451,5822.834507496026
1783450721,500,,Aggregated,225.000000,0.000000,7,11,14,36,85,190,510,970,3600,5100,5200,93556,0,7,54.909494598739826,2.8501179986051284,5161.053850999451,5825.042829962803
1783450722,500,,Aggregated,215.500000,0.000000,7,11,14,36,85,190,510,970,3600,5100,5200,93719,0,7,54.85507116898079,2.8501179986051284,5161.053850999451,5824.2833043459705
1783450723,500,,Aggregated,199.900000,0.000000,7,11,14,35,85,190,500,970,3600,5100,5200,93949,0,7,54.76264538365183,2.8501179986051284,5161.053850999451,5825.481410126771
1783450724,500,,Aggregated,214.900000,0.000000,7,11,14,35,85,190,500,970,3500,5100,5200,94171,0,7,54.69765534622898,2.8501179986051284,5161.053850999451,5825.015801042784
1783450725,500,,Aggregated,211.000000,0.000000,7,11,14,35,85,190,500,970,3500,5100,5200,94407,0,7,54.6033600221564,2.8501179986051284,5161.053850999451,5826.0219793023825
1783450726,500,,Aggregated,214.400000,0.000000,7,11,14,35,85,190,500,970,3500,5100,5200,94644,0,7,54.5085548977615,2.8501179986051284,5161.053850999451,5824.652909851655
1783450727,500,,Aggregated,214.300000,0.000000,7,11,14,35,85,190,500,960,3500,5100,5200,94864,0,7,54.410105290992774,2.8501179986051284,5161.053850999451,5824.547436329904
1783450728,500,,Aggregated,211.500000,0.000000,7,11,14,35,85,180,500,960,3500,5100,5200,95103,0,7,54.30485952868804,2.8501179986051284,5161.053850999451,5825.467861161057
1783450729,500,,Aggregated,214.200000,0.000000,7,11,14,35,85,180,500,960,3500,5100,5200,95336,0,7,54.21702749910654,2.8501179986051284,5161.053850999451,5824.480542502308
1783450730,500,,Aggregated,213.400000,0.000000,7,11,14,35,85,180,500,960,3500,5100,5200,95572,0,7,54.12853266364461,2.8501179986051284,5161.053850999451,5822.4210228937345
1783450731,500,,Aggregated,215.600000,0.000000,7,11,14,35,85,180,500,950,3500,5100,5200,95818,0,7,54.03226939423543,2.7656849997583777,5161.053850999451,5822.443945813939
1783450732,500,,Aggregated,227.500000,0.000000,7,11,14,34,85,180,500,950,3400,5100,5200,96033,0,7,53.93886961376585,2.7656849997583777,5161.053850999451,5823.689138108775
1783450733,500,,Aggregated,241.300000,0.000000,7,11,14,34,84,180,490,950,3400,5100,5200,96266,0,7,53.84465834085512,2.7656849997583777,5161.053850999451,5823.479795566452
1783450734,500,,Aggregated,228.900000,0.000000,7,11,14,34,84,180,490,950,3400,5100,5200,96496,0,7,53.74846403434157,2.7656849997583777,5161.053850999451,5823.471895208091
1783450736,500,,Aggregated,231.200000,0.000000,7,11,14,34,84,180,490,950,3400,5100,5200,96722,0,7,53.66163215376802,2.7656849997583777,5161.053850999451,5823.09807489506
1783450737,500,,Aggregated,229.900000,0.000000,7,11,14,35,84,180,490,950,3400,5100,5200,97031,0,7,53.62670854014461,2.7656849997583777,5161.053850999451,5825.085312941225
1783450738,500,,Aggregated,226.600000,0.000000,7,11,14,34,84,180,490,950,3400,5100,5200,97228,0,7,53.5412739743983,2.7656849997583777,5161.053850999451,5824.755739087505
1783450739,500,,Aggregated,230.400000,0.000000,7,11,14,34,84,180,490,940,3400,5100,5200,97464,0,7,53.44265508964196,2.7656849997583777,5161.053850999451,5823.314670032012
1783450740,500,,Aggregated,228.700000,0.000000,7,11,14,34,84,180,490,940,3400,5100,5200,97697,0,7,53.35570441343013,2.7656849997583777,5161.053850999451,5823.713716900212
1783450741,500,,Aggregated,226.900000,0.000000,7,11,14,34,84,180,490,940,3400,5100,5200,97916,0,7,53.26780787549386,2.7656849997583777,5161.053850999451,5825.61186118714
1783450742,500,,Aggregated,228.300000,0.000000,7,11,14,34,84,180,490,930,3300,5100,5200,98161,0,7,53.16348061596685,2.7656849997583777,5161.053850999451,5826.276494738237
1783450743,500,,Aggregated,226.600000,0.000000,7,11,14,34,84,180,480,930,3300,5100,5200,98381,0,7,53.07079946647155,2.7656849997583777,5161.053850999451,5827.829032028542
1783450744,500,,Aggregated,225.600000,0.000000,7,11,14,33,83,180,480,930,3300,5100,5200,98620,0,7,52.97794307260026,2.7656849997583777,5161.053850999451,5828.660454268911
1783450745,500,,Aggregated,226.700000,0.000000,7,11,14,33,83,180,480,920,3300,5100,5200,98852,0,7,52.890649920576266,2.7656849997583777,5161.053850999451,5828.20195848339
1783450746,500,,Aggregated,226.200000,0.000000,7,11,14,33,83,180,480,920,3300,5100,5200,99077,0,7,52.80006586457852,2.7656849997583777,5161.053850999451,5829.582435883202
1783450747,500,,Aggregated,227.400000,0.000000,7,11,14,33,83,170,480,920,3300,5100,5200,99323,0,7,52.70826666167828,2.7656849997583777,5161.053850999451,5829.187730938454
1783450748,500,,Aggregated,232.100000,0.000000,7,11,14,33,83,170,480,920,3300,5100,5200,99542,0,7,52.616264297581814,2.7656849997583777,5161.053850999451,5829.294930782986
1783450749,500,,Aggregated,226.600000,0.000000,7,11,14,33,83,170,480,910,3300,5100,5200,99779,0,7,52.52318955971634,2.7656849997583777,5161.053850999451,5830.0182403110875
1783450750,500,,Aggregated,228.300000,0.000000,7,11,14,33,83,170,480,910,3300,5100,5200,100054,0,7,52.44746879492047,2.7656849997583777,5161.053850999451,5831.67328642533
1783450751,500,,Aggregated,229.900000,0.000000,7,11,14,33,83,170,480,910,3300,5100,5200,100289,0,7,52.35193002027211,2.7656849997583777,5161.053850999451,5831.0911764999155
1783450752,500,,Aggregated,229.100000,0.000000,7,11,14,33,82,170,480,910,3300,5100,5200,100511,0,7,52.266973209440145,2.7656849997583777,5161.053850999451,5830.757628518271
1783450753,500,,Aggregated,230.300000,0.000000,7,11,14,32,82,170,470,910,3300,5100,5200,100763,0,7,52.17390389862395,2.7656849997583777,5161.053850999451,5829.950706112362
1783450754,500,,Aggregated,229.500000,0.000000,7,11,14,32,82,170,470,910,3300,5100,5200,100975,0,7,52.094864293459665,2.7656849997583777,5161.053850999451,5829.3219707848475
1783450755,500,,Aggregated,230.500000,0.000000,7,11,14,32,82,170,470,900,3300,5100,5200,101132,0,7,52.03362036065859,2.7656849997583777,5161.053850999451,5828.967003520152
1783450756,500,,Aggregated,229.800000,0.000000,7,11,14,34,83,170,470,900,3300,5100,5200,101473,0,7,52.27071334914841,2.7656849997583777,5161.053850999451,5828.136509219201
1783450757,500,,Aggregated,229.500000,0.000000,7,11,14,33,83,170,470,900,3300,5100,5200,101679,0,7,52.19708487100715,2.7656849997583777,5161.053850999451,5829.517422476618
1783450758,500,,Aggregated,226.800000,0.000000,7,11,14,34,84,180,480,900,3300,5100,5200,101875,0,7,52.59021278594458,2.7656849997583777,5161.053850999451,5827.9272049079755
1783450759,500,,Aggregated,225.700000,0.000000,7,11,14,36,85,180,490,900,3300,5100,5200,102142,0,7,53.18707732297249,2.7656849997583777,5161.053850999451,5826.737786610796
1783450760,500,,Aggregated,218.000000,0.000000,7,11,14,35,85,180,490,900,3300,5100,5200,102359,0,7,53.098274004973526,2.7656849997583777,5161.053850999451,5826.998505260895
1783450761,500,,Aggregated,214.100000,0.000000,7,11,14,35,85,180,490,900,3300,5100,5200,102556,0,7,53.02407731816731,2.7656849997583777,5161.053850999451,5826.837961698974
1783450762,500,,Aggregated,222.500000,0.000000,7,11,14,35,85,180,490,890,3300,5100,5200,102803,0,7,52.926658827329504,2.7656849997583777,5161.053850999451,5825.900343375193
1783450763,500,,Aggregated,221.000000,0.000000,7,11,14,35,85,180,490,890,3300,5100,5200,103030,0,7,52.84050973150475,2.7656849997583777,5161.053850999451,5825.110181500534
1783450764,500,,Aggregated,219.700000,0.000000,7,11,14,35,84,180,490,890,3300,5100,5200,103267,0,7,52.75349406128712,2.7656849997583777,5161.053850999451,5824.696146881385
1783450765,500,,Aggregated,221.000000,0.000000,7,11,14,35,84,180,480,890,3300,5100,5200,103519,0,7,52.66569467849312,2.7656849997583777,5161.053850999451,5823.815541108395
1783450766,500,,Aggregated,220.900000,0.000000,7,11,14,35,84,180,480,890,3300,5100,5200,103754,0,7,52.580484120052624,2.7656849997583777,5161.053850999451,5822.65201341635
1783450767,500,,Aggregated,220.500000,0.000000,7,11,14,35,84,180,480,890,3300,5100,5200,103987,0,7,52.49326686856961,2.7656849997583777,5161.053850999451,5822.806966255397
1783450768,500,,Aggregated,223.400000,0.000000,7,11,14,34,84,180,480,880,3300,5100,5200,104213,0,7,52.41397096697105,2.7656849997583777,5161.053850999451,5820.600356961224
1783450769,500,,Aggregated,224.200000,0.000000,7,11,14,34,84,180,480,880,3300,5100,5200,104438,0,7,52.32860141537482,2.7656849997583777,5161.053850999451,5820.407706007392
1783450770,500,,Aggregated,232.400000,0.000000,7,11,14,34,84,180,480,880,3300,5100,5200,104655,0,7,52.24935040671713,2.7656849997583777,5161.053850999451,5819.453681142802
1783450771,500,,Aggregated,235.600000,0.000000,7,11,14,34,83,180,480,880,3300,5100,5200,104909,0,7,52.16134648952976,2.7656849997583777,5161.053850999451,5820.111182072082
1783450772,500,,Aggregated,227.300000,0.000000,7,11,14,34,83,180,480,880,3300,5100,5200,105119,0,7,52.08204335332403,2.7656849997583777,5161.053850999451,5819.8187007106235
1783450773,500,,Aggregated,226.500000,0.000000,7,11,14,34,83,180,480,880,3300,5100,5200,105345,0,7,52.00069974331042,2.7656849997583777,5161.053850999451,5819.606549907447
1783450774,500,,Aggregated,230.200000,0.000000,7,11,14,34,83,180,480,880,3300,5100,5200,105578,0,7,51.91432748665457,2.7656849997583777,5161.053850999451,5820.3174051412225
1783450776,500,,Aggregated,226.900000,0.000000,7,11,14,34,83,180,480,870,3300,5100,5200,105674,0,7,51.91404720028628,2.7656849997583777,5161.053850999451,5819.722315801427
1783450777,500,,Aggregated,227.000000,0.000000,7,11,14,35,84,180,480,870,3300,5100,5200,106036,0,7,52.08121594307648,2.7656849997583777,5161.053850999451,5820.011713003131
1783450778,500,,Aggregated,212.900000,0.000000,7,11,14,35,84,180,480,870,3300,5100,5200,106236,0,7,52.004599409805074,2.7656849997583777,5161.053850999451,5821.028897925374
1783450779,500,,Aggregated,226.500000,0.000000,7,11,14,35,84,180,470,870,3300,5100,5200,106456,0,7,51.920173560729914,2.7656849997583777,5161.053850999451,5819.109754264673
1783450780,500,,Aggregated,223.100000,0.000000,7,11,14,34,84,180,470,870,3300,5100,5200,106691,0,7,51.83544207445865,2.7656849997583777,5161.053850999451,5819.641984797218
1783450781,500,,Aggregated,221.300000,0.000000,7,11,14,34,84,180,470,870,3300,5100,5200,106929,0,7,51.74852414374153,2.7656849997583777,5161.053850999451,5820.193399358453
1783450782,500,,Aggregated,221.800000,0.000000,7,11,14,34,83,180,470,860,3300,5100,5200,107144,0,7,51.677644988745506,2.7656849997583777,5161.053850999451,5820.981436198014
1783450783,500,,Aggregated,224.700000,0.000000,7,11,14,34,83,180,470,860,3300,5100,5200,107402,0,7,51.592846661934324,2.7656849997583777,5161.053850999451,5818.744157464479
1783450784,500,,Aggregated,221.500000,0.000000,7,11,14,34,83,180,470,860,3300,5100,5200,107623,0,7,51.51431134767772,2.7656849997583777,5161.053850999451,5818.051866236771
1783450785,500,,Aggregated,225.600000,0.000000,7,11,14,34,83,170,470,860,3300,5100,5200,107862,0,7,51.42215520826712,2.7656849997583777,5161.053850999451,5818.455619217148
1783450786,500,,Aggregated,224.400000,0.000000,7,11,14,34,83,170,470,860,3300,5100,5200,108128,0,7,51.353818222874835,2.7656849997583777,5161.053850999451,5819.5604561260725
1783450787,500,,Aggregated,226.100000,0.000000,7,11,14,34,83,170,470,860,3300,5100,5200,108349,0,7,51.279133139640926,2.7656849997583777,5161.053850999451,5819.627813823847
1783450788,500,,Aggregated,239.500000,0.000000,7,11,14,34,83,170,470,860,3300,5100,5200,108584,0,7,51.19971785608407,2.7656849997583777,5161.053850999451,5819.525326014883
1783450789,500,,Aggregated,224.900000,0.000000,7,11,14,33,83,170,470,850,3300,5100,5200,108822,0,7,51.11943718081023,2.7656849997583777,5161.053850999451,5819.325917553436
1783450790,500,,Aggregated,228.900000,0.000000,7,11,14,33,83,170,460,850,3300,5100,5200,109026,0,7,51.050172912627694,2.7656849997583777,5161.053850999451,5818.469383449819
1783450791,500,,Aggregated,231.500000,0.000000,7,11,14,34,82,170,460,850,3300,5100,5200,109304,0,7,50.97736052491404,2.7656849997583777,5161.053850999451,5818.097224255288
1783450792,500,,Aggregated,229.900000,0.000000,7,11,14,33,82,170,460,850,3300,5100,5200,109540,0,7,50.8972606164698,2.7656849997583777,5161.053850999451,5818.299050575132
1783450793,500,,Aggregated,226.100000,0.000000,7,11,14,33,82,170,460,850,3300,5100,5200,109750,0,7,50.82181291525409,2.7656849997583777,5161.053850999451,5818.082970387244
1783450794,500,,Aggregated,230.300000,0.000000,7,11,14,33,82,170,460,850,3300,5100,5200,110003,0,7,50.7386664144995,2.7656849997583777,5161.053850999451,5816.279701462688
1783450795,500,,Aggregated,228.400000,0.000000,7,11,14,33,82,170,460,850,3300,5100,5200,110128,0,7,50.69461329616637,2.7656849997583777,5161.053850999451,5817.050759116664
1783450796,500,,Aggregated,227.800000,0.000000,7,11,14,34,83,170,460,840,3300,5100,5200,110459,0,7,50.79857561145956,2.7656849997583777,5161.053850999451,5816.442589558116
1783450797,500,,Aggregated,227.100000,0.000000,7,11,14,34,83,170,460,840,3300,5100,5200,110675,0,7,50.72664068843185,2.7656849997583777,5161.053850999451,5816.874298622091
1783450798,500,,Aggregated,228.400000,0.000000,7,11,14,34,83,170,460,840,3300,5100,5200,110895,0,7,50.651011643250065,2.7656849997583777,5161.053850999451,5816.394346002976
1783450799,500,,Aggregated,226.000000,0.000000,7,11,14,34,82,170,460,840,3200,5100,5200,111119,0,7,50.57591368786799,2.7656849997583777,5161.053850999451,5814.969447169251
1783450800,500,,Aggregated,225.700000,0.000000,7,11,14,34,82,170,460,840,3200,5100,5200,111341,0,7,50.498990772242095,2.7656849997583777,5161.053850999451,5814.888289129791
1783450801,500,,Aggregated,224.800000,0.000000,7,11,14,33,82,170,460,840,3200,5100,5200,111591,0,7,50.41457572415459,2.7656849997583777,5161.053850999451,5814.770716276402
1783450802,500,,Aggregated,223.200000,0.000000,7,11,14,33,82,170,460,830,3200,5100,5200,111812,0,7,50.34103611014136,2.7656849997583777,5161.053850999451,5812.562596143526
1783450803,500,,Aggregated,227.500000,0.000000,7,11,14,33,82,170,460,830,3200,5100,5200,112037,0,7,50.28197566927994,2.7656849997583777,5161.053850999451,5812.983442969733
1783450804,500,,Aggregated,223.900000,0.000000,7,11,14,33,82,170,460,830,3200,5100,5200,112280,0,7,50.21068418247412,2.7656849997583777,5161.053850999451,5813.522773423584
1783450805,500,,Aggregated,222.700000,0.000000,7,11,14,33,82,170,460,830,3200,5100,5200,112529,0,7,50.12776292404812,2.7656849997583777,5161.053850999451,5812.497880546348
1783450806,500,,Aggregated,224.400000,0.000000,7,11,14,33,82,170,460,830,3200,5100,5200,112754,0,7,50.05749933062383,2.7656849997583777,5161.053850999451,5811.545399719744
1783450807,500,,Aggregated,227.100000,0.000000,7,11,14,33,82,170,450,830,3200,5100,5200,112988,0,7,49.98222387993625,2.7656849997583777,5161.053850999451,5811.179496937728
1783450808,500,,Aggregated,224.400000,0.000000,7,11,14,32,81,170,450,830,3200,5100,5200,113219,0,7,49.915725153969596,2.7656849997583777,5161.053850999451,5813.335694538902
1783450809,500,,Aggregated,230.300000,0.000000,7,11,14,32,81,170,450,820,3200,5100,5200,113464,0,7,49.83139536028423,2.7656849997583777,5161.053850999451,5814.269592117324
1783450810,500,,Aggregated,229.000000,0.000000,7,11,14,32,81,170,450,820,3200,5100,5200,113688,0,7,49.7614244714941,2.7656849997583777,5161.053850999451,5813.540215326156
1783450811,500,,Aggregated,229.900000,0.000000,7,11,14,32,81,160,450,820,3200,5100,5200,113922,0,7,49.69019466964443,2.7656849997583777,5161.053850999451,5812.603526974596
1783450812,500,,Aggregated,232.200000,0.000000,7,11,14,32,81,160,450,820,3200,5100,5200,114162,0,7,49.61965941648935,2.7656849997583777,5161.053850999451,5813.698884041975
1783450813,500,,Aggregated,230.300000,0.000000,7,11,14,32,81,160,450,820,3200,5100,5200,114406,0,7,49.55280704568112,2.7656849997583777,5161.053850999451,5814.390075695331
1783450814,500,,Aggregated,231.700000,0.000000,7,11,14,32,81,160,450,820,3200,5100,5200,114620,0,7,49.477984950141554,2.7656849997583777,5161.053850999451,5815.201230151806
1783450815,500,,Aggregated,233.000000,0.000000,7,11,14,32,81,160,450,810,3200,5100,5200,114788,0,7,49.43234492644963,2.7656849997583777,5161.053850999451,5814.944724187198
1783450816,500,,Aggregated,234.700000,0.000000,7,11,14,33,82,170,450,810,3200,5100,5200,115128,0,7,49.62517136037504,2.7656849997583777,5161.053850999451,5813.834905496491
1783450817,500,,Aggregated,228.800000,0.000000,7,11,14,33,82,170,450,810,3200,5100,5200,115345,0,7,49.55898266931618,2.7656849997583777,5161.053850999451,5814.234583206901
1783450818,500,,Aggregated,219.500000,0.000000,7,11,14,33,81,160,450,810,3200,5100,5200,115597,0,7,49.47876575396603,2.7656849997583777,5161.053850999451,5813.960768878085
1783450819,500,,Aggregated,228.400000,0.000000,7,11,14,33,81,160,450,810,3200,5100,5200,115813,0,7,49.41363399844714,2.7656849997583777,5161.053850999451,5813.091457781078
1783450821,500,,Aggregated,228.000000,0.000000,7,11,14,32,81,160,450,810,3200,5100,5200,116039,0,7,49.34616019295424,2.7656849997583777,5161.053850999451,5813.917519109955
1783450822,500,,Aggregated,227.900000,0.000000,7,11,14,32,81,160,450,810,3200,5100,5200,116282,0,7,49.27725280619732,2.7656849997583777,5161.053850999451,5813.27549405755
1783450823,500,,Aggregated,228.000000,0.000000,7,11,14,32,81,160,440,810,3200,5100,5200,116534,0,7,49.20228671582773,2.7656849997583777,5161.053850999451,5814.217902071498
1783450824,500,,Aggregated,228.400000,0.000000,7,11,14,32,81,160,440,810,3200,5100,5200,116749,0,7,49.13415426259944,2.7656849997583777,5161.053850999451,5814.1560013362
1783450825,500,,Aggregated,230.100000,0.000000,7,11,14,32,81,160,440,800,3200,5100,5200,116988,0,7,49.06285209038756,2.7656849997583777,5161.053850999451,5815.372012514104
1783450826,500,,Aggregated,227.000000,0.000000,7,11,14,32,81,160,440,800,3100,5100,5200,117246,0,7,49.00670597595049,2.7656849997583777,5161.053850999451,5815.410674991044
1783450827,500,,Aggregated,230.100000,0.000000,7,11,14,32,81,160,440,800,3100,5100,5200,117484,0,7,48.93952633690787,2.7656849997583777,5161.053850999451,5816.086164924585
1783450828,500,,Aggregated,241.100000,0.000000,7,11,14,32,81,160,440,800,3100,5100,5200,117706,0,7,48.87223077178987,2.7656849997583777,5161.053850999451,5814.892596808999
1783450829,500,,Aggregated,231.000000,0.000000,7,11,14,32,80,160,440,800,3100,5100,5200,117928,0,7,48.80330966768072,2.7656849997583777,5161.053850999451,5814.93284037718
1783450830,500,,Aggregated,230.400000,0.000000,7,11,14,31,80,160,440,800,3100,5100,5200,118149,0,7,48.737145547455164,2.7656849997583777,5161.053850999451,5814.748961057648
1783450831,500,,Aggregated,226.800000,0.000000,7,11,14,31,80,160,440,790,3100,5100,5200,118400,0,7,48.6586347128485,2.7656849997583777,5161.053850999451,5814.810768581081
1783450832,500,,Aggregated,228.100000,0.000000,7,11,14,31,80,160,440,790,3100,5100,5200,118622,0,7,48.59524026775978,2.7656849997583777,5161.053850999451,5813.339338402658
1783450833,500,,Aggregated,230.500000,0.000000,7,11,14,31,80,160,430,790,3100,5100,5200,118856,0,7,48.52843550159156,2.7656849997583777,5161.053850999451,5813.854210136636
1783450834,500,,Aggregated,228.200000,0.000000,7,11,14,31,80,160,430,790,3100,5100,5200,119085,0,7,48.46168791215721,2.7656849997583777,5161.053850999451,5814.2101860015955
1783450835,500,,Aggregated,226.600000,0.000000,7,11,14,31,80,160,430,790,3100,5100,5200,119307,0,7,48.39947674727566,2.7656849997583777,5161.053850999451,5812.967244168406
1783450836,500,,Aggregated,226.600000,0.000000,7,11,14,31,80,160,430,790,3100,5100,5200,119460,0,7,48.35843419250149,2.7656849997583777,5161.053850999451,5812.116867570735
1783450837,500,,Aggregated,226.400000,0.000000,7,11,14,32,80,160,430,790,3100,5100,5200,119782,0,7,48.47436028189714,2.7656849997583777,5161.053850999451,5813.309796129635
1783450838,500,,Aggregated,225.700000,0.000000,7,11,14,32,80,160,430,790,3100,5100,5200,119995,0,7,48.41119536315935,2.7656849997583777,5161.053850999451,5815.03275136464
1783450839,500,,Aggregated,226.800000,0.000000,7,11,14,32,80,160,430,790,3100,5000,5200,120258,0,7,48.336124341808635,2.7656849997583777,5161.053850999451,5814.581765870046
1783450840,500,,Aggregated,226.100000,0.000000,7,11,14,31,80,160,430,780,3100,5000,5200,120477,0,7,48.27952693211317,2.7656849997583777,5161.053850999451,5813.850162271637
1783450841,500,,Aggregated,227.100000,0.000000,7,11,14,31,80,160,430,780,3100,5000,5200,120700,0,7,48.21411766241262,2.7656849997583777,5161.053850999451,5814.112750621375
1783450842,500,,Aggregated,229.600000,0.000000,7,11,14,31,80,160,430,780,3100,5000,5200,120930,0,7,48.14504764018232,2.7656849997583777,5161.053850999451,5815.436723724469
1783450843,500,,Aggregated,227.100000,0.000000,7,11,14,31,80,160,430,780,3100,5000,5200,121173,0,7,48.07967726202423,2.7656849997583777,5161.053850999451,5814.429509874312
1783450844,500,,Aggregated,225.800000,0.000000,7,11,14,31,80,160,430,780,3100,5000,5200,121381,0,7,48.015652561580254,2.7656849997583777,5161.053850999451,5814.6696847117755
1783450845,500,,Aggregated,226.100000,0.000000,7,11,14,31,80,160,430,780,3100,5000,5200,121626,0,7,47.94600115875099,2.7656849997583777,5161.053850999451,5814.494335092825
1783450847,500,,Aggregated,225.600000,0.000000,7,11,14,33,81,170,430,780,3100,5000,5200,122022,0,7,48.552180355133984,2.7656849997583777,5161.053850999451,5814.458097720083
1783450848,500,,Aggregated,216.600000,0.000000,7,11,14,33,81,170,430,780,3100,5000,5200,122191,0,7,48.50219437590519,2.7656849997583777,5161.053850999451,5814.364052998993
1783450849,500,,Aggregated,218.500000,0.000000,7,11,14,33,81,160,430,780,3100,5000,5200,122428,0,7,48.43502335822092,2.7656849997583777,5161.053850999451,5813.696237788741
1783450850,500,,Aggregated,220.500000,0.000000,7,11,14,33,81,160,430,780,3100,5000,5200,122664,0,7,48.374726268663224,2.7656849997583777,5161.053850999451,5814.0271147198855
1783450851,500,,Aggregated,219.200000,0.000000,7,11,14,32,81,160,430,780,3100,5000,5200,122890,0,7,48.30845874000607,2.7656849997583777,5161.053850999451,5813.515583041744
1783450852,500,,Aggregated,217.700000,0.000000,7,11,14,32,81,160,430,770,3100,5000,5200,123117,0,7,48.24206769947557,2.7656849997583777,5161.053850999451,5812.709853229042
1783450853,500,,Aggregated,217.400000,0.000000,7,11,14,32,81,160,430,770,3100,5000,5200,123373,0,7,48.17298203880409,2.7656849997583777,5161.053850999451,5813.6976729106045
1783450854,500,,Aggregated,222.500000,0.000000,7,11,14,32,81,160,430,770,3100,5000,5200,123594,0,7,48.11036434048826,2.7656849997583777,5161.053850999451,5815.295847694872
1783450855,500,,Aggregated,219.900000,0.000000,7,11,14,32,81,160,430,770,3100,5000,5200,123761,0,7,48.13435329368147,2.7656849997583777,5161.053850999451,5815.039632840717
1783450856,500,,Aggregated,219.600000,0.000000,7,11,14,33,81,160,430,770,3100,5000,5200,124046,0,7,48.13682458421246,2.7656849997583777,5161.053850999451,5815.066217370975
1783450857,500,,Aggregated,219.700000,0.000000,7,11,14,33,81,160,430,770,3100,5000,5200,124297,0,7,48.07711615052835,2.7656849997583777,5161.053850999451,5815.563384474283
1783450858,500,,Aggregated,233.200000,0.000000,7,11,14,32,81,160,420,770,3100,5000,5200,124529,0,7,48.008001564545474,2.7656849997583777,5161.053850999451,5814.810911514587
1783450859,500,,Aggregated,226.300000,0.000000,7,11,14,32,81,160,420,770,3100,5000,5200,124754,0,7,47.954868239698456,2.7656849997583777,5161.053850999451,5815.75580742902
1783450860,500,,Aggregated,227.600000,0.000000,7,11,14,32,81,160,420,760,3100,5000,5200,124974,0,7,47.893482515661574,2.7656849997583777,5161.053850999451,5814.287691839902
1783450861,500,,Aggregated,229.000000,0.000000,7,11,14,32,81,160,420,760,3100,5000,5200,125202,0,7,47.830824349701295,2.7656849997583777,5161.053850999451,5814.133951534321
1783450862,500,,Aggregated,227.100000,0.000000,7,11,14,32,81,160,420,760,3100,5000,5200,125446,0,7,47.7636807353944,2.7656849997583777,5161.053850999451,5814.329313011176
1783450863,500,,Aggregated,228.600000,0.000000,7,11,14,32,80,160,420,760,3100,5000,5200,125679,0,7,47.71206512022875,2.7656849997583777,5161.053850999451,5814.217538331782
1783450864,500,,Aggregated,224.600000,0.000000,7,11,14,32,80,160,420,760,3100,5000,5200,125900,0,7,47.658698212416255,2.7656849997583777,5161.053850999451,5813.874400317713
1783450865,500,,Aggregated,227.400000,0.000000,7,11,14,32,80,160,420,760,3100,5000,5200,126141,0,7,47.59729269768848,2.7656849997583777,5161.053850999451,5812.672620321703
1783450866,500,,Aggregated,227.100000,0.000000,7,11,14,31,80,160,420,760,3100,5000,5200,126368,0,7,47.539090342413566,2.7656849997583777,5161.053850999451,5811.855105722968
1783450867,500,,Aggregated,227.400000,0.000000,7,11,14,31,80,160,420,750,3100,5000,5200,126595,0,7,47.473559630911176,2.7656849997583777,5161.053850999451,5811.434645918085
1783450868,500,,Aggregated,225.600000,0.000000,7,11,14,31,80,160,410,750,3100,5000,5200,126817,0,7,47.41723182452004,2.7656849997583777,5161.053850999451,5811.174566501337
1783450869,500,,Aggregated,227.300000,0.000000,7,11,14,31,80,160,410,750,3100,5000,5200,127041,0,7,47.35983068541777,2.7656849997583777,5161.053850999451,5811.389425461071
1783450870,500,,Aggregated,225.500000,0.000000,7,11,14,31,80,160,410,750,3100,5000,5200,127273,0,7,47.30250594400419,2.7656849997583777,5161.053850999451,5811.438207632412
1783450871,500,,Aggregated,226.000000,0.000000,7,11,14,31,80,160,410,750,3100,5000,5200,127497,0,7,47.24367425229011,2.7656849997583777,5161.053850999451,5811.68516121948
1783450872,500,,Aggregated,226.600000,0.000000,7,11,14,30,80,160,410,750,3100,5000,5200,127740,0,7,47.17749964452153,2.7656849997583777,5161.053850999451,5811.032675747612
1783450873,500,,Aggregated,226.700000,0.000000,7,11,14,30,80,160,410,750,3100,5000,5200,127962,0,7,47.120463379652456,2.7656849997583777,5161.053850999451,5810.855589940764
1783450875,500,,Aggregated,225.900000,0.000000,7,11,14,30,80,160,410,750,3100,5000,5200,128189,0,7,47.06938323802413,2.7656849997583777,5161.053850999451,5811.724984203012
1783450876,500,,Aggregated,226.500000,0.000000,7,11,14,31,80,160,410,750,3100,5000,5200,128485,0,7,47.08531561868735,2.7656849997583777,5161.053850999451,5811.403798108729
1783450877,500,,Aggregated,221.900000,0.000000,7,11,14,31,80,160,410,740,3100,5000,5200,128733,0,7,47.02581834510212,2.7656849997583777,5161.053850999451,5810.517070215096
1783450878,500,,Aggregated,224.800000,0.000000,7,11,14,31,80,160,410,740,3100,5000,5200,128944,0,7,46.970549143985416,2.7656849997583777,5161.053850999451,5812.310553418538
1783450879,500,,Aggregated,227.200000,0.000000,7,11,14,30,80,160,410,740,3100,5000,5200,129173,0,7,46.908185327174095,2.7656849997583777,5161.053850999451,5812.410209563918
1783450880,500,,Aggregated,226.400000,0.000000,7,11,14,30,80,150,410,740,3100,5000,5200,129405,0,7,46.848311358402015,2.7656849997583777,5161.053850999451,5812.99637571964
1783450881,500,,Aggregated,226.900000,0.000000,7,11,14,30,79,150,410,740,3100,5000,5200,129648,0,7,46.78554801444718,2.7656849997583777,5161.053850999451,5811.768835616438
1783450882,500,,Aggregated,227.800000,0.000000,7,11,14,30,79,150,410,740,3100,5000,5200,129870,0,7,46.72742607506729,2.7656849997583777,5161.053850999451,5810.622707322707
1783450883,500,,Aggregated,227.500000,0.000000,7,11,14,30,79,150,410,740,3100,5000,5200,130112,0,7,46.66431302078263,2.7656849997583777,5161.053850999451,5810.112910415642
1783450884,500,,Aggregated,228.500000,0.000000,7,11,13,30,79,150,410,730,3100,5000,5200,130339,0,7,46.6051969245281,2.7656849997583777,5161.053850999451,5810.074359938315
1783450885,500,,Aggregated,228.500000,0.000000,7,11,13,30,79,150,410,730,3100,5000,5200,130568,0,7,46.54802364315136,2.7656849997583777,5161.053850999451,5808.354757674162
1783450887,500,,Aggregated,233.400000,0.000000,7,11,14,32,81,160,410,730,3100,5000,5200,130985,0,7,47.096278774883075,2.7656849997583777,5161.053850999451,5807.991663167539
1783450888,500,,Aggregated,210.600000,0.000000,7,11,14,32,81,160,410,730,3100,5000,5200,131148,0,7,47.06063487964819,2.7656849997583777,5161.053850999451,5807.209099643152
1783450889,500,,Aggregated,225.700000,0.000000,7,11,14,32,81,160,410,730,3100,5000,5200,131371,0,7,47.009437110161855,2.7656849997583777,5161.053850999451,5805.772392689406
1783450890,500,,Aggregated,218.600000,0.000000,7,11,14,32,81,160,410,730,3100,5000,5200,131619,0,7,46.955747735859504,2.7656849997583777,5161.053850999451,5806.17777828429
1783450891,500,,Aggregated,215.800000,0.000000,7,11,14,32,81,160,410,730,3100,5000,5200,131921,0,7,46.96475220123449,2.7656849997583777,5161.053850999451,5805.447002372632
1783450892,500,,Aggregated,217.300000,0.000000,7,11,14,32,81,160,410,730,3100,5000,5200,132144,0,7,46.90775476918353,2.7656849997583777,5161.053850999451,5805.6406420268795
1783450893,500,,Aggregated,217.300000,0.000000,7,11,14,32,81,160,400,730,3100,5000,5200,132354,0,7,46.85860309969517,2.7656849997583777,5161.053850999451,5805.129425631261
1783450894,500,,Aggregated,217.000000,0.000000,7,11,14,33,81,160,400,730,3100,5000,5200,132665,0,7,46.9066190894438,2.7656849997583777,5161.053850999451,5803.80333923793
1783450895,500,,Aggregated,215.600000,0.000000,7,11,14,33,81,160,400,730,3100,5000,5200,132894,0,7,46.84621003474232,2.7656849997583777,5161.053850999451,5804.446604060379
1783450896,500,,Aggregated,214.000000,0.000000,7,11,14,33,81,160,400,720,3100,5000,5200,133113,0,7,46.79597425371757,2.7656849997583777,5161.053850999451,5803.967846866947
1783450897,500,,Aggregated,216.500000,0.000000,7,11,14,32,81,160,400,720,3100,5000,5200,133335,0,7,46.74673798588549,2.7656849997583777,5161.053850999451,5804.32455844302
1783450898,500,,Aggregated,235.200000,0.000000,7,11,14,32,81,160,400,720,3100,5000,5200,133592,0,7,46.697033891408495,2.7656849997583777,5161.053850999451,5804.966944128391
1783450899,500,,Aggregated,217.800000,0.000000,7,11,14,32,81,160,400,720,3100,5000,5200,133799,0,7,46.65060842780688,2.7656849997583777,5161.053850999451,5805.502298223455
1783450901,500,,Aggregated,230.600000,0.000000,7,11,14,33,81,160,400,720,3100,5000,5200,134115,0,7,46.669125128077845,2.7656849997583777,5161.053850999451,5805.392745032248
1783450902,500,,Aggregated,224.400000,0.000000,7,11,14,33,81,160,400,720,3100,5000,5200,134327,0,7,46.61580165710615,2.7656849997583777,5161.053850999451,5805.376350249764
1783450903,500,,Aggregated,227.100000,0.000000,7,11,14,33,81,160,400,710,3100,5000,5200,134554,0,7,46.5627064173579,2.7656849997583777,5161.053850999451,5805.671135752189
1783450904,500,,Aggregated,225.300000,0.000000,7,11,14,33,81,160,400,710,3100,5000,5200,134778,0,7,46.517941695218845,2.7656849997583777,5161.053850999451,5804.515061805339
1783450905,500,,Aggregated,226.200000,0.000000,7,11,14,33,81,160,400,710,3100,5000,5200,135015,0,7,46.4618903717307,2.7656849997583777,5161.053850999451,5804.92823760323
