Timestamp,User Count,Type,Name,Requests/s,Failures/s,50%,66%,75%,80%,90%,95%,98%,99%,99.9%,99.99%,100%,Total Request Count,Total Failure Count,Total Median Response Time,Total Average Response Time,Total Min Response Time,Total Max Response Time,Total Average Content Size
1783107851,0,,Aggregated,0.000000,0.000000,N/A,N/A,N/A,N/A,N/A,N/A,N/A,N/A,N/A,N/A,N/A,0,0,0,0.0,0,0,0
1783107852,10,,Aggregated,0.000000,0.000000,N/A,N/A,N/A,N/A,N/A,N/A,N/A,N/A,N/A,N/A,N/A,0,0,0,0.0,0,0,0
1783107853,10,,Aggregated,0.000000,0.000000,1500,1500,1500,1600,1600,1600,1600,1600,1600,1600,1600,20,0,400.0,952.8639429498071,295.5231960004312,1588.8490779980202,736.5
1783107854,10,,Aggregated,0.000000,0.000000,1500,1500,1500,1600,1600,1600,1600,1600,1600,1600,1600,20,0,400.0,952.8639429498071,295.5231960004312,1588.8490779980202,736.5
1783107855,10,,Aggregated,0.000000,0.000000,420,1100,1200,1200,1500,1600,1600,1600,1600,1600,1600,54,0,400.0,694.2741529071807,119.05222199857235,1588.8490779980202,4908.759259259259
1783107856,10,,Aggregated,6.666667,0.000000,360,520,1200,1200,1500,1600,1600,1600,1600,1600,1600,63,0,360.0,616.1634365395464,55.636102999415016,1588.8490779980202,5708.603174603175
1783107857,10,,Aggregated,7.500000,0.000000,350,490,1200,1200,1500,1600,1600,1600,1600,1600,1600,67,0,350.0,583.1547262983913,28.184088001580676,1588.8490779980202,5728.746268656716
1783107858,10,,Aggregated,11.800000,0.000000,300,430,1100,1200,1500,1600,1600,1600,1600,1600,1600,73,0,300.0,540.3857482054027,28.184088001580676,1588.8490779980202,6041.301369863014
1783107859,10,,Aggregated,10.666667,0.000000,280,430,1100,1200,1500,1600,1600,1600,1600,1600,1600,76,0,260.0,520.3438293025389,28.184088001580676,1588.8490779980202,5914.026315789473
1783107860,10,,Aggregated,9.714286,0.000000,250,400,1100,1200,1500,1600,1600,1600,1600,1600,1600,80,0,230.0,496.4446288124691,28.184088001580676,1588.8490779980202,5763.5375
1783107861,10,,Aggregated,9.250000,0.000000,220,370,520,1100,1500,1500,1600,1600,1600,1600,1600,87,0,220.0,459.05399543673786,16.89885000087088,1588.8490779980202,5629.057471264367
1783107862,10,,Aggregated,8.555556,0.000000,220,370,520,1100,1500,1500,1600,1600,1600,1600,1600,88,0,210.0,454.10238256813915,16.89885000087088,1588.8490779980202,5568.181818181818
1783107863,10,,Aggregated,8.300000,0.000000,210,360,460,1100,1500,1500,1600,1600,1600,1600,1600,93,0,210.0,432.8320080321939,16.89885000087088,1588.8490779980202,5456.440860215053
1783107864,10,,Aggregated,8.700000,0.000000,190,350,430,1100,1500,1500,1600,1600,1600,1600,1600,99,0,190.0,410.231314787807,16.89885000087088,1588.8490779980202,5632.20202020202
1783107865,10,,Aggregated,8.900000,0.000000,180,310,420,520,1200,1500,1600,1600,1600,1600,1600,105,0,180.0,389.17476595230426,9.687460998975439,1588.8490779980202,5526.4857142857145
1783107866,10,,Aggregated,7.600000,0.000000,170,280,400,520,1200,1500,1600,1600,1600,1600,1600,110,0,170.0,373.63196478171716,9.530555998935597,1588.8490779980202,5611.827272727272
1783107867,10,,Aggregated,6.900000,0.000000,160,250,390,460,1200,1500,1600,1600,1600,1600,1600,116,0,160.0,356.15480206888606,9.530555998935597,1588.8490779980202,5826.1551724137935
1783107868,10,,Aggregated,4.700000,0.000000,140,230,370,460,1200,1500,1600,1600,1600,1600,1600,119,0,140.0,347.59425000829805,9.530555998935597,1588.8490779980202,5690.72268907563
1783107869,10,,Aggregated,4.700000,0.000000,110,220,370,430,1200,1500,1600,1600,1600,1600,1600,124,0,98,335.4265407015191,9.530555998935597,1588.8490779980202,5532.2661290322585
1783107870,10,,Aggregated,4.900000,0.000000,87,210,350,420,1200,1500,1600,1600,1600,1600,1600,131,0,87,319.52869980906485,9.530555998935597,1588.8490779980202,5527.6106870229005
1783107871,10,,Aggregated,4.500000,0.000000,80,210,350,400,1200,1500,1600,1600,1600,1600,1600,136,0,78,309.1360348895946,9.530555998935597,1588.8490779980202,5610.073529411765
1783107872,10,,Aggregated,4.700000,0.000000,78,210,350,400,1200,1500,1600,1600,1600,1600,1600,138,0,75,305.27957844189615,9.530555998935597,1588.8490779980202,5629.528985507246
1783107873,10,,Aggregated,5.100000,0.000000,74,200,310,390,1200,1500,1600,1600,1600,1600,1600,144,0,74,294.6774941040328,9.530555998935597,1588.8490779980202,5660.618055555556
1783107874,10,,Aggregated,5.000000,0.000000,64,180,280,370,1200,1500,1600,1600,1600,1600,1600,151,0,64,282.24917970854955,9.530555998935597,1588.8490779980202,5620.728476821192
1783107875,10,,Aggregated,5.100000,0.000000,64,180,260,370,1200,1500,1600,1600,1600,1600,1600,153,0,64,278.98806256854226,9.530555998935597,1588.8490779980202,5653.320261437909
1783107876,10,,Aggregated,5.000000,0.000000,63,170,250,360,1200,1500,1600,1600,1600,1600,1600,160,0,61,268.5141145311718,9.530555998935597,1588.8490779980202,5446.19375
1783107877,10,,Aggregated,5.000000,0.000000,61,170,230,350,1200,1500,1600,1600,1600,1600,1600,161,0,61,267.0646644471405,9.530555998935597,1588.8490779980202,5508.726708074534
1783107878,10,,Aggregated,4.700000,0.000000,61,160,230,350,1200,1500,1600,1600,1600,1600,1600,168,0,61,258.0322270891884,9.530555998935597,1588.8490779980202,5523.458333333333
1783107879,10,,Aggregated,5.000000,0.000000,60,160,220,350,1100,1500,1600,1600,1600,1600,1600,173,0,60,251.16209436987842,8.460539000225253,1588.8490779980202,5500.838150289017
1783107880,10,,Aggregated,4.400000,0.000000,58,120,210,310,1100,1500,1600,1600,1600,1600,1600,177,0,58,246.51136719203248,8.460539000225253,1588.8490779980202,5411.954802259887
1783107881,10,,Aggregated,5.000000,0.000000,58,110,210,300,1100,1500,1600,1600,1600,1600,1600,182,0,57,240.9265791812776,8.460539000225253,1588.8490779980202,5442.719780219781
1783107882,10,,Aggregated,4.900000,0.000000,57,100,210,300,1100,1500,1600,1600,1600,1600,1600,185,0,57,237.62866735668393,8.460539000225253,1588.8490779980202,5459.286486486487
1783107883,10,,Aggregated,4.300000,0.000000,57,89,200,280,1100,1500,1600,1600,1600,1600,1600,190,0,56,232.20133581045573,8.460539000225253,1588.8490779980202,5441.4473684210525
1783107884,10,,Aggregated,4.500000,0.000000,54,87,200,260,1100,1500,1600,1600,1600,1600,1600,195,0,54,227.27377692301675,8.460539000225253,1588.8490779980202,5395.635897435897
1783107885,10,,Aggregated,4.700000,0.000000,54,87,190,250,1100,1500,1600,1600,1600,1600,1600,198,0,53,224.2297028383245,8.460539000225253,1588.8490779980202,5423.858585858586
1783107886,10,,Aggregated,4.500000,0.000000,52,82,180,230,520,1200,1500,1600,1600,1600,1600,206,0,51,217.2806072086812,8.460539000225253,1588.8490779980202,5339.553398058252
1783107887,10,,Aggregated,4.500000,0.000000,51,82,180,220,520,1200,1500,1600,1600,1600,1600,211,0,51,212.8370946776628,8.460539000225253,1588.8490779980202,5311.075829383886
1783107888,10,,Aggregated,4.500000,0.000000,51,80,180,220,520,1200,1500,1600,1600,1600,1600,215,0,51,209.49320180924016,8.460539000225253,1588.8490779980202,5238.739534883721
1783107889,10,,Aggregated,4.500000,0.000000,50,78,170,220,520,1200,1500,1600,1600,1600,1600,219,0,50,206.17225584469057,8.460539000225253,1588.8490779980202,5238.506849315068
1783107890,10,,Aggregated,5.000000,0.000000,50,74,170,210,490,1200,1500,1600,1600,1600,1600,224,0,50,202.46607034813937,8.460539000225253,1588.8490779980202,5202.883928571428
1783107891,10,,Aggregated,4.700000,0.000000,50,71,160,210,490,1200,1500,1600,1600,1600,1600,230,0,50,198.0746341433943,8.460539000225253,1588.8490779980202,5204.017391304348
1783107892,10,,Aggregated,4.600000,0.000000,49,71,160,210,460,1200,1500,1600,1600,1600,1600,235,0,49,194.58949628078312,8.460539000225253,1588.8490779980202,5104.693617021277
1783107893,10,,Aggregated,4.800000,0.000000,49,71,140,200,460,1200,1500,1600,1600,1600,1600,238,0,49,192.61976765541354,8.460539000225253,1588.8490779980202,5052.53781512605
1783107894,10,,Aggregated,4.900000,0.000000,49,70,120,200,430,1200,1500,1600,1600,1600,1600,244,0,49,188.70872096714697,8.460539000225253,1588.8490779980202,5056.770491803279
1783107895,10,,Aggregated,4.900000,0.000000,48,68,110,190,430,1200,1500,1600,1600,1600,1600,247,0,48,186.6386207205909,8.460539000225253,1588.8490779980202,5009.1578947368425
1783107896,10,,Aggregated,4.700000,0.000000,47,64,100,180,430,1200,1500,1600,1600,1600,1600,256,0,47,180.97220633589473,8.460539000225253,1588.8490779980202,5033.3125
1783107897,10,,Aggregated,4.900000,0.000000,47,64,98,180,430,1200,1500,1600,1600,1600,1600,257,0,47,180.32467969255723,8.460539000225253,1588.8490779980202,5016.910505836576
1783107898,10,,Aggregated,5.000000,0.000000,47,64,89,180,420,1200,1500,1600,1600,1600,1600,261,0,47,178.08665508424224,8.460539000225253,1588.8490779980202,4961.708812260536
1783107899,10,,Aggregated,5.000000,0.000000,46,63,87,180,420,1200,1500,1600,1600,1600,1600,265,0,46,175.74927786786333,8.460539000225253,1588.8490779980202,4986.924528301887
1783107900,10,,Aggregated,4.600000,0.000000,45,61,87,170,400,1200,1500,1600,1600,1600,1600,273,0,45,171.69399388272961,8.460539000225253,1588.8490779980202,5043.424908424909
1783107901,10,,Aggregated,4.600000,0.000000,43,61,87,170,400,1200,1500,1600,1600,1600,1600,275,0,43,170.58872957085524,8.460539000225253,1588.8490779980202,5039.465454545454
1783107902,10,,Aggregated,4.600000,0.000000,42,60,83,170,390,1200,1500,1600,1600,1600,1600,281,0,42,167.56577588251105,8.460539000225253,1588.8490779980202,5019.405693950178
1783107903,10,,Aggregated,4.900000,0.000000,42,59,82,170,390,1200,1500,1600,1600,1600,1600,285,0,42,165.53985527364267,8.460539000225253,1588.8490779980202,5042.428070175439
1783107904,10,,Aggregated,4.400000,0.000000,41,59,82,160,390,1200,1500,1600,1600,1600,1600,287,0,41,164.54144376302952,8.460539000225253,1588.8490779980202,5023.017421602787
1783107905,10,,Aggregated,4.500000,0.000000,41,59,82,160,370,1200,1500,1600,1600,1600,1600,294,0,41,161.39928661558318,8.460539000225253,1588.8490779980202,5028.925170068027
1783107906,10,,Aggregated,4.700000,0.000000,41,58,80,140,370,1200,1500,1600,1600,1600,1600,298,0,41,159.59761005026866,8.460539000225253,1588.8490779980202,4985.6510067114095
1783107907,10,,Aggregated,4.200000,0.000000,40,57,80,120,370,1200,1500,1600,1600,1600,1600,303,0,40,157.4758315576822,8.460539000225253,1588.8490779980202,4996.330033003301
1783107908,10,,Aggregated,4.700000,0.000000,40,57,78,110,370,1200,1500,1600,1600,1600,1600,308,0,40,155.40912004861013,8.460539000225253,1588.8490779980202,4986.077922077922
1783107909,10,,Aggregated,4.200000,0.000000,40,57,74,100,360,1200,1500,1600,1600,1600,1600,314,0,40,152.72212997123387,6.364069999108324,1588.8490779980202,4984.675159235669
1783107910,10,,Aggregated,4.700000,0.000000,39,56,74,100,360,1200,1500,1600,1600,1600,1600,319,0,39,150.70626854535575,6.364069999108324,1588.8490779980202,4994.94670846395
1783107911,10,,Aggregated,4.600000,0.000000,39,56,71,98,350,1200,1500,1600,1600,1600,1600,322,0,38,149.48866927319025,6.364069999108324,1588.8490779980202,4992.875776397515
1783107912,10,,Aggregated,5.000000,0.000000,38,54,71,89,350,1200,1500,1600,1600,1600,1600,328,0,38,147.09344242367192,6.364069999108324,1588.8490779980202,4916.0640243902435
1783107913,10,,Aggregated,4.500000,0.000000,37,54,68,87,350,1200,1500,1600,1600,1600,1600,334,0,37,144.92460474542088,6.364069999108324,1588.8490779980202,4954.559880239521
1783107914,10,,Aggregated,4.700000,0.000000,37,53,68,87,350,1200,1500,1600,1600,1600,1600,338,0,37,143.50852090819092,6.364069999108324,1588.8490779980202,4962.816568047338
1783107915,10,,Aggregated,4.700000,0.000000,37,53,68,87,350,1100,1500,1600,1600,1600,1600,343,0,37,141.92973748680367,6.364069999108324,1588.8490779980202,4922.793002915452
1783107916,10,,Aggregated,4.900000,0.000000,37,52,67,87,350,1100,1500,1600,1600,1600,1600,345,0,37,141.27896395934775,6.364069999108324,1588.8490779980202,4916.313043478261
1783107917,10,,Aggregated,5.100000,0.000000,36,51,65,83,310,1100,1500,1600,1600,1600,1600,352,0,36,138.79175007663105,6.364069999108324,1588.8490779980202,4948.980113636364
1783107918,10,,Aggregated,4.800000,0.000000,36,51,64,83,310,1100,1500,1600,1600,1600,1600,355,0,36,137.86250741682574,6.364069999108324,1588.8490779980202,4946.45352112676
1783107919,10,,Aggregated,4.800000,0.000000,36,51,64,82,310,1100,1500,1600,1600,1600,1600,357,0,36,137.34757362176896,6.364069999108324,1588.8490779980202,4938.633053221289
1783107920,10,,Aggregated,4.800000,0.000000,36,51,64,82,300,1100,1500,1600,1600,1600,1600,363,0,36,135.64011698339823,6.364069999108324,1588.8490779980202,4890.341597796143
1783107921,10,,Aggregated,4.700000,0.000000,36,51,64,82,300,1100,1500,1600,1600,1600,1600,367,0,36,134.5777956293693,6.364069999108324,1588.8490779980202,4859.700272479564
1783107922,10,,Aggregated,4.200000,0.000000,36,51,64,82,280,1100,1500,1600,1600,1600,1600,373,0,36,133.08695347715508,6.364069999108324,1588.8490779980202,4888.546916890081
1783107923,10,,Aggregated,4.500000,0.000000,36,51,63,81,280,1100,1500,1600,1600,1600,1600,378,0,36,131.67585642057782,6.364069999108324,1588.8490779980202,4915.436507936508
1783107924,10,,Aggregated,4.500000,0.000000,35,51,63,80,260,1100,1500,1600,1600,1600,1600,384,0,35,130.1498474973357,6.364069999108324,1588.8490779980202,4968.416666666667
1783107925,10,,Aggregated,4.500000,0.000000,35,51,63,80,260,1100,1500,1600,1600,1600,1600,388,0,35,129.0809611442624,6.364069999108324,1588.8490779980202,4965.461340206186
1783107926,10,,Aggregated,4.400000,0.000000,35,51,63,78,250,1100,1500,1600,1600,1600,1600,391,0,35,128.34090063930824,6.364069999108324,1588.8490779980202,5011.989769820972
1783107927,10,,Aggregated,4.600000,0.000000,34,51,63,78,250,1100,1500,1600,1600,1600,1600,396,0,34,126.98732488377462,6.364069999108324,1588.8490779980202,5047.085858585859
1783107928,10,,Aggregated,4.500000,0.000000,34,50,61,75,230,520,1500,1500,1600,1600,1600,401,0,34,125.71193241889712,6.364069999108324,1588.8490779980202,5006.790523690773
1783107930,10,,Aggregated,4.500000,0.000000,34,50,61,74,230,520,1500,1500,1600,1600,1600,406,0,33,124.42102979305677,6.364069999108324,1588.8490779980202,4999.573891625616
1783107931,10,,Aggregated,4.400000,0.000000,34,50,61,75,230,520,1500,1500,1600,1600,1600,408,0,33,124.05303200729773,6.364069999108324,1588.8490779980202,4978.178921568628
1783107932,10,,Aggregated,4.600000,0.000000,33,50,60,74,230,520,1500,1500,1600,1600,1600,413,0,33,122.82581337525959,6.364069999108324,1588.8490779980202,4949.51573849879
1783107933,10,,Aggregated,4.900000,0.000000,33,49,60,74,230,520,1500,1500,1600,1600,1600,418,0,33,121.72578104541593,6.364069999108324,1588.8490779980202,5034.877990430622
1783107934,10,,Aggregated,4.400000,0.000000,33,49,59,71,220,520,1500,1500,1600,1600,1600,424,0,33,120.4428945424177,6.364069999108324,1588.8490779980202,5017.825471698113
1783107935,10,,Aggregated,4.600000,0.000000,33,49,59,71,220,520,1500,1500,1600,1600,1600,426,0,33,120.0428562816585,6.364069999108324,1588.8490779980202,5000.420187793427
1783107936,10,,Aggregated,4.500000,0.000000,33,49,59,71,220,520,1500,1500,1600,1600,1600,433,0,33,118.52302343415083,6.364069999108324,1588.8490779980202,4987.9792147806
1783107937,10,,Aggregated,4.600000,0.000000,33,49,59,71,220,520,1500,1500,1600,1600,1600,435,0,33,118.08645574479857,6.364069999108324,1588.8490779980202,5008.179310344827
1783107938,10,,Aggregated,4.200000,0.000000,32,48,59,68,210,490,1500,1500,1600,1600,1600,442,0,32,116.504271671937,5.431671001133509,1588.8490779980202,5018.506787330317
1783107939,10,,Aggregated,4.500000,0.000000,32,48,59,68,210,490,1500,1500,1600,1600,1600,444,0,32,116.07573145719725,5.431671001133509,1588.8490779980202,5036.93018018018
1783107940,10,,Aggregated,4.400000,0.000000,32,48,58,68,210,490,1500,1500,1600,1600,1600,452,0,32,114.5596132610322,5.431671001133509,1588.8490779980202,5027.789823008849
1783107941,10,,Aggregated,4.600000,0.000000,32,47,58,68,210,490,1500,1500,1600,1600,1600,456,0,32,113.77724090127964,5.431671001133509,1588.8490779980202,5030.894736842105
1783107942,10,,Aggregated,4.600000,0.000000,32,47,58,67,210,460,1500,1500,1600,1600,1600,461,0,32,112.77934538174992,5.431671001133509,1588.8490779980202,4983.255965292841
1783107943,10,,Aggregated,4.600000,0.000000,32,47,58,68,210,460,1500,1500,1600,1600,1600,464,0,32,112.25986748704129,5.431671001133509,1588.8490779980202,4957.271551724138
1783107944,10,,Aggregated,4.800000,0.000000,32,47,57,67,210,460,1500,1500,1600,1600,1600,470,0,31,111.16440687444683,5.431671001133509,1588.8490779980202,4922.357446808511
1783107945,10,,Aggregated,4.700000,0.000000,31,47,57,65,200,460,1500,1500,1600,1600,1600,474,0,31,110.39118677003495,5.431671001133509,1588.8490779980202,4924.964135021097
1783107946,10,,Aggregated,4.600000,0.000000,31,46,57,64,200,460,1500,1500,1600,1600,1600,479,0,31,109.39234473694331,5.431671001133509,1588.8490779980202,4944.762004175365
1783107947,10,,Aggregated,4.800000,0.000000,31,46,57,64,200,430,1500,1500,1600,1600,1600,483,0,31,108.8363832753487,5.431671001133509,1588.8490779980202,4921.277432712215
1783107948,10,,Aggregated,4.400000,0.000000,31,46,57,64,200,430,1500,1500,1600,1600,1600,489,0,31,107.81319634763929,5.431671001133509,1588.8490779980202,4920.766871165644
1783107949,10,,Aggregated,4.600000,0.000000,31,46,56,64,190,430,1500,1500,1600,1600,1600,493,0,31,107.09357894927992,5.431671001133509,1588.8490779980202,4931.667342799188
1783107950,10,,Aggregated,4.600000,0.000000,31,46,56,63,190,430,1500,1500,1600,1600,1600,499,0,31,106.13758960120074,5.431671001133509,1588.8490779980202,4988.969939879759
1783107951,10,,Aggregated,4.600000,0.000000,30,45,56,63,190,430,1200,1500,1600,1600,1600,503,0,30,105.42796518687248,5.431671001133509,1588.8490779980202,4961.831013916501
1783107952,10,,Aggregated,4.800000,0.000000,30,45,54,63,190,430,1200,1500,1600,1600,1600,505,0,30,105.08059658414723,5.431671001133509,1588.8490779980202,4957.120792079208
1783107953,10,,Aggregated,4.700000,0.000000,30,45,54,63,190,430,1200,1500,1600,1600,1600,509,0,30,104.5560562868198,5.431671001133509,1588.8490779980202,4962.139489194499
1783107954,10,,Aggregated,4.500000,0.000000,30,44,54,62,180,430,1200,1500,1600,1600,1600,516,0,30,103.37690231973784,5.431671001133509,1588.8490779980202,4919.507751937985
1783107955,10,,Aggregated,4.500000,0.000000,30,43,54,62,180,430,1200,1500,1600,1600,1600,520,0,30,102.75191104228026,5.431671001133509,1588.8490779980202,4956.819230769231
1783107956,10,,Aggregated,4.500000,0.000000,30,43,53,61,180,420,1200,1500,1600,1600,1600,526,0,30,101.88377373571171,5.431671001133509,1588.8490779980202,4998.912547528517
1783107957,10,,Aggregated,4.500000,0.000000,30,43,53,61,180,420,1200,1500,1600,1600,1600,528,0,30,101.52786528026974,5.431671001133509,1588.8490779980202,4981.007575757576
1783107958,10,,Aggregated,4.500000,0.000000,30,42,53,61,180,420,1200,1500,1600,1600,1600,535,0,30,100.5991628037213,5.431671001133509,1588.8490779980202,4996.005607476635
1783107959,10,,Aggregated,4.700000,0.000000,30,42,53,61,180,420,1200,1500,1600,1600,1600,539,0,30,100.17314981074962,5.431671001133509,1588.8490779980202,5008.7495361781075
1783107960,10,,Aggregated,4.700000,0.000000,30,42,53,60,170,400,1200,1500,1600,1600,1600,543,0,30,99.57630731490536,5.431671001133509,1588.8490779980202,4985.97605893186
1783107961,10,,Aggregated,4.700000,0.000000,29,42,53,60,170,400,1200,1500,1600,1600,1600,550,0,29,98.5712524727106,5.431671001133509,1588.8490779980202,4961.825454545455
1783107962,10,,Aggregated,4.400000,0.000000,29,42,52,59,170,400,1200,1500,1600,1600,1600,554,0,29,98.01985690431562,5.431671001133509,1588.8490779980202,4999.023465703971
1783107963,10,,Aggregated,4.400000,0.000000,29,42,52,59,170,400,1200,1500,1600,1600,1600,556,0,29,97.71705941725061,5.431671001133509,1588.8490779980202,5014.670863309352
1783107964,10,,Aggregated,4.800000,0.000000,29,41,52,59,170,390,1200,1500,1600,1600,1600,563,0,29,96.79514350086987,5.431671001133509,1588.8490779980202,4995.925399644761
1783107965,10,,Aggregated,4.700000,0.000000,29,41,52,59,170,390,1200,1500,1600,1600,1600,566,0,29,96.47232063603187,5.431671001133509,1588.8490779980202,4986.008833922261
1783107966,10,,Aggregated,4.700000,0.000000,29,41,52,59,160,390,1200,1500,1600,1600,1600,571,0,29,95.87679942556294,5.431671001133509,1588.8490779980202,4978.91418563923
1783107967,10,,Aggregated,4.600000,0.000000,29,41,52,59,160,390,1200,1500,1600,1600,1600,576,0,29,95.27083039062569,5.431671001133509,1588.8490779980202,4994.848958333333
1783107968,10,,Aggregated,4.500000,0.000000,29,41,51,59,160,370,1200,1500,1600,1600,1600,581,0,29,94.68401905163297,5.431671001133509,1588.8490779980202,5022.3218588640275
1783107969,10,,Aggregated,4.500000,0.000000,29,41,51,59,160,370,1200,1500,1600,1600,1600,585,0,29,94.28940746666686,5.431671001133509,1588.8490779980202,5005.528205128205
1783107970,10,,Aggregated,4.500000,0.000000,29,40,51,59,160,370,1200,1500,1600,1600,1600,590,0,29,93.657393535589,5.431671001133509,1588.8490779980202,5053.781355932203
1783107971,10,,Aggregated,4.700000,0.000000,29,40,51,59,140,370,1200,1500,1600,1600,1600,596,0,29,92.92037532214337,5.431671001133509,1588.8490779980202,5032.035234899329
1783107972,10,,Aggregated,4.600000,0.000000,28,40,51,59,120,370,1200,1500,1600,1600,1600,603,0,28,92.10000091374765,5.431671001133509,1588.8490779980202,5018.817578772802
1783107973,10,,Aggregated,4.600000,0.000000,29,40,51,59,120,370,1200,1500,1600,1600,1600,604,0,28,92.00295126488557,5.431671001133509,1588.8490779980202,5032.067880794702
1783107974,10,,Aggregated,4.500000,0.000000,29,40,51,59,120,370,1200,1500,1600,1600,1600,610,0,29,91.47851206555478,5.431671001133509,1588.8490779980202,5004.554098360656
1783107975,10,,Aggregated,4.800000,0.000000,29,40,51,59,110,370,1200,1500,1600,1600,1600,614,0,29,91.16359222799305,5.431671001133509,1588.8490779980202,5025.280130293159
1783107976,10,,Aggregated,4.800000,0.000000,29,40,51,58,110,370,1200,1500,1600,1600,1600,619,0,29,90.6374110193747,5.431671001133509,1588.8490779980202,5009.851373182552
1783107977,10,,Aggregated,4.800000,0.000000,29,40,51,58,100,360,1200,1500,1600,1600,1600,624,0,29,90.18093018748448,5.431671001133509,1588.8490779980202,4985.491987179487
1783107978,10,,Aggregated,4.800000,0.000000,29,40,51,58,100,360,1200,1500,1600,1600,1600,627,0,29,89.92368808451741,5.431671001133509,1588.8490779980202,4963.0988835725675
1783107979,10,,Aggregated,4.800000,0.000000,29,40,51,59,100,360,1200,1500,1600,1600,1600,631,0,29,89.65768228208242,5.431671001133509,1588.8490779980202,4935.738510301109
1783107980,10,,Aggregated,4.700000,0.000000,29,40,51,59,100,360,1200,1500,1600,1600,1600,635,0,29,89.23640157480281,5.431671001133509,1588.8490779980202,4974.911811023622
1783107981,10,,Aggregated,4.700000,0.000000,29,40,51,59,100,360,1200,1500,1600,1600,1600,639,0,29,88.91152518622441,5.431671001133509,1588.8490779980202,4975.907668231612
1783107982,10,,Aggregated,4.500000,0.000000,29,40,51,58,99,350,1200,1500,1600,1600,1600,642,0,28,88.59314991276962,5.431671001133509,1588.8490779980202,4993.612149532711
1783107983,10,,Aggregated,4.400000,0.000000,28,40,51,58,99,350,1200,1500,1600,1600,1600,647,0,28,88.09106599536055,5.431671001133509,1588.8490779980202,4972.151468315302
1783107984,10,,Aggregated,3.900000,0.000000,28,40,51,58,98,350,1200,1500,1600,1600,1600,651,0,28,87.72997555606652,5.431671001133509,1588.8490779980202,4975.655913978495
1783107985,10,,Aggregated,3.900000,0.000000,28,40,51,58,98,350,1200,1500,1600,1600,1600,656,0,28,87.30461612499977,5.431671001133509,1588.8490779980202,4951.856707317073
1783107986,10,,Aggregated,3.900000,0.000000,28,40,51,58,98,350,1200,1500,1600,1600,1600,660,0,28,86.97951041061914,5.431671001133509,1588.8490779980202,4953.374242424243
1783107987,10,,Aggregated,4.300000,0.000000,28,40,51,58,96,350,1200,1500,1600,1600,1600,664,0,28,86.63541062200436,5.431671001133509,1588.8490779980202,4956.8373493975905
1783107988,10,,Aggregated,4.300000,0.000000,28,39,50,58,96,350,1200,1500,1600,1600,1600,669,0,28,86.12316931092573,5.431671001133509,1588.8490779980202,4934.730941704036
1783107989,10,,Aggregated,3.800000,0.000000,28,39,50,58,91,350,1200,1500,1600,1600,1600,674,0,28,85.68439636944198,5.431671001133509,1588.8490779980202,4940.290801186944
1783107990,10,,Aggregated,4.200000,0.000000,28,38,50,58,91,350,1200,1500,1600,1600,1600,680,0,28,85.0611170250137,5.431671001133509,1588.8490779980202,4934.642647058824
1783107991,10,,Aggregated,4.400000,0.000000,28,38,50,57,89,350,1200,1500,1600,1600,1600,686,0,28,84.47925868368861,5.431671001133509,1588.8490779980202,4905.879008746356
1783107992,10,,Aggregated,4.500000,0.000000,28,38,50,57,89,350,1200,1500,1600,1600,1600,691,0,28,84.0580975991477,5.431671001133509,1588.8490779980202,4918.871201157743
1783107993,10,,Aggregated,4.500000,0.000000,28,38,50,57,89,350,1200,1500,1600,1600,1600,692,0,28,83.98931048700669,5.431671001133509,1588.8490779980202,4913.039017341041
1783107994,10,,Aggregated,4.800000,0.000000,28,38,50,57,89,350,1200,1500,1600,1600,1600,700,0,28,83.3504050342942,5.431671001133509,1588.8490779980202,4892.424285714285
1783107995,10,,Aggregated,4.800000,0.000000,28,38,50,57,87,310,1200,1500,1600,1600,1600,702,0,28,83.18328798718785,5.431671001133509,1588.8490779980202,4906.675213675214
1783107996,10,,Aggregated,4.900000,0.000000,28,38,50,57,87,310,1200,1500,1600,1600,1600,709,0,28,82.58893715798514,5.431671001133509,1588.8490779980202,4884.19322990127
1783107997,10,,Aggregated,4.900000,0.000000,28,38,50,57,87,310,1200,1500,1600,1600,1600,712,0,28,82.37511554917351,5.431671001133509,1588.8490779980202,4917.247191011236
1783107998,10,,Aggregated,4.800000,0.000000,28,38,49,57,87,310,1200,1500,1600,1600,1600,717,0,28,81.97451645609054,5.431671001133509,1588.8490779980202,4921.545327754533
1783107999,10,,Aggregated,5.100000,0.000000,28,38,49,57,87,300,1200,1500,1600,1600,1600,722,0,28,81.58085948894532,5.431671001133509,1588.8490779980202,4925.779778393352
1783108000,10,,Aggregated,4.700000,0.000000,28,38,49,56,87,300,1200,1500,1600,1600,1600,729,0,28,81.04905412622695,5.431671001133509,1588.8490779980202,4918.244170096022
1783108001,10,,Aggregated,4.800000,0.000000,27,37,49,56,86,300,1200,1500,1600,1600,1600,734,0,27,80.58347382291943,5.431671001133509,1588.8490779980202,4926.182561307902
1783108002,10,,Aggregated,4.800000,0.000000,27,37,49,56,86,300,1200,1500,1600,1600,1600,737,0,27,80.3507448249998,5.431671001133509,1588.8490779980202,4935.953867028494
1783108003,10,,Aggregated,4.900000,0.000000,27,37,49,56,85,280,1200,1500,1600,1600,1600,744,0,27,79.85574283068388,5.431671001133509,1588.8490779980202,4916.073924731183
1783108004,10,,Aggregated,4.800000,0.000000,27,37,49,55,85,280,1200,1500,1600,1600,1600,747,0,27,79.70394373497965,5.431671001133509,1588.8490779980202,4922.649263721553
1783108005,10,,Aggregated,4.800000,0.000000,27,37,49,55,84,280,1200,1500,1600,1600,1600,751,0,27,79.40085913186716,5.431671001133509,1588.8490779980202,4934.776298268975
1783108006,10,,Aggregated,4.800000,0.000000,27,37,48,55,84,280,1200,1500,1600,1600,1600,757,0,27,78.97711777546344,5.431671001133509,1588.8490779980202,4903.536327608983
1783108007,10,,Aggregated,4.900000,0.000000,27,37,49,55,83,260,1200,1500,1600,1600,1600,762,0,27,78.73366159977259,5.431671001133509,1588.8490779980202,4899.629921259842
1783108008,10,,Aggregated,4.900000,0.000000,27,37,49,55,83,260,1200,1500,1600,1600,1600,766,0,27,78.47501579637618,5.431671001133509,1588.8490779980202,4925.248041775457
1783108009,10,,Aggregated,4.900000,0.000000,27,37,48,55,83,260,1200,1500,1600,1600,1600,770,0,27,78.2109800857426,5.431671001133509,1588.8490779980202,4935.550649350649
1783108010,10,,Aggregated,5.000000,0.000000,27,37,48,55,83,260,1200,1500,1600,1600,1600,778,0,27,77.59178231750776,5.431671001133509,1588.8490779980202,4935.583547557841
1783108011,10,,Aggregated,5.000000,0.000000,27,37,48,54,82,250,1200,1500,1600,1600,1600,781,0,27,77.3886012893959,5.431671001133509,1588.8490779980202,4941.929577464789
1783108012,10,,Aggregated,5.200000,0.000000,27,37,48,55,82,250,1200,1500,1600,1600,1600,786,0,27,77.14150777992333,5.431671001133509,1588.8490779980202,4932.573791348601
1783108013,10,,Aggregated,4.800000,0.000000,27,36,48,54,82,250,1200,1500,1600,1600,1600,793,0,27,76.61178012234353,5.431671001133509,1588.8490779980202,4982.84867591425
1783108014,10,,Aggregated,4.800000,0.000000,27,36,48,54,82,250,1200,1500,1600,1600,1600,798,0,27,76.23537635090474,5.431671001133509,1588.8490779980202,4971.134085213032
1783108015,10,,Aggregated,5.100000,0.000000,27,36,47,54,82,230,1200,1500,1600,1600,1600,803,0,27,75.82678557536953,5.431671001133509,1588.8490779980202,4974.191780821918
1783108016,10,,Aggregated,5.100000,0.000000,27,36,47,54,82,230,1200,1500,1600,1600,1600,808,0,27,75.51265132057175,5.431671001133509,1588.8490779980202,5031.908415841584
1783108017,10,,Aggregated,5.100000,0.000000,27,36,47,53,82,230,1200,1500,1600,1600,1600,812,0,27,75.23984969583996,5.431671001133509,1588.8490779980202,5058.241379310345
1783108018,10,,Aggregated,5.100000,0.000000,27,36,47,53,82,230,1200,1500,1600,1600,1600,818,0,27,74.89865409294077,5.431671001133509,1588.8490779980202,5078.102689486553
1783108019,10,,Aggregated,4.900000,0.000000,27,36,47,53,82,230,1200,1500,1600,1600,1600,820,0,27,74.74488882441908,5.431671001133509,1588.8490779980202,5091.910975609756
1783108020,10,,Aggregated,4.900000,0.000000,27,35,47,53,82,230,1200,1500,1600,1600,1600,825,0,27,74.41156848972737,5.431671001133509,1588.8490779980202,5103.855757575758
1783108021,10,,Aggregated,4.900000,0.000000,27,35,46,53,82,230,1200,1500,1600,1600,1600,829,0,27,74.12846743188034,5.431671001133509,1588.8490779980202,5106.451145958987
1783108022,10,,Aggregated,4.700000,0.000000,26,35,46,53,81,230,1200,1500,1600,1600,1600,834,0,26,73.81419425902952,5.431671001133509,1588.8490779980202,5089.187050359712
1783108023,10,,Aggregated,4.600000,0.000000,26,35,46,53,81,230,1200,1500,1600,1600,1600,837,0,26,73.68384376108878,5.431671001133509,1588.8490779980202,5075.1505376344085
1783108024,10,,Aggregated,4.700000,0.000000,26,35,46,53,81,220,1200,1500,1600,1600,1600,842,0,26,73.40628745014911,5.431671001133509,1588.8490779980202,5073.059382422803
1783108025,10,,Aggregated,4.500000,0.000000,26,35,46,52,81,220,1200,1500,1600,1600,1600,846,0,26,73.12531495866077,5.431671001133509,1588.8490779980202,5061.913711583924
1783108026,10,,Aggregated,4.400000,0.000000,26,35,46,52,81,220,1100,1500,1600,1600,1600,851,0,26,72.89971093774986,5.431671001133509,1588.8490779980202,5039.351351351352
1783108027,10,,Aggregated,4.200000,0.000000,26,35,46,52,81,230,1100,1500,1600,1600,1600,856,0,26,73.04656040306352,5.431671001133509,1588.8490779980202,5022.139018691589
1783108028,10,,Aggregated,4.200000,0.000000,26,35,46,52,81,220,1100,1500,1600,1600,1600,861,0,26,72.6870425505515,5.431671001133509,1588.8490779980202,5026.243902439024
1783108029,10,,Aggregated,4.500000,0.000000,26,35,46,52,81,220,1100,1500,1600,1600,1600,863,0,26,72.54765784823243,5.431671001133509,1588.8490779980202,5038.097334878332
1783108030,10,,Aggregated,4.500000,0.000000,26,34,46,52,81,220,1100,1500,1600,1600,1600,868,0,26,72.22781031108634,5.431671001133509,1588.8490779980202,5038.735023041475
1783108031,10,,Aggregated,4.200000,0.000000,26,34,46,52,80,220,1100,1500,1600,1600,1600,872,0,26,72.02845400002977,5.431671001133509,1588.8490779980202,5068.9908256880735
1783108032,10,,Aggregated,4.400000,0.000000,26,34,45,51,80,220,1100,1500,1600,1600,1600,877,0,26,71.7403327229437,5.431671001133509,1588.8490779980202,5100.805017103763
1783108033,10,,Aggregated,4.300000,0.000000,26,35,46,52,81,220,1100,1500,1600,1600,1600,882,0,26,71.64963201589393,5.431671001133509,1588.8490779980202,5103.438775510204
1783108034,10,,Aggregated,4.100000,0.000000,26,34,46,52,81,220,1100,1500,1600,1600,1600,884,0,26,71.51637759617348,5.431671001133509,1588.8490779980202,5096.988687782806
1783108035,10,,Aggregated,4.200000,0.000000,26,34,45,51,81,220,1100,1500,1600,1600,1600,889,0,26,71.2407082576128,5.431671001133509,1588.8490779980202,5078.534308211473
1783108036,10,,Aggregated,4.200000,0.000000,26,34,45,51,80,220,1100,1500,1600,1600,1600,893,0,26,71.00779179844989,5.431671001133509,1588.8490779980202,5088.6192609182535
1783108037,10,,Aggregated,4.300000,0.000000,26,34,45,51,80,220,1100,1500,1600,1600,1600,900,0,26,70.67634672336378,5.431671001133509,1588.8490779980202,5079.336666666667
1783108038,10,,Aggregated,4.200000,0.000000,26,34,45,51,80,210,1100,1500,1600,1600,1600,904,0,25,70.43943958852304,5.431671001133509,1588.8490779980202,5087.136061946902
1783108039,10,,Aggregated,4.000000,0.000000,25,34,45,51,80,210,1100,1500,1600,1600,1600,907,0,25,70.27278803090311,5.431671001133509,1588.8490779980202,5093.64388092613
1783108040,10,,Aggregated,4.000000,0.000000,26,34,45,51,80,210,1100,1500,1600,1600,1600,911,0,26,70.1280687311044,5.431671001133509,1588.8490779980202,5094.366630076838
1783108041,10,,Aggregated,4.500000,0.000000,25,34,45,51,80,210,1100,1500,1600,1600,1600,918,0,25,69.75906233882377,5.431671001133509,1588.8490779980202,5118.272331154684
1783108042,10,,Aggregated,4.300000,0.000000,25,34,45,51,78,210,1100,1500,1600,1600,1600,922,0,25,69.50815143280444,5.431671001133509,1588.8490779980202,5127.832971800434
1783108043,10,,Aggregated,4.500000,0.000000,25,34,45,51,78,210,1100,1500,1600,1600,1600,927,0,25,69.26326991806795,5.431671001133509,1588.8490779980202,5137.093851132686
1783108044,10,,Aggregated,4.800000,0.000000,25,34,44,51,78,210,1100,1500,1600,1600,1600,931,0,25,69.0483735875913,5.431671001133509,1588.8490779980202,5151.35230934479
1783108045,10,,Aggregated,4.600000,0.000000,25,34,44,51,78,210,1100,1500,1600,1600,1600,936,0,25,68.79823854065124,5.431671001133509,1588.8490779980202,5137.2873931623935
1783108046,10,,Aggregated,4.600000,0.000000,25,34,43,51,78,210,1100,1500,1600,1600,1600,938,0,25,68.70071299791951,5.431671001133509,1588.8490779980202,5129.671641791045
1783108047,10,,Aggregated,4.500000,0.000000,25,33,43,51,77,210,1100,1500,1600,1600,1600,945,0,25,68.36839052597517,5.431671001133509,1588.8490779980202,5138.323809523809
1783108048,10,,Aggregated,4.700000,0.000000,25,33,43,51,78,210,1100,1500,1600,1600,1600,948,0,25,68.26358579540663,5.431671001133509,1588.8490779980202,5143.96835443038
1783108049,10,,Aggregated,4.700000,0.000000,25,33,43,51,77,210,1100,1500,1600,1600,1600,951,0,25,68.12452213989816,5.431671001133509,1588.8490779980202,5189.4763406940065
1783108050,10,,Aggregated,4.400000,0.000000,25,33,43,51,77,210,1100,1500,1600,1600,1600,958,0,25,67.7737771075538,5.431671001133509,1588.8490779980202,5167.311064718163
1783108051,10,,Aggregated,4.500000,0.000000,25,33,43,51,78,210,1100,1500,1600,1600,1600,960,0,25,67.81077248858385,5.431671001133509,1588.8490779980202,5163.947916666667
1783108052,10,,Aggregated,4.500000,0.000000,25,33,43,51,77,200,1100,1500,1600,1600,1600,965,0,25,67.5721189171381,5.431671001133509,1588.8490779980202,5175.79378238342
1783108053,10,,Aggregated,4.400000,0.000000,25,33,43,51,77,200,1100,1500,1600,1600,1600,970,0,25,67.35044606189383,5.431671001133509,1588.8490779980202,5216.984536082474
1783108054,10,,Aggregated,4.300000,0.000000,25,33,43,51,75,200,1100,1500,1600,1600,1600,974,0,25,67.12491926081995,5.431671001133509,1588.8490779980202,5198.422997946612
1783108055,10,,Aggregated,4.400000,0.000000,25,33,43,50,75,200,1100,1500,1600,1600,1600,978,0,25,66.93165616363409,5.431671001133509,1588.8490779980202,5218.360940695296
1783108056,10,,Aggregated,4.300000,0.000000,25,33,42,50,75,200,1100,1500,1600,1600,1600,983,0,25,66.68949871316408,5.431671001133509,1588.8490779980202,5259.242115971516
1783108057,10,,Aggregated,4.300000,0.000000,25,33,42,50,75,200,1100,1500,1600,1600,1600,986,0,25,66.52989359233158,5.431671001133509,1588.8490779980202,5247.254563894523
1783108058,10,,Aggregated,4.200000,0.000000,25,33,42,50,75,200,1100,1500,1600,1600,1600,990,0,25,66.3378273606507,5.431671001133509,1588.8490779980202,5264.242424242424
1783108059,10,,Aggregated,4.400000,0.000000,25,33,42,50,74,200,1100,1500,1600,1600,1600,994,0,25,66.17391571734711,5.431671001133509,1588.8490779980202,5283.082494969819
1783108060,10,,Aggregated,4.300000,0.000000,25,33,42,50,74,200,1100,1500,1600,1600,1600,1000,0,24,65.87712661204205,5.431671001133509,1588.8490779980202,5313.411
1783108061,10,,Aggregated,4.000000,0.000000,24,33,42,50,74,190,520,1200,1600,1600,1600,1007,0,24,65.55104341017038,5.431671001133509,1588.8490779980202,5307.279046673287
1783108062,10,,Aggregated,4.000000,0.000000,24,33,42,50,74,190,520,1200,1600,1600,1600,1009,0,24,65.45907115762112,5.431671001133509,1588.8490779980202,5298.444995044599
1783108063,10,,Aggregated,4.400000,0.000000,24,33,42,50,74,190,520,1200,1600,1600,1600,1014,0,24,65.2278067889933,5.431671001133509,1588.8490779980202,5316.426035502958
1783108064,10,,Aggregated,4.400000,0.000000,24,33,42,50,74,190,520,1200,1600,1600,1600,1019,0,24,65.08242812172921,5.431671001133509,1588.8490779980202,5320.406280667321
1783108065,10,,Aggregated,4.500000,0.000000,24,33,42,50,74,190,520,1200,1600,1600,1600,1020,0,24,65.03182704415724,5.431671001133509,1588.8490779980202,5315.992156862745
1783108066,10,,Aggregated,4.700000,0.000000,24,33,42,50,74,190,520,1200,1600,1600,1600,1028,0,24,64.7319612286394,5.431671001133509,1588.8490779980202,5316.933852140078
1783108067,10,,Aggregated,4.300000,0.000000,24,33,42,50,73,190,520,1200,1600,1600,1600,1031,0,24,64.59143641323297,5.431671001133509,1588.8490779980202,5327.88360814743
1783108068,10,,Aggregated,4.100000,0.000000,24,33,42,50,73,190,520,1200,1600,1600,1600,1037,0,24,64.34693369531662,5.431671001133509,1588.8490779980202,5327.327868852459
1783108069,10,,Aggregated,4.300000,0.000000,24,33,42,50,73,190,520,1200,1600,1600,1600,1039,0,24,64.25382555346033,5.431671001133509,1588.8490779980202,5338.853705486044
1783108070,10,,Aggregated,4.400000,0.000000,24,32,41,50,71,180,520,1200,1600,1600,1600,1045,0,24,63.96042638090406,5.431671001133509,1588.8490779980202,5342.291866028708
1783108071,10,,Aggregated,4.700000,0.000000,24,32,41,49,71,180,520,1200,1600,1600,1600,1051,0,24,63.66394712183045,5.431671001133509,1588.8490779980202,5354.042816365366
1783108072,10,,Aggregated,4.300000,0.000000,24,32,41,49,71,180,520,1200,1600,1600,1600,1053,0,24,63.583293163385044,5.431671001133509,1588.8490779980202,5346.855650522317
1783108073,10,,Aggregated,4.500000,0.000000,24,32,41,49,71,180,520,1200,1600,1600,1600,1059,0,24,63.32765567237004,5.431671001133509,1588.8490779980202,5343.631728045326
1783108074,10,,Aggregated,4.200000,0.000000,24,32,41,49,71,180,520,1200,1600,1600,1600,1060,0,24,63.288847300982354,5.431671001133509,1588.8490779980202,5340.719811320755
1783108075,10,,Aggregated,4.400000,0.000000,23,32,41,49,71,180,520,1200,1600,1600,1600,1067,0,23,63.01564886039334,5.431671001133509,1588.8490779980202,5334.81443298969
1783108076,10,,Aggregated,4.000000,0.000000,24,32,41,49,71,180,520,1200,1600,1600,1600,1070,0,23,62.90769930657627,5.431671001133509,1588.8490779980202,5339.893457943926
1783108077,10,,Aggregated,4.300000,0.000000,23,32,41,49,71,180,520,1200,1600,1600,1600,1074,0,23,62.723045562419514,5.431671001133509,1588.8490779980202,5357.655493482309
1783108078,10,,Aggregated,4.800000,0.000000,23,32,40,49,70,180,520,1200,1600,1600,1600,1081,0,23,62.401655488474674,5.431671001133509,1588.8490779980202,5364.856614246069
1783108079,10,,Aggregated,4.400000,0.000000,23,32,40,49,71,180,520,1200,1600,1600,1600,1087,0,23,62.22275921253755,5.10663099703379,1588.8490779980202,5343.528058877645
1783108080,10,,Aggregated,4.400000,0.000000,23,32,40,49,71,180,520,1200,1600,1600,1600,1089,0,23,62.15253655466177,5.10663099703379,1588.8490779980202,5336.597796143251
1783108081,10,,Aggregated,4.500000,0.000000,23,32,40,49,70,180,520,1200,1600,1600,1600,1096,0,23,61.90407554290985,5.10663099703379,1588.8490779980202,5346.965328467153
1783108082,10,,Aggregated,4.700000,0.000000,23,32,40,49,70,180,520,1200,1600,1600,1600,1100,0,23,61.73122103911737,5.10663099703379,1588.8490779980202,5338.543636363636
1783108083,10,,Aggregated,4.400000,0.000000,23,31,40,48,70,170,490,1200,1600,1600,1600,1104,0,23,61.582485117779086,5.10663099703379,1588.8490779980202,5324.822463768116
1783108084,10,,Aggregated,4.800000,0.000000,23,31,40,48,70,170,490,1200,1600,1600,1600,1109,0,23,61.38177990083354,5.10663099703379,1588.8490779980202,5328.284039675384
1783108085,10,,Aggregated,4.500000,0.000000,23,31,40,48,68,170,490,1200,1600,1600,1600,1114,0,23,61.181078911158856,5.10663099703379,1588.8490779980202,5343.429982046679
1783108086,10,,Aggregated,4.700000,0.000000,23,31,40,48,70,170,490,1200,1600,1600,1600,1117,0,23,61.14007941094709,5.10663099703379,1588.8490779980202,5330.547000895255
1783108087,10,,Aggregated,4.700000,0.000000,23,31,40,48,68,170,490,1200,1600,1600,1600,1122,0,23,60.97376432801099,5.10663099703379,1588.8490779980202,5332.661319073084
1783108088,10,,Aggregated,4.600000,0.000000,23,31,40,48,68,170,490,1200,1600,1600,1600,1128,0,23,60.72724538034245,5.10663099703379,1588.8490779980202,5331.55585106383
1783108089,10,,Aggregated,4.700000,0.000000,23,31,40,48,68,170,490,1200,1600,1600,1600,1132,0,23,60.57843084012791,5.10663099703379,1588.8490779980202,5333.734098939929
1783108090,10,,Aggregated,4.800000,0.000000,23,31,40,48,68,170,490,1200,1600,1600,1600,1136,0,23,60.42115986534093,5.10663099703379,1588.8490779980202,5352.4727112676055
1783108091,10,,Aggregated,4.600000,0.000000,23,31,39,48,68,170,490,1200,1600,1600,1600,1143,0,23,60.21881633948531,5.10663099703379,1588.8490779980202,5348.6614173228345
1783108092,10,,Aggregated,4.400000,0.000000,23,31,39,47,68,170,490,1200,1600,1600,1600,1148,0,23,60.02497903573828,5.10663099703379,1588.8490779980202,5345.474738675958
1783108093,10,,Aggregated,4.900000,0.000000,23,31,39,47,68,170,460,1200,1600,1600,1600,1151,0,23,59.904782898374705,5.10663099703379,1588.8490779980202,5336.231103388358
1783108094,10,,Aggregated,4.400000,0.000000,23,31,39,47,68,170,460,1200,1600,1600,1600,1157,0,23,59.684123051020734,5.10663099703379,1588.8490779980202,5350.338807260156
1783108095,10,,Aggregated,4.400000,0.000000,23,31,39,47,68,170,460,1200,1600,1600,1600,1159,0,23,59.63800533479883,5.10663099703379,1588.8490779980202,5342.62985332183
1783108096,10,,Aggregated,4.500000,0.000000,23,31,39,47,68,160,460,1200,1600,1600,1600,1164,0,23,59.493621238001516,5.10663099703379,1588.8490779980202,5324.161512027491
1783108097,10,,Aggregated,4.900000,0.000000,23,31,39,47,68,160,460,1200,1600,1600,1600,1170,0,23,59.35517885302391,5.10663099703379,1588.8490779980202,5360.948717948718
1783108098,10,,Aggregated,4.500000,0.000000,23,31,39,47,68,160,460,1200,1600,1600,1600,1172,0,23,59.27559450174158,5.10663099703379,1588.8490779980202,5353.196245733789
1783108099,10,,Aggregated,4.700000,0.000000,23,31,39,47,68,160,460,1200,1600,1600,1600,1176,0,23,59.11465760377445,5.10663099703379,1588.8490779980202,5336.838435374149
1783108100,10,,Aggregated,4.500000,0.000000,23,31,38,47,68,160,460,1200,1600,1600,1600,1181,0,23,58.99635022018117,5.10663099703379,1588.8490779980202,5349.131244707874
1783108101,10,,Aggregated,4.500000,0.000000,23,31,38,47,68,160,460,1200,1600,1600,1600,1186,0,23,58.84352131874756,5.10663099703379,1588.8490779980202,5337.782462057336
1783108102,10,,Aggregated,4.600000,0.000000,23,31,38,47,67,160,460,1200,1600,1600,1600,1191,0,23,58.67996380859436,5.10663099703379,1588.8490779980202,5325.890008396305
1783108103,10,,Aggregated,4.300000,0.000000,23,31,38,47,67,160,460,1200,1600,1600,1600,1195,0,23,58.5346384728342,5.10663099703379,1588.8490779980202,5316.566527196653
1783108104,10,,Aggregated,4.300000,0.000000,23,30,38,47,67,160,460,1200,1600,1600,1600,1198,0,23,58.445446157795004,5.10663099703379,1588.8490779980202,5336.955759599332
1783108105,10,,Aggregated,4.300000,0.000000,23,30,38,47,67,150,440,1200,1600,1600,1600,1204,0,23,58.261546487576496,5.10663099703379,1588.8490779980202,5337.602159468439
1783108106,10,,Aggregated,4.700000,0.000000,23,30,38,47,67,150,440,1200,1600,1600,1600,1210,0,23,58.102232217382806,5.10663099703379,1588.8490779980202,5340.636363636364
1783108107,10,,Aggregated,4.100000,0.000000,23,30,38,47,67,150,440,1200,1600,1600,1600,1213,0,23,57.99870814429872,5.10663099703379,1588.8490779980202,5335.573784006595
1783108108,10,,Aggregated,4.700000,0.000000,22,30,38,46,66,140,440,1200,1600,1600,1600,1221,0,22,57.71273986243557,5.10663099703379,1588.8490779980202,5313.595413595413
1783108109,10,,Aggregated,4.300000,0.000000,22,30,38,46,66,140,440,1200,1600,1600,1600,1223,0,22,57.64267444565322,5.10663099703379,1588.8490779980202,5307.412919051512
1783108110,10,,Aggregated,4.600000,0.000000,22,30,38,46,66,140,440,1200,1600,1600,1600,1226,0,22,57.53573968273756,5.10663099703379,1588.8490779980202,5302.4396411092985
1783108111,10,,Aggregated,4.700000,0.000000,22,30,38,46,66,140,440,1200,1600,1600,1600,1233,0,22,57.38195060667393,5.10663099703379,1588.8490779980202,5326.600162206001
1783108112,10,,Aggregated,4.700000,0.000000,22,30,38,46,66,140,440,1200,1600,1600,1600,1236,0,22,57.290378025913704,5.10663099703379,1588.8490779980202,5331.105177993528
1783108113,10,,Aggregated,4.500000,0.000000,22,30,38,46,65,120,440,1200,1600,1600,1600,1241,0,22,57.18307614265772,5.10663099703379,1588.8490779980202,5343.618855761482
1783108114,10,,Aggregated,4.900000,0.000000,22,30,38,46,65,120,440,1200,1600,1600,1600,1246,0,22,57.00409841335603,5.10663099703379,1588.8490779980202,5342.860353130016
1783108115,10,,Aggregated,4.600000,0.000000,22,30,38,46,65,120,440,1200,1600,1600,1600,1250,0,22,56.88344198243576,5.10663099703379,1588.8490779980202,5358.7736
1783108116,10,,Aggregated,4.300000,0.000000,22,30,38,46,65,120,430,1200,1600,1600,1600,1256,0,22,56.7495414172305,5.10663099703379,1588.8490779980202,5356.358280254777
1783108117,10,,Aggregated,4.800000,0.000000,22,30,38,46,65,120,430,1200,1600,1600,1600,1259,0,22,56.67101560607062,5.10663099703379,1588.8490779980202,5346.783161239078
1783108118,10,,Aggregated,4.400000,0.000000,22,30,38,46,64,110,430,1200,1600,1600,1600,1265,0,22,56.47765268698961,5.10663099703379,1588.8490779980202,5347.954150197628
1783108119,10,,Aggregated,4.600000,0.000000,22,30,38,46,64,110,430,1200,1600,1600,1600,1269,0,22,56.368155460240395,5.10663099703379,1588.8490779980202,5348.9653270291565
1783108120,10,,Aggregated,4.300000,0.000000,22,30,38,46,64,110,430,1200,1600,1600,1600,1274,0,22,56.251743807723365,5.10663099703379,1588.8490779980202,5355.747252747253
1783108121,10,,Aggregated,4.600000,0.000000,22,30,38,46,64,110,430,1200,1600,1600,1600,1278,0,22,56.164119539934575,5.10663099703379,1588.8490779980202,5355.716744913928
1783108122,10,,Aggregated,4.600000,0.000000,22,30,38,46,64,110,430,1200,1600,1600,1600,1283,0,22,56.04317235466267,5.10663099703379,1588.8490779980202,5382.023382696804
1783108123,10,,Aggregated,4.500000,0.000000,22,30,38,46,64,110,430,1200,1600,1600,1600,1288,0,22,55.93787303496639,5.10663099703379,1588.8490779980202,5388.260093167702
1783108124,10,,Aggregated,4.400000,0.000000,22,30,38,46,64,110,430,1200,1600,1600,1600,1291,0,22,55.85403808291115,5.10663099703379,1588.8490779980202,5382.285050348567
1783108125,10,,Aggregated,4.600000,0.000000,22,30,38,46,64,110,430,1200,1600,1600,1600,1296,0,22,55.80935399154755,5.10663099703379,1588.8490779980202,5368.726851851852
1783108126,10,,Aggregated,4.800000,0.000000,22,30,38,46,64,100,430,1200,1600,1600,1600,1304,0,22,55.591124283779614,5.10663099703379,1588.8490779980202,5375.400306748466
1783108127,10,,Aggregated,4.800000,0.000000,22,30,38,46,64,100,430,1200,1600,1600,1600,1305,0,22,55.55466311267933,5.10663099703379,1588.8490779980202,5371.908045977011
1783108128,10,,Aggregated,4.600000,0.000000,22,30,38,46,64,100,430,1200,1600,1600,1600,1309,0,22,55.41554534762511,5.10663099703379,1588.8490779980202,5363.180290297937
1783108129,10,,Aggregated,4.900000,0.000000,22,30,38,46,64,100,430,1200,1600,1600,1600,1317,0,22,55.25353707292107,5.10663099703379,1588.8490779980202,5354.561883067578
1783108130,10,,Aggregated,4.500000,0.000000,22,30,38,46,64,100,430,1200,1600,1600,1600,1319,0,22,55.206049285092135,5.10663099703379,1588.8490779980202,5371.310841546626
1783108131,10,,Aggregated,4.500000,0.000000,22,30,37,46,64,100,430,1200,1600,1600,1600,1323,0,22,55.107942597908185,5.10663099703379,1588.8490779980202,5371.333333333333
1783108132,10,,Aggregated,4.700000,0.000000,22,30,37,46,64,100,430,1200,1600,1600,1600,1328,0,22,54.95928056252962,5.10663099703379,1588.8490779980202,5364.952560240964
1783108133,10,,Aggregated,4.600000,0.000000,22,30,37,45,64,100,430,1200,1600,1600,1600,1336,0,22,54.75903317293448,5.10663099703379,1588.8490779980202,5366.8443113772455
1783108134,10,,Aggregated,4.400000,0.000000,22,30,37,45,64,100,430,1200,1600,1600,1600,1337,0,22,54.731256499655096,5.10663099703379,1588.8490779980202,5377.623036649215
1783108135,10,,Aggregated,4.600000,0.000000,22,30,37,45,63,100,430,1200,1600,1600,1600,1343,0,22,54.55660650635438,5.10663099703379,1588.8490779980202,5382.715562174237
1783108136,10,,Aggregated,4.700000,0.000000,22,30,37,45,63,100,430,1200,1600,1600,1600,1347,0,22,54.43893682705009,5.10663099703379,1588.8490779980202,5392.957683741648
1783108137,10,,Aggregated,4.300000,0.000000,22,30,37,45,63,100,420,1200,1600,1600,1600,1351,0,22,54.34874223688796,5.10663099703379,1588.8490779980202,5383.475943745374
1783108138,10,,Aggregated,4.600000,0.000000,22,30,37,45,63,100,420,1200,1600,1600,1600,1356,0,22,54.23550015931412,5.10663099703379,1588.8490779980202,5379.0022123893805
1783108139,10,,Aggregated,4.400000,0.000000,22,30,37,45,63,99,420,1200,1600,1600,1600,1361,0,22,54.13399548495999,5.10663099703379,1588.8490779980202,5386.249816311536
1783108140,10,,Aggregated,4.800000,0.000000,22,30,37,45,63,99,420,1200,1600,1600,1600,1365,0,22,54.051953547271935,5.10663099703379,1588.8490779980202,5373.638095238095
1783108141,10,,Aggregated,4.400000,0.000000,22,30,37,45,63,99,420,1200,1600,1600,1600,1370,0,22,53.97040618177115,5.10663099703379,1588.8490779980202,5357.016058394161
1783108142,10,,Aggregated,4.500000,0.000000,22,30,37,45,63,99,420,1200,1600,1600,1600,1375,0,22,53.85356528729476,5.10663099703379,1588.8490779980202,5345.578909090909
1783108143,10,,Aggregated,4.600000,0.000000,22,30,37,45,63,99,420,1200,1600,1600,1600,1379,0,22,53.76942032924383,5.10663099703379,1588.8490779980202,5345.8926758520665
1783108144,10,,Aggregated,4.600000,0.000000,22,30,37,45,63,99,420,1200,1600,1600,1600,1385,0,22,53.66464104911162,5.10663099703379,1588.8490779980202,5347.820216606498
1783108145,10,,Aggregated,4.500000,0.000000,22,30,37,45,63,99,420,1200,1600,1600,1600,1390,0,22,53.52325295613201,5.10663099703379,1588.8490779980202,5357.820143884892
1783108146,10,,Aggregated,4.400000,0.000000,22,30,37,45,63,99,420,1200,1600,1600,1600,1394,0,22,53.40324073889602,5.10663099703379,1588.8490779980202,5350.630559540889
1783108147,10,,Aggregated,4.800000,0.000000,22,30,37,45,63,99,420,1200,1600,1600,1600,1399,0,22,53.27915759043649,5.10663099703379,1588.8490779980202,5337.596854896355
1783108148,10,,Aggregated,4.700000,0.000000,22,30,37,44,63,98,400,1200,1600,1600,1600,1407,0,22,53.117809096673454,5.10663099703379,1588.8490779980202,5357.800284292822
1783108149,10,,Aggregated,4.600000,0.000000,22,30,37,44,63,98,400,1200,1600,1600,1600,1411,0,22,53.043815842677006,5.10663099703379,1588.8490779980202,5355.6591070163
1783108150,10,,Aggregated,4.800000,0.000000,22,30,37,44,63,98,400,1200,1600,1600,1600,1414,0,22,52.984104376955244,5.10663099703379,1588.8490779980202,5358.742574257426
1783108151,10,,Aggregated,5.200000,0.000000,22,30,37,45,63,98,400,1200,1600,1600,1600,1420,0,22,52.878360830293104,5.10663099703379,1588.8490779980202,5340.999295774648
1783108152,10,,Aggregated,5.100000,0.000000,22,30,37,45,62,96,400,1200,1600,1600,1600,1424,0,22,52.80525280268398,5.10663099703379,1588.8490779980202,5338.567415730337
1783108153,10,,Aggregated,4.800000,0.000000,22,30,37,44,62,96,400,1200,1600,1600,1600,1431,0,22,52.65682120896194,5.10663099703379,1588.8490779980202,5331.573025856044
1783108154,10,,Aggregated,5.200000,0.000000,22,30,37,44,62,96,400,1200,1600,1600,1600,1436,0,22,52.53299785935241,5.10663099703379,1588.8490779980202,5343.50417827298
1783108155,10,,Aggregated,4.900000,0.000000,22,30,37,44,62,96,400,1200,1600,1600,1600,1440,0,22,52.441175474331835,4.5618310032295994,1588.8490779980202,5343.158333333334
1783108156,10,,Aggregated,5.200000,0.000000,22,30,36,44,62,94,400,1200,1600,1600,1600,1445,0,22,52.306513661621615,4.5618310032295994,1588.8490779980202,5345.487197231834
1783108157,10,,Aggregated,5.100000,0.000000,22,30,36,44,62,94,400,1200,1600,1600,1600,1450,0,22,52.22087185313285,4.5618310032295994,1588.8490779980202,5335.332413793103
1783108158,10,,Aggregated,5.200000,0.000000,22,30,36,44,62,94,390,1200,1600,1600,1600,1454,0,22,52.099534491776495,4.5618310032295994,1588.8490779980202,5328.582530949106
1783108159,10,,Aggregated,5.000000,0.000000,22,30,36,44,61,91,390,1200,1600,1600,1600,1461,0,22,51.96919883439115,4.5618310032295994,1588.8490779980202,5318.710472279261
1783108160,10,,Aggregated,4.900000,0.000000,22,30,36,44,61,91,390,1200,1600,1600,1600,1467,0,22,51.84579997413185,4.5618310032295994,1588.8490779980202,5328.290388548057
1783108161,10,,Aggregated,4.600000,0.000000,22,30,36,44,62,91,390,1200,1600,1600,1600,1470,0,22,51.81194596738425,4.5618310032295994,1588.8490779980202,5331.157142857143
1783108162,10,,Aggregated,4.800000,0.000000,22,30,36,44,61,91,390,1200,1600,1600,1600,1473,0,22,51.76776955944369,4.5618310032295994,1588.8490779980202,5322.678886625933
1783108163,10,,Aggregated,5.300000,0.000000,22,30,36,44,61,89,390,1200,1600,1600,1600,1481,0,22,51.62982953548687,4.5618310032295994,1588.8490779980202,5339.165428764349
1783108164,10,,Aggregated,4.800000,0.000000,22,30,36,44,61,89,390,1200,1600,1600,1600,1484,0,22,51.56514927429665,4.5618310032295994,1588.8490779980202,5331.55525606469
1783108165,10,,Aggregated,4.900000,0.000000,22,30,36,44,61,89,390,1200,1600,1600,1600,1488,0,22,51.490781075308306,4.5618310032295994,1588.8490779980202,5348.735215053764
1783108166,10,,Aggregated,5.000000,0.000000,22,30,36,44,61,89,390,1200,1600,1600,1600,1492,0,22,51.43968169708894,4.5618310032295994,1588.8490779980202,5338.016085790885
1783108167,10,,Aggregated,4.900000,0.000000,22,30,36,44,61,89,390,1200,1600,1600,1600,1496,0,22,51.379439158460535,4.5618310032295994,1588.8490779980202,5329.7372994652405
1783108168,10,,Aggregated,4.600000,0.000000,22,30,36,44,61,89,370,1200,1600,1600,1600,1501,0,22,51.29314459364232,4.5618310032295994,1588.8490779980202,5328.202531645569
1783108169,10,,Aggregated,4.800000,0.000000,22,30,36,44,61,89,370,1200,1600,1600,1600,1505,0,22,51.19500915219717,4.5618310032295994,1588.8490779980202,5324.917607973422
1783108170,10,,Aggregated,4.600000,0.000000,22,29,36,44,61,89,370,1200,1600,1600,1600,1512,0,22,51.061000464982804,4.5618310032295994,1588.8490779980202,5333.8849206349205
1783108171,10,,Aggregated,4.700000,0.000000,22,29,36,44,61,89,370,1200,1600,1600,1600,1516,0,21,50.96712937932,4.5618310032295994,1588.8490779980202,5351.01253298153
1783108172,10,,Aggregated,4.500000,0.000000,21,29,36,44,61,89,370,1200,1600,1600,1600,1520,0,21,50.90334916976884,4.5618310032295994,1588.8490779980202,5363.5125
1783108173,10,,Aggregated,4.500000,0.000000,21,29,36,44,61,89,370,1200,1600,1600,1600,1524,0,21,50.80375936748484,4.5618310032295994,1588.8490779980202,5356.4612860892385
1783108174,10,,Aggregated,4.600000,0.000000,21,29,36,43,61,89,370,1200,1600,1600,1600,1532,0,21,50.6402408720922,4.5618310032295994,1588.8490779980202,5361.8498694516975
1783108175,10,,Aggregated,4.700000,0.000000,21,29,36,43,61,89,370,1200,1600,1600,1600,1534,0,21,50.58839449285962,4.5618310032295994,1588.8490779980202,5356.863754889178
1783108176,10,,Aggregated,4.200000,0.000000,21,29,36,43,61,89,370,1200,1600,1600,1600,1538,0,21,50.526838691186384,4.5618310032295994,1588.8490779980202,5356.935630689207
1783108177,10,,Aggregated,4.700000,0.000000,21,29,36,43,60,89,370,1200,1600,1600,1600,1541,0,21,50.50173630307801,4.5618310032295994,1588.8490779980202,5360.224529526282
1783108178,10,,Aggregated,4.600000,0.000000,21,29,36,43,60,89,370,1200,1600,1600,1600,1548,0,21,50.335030784911275,4.5618310032295994,1588.8490779980202,5359.912144702842
1783108179,10,,Aggregated,4.500000,0.000000,21,29,36,43,60,89,370,1200,1600,1600,1600,1555,0,21,50.195968705494764,4.5618310032295994,1588.8490779980202,5363.496463022508
1783108180,10,,Aggregated,4.600000,0.000000,21,29,36,43,60,89,370,1200,1600,1600,1600,1558,0,21,50.176271353042694,4.5618310032295994,1588.8490779980202,5357.986521181001
1783108181,10,,Aggregated,4.700000,0.000000,21,29,36,43,60,87,370,1200,1600,1600,1600,1563,0,21,50.08731998531148,4.5618310032295994,1588.8490779980202,5359.195137555982
1783108182,10,,Aggregated,4.900000,0.000000,21,29,36,43,60,87,370,1200,1600,1600,1600,1570,0,21,49.99020316117706,4.5618310032295994,1588.8490779980202,5365.811464968153
1783108183,10,,Aggregated,4.600000,0.000000,21,29,36,43,60,87,370,1200,1600,1600,1600,1571,0,21,49.9697523781336,4.5618310032295994,1588.8490779980202,5363.832590706556
1783108184,10,,Aggregated,4.700000,0.000000,21,29,36,43,60,87,370,1200,1600,1600,1600,1576,0,21,49.85265582173283,4.5618310032295994,1588.8490779980202,5365.874365482234
1783108185,10,,Aggregated,5.000000,0.000000,21,29,36,43,60,87,370,1200,1600,1600,1600,1578,0,21,49.819310847308806,4.5618310032295994,1588.8490779980202,5361.063371356147
1783108186,10,,Aggregated,4.700000,0.000000,21,29,36,43,60,87,370,1200,1600,1600,1600,1585,0,21,49.73060700192986,4.5618310032295994,1588.8490779980202,5347.533753943218
1783108188,10,,Aggregated,4.400000,0.000000,21,29,36,43,60,87,370,1200,1600,1600,1600,1590,0,21,49.63260032330843,4.5618310032295994,1588.8490779980202,5348.024528301887
1783108189,10,,Aggregated,4.400000,0.000000,21,29,36,43,60,87,370,1200,1600,1600,1600,1594,0,21,49.57507082751592,4.5618310032295994,1588.8490779980202,5364.057089084065
1783108190,10,,Aggregated,4.700000,0.000000,21,29,36,43,60,87,370,1200,1600,1600,1600,1599,0,21,49.50311320328758,4.5618310032295994,1588.8490779980202,5361.181363352095
1783108191,10,,Aggregated,4.800000,0.000000,21,29,36,43,60,87,360,1200,1600,1600,1600,1604,0,21,49.448052846048284,4.5618310032295994,1588.8490779980202,5353.852867830424
1783108192,10,,Aggregated,4.600000,0.000000,21,29,36,43,60,87,360,1200,1600,1600,1600,1607,0,21,49.40970340140911,4.5618310032295994,1588.8490779980202,5346.006845052893
1783108193,10,,Aggregated,4.600000,0.000000,21,29,36,43,60,87,360,1200,1600,1600,1600,1611,0,21,49.364666774715175,4.5618310032295994,1588.8490779980202,5333.537554314091
1783108194,10,,Aggregated,4.400000,0.000000,21,29,36,43,60,87,360,1200,1600,1600,1600,1618,0,21,49.19731345183358,4.5618310032295994,1588.8490779980202,5333.645859085291
1783108195,10,,Aggregated,4.400000,0.000000,21,29,36,43,60,86,360,1200,1600,1600,1600,1622,0,21,49.143063812000314,4.5618310032295994,1588.8490779980202,5342.438347718866
1783108196,10,,Aggregated,4.600000,0.000000,21,29,36,43,60,86,360,1200,1600,1600,1600,1625,0,21,49.0800758283451,4.5618310032295994,1588.8490779980202,5334.669538461539
1783108197,10,,Aggregated,4.600000,0.000000,21,29,36,43,60,86,360,1200,1600,1600,1600,1630,0,21,48.99437278899274,4.5618310032295994,1588.8490779980202,5335.458282208589
1783108198,10,,Aggregated,4.600000,0.000000,21,29,36,43,59,86,360,1200,1600,1600,1600,1634,0,21,48.93924435560563,4.5618310032295994,1588.8490779980202,5347.112607099143
1783108199,10,,Aggregated,4.600000,0.000000,21,29,36,43,59,86,360,1200,1600,1600,1600,1638,0,21,48.85358896706779,4.5618310032295994,1588.8490779980202,5352.223443223444
1783108200,10,,Aggregated,4.500000,0.000000,21,29,36,43,59,85,360,1200,1600,1600,1600,1645,0,21,48.786982376329064,4.5618310032295994,1588.8490779980202,5343.434042553192
1783108201,10,,Aggregated,4.400000,0.000000,21,29,36,43,59,85,360,1200,1600,1600,1600,1649,0,21,48.70736578657598,4.5618310032295994,1588.8490779980202,5340.730139478472
1783108202,10,,Aggregated,4.400000,0.000000,21,29,36,43,59,85,350,1200,1600,1600,1600,1652,0,21,48.63923825972384,4.5618310032295994,1588.8490779980202,5344.583535108959
1783108203,10,,Aggregated,4.600000,0.000000,21,29,36,43,59,85,350,1200,1600,1600,1600,1658,0,21,48.49778274431061,4.277636002370855,1588.8490779980202,5330.477080820266
1783108204,10,,Aggregated,4.500000,0.000000,21,29,35,42,59,84,350,1200,1600,1600,1600,1661,0,21,48.43134332454438,4.277636002370855,1588.8490779980202,5335.529801324504
1783108205,10,,Aggregated,4.800000,0.000000,21,29,36,43,59,84,350,1200,1600,1600,1600,1665,0,21,48.39567905709463,4.277636002370855,1588.8490779980202,5324.488888888889
1783108206,10,,Aggregated,4.800000,0.000000,21,29,36,43,59,84,350,1200,1600,1600,1600,1670,0,21,48.33367831321127,4.277636002370855,1588.8490779980202,5315.224550898203
1783108207,10,,Aggregated,4.200000,0.000000,21,29,35,42,59,84,350,1200,1600,1600,1600,1676,0,21,48.21722405195076,4.277636002370855,1588.8490779980202,5336.637828162291
1783108208,10,,Aggregated,4.200000,0.000000,21,29,35,42,59,84,350,1200,1600,1600,1600,1680,0,21,48.12966300599198,4.277636002370855,1588.8490779980202,5336.567857142857
1783108209,10,,Aggregated,4.600000,0.000000,21,29,35,42,59,83,350,1200,1600,1600,1600,1684,0,21,48.03504220669014,4.277636002370855,1588.8490779980202,5330.192992874109
1783108210,10,,Aggregated,4.500000,0.000000,21,29,35,42,59,83,350,1200,1600,1600,1600,1689,0,21,47.944654110752964,4.277636002370855,1588.8490779980202,5331.8756660746
1783108211,10,,Aggregated,4.600000,0.000000,21,29,35,42,59,83,350,1200,1600,1600,1600,1691,0,21,47.90256045479381,4.277636002370855,1588.8490779980202,5333.525724423418
1783108212,10,,Aggregated,4.600000,0.000000,21,29,35,42,59,83,350,1200,1600,1600,1600,1696,0,21,47.830035951096335,4.277636002370855,1588.8490779980202,5339.267688679245
1783108213,10,,Aggregated,4.100000,0.000000,21,29,35,42,59,83,350,1100,1600,1600,1600,1702,0,21,47.70509657230092,4.277636002370855,1588.8490779980202,5330.232079905993
1783108214,10,,Aggregated,4.100000,0.000000,21,29,35,42,59,83,350,1100,1600,1600,1600,1705,0,21,47.635324922027294,4.277636002370855,1588.8490779980202,5322.815249266862
1783108215,10,,Aggregated,4.400000,0.000000,21,29,35,42,59,83,350,1100,1600,1600,1600,1711,0,21,47.586059845154466,4.277636002370855,1588.8490779980202,5310.012857977791
1783108216,10,,Aggregated,4.300000,0.000000,21,28,35,42,59,83,350,1100,1600,1600,1600,1717,0,21,47.483635724553075,4.277636002370855,1588.8490779980202,5311.025626092021
1783108217,10,,Aggregated,4.400000,0.000000,21,28,35,42,59,83,350,1100,1600,1600,1600,1721,0,21,47.430060724611465,4.277636002370855,1588.8490779980202,5323.338756536898
1783108218,10,,Aggregated,4.700000,0.000000,21,28,35,42,59,83,350,1100,1600,1600,1600,1726,0,21,47.33174395541758,4.277636002370855,1588.8490779980202,5323.851680185399
1783108219,10,,Aggregated,4.600000,0.000000,21,28,35,42,59,83,350,1100,1600,1600,1600,1732,0,21,47.23368931411686,4.277636002370855,1588.8490779980202,5342.141454965358
1783108220,10,,Aggregated,4.600000,0.000000,21,28,34,41,59,83,350,1100,1600,1600,1600,1736,0,21,47.164525068002916,4.277636002370855,1588.8490779980202,5353.965437788019
1783108221,10,,Aggregated,4.600000,0.000000,21,28,34,41,59,83,350,1100,1600,1600,1600,1740,0,21,47.09148620405494,4.277636002370855,1588.8490779980202,5376.379310344828
1783108222,10,,Aggregated,4.700000,0.000000,21,28,34,41,59,83,350,1100,1600,1600,1600,1744,0,21,47.01275987216323,4.277636002370855,1588.8490779980202,5391.206995412844
1783108223,10,,Aggregated,4.500000,0.000000,21,28,34,41,59,83,350,1100,1600,1600,1600,1750,0,21,46.90146466459971,4.277636002370855,1588.8490779980202,5397.058857142857
1783108224,10,,Aggregated,5.000000,0.000000,21,28,34,41,59,83,350,1100,1600,1600,1600,1753,0,21,46.83831751971117,4.277636002370855,1588.8490779980202,5393.427267541358
1783108225,10,,Aggregated,4.900000,0.000000,21,28,34,41,59,83,350,1100,1600,1600,1600,1756,0,20,46.779240141261496,4.277636002370855,1588.8490779980202,5389.802961275626
1783108226,10,,Aggregated,4.900000,0.000000,20,28,34,41,59,82,350,1100,1600,1600,1600,1761,0,20,46.704728678054856,4.277636002370855,1588.8490779980202,5393.801249290176
1783108227,10,,Aggregated,4.800000,0.000000,20,28,34,41,59,82,350,1100,1600,1600,1600,1764,0,20,46.63508627043715,3.9631929976167157,1588.8490779980202,5389.058390022676
1783108228,10,,Aggregated,4.400000,0.000000,20,28,34,41,58,82,350,1100,1600,1600,1600,1772,0,20,46.50450232000461,3.9631929976167157,1588.8490779980202,5390.777088036118
1783108229,10,,Aggregated,4.300000,0.000000,20,28,34,41,58,82,350,1100,1600,1600,1600,1775,0,20,46.47674679214259,3.9631929976167157,1588.8490779980202,5383.648450704225
1783108230,10,,Aggregated,4.300000,0.000000,20,28,34,41,58,82,350,1100,1600,1600,1600,1780,0,20,46.37665131969411,3.9631929976167157,1588.8490779980202,5384.5387640449435
1783108231,10,,Aggregated,4.300000,0.000000,20,28,34,41,58,82,350,1100,1600,1600,1600,1784,0,20,46.309972088595146,3.9631929976167157,1588.8490779980202,5387.778026905829
1783108232,10,,Aggregated,4.600000,0.000000,20,28,34,41,58,82,350,1100,1600,1600,1600,1788,0,20,46.245296822737664,3.9631929976167157,1588.8490779980202,5402.2197986577185
1783108233,10,,Aggregated,4.300000,0.000000,20,28,34,41,58,82,350,1100,1600,1600,1600,1794,0,20,46.18230476313296,3.9631929976167157,1588.8490779980202,5398.768115942029
1783108234,10,,Aggregated,4.200000,0.000000,20,28,34,41,58,82,350,1100,1600,1600,1600,1800,0,20,46.089439464477536,3.9631929976167157,1588.8490779980202,5397.473888888889
1783108235,10,,Aggregated,4.200000,0.000000,20,28,34,41,58,82,310,1100,1600,1600,1600,1802,0,20,46.05194663433075,3.9631929976167157,1588.8490779980202,5396.463928967813
1783108236,10,,Aggregated,4.300000,0.000000,20,28,34,41,58,82,310,1100,1600,1600,1600,1807,0,20,45.96290934203964,3.9631929976167157,1588.8490779980202,5400.486441615938
1783108237,10,,Aggregated,4.600000,0.000000,20,28,34,41,58,82,310,1100,1600,1600,1600,1812,0,20,45.90006917498239,3.9631929976167157,1588.8490779980202,5395.003311258278
1783108238,10,,Aggregated,4.700000,0.000000,20,28,34,41,58,82,310,1100,1600,1600,1600,1813,0,20,45.87922374465877,3.9631929976167157,1588.8490779980202,5393.272476558191
1783108239,10,,Aggregated,4.800000,0.000000,20,28,34,40,58,82,310,1100,1600,1600,1600,1820,0,20,45.74276833080568,3.9631929976167157,1588.8490779980202,5393.624725274725
1783108240,10,,Aggregated,4.800000,0.000000,20,28,34,40,58,82,310,1100,1600,1600,1600,1827,0,20,45.64486226659354,3.9631929976167157,1588.8490779980202,5386.868637110017
1783108241,10,,Aggregated,4.400000,0.000000,20,28,33,40,58,82,310,1100,1600,1600,1600,1830,0,20,45.61223955850616,3.9631929976167157,1588.8490779980202,5396.493989071038
1783108242,10,,Aggregated,4.700000,0.000000,20,28,33,40,58,82,310,1100,1600,1600,1600,1836,0,20,45.535462044151394,3.9631929976167157,1588.8490779980202,5404.270152505446
1783108243,10,,Aggregated,4.500000,0.000000,20,28,33,40,58,82,310,1100,1600,1600,1600,1840,0,20,45.48739713155437,3.9631929976167157,1588.8490779980202,5411.048369565217
1783108244,10,,Aggregated,4.700000,0.000000,20,28,33,40,58,82,310,1100,1600,1600,1600,1846,0,20,45.41572170750982,3.9631929976167157,1588.8490779980202,5405.979956663055
1783108245,10,,Aggregated,4.600000,0.000000,20,28,33,40,58,82,300,1100,1600,1600,1600,1851,0,20,45.32864698923092,3.9631929976167157,1588.8490779980202,5402.323608860075
1783108246,10,,Aggregated,4.600000,0.000000,20,28,33,40,58,82,300,1100,1600,1600,1600,1855,0,20,45.28709717523493,3.9631929976167157,1588.8490779980202,5405.7423180593
1783108247,10,,Aggregated,4.600000,0.000000,20,28,33,40,58,82,300,1100,1600,1600,1600,1859,0,20,45.26008630395787,3.9631929976167157,1588.8490779980202,5395.507799892415
1783108248,10,,Aggregated,4.600000,0.000000,20,28,33,40,58,81,300,1100,1600,1600,1600,1865,0,20,45.14915488475062,3.9631929976167157,1588.8490779980202,5392.238069705094
1783108249,10,,Aggregated,4.700000,0.000000,20,28,33,40,58,81,300,1100,1600,1600,1600,1868,0,20,45.08870386994506,3.9631929976167157,1588.8490779980202,5388.532119914347
1783108250,10,,Aggregated,4.900000,0.000000,20,28,33,40,58,81,300,1100,1600,1600,1600,1873,0,20,45.025007296342935,3.9631929976167157,1588.8490779980202,5400.104644954618
1783108251,10,,Aggregated,4.800000,0.000000,20,28,33,40,58,81,300,1100,1600,1600,1600,1879,0,20,44.91788991913538,3.9631929976167157,1588.8490779980202,5409.746141564662
1783108252,10,,Aggregated,4.300000,0.000000,20,28,33,40,58,81,300,1100,1600,1600,1600,1882,0,20,44.93096987675564,3.9631929976167157,1588.8490779980202,5418.839001062699
1783108253,10,,Aggregated,4.300000,0.000000,20,28,33,40,58,81,300,1100,1600,1600,1600,1886,0,20,44.867081186137604,3.9631929976167157,1588.8490779980202,5425.36479321315
1783108254,10,,Aggregated,4.800000,0.000000,20,28,33,40,58,81,300,1100,1600,1600,1600,1892,0,20,44.81863924897197,3.9631929976167157,1588.8490779980202,5414.24154334038
1783108255,10,,Aggregated,4.700000,0.000000,20,28,33,40,58,81,300,1100,1600,1600,1600,1896,0,20,44.74891911553342,3.9631929976167157,1588.8490779980202,5408.143459915612
1783108256,10,,Aggregated,4.500000,0.000000,20,28,33,40,58,81,300,1100,1600,1600,1600,1900,0,20,44.68174182002449,3.9631929976167157,1588.8490779980202,5409.265789473684
1783108257,10,,Aggregated,4.500000,0.000000,20,28,33,40,58,81,280,1100,1600,1600,1600,1904,0,20,44.62048380884819,3.9631929976167157,1588.8490779980202,5413.901260504202
1783108258,10,,Aggregated,4.400000,0.000000,20,28,33,40,57,81,280,1100,1600,1600,1600,1911,0,20,44.52344557249931,3.9631929976167157,1588.8490779980202,5419.881214024072
1783108259,10,,Aggregated,4.200000,0.000000,20,28,33,40,57,81,280,1100,1600,1600,1600,1916,0,20,44.44069112163075,3.9631929976167157,1588.8490779980202,5414.08611691023
1783108260,10,,Aggregated,4.500000,0.000000,20,27,33,40,57,81,280,1100,1600,1600,1600,1919,0,20,44.39229695312275,3.9631929976167157,1588.8490779980202,5416.261073475769
1783108261,10,,Aggregated,4.500000,0.000000,20,27,33,40,57,80,280,1100,1600,1600,1600,1925,0,20,44.33521628002228,3.9631929976167157,1588.8490779980202,5404.182857142857
1783108262,10,,Aggregated,4.700000,0.000000,20,27,33,40,57,80,280,1100,1600,1600,1600,1930,0,20,44.267007936807225,3.9631929976167157,1588.8490779980202,5421.952849740933
1783108263,10,,Aggregated,4.800000,0.000000,20,27,33,40,57,80,280,1100,1600,1600,1600,1933,0,20,44.21089091207378,3.9631929976167157,1588.8490779980202,5414.524055871702
1783108264,10,,Aggregated,4.600000,0.000000,20,27,33,39,57,80,280,1100,1600,1600,1600,1938,0,20,44.13894452375506,3.9631929976167157,1588.8490779980202,5416.0562435500515
1783108265,10,,Aggregated,4.600000,0.000000,20,27,33,39,57,80,280,1100,1600,1600,1600,1942,0,20,44.08896315140853,3.9631929976167157,1588.8490779980202,5407.11122554068
1783108266,10,,Aggregated,4.600000,0.000000,20,27,33,39,57,80,280,1100,1600,1600,1600,1947,0,20,44.03009354752482,3.9631929976167157,1588.8490779980202,5404.458140729327
1783108267,10,,Aggregated,4.500000,0.000000,20,27,33,39,57,80,260,1100,1600,1600,1600,1952,0,20,43.97805394929775,3.9631929976167157,1588.8490779980202,5398.488729508197
1783108268,10,,Aggregated,5.000000,0.000000,20,27,33,39,57,80,260,1100,1600,1600,1600,1957,0,20,43.9236937935762,3.9631929976167157,1588.8490779980202,5393.749616760348
1783108269,10,,Aggregated,5.100000,0.000000,20,27,33,39,57,80,260,1100,1600,1600,1600,1960,0,20,43.905074888789386,3.9631929976167157,1588.8490779980202,5408.922959183674
1783108270,10,,Aggregated,4.700000,0.000000,20,27,33,39,57,80,260,1100,1600,1600,1600,1966,0,20,43.81594389421516,3.9631929976167157,1588.8490779980202,5395.904883011191
1783108271,10,,Aggregated,4.500000,0.000000,20,27,33,39,57,80,260,1100,1600,1600,1600,1970,0,20,43.752062825902605,3.9631929976167157,1588.8490779980202,5402.294416243655
1783108272,10,,Aggregated,4.600000,0.000000,20,27,33,39,57,80,260,1100,1600,1600,1600,1974,0,20,43.68548726090331,3.9631929976167157,1588.8490779980202,5404.112968591692
1783108273,10,,Aggregated,4.200000,0.000000,20,27,33,39,57,80,260,1100,1600,1600,1600,1979,0,20,43.61853336282097,3.9631929976167157,1588.8490779980202,5406.300656897423
1783108274,10,,Aggregated,4.400000,0.000000,20,27,33,39,57,80,260,1100,1600,1600,1600,1983,0,20,43.61330179072974,3.9631929976167157,1588.8490779980202,5402.831064044377
1783108275,10,,Aggregated,4.600000,0.000000,20,27,33,39,57,80,260,1100,1600,1600,1600,1987,0,20,43.55095011022307,3.9631929976167157,1588.8490779980202,5422.103673880221
1783108276,10,,Aggregated,4.500000,0.000000,20,27,33,39,57,80,260,1100,1600,1600,1600,1992,0,20,43.50287527109233,3.9631929976167157,1588.8490779980202,5422.078815261044
1783108277,10,,Aggregated,4.400000,0.000000,20,27,33,39,57,80,260,1100,1600,1600,1600,1996,0,20,43.44698106764306,3.9631929976167157,1588.8490779980202,5432.396793587174
1783108278,10,,Aggregated,4.300000,0.000000,20,27,33,39,57,80,260,1100,1600,1600,1600,1998,0,20,43.410332461969624,3.9631929976167157,1588.8490779980202,5428.224724724725
1783108279,10,,Aggregated,4.100000,0.000000,20,27,33,39,57,80,250,520,1600,1600,1600,2004,0,20,43.355693840828664,3.9631929976167157,1588.8490779980202,5431.236526946108
1783108280,10,,Aggregated,4.300000,0.000000,20,27,33,39,57,80,250,520,1600,1600,1600,2009,0,20,43.31131819463383,3.9631929976167157,1588.8490779980202,5438.268790443007
1783108281,10,,Aggregated,4.300000,0.000000,20,27,33,39,56,80,250,520,1600,1600,1600,2014,0,20,43.24974647816476,3.9631929976167157,1588.8490779980202,5446.218470705065
1783108282,10,,Aggregated,4.300000,0.000000,20,27,33,39,57,80,250,520,1600,1600,1600,2020,0,20,43.19984472773231,3.9631929976167157,1588.8490779980202,5432.789603960396
1783108283,10,,Aggregated,4.400000,0.000000,20,27,33,39,56,80,250,520,1600,1600,1600,2021,0,20,43.1863632345464,3.9631929976167157,1588.8490779980202,5431.2182088075215
1783108284,10,,Aggregated,4.600000,0.000000,20,27,33,39,56,80,250,520,1600,1600,1600,2029,0,20,43.13077915673323,3.9631929976167157,1588.8490779980202,5441.059142434697
1783108285,10,,Aggregated,4.200000,0.000000,20,27,33,39,56,80,250,520,1600,1600,1600,2032,0,20,43.095513888784616,3.9631929976167157,1588.8490779980202,5437.185039370079
1783108286,10,,Aggregated,4.300000,0.000000,20,27,33,39,56,80,250,520,1600,1600,1600,2035,0,20,43.05732006683567,3.9631929976167157,1588.8490779980202,5430.157248157248
1783108287,10,,Aggregated,4.700000,0.000000,20,27,33,39,56,78,250,520,1600,1600,1600,2043,0,20,42.96677192560461,3.9631929976167157,1588.8490779980202,5412.445423396965
1783108288,10,,Aggregated,4.300000,0.000000,20,27,33,39,56,78,250,520,1600,1600,1600,2047,0,20,42.938018717637455,3.9631929976167157,1588.8490779980202,5408.680019540791
1783108289,10,,Aggregated,4.700000,0.000000,20,27,33,39,56,80,230,520,1600,1600,1600,2052,0,20,42.930232036554884,3.9631929976167157,1588.8490779980202,5409.519980506822
1783108290,10,,Aggregated,4.700000,0.000000,20,27,33,39,56,80,230,520,1600,1600,1600,2055,0,20,42.90592779173399,3.9631929976167157,1588.8490779980202,5411.87493917275
1783108291,10,,Aggregated,4.600000,0.000000,20,27,33,39,56,78,230,520,1600,1600,1600,2062,0,20,42.848027200293004,3.9631929976167157,1588.8490779980202,5402.305043646945
1783108292,10,,Aggregated,4.800000,0.000000,20,27,33,39,56,78,230,520,1600,1600,1600,2067,0,20,42.81199854233414,3.9631929976167157,1588.8490779980202,5400.497822931785
1783108293,10,,Aggregated,4.600000,0.000000,20,27,33,39,56,80,230,520,1600,1600,1600,2073,0,20,42.79078852532669,3.9631929976167157,1588.8490779980202,5396.48480463097
1783108294,10,,Aggregated,4.700000,0.000000,20,27,33,39,56,80,230,520,1600,1600,1600,2078,0,20,42.748377907122354,3.9631929976167157,1588.8490779980202,5403.360442733398
1783108295,10,,Aggregated,5.000000,0.000000,20,27,33,39,56,78,230,520,1600,1600,1600,2084,0,20,42.703008361802546,3.9631929976167157,1588.8490779980202,5402.377159309021
1783108296,10,,Aggregated,5.000000,0.000000,20,27,33,39,56,78,230,520,1600,1600,1600,2086,0,20,42.675307836526564,3.9631929976167157,1588.8490779980202,5409.960210930009
1783108297,10,,Aggregated,4.900000,0.000000,20,27,33,39,56,78,230,520,1600,1600,1600,2094,0,20,42.61859698280358,3.9631929976167157,1588.8490779980202,5410.322827125119
1783108298,10,,Aggregated,5.300000,0.000000,20,27,33,39,56,78,230,520,1600,1600,1600,2098,0,20,42.556183839842284,3.9631929976167157,1588.8490779980202,5406.085319351763
1783108299,10,,Aggregated,4.800000,0.000000,20,27,33,39,56,78,230,520,1600,1600,1600,2102,0,20,42.51882435632403,3.9631929976167157,1588.8490779980202,5396.914843006661
1783108300,10,,Aggregated,5.100000,0.000000,20,27,33,39,56,78,230,520,1600,1600,1600,2105,0,20,42.492338445603714,3.9631929976167157,1588.8490779980202,5390.8935866983375
1783108301,10,,Aggregated,5.000000,0.000000,20,27,33,39,56,78,230,520,1600,1600,1600,2111,0,20,42.423989753196075,3.9631929976167157,1588.8490779980202,5386.826148744671
1783108302,10,,Aggregated,5.000000,0.000000,20,27,33,39,56,78,230,520,1600,1600,1600,2116,0,20,42.37359455718019,3.9631929976167157,1588.8490779980202,5393.62618147448
1783108303,10,,Aggregated,4.900000,0.000000,20,27,33,39,56,78,230,520,1600,1600,1600,2121,0,20,42.33078914898427,3.9631929976167157,1588.8490779980202,5397.9066478076375
1783108304,10,,Aggregated,4.700000,0.000000,20,27,33,39,56,78,230,520,1600,1600,1600,2124,0,20,42.301175893121346,3.9631929976167157,1588.8490779980202,5409.410075329567
1783108305,10,,Aggregated,4.600000,0.000000,20,27,33,39,56,78,230,520,1600,1600,1600,2127,0,20,42.270550936055876,3.9631929976167157,1588.8490779980202,5403.384579219558
1783108306,10,,Aggregated,4.700000,0.000000,20,27,33,39,56,78,230,520,1600,1600,1600,2132,0,20,42.205306902435545,3.9631929976167157,1588.8490779980202,5401.7973733583485
1783108307,10,,Aggregated,4.500000,0.000000,20,27,33,39,56,78,230,520,1600,1600,1600,2138,0,20,42.125463629557466,3.9631929976167157,1588.8490779980202,5408.099625818522
1783108308,10,,Aggregated,4.100000,0.000000,20,27,33,39,56,77,230,520,1600,1600,1600,2142,0,20,42.08001437067877,3.9631929976167157,1588.8490779980202,5420.107843137255
1783108309,10,,Aggregated,4.600000,0.000000,20,27,33,39,56,77,230,520,1600,1600,1600,2146,0,19,42.02521566914969,3.9631929976167157,1588.8490779980202,5429.033084808947
1783108310,10,,Aggregated,4.600000,0.000000,20,27,33,39,56,77,230,520,1600,1600,1600,2150,0,19,42.007308218137126,3.9631929976167157,1588.8490779980202,5425.66976744186
1783108311,10,,Aggregated,4.500000,0.000000,19,27,33,39,56,77,220,520,1600,1600,1600,2155,0,19,41.94845707099245,3.9631929976167157,1588.8490779980202,5419.127610208817
1783108312,10,,Aggregated,4.500000,0.000000,19,27,33,39,56,77,220,520,1600,1600,1600,2160,0,19,41.88811657684676,3.9631929976167157,1588.8490779980202,5435.961574074074
1783108313,10,,Aggregated,4.700000,0.000000,19,27,33,39,56,77,220,520,1600,1600,1600,2165,0,19,41.868475218011525,3.9631929976167157,1588.8490779980202,5424.948267898383
1783108314,10,,Aggregated,4.600000,0.000000,20,27,32,39,56,77,220,520,1600,1600,1600,2170,0,19,41.81653032441997,3.9631929976167157,1588.8490779980202,5437.929953917051
1783108315,10,,Aggregated,4.500000,0.000000,20,27,33,39,56,77,220,520,1600,1600,1600,2174,0,19,41.79995265408959,3.9631929976167157,1588.8490779980202,5431.7345906163755
1783108316,10,,Aggregated,4.400000,0.000000,19,27,33,39,56,77,220,520,1600,1600,1600,2177,0,19,41.77448555029385,3.9631929976167157,1588.8490779980202,5425.582452916858
1783108317,10,,Aggregated,4.600000,0.000000,20,27,33,39,56,77,220,520,1600,1600,1600,2180,0,19,41.76991825916882,3.9631929976167157,1588.8490779980202,5424.619266055046
1783108318,10,,Aggregated,4.700000,0.000000,19,27,33,39,56,77,220,520,1600,1600,1600,2186,0,19,41.7098744309203,3.9631929976167157,1588.8490779980202,5414.403019213175
1783108319,10,,Aggregated,4.300000,0.000000,19,27,33,39,56,77,220,520,1600,1600,1600,2189,0,19,41.67025320922429,3.9631929976167157,1588.8490779980202,5409.44814984011
1783108320,10,,Aggregated,4.000000,0.000000,19,27,33,39,56,77,220,520,1600,1600,1600,2195,0,19,41.61887196218509,3.9631929976167157,1588.8490779980202,5405.188154897494
1783108321,10,,Aggregated,4.400000,0.000000,19,27,33,39,56,77,220,520,1600,1600,1600,2199,0,19,41.60608969895139,3.9631929976167157,1588.8490779980202,5399.170077307867
1783108322,10,,Aggregated,4.200000,0.000000,19,27,33,39,56,76,220,490,1600,1600,1600,2203,0,19,41.556830581021934,3.9631929976167157,1588.8490779980202,5408.383567862006
1783108323,10,,Aggregated,4.200000,0.000000,19,27,33,39,56,76,220,490,1600,1600,1600,2207,0,19,41.51658587675173,3.9631929976167157,1588.8490779980202,5411.444947893067
1783108324,10,,Aggregated,4.400000,0.000000,19,27,33,39,56,76,220,490,1600,1600,1600,2213,0,19,41.45418101219674,3.9631929976167157,1588.8490779980202,5414.112968820606
1783108325,10,,Aggregated,4.300000,0.000000,19,27,33,39,56,76,220,490,1600,1600,1600,2216,0,19,41.43765508934595,3.9631929976167157,1588.8490779980202,5411.051444043322
1783108326,10,,Aggregated,4.100000,0.000000,19,27,32,38,56,75,220,490,1600,1600,1600,2221,0,19,41.368082889231964,3.9631929976167157,1588.8490779980202,5403.798289058983
1783108327,10,,Aggregated,4.400000,0.000000,19,27,32,38,56,75,220,490,1600,1600,1600,2227,0,19,41.305647150867784,3.9631929976167157,1588.8490779980202,5397.878311629996
1783108328,10,,Aggregated,4.300000,0.000000,19,27,32,38,56,75,220,490,1600,1600,1600,2231,0,19,41.25733135723546,3.9631929976167157,1588.8490779980202,5401.5360824742265
1783108329,10,,Aggregated,4.500000,0.000000,19,27,32,38,56,75,220,490,1600,1600,1600,2237,0,19,41.19293358247189,3.9631929976167157,1588.8490779980202,5401.112650871703
1783108330,10,,Aggregated,4.600000,0.000000,19,27,32,38,56,75,220,490,1600,1600,1600,2239,0,19,41.17285784590939,3.9631929976167157,1588.8490779980202,5399.697186243859
1783108331,10,,Aggregated,4.500000,0.000000,19,27,32,38,56,75,220,490,1600,1600,1600,2244,0,19,41.13216406996033,3.9631929976167157,1588.8490779980202,5393.544117647059
1783108332,10,,Aggregated,4.700000,0.000000,19,27,32,38,56,75,210,490,1600,1600,1600,2251,0,19,41.091957333626894,3.9631929976167157,1588.8490779980202,5404.004886717014
1783108333,10,,Aggregated,4.500000,0.000000,19,27,32,38,56,75,210,490,1600,1600,1600,2254,0,19,41.04877280878331,3.9631929976167157,1588.8490779980202,5398.293256433008
1783108334,10,,Aggregated,4.300000,0.000000,19,27,32,38,56,75,210,490,1600,1600,1600,2256,0,19,41.02500244459136,3.9631929976167157,1588.8490779980202,5402.435283687943
1783108335,10,,Aggregated,4.800000,0.000000,19,27,32,38,56,75,210,490,1600,1600,1600,2263,0,19,40.97078256296911,3.9631929976167157,1588.8490779980202,5412.4281926646045
1783108336,10,,Aggregated,4.700000,0.000000,19,27,32,38,56,75,210,490,1600,1600,1600,2269,0,19,40.92834759674134,3.9631929976167157,1588.8490779980202,5425.331864257382
1783108337,10,,Aggregated,4.100000,0.000000,19,27,32,38,56,75,210,490,1600,1600,1600,2273,0,19,40.87946638363711,3.9631929976167157,1588.8490779980202,5431.458864936208
1783108338,10,,Aggregated,4.700000,0.000000,19,27,32,38,56,75,210,490,1600,1600,1600,2278,0,19,40.84171929060909,3.9631929976167157,1588.8490779980202,5437.894644424934
1783108339,10,,Aggregated,4.700000,0.000000,19,27,32,38,56,75,210,490,1600,1600,1600,2281,0,19,40.80686461289279,3.9631929976167157,1588.8490779980202,5434.208241999123
1783108340,10,,Aggregated,4.700000,0.000000,19,27,32,38,56,75,210,490,1600,1600,1600,2285,0,19,40.764098762805794,3.9631929976167157,1588.8490779980202,5429.410065645514
1783108341,10,,Aggregated,4.600000,0.000000,19,27,32,38,56,75,210,490,1600,1600,1600,2291,0,19,40.7046454443492,3.9631929976167157,1588.8490779980202,5420.344391095591
1783108342,10,,Aggregated,4.300000,0.000000,19,27,32,38,56,75,210,490,1600,1600,1600,2294,0,19,40.68754635963538,3.9631929976167157,1588.8490779980202,5427.791194420227
1783108343,10,,Aggregated,4.700000,0.000000,19,27,32,38,56,75,210,460,1600,1600,1600,2301,0,19,40.63255633768338,3.9631929976167157,1588.8490779980202,5424.25814863103
1783108344,10,,Aggregated,4.700000,0.000000,19,27,32,38,56,75,210,460,1600,1600,1600,2304,0,19,40.59806639670506,3.9631929976167157,1588.8490779980202,5426.3203125
1783108345,10,,Aggregated,4.200000,0.000000,19,27,32,38,56,75,210,460,1600,1600,1600,2308,0,19,40.56990138648384,3.9631929976167157,1588.8490779980202,5419.4137781629115
1783108346,10,,Aggregated,4.800000,0.000000,19,27,32,38,56,75,210,460,1600,1600,1600,2312,0,19,40.544838173444326,3.9631929976167157,1588.8490779980202,5414.2128027681665
1783108347,10,,Aggregated,4.800000,0.000000,19,27,32,38,56,75,210,460,1600,1600,1600,2314,0,19,40.52750623768534,3.9631929976167157,1588.8490779980202,5418.4753673293
1783108348,10,,Aggregated,4.400000,0.000000,19,27,32,38,56,75,210,460,1600,1600,1600,2318,0,19,40.4844536669543,3.9631929976167157,1588.8490779980202,5421.099223468507
1783108349,10,,Aggregated,4.300000,0.000000,19,27,32,38,56,75,210,460,1600,1600,1600,2323,0,19,40.45643982780815,3.9631929976167157,1588.8490779980202,5414.23073611709
1783108350,10,,Aggregated,4.200000,0.000000,19,27,32,38,56,75,210,460,1600,1600,1600,2328,0,19,40.4330958333339,3.9631929976167157,1588.8490779980202,5414.509879725086
1783108351,10,,Aggregated,4.200000,0.000000,19,27,32,38,56,75,210,460,1600,1600,1600,2333,0,19,40.396042567507216,3.9631929976167157,1588.8490779980202,5407.411487355336
1783108352,10,,Aggregated,4.200000,0.000000,19,27,32,38,56,75,210,460,1600,1600,1600,2338,0,19,40.339049180921535,3.9631929976167157,1588.8490779980202,5402.300256629598
1783108353,10,,Aggregated,4.100000,0.000000,19,27,32,38,56,75,210,460,1600,1600,1600,2344,0,19,40.285720857505595,3.9631929976167157,1588.8490779980202,5406.401877133106
1783108354,10,,Aggregated,4.300000,0.000000,19,27,32,38,56,75,210,460,1600,1600,1600,2350,0,19,40.23370630808015,3.9631929976167157,1588.8490779980202,5422.1765957446805
1783108355,10,,Aggregated,4.400000,0.000000,19,27,32,38,56,75,210,460,1600,1600,1600,2355,0,19,40.20984799872186,3.9631929976167157,1588.8490779980202,5433.793630573248
1783108356,10,,Aggregated,4.300000,0.000000,19,27,32,38,56,75,210,460,1600,1600,1600,2359,0,19,40.17652987706254,3.9631929976167157,1588.8490779980202,5433.867316659602
1783108357,10,,Aggregated,4.600000,0.000000,19,26,32,38,56,75,210,460,1600,1600,1600,2363,0,19,40.128933699108075,3.9631929976167157,1588.8490779980202,5439.74735505713
1783108358,10,,Aggregated,4.700000,0.000000,19,27,32,38,56,75,210,460,1600,1600,1600,2366,0,19,40.11869965468643,3.9631929976167157,1588.8490779980202,5433.711327134404
1783108359,10,,Aggregated,4.800000,0.000000,19,27,32,38,55,75,210,460,1600,1600,1600,2372,0,19,40.06378427360347,3.9631929976167157,1588.8490779980202,5424.596543001687
1783108360,10,,Aggregated,4.800000,0.000000,19,27,32,38,55,75,210,460,1600,1600,1600,2375,0,19,40.04452653389154,3.9631929976167157,1588.8490779980202,5426.441263157894
1783108361,10,,Aggregated,4.600000,0.000000,19,27,32,38,55,75,210,460,1600,1600,1600,2379,0,19,39.99517807775828,3.9631929976167157,1588.8490779980202,5421.1046658259775
1783108362,10,,Aggregated,4.900000,0.000000,19,26,32,38,55,74,210,460,1600,1600,1600,2383,0,19,39.950545336547115,3.9631929976167157,1588.8490779980202,5416.485102811582
1783108363,10,,Aggregated,4.800000,0.000000,19,27,32,38,55,74,210,460,1600,1600,1600,2387,0,19,39.93507728612979,3.9631929976167157,1588.8490779980202,5417.238374528697
1783108364,10,,Aggregated,4.500000,0.000000,19,27,32,38,55,74,210,460,1600,1600,1600,2391,0,19,39.906512023001696,3.9631929976167157,1588.8490779980202,5419.8113759933085
1783108365,10,,Aggregated,4.500000,0.000000,19,27,32,38,55,75,210,460,1600,1600,1600,2395,0,19,39.932879882671806,3.9631929976167157,1588.8490779980202,5419.9248434238
1783108366,10,,Aggregated,4.300000,0.000000,19,27,32,38,55,75,210,460,1600,1600,1600,2400,0,19,39.88144569041348,3.9631929976167157,1588.8490779980202,5411.3325
1783108367,10,,Aggregated,4.100000,0.000000,19,27,32,38,56,75,200,440,1600,1600,1600,2405,0,19,39.87218762785518,3.9631929976167157,1588.8490779980202,5404.55841995842
1783108368,10,,Aggregated,4.000000,0.000000,19,26,32,38,56,75,200,440,1600,1600,1600,2407,0,19,39.85396380307025,3.9631929976167157,1588.8490779980202,5403.238886580806
1783108369,10,,Aggregated,4.100000,0.000000,19,26,32,38,55,75,200,440,1600,1600,1600,2412,0,19,39.805396552232736,3.9631929976167157,1588.8490779980202,5406.494195688226
1783108370,10,,Aggregated,4.200000,0.000000,19,26,32,38,55,75,200,440,1600,1600,1600,2418,0,19,39.74398088874632,3.9631929976167157,1588.8490779980202,5415.368486352358
1783108371,10,,Aggregated,4.300000,0.000000,19,26,32,38,55,74,200,440,1600,1600,1600,2421,0,19,39.708838407265674,3.9631929976167157,1588.8490779980202,5413.596447748864
1783108372,10,,Aggregated,4.100000,0.000000,19,26,32,38,55,74,200,440,1600,1600,1600,2425,0,19,39.66133985236664,3.9631929976167157,1588.8490779980202,5415.651134020619
1783108373,10,,Aggregated,4.300000,0.000000,19,26,32,38,55,74,200,440,1600,1600,1600,2428,0,19,39.64820704241711,3.9631929976167157,1588.8490779980202,5409.58978583196
1783108374,10,,Aggregated,4.300000,0.000000,19,26,32,38,55,74,200,440,1600,1600,1600,2434,0,19,39.595405575181815,3.9631929976167157,1588.8490779980202,5407.124075595727
1783108375,10,,Aggregated,4.200000,0.000000,19,26,32,38,55,74,200,440,1600,1600,1600,2439,0,19,39.56647804673494,3.9631929976167157,1588.8490779980202,5408.391963919639
1783108376,10,,Aggregated,4.000000,0.000000,19,26,32,38,55,74,200,440,1600,1600,1600,2445,0,19,39.506202460119525,3.9631929976167157,1588.8490779980202,5407.557873210634
1783108377,10,,Aggregated,4.000000,0.000000,19,26,32,38,55,74,200,440,1600,1600,1600,2445,0,19,39.506202460119525,3.9631929976167157,1588.8490779980202,5407.557873210634
1783108378,10,,Aggregated,4.500000,0.000000,19,26,32,38,55,74,200,440,1600,1600,1600,2453,0,19,39.42782323562753,3.9631929976167157,1588.8490779980202,5407.280472890338
1783108379,10,,Aggregated,4.400000,0.000000,19,26,32,38,55,74,200,440,1600,1600,1600,2456,0,19,39.40595506880856,3.9631929976167157,1588.8490779980202,5401.857491856677
1783108380,10,,Aggregated,3.900000,0.000000,19,26,32,38,55,74,200,440,1600,1600,1600,2459,0,19,39.388283373319105,3.9631929976167157,1588.8490779980202,5395.862545750305
1783108381,10,,Aggregated,4.400000,0.000000,19,26,32,38,55,74,200,440,1600,1600,1600,2464,0,19,39.34261053652111,3.9631929976167157,1588.8490779980202,5387.271915584415
1783108382,10,,Aggregated,4.400000,0.000000,19,26,32,38,55,74,200,440,1600,1600,1600,2470,0,19,39.279942889064515,3.9631929976167157,1588.8490779980202,5391.989473684211
1783108383,10,,Aggregated,4.100000,0.000000,19,26,32,38,55,74,200,440,1600,1600,1600,2474,0,19,39.231200937748305,3.9631929976167157,1588.8490779980202,5386.906224737268
1783108384,10,,Aggregated,4.200000,0.000000,19,26,32,38,55,74,200,440,1600,1600,1600,2479,0,19,39.22717627228269,3.9631929976167157,1588.8490779980202,5397.866075030254
1783108385,10,,Aggregated,4.500000,0.000000,19,26,32,38,55,74,200,440,1600,1600,1600,2483,0,19,39.19310906161443,3.9631929976167157,1588.8490779980202,5406.440193314539
1783108386,10,,Aggregated,4.600000,0.000000,19,26,32,38,55,74,200,440,1600,1600,1600,2490,0,19,39.13840916384617,3.9631929976167157,1588.8490779980202,5409.335341365462
1783108387,10,,Aggregated,4.400000,0.000000,19,26,32,38,55,74,200,440,1600,1600,1600,2493,0,19,39.1147710890405,3.9631929976167157,1588.8490779980202,5405.8130766145205
1783108388,10,,Aggregated,4.300000,0.000000,19,26,32,38,55,74,200,440,1600,1600,1600,2498,0,19,39.07409548237753,3.9631929976167157,1588.8490779980202,5403.723779023218
1783108389,10,,Aggregated,4.500000,0.000000,19,26,32,38,55,74,190,430,1600,1600,1600,2502,0,19,39.049607828529,3.9631929976167157,1588.8490779980202,5408.491606714629
1783108390,10,,Aggregated,4.900000,0.000000,19,26,32,38,55,74,190,430,1600,1600,1600,2509,0,19,38.98611777161509,3.9631929976167157,1588.8490779980202,5406.295336787564
1783108391,10,,Aggregated,4.500000,0.000000,19,26,32,38,55,74,190,430,1600,1600,1600,2511,0,19,38.97583184109289,3.9631929976167157,1588.8490779980202,5404.826363998407
1783108392,10,,Aggregated,4.500000,0.000000,19,26,32,38,55,74,190,430,1600,1600,1600,2516,0,19,38.936238858897,3.9631929976167157,1588.8490779980202,5399.032591414944
1783108394,10,,Aggregated,4.900000,0.000000,19,26,32,38,55,74,190,430,1600,1600,1600,2521,0,19,38.90861646369857,3.9631929976167157,1588.8490779980202,5391.51606505355
1783108395,10,,Aggregated,4.700000,0.000000,19,26,32,38,55,74,190,430,1600,1600,1600,2523,0,19,38.898167963530085,3.9631929976167157,1588.8490779980202,5400.2806183115335
1783108396,10,,Aggregated,4.600000,0.000000,19,26,32,38,55,74,190,430,1600,1600,1600,2528,0,19,38.85422716613407,3.9631929976167157,1588.8490779980202,5406.495253164557
1783108397,10,,Aggregated,4.700000,0.000000,19,26,32,38,55,74,190,430,1600,1600,1600,2533,0,19,38.85873251519224,3.9631929976167157,1588.8490779980202,5399.274772996447
1783108398,10,,Aggregated,4.500000,0.000000,19,26,32,38,55,74,190,430,1600,1600,1600,2538,0,19,38.833496581553675,3.9631929976167157,1588.8490779980202,5403.014972419228
1783108399,10,,Aggregated,4.500000,0.000000,19,26,32,38,55,74,190,430,1600,1600,1600,2541,0,19,38.79768456118969,3.9631929976167157,1588.8490779980202,5400.502558048012
1783108400,10,,Aggregated,4.300000,0.000000,19,26,32,38,55,74,190,430,1600,1600,1600,2546,0,19,38.74600928003903,3.9631929976167157,1588.8490779980202,5414.8000785545955
1783108401,10,,Aggregated,4.300000,0.000000,19,26,32,38,55,74,190,430,1600,1600,1600,2550,0,19,38.72990443253965,3.9631929976167157,1588.8490779980202,5414.941176470588
1783108402,10,,Aggregated,4.300000,0.000000,19,26,32,38,55,74,190,430,1600,1600,1600,2556,0,19,38.68507315413771,3.9631929976167157,1588.8490779980202,5407.279733959312
1783108403,10,,Aggregated,4.400000,0.000000,19,26,32,38,54,73,190,430,1600,1600,1600,2561,0,19,38.649447892221424,3.9631929976167157,1588.8490779980202,5405.424443576728
1783108404,10,,Aggregated,4.500000,0.000000,19,26,32,38,54,73,190,430,1600,1600,1600,2568,0,19,38.576328363310026,3.9631929976167157,1588.8490779980202,5410.445482866044
1783108405,10,,Aggregated,4.500000,0.000000,19,26,32,38,54,73,190,430,1600,1600,1600,2569,0,19,38.56924902451575,3.9631929976167157,1588.8490779980202,5408.6578435188785
1783108406,10,,Aggregated,4.500000,0.000000,19,26,32,38,54,74,190,430,1600,1600,1600,2574,0,19,38.56191025251882,3.9631929976167157,1588.8490779980202,5414.751748251748
1783108407,10,,Aggregated,4.600000,0.000000,19,26,32,38,54,74,190,430,1600,1600,1600,2579,0,19,38.51305056028769,3.9631929976167157,1588.8490779980202,5419.83714618069
1783108408,10,,Aggregated,4.600000,0.000000,19,26,32,38,54,74,190,430,1600,1600,1600,2580,0,19,38.50430767363642,3.9631929976167157,1588.8490779980202,5418.611240310078
1783108409,10,,Aggregated,4.600000,0.000000,19,26,32,37,54,74,190,430,1600,1600,1600,2588,0,19,38.4625523732533,3.9631929976167157,1588.8490779980202,5427.090803709428
1783108410,10,,Aggregated,4.600000,0.000000,19,26,32,37,54,74,190,430,1600,1600,1600,2591,0,19,38.42926249285124,3.9631929976167157,1588.8490779980202,5424.379390196836
1783108411,10,,Aggregated,4.700000,0.000000,19,26,31,37,54,74,190,430,1600,1600,1600,2598,0,19,38.36055539722124,3.9631929976167157,1588.8490779980202,5431.76635873749
1783108412,10,,Aggregated,4.700000,0.000000,19,26,31,37,54,74,180,430,1600,1600,1600,2602,0,19,38.348752561869,3.9631929976167157,1588.8490779980202,5430.299769408148
1783108413,10,,Aggregated,4.500000,0.000000,19,26,31,37,54,74,180,430,1600,1600,1600,2606,0,19,38.31793045202739,3.9631929976167157,1588.8490779980202,5435.216423637759
1783108414,10,,Aggregated,4.600000,0.000000,19,26,31,37,54,74,180,430,1600,1600,1600,2612,0,19,38.298543059335024,3.9631929976167157,1588.8490779980202,5433.656202143951
1783108415,10,,Aggregated,4.600000,0.000000,19,26,31,37,54,74,180,430,1600,1600,1600,2616,0,19,38.265174180421766,3.9631929976167157,1588.8490779980202,5443.460626911315
1783108416,10,,Aggregated,4.500000,0.000000,19,26,31,37,54,74,180,430,1600,1600,1600,2619,0,19,38.245635512783835,3.9631929976167157,1588.8490779980202,5442.542573501336
1783108417,10,,Aggregated,4.300000,0.000000,19,26,31,37,54,73,180,430,1600,1600,1600,2625,0,19,38.21594371008576,3.9631929976167157,1588.8490779980202,5443.416
1783108418,10,,Aggregated,4.500000,0.000000,19,26,31,37,54,73,180,430,1600,1600,1600,2629,0,19,38.19456697526569,3.9631929976167157,1588.8490779980202,5438.28223659186
1783108419,10,,Aggregated,4.500000,0.000000,19,26,31,37,54,73,180,430,1600,1600,1600,2637,0,19,38.116004415613155,3.9631929976167157,1588.8490779980202,5441.659082290482
1783108420,10,,Aggregated,4.600000,0.000000,19,26,31,37,54,73,180,430,1600,1600,1600,2639,0,19,38.09863023454744,3.9631929976167157,1588.8490779980202,5447.625236832133
1783108421,10,,Aggregated,4.800000,0.000000,19,26,31,37,54,72,180,430,1600,1600,1600,2644,0,19,38.065560786675626,3.9631929976167157,1588.8490779980202,5455.356278366112
1783108422,10,,Aggregated,4.900000,0.000000,19,26,31,37,54,72,180,430,1600,1600,1600,2649,0,19,38.027449457898236,3.9631929976167157,1588.8490779980202,5460.413741034353
1783108423,10,,Aggregated,4.700000,0.000000,19,26,31,37,54,72,180,430,1600,1600,1600,2653,0,19,37.996531365611816,3.9631929976167157,1588.8490779980202,5452.836411609499
1783108424,10,,Aggregated,4.700000,0.000000,19,26,31,37,54,72,180,430,1600,1600,1600,2659,0,19,37.946205873246434,3.9631929976167157,1588.8490779980202,5459.306130124107
1783108425,10,,Aggregated,4.700000,0.000000,19,26,31,37,54,72,180,430,1600,1600,1600,2663,0,19,37.91771471046369,3.9631929976167157,1588.8490779980202,5467.214795343598
1783108426,10,,Aggregated,4.800000,0.000000,19,26,31,37,54,72,180,430,1600,1600,1600,2669,0,19,37.867975812277386,3.9631929976167157,1588.8490779980202,5470.579617834395
1783108427,10,,Aggregated,4.800000,0.000000,19,26,31,37,54,72,180,430,1600,1600,1600,2672,0,19,37.85205459953813,3.9631929976167157,1588.8490779980202,5465.726796407185
1783108428,10,,Aggregated,4.900000,0.000000,19,26,31,37,54,72,180,430,1600,1600,1600,2678,0,19,37.82145200521726,3.9631929976167157,1588.8490779980202,5462.331217326363
1783108429,10,,Aggregated,4.900000,0.000000,19,26,31,37,54,72,180,430,1600,1600,1600,2683,0,19,37.818894259029065,3.9631929976167157,1588.8490779980202,5453.93142005218
1783108430,10,,Aggregated,4.900000,0.000000,19,26,31,37,54,72,180,430,1600,1600,1600,2685,0,19,37.811726766844245,3.9631929976167157,1588.8490779980202,5454.820111731844
1783108431,10,,Aggregated,4.900000,0.000000,19,26,31,37,54,72,180,430,1600,1600,1600,2692,0,19,37.804653328370435,3.9631929976167157,1588.8490779980202,5449.856240713224
1783108432,10,,Aggregated,4.400000,0.000000,19,26,31,37,54,72,180,430,1600,1600,1600,2696,0,19,37.778581196207405,3.9631929976167157,1588.8490779980202,5461.446958456973
1783108433,10,,Aggregated,4.400000,0.000000,19,26,31,37,54,72,180,430,1600,1600,1600,2697,0,19,37.77332279865617,3.9631929976167157,1588.8490779980202,5459.749351130886
1783108434,10,,Aggregated,4.800000,0.000000,19,26,31,37,54,72,180,420,1600,1600,1600,2702,0,19,37.74670082789813,3.9631929976167157,1588.8490779980202,5473.138045891932
1783108435,10,,Aggregated,4.500000,0.000000,19,26,31,37,54,72,180,420,1600,1600,1600,2709,0,19,37.7136722705686,3.9631929976167157,1588.8490779980202,5463.371354743448
1783108436,10,,Aggregated,4.400000,0.000000,19,26,31,37,54,72,180,420,1600,1600,1600,2713,0,19,37.696659931431576,3.9631929976167157,1588.8490779980202,5472.596019166974
1783108437,10,,Aggregated,4.500000,0.000000,19,26,31,37,54,72,180,420,1600,1600,1600,2716,0,19,37.664258722742886,3.9631929976167157,1588.8490779980202,5467.780191458027
1783108438,10,,Aggregated,4.500000,0.000000,19,26,31,37,54,72,180,420,1600,1600,1600,2721,0,19,37.618934134127684,3.9631929976167157,1588.8490779980202,5466.895626607865
1783108439,10,,Aggregated,4.400000,0.000000,19,26,31,37,54,72,180,420,1600,1600,1600,2723,0,19,37.597707720148215,3.9631929976167157,1588.8490779980202,5466.1880279103925
1783108440,10,,Aggregated,4.400000,0.000000,19,26,31,37,54,72,180,420,1600,1600,1600,2730,0,19,37.5605232673832,3.9631929976167157,1588.8490779980202,5474.897069597069
1783108441,10,,Aggregated,4.000000,0.000000,19,26,31,37,54,72,180,420,1600,1600,1600,2735,0,19,37.53675486981795,3.9631929976167157,1588.8490779980202,5467.290310786106
1783108442,10,,Aggregated,4.600000,0.000000,19,26,31,37,54,72,180,420,1600,1600,1600,2739,0,19,37.52928099487037,3.9631929976167157,1588.8490779980202,5464.843373493976
1783108443,10,,Aggregated,4.100000,0.000000,19,26,31,37,54,72,180,420,1600,1600,1600,2745,0,19,37.518170005809665,3.9631929976167157,1588.8490779980202,5467.96684881603
1783108444,10,,Aggregated,4.100000,0.000000,19,26,31,37,54,72,180,420,1600,1600,1600,2749,0,19,37.50104816949836,3.9631929976167157,1588.8490779980202,5466.523826846126
1783108445,10,,Aggregated,4.600000,0.000000,19,26,31,37,54,72,170,420,1600,1600,1600,2753,0,19,37.471682622575145,3.9631929976167157,1588.8490779980202,5464.62549945514
1783108446,10,,Aggregated,4.600000,0.000000,19,26,31,37,54,72,170,420,1600,1600,1600,2759,0,19,37.447777991281626,3.9631929976167157,1588.8490779980202,5459.060891627401
1783108447,10,,Aggregated,4.300000,0.000000,19,26,31,37,54,71,170,420,1600,1600,1600,2763,0,19,37.407067082497996,3.9631929976167157,1588.8490779980202,5453.38364096996
1783108448,10,,Aggregated,4.300000,0.000000,19,26,31,37,54,71,170,420,1600,1600,1600,2766,0,19,37.37539794358085,3.9631929976167157,1588.8490779980202,5451.02096890817
1783108449,10,,Aggregated,4.700000,0.000000,19,26,31,37,54,71,170,420,1600,1600,1600,2771,0,19,37.34316364812214,3.9631929976167157,1588.8490779980202,5444.262721039336
