Timestamp,User Count,Type,Name,Requests/s,Failures/s,50%,66%,75%,80%,90%,95%,98%,99%,99.9%,99.99%,100%,Total Request Count,Total Failure Count,Total Median Response Time,Total Average Response Time,Total Min Response Time,Total Max Response Time,Total Average Content Size
1783310541,0,,Aggregated,0.000000,0.000000,N/A,N/A,N/A,N/A,N/A,N/A,N/A,N/A,N/A,N/A,N/A,0,0,0,0.0,0,0,0
1783310542,50,,Aggregated,0.000000,0.000000,N/A,N/A,N/A,N/A,N/A,N/A,N/A,N/A,N/A,N/A,N/A,0,0,0,0.0,0,0,0
1783310543,100,,Aggregated,0.000000,0.000000,N/A,N/A,N/A,N/A,N/A,N/A,N/A,N/A,N/A,N/A,N/A,0,0,0,0.0,0,0,0
1783310544,150,,Aggregated,0.000000,0.000000,2900,2900,2900,2900,3000,3000,3000,3000,3000,3000,3000,32,0,2800.0,1843.389914125055,40.210880993981846,2992.516883998178,760.8125
1783310545,200,,Aggregated,0.000000,0.000000,2800,3000,3100,3100,3300,3500,3600,3600,3600,3600,3600,91,0,2800.0,1785.6065957141134,40.210880993981846,3569.757309000124,1017.7472527472528
1783310546,250,,Aggregated,0.666667,0.000000,1200,2900,3100,3100,3300,3600,3800,4100,4200,4200,4200,113,0,1200.0,1741.2518176102838,40.210880993981846,4175.876317996881,1128.504424778761
1783310547,300,,Aggregated,21.250000,0.000000,2300,3000,3100,3200,4000,4900,5000,5000,5000,5000,5000,141,0,2300.0,2060.9755727869306,40.210880993981846,4963.1244509946555,1376.276595744681
1783310548,350,,Aggregated,21.800000,0.000000,2500,3100,3800,4900,5200,5400,5400,5600,5600,5600,5600,207,0,2500.0,2669.3398824541864,40.210880993981846,5648.341983003775,1510.5990338164252
1783310549,400,,Aggregated,21.800000,0.000000,2500,3100,3800,4900,5200,5400,5400,5600,5600,5600,5600,207,0,2500.0,2669.3398824541864,40.210880993981846,5648.341983003775,1510.5990338164252
1783310550,450,,Aggregated,28.000000,0.000000,2900,4900,5400,5800,6200,6400,6800,6800,7200,7200,7200,349,0,2900.0,3372.1759376246787,40.210880993981846,7166.993004997494,1757.8681948424069
1783310551,500,,Aggregated,25.875000,0.000000,3000,4900,5400,5800,6200,6600,6800,6800,7200,7200,7200,389,0,3000.0,3419.367473706978,40.210880993981846,7166.993004997494,1725.827763496144
1783310552,550,,Aggregated,30.111111,0.000000,2900,4900,5400,5900,6400,6800,6900,7200,7400,7400,7400,434,0,2900.0,3487.940765585257,40.210880993981846,7406.835503992625,1801.1497695852534
1783310553,600,,Aggregated,38.200000,0.000000,3100,5100,5800,6100,6600,7000,7400,7800,8800,8800,8800,470,0,3000.0,3653.3855120701596,40.210880993981846,8835.311285001808,1869.8489361702127
1783310554,650,,Aggregated,40.600000,0.000000,3600,5200,6100,6200,7000,7700,8200,8700,9100,9100,9100,568,0,3600.0,3996.869425434751,40.210880993981846,9071.63148499967,1828.656690140845
1783310555,700,,Aggregated,40.600000,0.000000,3700,5100,6100,6200,6900,7700,8300,8700,9100,9100,9100,595,0,3700.0,4022.902774258724,40.210880993981846,9071.63148499967,1835.9865546218487
1783310556,750,,Aggregated,53.300000,0.000000,4200,5800,6200,6700,8400,9000,9900,10000,11000,11000,11000,655,0,4200.0,4494.81255446851,40.210880993981846,10651.989007004886,1744.4198473282443
1783310557,800,,Aggregated,51.000000,0.000000,5000,6100,6600,7300,8800,9700,10000,11000,11000,11000,11000,756,0,5000.0,4897.736833980048,40.210880993981846,11126.222192004207,1718.3280423280423
1783310558,850,,Aggregated,49.000000,0.000000,5200,6100,6800,7700,8900,9700,10000,11000,11000,11000,11000,813,0,5200.0,5049.07785055094,40.210880993981846,11126.222192004207,1808.0762607626077
1783310559,900,,Aggregated,59.600000,0.000000,5300,6100,6800,7900,9100,9700,10000,11000,12000,12000,12000,824,0,5300.0,5111.323246731666,40.210880993981846,11995.611512989854,1792.6832524271845
1783310560,950,,Aggregated,60.700000,0.000000,5400,6300,7200,8100,9300,10000,11000,11000,12000,12000,12000,873,0,5400.0,5312.156747105221,40.210880993981846,11995.611512989854,1776.274914089347
1783310561,1000,,Aggregated,61.200000,0.000000,5600,6400,7600,8600,9700,11000,12000,12000,13000,13000,13000,902,0,5600.0,5522.868979241549,40.210880993981846,13015.884100008407,1740.2250554323725
1783310562,1000,,Aggregated,58.500000,0.000000,5800,7200,8300,8600,9800,11000,12000,13000,15000,15000,15000,984,0,5800.0,5818.119833435862,40.210880993981846,14609.039949005819,1847.8262195121952
1783310563,1000,,Aggregated,51.100000,0.000000,6000,7800,8400,8700,10000,12000,13000,13000,15000,15000,15000,1039,0,6000.0,6059.780514971007,40.210880993981846,14609.039949005819,1833.7872954764196
1783310564,1000,,Aggregated,52.500000,0.000000,6200,8300,8800,9400,12000,13000,13000,13000,15000,15000,15000,1127,0,6200.0,6505.420499576657,40.210880993981846,14609.039949005819,1835.8411712511092
1783310565,1000,,Aggregated,56.000000,0.000000,6800,8500,9100,9500,12000,13000,13000,13000,15000,15000,15000,1230,0,6800.0,6819.167653246234,40.210880993981846,14609.039949005819,1763.1195121951218
1783310566,1000,,Aggregated,55.000000,0.000000,6800,8600,9200,9700,12000,13000,13000,13000,15000,15000,15000,1241,0,6800.0,6879.091213165908,40.210880993981846,14609.039949005819,1753.29734085415
1783310567,1000,,Aggregated,58.000000,0.000000,7100,8800,9500,11000,12000,13000,14000,14000,16000,17000,17000,1288,0,7100.0,7059.051935147472,40.210880993981846,16569.292025989853,1790.704192546584
1783310568,1000,,Aggregated,63.500000,0.000000,7900,9000,10000,11000,13000,13000,14000,15000,16000,17000,17000,1382,0,7900.0,7368.874239285079,40.210880993981846,16569.292025989853,1775.4797395079595
1783310569,1000,,Aggregated,52.800000,0.000000,8200,9200,11000,11000,13000,14000,15000,15000,17000,17000,17000,1416,0,8200.0,7530.394399511957,40.210880993981846,17260.135813994566,1802.8841807909605
1783310570,1000,,Aggregated,56.200000,0.000000,8300,9500,11000,11000,13000,14000,15000,16000,17000,17000,17000,1470,0,8300.0,7756.764690746214,40.210880993981846,17260.135813994566,1817.3639455782313
1783310571,1000,,Aggregated,57.700000,0.000000,8400,10000,11000,12000,14000,15000,16000,16000,17000,17000,17000,1541,0,8400.0,8089.1322088449015,40.210880993981846,17260.135813994566,1769.6125892277742
1783310572,1000,,Aggregated,60.100000,0.000000,8500,11000,12000,12000,14000,16000,16000,17000,20000,20000,20000,1617,0,8500.0,8387.820822470609,40.210880993981846,19630.336135989637,1795.1465677179963
1783310573,1000,,Aggregated,60.900000,0.000000,8700,11000,12000,12000,15000,16000,16000,17000,20000,20000,20000,1649,0,8700.0,8521.756720024214,40.210880993981846,19630.336135989637,1775.650697392359
1783310574,1000,,Aggregated,62.800000,0.000000,8700,11000,12000,12000,15000,16000,16000,17000,20000,20000,20000,1661,0,8700.0,8566.908499039682,40.210880993981846,19630.336135989637,1768.33955448525
1783310575,1000,,Aggregated,62.000000,0.000000,9000,12000,13000,13000,15000,16000,17000,18000,21000,21000,21000,1814,0,9000.0,9071.335109427831,40.210880993981846,21477.427068995894,1880.1058434399117
1783310576,1000,,Aggregated,56.700000,0.000000,9900,12000,13000,13000,15000,16000,18000,18000,21000,21000,21000,2055,0,9900.0,9405.462649346538,40.210880993981846,21477.427068995894,1931.6121654501217
1783310577,1000,,Aggregated,52.200000,0.000000,9300,11000,12000,13000,15000,16000,18000,19000,21000,21000,21000,2368,0,9300.0,9347.50511942901,40.210880993981846,21477.427068995894,1996.7546452702702
1783310578,1000,,Aggregated,74.100000,0.000000,8800,11000,12000,13000,15000,17000,19000,19000,21000,21000,21000,2772,0,8800.0,8871.412196550553,40.210880993981846,21477.427068995894,2147.1125541125543
1783310579,1000,,Aggregated,95.400000,0.000000,8100,11000,12000,13000,16000,18000,19000,20000,21000,21000,21000,3405,0,8100.0,8068.90092057716,40.210880993981846,21477.427068995894,2642.4772393538915
1783310580,1000,,Aggregated,119.000000,0.000000,6100,9200,11000,12000,15000,17000,19000,19000,21000,21000,21000,4038,0,6100.0,7044.038817235268,40.210880993981846,21477.427068995894,3076.27117384844
1783310581,1000,,Aggregated,161.400000,0.000000,5000,8800,11000,12000,14000,17000,19000,19000,21000,21000,21000,4496,0,5000.0,6483.334542017155,40.210880993981846,21477.427068995894,3524.743104982206
1783310582,1000,,Aggregated,226.700000,0.000000,3100,7600,9500,11000,13000,16000,19000,19000,20000,21000,21000,5143,0,3100.0,5869.291192815646,40.210880993981846,21477.427068995894,4379.287575345129
1783310583,1000,,Aggregated,277.500000,0.000000,2600,6400,9100,11000,13000,16000,19000,19000,20000,21000,21000,5629,0,2600.0,5479.81474943969,40.210880993981846,21477.427068995894,5059.632083851483
1783310584,1000,,Aggregated,325.400000,0.000000,2400,5800,8800,10000,13000,16000,19000,19000,20000,21000,21000,6082,0,2400.0,5164.319897770667,40.210880993981846,21477.427068995894,5580.767181848077
1783310585,1000,,Aggregated,367.500000,0.000000,2100,4800,8300,9300,13000,16000,19000,19000,20000,21000,21000,6659,0,2100.0,4817.203032027966,40.210880993981846,21477.427068995894,6020.30965610452
1783310586,1000,,Aggregated,418.700000,0.000000,2000,3700,7400,9100,12000,15000,19000,19000,20000,21000,21000,7082,0,2000.0,4587.758850718312,40.210880993981846,21477.427068995894,6218.1289183846375
1783310587,1000,,Aggregated,453.600000,0.000000,1800,3100,6600,8800,12000,15000,19000,19000,20000,21000,21000,7556,0,1800.0,4340.812572298718,4.492145992117003,21477.427068995894,6264.8075701429325
1783310588,1000,,Aggregated,481.300000,0.000000,1700,2700,6100,8400,12000,15000,19000,19000,20000,21000,21000,8038,0,1700.0,4093.676956629018,4.492145992117003,21477.427068995894,6239.37272953471
1783310589,1000,,Aggregated,506.600000,0.000000,1600,2500,5500,8200,12000,14000,18000,19000,20000,21000,21000,8489,0,1600.0,3878.385335028532,3.402070011361502,21477.427068995894,6194.482506773472
1783310590,1000,,Aggregated,516.300000,0.000000,1500,2400,5100,7300,12000,14000,18000,19000,20000,21000,21000,8887,0,1500.0,3708.661541358197,3.402070011361502,21477.427068995894,6181.07775402273
1783310591,1000,,Aggregated,518.400000,0.000000,1400,2300,4400,6900,12000,14000,18000,19000,20000,21000,21000,9219,0,1400.0,3582.7318405244887,3.402070011361502,21477.427068995894,6197.444950645407
1783310592,1000,,Aggregated,489.600000,0.000000,1300,2200,3500,6200,11000,14000,18000,19000,20000,21000,21000,9776,0,1300.0,3395.684509916253,3.402070011361502,21477.427068995894,6179.815671031097
1783310593,1000,,Aggregated,474.500000,0.000000,1300,2000,3100,5900,11000,13000,17000,19000,20000,21000,21000,10228,0,1300.0,3250.366041377997,3.402070011361502,21477.427068995894,6151.963335940555
1783310594,1000,,Aggregated,459.900000,0.000000,1200,1900,2900,5500,11000,13000,17000,19000,20000,21000,21000,10626,0,1200.0,3132.436707720117,3.402070011361502,21477.427068995894,6122.530397139093
1783310595,1000,,Aggregated,458.600000,0.000000,1200,1900,2700,5200,11000,13000,17000,19000,20000,21000,21000,11010,0,1200.0,3029.818611166649,3.402070011361502,21477.427068995894,6116.5259763851045
1783310596,1000,,Aggregated,446.800000,0.000000,1100,1800,2600,4500,11000,13000,17000,19000,20000,21000,21000,11432,0,1100.0,2932.690938828885,3.402070011361502,21477.427068995894,6106.451014695592
1783310597,1000,,Aggregated,448.000000,0.000000,1000,1700,2500,3900,11000,13000,17000,19000,20000,21000,21000,11837,0,1000.0,2847.8392679189797,3.402070011361502,21477.427068995894,6081.007772239588
1783310598,1000,,Aggregated,425.600000,0.000000,960,1600,2400,3500,10000,13000,17000,19000,20000,21000,21000,12286,0,960.0,2758.3381649670464,3.402070011361502,21477.427068995894,6074.350561614846
1783310600,1000,,Aggregated,413.300000,0.000000,930,1600,2300,3200,9700,13000,16000,19000,20000,21000,21000,12651,0,930.0,2682.1393990623146,3.402070011361502,21477.427068995894,6037.137380444234
1783310601,1000,,Aggregated,410.600000,0.000000,880,1500,2200,2900,9400,13000,16000,19000,20000,21000,21000,13109,0,880.0,2599.903003921373,3.402070011361502,21477.427068995894,6050.206423068121
1783310602,1000,,Aggregated,403.000000,0.000000,800,1400,2100,2800,9200,13000,16000,19000,20000,21000,21000,13575,0,800.0,2523.66534921725,3.402070011361502,21477.427068995894,6033.363388581952
1783310603,1000,,Aggregated,402.500000,0.000000,730,1400,2000,2600,9100,13000,16000,19000,20000,21000,21000,14006,0,730.0,2451.6542190868927,3.402070011361502,21477.427068995894,6031.288305012137
1783310604,1000,,Aggregated,409.100000,0.000000,670,1300,1900,2500,9000,12000,16000,19000,20000,21000,21000,14366,0,670.0,2394.873831550185,3.402070011361502,21477.427068995894,6030.96491716553
1783310605,1000,,Aggregated,403.700000,0.000000,620,1300,1900,2500,8800,12000,16000,19000,20000,21000,21000,14797,0,620.0,2333.3658467947444,3.402070011361502,21477.427068995894,6034.430425086166
1783310606,1000,,Aggregated,398.400000,0.000000,570,1200,1800,2400,8800,12000,16000,19000,20000,21000,21000,15270,0,570.0,2268.2215808691362,3.402070011361502,21477.427068995894,6030.812835625409
1783310607,1000,,Aggregated,403.100000,0.000000,530,1200,1800,2300,8600,12000,16000,19000,20000,21000,21000,15716,0,530.0,2206.344905260936,3.402070011361502,21477.427068995894,6023.784868923391
1783310608,1000,,Aggregated,411.800000,0.000000,490,1200,1700,2200,8400,12000,16000,19000,20000,21000,21000,16151,0,490.0,2148.917951001918,3.402070011361502,21477.427068995894,6009.7722122469195
1783310609,1000,,Aggregated,421.500000,0.000000,470,1100,1600,2200,8300,12000,16000,18000,20000,21000,21000,16526,0,470.0,2104.589990709786,3.402070011361502,21477.427068995894,6012.508834563718
1783310610,1000,,Aggregated,421.400000,0.000000,440,1100,1600,2100,8100,12000,16000,18000,20000,21000,21000,17012,0,440.0,2050.0137771572367,3.402070011361502,21477.427068995894,6004.442334822478
1783310611,1000,,Aggregated,412.300000,0.000000,420,1000,1500,2000,7700,12000,16000,18000,20000,21000,21000,17407,0,420.0,2007.1803702608092,3.402070011361502,21477.427068995894,5995.21945194462
1783310612,1000,,Aggregated,427.200000,0.000000,390,990,1500,2000,7300,12000,15000,18000,20000,21000,21000,17856,0,390.0,1960.287674815452,3.402070011361502,21477.427068995894,5996.0366263440865
1783310613,1000,,Aggregated,425.700000,0.000000,370,950,1500,1900,7000,12000,15000,18000,20000,21000,21000,18264,0,370.0,1919.021829462358,3.402070011361502,21477.427068995894,5983.841874726238
1783310614,1000,,Aggregated,425.400000,0.000000,360,930,1400,1900,6700,12000,15000,18000,20000,21000,21000,18644,0,360.0,1885.3196489786835,3.402070011361502,21477.427068995894,5976.2748337266685
1783310615,1000,,Aggregated,425.700000,0.000000,360,900,1400,1800,6400,11000,15000,18000,20000,21000,21000,19123,0,360.0,1845.7027589085678,3.402070011361502,21477.427068995894,5972.625111122732
1783310616,1000,,Aggregated,426.100000,0.000000,340,860,1300,1800,6200,11000,15000,18000,20000,21000,21000,19560,0,340.0,1808.4976234248704,3.402070011361502,21477.427068995894,5969.996983640081
1783310617,1000,,Aggregated,425.100000,0.000000,330,800,1300,1700,6100,11000,15000,18000,20000,21000,21000,19966,0,330.0,1774.5117892672724,3.402070011361502,21477.427068995894,5981.044175097666
1783310618,1000,,Aggregated,427.800000,0.000000,320,750,1300,1700,5900,11000,15000,17000,20000,21000,21000,20427,0,320.0,1737.819051054212,3.402070011361502,21477.427068995894,5982.605962696432
1783310619,1000,,Aggregated,419.300000,0.000000,310,720,1300,1600,5800,11000,14000,17000,20000,21000,21000,20679,0,310.0,1719.0576608219126,3.402070011361502,21477.427068995894,5971.076164224575
1783310620,1000,,Aggregated,424.400000,0.000000,320,690,1200,1600,5600,11000,14000,17000,20000,21000,21000,21153,0,320.0,1689.42527137902,3.402070011361502,21477.427068995894,5974.461589372666
1783310621,1000,,Aggregated,414.200000,0.000000,320,670,1200,1600,5400,11000,14000,17000,20000,21000,21000,21591,0,320.0,1663.525275777522,3.402070011361502,21477.427068995894,5963.035570376545
1783310622,1000,,Aggregated,410.600000,0.000000,310,640,1200,1500,5200,11000,14000,17000,20000,21000,21000,22005,0,310.0,1637.3320636481842,3.402070011361502,21477.427068995894,5963.766689388775
1783310623,1000,,Aggregated,413.200000,0.000000,300,610,1100,1500,5000,11000,14000,17000,20000,21000,21000,22476,0,300.0,1605.9927473190528,3.402070011361502,21477.427068995894,5953.456175476063
1783310624,1000,,Aggregated,410.900000,0.000000,300,610,1100,1500,4700,11000,14000,17000,20000,21000,21000,22666,0,300.0,1593.6048729189547,3.402070011361502,21477.427068995894,5944.995764581311
1783310625,1000,,Aggregated,411.600000,0.000000,310,600,1100,1400,4300,11000,14000,17000,20000,21000,21000,23137,0,310.0,1570.5126852005048,3.402070011361502,21477.427068995894,5945.9372865972255
1783310626,1000,,Aggregated,402.300000,0.000000,310,600,1100,1400,4000,11000,14000,17000,20000,21000,21000,23619,0,310.0,1547.2072713043644,3.402070011361502,21477.427068995894,5931.947923282103
1783310627,1000,,Aggregated,402.400000,0.000000,300,580,1000,1400,3700,10000,14000,17000,20000,21000,21000,24086,0,300.0,1519.5847606176912,3.402070011361502,21477.427068995894,5920.307398488749
1783310628,1000,,Aggregated,402.500000,0.000000,290,560,990,1300,3500,10000,14000,17000,20000,21000,21000,24491,0,290.0,1494.834664200717,3.402070011361502,21477.427068995894,5924.478420644318
1783310629,1000,,Aggregated,406.600000,0.000000,280,540,960,1300,3300,9800,13000,16000,20000,21000,21000,24984,0,280.0,1466.2545663381604,3.402070011361502,21477.427068995894,5921.729506884406
1783310630,1000,,Aggregated,405.000000,0.000000,280,530,950,1300,3200,9700,13000,16000,20000,21000,21000,25185,0,280.0,1456.2445892591877,3.402070011361502,21477.427068995894,5908.158507047846
1783310631,1000,,Aggregated,424.500000,0.000000,280,540,930,1300,3100,9600,13000,16000,20000,21000,21000,25671,0,280.0,1437.4426478506716,3.402070011361502,21477.427068995894,5913.087920221261
1783310632,1000,,Aggregated,400.700000,0.000000,280,520,920,1200,2900,9500,13000,16000,20000,21000,21000,26141,0,280.0,1416.9546039112672,3.402070011361502,21477.427068995894,5917.701159098734
1783310633,1000,,Aggregated,408.200000,0.000000,270,510,900,1200,2900,9300,13000,16000,20000,21000,21000,26601,0,270.0,1394.1168499948208,3.402070011361502,21477.427068995894,5917.549039509793
1783310634,1000,,Aggregated,411.500000,0.000000,260,490,870,1200,2800,9200,13000,16000,20000,21000,21000,27058,0,260.0,1370.9672332654661,3.3024650037987158,21477.427068995894,5911.262621036292
1783310635,1000,,Aggregated,409.300000,0.000000,260,480,840,1200,2700,9200,13000,16000,20000,21000,21000,27458,0,260.0,1352.6407316476448,3.3024650037987158,21477.427068995894,5915.859895112536
1783310636,1000,,Aggregated,430.400000,0.000000,250,480,830,1200,2700,9200,13000,16000,20000,21000,21000,27668,0,250.0,1344.155366432337,3.3024650037987158,21477.427068995894,5915.169943617175
1783310637,1000,,Aggregated,425.300000,0.000000,260,490,810,1100,2600,9100,13000,16000,20000,21000,21000,28137,0,260.0,1330.7533883754365,3.3024650037987158,21477.427068995894,5915.404023172336
1783310638,1000,,Aggregated,411.600000,0.000000,260,490,800,1100,2600,9000,13000,16000,20000,21000,21000,28602,0,260.0,1316.8809712375914,3.3024650037987158,21477.427068995894,5916.328019019649
1783310639,1000,,Aggregated,398.600000,0.000000,260,480,780,1100,2500,8900,13000,16000,20000,21000,21000,29071,0,260.0,1297.6162129728734,3.3024650037987158,21477.427068995894,5925.206184857762
1783310640,1000,,Aggregated,405.800000,0.000000,250,470,760,1100,2500,8900,13000,16000,20000,21000,21000,29510,0,250.0,1278.9545375738535,3.1908179953461513,21477.427068995894,5917.828261606235
1783310641,1000,,Aggregated,405.900000,0.000000,240,460,740,1000,2400,8800,13000,16000,20000,21000,21000,29967,0,240.0,1260.2969062157497,3.1908179953461513,21477.427068995894,5921.6377682117
1783310642,1000,,Aggregated,428.700000,0.000000,240,460,730,1000,2400,8800,13000,16000,20000,21000,21000,30157,0,240.0,1252.9187096589967,3.1908179953461513,21477.427068995894,5926.192127864178
1783310643,1000,,Aggregated,420.600000,0.000000,250,460,720,1000,2400,8700,13000,16000,20000,21000,21000,30624,0,250.0,1241.3633696204372,3.1908179953461513,21477.427068995894,5928.361089341693
1783310644,1000,,Aggregated,416.300000,0.000000,250,470,720,1000,2300,8700,13000,16000,20000,21000,21000,31066,0,250.0,1231.4425442049596,3.1908179953461513,21477.427068995894,5932.86808729801
1783310645,1000,,Aggregated,388.600000,0.000000,250,460,710,980,2300,8500,13000,16000,20000,21000,21000,31499,0,250.0,1218.329640989655,3.1908179953461513,21477.427068995894,5925.555350963523
1783310646,1000,,Aggregated,393.200000,0.000000,240,450,700,960,2300,8400,13000,16000,20000,21000,21000,31974,0,240.0,1201.2726282997417,3.1908179953461513,21477.427068995894,5917.228498154751
1783310647,1000,,Aggregated,393.800000,0.000000,240,450,680,950,2200,8400,13000,16000,20000,21000,21000,32410,0,240.0,1185.655979129953,3.1908179953461513,21477.427068995894,5923.039771675409
1783310649,1000,,Aggregated,410.500000,0.000000,230,440,670,940,2200,8300,13000,16000,20000,21000,21000,32841,0,230.0,1170.691231919767,3.1908179953461513,21477.427068995894,5919.27002831826
1783310650,1000,,Aggregated,416.500000,0.000000,240,440,670,920,2200,8300,13000,16000,20000,21000,21000,33288,0,240.0,1161.6897779701414,3.1908179953461513,21477.427068995894,5922.323960586397
1783310651,1000,,Aggregated,397.200000,0.000000,240,450,680,920,2100,8200,13000,16000,20000,21000,21000,33721,0,240.0,1154.7973120360045,3.1908179953461513,21477.427068995894,5924.264138074197
1783310652,1000,,Aggregated,386.600000,0.000000,240,450,670,920,2100,8100,13000,16000,20000,21000,21000,34114,0,240.0,1145.751540268016,3.1908179953461513,21477.427068995894,5915.3875534970975
1783310653,1000,,Aggregated,389.600000,0.000000,240,440,660,900,2000,7800,13000,16000,20000,21000,21000,34558,0,240.0,1134.053559774061,3.1908179953461513,21477.427068995894,5913.499074020488
1783310654,1000,,Aggregated,388.700000,0.000000,240,440,650,890,2000,7600,13000,16000,20000,21000,21000,34908,0,240.0,1125.2476139814412,3.1908179953461513,21477.427068995894,5907.203219892288
1783310655,1000,,Aggregated,415.800000,0.000000,240,440,640,880,2000,7500,12000,16000,19000,21000,21000,35184,0,240.0,1118.8670513579832,3.1908179953461513,21477.427068995894,5905.756167576171
1783310656,1000,,Aggregated,401.900000,0.000000,250,450,650,890,2000,7300,12000,15000,19000,21000,21000,35599,0,250.0,1113.68468317695,3.1908179953461513,21477.427068995894,5889.2553161605665
1783310657,1000,,Aggregated,397.300000,0.000000,250,460,680,900,1900,7200,12000,15000,19000,21000,21000,36077,0,250.0,1110.264402704163,3.1908179953461513,21477.427068995894,5905.126230008038
1783310658,1000,,Aggregated,368.200000,0.000000,250,460,670,900,1900,7100,12000,15000,19000,21000,21000,36493,0,250.0,1102.0537104340588,3.1908179953461513,21477.427068995894,5902.291288740306
1783310659,1000,,Aggregated,368.500000,0.000000,250,450,660,890,1900,6800,12000,15000,19000,21000,21000,36918,0,250.0,1091.1880568876486,3.1908179953461513,21477.427068995894,5895.924725066363
1783310660,1000,,Aggregated,367.600000,0.000000,250,440,650,870,1900,6700,12000,15000,19000,21000,21000,37379,0,250.0,1080.1099744353041,3.1908179953461513,21477.427068995894,5892.994542390112
1783310661,1000,,Aggregated,384.400000,0.000000,240,440,640,860,1800,6500,12000,15000,19000,21000,21000,37844,0,240.0,1068.0905387416515,3.1908179953461513,21477.427068995894,5888.3393668745375
1783310662,1000,,Aggregated,390.000000,0.000000,240,430,640,860,1800,6500,12000,15000,19000,21000,21000,38026,0,240.0,1064.0533555721636,3.1908179953461513,21477.427068995894,5884.63088413191
1783310663,1000,,Aggregated,393.300000,0.000000,240,430,640,840,1800,6400,12000,15000,19000,21000,21000,38521,0,240.0,1055.2403740400819,3.1908179953461513,21477.427068995894,5890.166221022299
1783310664,1000,,Aggregated,393.100000,0.000000,240,440,640,840,1800,6200,12000,15000,19000,21000,21000,38928,0,240.0,1049.2799628941318,3.1908179953461513,21477.427068995894,5885.285064734895
1783310665,1000,,Aggregated,377.900000,0.000000,250,440,630,830,1800,6200,12000,15000,19000,21000,21000,39336,0,250.0,1042.0989324715977,3.1908179953461513,21477.427068995894,5882.99163616026
1783310666,1000,,Aggregated,381.600000,0.000000,240,430,630,820,1700,6100,12000,15000,19000,21000,21000,39797,0,240.0,1032.6543577144184,3.1908179953461513,21477.427068995894,5876.595597658115
1783310667,1000,,Aggregated,384.200000,0.000000,240,430,620,810,1700,6100,12000,15000,19000,21000,21000,40241,0,240.0,1021.8616884999811,3.1908179953461513,21477.427068995894,5875.22072016103
1783310668,1000,,Aggregated,411.300000,0.000000,240,420,610,800,1700,6000,12000,15000,19000,21000,21000,40615,0,240.0,1013.6191033498343,3.1908179953461513,21477.427068995894,5871.3831589314295
1783310669,1000,,Aggregated,416.700000,0.000000,240,420,610,790,1700,5900,12000,15000,19000,21000,21000,40841,0,240.0,1009.2307842053646,3.1908179953461513,21477.427068995894,5869.661712494797
1783310670,1000,,Aggregated,408.700000,0.000000,240,420,610,790,1600,5800,12000,14000,19000,21000,21000,41323,0,240.0,1003.8721511412887,3.1908179953461513,21477.427068995894,5861.72966628754
1783310671,1000,,Aggregated,407.500000,0.000000,240,430,620,790,1600,5700,12000,14000,19000,21000,21000,41800,0,240.0,998.8804998849108,3.1908179953461513,21477.427068995894,5856.834545454545
1783310672,1000,,Aggregated,383.900000,0.000000,240,420,610,780,1600,5600,12000,14000,19000,21000,21000,42261,0,240.0,989.3337877127877,3.1908179953461513,21477.427068995894,5846.708927853103
1783310673,1000,,Aggregated,386.600000,0.000000,240,420,600,770,1600,5500,12000,14000,19000,21000,21000,42719,0,240.0,979.0599800732265,3.1908179953461513,21477.427068995894,5850.719164774457
1783310674,1000,,Aggregated,392.500000,0.000000,230,410,600,770,1600,5400,12000,14000,19000,21000,21000,43139,0,230.0,970.3270926548397,3.1908179953461513,21477.427068995894,5848.434316975358
1783310675,1000,,Aggregated,409.900000,0.000000,230,410,590,760,1600,5300,12000,14000,19000,21000,21000,43604,0,230.0,960.711440927784,3.1908179953461513,21477.427068995894,5845.76685625172
1783310676,1000,,Aggregated,414.200000,0.000000,220,400,580,750,1500,5200,12000,14000,19000,21000,21000,44056,0,220.0,951.3088708960186,3.1908179953461513,21477.427068995894,5849.225463047031
1783310678,1000,,Aggregated,417.000000,0.000000,220,400,580,740,1500,5100,12000,14000,19000,21000,21000,44466,0,220.0,943.140322272926,3.1908179953461513,21477.427068995894,5846.676584356587
1783310679,1000,,Aggregated,415.500000,0.000000,220,400,580,730,1500,5000,12000,14000,19000,21000,21000,44907,0,220.0,938.191767531362,3.1908179953461513,21477.427068995894,5845.100006680473
1783310680,1000,,Aggregated,412.100000,0.000000,230,400,580,730,1500,4700,12000,14000,19000,21000,21000,45362,0,230.0,933.7972415679586,3.1908179953461513,21477.427068995894,5848.254397954235
1783310681,1000,,Aggregated,400.800000,0.000000,230,410,580,730,1500,4500,12000,14000,19000,21000,21000,45754,0,230.0,929.0505576938574,3.1908179953461513,21477.427068995894,5844.4243781964415
1783310682,1000,,Aggregated,432.100000,0.000000,230,400,570,720,1500,4300,12000,14000,19000,21000,21000,46237,0,230.0,920.8995845627044,3.1908179953461513,21477.427068995894,5837.623721262193
1783310683,1000,,Aggregated,421.000000,0.000000,220,400,570,710,1400,4200,12000,14000,19000,21000,21000,46676,0,220.0,912.7588378354118,3.1908179953461513,21477.427068995894,5838.475769131888
1783310684,1000,,Aggregated,422.000000,0.000000,220,390,560,710,1400,4000,12000,14000,19000,21000,21000,47130,0,220.0,904.729922442765,3.1908179953461513,21477.427068995894,5841.173010821133
1783310685,1000,,Aggregated,422.400000,0.000000,210,390,550,700,1400,3800,11000,14000,19000,21000,21000,47609,0,210.0,895.8921793082321,3.1686750007793307,21477.427068995894,5839.042365939214
1783310686,1000,,Aggregated,420.000000,0.000000,210,380,550,700,1400,3800,11000,14000,19000,21000,21000,47968,0,210.0,889.3994859201064,3.1686750007793307,21477.427068995894,5841.253147931955
1783310687,1000,,Aggregated,426.600000,0.000000,210,380,550,690,1400,3600,11000,14000,19000,21000,21000,48422,0,210.0,884.3467245185778,3.1686750007793307,21477.427068995894,5839.522427822064
1783310688,1000,,Aggregated,426.800000,0.000000,210,380,550,690,1400,3500,11000,14000,19000,21000,21000,48860,0,210.0,880.2367396875931,3.1686750007793307,21477.427068995894,5837.078571428571
1783310689,1000,,Aggregated,402.000000,0.000000,210,380,550,680,1400,3400,11000,13000,19000,21000,21000,49299,0,210.0,874.5264833063476,3.1686750007793307,21477.427068995894,5834.961033692367
1783310690,1000,,Aggregated,415.700000,0.000000,210,380,540,670,1300,3300,11000,13000,19000,21000,21000,49774,0,210.0,867.0313787376826,3.1686750007793307,21477.427068995894,5833.464298629807
1783310691,1000,,Aggregated,427.900000,0.000000,210,370,530,670,1300,3300,11000,13000,19000,20000,21000,50200,0,210.0,859.9448323223808,3.1686750007793307,21477.427068995894,5834.22577689243
1783310692,1000,,Aggregated,425.300000,0.000000,210,370,530,660,1300,3200,11000,13000,19000,20000,21000,50604,0,210.0,854.0128198257933,3.1686750007793307,21477.427068995894,5831.775511817247
1783310693,1000,,Aggregated,429.500000,0.000000,210,370,530,660,1300,3100,11000,13000,19000,20000,21000,51014,0,210.0,848.74718140827,3.1686750007793307,21477.427068995894,5827.893146979261
1783310694,1000,,Aggregated,424.900000,0.000000,210,370,520,650,1300,3100,11000,13000,19000,20000,21000,51343,0,210.0,845.3692367376565,3.1686750007793307,21477.427068995894,5825.749293964123
1783310695,1000,,Aggregated,420.900000,0.000000,210,370,530,660,1300,3000,11000,13000,19000,20000,21000,51864,0,210.0,842.2522317946072,3.1686750007793307,21477.427068995894,5826.741111368194
1783310697,1000,,Aggregated,388.200000,0.000000,210,370,530,660,1300,2900,11000,13000,19000,20000,21000,52294,0,210.0,838.7325015352721,3.1686750007793307,21477.427068995894,5828.735552835889
1783310698,1000,,Aggregated,394.000000,0.000000,210,370,530,650,1300,2900,11000,13000,19000,20000,21000,52743,0,210.0,833.4019222004706,3.1686750007793307,21477.427068995894,5829.634093623798
1783310699,1000,,Aggregated,415.200000,0.000000,210,370,520,650,1300,2900,11000,13000,19000,20000,21000,53169,0,210.0,827.9145857396447,3.1686750007793307,21477.427068995894,5826.100189960315
1783310700,1000,,Aggregated,411.200000,0.000000,210,360,520,640,1300,2800,11000,13000,19000,20000,21000,53608,0,210.0,822.3209530021651,3.1686750007793307,21477.427068995894,5819.365038800179
1783310701,1000,,Aggregated,410.500000,0.000000,200,360,510,640,1200,2800,11000,13000,19000,20000,21000,54076,0,200.0,816.1747953987189,3.1686750007793307,21477.427068995894,5821.249482210223
1783310702,1000,,Aggregated,408.400000,0.000000,200,360,510,630,1200,2700,11000,13000,19000,20000,21000,54521,0,200.0,810.4320202402165,3.1686750007793307,21477.427068995894,5818.999908292218
1783310703,1000,,Aggregated,412.800000,0.000000,200,350,500,630,1200,2700,11000,13000,19000,20000,21000,54873,0,200.0,806.2016350728203,3.1686750007793307,21477.427068995894,5816.759389863868
1783310704,1000,,Aggregated,413.900000,0.000000,200,360,510,640,1200,2700,11000,13000,19000,20000,21000,55127,0,200.0,805.2051861367561,3.1686750007793307,21477.427068995894,5817.327842980753
1783310705,1000,,Aggregated,408.400000,0.000000,200,360,510,640,1200,2700,11000,13000,19000,20000,21000,55593,0,200.0,802.6005512886854,3.1686750007793307,21477.427068995894,5823.466659471516
1783310706,1000,,Aggregated,393.300000,0.000000,210,360,510,640,1200,2600,11000,13000,19000,20000,21000,56070,0,210.0,799.0754675420875,3.1686750007793307,21477.427068995894,5823.551346531121
1783310707,1000,,Aggregated,422.100000,0.000000,200,360,510,630,1200,2600,11000,13000,19000,20000,21000,56550,0,200.0,792.7279686379795,3.1686750007793307,21477.427068995894,5821.804208664898
1783310708,1000,,Aggregated,416.000000,0.000000,200,350,500,630,1200,2600,11000,13000,19000,20000,21000,56941,0,200.0,787.6183462744059,3.1686750007793307,21477.427068995894,5820.088038495987
1783310709,1000,,Aggregated,420.500000,0.000000,200,350,500,620,1200,2500,11000,13000,19000,20000,21000,57392,0,200.0,782.4529973755402,3.1686750007793307,21477.427068995894,5821.3533767772515
1783310710,1000,,Aggregated,416.000000,0.000000,200,350,500,620,1200,2500,11000,13000,19000,20000,21000,57811,0,200.0,778.5684100082494,3.1686750007793307,21477.427068995894,5822.49549393714
1783310711,1000,,Aggregated,419.500000,0.000000,200,350,500,620,1200,2500,11000,13000,19000,20000,21000,58160,0,200.0,776.0997236862781,3.1686750007793307,21477.427068995894,5820.572145804676
1783310712,1000,,Aggregated,419.500000,0.000000,200,350,490,620,1200,2500,11000,13000,19000,20000,21000,58521,0,200.0,773.4736428057345,3.1686750007793307,21477.427068995894,5817.415355171648
1783310713,1000,,Aggregated,403.900000,0.000000,200,350,500,620,1200,2500,11000,13000,19000,20000,21000,59053,0,200.0,771.1393552028726,3.1686750007793307,21477.427068995894,5811.613415067821
1783310714,1000,,Aggregated,402.600000,0.000000,200,360,500,620,1200,2500,10000,13000,19000,20000,21000,59611,0,200.0,768.032483592994,3.1686750007793307,21477.427068995894,5815.232893257956
1783310715,1000,,Aggregated,393.100000,0.000000,200,350,500,620,1100,2400,10000,13000,19000,20000,21000,60073,0,200.0,762.7535460898698,3.1686750007793307,21477.427068995894,5813.8031561600055
1783310716,1000,,Aggregated,414.800000,0.000000,200,350,490,610,1100,2400,10000,13000,19000,20000,21000,60505,0,200.0,757.5549164601892,3.0224490037653595,21477.427068995894,5814.627782827865
1783310717,1000,,Aggregated,413.600000,0.000000,200,350,490,610,1100,2400,10000,13000,19000,20000,21000,60958,0,200.0,752.5625373021863,3.0224490037653595,21477.427068995894,5812.685094655337
1783310718,1000,,Aggregated,413.900000,0.000000,200,340,490,600,1100,2400,10000,13000,19000,20000,21000,61362,0,200.0,748.7890646175425,3.0224490037653595,21477.427068995894,5811.856735438871
1783310719,1000,,Aggregated,405.600000,0.000000,200,340,480,600,1100,2400,10000,13000,19000,20000,21000,61830,0,200.0,743.7668818847746,3.0224490037653595,21477.427068995894,5809.997913634158
1783310720,1000,,Aggregated,413.300000,0.000000,190,340,480,600,1100,2300,9900,13000,19000,20000,21000,62254,0,190.0,739.5360945469747,3.0224490037653595,21477.427068995894,5806.826661740611
1783310722,1000,,Aggregated,415.700000,0.000000,190,340,480,590,1100,2300,9700,13000,19000,20000,21000,62647,0,190.0,735.7093968968727,3.0224490037653595,21477.427068995894,5804.223665937715
1783310723,1000,,Aggregated,424.100000,0.000000,190,340,480,600,1100,2300,9700,13000,19000,20000,21000,63074,0,190.0,733.8564365333763,3.0224490037653595,21477.427068995894,5795.605178044836
1783310724,1000,,Aggregated,412.400000,0.000000,200,340,480,600,1100,2300,9700,13000,19000,20000,21000,63537,0,200.0,732.6067074475034,3.0224490037653595,21477.427068995894,5798.70889403025
1783310725,1000,,Aggregated,421.000000,0.000000,200,340,480,600,1100,2300,9600,13000,19000,20000,21000,63980,0,200.0,729.6847964526254,3.0224490037653595,21477.427068995894,5796.144513910597
1783310726,1000,,Aggregated,417.100000,0.000000,200,340,480,590,1100,2300,9500,13000,19000,20000,21000,64435,0,200.0,725.4222220170533,3.0224490037653595,21477.427068995894,5791.024381159308
1783310727,1000,,Aggregated,415.600000,0.000000,190,340,470,590,1100,2200,9500,13000,19000,20000,21000,64842,0,190.0,721.4652928282596,3.0224490037653595,21477.427068995894,5795.162965361957
1783310728,1000,,Aggregated,415.500000,0.000000,190,330,470,590,1100,2200,9500,13000,19000,20000,21000,65243,0,190.0,718.2398329151493,3.0224490037653595,21477.427068995894,5797.197323850834
1783310729,1000,,Aggregated,415.600000,0.000000,190,330,470,580,1100,2200,9400,13000,19000,20000,21000,65688,0,190.0,715.0368046623126,3.0224490037653595,21477.427068995894,5800.468578735842
1783310730,1000,,Aggregated,409.300000,0.000000,190,330,470,580,1000,2200,9400,13000,19000,20000,21000,66171,0,190.0,710.8430798712141,3.0224490037653595,21477.427068995894,5798.122621692282
1783310731,1000,,Aggregated,409.500000,0.000000,190,330,460,580,1000,2200,9300,13000,19000,20000,21000,66563,0,190.0,707.0273624902835,3.0224490037653595,21477.427068995894,5800.886137944503
1783310732,1000,,Aggregated,412.900000,0.000000,190,330,470,580,1000,2100,9300,13000,19000,20000,21000,66965,0,190.0,705.7485574680625,3.0224490037653595,21477.427068995894,5796.209602030912
1783310733,1000,,Aggregated,412.000000,0.000000,190,340,470,580,1000,2100,9300,13000,19000,20000,21000,67431,0,190.0,705.3648449356049,3.0224490037653595,21477.427068995894,5802.448132164732
1783310734,1000,,Aggregated,393.800000,0.000000,200,340,470,580,1000,2100,9200,13000,19000,20000,21000,67850,0,200.0,703.2875382222812,3.0224490037653595,21477.427068995894,5800.860854826824
1783310735,1000,,Aggregated,407.600000,0.000000,190,330,470,580,1000,2100,9200,13000,19000,20000,21000,68260,0,190.0,699.8154048312136,3.0224490037653595,21477.427068995894,5799.97677995898
1783310736,1000,,Aggregated,407.400000,0.000000,190,330,470,580,1000,2100,9200,13000,19000,20000,21000,68750,0,190.0,695.4458361063677,3.0224490037653595,21477.427068995894,5801.408436363637
1783310737,1000,,Aggregated,408.800000,0.000000,190,330,460,570,1000,2000,9200,13000,19000,20000,21000,69172,0,190.0,691.4058816638519,3.0224490037653595,21477.427068995894,5801.985789047591
1783310738,1000,,Aggregated,404.800000,0.000000,190,330,460,570,1000,2000,9100,13000,19000,20000,21000,69616,0,190.0,687.6132477458629,3.0224490037653595,21477.427068995894,5803.369871868536
1783310739,1000,,Aggregated,414.000000,0.000000,190,320,460,570,1000,2000,9100,13000,19000,20000,21000,70084,0,190.0,683.796551444394,3.0224490037653595,21477.427068995894,5800.811212259574
1783310740,1000,,Aggregated,412.000000,0.000000,180,320,450,570,1000,2000,9100,12000,19000,20000,21000,70539,0,180.0,679.7160401171687,3.0224490037653595,21477.427068995894,5797.522973107076
1783310741,1000,,Aggregated,412.900000,0.000000,180,320,450,570,990,2000,9100,12000,19000,20000,21000,70675,0,180.0,678.8101255230991,3.0224490037653595,21477.427068995894,5796.6114043155285
1783310742,1000,,Aggregated,410.600000,0.000000,190,320,460,570,990,2000,9000,12000,19000,20000,21000,71128,0,190.0,677.819144187056,3.0224490037653595,21477.427068995894,5793.963361826566
1783310743,1000,,Aggregated,414.000000,0.000000,190,330,460,570,990,2000,9000,12000,19000,20000,21000,71581,0,190.0,677.612923831379,3.0224490037653595,21477.427068995894,5801.1032257163215
1783310744,1000,,Aggregated,413.800000,0.000000,190,330,460,570,990,1900,9000,12000,19000,20000,21000,72080,0,190.0,674.525786473987,3.0224490037653595,21477.427068995894,5798.221725860155
1783310745,1000,,Aggregated,411.200000,0.000000,190,320,460,570,980,1900,8900,12000,19000,20000,21000,72523,0,190.0,670.563024385753,3.0224490037653595,21477.427068995894,5798.145098796244
1783310746,1000,,Aggregated,411.900000,0.000000,180,320,460,570,980,1900,8900,12000,19000,20000,21000,72922,0,180.0,667.3550411074036,3.0224490037653595,21477.427068995894,5796.2109925674
1783310747,1000,,Aggregated,415.700000,0.000000,180,320,450,560,970,1900,8900,12000,19000,20000,21000,73376,0,180.0,664.2219453678224,3.0224490037653595,21477.427068995894,5796.314830462276
1783310748,1000,,Aggregated,418.500000,0.000000,180,320,450,560,970,1900,8800,12000,19000,20000,21000,73863,0,180.0,660.3242798160403,2.8314459923421964,21477.427068995894,5797.517999539688
1783310749,1000,,Aggregated,409.300000,0.000000,180,320,450,560,960,1900,8800,12000,19000,20000,21000,74287,0,180.0,656.7722368018273,2.8314459923421964,21477.427068995894,5799.216323179022
1783310750,1000,,Aggregated,415.800000,0.000000,180,310,450,550,960,1900,8800,12000,19000,20000,21000,74733,0,180.0,653.3852532115823,2.8314459923421964,21477.427068995894,5797.80169403075
1783310752,1000,,Aggregated,419.100000,0.000000,180,310,440,550,960,1900,8800,12000,19000,20000,21000,74998,0,180.0,651.3381239608672,2.8314459923421964,21477.427068995894,5798.563815035068
1783310753,1000,,Aggregated,414.200000,0.000000,180,310,450,550,950,1800,8800,12000,19000,20000,21000,75451,0,180.0,650.2020410349008,2.8314459923421964,21477.427068995894,5799.971160090655
1783310754,1000,,Aggregated,427.700000,0.000000,180,320,450,560,950,1800,8800,12000,19000,20000,21000,75980,0,180.0,648.9444996641803,2.8314459923421964,21477.427068995894,5804.376678073178
1783310755,1000,,Aggregated,415.500000,0.000000,180,310,450,550,950,1800,8800,12000,19000,20000,21000,76401,0,180.0,645.8380854938465,2.8314459923421964,21477.427068995894,5804.536223347862
1783310756,1000,,Aggregated,426.600000,0.000000,180,310,440,550,950,1800,8700,12000,19000,20000,21000,76861,0,180.0,642.1790208070319,2.8314459923421964,21477.427068995894,5800.3489936378655
1783310757,1000,,Aggregated,421.300000,0.000000,180,310,440,550,950,1800,8700,12000,19000,20000,21000,77295,0,180.0,639.1723102688704,2.8314459923421964,21477.427068995894,5799.380813765444
1783310758,1000,,Aggregated,419.500000,0.000000,180,310,440,540,940,1800,8700,12000,19000,20000,21000,77732,0,180.0,635.7495316173413,2.8314459923421964,21477.427068995894,5800.792517881953
1783310759,1000,,Aggregated,422.700000,0.000000,170,300,440,540,940,1800,8600,12000,19000,20000,21000,78206,0,170.0,632.3111055216873,2.8314459923421964,21477.427068995894,5798.969618699332
1783310760,1000,,Aggregated,424.400000,0.000000,170,300,430,540,930,1800,8500,12000,19000,20000,21000,78667,0,170.0,629.092217451649,2.8314459923421964,21477.427068995894,5799.429824449897
1783310761,1000,,Aggregated,421.100000,0.000000,170,300,430,540,930,1700,8500,12000,19000,20000,21000,79087,0,170.0,626.1781053981014,2.8314459923421964,21477.427068995894,5800.942569575278
1783310762,1000,,Aggregated,422.500000,0.000000,170,300,430,530,930,1700,8400,12000,19000,20000,21000,79561,0,170.0,622.8645178923559,2.8314459923421964,21477.427068995894,5798.389462173678
1783310763,1000,,Aggregated,423.100000,0.000000,170,300,420,530,920,1700,8400,12000,19000,20000,21000,79953,0,170.0,620.2966771834642,2.8314459923421964,21477.427068995894,5798.573349342739
1783310764,1000,,Aggregated,442.400000,0.000000,170,300,430,530,920,1700,8400,12000,19000,20000,21000,80378,0,170.0,619.9889615749998,2.8314459923421964,21477.427068995894,5794.7949687725495
1783310765,1000,,Aggregated,450.200000,0.000000,170,300,430,540,930,1700,8400,12000,19000,20000,21000,80819,0,170.0,620.4332014376732,2.8314459923421964,21477.427068995894,5800.558247441814
1783310766,1000,,Aggregated,408.200000,0.000000,170,300,440,540,930,1700,8400,12000,19000,20000,21000,81201,0,170.0,619.5650905381397,2.8314459923421964,21477.427068995894,5803.370685090085
1783310767,1000,,Aggregated,410.800000,0.000000,170,300,430,540,920,1700,8300,12000,19000,20000,21000,81687,0,170.0,617.2509392692775,2.8314459923421964,21477.427068995894,5802.88438796871
1783310768,1000,,Aggregated,409.200000,0.000000,170,300,430,540,920,1700,8300,12000,19000,20000,21000,82143,0,170.0,614.2245322135616,2.8314459923421964,21477.427068995894,5801.255128251951
1783310769,1000,,Aggregated,407.700000,0.000000,170,300,430,530,920,1700,8300,12000,19000,20000,21000,82577,0,170.0,611.4650387628446,2.8314459923421964,21477.427068995894,5798.300083558376
1783310770,1000,,Aggregated,408.100000,0.000000,170,300,430,530,910,1600,8300,12000,19000,20000,21000,82980,0,170.0,609.2522005804814,2.8314459923421964,21477.427068995894,5798.086225596529
1783310771,1000,,Aggregated,408.300000,0.000000,170,300,420,530,910,1600,8300,12000,19000,20000,21000,83411,0,170.0,607.1626216721215,2.8314459923421964,21477.427068995894,5797.635959285945
1783310772,1000,,Aggregated,409.000000,0.000000,170,300,420,530,910,1600,8200,12000,19000,20000,21000,83920,0,170.0,604.1755385909838,2.8314459923421964,21477.427068995894,5796.871603908484
1783310774,1000,,Aggregated,404.300000,0.000000,170,290,420,530,900,1600,8200,12000,19000,20000,21000,84270,0,170.0,601.7366544171633,2.8314459923421964,21477.427068995894,5795.1037617182865
1783310775,1000,,Aggregated,410.500000,0.000000,170,300,420,530,900,1600,8200,12000,19000,20000,21000,84656,0,170.0,601.3310630587852,2.8314459923421964,21477.427068995894,5788.842917217918
1783310776,1000,,Aggregated,431.700000,0.000000,170,300,430,530,910,1600,8100,12000,19000,20000,21000,85130,0,170.0,602.0951589171437,2.8314459923421964,21477.427068995894,5794.104076118877
1783310777,1000,,Aggregated,401.400000,0.000000,170,300,430,540,910,1600,8000,12000,19000,20000,21000,85558,0,170.0,601.2308137121793,2.8314459923421964,21477.427068995894,5794.496142967344
1783310778,1000,,Aggregated,404.800000,0.000000,170,300,430,530,910,1600,7900,12000,19000,20000,21000,86021,0,170.0,598.4775550061333,2.8314459923421964,21477.427068995894,5793.141976959115
1783310779,1000,,Aggregated,409.000000,0.000000,170,300,430,530,900,1600,7800,12000,19000,20000,21000,86411,0,170.0,596.2391900148897,2.8314459923421964,21477.427068995894,5794.45423615049
1783310780,1000,,Aggregated,407.300000,0.000000,170,300,420,530,900,1600,7700,12000,19000,20000,21000,86904,0,170.0,593.2081673167364,2.8314459923421964,21477.427068995894,5793.387922305073
1783310781,1000,,Aggregated,405.200000,0.000000,170,290,420,530,900,1600,7600,12000,19000,20000,21000,87346,0,170.0,590.4771748652447,2.8314459923421964,21477.427068995894,5793.498156755891
1783310782,1000,,Aggregated,406.500000,0.000000,170,290,420,520,890,1600,7500,12000,19000,20000,21000,87782,0,170.0,587.8493468073839,2.8314459923421964,21477.427068995894,5792.202945934247
1783310783,1000,,Aggregated,410.600000,0.000000,160,290,420,520,890,1500,7400,12000,19000,20000,21000,88241,0,160.0,584.9655875070296,2.8314459923421964,21477.427068995894,5794.062635282919
1783310784,1000,,Aggregated,410.500000,0.000000,160,290,410,520,890,1500,7300,12000,19000,20000,21000,88672,0,160.0,582.2964511511274,2.8314459923421964,21477.427068995894,5794.150667629015
1783310786,1000,,Aggregated,408.900000,0.000000,160,290,410,520,890,1500,7300,12000,19000,20000,21000,89096,0,160.0,579.8470220708323,2.8314459923421964,21477.427068995894,5794.3191164586515
1783310787,1000,,Aggregated,445.700000,0.000000,160,290,410,520,880,1500,7200,12000,19000,20000,21000,89549,0,160.0,579.3583114357832,2.8314459923421964,21477.427068995894,5792.24048286413
1783310788,1000,,Aggregated,421.000000,0.000000,160,290,420,520,890,1500,7200,12000,19000,20000,21000,90056,0,160.0,579.0010426917557,2.8314459923421964,21477.427068995894,5796.476014924047
1783310789,1000,,Aggregated,418.300000,0.000000,160,290,420,520,890,1500,7200,12000,19000,20000,21000,90475,0,160.0,577.0870273342476,2.8314459923421964,21477.427068995894,5792.343409781708
1783310790,1000,,Aggregated,421.700000,0.000000,160,290,410,520,880,1500,7100,12000,19000,20000,21000,90932,0,160.0,574.4887265940047,2.8314459923421964,21477.427068995894,5791.089539436062
1783310791,1000,,Aggregated,421.600000,0.000000,160,290,410,520,880,1500,7000,12000,19000,20000,21000,91388,0,160.0,572.0204971269085,2.8314459923421964,21477.427068995894,5792.450234166411
1783310792,1000,,Aggregated,422.300000,0.000000,160,280,410,510,880,1500,6900,12000,19000,20000,21000,91838,0,160.0,569.4778167603814,2.8314459923421964,21477.427068995894,5794.277989503255
1783310793,1000,,Aggregated,422.100000,0.000000,160,280,410,510,870,1500,6800,12000,19000,20000,21000,92303,0,160.0,566.7672762080648,2.8314459923421964,21477.427068995894,5790.627964421525
1783310794,1000,,Aggregated,424.400000,0.000000,160,280,400,510,870,1500,6800,12000,19000,20000,21000,92760,0,160.0,564.1498186138449,2.8314459923421964,21477.427068995894,5791.075528244934
1783310795,1000,,Aggregated,420.400000,0.000000,160,280,400,510,870,1500,6800,12000,19000,20000,21000,93174,0,160.0,561.9052843665953,2.8314459923421964,21477.427068995894,5791.911402322537
1783310796,1000,,Aggregated,422.800000,0.000000,150,280,400,500,870,1500,6700,12000,19000,20000,21000,93633,0,150.0,559.3944510310353,2.8314459923421964,21477.427068995894,5790.001174799483
1783310797,1000,,Aggregated,419.100000,0.000000,150,280,400,500,860,1400,6600,12000,19000,20000,21000,94090,0,150.0,556.9534079826749,2.8314459923421964,21477.427068995894,5791.372430651504
1783310799,1000,,Aggregated,445.600000,0.000000,150,270,400,500,860,1400,6600,12000,19000,20000,21000,94379,0,150.0,555.415490771527,2.8314459923421964,21477.427068995894,5792.315112472054
1783310800,1000,,Aggregated,436.200000,0.000000,150,280,400,510,870,1500,6500,12000,19000,20000,21000,94725,0,150.0,557.0866640669848,2.8314459923421964,21477.427068995894,5786.254294008973
1783310801,1000,,Aggregated,394.400000,0.000000,150,280,410,520,890,1500,6400,11000,19000,20000,21000,95218,0,150.0,560.3846231408777,2.8314459923421964,21477.427068995894,5794.490516498981
1783310802,1000,,Aggregated,380.100000,0.000000,160,280,410,520,900,1500,6400,11000,19000,20000,21000,95645,0,160.0,560.9670196030228,2.8314459923421964,21477.427068995894,5793.904835589942
1783310803,1000,,Aggregated,383.400000,0.000000,150,280,410,520,890,1500,6400,11000,19000,20000,21000,96126,0,150.0,558.5451182097379,2.8314459923421964,21477.427068995894,5790.242244554023
1783310804,1000,,Aggregated,379.300000,0.000000,150,280,410,510,890,1500,6400,11000,19000,20000,21000,96548,0,150.0,556.2622755872637,2.8314459923421964,21477.427068995894,5789.923851348552
1783310805,1000,,Aggregated,379.500000,0.000000,150,280,410,510,890,1500,6300,11000,19000,20000,21000,97038,0,150.0,553.655658997725,2.8314459923421964,21477.427068995894,5789.419753086419
1783310806,1000,,Aggregated,379.900000,0.000000,150,280,400,510,890,1500,6200,11000,19000,20000,21000,97491,0,150.0,551.2035518364403,2.8314459923421964,21477.427068995894,5789.881076201906
1783310807,1000,,Aggregated,386.400000,0.000000,150,270,400,510,880,1500,6200,11000,19000,20000,21000,97899,0,150.0,549.1793518742422,2.8314459923421964,21477.427068995894,5790.330503886658
1783310808,1000,,Aggregated,383.800000,0.000000,150,270,400,510,880,1500,6200,11000,19000,20000,21000,98376,0,150.0,547.1265109824493,2.8314459923421964,21477.427068995894,5789.868799300642
1783310809,1000,,Aggregated,378.900000,0.000000,150,270,400,500,880,1400,6200,11000,19000,20000,21000,98822,0,150.0,544.9678813928309,2.8314459923421964,21477.427068995894,5790.313938191901
1783310810,1000,,Aggregated,387.200000,0.000000,150,270,390,500,880,1400,6200,11000,19000,20000,21000,99277,0,150.0,542.7815097973672,2.8314459923421964,21477.427068995894,5788.825055148725
1783310811,1000,,Aggregated,434.000000,0.000000,150,270,390,500,870,1400,6100,11000,19000,20000,21000,99696,0,150.0,541.0311524127256,2.8314459923421964,21477.427068995894,5789.555097496389
1783310812,1000,,Aggregated,447.500000,0.000000,150,270,390,500,880,1400,6100,11000,19000,20000,21000,99805,0,150.0,541.1685602465307,2.8314459923421964,21477.427068995894,5788.930344171134
1783310813,1000,,Aggregated,438.800000,0.000000,150,270,400,510,880,1400,6100,11000,19000,20000,21000,100265,0,150.0,541.6184640850237,2.8314459923421964,21477.427068995894,5785.492714307086
1783310814,1000,,Aggregated,416.400000,0.000000,150,270,400,510,890,1400,6100,11000,19000,20000,21000,100681,0,150.0,542.563515067589,2.8314459923421964,21477.427068995894,5789.2339766192235
1783310815,1000,,Aggregated,404.400000,0.000000,150,270,400,510,880,1400,6000,11000,19000,20000,21000,101162,0,150.0,541.4095054803279,2.8314459923421964,21477.427068995894,5788.732182044641
1783310816,1000,,Aggregated,407.400000,0.000000,150,270,400,510,880,1400,6000,11000,19000,20000,21000,101572,0,150.0,539.5578393137278,2.8314459923421964,21477.427068995894,5788.244053479305
1783310817,1000,,Aggregated,404.900000,0.000000,150,270,400,510,880,1400,5900,11000,19000,20000,21000,102031,0,150.0,537.724325772747,2.8314459923421964,21477.427068995894,5788.258656682773
1783310818,1000,,Aggregated,405.200000,0.000000,150,270,400,500,880,1400,5900,11000,19000,20000,21000,102452,0,150.0,536.1571782537881,2.8314459923421964,21477.427068995894,5789.321535938781
1783310819,1000,,Aggregated,405.300000,0.000000,150,270,400,500,870,1400,5800,11000,19000,20000,21000,102919,0,150.0,534.4941831011852,2.8314459923421964,21477.427068995894,5787.333096901447
1783310820,1000,,Aggregated,404.100000,0.000000,150,270,390,500,870,1400,5800,11000,19000,20000,21000,103319,0,150.0,532.9730488580306,2.8314459923421964,21477.427068995894,5788.314521046468
1783310821,1000,,Aggregated,400.900000,0.000000,150,270,390,500,870,1400,5800,11000,19000,20000,21000,103727,0,150.0,531.6880920455313,2.8314459923421964,21477.427068995894,5789.8463563006735
1783310823,1000,,Aggregated,399.300000,0.000000,150,270,390,500,870,1400,5800,11000,19000,20000,21000,104083,0,150.0,530.4699665526348,2.8314459923421964,21477.427068995894,5789.276586954642
1783310824,1000,,Aggregated,427.500000,0.000000,150,270,390,500,870,1400,5700,11000,19000,20000,21000,104349,0,150.0,531.204367337808,2.8314459923421964,21477.427068995894,5783.200730241785
1783310825,1000,,Aggregated,400.900000,0.000000,150,270,400,510,890,1400,5700,11000,19000,20000,21000,104750,0,150.0,534.0890633524673,2.8314459923421964,21477.427068995894,5787.6692505966585
1783310826,1000,,Aggregated,369.900000,0.000000,150,270,400,510,900,1500,5600,11000,19000,20000,21000,105069,0,150.0,536.8847471137552,2.8314459923421964,21477.427068995894,5791.833338092111
1783310827,1000,,Aggregated,361.400000,0.000000,150,280,410,520,910,1500,5600,11000,19000,20000,21000,105416,0,150.0,538.7022305075128,2.8314459923421964,21477.427068995894,5789.592832207634
1783310828,1000,,Aggregated,352.200000,0.000000,150,280,410,520,910,1500,5600,11000,19000,20000,21000,105867,0,150.0,539.3419507983408,2.8314459923421964,21477.427068995894,5792.004316737038
1783310829,1000,,Aggregated,342.500000,0.000000,150,280,410,520,910,1500,5500,11000,19000,20000,21000,106305,0,150.0,538.1499717387032,2.8314459923421964,21477.427068995894,5794.351422792907
1783310830,1000,,Aggregated,343.800000,0.000000,150,280,410,520,910,1500,5500,11000,19000,20000,21000,106723,0,150.0,536.5518480272297,2.8314459923421964,21477.427068995894,5795.812102358442
1783310831,1000,,Aggregated,343.900000,0.000000,150,280,410,520,900,1500,5400,11000,19000,20000,21000,107166,0,150.0,535.1031070292892,2.8314459923421964,21477.427068995894,5793.424406994755
1783310832,1000,,Aggregated,345.500000,0.000000,150,280,400,520,900,1500,5400,11000,19000,20000,21000,107643,0,150.0,533.2514139512605,2.8314459923421964,21477.427068995894,5793.20809527791
1783310833,1000,,Aggregated,343.200000,0.000000,150,270,400,510,900,1400,5400,11000,19000,20000,21000,107968,0,150.0,531.9627519498708,2.8314459923421964,21477.427068995894,5792.9997221398935
1783310834,1000,,Aggregated,344.500000,0.000000,150,280,410,520,900,1400,5400,11000,19000,20000,21000,108301,0,150.0,532.22590559459,2.8314459923421964,21477.427068995894,5786.387503347153
1783310835,1000,,Aggregated,379.800000,0.000000,150,280,410,520,910,1400,5300,11000,19000,20000,21000,108756,0,150.0,533.8118119481543,2.8314459923421964,21477.427068995894,5790.180946338593
1783310836,1000,,Aggregated,371.000000,0.000000,160,280,410,530,910,1400,5300,11000,19000,20000,21000,109147,0,160.0,534.207347149775,2.8314459923421964,21477.427068995894,5791.429457520591
1783310837,1000,,Aggregated,372.700000,0.000000,160,280,410,530,910,1400,5200,11000,19000,20000,21000,109645,0,160.0,533.2411738270001,2.8314459923421964,21477.427068995894,5790.263833280132
1783310838,1000,,Aggregated,380.300000,0.000000,150,280,410,530,910,1400,5200,11000,19000,20000,21000,110044,0,150.0,531.592374900179,2.8314459923421964,21477.427068995894,5789.512058812838
1783310839,1000,,Aggregated,387.500000,0.000000,160,280,410,520,910,1400,5200,11000,19000,20000,21000,110413,0,160.0,530.4334023530494,2.8314459923421964,21477.427068995894,5789.537798991061
1783310841,1000,,Aggregated,393.400000,0.000000,160,280,410,520,910,1400,5100,11000,19000,20000,21000,110859,0,160.0,529.6160221561818,2.8314459923421964,21477.427068995894,5790.297251463571
1783310842,1000,,Aggregated,380.000000,0.000000,160,280,410,520,900,1400,5100,11000,19000,20000,21000,111290,0,160.0,528.458136248182,2.8314459923421964,21477.427068995894,5790.475559349447
1783310843,1000,,Aggregated,387.700000,0.000000,160,280,410,520,900,1400,5100,11000,19000,20000,21000,111763,0,160.0,526.8420980828888,2.8314459923421964,21477.427068995894,5789.283358535472
1783310844,1000,,Aggregated,382.100000,0.000000,150,280,410,520,900,1400,5100,11000,19000,20000,21000,112176,0,150.0,525.0488893646218,2.8314459923421964,21477.427068995894,5790.055457495365
1783310845,1000,,Aggregated,387.700000,0.000000,160,280,410,520,900,1400,5000,11000,19000,20000,21000,112572,0,160.0,525.09242417163,2.8314459923421964,21477.427068995894,5788.300776391998
1783310846,1000,,Aggregated,420.700000,0.000000,160,280,410,530,900,1400,4900,11000,19000,20000,21000,113084,0,160.0,525.8138102836374,2.8314459923421964,21477.427068995894,5793.449718793109
1783310847,1000,,Aggregated,393.300000,0.000000,160,280,410,520,900,1400,4700,11000,19000,20000,21000,113506,0,160.0,524.7843952313169,2.8314459923421964,21477.427068995894,5793.908859443553
1783310848,1000,,Aggregated,402.800000,0.000000,160,280,410,520,900,1400,4600,11000,19000,20000,21000,113972,0,160.0,522.8141164020241,2.8314459923421964,21477.427068995894,5792.862738216404
1783310849,1000,,Aggregated,406.400000,0.000000,150,280,410,520,900,1400,4500,11000,19000,20000,21000,114410,0,150.0,520.990940678266,2.8314459923421964,21477.427068995894,5791.95128922297
1783310850,1000,,Aggregated,401.400000,0.000000,150,280,410,520,900,1400,4500,11000,19000,20000,21000,114882,0,150.0,519.0231409011379,2.8314459923421964,21477.427068995894,5794.349663132605
1783310851,1000,,Aggregated,407.500000,0.000000,150,280,410,520,890,1400,4400,11000,19000,20000,21000,115329,0,150.0,517.4658048841126,2.8314459923421964,21477.427068995894,5793.778364505025
1783310852,1000,,Aggregated,416.000000,0.000000,150,280,400,510,890,1400,4300,11000,19000,20000,21000,115754,0,150.0,516.0232741217558,2.8314459923421964,21477.427068995894,5794.115909601396
1783310853,1000,,Aggregated,415.000000,0.000000,150,270,400,510,890,1400,4200,11000,19000,20000,21000,116194,0,150.0,514.5536423442072,2.8314459923421964,21477.427068995894,5792.4528719210975
1783310854,1000,,Aggregated,417.600000,0.000000,150,270,400,510,890,1400,4200,11000,19000,20000,21000,116596,0,150.0,513.0224950997525,2.8314459923421964,21477.427068995894,5792.022187725136
1783310855,1000,,Aggregated,411.100000,0.000000,150,270,400,510,890,1400,4200,11000,19000,20000,21000,117023,0,150.0,511.82065752273246,2.8314459923421964,21477.427068995894,5791.254197892722
1783310856,1000,,Aggregated,413.500000,0.000000,150,270,400,510,890,1400,4100,11000,19000,20000,21000,117149,0,150.0,511.4835301962869,2.8314459923421964,21477.427068995894,5790.876499159191
1783310857,1000,,Aggregated,441.500000,0.000000,150,280,400,510,890,1400,4000,11000,19000,20000,21000,117599,0,150.0,512.1298876759749,2.8314459923421964,21477.427068995894,5786.167697004226
1783310858,1000,,Aggregated,434.500000,0.000000,150,280,410,520,900,1400,4000,11000,19000,20000,21000,118076,0,150.0,513.1190704233205,2.8314459923421964,21477.427068995894,5790.168908160846
1783310859,1000,,Aggregated,402.300000,0.000000,150,280,410,520,890,1400,3900,11000,19000,20000,21000,118485,0,150.0,512.7969656473089,2.8314459923421964,21477.427068995894,5788.450934717474
1783310860,1000,,Aggregated,400.500000,0.000000,160,280,410,520,890,1400,3900,11000,19000,20000,21000,118867,0,160.0,511.98182471189256,2.8314459923421964,21477.427068995894,5787.525898693498
1783310861,1000,,Aggregated,399.600000,0.000000,160,280,410,520,890,1400,3800,10000,19000,20000,21000,119257,0,160.0,511.3368406650814,2.8314459923421964,21477.427068995894,5787.183611863455
1783310862,1000,,Aggregated,395.600000,0.000000,160,280,410,520,890,1400,3800,10000,19000,20000,21000,119672,0,160.0,510.8702185774666,2.8314459923421964,21477.427068995894,5784.748278628251
1783310863,1000,,Aggregated,389.300000,0.000000,160,280,410,520,890,1400,3700,10000,19000,20000,21000,120049,0,160.0,510.46503790521024,2.8314459923421964,21477.427068995894,5785.817549500621
1783310864,1000,,Aggregated,382.300000,0.000000,160,280,410,520,890,1400,3700,10000,19000,20000,21000,120461,0,160.0,509.9008799155394,2.8314459923421964,21477.427068995894,5784.391338275458
1783310865,1000,,Aggregated,382.700000,0.000000,160,280,410,520,880,1400,3600,10000,19000,20000,21000,120906,0,160.0,508.9647576835219,2.8314459923421964,21477.427068995894,5784.426157510794
1783310867,1000,,Aggregated,378.800000,0.000000,160,280,410,520,890,1400,3600,10000,19000,20000,21000,121065,0,160.0,509.21911717077614,2.8314459923421964,21477.427068995894,5785.053533225953
1783310868,1000,,Aggregated,377.500000,0.000000,160,290,410,520,890,1400,3600,10000,19000,20000,21000,121539,0,160.0,509.54330792841824,2.8314459923421964,21477.427068995894,5781.925250331169
1783310869,1000,,Aggregated,372.300000,0.000000,160,290,420,520,890,1400,3500,10000,19000,20000,21000,121987,0,160.0,509.8497050920669,2.8314459923421964,21477.427068995894,5784.868133489634
1783310870,1000,,Aggregated,380.000000,0.000000,160,290,420,520,890,1400,3500,10000,19000,20000,21000,122402,0,160.0,508.9194167751276,2.8314459923421964,21477.427068995894,5783.452737700364
1783310871,1000,,Aggregated,381.200000,0.000000,160,290,410,520,890,1300,3500,10000,19000,20000,21000,122843,0,160.0,507.7099283262372,2.8314459923421964,21477.427068995894,5783.385768826876
1783310872,1000,,Aggregated,381.400000,0.000000,160,290,410,520,880,1300,3400,10000,19000,20000,21000,123288,0,160.0,506.41478925820826,2.8314459923421964,21477.427068995894,5786.130742651353
1783310873,1000,,Aggregated,387.600000,0.000000,160,280,410,520,880,1300,3400,10000,19000,20000,21000,123767,0,160.0,504.8243599332601,2.8314459923421964,21477.427068995894,5785.100996226781
1783310874,1000,,Aggregated,393.500000,0.000000,160,280,410,520,880,1300,3400,9900,19000,20000,21000,124213,0,160.0,503.2075800923556,2.8314459923421964,21477.427068995894,5784.42460128972
1783310875,1000,,Aggregated,401.200000,0.000000,160,280,410,510,880,1300,3300,9900,19000,20000,21000,124638,0,160.0,501.66238250744215,2.8314459923421964,21477.427068995894,5784.675251528426
1783310876,1000,,Aggregated,405.800000,0.000000,160,280,410,510,880,1300,3300,9800,19000,20000,21000,125137,0,160.0,499.7724119041719,2.8314459923421964,21477.427068995894,5784.040835244572
1783310877,1000,,Aggregated,407.600000,0.000000,160,280,400,510,880,1300,3300,9700,19000,20000,21000,125586,0,160.0,498.217163316798,2.8314459923421964,21477.427068995894,5784.243864761996
1783310878,1000,,Aggregated,413.300000,0.000000,160,280,400,510,870,1300,3200,9700,19000,20000,21000,126024,0,160.0,496.59636665033884,2.8314459923421964,21477.427068995894,5784.240739859075
1783310879,1000,,Aggregated,449.800000,0.000000,150,280,400,510,870,1300,3200,9700,19000,20000,21000,126476,0,150.0,494.9335793023449,2.8314459923421964,21477.427068995894,5782.3303709794745
1783310880,1000,,Aggregated,446.800000,0.000000,150,280,400,510,870,1300,3200,9700,19000,20000,21000,126500,0,150.0,494.9587207826036,2.8314459923421964,21477.427068995894,5781.7746798418975
1783310881,1000,,Aggregated,444.300000,0.000000,160,280,400,510,870,1300,3200,9700,19000,20000,21000,126951,0,160.0,495.5284277686313,2.8314459923421964,21477.427068995894,5778.390489243881
1783310882,1000,,Aggregated,414.100000,0.000000,160,280,410,520,880,1300,3100,9600,19000,20000,21000,127391,0,160.0,497.03623515417434,2.8314459923421964,21477.427068995894,5781.506880391865
1783310883,1000,,Aggregated,406.500000,0.000000,160,280,410,520,880,1300,3100,9600,19000,20000,21000,127873,0,160.0,496.7782095712185,2.8314459923421964,21477.427068995894,5780.047437692085
1783310884,1000,,Aggregated,408.800000,0.000000,160,280,410,510,880,1300,3100,9600,19000,20000,21000,128302,0,160.0,495.24687654023023,2.8314459923421964,21477.427068995894,5779.746792723418
1783310885,1000,,Aggregated,403.300000,0.000000,160,280,410,510,880,1300,3100,9500,19000,20000,21000,128754,0,160.0,493.88563397155355,2.8314459923421964,21477.427068995894,5781.40416608416
1783310886,1000,,Aggregated,406.000000,0.000000,150,280,400,510,880,1300,3000,9500,19000,20000,21000,129233,0,150.0,492.2255504926546,2.8314459923421964,21477.427068995894,5782.158581786386
1783310887,1000,,Aggregated,405.300000,0.000000,150,280,400,510,880,1300,3000,9500,19000,20000,21000,129691,0,150.0,490.5787866821857,2.8314459923421964,21477.427068995894,5782.403351042092
1783310888,1000,,Aggregated,405.000000,0.000000,150,280,400,510,880,1300,3000,9500,19000,20000,21000,130134,0,150.0,489.01014543806684,2.8314459923421964,21477.427068995894,5783.2603470269105
1783310889,1000,,Aggregated,408.700000,0.000000,150,270,400,510,870,1300,2900,9500,19000,20000,21000,130578,0,150.0,487.43656797810775,2.8314459923421964,21477.427068995894,5783.68182235905
1783310890,1000,,Aggregated,404.900000,0.000000,150,270,400,500,870,1300,2900,9500,19000,20000,21000,130997,0,150.0,485.9875964081641,2.8314459923421964,21477.427068995894,5784.248043848333
1783310891,1000,,Aggregated,406.900000,0.000000,150,270,400,500,870,1300,2900,9400,19000,20000,21000,131497,0,150.0,484.6178674512201,2.8314459923421964,21477.427068995894,5785.37809227587
1783310892,1000,,Aggregated,440.800000,0.000000,150,270,390,500,870,1300,2900,9400,19000,20000,21000,131923,0,150.0,483.15269629828265,2.8314459923421964,21477.427068995894,5785.847873380684
1783310893,1000,,Aggregated,446.800000,0.000000,150,270,390,500,870,1300,2900,9400,19000,20000,21000,132327,0,150.0,481.85202198482784,2.8314459923421964,21477.427068995894,5785.952511581158
1783310894,1000,,Aggregated,448.200000,0.000000,150,270,400,500,870,1300,2900,9300,19000,20000,21000,132685,0,150.0,481.99596962827957,2.8314459923421964,21477.427068995894,5780.528258657723
1783310895,1000,,Aggregated,448.100000,0.000000,150,270,400,510,880,1300,2900,9300,19000,20000,21000,133087,0,150.0,483.55349010781896,2.8314459923421964,21477.427068995894,5784.279659170317
1783310896,1000,,Aggregated,413.700000,0.000000,150,270,400,510,880,1300,2900,9300,19000,20000,21000,133528,0,150.0,484.2281233113965,2.8314459923421964,21477.427068995894,5785.130272302438
1783310897,1000,,Aggregated,410.000000,0.000000,150,270,400,510,880,1300,2800,9300,19000,20000,21000,134019,0,150.0,483.02321480642297,2.8314459923421964,21477.427068995894,5785.623948843075
1783310899,1000,,Aggregated,397.400000,0.000000,150,270,400,510,880,1300,2800,9300,19000,20000,21000,134438,0,150.0,481.61375334934326,2.8314459923421964,21477.427068995894,5785.684166679064
1783310900,1000,,Aggregated,397.400000,0.000000,150,270,400,510,870,1300,2800,9300,19000,20000,21000,134901,0,150.0,480.19314560920816,2.8314459923421964,21477.427068995894,5784.199768719283
1783310901,1000,,Aggregated,399.200000,0.000000,150,270,400,500,870,1300,2800,9200,19000,20000,21000,135379,0,150.0,478.70811602714383,2.8314459923421964,21477.427068995894,5784.646747279859
1783310902,1000,,Aggregated,400.900000,0.000000,150,270,400,500,870,1300,2800,9200,19000,20000,21000,135807,0,150.0,477.54082407403064,2.8314459923421964,21477.427068995894,5783.628627390341
1783310903,1000,,Aggregated,405.300000,0.000000,150,270,390,500,870,1300,2800,9200,19000,20000,21000,136232,0,150.0,476.3683783508259,2.8314459923421964,21477.427068995894,5783.3249089788005
1783310904,1000,,Aggregated,400.200000,0.000000,150,270,390,500,870,1300,2800,9200,19000,20000,21000,136664,0,150.0,475.06009335516865,2.8314459923421964,21477.427068995894,5781.595189662237
1783310905,1000,,Aggregated,399.200000,0.000000,150,270,390,500,870,1300,2700,9200,19000,20000,21000,137093,0,150.0,474.02954708167323,2.8314459923421964,21477.427068995894,5782.155850408117
1783310906,1000,,Aggregated,431.700000,0.000000,150,270,390,500,860,1300,2700,9200,19000,20000,21000,137536,0,150.0,473.12092387403277,2.8314459923421964,21477.427068995894,5784.3363628431825
1783310907,1000,,Aggregated,431.700000,0.000000,150,270,390,500,860,1300,2700,9200,19000,20000,21000,137608,0,150.0,472.96022265251224,2.8314459923421964,21477.427068995894,5784.682830940062
1783310908,1000,,Aggregated,441.400000,0.000000,150,270,390,500,870,1300,2700,9200,19000,20000,21000,138000,0,150.0,473.8936896165939,2.8314459923421964,21477.427068995894,5778.784898550724
1783310909,1000,,Aggregated,407.900000,0.000000,150,270,400,510,880,1300,2700,9200,19000,20000,21000,138551,0,150.0,476.0636920104229,2.8314459923421964,21477.427068995894,5787.067318171648
1783310910,1000,,Aggregated,385.000000,0.000000,150,270,400,510,880,1300,2700,9100,19000,20000,21000,138983,0,150.0,475.55100291614264,2.8314459923421964,21477.427068995894,5788.073066490147
1783310911,1000,,Aggregated,391.700000,0.000000,150,270,400,510,880,1300,2700,9100,19000,20000,21000,139434,0,150.0,474.10271430363485,2.8314459923421964,21477.427068995894,5785.768126855717
1783310912,1000,,Aggregated,388.500000,0.000000,150,270,400,500,880,1300,2600,9100,19000,20000,21000,139801,0,150.0,473.1470294523285,2.8314459923421964,21477.427068995894,5784.604051473166
1783310913,1000,,Aggregated,392.300000,0.000000,150,270,390,500,870,1300,2600,9100,19000,20000,21000,140288,0,150.0,472.0713503813965,2.8314459923421964,21477.427068995894,5783.130937785128
1783310914,1000,,Aggregated,386.700000,0.000000,150,270,390,500,870,1300,2600,9100,19000,20000,21000,140777,0,150.0,470.8842725941145,2.8314459923421964,21477.427068995894,5782.712389097651
1783310915,1000,,Aggregated,389.300000,0.000000,150,260,390,500,870,1300,2600,9100,19000,20000,21000,141219,0,150.0,469.52932510443765,2.8314459923421964,21477.427068995894,5781.558380954404
1783310916,1000,,Aggregated,390.000000,0.000000,150,260,390,500,870,1300,2600,9100,19000,20000,21000,141656,0,150.0,468.1722060168837,2.8314459923421964,21477.427068995894,5780.454643643757
1783310917,1000,,Aggregated,396.700000,0.000000,150,260,390,500,870,1300,2600,9000,19000,20000,21000,142108,0,150.0,466.83152385404617,2.8314459923421964,21477.427068995894,5782.043361387114
1783310918,1000,,Aggregated,396.500000,0.000000,140,260,390,490,870,1300,2600,9000,19000,20000,21000,142538,0,140.0,465.5821428707208,2.8314459923421964,21477.427068995894,5783.018521376755
1783310919,1000,,Aggregated,429.600000,0.000000,140,260,390,490,860,1300,2600,9000,19000,20000,21000,143002,0,140.0,464.3939722588068,2.8314459923421964,21477.427068995894,5782.550041258164
1783310920,1000,,Aggregated,447.800000,0.000000,140,260,380,490,860,1300,2600,9000,19000,20000,21000,143448,0,140.0,463.0956717030871,2.8314459923421964,21477.427068995894,5781.803050582789
1783310922,1000,,Aggregated,441.900000,0.000000,140,260,380,490,860,1300,2600,9000,19000,20000,21000,143453,0,140.0,463.08998032483413,2.8314459923421964,21477.427068995894,5781.816594982329
1783310923,1000,,Aggregated,416.500000,0.000000,140,260,390,500,870,1300,2600,9000,19000,20000,21000,143821,0,140.0,464.0371467734778,2.8314459923421964,21477.427068995894,5774.244157668212
1783310924,1000,,Aggregated,380.100000,0.000000,140,260,390,500,880,1300,2500,9000,19000,20000,21000,144332,0,140.0,467.24947500376413,2.8314459923421964,21477.427068995894,5782.560818113793
1783310925,1000,,Aggregated,370.900000,0.000000,150,260,390,510,880,1300,2500,8900,19000,20000,21000,144730,0,150.0,467.95061393870884,2.8314459923421964,21477.427068995894,5782.263193532785
1783310926,1000,,Aggregated,376.200000,0.000000,140,260,390,500,880,1300,2500,8900,19000,20000,21000,145189,0,140.0,466.6236010351439,2.8314459923421964,21477.427068995894,5781.488583845884
1783310927,1000,,Aggregated,369.400000,0.000000,140,260,390,500,880,1300,2500,8900,19000,20000,21000,145616,0,140.0,465.3434556929569,2.8314459923421964,21477.427068995894,5779.038361169102
1783310928,1000,,Aggregated,371.400000,0.000000,140,260,390,500,880,1300,2500,8900,19000,20000,21000,146070,0,140.0,464.11583423113797,2.8314459923421964,21477.427068995894,5780.527206134046
1783310929,1000,,Aggregated,368.500000,0.000000,140,260,390,500,880,1300,2500,8900,19000,20000,21000,146501,0,140.0,463.1442030472171,2.8314459923421964,21477.427068995894,5777.66600910574
1783310930,1000,,Aggregated,370.300000,0.000000,140,260,390,500,880,1300,2500,8900,19000,20000,21000,146994,0,140.0,461.9748426000485,2.8314459923421964,21477.427068995894,5777.888546471285
1783310931,1000,,Aggregated,369.700000,0.000000,140,260,390,500,880,1300,2500,8900,19000,20000,21000,147370,0,140.0,460.9743039933414,2.8314459923421964,21477.427068995894,5779.34738413517
1783310932,1000,,Aggregated,370.400000,0.000000,140,260,380,490,870,1300,2500,8800,19000,20000,21000,147868,0,140.0,459.7268881075737,2.8314459923421964,21477.427068995894,5779.461465631509
1783310933,1000,,Aggregated,388.900000,0.000000,140,260,380,490,870,1300,2500,8800,19000,20000,21000,148301,0,140.0,458.5189292138263,2.8314459923421964,21477.427068995894,5780.046250531014
1783310934,1000,,Aggregated,435.600000,0.000000,140,260,380,490,870,1300,2500,8800,19000,20000,21000,148739,0,140.0,457.4388704300535,2.8314459923421964,21477.427068995894,5779.461250916034
1783310936,1000,,Aggregated,444.200000,0.000000,140,250,380,490,870,1300,2500,8800,19000,20000,21000,149150,0,140.0,456.50398566632674,2.8314459923421964,21477.427068995894,5778.550170968823
1783310937,1000,,Aggregated,440.600000,0.000000,140,260,380,490,870,1300,2500,8800,19000,20000,21000,149472,0,140.0,457.32765336267425,2.8314459923421964,21477.427068995894,5773.940584189681
1783310938,1000,,Aggregated,397.000000,0.000000,140,260,390,500,880,1300,2500,8800,19000,20000,21000,149932,0,140.0,459.7316902999746,2.8314459923421964,21477.427068995894,5777.21146252968
1783310939,1000,,Aggregated,373.400000,0.000000,140,260,390,500,890,1300,2500,8800,19000,20000,21000,150362,0,140.0,460.7359502903444,2.8314459923421964,21477.427068995894,5779.83210518615
1783310940,1000,,Aggregated,369.600000,0.000000,140,260,390,500,890,1300,2400,8800,19000,20000,21000,150826,0,140.0,459.65559641067665,2.8314459923421964,21477.427068995894,5777.39153726811
1783310941,1000,,Aggregated,376.200000,0.000000,140,260,390,500,880,1300,2400,8800,19000,20000,21000,151276,0,140.0,458.49012979747414,2.8314459923421964,21477.427068995894,5778.626788122372
1783310942,1000,,Aggregated,376.000000,0.000000,140,260,390,500,880,1300,2400,8800,19000,20000,21000,151745,0,140.0,457.14826633361656,2.8314459923421964,21477.427068995894,5777.582167451976
1783310943,1000,,Aggregated,377.200000,0.000000,140,260,380,500,880,1300,2400,8800,19000,20000,21000,152175,0,140.0,455.9311768098031,2.8314459923421964,21477.427068995894,5778.420982421554
1783310944,1000,,Aggregated,375.300000,0.000000,140,250,380,500,880,1300,2400,8800,19000,20000,21000,152625,0,140.0,454.69505936284304,2.8314459923421964,21477.427068995894,5776.298332514332
1783310945,1000,,Aggregated,377.000000,0.000000,140,250,380,490,880,1300,2400,8700,19000,20000,21000,153081,0,140.0,453.53513182816084,2.8314459923421964,21477.427068995894,5776.741816423984
1783310946,1000,,Aggregated,376.700000,0.000000,140,250,380,490,880,1300,2400,8700,19000,20000,21000,153485,0,140.0,452.78286759487776,2.8314459923421964,21477.427068995894,5776.133172622732
1783310947,1000,,Aggregated,379.300000,0.000000,140,250,380,490,880,1300,2400,8700,19000,20000,21000,153957,0,140.0,451.66014803498376,2.8314459923421964,21477.427068995894,5775.588456517079
1783310948,1000,,Aggregated,416.500000,0.000000,140,250,380,490,870,1300,2400,8700,19000,20000,21000,154393,0,140.0,450.5305562280608,2.8314459923421964,21477.427068995894,5775.459165894827
1783310949,1000,,Aggregated,446.600000,0.000000,140,250,380,490,870,1300,2400,8700,19000,20000,21000,154881,0,140.0,449.2440054268823,2.8314459923421964,21477.427068995894,5775.290003292851
1783310950,1000,,Aggregated,446.600000,0.000000,140,250,380,490,870,1300,2400,8700,19000,20000,21000,154986,0,140.0,448.95217200965214,2.8314459923421964,21477.427068995894,5775.009187926651
1783310951,1000,,Aggregated,444.900000,0.000000,140,250,380,490,870,1300,2400,8700,19000,20000,21000,155305,0,140.0,449.42916553398857,2.8314459923421964,21477.427068995894,5769.072875953769
1783310952,1000,,Aggregated,427.700000,0.000000,140,250,380,500,890,1300,2400,8700,19000,20000,21000,155824,0,140.0,452.1923575028815,2.8314459923421964,21477.427068995894,5774.38165494404
1783310953,1000,,Aggregated,387.800000,0.000000,140,250,390,500,890,1300,2400,8600,19000,20000,21000,156238,0,140.0,452.9042422491132,2.8314459923421964,21477.427068995894,5773.537519681511
1783310954,1000,,Aggregated,377.500000,0.000000,140,250,380,500,890,1300,2400,8600,19000,20000,21000,156672,0,140.0,451.8032219417751,2.8314459923421964,21477.427068995894,5773.565014808007
1783310955,1000,,Aggregated,383.400000,0.000000,140,250,380,500,890,1300,2300,8600,19000,20000,21000,157168,0,140.0,450.5079678682796,2.8314459923421964,21477.427068995894,5773.959037463097
1783310957,1000,,Aggregated,376.100000,0.000000,140,250,380,490,890,1300,2300,8500,19000,20000,21000,157628,0,140.0,449.3383009563079,2.8314459923421964,21477.427068995894,5773.405270637197
1783310958,1000,,Aggregated,385.300000,0.000000,140,250,380,490,890,1300,2300,8500,19000,20000,21000,158044,0,140.0,448.37513495272736,2.8314459923421964,21477.427068995894,5771.186125382805
1783310959,1000,,Aggregated,383.800000,0.000000,140,250,380,490,880,1300,2300,8500,19000,20000,21000,158520,0,140.0,447.28328334899516,2.8314459923421964,21477.427068995894,5771.018483472117
1783310960,1000,,Aggregated,382.400000,0.000000,140,250,380,490,880,1300,2300,8500,19000,20000,21000,158949,0,140.0,446.2426117987324,2.8314459923421964,21477.427068995894,5772.3589641960625
1783310961,1000,,Aggregated,382.500000,0.000000,130,250,380,490,880,1300,2300,8400,19000,20000,21000,159401,0,130.0,445.2264944690428,2.8314459923421964,21477.427068995894,5773.538622718804
1783310962,1000,,Aggregated,394.800000,0.000000,130,250,380,490,880,1300,2300,8400,19000,20000,21000,159848,0,130.0,444.151239840091,2.8314459923421964,21477.427068995894,5775.197174816075
1783310963,1000,,Aggregated,439.500000,0.000000,130,250,370,490,880,1300,2300,8400,19000,20000,21000,160297,0,130.0,443.05029634344834,2.8314459923421964,21477.427068995894,5777.236093002364
1783310964,1000,,Aggregated,449.300000,0.000000,130,240,370,480,880,1300,2300,8400,19000,20000,21000,160746,0,130.0,441.88960396252315,2.8314459923421964,21477.427068995894,5775.7434524031705
1783310965,1000,,Aggregated,441.700000,0.000000,130,240,370,480,880,1300,2300,8400,19000,20000,21000,160789,0,130.0,441.78808203599584,2.8314459923421964,21477.427068995894,5775.3533948217855
1783310966,1000,,Aggregated,445.100000,0.000000,130,250,380,490,880,1300,2300,8400,19000,20000,21000,161146,0,130.0,442.37772534013,2.8314459923421964,21477.427068995894,5769.732733049533
1783310967,1000,,Aggregated,411.200000,0.000000,130,250,380,490,890,1300,2300,8400,19000,20000,21000,161432,0,130.0,444.16185449095946,2.8314459923421964,21477.427068995894,5771.366556816492
1783310968,1000,,Aggregated,385.200000,0.000000,130,250,380,500,890,1300,2300,8400,19000,20000,21000,161758,0,130.0,446.47215397410656,2.8314459923421964,21477.427068995894,5773.499035596385
1783310969,1000,,Aggregated,370.800000,0.000000,130,250,380,500,900,1300,2300,8400,19000,20000,21000,162118,0,130.0,448.1435578410391,2.8314459923421964,21477.427068995894,5773.397747319854
1783310970,1000,,Aggregated,361.700000,0.000000,140,250,390,500,900,1300,2300,8400,19000,20000,21000,162566,0,140.0,448.87474215510474,2.8314459923421964,21477.427068995894,5774.030258479633
1783310971,1000,,Aggregated,345.700000,0.000000,140,250,390,500,900,1300,2300,8400,18000,20000,21000,163013,0,140.0,448.5182029576335,2.8314459923421964,21477.427068995894,5774.4330513517325
1783310972,1000,,Aggregated,348.900000,0.000000,140,250,390,500,900,1300,2300,8300,18000,20000,21000,163469,0,140.0,447.4914010469295,2.8314459923421964,21477.427068995894,5773.7397916424525
1783310973,1000,,Aggregated,344.200000,0.000000,140,250,380,500,900,1300,2300,8300,18000,20000,21000,163892,0,140.0,446.5581876199979,2.8314459923421964,21477.427068995894,5774.625167793425
1783310974,1000,,Aggregated,346.800000,0.000000,130,250,380,500,900,1300,2300,8300,18000,20000,21000,164345,0,130.0,445.52182201025875,2.8314459923421964,21477.427068995894,5774.951242812376
1783310975,1000,,Aggregated,347.000000,0.000000,130,250,380,500,900,1300,2300,8300,18000,20000,21000,164835,0,130.0,444.32012215019944,2.8314459923421964,21477.427068995894,5772.671071071071
1783310976,1000,,Aggregated,348.200000,0.000000,130,250,380,500,890,1300,2300,8300,18000,20000,21000,165272,0,130.0,443.21716909494614,2.8314459923421964,21477.427068995894,5772.342151120577
1783310977,1000,,Aggregated,384.300000,0.000000,130,250,380,490,890,1300,2300,8300,18000,20000,21000,165541,0,130.0,442.5359338961648,2.8314459923421964,21477.427068995894,5773.776013193106
1783310978,1000,,Aggregated,406.900000,0.000000,130,250,380,500,890,1300,2300,8300,18000,20000,21000,165900,0,130.0,442.8493728488309,2.8314459923421964,21477.427068995894,5770.504285714285
1783310979,1000,,Aggregated,420.000000,0.000000,130,250,390,500,900,1300,2300,8300,18000,20000,21000,166426,0,130.0,444.41818150945204,2.8314459923421964,21477.427068995894,5775.797020898177
1783310980,1000,,Aggregated,388.900000,0.000000,130,250,390,500,900,1300,2200,8300,18000,20000,21000,166851,0,130.0,444.3721058429937,2.8314459923421964,21477.427068995894,5777.121845239166
1783310981,1000,,Aggregated,395.900000,0.000000,130,250,390,500,900,1300,2200,8200,18000,20000,21000,167227,0,130.0,443.6902472135265,2.8314459923421964,21477.427068995894,5776.106376362669
1783310983,1000,,Aggregated,402.900000,0.000000,130,250,380,500,900,1300,2200,8200,18000,20000,21000,167708,0,130.0,442.9773201544854,2.8314459923421964,21477.427068995894,5775.899867627066
1783310984,1000,,Aggregated,392.900000,0.000000,130,250,380,500,900,1300,2200,8200,18000,20000,21000,168166,0,130.0,442.1855375775763,2.8314459923421964,21477.427068995894,5775.798817834759
1783310985,1000,,Aggregated,396.200000,0.000000,130,250,380,500,900,1300,2200,8200,18000,20000,21000,168604,0,130.0,441.18352658291496,2.8314459923421964,21477.427068995894,5776.119943773576
1783310986,1000,,Aggregated,396.300000,0.000000,130,250,380,500,900,1300,2200,8200,18000,20000,21000,169016,0,130.0,440.30698839722226,2.8314459923421964,21477.427068995894,5776.643163960808
1783310987,1000,,Aggregated,396.000000,0.000000,130,250,380,500,890,1300,2200,8200,18000,20000,21000,169475,0,130.0,439.38654740234165,2.8314459923421964,21477.427068995894,5775.1570438117715
1783310988,1000,,Aggregated,391.000000,0.000000,130,250,380,490,890,1300,2200,8200,18000,20000,21000,169910,0,130.0,438.45443062525993,2.8314459923421964,21477.427068995894,5775.421069978223
1783310989,1000,,Aggregated,391.900000,0.000000,130,250,380,490,890,1300,2200,8100,18000,20000,21000,170365,0,130.0,437.5458794700426,2.8314459923421964,21477.427068995894,5775.563114489479
1783310990,1000,,Aggregated,434.900000,0.000000,130,240,380,490,890,1300,2200,8000,18000,20000,21000,170790,0,130.0,436.53637678530237,2.8314459923421964,21477.427068995894,5775.929269863575
1783310991,1000,,Aggregated,434.900000,0.000000,130,240,380,490,890,1300,2200,8000,18000,20000,21000,170940,0,130.0,436.20642320503003,2.8314459923421964,21477.427068995894,5776.301866151866
1783310992,1000,,Aggregated,433.500000,0.000000,130,250,380,490,890,1300,2200,7900,18000,20000,21000,171308,0,130.0,436.7777760139438,2.8314459923421964,21477.427068995894,5771.68989189063
1783310993,1000,,Aggregated,408.300000,0.000000,130,250,380,500,900,1300,2200,7900,18000,20000,21000,171786,0,130.0,438.8394349686048,2.8314459923421964,21477.427068995894,5778.785285180399
1783310994,1000,,Aggregated,386.000000,0.000000,130,250,380,500,900,1300,2200,7900,18000,20000,21000,172206,0,130.0,439.3816470433003,2.8314459923421964,21477.427068995894,5776.423452144524
1783310995,1000,,Aggregated,379.200000,0.000000,130,250,380,500,900,1300,2200,7800,18000,20000,21000,172674,0,130.0,438.5335917005359,2.8314459923421964,21477.427068995894,5775.847660910154
1783310996,1000,,Aggregated,383.100000,0.000000,130,250,380,500,900,1300,2200,7800,18000,20000,21000,173138,0,130.0,437.4426329983503,2.8314459923421964,21477.427068995894,5774.0099978052185
1783310997,1000,,Aggregated,383.200000,0.000000,130,250,380,500,900,1300,2200,7700,18000,20000,21000,173594,0,130.0,436.47170361865807,2.8314459923421964,21477.427068995894,5773.798345564939
1783310998,1000,,Aggregated,386.900000,0.000000,130,250,380,500,900,1300,2200,7700,18000,20000,21000,174042,0,130.0,435.46621126630436,2.8314459923421964,21477.427068995894,5773.300714769998
1783310999,1000,,Aggregated,384.200000,0.000000,130,240,380,490,900,1300,2200,7600,18000,20000,21000,174492,0,130.0,434.42491734524975,2.8314459923421964,21477.427068995894,5774.189504389886
1783311000,1000,,Aggregated,390.500000,0.000000,130,240,380,490,890,1300,2100,7600,18000,20000,21000,174927,0,130.0,433.53530921345555,2.8314459923421964,21477.427068995894,5773.445037072607
1783311001,1000,,Aggregated,387.900000,0.000000,130,240,380,490,890,1300,2100,7500,18000,20000,21000,175411,0,130.0,432.57291108457275,2.8314459923421964,21477.427068995894,5774.250714037318
1783311002,1000,,Aggregated,387.500000,0.000000,130,240,370,490,890,1300,2100,7500,18000,20000,21000,175825,0,130.0,431.7373726145769,2.8314459923421964,21477.427068995894,5773.427629745485
1783311003,1000,,Aggregated,416.800000,0.000000,130,240,370,490,890,1300,2100,7400,18000,20000,21000,176261,0,130.0,430.9191638288777,2.8314459923421964,21477.427068995894,5773.840673773551
1783311005,1000,,Aggregated,446.100000,0.000000,130,240,370,490,890,1300,2100,7400,18000,20000,21000,176612,0,130.0,430.38316022062384,2.8314459923421964,21477.427068995894,5775.420979321903
1783311006,1000,,Aggregated,439.200000,0.000000,130,240,380,490,890,1300,2100,7400,18000,20000,21000,176935,0,130.0,431.0561444328024,2.8314459923421964,21477.427068995894,5771.001955520389
1783311007,1000,,Aggregated,418.900000,0.000000,130,240,380,500,900,1300,2100,7300,18000,20000,21000,177278,0,130.0,432.690851437154,2.8314459923421964,21477.427068995894,5770.525637698981
1783311008,1000,,Aggregated,380.900000,0.000000,130,240,380,500,910,1300,2100,7300,18000,20000,21000,177717,0,130.0,434.69234842612036,2.8314459923421964,21477.427068995894,5773.021455460085
1783311009,1000,,Aggregated,378.700000,0.000000,130,250,380,500,910,1300,2100,7300,18000,20000,21000,178176,0,130.0,434.7009089088717,2.8314459923421964,21477.427068995894,5772.127688353089
1783311010,1000,,Aggregated,365.700000,0.000000,130,250,380,500,910,1300,2100,7300,18000,20000,21000,178522,0,130.0,434.2809020201387,2.8314459923421964,21477.427068995894,5772.216270263609
1783311011,1000,,Aggregated,368.300000,0.000000,130,250,380,500,900,1300,2100,7200,18000,20000,21000,178932,0,130.0,434.2156269154882,2.8314459923421964,21477.427068995894,5772.53160418483
1783311012,1000,,Aggregated,369.200000,0.000000,130,250,380,500,900,1300,2100,7200,18000,20000,21000,179393,0,130.0,433.9921062165639,2.8314459923421964,21477.427068995894,5772.223955226793
1783311013,1000,,Aggregated,352.100000,0.000000,130,250,380,500,900,1300,2100,7200,18000,20000,21000,179857,0,130.0,433.2659540043274,2.8314459923421964,21477.427068995894,5773.933219168562
1783311014,1000,,Aggregated,354.600000,0.000000,130,250,380,500,900,1300,2100,7200,18000,20000,21000,180299,0,130.0,432.32334653209597,2.8314459923421964,21477.427068995894,5773.595044897642
1783311015,1000,,Aggregated,354.200000,0.000000,130,250,380,500,900,1300,2100,7200,18000,20000,21000,180745,0,130.0,431.49192866385084,2.8314459923421964,21477.427068995894,5773.033688345459
1783311016,1000,,Aggregated,361.400000,0.000000,130,240,380,500,900,1300,2100,7200,18000,20000,21000,181194,0,130.0,430.6652066641741,2.8314459923421964,21477.427068995894,5771.841280616356
1783311018,1000,,Aggregated,361.400000,0.000000,130,240,380,490,900,1300,2100,7100,18000,20000,21000,181279,0,130.0,430.503791796581,2.8314459923421964,21477.427068995894,5772.772996320588
1783311019,1000,,Aggregated,419.600000,0.000000,130,250,380,500,900,1300,2100,7100,18000,20000,21000,181640,0,130.0,431.12209859739835,2.8314459923421964,21477.427068995894,5768.490013212949
1783311020,1000,,Aggregated,382.700000,0.000000,130,250,390,500,910,1300,2100,7100,18000,20000,21000,182130,0,130.0,433.4633405567969,2.8314459923421964,21477.427068995894,5772.776384999725
1783311021,1000,,Aggregated,371.300000,0.000000,130,250,390,510,910,1300,2100,7100,18000,20000,21000,182472,0,130.0,434.1430671465405,2.8314459923421964,21477.427068995894,5771.930444122934
1783311022,1000,,Aggregated,370.100000,0.000000,130,250,390,510,910,1300,2100,7000,18000,20000,21000,182949,0,130.0,433.60020449203137,2.8314459923421964,21477.427068995894,5771.405976528978
1783311023,1000,,Aggregated,378.700000,0.000000,130,250,390,500,910,1300,2100,7000,18000,20000,21000,183332,0,130.0,432.9452490836058,2.8314459923421964,21477.427068995894,5771.550176728558
1783311024,1000,,Aggregated,375.900000,0.000000,130,250,390,500,910,1300,2100,6900,18000,20000,21000,183725,0,130.0,432.57980480364984,2.8314459923421964,21477.427068995894,5771.1354252279225
1783311025,1000,,Aggregated,373.200000,0.000000,130,250,390,500,910,1300,2100,6900,18000,20000,21000,184161,0,130.0,432.29794390989724,2.8314459923421964,21477.427068995894,5771.3111082150945
1783311026,1000,,Aggregated,365.900000,0.000000,130,250,390,500,910,1300,2100,6800,18000,20000,21000,184597,0,130.0,431.859762097914,2.8314459923421964,21477.427068995894,5771.385975936771
1783311027,1000,,Aggregated,362.800000,0.000000,130,250,380,500,910,1300,2100,6800,18000,20000,21000,184986,0,130.0,431.4121013159092,2.8314459923421964,21477.427068995894,5771.387299579427
1783311028,1000,,Aggregated,363.700000,0.000000,130,250,380,500,900,1300,2100,6800,18000,20000,21000,185387,0,130.0,431.1367353178785,2.8314459923421964,21477.427068995894,5771.566026744054
1783311029,1000,,Aggregated,362.100000,0.000000,130,250,380,500,900,1300,2100,6800,18000,20000,21000,185553,0,130.0,431.1545219299317,2.8314459923421964,21477.427068995894,5772.162163910042
1783311030,1000,,Aggregated,400.900000,0.000000,140,250,390,500,910,1300,2100,6800,18000,20000,21000,185981,0,140.0,432.4539081951245,2.8314459923421964,21477.427068995894,5766.152176835268
1783311032,1000,,Aggregated,352.300000,0.000000,140,250,390,510,920,1300,2000,6700,18000,20000,21000,186485,0,140.0,434.2465102251745,2.8314459923421964,21477.427068995894,5771.6741882725155
1783311033,1000,,Aggregated,356.600000,0.000000,140,250,390,510,920,1300,2000,6700,18000,20000,21000,186955,0,140.0,434.00052649431996,2.8314459923421964,21477.427068995894,5771.24384477548
1783311034,1000,,Aggregated,363.100000,0.000000,140,250,390,510,920,1300,2000,6700,18000,20000,21000,187375,0,140.0,433.1198595335628,2.8314459923421964,21477.427068995894,5770.301320880587
1783311035,1000,,Aggregated,366.200000,0.000000,140,250,390,510,920,1300,2000,6600,18000,20000,21000,187816,0,140.0,432.35759879334756,2.8314459923421964,21477.427068995894,5770.263103249989
1783311036,1000,,Aggregated,369.900000,0.000000,140,250,390,510,910,1300,2000,6600,18000,20000,21000,188274,0,140.0,431.5635882347721,2.8314459923421964,21477.427068995894,5770.656574991767
1783311037,1000,,Aggregated,370.800000,0.000000,130,250,390,500,910,1300,2000,6600,18000,20000,21000,188655,0,130.0,430.8289679224956,2.8314459923421964,21477.427068995894,5769.911478625003
1783311038,1000,,Aggregated,371.200000,0.000000,140,250,390,500,910,1300,2000,6600,18000,20000,21000,189090,0,140.0,430.37363832511085,2.8314459923421964,21477.427068995894,5769.844925696758
1783311039,1000,,Aggregated,372.100000,0.000000,140,250,390,500,910,1300,2000,6500,18000,20000,21000,189547,0,140.0,429.8548333887543,2.8314459923421964,21477.427068995894,5769.442180567353
1783311040,1000,,Aggregated,376.900000,0.000000,140,250,390,500,910,1300,2000,6500,18000,20000,21000,189994,0,140.0,429.1733772681306,2.8314459923421964,21477.427068995894,5770.168521111193
1783311041,1000,,Aggregated,399.100000,0.000000,140,250,380,500,910,1300,2000,6400,18000,20000,21000,190406,0,140.0,428.3694221008903,2.8314459923421964,21477.427068995894,5770.199027341575
1783311042,1000,,Aggregated,438.800000,0.000000,140,250,380,500,910,1300,2000,6400,18000,20000,21000,190861,0,140.0,427.6882873446278,2.8314459923421964,21477.427068995894,5769.552721614159
1783311043,1000,,Aggregated,439.700000,0.000000,140,250,380,500,900,1300,2000,6400,18000,20000,21000,191302,0,140.0,427.15947157881817,2.8314459923421964,21477.427068995894,5769.460188602315
1783311044,1000,,Aggregated,432.900000,0.000000,140,250,380,500,900,1300,2000,6400,18000,20000,21000,191346,0,140.0,427.10734977258494,2.8314459923421964,21477.427068995894,5769.554320445684
1783311045,1000,,Aggregated,428.900000,0.000000,140,250,390,500,910,1300,2000,6400,18000,20000,21000,191745,0,140.0,427.9496659218595,2.8314459923421964,21477.427068995894,5765.155545125036
1783311046,1000,,Aggregated,399.500000,0.000000,140,250,390,510,920,1300,2000,6400,18000,20000,21000,192225,0,140.0,429.8586937169834,2.8314459923421964,21477.427068995894,5769.537989335414
1783311047,1000,,Aggregated,367.700000,0.000000,140,250,390,510,920,1300,2000,6400,18000,20000,21000,192710,0,140.0,430.0857775846467,2.8314459923421964,21477.427068995894,5769.38048362825
1783311048,1000,,Aggregated,367.000000,0.000000,140,250,390,510,920,1300,2000,6400,18000,20000,21000,193159,0,140.0,429.1718026060918,2.8314459923421964,21477.427068995894,5768.459724889857
1783311049,1000,,Aggregated,378.000000,0.000000,140,250,390,500,920,1300,2000,6300,18000,20000,21000,193603,0,140.0,428.2615300717865,2.8314459923421964,21477.427068995894,5768.76416687758
1783311050,1000,,Aggregated,380.400000,0.000000,140,250,390,500,920,1300,2000,6300,18000,20000,21000,194045,0,140.0,427.451438481621,2.8314459923421964,21477.427068995894,5769.389121080162
1783311051,1000,,Aggregated,376.700000,0.000000,130,250,380,500,910,1300,2000,6200,18000,20000,21000,194516,0,130.0,426.567061854229,2.8314459923421964,21477.427068995894,5768.837463242098
1783311052,1000,,Aggregated,380.200000,0.000000,130,250,380,500,910,1300,2000,6200,18000,20000,21000,194941,0,130.0,425.7194221396843,2.8314459923421964,21477.427068995894,5768.402921909706
1783311053,1000,,Aggregated,382.100000,0.000000,130,250,380,500,910,1300,2000,6200,18000,20000,21000,195407,0,130.0,424.82987012038643,2.8314459923421964,21477.427068995894,5767.915960021903
1783311054,1000,,Aggregated,383.900000,0.000000,130,250,380,500,910,1300,2000,6200,18000,20000,21000,195856,0,130.0,423.9769696529406,2.8314459923421964,21477.427068995894,5768.355858385753
1783311055,1000,,Aggregated,385.800000,0.000000,130,250,380,500,910,1300,2000,6200,18000,20000,21000,196315,0,130.0,423.0921454497479,2.8314459923421964,21477.427068995894,5767.6734941293325
1783311056,1000,,Aggregated,420.600000,0.000000,130,250,380,500,910,1300,2000,6200,18000,20000,21000,196674,0,130.0,422.605249244538,2.8314459923421964,21477.427068995894,5765.803725962761
1783311057,1000,,Aggregated,452.500000,0.000000,130,250,380,500,910,1300,2000,6200,18000,20000,21000,197113,0,130.0,422.2798504338131,2.8314459923421964,21477.427068995894,5764.381222953331
1783311058,1000,,Aggregated,449.500000,0.000000,130,250,380,500,910,1300,2000,6200,18000,20000,21000,197244,0,130.0,422.74579814700223,2.8314459923421964,21477.427068995894,5764.695767678611
1783311059,1000,,Aggregated,438.800000,0.000000,130,250,380,500,910,1300,2000,6200,18000,20000,21000,197642,0,130.0,423.23020761350017,2.8314459923421964,21477.427068995894,5762.473062405764
1783311061,1000,,Aggregated,427.300000,0.000000,130,250,390,500,920,1300,2000,6200,18000,20000,21000,198122,0,130.0,424.28773221043383,2.8314459923421964,21477.427068995894,5767.018821736102
1783311062,1000,,Aggregated,389.900000,0.000000,130,250,390,500,920,1300,2000,6200,18000,20000,21000,198511,0,130.0,424.2655922372545,2.8314459923421964,21477.427068995894,5765.558266292548
1783311063,1000,,Aggregated,392.200000,0.000000,130,250,390,500,910,1300,2000,6100,18000,20000,21000,198962,0,130.0,423.6852056266403,2.8314459923421964,21477.427068995894,5765.086880911933
1783311064,1000,,Aggregated,385.200000,0.000000,130,250,380,500,910,1300,2000,6100,18000,20000,21000,199355,0,130.0,423.2652252222743,2.8314459923421964,21477.427068995894,5765.999598705826
1783311065,1000,,Aggregated,387.500000,0.000000,130,250,380,500,910,1300,2000,6100,18000,20000,21000,199845,0,130.0,422.6206563366576,2.8314459923421964,21477.427068995894,5766.112777402487
1783311066,1000,,Aggregated,379.100000,0.000000,130,250,380,500,910,1300,2000,6100,18000,20000,21000,200310,0,130.0,421.748406982962,2.8314459923421964,21477.427068995894,5765.221197144426
1783311067,1000,,Aggregated,383.100000,0.000000,130,250,380,500,910,1300,2000,6100,18000,20000,21000,200750,0,130.0,420.9447649792827,2.8314459923421964,21477.427068995894,5765.983128268991
1783311068,1000,,Aggregated,388.000000,0.000000,130,250,380,500,910,1300,1900,6100,17000,20000,21000,201164,0,130.0,420.148988892982,2.8314459923421964,21477.427068995894,5764.433342944066
1783311069,1000,,Aggregated,393.300000,0.000000,130,250,380,500,910,1300,1900,6100,17000,20000,21000,201601,0,130.0,419.5927613436875,2.8314459923421964,21477.427068995894,5765.205455330082
1783311070,1000,,Aggregated,400.800000,0.000000,130,250,380,490,900,1300,1900,6100,17000,20000,21000,202066,0,130.0,419.0062335296918,2.8314459923421964,21477.427068995894,5766.80169845496
1783311071,1000,,Aggregated,400.800000,0.000000,130,250,380,490,900,1300,1900,6000,17000,20000,21000,202301,0,130.0,418.7345113028296,2.8314459923421964,21477.427068995894,5765.882872551298
1783311072,1000,,Aggregated,437.600000,0.000000,130,250,380,500,910,1300,1900,6000,17000,20000,21000,202698,0,130.0,419.39120383213367,2.8314459923421964,21477.427068995894,5762.118304077988
1783311073,1000,,Aggregated,417.900000,0.000000,130,250,380,500,910,1300,1900,5900,17000,20000,21000,203225,0,130.0,420.67723517933274,2.8314459923421964,21477.427068995894,5766.918838725551
1783311074,1000,,Aggregated,390.500000,0.000000,130,250,380,500,910,1300,1900,5900,17000,20000,21000,203664,0,130.0,420.4806236133435,2.8314459923421964,21477.427068995894,5765.240729829523
1783311075,1000,,Aggregated,388.600000,0.000000,130,250,380,500,910,1300,1900,5900,17000,20000,21000,204119,0,130.0,419.61235744554364,2.8314459923421964,21477.427068995894,5766.555519084455
1783311076,1000,,Aggregated,398.600000,0.000000,130,250,380,500,910,1300,1900,5900,17000,20000,21000,204580,0,130.0,418.7204364390846,2.8314459923421964,21477.427068995894,5767.036802228957
1783311077,1000,,Aggregated,397.200000,0.000000,130,250,380,500,910,1300,1900,5900,17000,20000,21000,204970,0,130.0,418.2349926188167,2.8314459923421964,21477.427068995894,5766.5744987071275
1783311078,1000,,Aggregated,393.800000,0.000000,130,250,380,500,910,1300,1900,5800,17000,20000,21000,205490,0,130.0,417.52477987808487,2.8314459923421964,21477.427068995894,5766.263010365468
1783311079,1000,,Aggregated,394.200000,0.000000,130,250,380,490,910,1300,1900,5800,17000,20000,21000,205912,0,130.0,416.7627719514244,2.8314459923421964,21477.427068995894,5766.488145421345
1783311080,1000,,Aggregated,391.800000,0.000000,130,250,380,490,910,1300,1900,5800,17000,20000,21000,206344,0,130.0,415.9693863414666,2.8314459923421964,21477.427068995894,5765.672415965572
1783311081,1000,,Aggregated,399.100000,0.000000,130,240,380,490,910,1300,1900,5800,17000,20000,21000,206811,0,130.0,415.2361679630993,2.8314459923421964,21477.427068995894,5766.379457572373
1783311082,1000,,Aggregated,396.800000,0.000000,130,240,380,490,900,1300,1900,5800,17000,20000,21000,207267,0,130.0,414.4332309607444,2.8314459923421964,21477.427068995894,5765.202912185731
1783311083,1000,,Aggregated,411.100000,0.000000,130,240,380,490,900,1300,1900,5800,17000,20000,21000,207676,0,130.0,413.8307290955701,2.8314459923421964,21477.427068995894,5764.341830543732
1783311086,1000,,Aggregated,448.500000,0.000000,130,240,370,490,900,1300,1900,5800,17000,20000,21000,208117,0,130.0,413.18595543039527,2.8314459923421964,21477.427068995894,5764.833069859742
1783311087,1000,,Aggregated,432.000000,0.000000,130,240,380,490,900,1300,1900,5700,17000,20000,21000,208300,0,130.0,413.66616882131757,2.8314459923421964,21477.427068995894,5762.468257321171
1783311088,1000,,Aggregated,389.500000,0.000000,130,240,380,490,910,1300,1900,5700,17000,20000,21000,208602,0,130.0,414.90437670368823,2.8314459923421964,21477.427068995894,5758.0112846473185
1783311089,1000,,Aggregated,358.400000,0.000000,130,250,380,500,920,1300,2000,5700,17000,20000,21000,209002,0,130.0,417.82401024318733,2.8314459923421964,21477.427068995894,5763.465273059588
1783311090,1000,,Aggregated,349.700000,0.000000,130,250,380,500,920,1300,2000,5700,17000,20000,21000,209430,0,130.0,419.29711946198154,2.8314459923421964,21477.427068995894,5764.558554170845
1783311091,1000,,Aggregated,338.500000,0.000000,130,250,380,500,920,1300,2000,5600,17000,20000,21000,209860,0,130.0,419.13072331939395,2.8314459923421964,21477.427068995894,5764.19627370628
1783311092,1000,,Aggregated,337.200000,0.000000,130,250,380,500,920,1300,2000,5600,17000,20000,21000,210319,0,130.0,418.54986092435274,2.8314459923421964,21477.427068995894,5763.717372182256
1783311093,1000,,Aggregated,338.400000,0.000000,130,250,380,500,920,1300,2000,5600,17000,20000,21000,210783,0,130.0,417.70562170882454,2.8314459923421964,21477.427068995894,5763.875065825991
1783311094,1000,,Aggregated,334.800000,0.000000,130,250,380,500,920,1300,2000,5600,17000,20000,21000,211230,0,130.0,416.91389451815166,2.8314459923421964,21477.427068995894,5763.735506320125
1783311095,1000,,Aggregated,338.400000,0.000000,130,240,380,500,920,1300,2000,5600,17000,20000,21000,211677,0,130.0,416.14743464323675,2.8314459923421964,21477.427068995894,5763.261832886898
1783311096,1000,,Aggregated,340.100000,0.000000,130,240,380,500,920,1300,2000,5500,17000,20000,21000,212151,0,130.0,415.4039736650766,2.8314459923421964,21477.427068995894,5763.8714500520855
1783311097,1000,,Aggregated,344.900000,0.000000,130,240,380,490,910,1300,2000,5500,17000,20000,21000,212611,0,130.0,414.650043667781,2.8314459923421964,21477.427068995894,5762.794328609526
1783311098,1000,,Aggregated,395.100000,0.000000,130,240,380,490,910,1300,2000,5500,17000,20000,21000,213035,0,130.0,413.8988159535836,2.8314459923421964,21477.427068995894,5762.660159128782
1783311099,1000,,Aggregated,423.500000,0.000000,130,240,370,490,910,1300,2000,5500,17000,20000,21000,213483,0,130.0,413.1739466746282,2.8314459923421964,21477.427068995894,5762.138559042172
1783311101,1000,,Aggregated,438.600000,0.000000,130,240,370,490,910,1300,2000,5400,17000,20000,21000,213936,0,130.0,412.4739504691709,2.8314459923421964,21477.427068995894,5762.2204771520455
1783311102,1000,,Aggregated,447.200000,0.000000,130,240,380,490,910,1300,2000,5400,17000,20000,21000,214209,0,130.0,412.8401943654724,2.8314459923421964,21477.427068995894,5758.9799354835695
1783311103,1000,,Aggregated,414.000000,0.000000,130,240,380,500,920,1300,2000,5400,17000,20000,21000,214548,0,130.0,414.2469591828533,2.8314459923421964,21477.427068995894,5757.464982195126
1783311104,1000,,Aggregated,383.700000,0.000000,130,240,380,500,930,1400,2000,5400,17000,20000,21000,214915,0,130.0,416.10244975953657,2.8314459923421964,21477.427068995894,5759.526729171998
1783311105,1000,,Aggregated,369.200000,0.000000,130,250,380,500,930,1400,2000,5400,17000,20000,21000,215308,0,130.0,417.0494511476427,2.8314459923421964,21477.427068995894,5759.753678451335
1783311106,1000,,Aggregated,366.300000,0.000000,130,250,380,500,930,1400,2000,5400,17000,20000,21000,215775,0,130.0,416.98322204888245,2.8314459923421964,21477.427068995894,5759.513748117251
1783311107,1000,,Aggregated,357.600000,0.000000,130,250,380,500,930,1400,2000,5400,17000,20000,21000,216154,0,130.0,416.5630072062547,2.8314459923421964,21477.427068995894,5759.617744756054
1783311108,1000,,Aggregated,354.400000,0.000000,130,250,380,500,930,1400,2000,5400,17000,20000,21000,216588,0,130.0,416.0562967270199,2.8314459923421964,21477.427068995894,5759.087876521322
1783311109,1000,,Aggregated,353.800000,0.000000,130,250,380,500,930,1400,2000,5400,17000,20000,21000,217065,0,130.0,415.54110313187584,2.8314459923421964,21477.427068995894,5758.756796351323
1783311110,1000,,Aggregated,352.100000,0.000000,130,240,380,500,920,1400,2000,5300,17000,20000,21000,217521,0,130.0,414.76035033409477,2.8314459923421964,21477.427068995894,5758.369895320452
1783311111,1000,,Aggregated,352.500000,0.000000,130,240,380,500,920,1400,2000,5300,17000,20000,21000,217948,0,130.0,414.0355474118028,2.8314459923421964,21477.427068995894,5757.810358434122
1783311112,1000,,Aggregated,350.700000,0.000000,130,240,380,500,920,1400,2000,5200,17000,20000,21000,218379,0,130.0,413.5192651774833,2.8314459923421964,21477.427068995894,5757.069292377014
1783311114,1000,,Aggregated,409.400000,0.000000,130,240,380,490,920,1400,2000,5200,17000,20000,21000,218711,0,130.0,413.2052029180636,2.8314459923421964,21477.427068995894,5756.911325904961
1783311115,1000,,Aggregated,419.400000,0.000000,130,240,380,500,920,1400,2000,5200,17000,20000,21000,219107,0,130.0,413.78412131943105,2.8314459923421964,21477.427068995894,5753.069860844245
1783311116,1000,,Aggregated,390.500000,0.000000,130,250,380,500,930,1400,2000,5200,17000,20000,21000,219623,0,130.0,414.95959596081406,2.8314459923421964,21477.427068995894,5756.998310741589
1783311117,1000,,Aggregated,391.300000,0.000000,130,250,380,500,930,1400,2000,5200,17000,20000,21000,220057,0,130.0,414.6905875974619,2.8314459923421964,21477.427068995894,5755.578468305939
1783311118,1000,,Aggregated,393.800000,0.000000,130,250,380,500,930,1300,2000,5200,17000,20000,21000,220507,0,130.0,413.9312837324547,2.8314459923421964,21477.427068995894,5755.661611649517
1783311119,1000,,Aggregated,396.200000,0.000000,130,240,380,500,930,1300,2000,5200,17000,20000,21000,220960,0,130.0,413.1817130621984,2.8314459923421964,21477.427068995894,5755.062070057929
1783311120,1000,,Aggregated,393.800000,0.000000,130,240,380,500,930,1300,2000,5100,17000,20000,21000,221435,0,130.0,412.4379623447435,2.8314459923421964,21477.427068995894,5755.591022196129
1783311121,1000,,Aggregated,399.800000,0.000000,130,240,380,500,920,1300,2000,5100,17000,20000,21000,221867,0,130.0,411.68734582416107,2.8314459923421964,21477.427068995894,5755.404485570184
1783311122,1000,,Aggregated,399.500000,0.000000,130,240,380,500,920,1300,2000,5100,17000,20000,21000,222259,0,130.0,411.1566770393421,2.8314459923421964,21477.427068995894,5755.78115171939
1783311123,1000,,Aggregated,397.200000,0.000000,130,240,380,490,920,1300,2000,5100,17000,20000,21000,222737,0,130.0,410.54596394886823,2.8314459923421964,21477.427068995894,5755.087448425722
1783311124,1000,,Aggregated,398.200000,0.000000,130,240,380,490,920,1300,1900,5100,17000,20000,21000,223221,0,130.0,409.8521625660195,2.8314459923421964,21477.427068995894,5756.850704010823
1783311125,1000,,Aggregated,402.700000,0.000000,130,240,370,490,920,1300,1900,5100,17000,20000,21000,223647,0,130.0,409.10877465390763,2.8314459923421964,21477.427068995894,5756.58495307337
1783311126,1000,,Aggregated,437.500000,0.000000,130,240,370,490,920,1300,1900,5100,17000,20000,21000,224133,0,130.0,408.3254789491522,2.8314459923421964,21477.427068995894,5756.755109689337
1783311127,1000,,Aggregated,448.500000,0.000000,130,240,370,490,920,1300,1900,5000,17000,20000,21000,224526,0,130.0,407.7005974467247,2.8314459923421964,21477.427068995894,5756.39326848561
1783311128,1000,,Aggregated,444.400000,0.000000,130,240,370,490,920,1300,1900,5000,17000,20000,21000,224993,0,130.0,406.97955550099937,2.8314459923421964,21477.427068995894,5755.810127426186
1783311129,1000,,Aggregated,444.400000,0.000000,130,240,370,490,910,1300,1900,5000,17000,20000,21000,225193,0,130.0,406.6501384994843,2.8314459923421964,21477.427068995894,5755.991380726754
1783311130,1000,,Aggregated,446.300000,0.000000,130,240,370,490,920,1300,1900,4900,17000,20000,21000,225456,0,130.0,406.9616406921145,2.8314459923421964,21477.427068995894,5753.057416968278
1783311131,1000,,Aggregated,431.400000,0.000000,130,240,380,490,930,1300,1900,4900,17000,20000,21000,225913,0,130.0,408.9262147168925,2.8314459923421964,21477.427068995894,5754.5370297415375
1783311132,1000,,Aggregated,386.900000,0.000000,130,240,380,500,930,1400,1900,4800,17000,20000,21000,226364,0,130.0,410.0972553126179,2.8314459923421964,21477.427068995894,5757.724461486809
1783311133,1000,,Aggregated,375.000000,0.000000,130,240,380,500,930,1400,1900,4700,17000,20000,21000,226799,0,130.0,409.68346165422327,2.8314459923421964,21477.427068995894,5758.690064771009
1783311134,1000,,Aggregated,387.900000,0.000000,130,240,380,500,930,1400,1900,4600,17000,20000,21000,227281,0,130.0,408.8951425909199,2.8314459923421964,21477.427068995894,5759.185822836049
1783311135,1000,,Aggregated,378.600000,0.000000,130,240,380,490,930,1400,1900,4600,17000,20000,21000,227709,0,130.0,408.3452195485591,2.8314459923421964,21477.427068995894,5759.1445924403515
1783311136,1000,,Aggregated,378.800000,0.000000,130,240,370,490,930,1300,1900,4600,17000,20000,21000,228187,0,130.0,407.5935256382573,2.8314459923421964,21477.427068995894,5759.584910621552
1783311137,1000,,Aggregated,378.200000,0.000000,130,240,370,490,930,1300,1900,4500,17000,20000,21000,228613,0,130.0,406.889856369669,2.8314459923421964,21477.427068995894,5759.86828833006
1783311138,1000,,Aggregated,376.300000,0.000000,130,240,370,490,920,1300,1900,4500,17000,20000,21000,229079,0,130.0,406.14519657670195,2.8314459923421964,21477.427068995894,5760.5296819001305
1783311139,1000,,Aggregated,381.600000,0.000000,130,240,370,490,920,1300,1900,4500,17000,20000,21000,229490,0,130.0,405.57694183016923,2.8314459923421964,21477.427068995894,5760.95819425683
