Timestamp,User Count,Type,Name,Requests/s,Failures/s,50%,66%,75%,80%,90%,95%,98%,99%,99.9%,99.99%,100%,Total Request Count,Total Failure Count,Total Median Response Time,Total Average Response Time,Total Min Response Time,Total Max Response Time,Total Average Content Size
1783309338,0,,Aggregated,0.000000,0.000000,N/A,N/A,N/A,N/A,N/A,N/A,N/A,N/A,N/A,N/A,N/A,0,0,0,0.0,0,0,0
1783309339,50,,Aggregated,0.000000,0.000000,N/A,N/A,N/A,N/A,N/A,N/A,N/A,N/A,N/A,N/A,N/A,0,0,0,0.0,0,0,0
1783309340,100,,Aggregated,0.000000,0.000000,1800,1800,1800,1800,1800,1800,1900,1900,1900,1900,1900,33,0,1800.0,1444.7612251207113,14.226718005375005,1884.0496740012895,908.0
1783309341,150,,Aggregated,0.000000,0.000000,450,1700,1800,1800,2500,2800,2800,2900,2900,2900,2900,120,0,450.0,984.6236948747295,6.2749859935138375,2932.4233229999663,1884.0916666666667
1783309342,200,,Aggregated,0.000000,0.000000,550,1400,1800,1800,2500,2800,2900,2900,3100,3100,3100,148,0,540.0,996.4547913307772,6.2749859935138375,3136.889779998455,2134.054054054054
1783309343,200,,Aggregated,21.000000,0.000000,1100,1800,1800,2200,2600,3100,3900,3900,3900,3900,3900,169,0,1100.0,1222.1520613962832,6.2749859935138375,3948.293163004564,2090.437869822485
1783309344,200,,Aggregated,32.750000,0.000000,450,1600,2100,2400,3900,4200,4500,4800,5000,5000,5000,450,0,450.0,1196.781852515673,4.996932009817101,4973.505682995892,3583.7555555555555
1783309345,200,,Aggregated,29.600000,0.000000,240,520,1200,1800,3000,4200,4800,4800,5500,5500,5500,743,0,240.0,906.4538456097058,4.743125988170505,5516.3070160051575,5947.830417227457
1783309346,200,,Aggregated,37.833333,0.000000,170,330,620,1600,3100,4500,5000,5200,5800,5800,5800,969,0,170.0,838.9406458523832,4.743125988170505,5754.0759410039755,6344.693498452012
1783309347,200,,Aggregated,80.714286,0.000000,110,240,510,1000,3900,5100,5600,5700,5900,6400,6400,1331,0,110.0,830.3335601959674,3.7002399913035333,6392.884250992211,6235.077385424493
1783309348,200,,Aggregated,104.625000,0.000000,96,210,420,650,3600,5000,5600,5700,5900,6400,6400,1417,0,96,780.9455559017727,3.182164000463672,6392.884250992211,6398.200423429781
1783309349,200,,Aggregated,112.111111,0.000000,86,180,320,560,2900,5000,5600,5700,5900,6400,6400,1521,0,86,728.2712465836951,3.03861299471464,6392.884250992211,6334.652202498356
1783309350,200,,Aggregated,137.200000,0.000000,77,160,290,540,2600,4900,5600,5700,5900,6400,6400,1608,0,77,689.6089240757419,3.03861299471464,6392.884250992211,6267.356965174129
1783309351,200,,Aggregated,145.300000,0.000000,70,150,270,450,2500,4800,5600,5700,5900,6400,6400,1701,0,70,652.7020880669371,2.96063200221397,6392.884250992211,6220.447383891828
1783309352,200,,Aggregated,155.200000,0.000000,61,130,240,390,2400,4700,5500,5700,5900,6400,6400,1791,0,61,620.4653234566647,2.96063200221397,6392.884250992211,6211.505304299274
1783309353,200,,Aggregated,156.700000,0.000000,54,120,230,340,2200,4700,5500,5700,5900,6400,6400,1882,0,54,591.1286218256637,2.96063200221397,6392.884250992211,6187.498405951116
1783309354,200,,Aggregated,159.500000,0.000000,49,110,200,310,2100,4500,5500,5600,5900,6400,6400,1965,0,49,566.6369544920977,2.96063200221397,6392.884250992211,6153.2203562340965
1783309355,200,,Aggregated,167.000000,0.000000,44,99,180,290,2000,4300,5500,5600,5900,6400,6400,2063,0,44,540.2208477983045,2.96063200221397,6392.884250992211,6168.539020843432
1783309356,200,,Aggregated,168.800000,0.000000,40,93,170,260,1800,4200,5400,5600,5900,6400,6400,2158,0,40,516.9934140731679,2.96063200221397,6392.884250992211,6140.01436515292
1783309357,200,,Aggregated,142.900000,0.000000,37,87,160,240,1800,4200,5400,5600,5900,6400,6400,2242,0,37,498.0473916261579,2.96063200221397,6392.884250992211,6094.2314897413025
1783309358,200,,Aggregated,125.400000,0.000000,34,81,140,230,1700,4200,5400,5600,5900,6400,6400,2342,0,34,477.495637411112,2.96063200221397,6392.884250992211,6053.573441502989
1783309359,200,,Aggregated,116.500000,0.000000,31,77,130,200,1600,4200,5400,5600,5900,6400,6400,2431,0,31,460.59880640221445,2.96063200221397,6392.884250992211,6042.454545454545
1783309360,200,,Aggregated,90.700000,0.000000,28,74,120,190,1300,4100,5300,5600,5900,6400,6400,2517,0,28,445.25265448379514,2.96063200221397,6392.884250992211,6009.214143822011
1783309361,200,,Aggregated,90.200000,0.000000,26,70,110,180,1100,4000,5300,5600,5900,6400,6400,2605,0,26,430.6760150256036,2.96063200221397,6392.884250992211,5993.196545105567
1783309362,200,,Aggregated,90.700000,0.000000,22,67,110,170,920,3900,5300,5600,5900,6400,6400,2708,0,22,414.9087917709407,2.96063200221397,6392.884250992211,5996.903618906942
1783309363,200,,Aggregated,91.400000,0.000000,19,60,100,160,790,3600,5300,5600,5900,6400,6400,2798,0,19,401.95660487475857,2.96063200221397,6392.884250992211,6012.551107934239
1783309364,200,,Aggregated,91.500000,0.000000,17,57,95,150,630,3300,5200,5600,5900,6400,6400,2888,0,17,389.79738645449004,2.96063200221397,6392.884250992211,6042.614612188366
1783309365,200,,Aggregated,90.800000,0.000000,15,53,92,140,610,3000,5200,5600,5900,6400,6400,2978,0,15,378.39573059591,2.96063200221397,6392.884250992211,6013.760241773002
1783309366,200,,Aggregated,90.000000,0.000000,13,51,88,130,560,2900,5100,5600,5900,6400,6400,3073,0,13,367.1193254164186,2.96063200221397,6392.884250992211,5967.701919947934
1783309367,200,,Aggregated,91.500000,0.000000,13,49,86,120,550,2800,5100,5600,5900,6400,6400,3166,0,13,356.7354211407641,2.96063200221397,6392.884250992211,5945.926089703095
1783309368,200,,Aggregated,91.000000,0.000000,12,47,82,120,520,2500,5100,5600,5900,6400,6400,3254,0,12,347.59656044517925,2.96063200221397,6392.884250992211,5908.130608481869
1783309369,200,,Aggregated,91.500000,0.000000,12,45,78,110,490,2500,5000,5600,5900,6400,6400,3356,0,12,337.3709115332704,2.96063200221397,6392.884250992211,5904.1567342073895
1783309370,200,,Aggregated,91.100000,0.000000,11,43,76,110,450,2500,5000,5600,5900,6400,6400,3440,0,11,329.40090205802943,2.96063200221397,6392.884250992211,5899.5
1783309371,200,,Aggregated,92.200000,0.000000,11,42,74,100,420,2400,5000,5500,5900,6400,6400,3533,0,11,321.10545015785914,2.96063200221397,6392.884250992211,5872.975658080951
1783309372,200,,Aggregated,91.600000,0.000000,11,40,71,96,370,2200,5000,5500,5900,6400,6400,3643,0,11,311.76071944926645,2.96063200221397,6392.884250992211,5907.16524842163
1783309373,200,,Aggregated,91.500000,0.000000,11,39,69,93,350,2200,5000,5500,5900,6400,6400,3724,0,11,305.22848628938544,2.96063200221397,6392.884250992211,5937.354994629431
1783309374,200,,Aggregated,91.500000,0.000000,11,38,67,92,320,2200,5000,5500,5900,6400,6400,3805,0,11,298.99104692107704,2.96063200221397,6392.884250992211,5927.806307490145
1783309375,200,,Aggregated,93.000000,0.000000,11,36,63,88,310,2100,4900,5500,5900,6400,6400,3911,0,11,291.24333100351737,2.958112003398128,6392.884250992211,5911.482485297878
1783309376,200,,Aggregated,93.000000,0.000000,10,34,61,86,290,2100,4900,5500,5900,6400,6400,4011,0,10,284.28540345719335,2.958112003398128,6392.884250992211,5928.187235103465
1783309377,200,,Aggregated,92.100000,0.000000,10,32,59,83,290,2100,4800,5500,5900,6400,6400,4098,0,10,278.50136316514744,2.958112003398128,6392.884250992211,5907.204978038068
1783309378,200,,Aggregated,92.800000,0.000000,10,31,57,81,280,1900,4800,5500,5900,6400,6400,4206,0,10,271.767325657102,2.958112003398128,6392.884250992211,5920.43675701379
1783309379,200,,Aggregated,93.700000,0.000000,10,30,55,79,270,1800,4800,5500,5900,6400,6400,4286,0,10,266.89988947123834,2.958112003398128,6392.884250992211,5891.121791880541
1783309380,200,,Aggregated,93.100000,0.000000,10,28,53,76,250,1800,4800,5400,5900,6400,6400,4382,0,10,261.27435020030975,2.958112003398128,6392.884250992211,5916.891602008215
1783309381,200,,Aggregated,94.400000,0.000000,10,27,51,75,240,1800,4700,5400,5900,6400,6400,4467,0,10,256.4987605790859,2.9515659989556298,6392.884250992211,5908.0125363778825
1783309382,200,,Aggregated,92.600000,0.000000,10,26,50,74,240,1800,4700,5400,5900,6400,6400,4559,0,10,251.617313166885,2.9515659989556298,6392.884250992211,5907.156174599693
1783309383,200,,Aggregated,93.700000,0.000000,9,24,50,72,230,1700,4700,5400,5900,6400,6400,4665,0,9,246.1882743435819,2.9515659989556298,6392.884250992211,5894.949624866023
1783309384,200,,Aggregated,92.800000,0.000000,9,22,49,70,220,1700,4600,5400,5900,6400,6400,4754,0,9,241.82864716108364,2.9515659989556298,6392.884250992211,5888.780605805638
1783309385,200,,Aggregated,91.600000,0.000000,8,20,47,68,210,1600,4500,5400,5900,6400,6400,4855,0,8,237.02859515939818,2.9515659989556298,6392.884250992211,5890.636251287333
1783309386,200,,Aggregated,93.000000,0.000000,8,19,46,67,200,1500,4500,5300,5900,6400,6400,4940,0,8,233.1961377746828,2.9515659989556298,6392.884250992211,5897.656680161944
1783309387,200,,Aggregated,93.200000,0.000000,8,18,45,64,190,1300,4500,5300,5800,6400,6400,5036,0,8,228.9435619632309,2.9515659989556298,6392.884250992211,5904.294678316124
1783309388,200,,Aggregated,93.900000,0.000000,8,16,45,62,180,1300,4300,5300,5800,6400,6400,5124,0,8,225.19390613266708,2.9515659989556298,6392.884250992211,5872.5774785323965
1783309389,200,,Aggregated,92.900000,0.000000,8,15,44,61,180,1100,4300,5300,5800,6400,6400,5229,0,8,220.98857187527096,2.9515659989556298,6392.884250992211,5859.676802447887
1783309390,200,,Aggregated,92.000000,0.000000,7,15,43,59,170,1000,4200,5300,5800,6400,6400,5323,0,7,217.3962335862805,2.9515659989556298,6392.884250992211,5859.212474168702
1783309391,200,,Aggregated,91.000000,0.000000,7,14,42,59,170,920,4200,5300,5800,6400,6400,5407,0,7,214.16500227736609,2.9515659989556298,6392.884250992211,5864.773996670982
1783309392,200,,Aggregated,93.500000,0.000000,7,14,42,58,170,890,4200,5300,5800,6400,6400,5501,0,7,210.81867673761914,2.9515659989556298,6392.884250992211,5871.77295037266
1783309393,200,,Aggregated,93.800000,0.000000,7,13,41,57,160,790,4200,5300,5800,6400,6400,5597,0,7,207.42970810660162,2.9515659989556298,6392.884250992211,5855.626407003752
1783309394,200,,Aggregated,93.100000,0.000000,7,13,40,56,160,650,4200,5200,5800,6400,6400,5684,0,7,204.4344336378604,2.9321830079425126,6392.884250992211,5867.8926812104155
1783309395,200,,Aggregated,93.900000,0.000000,7,13,40,55,150,630,4200,5200,5800,6400,6400,5777,0,7,201.3105594454926,2.9321830079425126,6392.884250992211,5862.589579366453
1783309396,200,,Aggregated,93.000000,0.000000,7,13,39,54,150,620,4200,5200,5800,6400,6400,5874,0,7,198.1822956585931,2.9321830079425126,6392.884250992211,5884.2734082397
1783309397,200,,Aggregated,92.900000,0.000000,7,13,39,53,140,610,4200,5200,5800,6400,6400,5955,0,7,195.68174970823463,2.9321830079425126,6392.884250992211,5862.975314861461
1783309398,200,,Aggregated,92.000000,0.000000,7,13,38,52,140,590,4200,5100,5800,6400,6400,6059,0,7,192.63154127324415,2.9321830079425126,6392.884250992211,5842.203168839743
1783309399,200,,Aggregated,92.400000,0.000000,7,13,38,51,130,560,4200,5100,5800,6400,6400,6149,0,7,189.96006526843445,2.9321830079425126,6392.884250992211,5839.750365913156
1783309400,200,,Aggregated,92.400000,0.000000,7,12,37,51,130,550,4100,5100,5800,6400,6400,6231,0,7,187.66334473834104,2.9321830079425126,6392.884250992211,5814.780773551597
1783309401,200,,Aggregated,93.000000,0.000000,7,12,36,50,130,550,4100,5100,5800,6400,6400,6322,0,7,185.12645702997796,2.9321830079425126,6392.884250992211,5796.163397658968
1783309402,200,,Aggregated,92.000000,0.000000,7,12,36,50,120,540,4000,5100,5800,6400,6400,6415,0,7,182.6134301781004,2.9321830079425126,6392.884250992211,5796.500545596259
1783309403,200,,Aggregated,90.500000,0.000000,7,12,34,49,120,520,4000,5100,5800,6400,6400,6503,0,7,180.25468018891144,2.9321830079425126,6392.884250992211,5805.254190373674
1783309404,200,,Aggregated,91.200000,0.000000,7,12,34,49,120,510,4000,5100,5800,6400,6400,6586,0,7,178.21254579052967,2.9321830079425126,6392.884250992211,5810.372912238081
1783309405,200,,Aggregated,90.900000,0.000000,7,12,33,48,120,500,3900,5100,5800,6400,6400,6690,0,7,175.60319247749217,2.9321830079425126,6392.884250992211,5796.611808669656
1783309406,200,,Aggregated,90.400000,0.000000,7,12,32,48,110,460,3900,5000,5800,6400,6400,6780,0,7,173.46778303900697,2.9321830079425126,6392.884250992211,5782.164306784661
1783309407,200,,Aggregated,90.200000,0.000000,7,12,32,47,110,450,3800,5000,5800,6400,6400,6883,0,7,171.0845864068656,2.9321830079425126,6392.884250992211,5767.607583902368
1783309408,200,,Aggregated,91.100000,0.000000,6,12,31,47,110,440,3600,5000,5800,6400,6400,6964,0,6,169.26647504127033,2.9321830079425126,6392.884250992211,5759.406232050545
1783309409,200,,Aggregated,90.800000,0.000000,6,12,31,46,110,420,3600,5000,5800,6400,6400,7061,0,6,167.10583849020455,2.9321830079425126,6392.884250992211,5753.744795354765
1783309410,200,,Aggregated,92.500000,0.000000,6,12,30,45,110,390,3600,5000,5800,6400,6400,7150,0,6,165.16228049387425,2.9321830079425126,6392.884250992211,5765.326573426573
1783309411,200,,Aggregated,90.400000,0.000000,6,12,29,45,100,380,3100,5000,5800,6400,6400,7251,0,6,163.0244179925816,2.9321830079425126,6392.884250992211,5767.127982347262
1783309412,200,,Aggregated,91.100000,0.000000,6,12,28,45,100,370,3100,5000,5800,6400,6400,7340,0,6,161.17025159594922,2.9321830079425126,6392.884250992211,5778.250272479564
1783309413,200,,Aggregated,91.400000,0.000000,6,12,28,44,100,350,3000,5000,5800,6400,6400,7429,0,6,159.4205352004722,2.9321830079425126,6392.884250992211,5779.842374478396
1783309414,200,,Aggregated,92.400000,0.000000,6,12,28,44,100,340,3000,5000,5800,6400,6400,7523,0,6,157.5913696348944,2.9321830079425126,6392.884250992211,5771.3255350259205
1783309415,200,,Aggregated,92.000000,0.000000,6,11,27,44,98,320,2900,5000,5800,6400,6400,7610,0,6,155.92925366915148,2.9321830079425126,6392.884250992211,5762.263863337714
1783309417,200,,Aggregated,93.000000,0.000000,6,11,26,43,96,320,2800,5000,5800,6400,6400,7701,0,6,154.25666795614873,2.9321830079425126,6392.884250992211,5752.966108297624
1783309418,200,,Aggregated,91.100000,0.000000,6,11,26,43,95,310,2800,5000,5800,6400,6400,7797,0,6,152.51962504954494,2.9321830079425126,6392.884250992211,5746.294600487367
1783309419,200,,Aggregated,91.300000,0.000000,6,11,26,43,94,310,2800,4900,5800,6400,6400,7887,0,6,151.08001880287512,2.9321830079425126,6392.884250992211,5745.642069227843
1783309420,200,,Aggregated,90.600000,0.000000,6,11,25,43,93,310,2600,4900,5800,6400,6400,7988,0,6,149.32527552796043,2.9321830079425126,6392.884250992211,5738.030921382073
1783309421,200,,Aggregated,92.100000,0.000000,6,11,25,43,93,290,2600,4900,5800,6400,6400,8080,0,6,147.75376233049752,2.9321830079425126,6392.884250992211,5745.222400990099
1783309422,200,,Aggregated,91.900000,0.000000,6,11,24,42,92,290,2500,4800,5800,6400,6400,8172,0,6,146.27086459683667,2.9321830079425126,6392.884250992211,5734.849853157122
1783309423,200,,Aggregated,92.600000,0.000000,6,11,23,42,90,290,2500,4800,5800,6400,6400,8262,0,6,144.83134315485157,2.9321830079425126,6392.884250992211,5736.673202614379
1783309424,200,,Aggregated,91.400000,0.000000,6,11,22,42,89,280,2500,4800,5800,6400,6400,8353,0,6,143.38141034890583,2.9321830079425126,6392.884250992211,5720.494193702862
1783309425,200,,Aggregated,92.000000,0.000000,6,11,21,42,89,270,2500,4800,5800,6400,6400,8447,0,6,141.9275213607613,2.9321830079425126,6392.884250992211,5732.548360364626
1783309426,200,,Aggregated,92.100000,0.000000,6,11,20,41,88,270,2500,4800,5800,6400,6400,8535,0,6,140.57488018094332,2.9321830079425126,6392.884250992211,5731.39906268307
1783309427,200,,Aggregated,91.900000,0.000000,6,11,19,41,87,260,2500,4800,5800,6400,6400,8626,0,6,139.21720551857993,2.9321830079425126,6392.884250992211,5736.226872246696
1783309428,200,,Aggregated,92.300000,0.000000,6,11,18,40,87,260,2500,4800,5800,6400,6400,8724,0,6,137.75784203156502,2.9321830079425126,6392.884250992211,5743.802613480055
1783309429,200,,Aggregated,92.300000,0.000000,6,11,18,40,86,250,2400,4800,5800,6400,6400,8811,0,6,136.52918842962802,2.9321830079425126,6392.884250992211,5739.3409374645325
1783309430,200,,Aggregated,92.300000,0.000000,6,11,17,39,86,240,2400,4700,5800,6400,6400,8909,0,6,135.14285017717413,2.9321830079425126,6392.884250992211,5740.072623190033
1783309431,200,,Aggregated,91.800000,0.000000,6,11,17,39,85,240,2400,4700,5800,6400,6400,9004,0,6,133.90148992264133,2.9321830079425126,6392.884250992211,5739.127721012883
1783309432,200,,Aggregated,91.600000,0.000000,6,11,16,39,84,240,2400,4700,5800,6400,6400,9091,0,6,132.7316837910501,2.9321830079425126,6392.884250992211,5735.861841381587
1783309433,200,,Aggregated,91.700000,0.000000,6,11,16,39,83,230,2200,4700,5800,6400,6400,9183,0,6,131.5143171648179,2.8792829980375245,6392.884250992211,5740.373734073832
1783309434,200,,Aggregated,92.100000,0.000000,6,11,15,39,82,230,2200,4700,5800,6400,6400,9280,0,6,130.2593786514532,2.8792829980375245,6392.884250992211,5740.876400862069
1783309435,200,,Aggregated,91.500000,0.000000,6,11,15,38,82,230,2200,4700,5800,6400,6400,9362,0,6,129.21223094846974,2.8792829980375245,6392.884250992211,5734.7630848109375
1783309436,200,,Aggregated,92.000000,0.000000,6,11,15,38,82,220,2200,4700,5800,6400,6400,9465,0,6,127.95706270666147,2.8792829980375245,6392.884250992211,5740.991336502905
1783309437,200,,Aggregated,91.400000,0.000000,6,11,15,37,81,220,2200,4600,5800,6400,6400,9561,0,6,126.78192657311627,2.8792829980375245,6392.884250992211,5731.380817906077
1783309438,200,,Aggregated,92.300000,0.000000,6,11,15,37,81,210,2200,4600,5800,6400,6400,9655,0,6,125.68113598472307,2.8792829980375245,6392.884250992211,5735.26411185914
1783309439,200,,Aggregated,92.300000,0.000000,6,11,15,38,81,200,2100,4500,5800,6400,6400,9779,0,6,124.52366433934712,2.8792829980375245,6392.884250992211,5740.240822169956
1783309440,200,,Aggregated,92.200000,0.000000,6,11,15,38,80,200,2100,4500,5800,6400,6400,9877,0,6,123.40922160224878,2.8792829980375245,6392.884250992211,5735.930444466943
1783309441,200,,Aggregated,92.900000,0.000000,6,11,15,37,80,190,2100,4500,5800,6400,6400,9961,0,6,122.46983908627881,2.8792829980375245,6392.884250992211,5729.984138138741
1783309442,200,,Aggregated,92.500000,0.000000,6,11,15,37,79,190,2100,4500,5800,5900,6400,10049,0,6,121.49551712990788,2.8792829980375245,6392.884250992211,5727.146581749428
1783309443,200,,Aggregated,91.800000,0.000000,6,11,15,37,78,190,2100,4300,5800,5900,6400,10148,0,6,120.45457878295815,2.8792829980375245,6392.884250992211,5727.699448167126
1783309445,200,,Aggregated,92.700000,0.000000,6,11,17,39,85,210,2000,4300,5800,5900,6400,10319,0,6,120.65081254204345,2.8792829980375245,6392.884250992211,5734.806473495494
1783309446,200,,Aggregated,87.800000,0.000000,6,11,17,39,85,210,2000,4300,5800,5900,6400,10387,0,6,119.94795176483449,2.8792829980375245,6392.884250992211,5727.652835274863
1783309447,200,,Aggregated,93.000000,0.000000,6,11,16,39,84,200,2000,4300,5800,5900,6400,10486,0,6,118.92257455506352,2.8792829980375245,6392.884250992211,5727.14085447263
1783309448,200,,Aggregated,89.800000,0.000000,6,11,16,39,83,200,1800,4200,5800,5900,6400,10574,0,6,118.0310004262632,2.8792829980375245,6392.884250992211,5721.825420843578
1783309449,200,,Aggregated,89.200000,0.000000,6,11,15,39,82,200,1800,4200,5800,5900,6400,10671,0,6,117.06117200499403,2.8792829980375245,6392.884250992211,5716.382438384407
1783309450,200,,Aggregated,89.600000,0.000000,6,11,15,38,82,190,1800,4200,5800,5900,6400,10758,0,6,116.21132888421184,2.8792829980375245,6392.884250992211,5711.822271797732
1783309451,200,,Aggregated,89.600000,0.000000,6,11,15,38,82,190,1800,4200,5800,5900,6400,10845,0,6,115.38601508882792,2.8792829980375245,6392.884250992211,5708.939880129092
1783309452,200,,Aggregated,88.600000,0.000000,6,11,15,38,82,190,1800,4200,5800,5900,6400,10940,0,6,114.48830613476474,2.8792829980375245,6392.884250992211,5714.260054844607
1783309453,200,,Aggregated,88.100000,0.000000,6,11,15,37,81,190,1800,4200,5800,5900,6400,11035,0,6,113.60685425439627,2.8792829980375245,6392.884250992211,5722.9442682374265
1783309454,200,,Aggregated,88.500000,0.000000,6,11,15,37,81,180,1800,4200,5800,5900,6400,11115,0,6,112.87640285607313,2.8792829980375245,6392.884250992211,5728.5595141700405
1783309455,200,,Aggregated,88.500000,0.000000,6,11,14,37,81,180,1800,4200,5800,5900,6400,11213,0,6,112.00732055303733,2.8792829980375245,6392.884250992211,5726.977436903594
1783309456,200,,Aggregated,92.600000,0.000000,6,11,14,36,80,180,1800,4200,5800,5900,6400,11294,0,6,111.29754072518787,2.8792829980375245,6392.884250992211,5726.115105365681
1783309457,200,,Aggregated,87.800000,0.000000,6,11,14,36,80,180,1800,4200,5800,5900,6400,11385,0,6,110.49549418456826,2.8792829980375245,6392.884250992211,5726.6107158541945
1783309458,200,,Aggregated,89.900000,0.000000,6,11,14,36,79,180,1800,4200,5800,5900,6400,11480,0,6,109.68365504270783,2.8792829980375245,6392.884250992211,5736.076132404181
1783309459,200,,Aggregated,91.100000,0.000000,6,11,14,35,79,180,1700,4200,5800,5900,6400,11573,0,6,108.93011223990293,2.8792829980375245,6392.884250992211,5734.748293441631
1783309460,200,,Aggregated,89.000000,0.000000,6,11,14,35,78,170,1700,4200,5800,5900,6400,11660,0,6,108.2194259497736,2.8792829980375245,6392.884250992211,5744.406089193825
1783309461,200,,Aggregated,90.200000,0.000000,6,11,14,35,77,170,1700,4200,5800,5900,6400,11760,0,6,107.42962984687671,2.8792829980375245,6392.884250992211,5735.46887755102
1783309462,200,,Aggregated,90.200000,0.000000,6,11,14,35,77,170,1700,4200,5800,5900,6400,11851,0,6,106.70092028699958,2.8792829980375245,6392.884250992211,5741.226141253903
1783309463,200,,Aggregated,90.000000,0.000000,6,11,14,34,77,170,1700,4200,5800,5900,6400,11934,0,6,106.0287456339291,2.8792829980375245,6392.884250992211,5741.143874643874
1783309464,200,,Aggregated,89.500000,0.000000,6,11,14,34,77,170,1700,4200,5700,5900,6400,12033,0,6,105.28128074904208,2.8792829980375245,6392.884250992211,5730.987700490318
1783309465,200,,Aggregated,89.600000,0.000000,6,11,14,34,76,160,1600,4200,5700,5900,6400,12128,0,6,104.60586378431415,2.8792829980375245,6392.884250992211,5716.531579815303
1783309466,200,,Aggregated,90.400000,0.000000,6,11,14,34,76,160,1600,4200,5700,5900,6400,12226,0,6,103.90611806929194,2.8792829980375245,6392.884250992211,5721.751022411255
1783309467,200,,Aggregated,91.200000,0.000000,6,11,14,33,76,160,1500,4200,5700,5900,6400,12312,0,6,103.2543199681726,2.8792829980375245,6392.884250992211,5725.175194931774
1783309468,200,,Aggregated,92.200000,0.000000,6,11,14,33,75,160,1400,4100,5700,5900,6400,12409,0,6,102.56980427812573,2.8792829980375245,6392.884250992211,5721.711902651302
1783309469,200,,Aggregated,90.600000,0.000000,6,11,13,33,75,160,1300,4100,5700,5900,6400,12501,0,6,101.89799181467242,2.8792829980375245,6392.884250992211,5721.610831133509
1783309470,200,,Aggregated,92.000000,0.000000,6,11,13,32,75,160,1300,4100,5700,5900,6400,12589,0,6,101.28065007222817,2.8792829980375245,6392.884250992211,5715.100722853284
1783309471,200,,Aggregated,90.800000,0.000000,6,11,13,32,75,150,1300,4100,5700,5900,6400,12677,0,6,100.66688993202345,2.8792829980375245,6392.884250992211,5724.43645973022
1783309472,200,,Aggregated,92.200000,0.000000,6,11,13,32,74,150,1300,4000,5700,5900,6400,12778,0,6,99.97641450792685,2.8792829980375245,6392.884250992211,5729.2396306151195
1783309473,200,,Aggregated,92.200000,0.000000,6,11,13,31,74,150,1300,4000,5700,5900,6400,12873,0,6,99.33640238804823,2.8792829980375245,6392.884250992211,5729.302182863357
1783309474,200,,Aggregated,92.000000,0.000000,6,11,13,31,74,150,1200,4000,5700,5900,6400,12953,0,6,98.81934224784604,2.8792829980375245,6392.884250992211,5722.854937080213
1783309475,200,,Aggregated,92.100000,0.000000,6,11,13,31,73,150,1100,4000,5700,5900,6400,13046,0,6,98.19321353298753,2.8792829980375245,6392.884250992211,5726.049747048904
1783309476,200,,Aggregated,92.700000,0.000000,6,11,13,31,73,150,1100,4000,5700,5900,6400,13133,0,6,97.62407489038142,2.8792829980375245,6392.884250992211,5726.398690322089
1783309477,200,,Aggregated,91.300000,0.000000,6,11,13,31,73,150,1100,3900,5700,5900,6400,13230,0,6,97.005486833508,2.8792829980375245,6392.884250992211,5722.097354497355
1783309478,200,,Aggregated,90.000000,0.000000,6,11,13,30,72,150,1000,3900,5700,5900,6400,13317,0,6,96.42431653527885,2.8792829980375245,6392.884250992211,5719.028760231284
1783309479,200,,Aggregated,90.600000,0.000000,6,11,13,30,72,140,930,3900,5700,5900,6400,13404,0,6,95.87969402740447,2.8792829980375245,6392.884250992211,5724.36421963593
1783309480,200,,Aggregated,90.900000,0.000000,6,11,13,30,71,140,930,3900,5700,5900,6400,13496,0,6,95.31401646283508,2.8792829980375245,6392.884250992211,5725.258817427386
1783309481,200,,Aggregated,90.500000,0.000000,6,11,13,30,71,140,920,3900,5700,5900,6400,13592,0,6,94.71025921081356,2.8792829980375245,6392.884250992211,5738.641480282519
1783309482,200,,Aggregated,89.800000,0.000000,6,11,13,29,71,140,910,3800,5700,5900,6400,13685,0,6,94.15852538797175,2.8792829980375245,6392.884250992211,5738.933942272562
1783309483,200,,Aggregated,91.100000,0.000000,6,11,13,29,70,140,890,3800,5700,5900,6400,13782,0,6,93.5769947086273,2.8792829980375245,6392.884250992211,5733.285081991003
1783309484,200,,Aggregated,90.600000,0.000000,6,11,13,29,70,130,810,3600,5700,5900,6400,13874,0,6,93.05618927824383,2.8792829980375245,6392.884250992211,5726.123828744414
1783309485,200,,Aggregated,90.400000,0.000000,6,11,13,29,70,130,790,3600,5700,5900,6400,13951,0,6,92.6108381616641,2.8792829980375245,6392.884250992211,5721.722457171529
1783309486,200,,Aggregated,89.900000,0.000000,6,11,13,29,69,130,790,3600,5700,5900,6400,14043,0,6,92.0923948489896,2.8792829980375245,6392.884250992211,5719.8594317453535
1783309487,200,,Aggregated,91.100000,0.000000,6,11,13,29,69,130,660,3600,5700,5900,6400,14148,0,6,91.50384712420733,2.8792829980375245,6392.884250992211,5723.64934973141
1783309488,200,,Aggregated,89.700000,0.000000,6,11,13,28,69,130,650,3600,5700,5900,6400,14225,0,6,91.08247075172817,2.8792829980375245,6392.884250992211,5729.53855887522
1783309489,200,,Aggregated,90.800000,0.000000,6,11,13,28,69,130,640,3600,5700,5900,6400,14320,0,6,90.56966258193833,2.8792829980375245,6392.884250992211,5727.245041899441
1783309490,200,,Aggregated,91.200000,0.000000,6,11,13,28,68,130,630,3300,5700,5900,6400,14420,0,6,89.99072395695788,2.8792829980375245,6392.884250992211,5728.026144244105
1783309491,200,,Aggregated,91.200000,0.000000,6,11,13,28,68,130,620,3100,5700,5900,6400,14511,0,6,89.50111455566574,2.8792829980375245,6392.884250992211,5731.087106333127
1783309492,200,,Aggregated,90.800000,0.000000,6,11,13,28,68,130,620,3100,5700,5900,6400,14602,0,6,89.02357277272007,2.8792829980375245,6392.884250992211,5732.8049582249005
1783309493,200,,Aggregated,90.200000,0.000000,6,11,13,27,67,130,620,3100,5700,5900,6400,14686,0,6,88.5911481506345,2.8792829980375245,6392.884250992211,5722.287893231649
1783309494,200,,Aggregated,91.400000,0.000000,6,10,13,27,67,130,620,3000,5700,5900,6400,14787,0,6,88.0580911289132,2.8792829980375245,6392.884250992211,5724.145127476838
1783309495,200,,Aggregated,90.800000,0.000000,6,10,13,27,67,130,610,3000,5700,5900,6400,14873,0,6,87.62268222390983,2.8792829980375245,6392.884250992211,5720.354198883883
1783309496,200,,Aggregated,90.800000,0.000000,6,10,13,26,67,120,610,3000,5700,5900,6400,14962,0,6,87.1701666312787,2.8792829980375245,6392.884250992211,5722.765272022457
1783309497,200,,Aggregated,90.100000,0.000000,6,10,13,26,67,120,590,3000,5700,5900,6400,15052,0,6,86.71711074516345,2.8792829980375245,6392.884250992211,5729.7416290194
1783309498,200,,Aggregated,91.800000,0.000000,6,10,13,26,66,120,590,3000,5700,5900,6400,15143,0,6,86.26113998309948,2.8792829980375245,6392.884250992211,5728.549230667635
1783309499,200,,Aggregated,91.300000,0.000000,6,10,13,25,66,120,560,2900,5700,5900,6400,15232,0,6,85.82188502738119,2.8792829980375245,6392.884250992211,5728.936909138655
1783309500,200,,Aggregated,90.200000,0.000000,6,10,13,25,66,120,560,2900,5700,5900,6400,15327,0,6,85.36180175690457,2.8792829980375245,6392.884250992211,5731.822992105434
1783309501,200,,Aggregated,90.200000,0.000000,6,10,12,24,65,120,560,2800,5700,5900,6400,15425,0,6,84.8909641570868,2.8792829980375245,6392.884250992211,5737.019124797407
1783309502,200,,Aggregated,91.100000,0.000000,6,10,12,23,65,120,560,2800,5700,5900,6400,15506,0,6,84.52272970289584,2.8792829980375245,6392.884250992211,5734.143879788469
1783309503,200,,Aggregated,91.800000,0.000000,6,10,12,23,65,120,550,2800,5700,5900,6400,15608,0,6,84.06046864775406,2.8792829980375245,6392.884250992211,5731.517426960533
1783309504,200,,Aggregated,91.100000,0.000000,6,10,12,22,65,120,550,2800,5700,5900,6400,15688,0,6,83.69010934773067,2.8792829980375245,6392.884250992211,5736.96424018358
1783309505,200,,Aggregated,91.300000,0.000000,6,10,12,22,65,120,550,2800,5700,5900,6400,15794,0,6,83.24426187946224,2.8792829980375245,6392.884250992211,5741.870963657085
1783309506,200,,Aggregated,90.700000,0.000000,6,10,12,21,64,120,550,2800,5700,5900,6400,15891,0,6,82.82893948563344,2.8792829980375245,6392.884250992211,5744.093889623057
1783309507,200,,Aggregated,91.600000,0.000000,6,10,12,21,64,110,540,2600,5700,5900,6400,15987,0,6,82.39754434010234,2.8792829980375245,6392.884250992211,5738.425908550697
1783309508,200,,Aggregated,92.500000,0.000000,6,10,12,21,64,110,540,2600,5700,5900,6400,16072,0,6,82.03372503429608,2.8792829980375245,6392.884250992211,5741.322299651568
1783309509,200,,Aggregated,92.500000,0.000000,6,10,12,21,64,110,520,2600,5700,5900,6400,16175,0,6,81.59663968792515,2.8792829980375245,6392.884250992211,5738.444451313756
1783309510,200,,Aggregated,92.700000,0.000000,6,10,12,20,64,110,520,2500,5700,5900,6400,16270,0,6,81.23281925766634,2.8792829980375245,6392.884250992211,5739.354578979717
1783309511,200,,Aggregated,93.100000,0.000000,6,10,12,20,63,110,510,2500,5700,5900,6400,16359,0,6,80.84318652700011,2.8792829980375245,6392.884250992211,5742.782932942111
1783309512,200,,Aggregated,94.000000,0.000000,6,10,12,19,63,110,510,2500,5700,5900,6400,16450,0,6,80.47803780135828,2.8792829980375245,6392.884250992211,5739.494589665654
1783309513,200,,Aggregated,93.900000,0.000000,6,10,12,19,63,110,510,2500,5700,5900,6400,16557,0,6,80.02945396300275,2.8792829980375245,6392.884250992211,5747.737029655131
1783309514,200,,Aggregated,93.400000,0.000000,6,10,12,19,63,110,510,2500,5700,5900,6400,16635,0,6,79.70434522647834,2.8792829980375245,6392.884250992211,5744.560685302074
1783309515,200,,Aggregated,93.500000,0.000000,6,10,12,18,62,110,500,2500,5700,5900,6400,16732,0,6,79.30459065302955,2.8792829980375245,6392.884250992211,5753.3052235237865
1783309516,200,,Aggregated,94.800000,0.000000,6,10,12,18,62,110,460,2500,5700,5900,6400,16830,0,6,78.94384793366498,2.8792829980375245,6392.884250992211,5747.345038621509
1783309517,200,,Aggregated,93.400000,0.000000,6,10,12,18,62,110,460,2500,5700,5900,6400,16922,0,6,78.57596186494564,2.8792829980375245,6392.884250992211,5743.6744474648385
1783309518,200,,Aggregated,93.000000,0.000000,6,10,12,18,62,110,450,2500,5700,5900,6400,17012,0,6,78.218632589503,2.8792829980375245,6392.884250992211,5742.903127204327
1783309519,200,,Aggregated,93.400000,0.000000,6,10,12,18,62,110,450,2500,5700,5900,6400,17096,0,6,77.90627890018753,2.8792829980375245,6392.884250992211,5743.149157697707
1783309520,200,,Aggregated,93.200000,0.000000,6,10,12,17,61,110,450,2500,5700,5900,6400,17191,0,6,77.53164034207381,2.8792829980375245,6392.884250992211,5747.277121749753
1783309521,200,,Aggregated,93.400000,0.000000,6,10,12,17,61,110,450,2500,5700,5900,6400,17281,0,6,77.19127539561096,2.8792829980375245,6392.884250992211,5746.087205601528
1783309522,200,,Aggregated,91.200000,0.000000,6,10,12,17,61,110,450,2500,5700,5900,6400,17376,0,6,76.83444526050586,2.8792829980375245,6392.884250992211,5751.427198434622
1783309523,200,,Aggregated,91.200000,0.000000,6,10,12,17,60,110,450,2500,5700,5900,6400,17492,0,6,76.40804783097627,2.8792829980375245,6392.884250992211,5749.381488680539
1783309524,200,,Aggregated,91.100000,0.000000,6,10,12,17,60,110,440,2400,5700,5900,6400,17573,0,6,76.11788863754099,2.8792829980375245,6392.884250992211,5750.814488135207
1783309525,200,,Aggregated,91.600000,0.000000,6,10,12,16,60,100,440,2400,5700,5900,6400,17653,0,6,75.820533304112,2.8792829980375245,6392.884250992211,5750.811646745596
1783309526,200,,Aggregated,92.900000,0.000000,6,10,12,16,60,100,430,2400,5700,5900,6400,17745,0,6,75.48738826602269,2.8792829980375245,6392.884250992211,5752.896816004509
1783309527,200,,Aggregated,92.700000,0.000000,6,10,12,16,60,100,420,2400,5700,5900,6400,17842,0,6,75.17680764177568,2.8792829980375245,6392.884250992211,5753.859825131712
1783309528,200,,Aggregated,91.600000,0.000000,6,10,12,16,60,100,410,2400,5700,5900,6400,17936,0,6,74.83646794271523,2.8792829980375245,6392.884250992211,5757.076215432649
1783309529,200,,Aggregated,91.100000,0.000000,6,10,12,16,59,100,390,2400,5700,5900,6400,18024,0,6,74.52465714233732,2.8792829980375245,6392.884250992211,5759.602252552153
1783309530,200,,Aggregated,92.000000,0.000000,6,10,12,16,59,100,390,2400,5700,5900,6400,18123,0,6,74.16499188498042,2.8792829980375245,6392.884250992211,5760.373448104619
1783309531,200,,Aggregated,91.600000,0.000000,6,10,12,16,59,100,380,2200,5700,5900,6400,18209,0,6,73.87416892956902,2.8792829980375245,6392.884250992211,5759.485309462354
1783309532,200,,Aggregated,92.300000,0.000000,6,10,12,16,59,100,380,2200,5700,5900,6400,18300,0,6,73.56701024582088,2.8792829980375245,6392.884250992211,5757.102459016393
1783309533,200,,Aggregated,92.900000,0.000000,6,10,12,16,59,100,370,2200,5700,5900,6400,18387,0,6,73.2686536045891,2.8792829980375245,6392.884250992211,5763.249632892805
1783309534,200,,Aggregated,92.400000,0.000000,6,10,12,15,59,100,370,2200,5700,5900,6400,18480,0,6,72.95734209494748,2.8792829980375245,6392.884250992211,5765.7532467532465
1783309535,200,,Aggregated,92.500000,0.000000,6,10,12,15,59,100,360,2200,5700,5900,6400,18566,0,6,72.6752509238735,2.8792829980375245,6392.884250992211,5766.86609932134
1783309536,200,,Aggregated,89.600000,0.000000,6,10,12,15,58,100,360,2200,5700,5900,6400,18653,0,6,72.39269608334693,2.8792829980375245,6392.884250992211,5765.7077145767435
1783309537,200,,Aggregated,90.300000,0.000000,6,10,12,15,58,100,360,2200,5700,5900,6400,18752,0,6,72.07977959778614,2.8792829980375245,6392.884250992211,5766.5030396757675
1783309538,200,,Aggregated,90.800000,0.000000,6,10,12,15,58,100,350,2200,5700,5900,6400,18840,0,6,71.81371056372872,2.8792829980375245,6392.884250992211,5767.123885350318
1783309540,200,,Aggregated,90.200000,0.000000,6,10,12,15,58,100,350,2200,5700,5900,6400,18932,0,6,71.52852275537148,2.8792829980375245,6392.884250992211,5765.744506655398
1783309541,200,,Aggregated,90.400000,0.000000,6,10,12,15,58,99,350,2200,5600,5900,6400,19017,0,6,71.2577868471193,2.8792829980375245,6392.884250992211,5764.465530840826
1783309542,200,,Aggregated,90.300000,0.000000,6,10,12,15,58,99,350,2200,5600,5900,6400,19108,0,6,70.99835487391151,2.8792829980375245,6392.884250992211,5759.388005024074
1783309543,200,,Aggregated,88.900000,0.000000,5,10,12,15,58,98,340,2200,5600,5900,6400,19207,0,5,70.68878754843,2.8792829980375245,6392.884250992211,5760.820742437653
1783309544,200,,Aggregated,89.400000,0.000000,5,10,12,15,58,98,340,2200,5600,5900,6400,19307,0,5,70.41290982373006,2.8792829980375245,6392.884250992211,5757.531050914176
1783309545,200,,Aggregated,90.100000,0.000000,5,10,12,15,58,98,340,2200,5600,5900,6400,19394,0,5,70.15338544610057,2.8792829980375245,6392.884250992211,5751.8128802722495
1783309546,200,,Aggregated,91.300000,0.000000,5,10,12,15,58,98,330,2100,5600,5900,6400,19487,0,5,69.9113786597583,2.8792829980375245,6392.884250992211,5753.3485913686045
1783309547,200,,Aggregated,91.000000,0.000000,5,10,12,15,58,97,320,2100,5600,5900,6400,19579,0,5,69.62834685994086,2.8792829980375245,6392.884250992211,5756.703100260484
1783309548,200,,Aggregated,91.500000,0.000000,5,10,12,15,58,97,320,2100,5600,5900,6400,19674,0,5,69.34665546440785,2.8792829980375245,6392.884250992211,5760.202449933923
1783309549,200,,Aggregated,92.100000,0.000000,5,10,12,15,58,96,320,2100,5600,5900,6400,19764,0,5,69.07445289084771,2.8792829980375245,6392.884250992211,5754.294221817446
1783309550,200,,Aggregated,91.700000,0.000000,5,10,12,15,57,96,320,2100,5600,5900,6400,19852,0,5,68.81643061539161,2.8792829980375245,6392.884250992211,5763.129256498086
1783309551,200,,Aggregated,92.100000,0.000000,5,10,12,15,57,95,320,2100,5600,5900,6400,19944,0,5,68.56041912443844,2.8792829980375245,6392.884250992211,5762.104241877257
1783309552,200,,Aggregated,91.800000,0.000000,5,10,12,15,57,95,310,2100,5600,5900,6400,20044,0,5,68.28332280177213,2.8792829980375245,6392.884250992211,5762.976401915786
1783309553,200,,Aggregated,92.400000,0.000000,5,10,12,15,57,95,310,2100,5600,5900,6400,20126,0,5,68.06629744603015,2.8792829980375245,6392.884250992211,5757.434761005665
1783309554,200,,Aggregated,92.800000,0.000000,5,10,12,15,57,95,310,2100,5600,5900,6400,20218,0,5,67.81143813026749,2.8792829980375245,6392.884250992211,5758.38475615788
1783309555,200,,Aggregated,91.300000,0.000000,5,10,12,14,57,94,310,2100,5600,5900,6400,20300,0,5,67.5828933181567,2.8792829980375245,6392.884250992211,5760.794088669951
1783309556,200,,Aggregated,91.000000,0.000000,5,10,12,14,57,94,310,2100,5600,5900,6400,20398,0,5,67.31945851242754,2.8792829980375245,6392.884250992211,5757.572311010884
1783309557,200,,Aggregated,90.000000,0.000000,5,10,12,14,57,93,310,2100,5600,5900,6400,20480,0,5,67.10063250280689,2.8792829980375245,6392.884250992211,5760.233837890625
1783309558,200,,Aggregated,90.800000,0.000000,5,10,12,14,56,93,310,2100,5600,5900,6400,20567,0,5,66.85531294498762,2.8792829980375245,6392.884250992211,5762.569601789274
1783309559,200,,Aggregated,90.300000,0.000000,5,10,12,14,56,93,300,2000,5600,5900,6400,20663,0,5,66.60227569973115,2.8792829980375245,6392.884250992211,5761.521850650922
1783309560,200,,Aggregated,88.900000,0.000000,5,10,12,14,56,93,290,2000,5600,5900,6400,20766,0,5,66.33428761593434,2.8792829980375245,6392.884250992211,5756.322835404026
1783309561,200,,Aggregated,89.500000,0.000000,5,10,12,14,56,93,290,2000,5600,5900,6400,20847,0,5,66.12016402334008,2.8792829980375245,6392.884250992211,5752.941766201372
1783309562,200,,Aggregated,89.900000,0.000000,5,10,12,14,56,92,290,2000,5600,5900,6400,20935,0,5,65.89049092875558,2.8792829980375245,6392.884250992211,5751.920898017674
1783309563,200,,Aggregated,89.500000,0.000000,5,10,12,14,56,92,290,1900,5600,5900,6400,21034,0,5,65.66635653112161,2.8792829980375245,6392.884250992211,5753.435390320434
1783309564,200,,Aggregated,89.200000,0.000000,5,10,12,14,56,92,290,1800,5600,5900,6400,21125,0,5,65.4324587342303,2.8792829980375245,6392.884250992211,5753.418224852071
1783309565,200,,Aggregated,89.700000,0.000000,5,10,12,14,55,92,290,1800,5600,5900,6400,21225,0,5,65.16997743617233,2.8792829980375245,6392.884250992211,5749.834204946997
1783309566,200,,Aggregated,89.900000,0.000000,5,10,12,14,55,92,290,1800,5600,5900,6400,21320,0,5,64.92824346054016,2.8792829980375245,6392.884250992211,5748.664071294559
1783309567,200,,Aggregated,92.300000,0.000000,5,10,12,14,55,91,280,1800,5600,5900,6400,21413,0,5,64.69983887730518,2.8792829980375245,6392.884250992211,5745.621398216037
1783309568,200,,Aggregated,91.400000,0.000000,5,10,12,14,55,91,280,1800,5600,5900,6400,21502,0,5,64.49520694380246,2.8792829980375245,6392.884250992211,5744.095386475677
1783309569,200,,Aggregated,91.800000,0.000000,5,10,12,14,55,91,280,1800,5600,5900,6400,21591,0,5,64.29527533053601,2.8792829980375245,6392.884250992211,5743.567829188088
1783309570,200,,Aggregated,93.000000,0.000000,5,10,12,14,55,90,280,1800,5600,5900,6400,21682,0,5,64.07052813133521,2.8792829980375245,6392.884250992211,5739.560234295729
1783309571,200,,Aggregated,92.300000,0.000000,5,10,12,14,55,91,280,1800,5600,5900,6400,21777,0,5,63.859240912410314,2.8792829980375245,6392.884250992211,5739.611838177894
1783309572,200,,Aggregated,91.800000,0.000000,5,10,12,14,55,90,270,1800,5600,5900,6400,21869,0,5,63.65572762534362,2.8792829980375245,6392.884250992211,5735.30394622525
1783309573,200,,Aggregated,92.900000,0.000000,5,10,12,14,55,90,270,1800,5600,5900,6400,21963,0,5,63.424464620482766,2.8792829980375245,6392.884250992211,5730.766015571643
1783309574,200,,Aggregated,92.400000,0.000000,5,10,12,14,55,90,270,1800,5600,5900,6400,22050,0,5,63.2139540858826,2.8792829980375245,6392.884250992211,5733.079365079365
1783309575,200,,Aggregated,92.900000,0.000000,5,10,12,14,54,90,270,1800,5600,5900,6400,22140,0,5,63.00018265730518,2.8792829980375245,6392.884250992211,5735.081842818428
1783309576,200,,Aggregated,92.100000,0.000000,5,10,12,14,54,90,270,1800,5600,5900,6400,22235,0,5,62.787581647886604,2.8792829980375245,6392.884250992211,5735.876725882617
1783309577,200,,Aggregated,90.500000,0.000000,5,10,12,14,54,90,260,1800,5600,5900,6400,22330,0,5,62.59074530675263,2.8792829980375245,6392.884250992211,5738.544961934617
1783309578,200,,Aggregated,91.200000,0.000000,5,10,12,14,54,89,260,1800,5600,5900,6400,22416,0,5,62.3998320760524,2.8792829980375245,6392.884250992211,5738.867059243397
1783309579,200,,Aggregated,91.500000,0.000000,5,10,12,14,54,89,260,1800,5600,5900,6400,22510,0,5,62.1824201554328,2.8792829980375245,6392.884250992211,5738.348511772546
1783309580,200,,Aggregated,91.000000,0.000000,5,10,12,14,54,89,260,1800,5600,5900,6400,22606,0,5,61.97833645570877,2.8792829980375245,6392.884250992211,5734.636777846589
1783309581,200,,Aggregated,91.100000,0.000000,5,10,12,14,54,89,260,1800,5600,5900,6400,22692,0,5,61.81344232935746,2.8792829980375245,6392.884250992211,5732.603472589459
1783309582,200,,Aggregated,91.900000,0.000000,5,10,12,14,54,88,250,1800,5600,5900,6400,22785,0,5,61.602830889217856,2.8792829980375245,6392.884250992211,5733.055211762125
1783309583,200,,Aggregated,91.500000,0.000000,5,10,12,14,54,88,250,1800,5600,5900,6400,22878,0,5,61.411828818466084,2.754515007836744,6392.884250992211,5739.226593233674
1783309584,200,,Aggregated,91.700000,0.000000,5,10,12,14,54,88,250,1800,5600,5900,6400,22966,0,5,61.21340999063378,2.754515007836744,6392.884250992211,5737.574370809022
1783309585,200,,Aggregated,91.300000,0.000000,5,10,12,14,54,88,240,1700,5600,5900,6400,23063,0,5,60.99921854701947,2.754515007836744,6392.884250992211,5740.6021766465765
1783309586,200,,Aggregated,90.400000,0.000000,5,10,12,14,54,88,240,1700,5600,5900,6400,23145,0,5,60.84011633829613,2.754515007836744,6392.884250992211,5741.077295312162
1783309587,200,,Aggregated,91.800000,0.000000,5,10,12,14,54,88,240,1700,5600,5900,6400,23247,0,5,60.628352789906884,2.754515007836744,6392.884250992211,5739.1361465995615
1783309588,200,,Aggregated,90.600000,0.000000,5,10,12,14,54,87,240,1700,5600,5900,6400,23335,0,5,60.4471776419939,2.754515007836744,6392.884250992211,5739.173730447825
1783309589,200,,Aggregated,90.800000,0.000000,5,10,12,14,54,87,240,1700,5600,5900,6400,23439,0,5,60.24917187844838,2.754515007836744,6392.884250992211,5740.249712018431
1783309590,200,,Aggregated,91.600000,0.000000,5,10,12,14,53,87,240,1700,5600,5900,6400,23532,0,5,60.06482938534874,2.754515007836744,6392.884250992211,5743.74706782254
1783309591,200,,Aggregated,92.000000,0.000000,5,10,12,14,53,87,240,1700,5600,5900,6400,23608,0,5,59.9032470850567,2.754515007836744,6392.884250992211,5747.562394103694
1783309592,200,,Aggregated,92.000000,0.000000,5,10,12,14,53,87,240,1700,5600,5900,6400,23711,0,5,59.694242729280006,2.754515007836744,6392.884250992211,5744.172662477331
1783309593,200,,Aggregated,90.700000,0.000000,5,10,12,14,53,87,240,1700,5600,5900,6400,23801,0,5,59.507684481705574,2.754515007836744,6392.884250992211,5751.572160833578
1783309594,200,,Aggregated,91.800000,0.000000,5,10,12,14,53,87,240,1700,5600,5900,6400,23891,0,5,59.33965507890316,2.754515007836744,6392.884250992211,5751.728433301243
1783309595,200,,Aggregated,92.200000,0.000000,5,10,12,14,53,87,230,1700,5600,5900,6400,23991,0,5,59.13809049252148,2.754515007836744,6392.884250992211,5746.768746613313
1783309596,200,,Aggregated,92.500000,0.000000,5,10,12,14,53,86,230,1700,5600,5900,6400,24069,0,5,58.99454917317184,2.754515007836744,6392.884250992211,5743.982550168266
1783309597,200,,Aggregated,92.200000,0.000000,5,10,12,14,53,86,230,1600,5600,5900,6400,24163,0,5,58.807275625506065,2.754515007836744,6392.884250992211,5743.834788726565
1783309598,200,,Aggregated,92.400000,0.000000,5,10,12,14,53,86,230,1600,5600,5900,6400,24260,0,5,58.61768747679876,2.754515007836744,6392.884250992211,5742.5474031327285
1783309599,200,,Aggregated,91.200000,0.000000,5,10,12,14,53,86,230,1600,5600,5900,6400,24347,0,5,58.44987449144456,2.754515007836744,6392.884250992211,5743.3109623362225
1783309600,200,,Aggregated,91.700000,0.000000,5,10,12,14,53,86,230,1600,5600,5900,6400,24445,0,5,58.29191640213444,2.754515007836744,6392.884250992211,5745.974514215586
1783309601,200,,Aggregated,91.500000,0.000000,5,10,12,14,53,86,230,1600,5600,5900,6400,24531,0,5,58.13690919470072,2.754515007836744,6392.884250992211,5742.802046390281
1783309602,200,,Aggregated,90.400000,0.000000,5,10,12,14,53,86,230,1500,5600,5900,6400,24620,0,5,57.97814789074704,2.754515007836744,6392.884250992211,5741.718155970755
1783309603,200,,Aggregated,91.600000,0.000000,5,10,12,14,53,86,230,1400,5600,5900,6400,24717,0,5,57.81144614593484,2.754515007836744,6392.884250992211,5735.645264392928
1783309604,200,,Aggregated,90.800000,0.000000,5,10,12,14,53,85,230,1400,5600,5900,6400,24797,0,5,57.66470024321845,2.754515007836744,6392.884250992211,5732.951082792273
1783309605,200,,Aggregated,90.200000,0.000000,5,10,12,14,52,85,220,1400,5600,5900,6400,24888,0,5,57.50043243719879,2.754515007836744,6392.884250992211,5732.412447765992
1783309606,200,,Aggregated,91.100000,0.000000,5,10,12,14,52,85,220,1300,5600,5900,6400,24990,0,5,57.32530705982614,2.754515007836744,6392.884250992211,5734.788715486195
1783309607,200,,Aggregated,89.800000,0.000000,5,10,12,13,52,85,220,1300,5600,5900,6400,25075,0,5,57.16705735542082,2.754515007836744,6392.884250992211,5735.420658025922
1783309608,200,,Aggregated,90.300000,0.000000,5,10,12,13,52,85,220,1300,5600,5900,6400,25175,0,5,57.000838122827474,2.754515007836744,6392.884250992211,5734.538867924528
1783309609,200,,Aggregated,91.200000,0.000000,5,10,12,14,52,85,220,1300,5600,5900,6400,25259,0,5,56.86435544511645,2.754515007836744,6392.884250992211,5732.0853953046435
1783309610,200,,Aggregated,90.400000,0.000000,5,10,12,13,52,85,210,1300,5600,5900,6400,25357,0,5,56.68299491691747,2.754515007836744,6392.884250992211,5734.116535867808
1783309611,200,,Aggregated,90.500000,0.000000,5,10,12,13,52,84,210,1300,5600,5900,6400,25435,0,5,56.56146842725587,2.754515007836744,6392.884250992211,5731.569530174956
1783309612,200,,Aggregated,91.200000,0.000000,5,10,12,13,52,84,210,1300,5600,5900,6400,25523,0,5,56.41291887087345,2.754515007836744,6392.884250992211,5730.735023312306
1783309613,200,,Aggregated,90.200000,0.000000,5,10,12,13,52,84,210,1300,5600,5900,6400,25629,0,5,56.23231989446893,2.754515007836744,6392.884250992211,5729.4151156892585
1783309614,200,,Aggregated,89.400000,0.000000,5,10,12,13,52,84,210,1300,5600,5900,6400,25712,0,5,56.08727475522018,2.754515007836744,6392.884250992211,5729.035314250155
1783309615,200,,Aggregated,90.700000,0.000000,5,10,12,13,52,84,210,1300,5600,5900,6400,25808,0,5,55.91765989023942,2.754515007836744,6392.884250992211,5729.108919714817
1783309616,200,,Aggregated,90.700000,0.000000,5,10,12,13,52,84,210,1300,5600,5900,6400,25891,0,5,55.77325382543156,2.754515007836744,6392.884250992211,5726.149936271291
1783309617,200,,Aggregated,91.800000,0.000000,5,10,12,13,52,84,210,1200,5600,5900,6400,25995,0,5,55.60046108798697,2.754515007836744,6392.884250992211,5723.827543758415
1783309618,200,,Aggregated,91.900000,0.000000,5,10,12,13,52,83,210,1100,5600,5900,6400,26082,0,5,55.45595193402703,2.754515007836744,6392.884250992211,5725.20140326662
1783309619,200,,Aggregated,91.300000,0.000000,5,10,12,13,52,83,200,1100,5600,5900,6400,26171,0,5,55.305534208946554,2.754515007836744,6392.884250992211,5725.329448626342
1783309620,200,,Aggregated,91.000000,0.000000,5,10,12,13,52,83,200,1100,5600,5900,6400,26272,0,5,55.151011861081535,2.754515007836744,6392.884250992211,5723.3915194884285
1783309621,200,,Aggregated,90.400000,0.000000,5,10,12,13,52,83,200,1100,5600,5900,6400,26349,0,5,55.022060117246525,2.754515007836744,6392.884250992211,5725.911799309271
1783309622,200,,Aggregated,89.900000,0.000000,5,10,12,13,52,83,200,1100,5600,5900,6400,26443,0,5,54.883314875368285,2.754515007836744,6392.884250992211,5728.028741065688
1783309623,200,,Aggregated,90.700000,0.000000,5,10,12,13,52,83,200,1100,5600,5900,6400,26532,0,5,54.74594494935933,2.754515007836744,6392.884250992211,5732.084275591738
1783309624,200,,Aggregated,92.300000,0.000000,5,10,12,13,52,83,200,1000,5600,5900,6400,26631,0,5,54.611832876173956,2.754515007836744,6392.884250992211,5733.392737786789
1783309625,200,,Aggregated,91.400000,0.000000,5,10,12,13,52,83,200,1000,5600,5900,6400,26717,0,5,54.477193365662814,2.754515007836744,6392.884250992211,5734.306359246922
1783309626,200,,Aggregated,90.400000,0.000000,5,10,12,13,51,83,200,930,5600,5900,6400,26818,0,5,54.306345056358715,2.754515007836744,6392.884250992211,5733.801439331792
1783309627,200,,Aggregated,91.500000,0.000000,5,10,12,13,51,83,200,930,5600,5900,6400,26904,0,5,54.18497451774306,2.754515007836744,6392.884250992211,5738.879385964912
1783309628,200,,Aggregated,90.200000,0.000000,5,10,12,13,51,83,190,930,5600,5900,6400,26999,0,5,54.036478878709616,2.754515007836744,6392.884250992211,5737.726730619653
1783309629,200,,Aggregated,91.100000,0.000000,5,10,12,13,51,82,190,920,5600,5900,6400,27088,0,5,53.888452577758216,2.754515007836744,6392.884250992211,5741.958284111045
1783309630,200,,Aggregated,91.100000,0.000000,5,10,12,13,51,82,190,920,5600,5900,6400,27182,0,5,53.747252548905045,2.754515007836744,6392.884250992211,5743.412809947759
1783309631,200,,Aggregated,91.400000,0.000000,5,10,12,13,51,82,190,920,5600,5900,6400,27276,0,5,53.60348502384469,2.754515007836744,6392.884250992211,5747.163990321162
1783309632,200,,Aggregated,92.200000,0.000000,5,10,12,13,51,82,190,910,5600,5900,6400,27370,0,5,53.46668612358059,2.754515007836744,6392.884250992211,5746.592254293021
1783309633,200,,Aggregated,91.500000,0.000000,5,10,12,13,51,82,190,890,5600,5900,6400,27443,0,5,53.36214478367271,2.754515007836744,6392.884250992211,5744.781073497796
1783309634,200,,Aggregated,91.300000,0.000000,5,10,12,13,51,82,190,890,5600,5900,6400,27538,0,5,53.2107170482014,2.754515007836744,6392.884250992211,5744.87882199143
1783309635,200,,Aggregated,90.300000,0.000000,5,10,12,13,51,82,190,880,5600,5900,6400,27630,0,5,53.06865112234315,2.754515007836744,6392.884250992211,5744.445204487875
1783309636,200,,Aggregated,90.900000,0.000000,5,10,12,13,51,82,190,810,5600,5900,6400,27723,0,5,52.940307596879684,2.754515007836744,6392.884250992211,5740.314359917757
1783309637,200,,Aggregated,89.300000,0.000000,5,10,12,13,51,82,190,800,5600,5900,6400,27819,0,5,52.80831159233856,2.754515007836744,6392.884250992211,5742.307739314857
1783309638,200,,Aggregated,90.400000,0.000000,5,10,12,13,51,82,190,790,5600,5900,6400,27911,0,5,52.68458917273772,2.754515007836744,6392.884250992211,5743.089534592096
1783309639,200,,Aggregated,90.100000,0.000000,5,10,12,13,51,82,190,790,5600,5900,6400,27998,0,5,52.55616567234236,2.754515007836744,6392.884250992211,5746.255839702836
1783309640,200,,Aggregated,90.800000,0.000000,5,10,12,13,51,81,180,790,5600,5900,6400,28082,0,5,52.42864815327258,2.754515007836744,6392.884250992211,5745.625810127483
1783309641,200,,Aggregated,90.700000,0.000000,5,10,12,13,51,81,180,790,5600,5900,6400,28180,0,5,52.30202029912162,2.754515007836744,6392.884250992211,5741.5970191625265
1783309642,200,,Aggregated,89.500000,0.000000,5,10,12,13,51,81,180,660,5600,5900,6400,28266,0,5,52.17922194223613,2.754515007836744,6392.884250992211,5745.015283379325
1783309643,200,,Aggregated,90.100000,0.000000,5,10,12,13,51,81,180,650,5600,5900,6400,28353,0,5,52.0569528572008,2.754515007836744,6392.884250992211,5746.662081613938
1783309644,200,,Aggregated,89.600000,0.000000,5,10,12,13,51,81,180,650,5600,5900,6400,28455,0,5,51.93127440980969,2.754515007836744,6392.884250992211,5742.424951678088
1783309645,200,,Aggregated,90.400000,0.000000,5,10,11,13,51,81,180,640,5600,5900,6400,28539,0,5,51.81028664063911,2.754515007836744,6392.884250992211,5741.117102911805
1783309646,200,,Aggregated,89.900000,0.000000,5,10,11,13,50,81,180,640,5600,5900,6400,28638,0,5,51.67015488568501,2.754515007836744,6392.884250992211,5742.156505342552
1783309647,200,,Aggregated,90.400000,0.000000,5,10,11,13,50,81,180,630,5600,5900,6400,28727,0,5,51.54908493411187,2.754515007836744,6392.884250992211,5740.213701395899
1783309648,200,,Aggregated,90.900000,0.000000,5,10,11,13,50,81,180,630,5600,5900,6400,28823,0,5,51.42889736891166,2.754515007836744,6392.884250992211,5742.409291191063
1783309649,200,,Aggregated,90.800000,0.000000,5,10,11,13,51,81,180,620,5600,5900,6400,28935,0,5,51.32744901548842,2.754515007836744,6392.884250992211,5736.544807326767
1783309650,200,,Aggregated,90.500000,0.000000,5,10,11,13,50,81,180,620,5600,5900,6400,29027,0,5,51.20592997220314,2.754515007836744,6392.884250992211,5735.090364143728
1783309651,200,,Aggregated,91.600000,0.000000,5,10,11,13,50,81,180,620,5600,5900,6400,29122,0,5,51.08159188500475,2.754515007836744,6392.884250992211,5734.71423665957
1783309652,200,,Aggregated,92.700000,0.000000,5,10,11,13,50,81,180,620,5600,5900,6400,29213,0,5,50.95574794632925,2.754515007836744,6392.884250992211,5739.177112929176
1783309653,200,,Aggregated,92.200000,0.000000,5,10,11,13,50,81,180,620,5600,5900,6400,29305,0,5,50.82645176526547,2.754515007836744,6392.884250992211,5735.823954956492
1783309654,200,,Aggregated,93.000000,0.000000,5,10,11,13,50,81,180,620,5600,5900,6400,29404,0,5,50.68982505190129,2.754515007836744,6392.884250992211,5737.6097809821795
1783309655,200,,Aggregated,92.200000,0.000000,5,10,11,13,50,80,180,620,5600,5900,6400,29498,0,5,50.568733941083615,2.754515007836744,6392.884250992211,5737.902603566344
1783309656,200,,Aggregated,94.200000,0.000000,5,10,11,13,50,80,180,620,5600,5900,6400,29593,0,5,50.44321397830796,2.754515007836744,6392.884250992211,5738.77106072382
1783309657,200,,Aggregated,94.100000,0.000000,5,10,11,13,50,80,170,620,5600,5900,6400,29684,0,5,50.31764144606587,2.754515007836744,6392.884250992211,5736.024760813906
1783309658,200,,Aggregated,92.900000,0.000000,5,10,11,13,50,80,170,610,5600,5900,6400,29773,0,5,50.20260079437699,2.754515007836744,6392.884250992211,5735.555167433581
1783309659,200,,Aggregated,94.100000,0.000000,5,10,11,13,50,80,170,610,5600,5900,6400,29871,0,5,50.07770738415211,2.754515007836744,6392.884250992211,5735.218573198085
1783309660,200,,Aggregated,93.300000,0.000000,5,10,11,13,50,80,170,610,5600,5900,6400,29966,0,5,49.960071425119104,2.754515007836744,6392.884250992211,5739.060969098311
1783309661,200,,Aggregated,91.800000,0.000000,5,10,11,13,50,80,170,600,5600,5900,6400,30052,0,5,49.84835724225054,2.754515007836744,6392.884250992211,5739.28454013044
1783309662,200,,Aggregated,92.400000,0.000000,5,10,11,13,50,79,170,590,5600,5900,6400,30135,0,5,49.74878874156423,2.754515007836744,6392.884250992211,5738.342193462751
1783309663,200,,Aggregated,93.500000,0.000000,5,10,11,13,50,79,170,590,5600,5900,6400,30228,0,5,49.63144856851368,2.754515007836744,6392.884250992211,5735.730316263067
1783309664,200,,Aggregated,92.300000,0.000000,5,10,11,13,50,79,170,590,5600,5900,6400,30319,0,5,49.518056709786705,2.754515007836744,6392.884250992211,5734.840067284541
1783309665,200,,Aggregated,92.200000,0.000000,5,10,11,13,50,79,170,560,5600,5900,6400,30409,0,5,49.401904491104894,2.754515007836744,6392.884250992211,5735.782991877405
1783309666,200,,Aggregated,91.000000,0.000000,5,10,11,13,50,79,170,560,5600,5900,6400,30503,0,5,49.28757698799996,2.754515007836744,6392.884250992211,5736.1413631446085
1783309667,200,,Aggregated,90.900000,0.000000,5,10,11,13,50,79,170,560,5600,5900,6400,30602,0,5,49.16791747676443,2.754515007836744,6392.884250992211,5741.9684334357235
1783309668,200,,Aggregated,90.700000,0.000000,5,10,11,13,50,79,170,560,5600,5900,6400,30685,0,5,49.06286515388569,2.754515007836744,6392.884250992211,5739.205800879909
1783309669,200,,Aggregated,90.600000,0.000000,5,10,11,13,50,78,170,560,5600,5900,6400,30772,0,5,48.960468629986124,2.754515007836744,6392.884250992211,5738.550435460808
1783309670,200,,Aggregated,91.300000,0.000000,5,10,11,13,50,78,170,560,5600,5900,6400,30872,0,5,48.834959758845926,2.754515007836744,6392.884250992211,5738.290684115056
1783309671,200,,Aggregated,91.000000,0.000000,5,10,11,13,50,78,170,560,5600,5900,6400,30970,0,5,48.72995070826786,2.754515007836744,6392.884250992211,5741.628963513077
1783309672,200,,Aggregated,89.700000,0.000000,5,10,11,13,49,78,170,560,5600,5900,6400,31053,0,5,48.63240178553113,2.754515007836744,6392.884250992211,5742.064406015522
1783309673,200,,Aggregated,90.600000,0.000000,5,10,11,13,50,78,170,550,5600,5900,6400,31164,0,5,48.54904963252929,2.754515007836744,6392.884250992211,5740.709697086381
1783309675,200,,Aggregated,89.900000,0.000000,5,10,11,13,50,78,160,550,5600,5900,6400,31250,0,5,48.45956378717028,2.754515007836744,6392.884250992211,5736.675136
1783309676,200,,Aggregated,91.800000,0.000000,5,10,11,13,50,78,160,550,5600,5900,6400,31347,0,5,48.34579250205851,2.754515007836744,6392.884250992211,5737.984719430887
1783309677,200,,Aggregated,91.200000,0.000000,5,10,11,13,50,78,160,550,5600,5900,6400,31445,0,5,48.23830198842658,2.754515007836744,6392.884250992211,5739.584957862935
1783309678,200,,Aggregated,91.200000,0.000000,5,10,11,13,50,78,160,550,5600,5900,6400,31536,0,5,48.130915502158516,2.754515007836744,6392.884250992211,5743.228469051243
1783309679,200,,Aggregated,92.100000,0.000000,5,10,11,13,49,78,160,550,5600,5900,6400,31631,0,5,48.02038994315761,2.754515007836744,6392.884250992211,5739.8373747273245
1783309680,200,,Aggregated,92.000000,0.000000,5,10,11,13,49,78,160,550,5600,5900,6400,31714,0,5,47.94235986186466,2.754515007836744,6392.884250992211,5736.549851800467
1783309681,200,,Aggregated,93.000000,0.000000,5,10,11,13,49,78,160,540,5600,5900,6400,31816,0,5,47.83453407417883,2.754515007836744,6392.884250992211,5735.943078953986
1783309682,200,,Aggregated,92.700000,0.000000,5,10,11,13,49,78,160,540,5600,5900,6400,31907,0,5,47.73180093882733,2.754515007836744,6392.884250992211,5739.518506910709
1783309683,200,,Aggregated,92.100000,0.000000,5,10,11,13,49,78,160,540,5600,5900,6400,32001,0,5,47.62875069073565,2.754515007836744,6392.884250992211,5737.211462141808
1783309684,200,,Aggregated,92.000000,0.000000,5,10,11,13,49,77,160,540,5600,5900,6400,32085,0,5,47.53490340574095,2.754515007836744,6392.884250992211,5741.308461898083
1783309685,200,,Aggregated,94.200000,0.000000,5,10,11,13,49,77,160,540,5600,5900,6400,32177,0,5,47.43243400072268,2.754515007836744,6392.884250992211,5743.502999036579
1783309686,200,,Aggregated,91.700000,0.000000,5,10,11,13,49,77,160,540,5600,5900,6400,32266,0,5,47.337616092272,2.754515007836744,6392.884250992211,5742.527273290771
1783309687,200,,Aggregated,92.400000,0.000000,5,10,11,13,49,77,160,520,5600,5900,6400,32359,0,5,47.23699001580301,2.754515007836744,6392.884250992211,5737.975246453846
1783309688,200,,Aggregated,91.500000,0.000000,5,10,11,13,49,77,160,520,5600,5900,6400,32450,0,5,47.137366791352015,2.754515007836744,6392.884250992211,5741.230200308167
1783309689,200,,Aggregated,90.900000,0.000000,5,10,11,13,49,77,160,520,5600,5900,6400,32554,0,5,47.019313895875214,2.754515007836744,6392.884250992211,5742.278122504147
1783309690,200,,Aggregated,90.800000,0.000000,5,10,11,13,49,77,160,520,5600,5900,6400,32648,0,5,46.90627295908958,2.754515007836744,6392.884250992211,5739.11602548395
1783309691,200,,Aggregated,91.500000,0.000000,5,10,11,13,49,77,150,510,5600,5900,6400,32739,0,5,46.823987929266515,2.754515007836744,6392.884250992211,5741.794679128868
1783309692,200,,Aggregated,93.000000,0.000000,5,10,11,13,49,77,150,510,5600,5900,6400,32838,0,5,46.72604838495796,2.754515007836744,6392.884250992211,5739.511297886595
1783309693,200,,Aggregated,91.000000,0.000000,5,10,11,13,49,77,150,510,5600,5900,6400,32926,0,5,46.63609938353565,2.754515007836744,6392.884250992211,5737.480319504343
1783309694,200,,Aggregated,92.600000,0.000000,5,10,11,13,49,77,150,510,5600,5900,6400,33026,0,5,46.5259230356763,2.754515007836744,6392.884250992211,5737.605099012899
1783309695,200,,Aggregated,92.100000,0.000000,5,10,11,13,49,77,150,510,5600,5900,6400,33103,0,5,46.44181168003742,2.754515007836744,6392.884250992211,5740.539769809383
1783309696,200,,Aggregated,93.500000,0.000000,5,10,11,13,49,77,150,510,5600,5900,6400,33194,0,5,46.34896721468441,2.754515007836744,6392.884250992211,5741.843917575466
1783309697,200,,Aggregated,92.200000,0.000000,5,10,11,13,49,77,150,510,5600,5900,6400,33294,0,5,46.25533388064755,2.754515007836744,6392.884250992211,5742.04880759296
1783309698,200,,Aggregated,92.900000,0.000000,5,10,11,13,49,77,150,510,5600,5900,6400,33382,0,5,46.18754562405675,2.754515007836744,6392.884250992211,5741.2780540411
1783309699,200,,Aggregated,93.300000,0.000000,5,10,11,13,49,77,150,500,5600,5900,6400,33476,0,5,46.0985468884031,2.754515007836744,6392.884250992211,5736.961464930099
1783309700,200,,Aggregated,92.500000,0.000000,5,10,11,13,49,77,150,490,5600,5900,6400,33574,0,5,46.0054619823756,2.754515007836744,6392.884250992211,5737.855334485018
1783309701,200,,Aggregated,91.900000,0.000000,5,10,11,13,49,77,150,460,5600,5900,6400,33660,0,5,45.93261538251073,2.754515007836744,6392.884250992211,5735.132560903149
1783309702,200,,Aggregated,92.100000,0.000000,5,10,11,13,49,77,150,460,5600,5900,6400,33754,0,5,45.846906221403614,2.754515007836744,6392.884250992211,5732.152544883569
1783309703,200,,Aggregated,92.500000,0.000000,5,10,11,13,49,77,150,460,5600,5900,6400,33847,0,5,45.74954220342629,2.754515007836744,6392.884250992211,5732.951517121163
1783309704,200,,Aggregated,91.000000,0.000000,5,10,11,13,49,77,150,460,5600,5900,6400,33944,0,5,45.665727304013394,2.754515007836744,6392.884250992211,5734.666303323121
1783309705,200,,Aggregated,91.800000,0.000000,5,10,11,13,49,77,150,450,5600,5900,6400,34030,0,5,45.58427734326715,2.754515007836744,6392.884250992211,5730.688480752277
1783309706,200,,Aggregated,91.700000,0.000000,5,10,11,13,49,77,150,450,5600,5900,6400,34123,0,5,45.50147279144198,2.754515007836744,6392.884250992211,5732.542918266272
1783309707,200,,Aggregated,91.900000,0.000000,5,10,11,13,49,77,150,450,5600,5900,6400,34217,0,5,45.40767026105108,2.754515007836744,6392.884250992211,5733.7837624572585
1783309708,200,,Aggregated,92.000000,0.000000,5,10,11,13,49,77,150,450,5600,5900,6400,34306,0,5,45.32188100173314,2.754515007836744,6392.884250992211,5735.925377484988
1783309709,200,,Aggregated,91.300000,0.000000,5,10,11,13,49,77,150,450,5600,5900,6400,34399,0,5,45.2453518498048,2.754515007836744,6392.884250992211,5739.378412163144
1783309710,200,,Aggregated,91.800000,0.000000,5,10,11,13,49,77,150,450,5600,5900,6400,34486,0,5,45.15999025382627,2.754515007836744,6392.884250992211,5737.6686191498
1783309711,200,,Aggregated,92.300000,0.000000,5,10,11,13,49,76,150,450,5600,5900,6400,34582,0,5,45.06654414355635,2.754515007836744,6392.884250992211,5737.7110924758545
1783309712,200,,Aggregated,90.900000,0.000000,5,10,11,13,49,76,150,450,5600,5900,6400,34675,0,5,44.99346122429394,2.754515007836744,6392.884250992211,5738.266705118962
1783309713,200,,Aggregated,91.600000,0.000000,5,10,11,13,49,76,150,450,5600,5900,6400,34771,0,5,44.90470627167504,2.754515007836744,6392.884250992211,5736.76900290472
1783309714,200,,Aggregated,92.100000,0.000000,5,10,11,13,49,76,140,450,5600,5900,6400,34863,0,5,44.821229453473414,2.754515007836744,6392.884250992211,5737.896537876833
1783309715,200,,Aggregated,91.900000,0.000000,5,10,11,13,49,76,140,450,5600,5900,6400,34952,0,5,44.739895483188675,2.754515007836744,6392.884250992211,5737.28953994049
1783309716,200,,Aggregated,90.600000,0.000000,5,10,11,13,49,76,140,440,5500,5900,6400,35067,0,5,44.64311315109384,2.754515007836744,6392.884250992211,5735.7122936093765
1783309717,200,,Aggregated,92.200000,0.000000,5,10,11,13,49,76,140,440,5500,5900,6400,35150,0,5,44.56563029275564,2.754515007836744,6392.884250992211,5735.4638975817925
1783309718,200,,Aggregated,92.600000,0.000000,5,10,11,13,49,76,140,440,5500,5900,6400,35243,0,5,44.48726862384678,2.754515007836744,6392.884250992211,5735.186391623869
1783309719,200,,Aggregated,92.800000,0.000000,5,10,11,13,49,76,140,440,5500,5900,6400,35326,0,5,44.404176436484306,2.754515007836744,6392.884250992211,5733.097690086622
1783309720,200,,Aggregated,92.800000,0.000000,5,10,11,13,49,76,140,430,5500,5900,6400,35410,0,5,44.332000200571144,2.754515007836744,6392.884250992211,5735.870290878283
1783309721,200,,Aggregated,91.800000,0.000000,5,10,11,13,49,76,140,420,5500,5900,6400,35511,0,5,44.24012226648943,2.754515007836744,6392.884250992211,5733.609416800428
1783309722,200,,Aggregated,91.900000,0.000000,5,10,11,13,49,76,140,420,5500,5900,6400,35589,0,5,44.18911359808747,2.754515007836744,6392.884250992211,5733.60018545056
1783309723,200,,Aggregated,93.200000,0.000000,5,10,11,13,49,76,140,420,5500,5900,6400,35689,0,5,44.11015629214495,2.754515007836744,6392.884250992211,5734.948443497997
1783309724,200,,Aggregated,90.400000,0.000000,5,10,11,13,49,76,140,420,5500,5900,6400,35783,0,5,44.0314807500025,2.754515007836744,6392.884250992211,5733.653997708409
1783309725,200,,Aggregated,91.100000,0.000000,5,10,11,13,49,76,140,410,5500,5900,6400,35878,0,5,43.95495168106681,2.754515007836744,6392.884250992211,5734.149283683594
1783309726,200,,Aggregated,91.600000,0.000000,5,10,11,13,49,76,140,390,5500,5900,6400,35965,0,5,43.88140313019235,2.754515007836744,6392.884250992211,5733.039316001668
1783309727,200,,Aggregated,91.600000,0.000000,5,10,11,13,49,76,140,390,5500,5900,6400,36054,0,5,43.81281692015979,2.754515007836744,6392.884250992211,5732.440062129029
1783309728,200,,Aggregated,90.500000,0.000000,5,10,11,13,49,76,140,390,5500,5900,6400,36148,0,5,43.7343213758561,2.754515007836744,6392.884250992211,5729.767096381543
1783309729,200,,Aggregated,89.500000,0.000000,5,10,11,13,49,76,140,390,5500,5900,6400,36230,0,5,43.666548435341085,2.754515007836744,6392.884250992211,5728.452304719845
1783309730,200,,Aggregated,90.800000,0.000000,5,10,11,13,49,75,140,390,5500,5900,6400,36324,0,5,43.58615736024075,2.754515007836744,6392.884250992211,5728.703171456888
1783309731,200,,Aggregated,90.500000,0.000000,5,10,11,13,49,75,140,380,5500,5900,6400,36432,0,5,43.48692415545144,2.754515007836744,6392.884250992211,5731.47389657444
1783309732,200,,Aggregated,91.000000,0.000000,5,10,11,13,49,75,140,380,5500,5900,6400,36514,0,5,43.41934848026414,2.754515007836744,6392.884250992211,5729.402311442186
1783309733,200,,Aggregated,91.300000,0.000000,5,10,11,13,49,75,140,380,5500,5900,6400,36607,0,5,43.33952610146666,2.754515007836744,6392.884250992211,5732.934001693665
1783309734,200,,Aggregated,92.400000,0.000000,5,10,11,13,48,75,130,370,5500,5900,6400,36716,0,5,43.2461769354626,2.754515007836744,6392.884250992211,5734.47821113411
1783309735,200,,Aggregated,92.000000,0.000000,5,10,11,13,48,75,130,370,5500,5900,6400,36795,0,5,43.178595070753936,2.754515007836744,6392.884250992211,5736.597554015491
1783309736,200,,Aggregated,92.300000,0.000000,5,10,11,13,48,75,130,370,5500,5900,6400,36883,0,5,43.097044512495756,2.754515007836744,6392.884250992211,5739.304042512811
1783309737,200,,Aggregated,91.800000,0.000000,5,10,11,13,48,75,130,370,5500,5900,6400,36985,0,5,43.01142339173421,2.754515007836744,6392.884250992211,5736.612167094768
1783309738,200,,Aggregated,91.300000,0.000000,5,10,11,13,48,75,130,370,5500,5900,6400,37071,0,5,42.94087178474516,2.754515007836744,6392.884250992211,5737.381592080063
1783309739,200,,Aggregated,93.000000,0.000000,5,10,11,13,48,75,130,360,5500,5900,6400,37154,0,5,42.86583217885815,2.754515007836744,6392.884250992211,5736.310975937988
1783309740,200,,Aggregated,92.000000,0.000000,5,10,11,13,48,75,130,360,5500,5900,6400,37252,0,5,42.78639029701175,2.754515007836744,6392.884250992211,5734.407387522818
1783309741,200,,Aggregated,91.600000,0.000000,5,10,11,13,48,75,130,360,5500,5900,6400,37343,0,5,42.7140977470544,2.754515007836744,6392.884250992211,5736.913799105589
1783309742,200,,Aggregated,92.200000,0.000000,5,10,11,13,48,75,130,360,5500,5900,6400,37435,0,5,42.63887858761249,2.754515007836744,6392.884250992211,5740.023908107386
1783309743,200,,Aggregated,89.500000,0.000000,5,10,11,13,48,75,130,360,5500,5900,6400,37521,0,5,42.563084226841745,2.754515007836744,6392.884250992211,5743.2879454172335
1783309744,200,,Aggregated,91.700000,0.000000,5,10,11,13,48,75,130,350,5500,5900,6400,37606,0,5,42.487335091482976,2.754515007836744,6392.884250992211,5742.424666276658
1783309745,200,,Aggregated,90.600000,0.000000,5,10,11,13,48,75,130,350,5500,5900,6400,37700,0,5,42.40732315303102,2.754515007836744,6392.884250992211,5742.25050397878
1783309746,200,,Aggregated,89.700000,0.000000,5,10,11,13,48,74,130,350,5500,5900,6400,37792,0,5,42.33345907139647,2.754515007836744,6392.884250992211,5743.439034716342
1783309747,200,,Aggregated,89.800000,0.000000,5,10,11,13,48,74,130,350,5500,5900,6400,37891,0,5,42.26424700982301,2.754515007836744,6392.884250992211,5744.60523607189
1783309748,200,,Aggregated,90.100000,0.000000,5,10,11,13,48,74,130,350,5500,5900,6400,37983,0,5,42.19679834415764,2.754515007836744,6392.884250992211,5745.098965326593
1783309749,200,,Aggregated,89.300000,0.000000,5,10,11,13,48,74,130,350,5500,5900,6400,38071,0,5,42.12304707444329,2.754515007836744,6392.884250992211,5742.390901210895
1783309750,200,,Aggregated,90.500000,0.000000,5,10,11,13,48,74,130,350,5500,5900,6400,38157,0,5,42.07156081786215,2.754515007836744,6392.884250992211,5738.833713342244
1783309751,200,,Aggregated,90.900000,0.000000,5,10,11,13,48,74,130,350,5500,5900,6400,38246,0,5,42.01522385669847,2.754515007836744,6392.884250992211,5739.568373163206
1783309752,200,,Aggregated,90.000000,0.000000,5,10,11,13,48,74,130,340,5500,5900,6400,38343,0,5,41.94044984827442,2.754515007836744,6392.884250992211,5740.099522729051
1783309753,200,,Aggregated,90.900000,0.000000,5,10,11,13,48,74,130,340,5500,5900,6400,38428,0,5,41.867478036208944,2.754515007836744,6392.884250992211,5740.624102217133
1783309754,200,,Aggregated,89.400000,0.000000,5,10,11,13,48,74,130,340,5500,5900,6400,38520,0,5,41.79593453355173,2.754515007836744,6392.884250992211,5741.322923156802
1783309755,200,,Aggregated,90.100000,0.000000,5,10,11,13,48,74,130,340,5500,5900,6400,38608,0,5,41.72475773856099,2.754515007836744,6392.884250992211,5744.553900745959
1783309756,200,,Aggregated,90.400000,0.000000,5,10,11,13,48,74,130,340,5500,5900,6400,38703,0,5,41.66096913945443,2.754515007836744,6392.884250992211,5744.222928455159
1783309757,200,,Aggregated,90.500000,0.000000,5,10,11,13,48,74,130,340,5500,5900,6400,38801,0,5,41.593409416259064,2.754515007836744,6392.884250992211,5738.437102136543
1783309758,200,,Aggregated,90.900000,0.000000,5,10,11,13,48,74,130,340,5500,5900,6400,38897,0,5,41.516671881151396,2.754515007836744,6392.884250992211,5739.8575982723605
1783309759,200,,Aggregated,92.000000,0.000000,5,9,11,13,48,74,130,330,5500,5900,6400,38985,0,5,41.44611918645944,2.754515007836744,6392.884250992211,5738.50327048865
1783309760,200,,Aggregated,89.900000,0.000000,5,9,11,13,48,74,130,320,5500,5900,6400,39088,0,5,41.37682410768072,2.754515007836744,6392.884250992211,5739.509158821122
1783309761,200,,Aggregated,91.000000,0.000000,5,9,11,13,48,74,130,320,5500,5900,6400,39187,0,5,41.30646006188261,2.754515007836744,6392.884250992211,5736.699211473193
1783309762,200,,Aggregated,91.200000,0.000000,5,9,11,13,48,74,130,320,5500,5900,6400,39276,0,5,41.24736628679134,2.754515007836744,6392.884250992211,5736.689657806294
1783309763,200,,Aggregated,92.600000,0.000000,5,9,11,13,48,74,130,320,5500,5900,6400,39370,0,5,41.1724522890049,2.754515007836744,6392.884250992211,5734.708432816866
1783309764,200,,Aggregated,92.600000,0.000000,5,9,11,13,48,73,130,320,5500,5900,6400,39462,0,5,41.10136845157733,2.754515007836744,6392.884250992211,5737.337387866809
1783309765,200,,Aggregated,93.600000,0.000000,5,9,11,13,48,73,130,320,5500,5900,6400,39553,0,5,41.04281480737863,2.754515007836744,6392.884250992211,5735.969939069098
1783309766,200,,Aggregated,94.200000,0.000000,5,9,11,13,48,73,130,320,5500,5900,6400,39653,0,5,40.972069547051355,2.754515007836744,6392.884250992211,5736.926361183265
1783309767,200,,Aggregated,92.600000,0.000000,5,9,11,13,48,73,130,320,5500,5900,6400,39740,0,5,40.912481905191214,2.754515007836744,6392.884250992211,5733.989255158531
1783309768,200,,Aggregated,94.000000,0.000000,5,9,11,13,48,73,130,320,5500,5900,6400,39837,0,5,40.84594886648979,2.754515007836744,6392.884250992211,5732.243165901047
1783309769,200,,Aggregated,92.200000,0.000000,5,9,11,13,48,73,130,320,5500,5900,6400,39918,0,5,40.79546248009391,2.754515007836744,6392.884250992211,5731.9048299012975
1783309770,200,,Aggregated,93.800000,0.000000,5,9,11,13,48,73,130,310,5500,5900,6400,40015,0,5,40.72822709997092,2.754515007836744,6392.884250992211,5727.885667874547
1783309771,200,,Aggregated,93.700000,0.000000,5,9,11,13,48,73,130,310,5500,5900,6400,40117,0,5,40.6536892122622,2.754515007836744,6392.884250992211,5726.754268763866
1783309772,200,,Aggregated,93.600000,0.000000,5,9,11,13,48,73,130,310,5500,5900,6400,40203,0,5,40.59830672391078,2.754515007836744,6392.884250992211,5726.447877024103
1783309773,200,,Aggregated,91.900000,0.000000,5,9,11,13,48,73,130,310,5500,5900,6400,40290,0,5,40.542075891894875,2.754515007836744,6392.884250992211,5724.275750806652
1783309774,200,,Aggregated,92.800000,0.000000,5,9,11,13,48,73,130,310,5500,5900,6400,40400,0,5,40.51066709929169,2.754515007836744,6392.884250992211,5723.187450495049
1783309775,200,,Aggregated,92.300000,0.000000,5,9,11,13,48,73,120,310,5500,5900,6400,40501,0,5,40.443204696933805,2.754515007836744,6392.884250992211,5725.03513493494
1783309776,200,,Aggregated,91.400000,0.000000,5,9,11,13,48,73,120,310,5500,5900,6400,40589,0,5,40.377617870766564,2.754515007836744,6392.884250992211,5726.03067333514
1783309777,200,,Aggregated,91.800000,0.000000,5,9,11,13,48,73,120,310,5500,5900,6400,40672,0,5,40.31394836800528,2.754515007836744,6392.884250992211,5726.026062155783
1783309778,200,,Aggregated,91.900000,0.000000,5,9,11,13,48,73,120,310,5500,5900,6400,40768,0,5,40.24836652601439,2.754515007836744,6392.884250992211,5728.297978806907
1783309779,200,,Aggregated,91.600000,0.000000,5,9,11,13,48,73,120,310,5500,5900,6400,40861,0,5,40.18419510659535,2.754515007836744,6392.884250992211,5727.74824404689
1783309780,200,,Aggregated,91.300000,0.000000,5,9,11,13,48,73,120,310,5500,5900,6400,40951,0,5,40.130818906781855,2.754515007836744,6392.884250992211,5725.260921589216
1783309781,200,,Aggregated,90.600000,0.000000,5,9,11,13,48,73,120,310,5500,5900,6400,41042,0,5,40.069007259601754,2.754515007836744,6392.884250992211,5725.45270698309
1783309782,200,,Aggregated,90.300000,0.000000,5,9,11,13,48,73,120,310,5500,5900,6400,41146,0,5,40.000744323084774,2.754515007836744,6392.884250992211,5725.558183055461
1783309783,200,,Aggregated,90.600000,0.000000,5,9,11,13,48,73,120,300,5500,5900,6400,41221,0,5,39.946003871101425,2.754515007836744,6392.884250992211,5725.829383081439
1783309784,200,,Aggregated,90.400000,0.000000,5,9,11,13,48,73,120,300,5500,5900,6400,41315,0,5,39.89350918065218,2.754515007836744,6392.884250992211,5725.5322280043565
1783309785,200,,Aggregated,90.900000,0.000000,5,9,11,13,48,73,120,300,5500,5900,6400,41417,0,5,39.827311266332,2.754515007836744,6392.884250992211,5726.938841538498
1783309786,200,,Aggregated,91.300000,0.000000,5,9,11,13,48,73,120,290,5500,5900,6400,41501,0,5,39.778749437740395,2.754515007836744,6392.884250992211,5727.3060167224885
1783309787,200,,Aggregated,91.200000,0.000000,5,9,11,13,48,73,120,290,5500,5900,6400,41592,0,5,39.71686753860478,2.754515007836744,6392.884250992211,5730.460064435469
1783309788,200,,Aggregated,91.400000,0.000000,5,9,11,13,48,73,120,290,5500,5900,6400,41682,0,5,39.66506187267024,2.754515007836744,6392.884250992211,5732.327215584665
1783309789,200,,Aggregated,90.600000,0.000000,5,9,11,13,48,73,120,290,5500,5900,6400,41775,0,5,39.60856239070367,2.754515007836744,6392.884250992211,5730.651418312388
1783309790,200,,Aggregated,90.500000,0.000000,5,9,11,13,48,73,120,290,5500,5900,6400,41868,0,5,39.548618068207084,2.754515007836744,6392.884250992211,5732.2956195662555
1783309791,200,,Aggregated,90.700000,0.000000,5,9,11,13,47,73,120,290,5500,5900,6400,41970,0,5,39.482041874426464,2.754515007836744,6392.884250992211,5732.540528949249
1783309792,200,,Aggregated,91.200000,0.000000,5,9,11,13,47,73,120,290,5500,5900,6400,42059,0,5,39.42591008030615,2.754515007836744,6392.884250992211,5734.506502769918
1783309793,200,,Aggregated,92.600000,0.000000,5,9,11,13,47,72,120,290,5500,5900,6400,42162,0,5,39.36482356471819,2.754515007836744,6392.884250992211,5734.41933494616
1783309795,200,,Aggregated,91.600000,0.000000,5,9,11,13,48,73,120,290,5500,5900,6400,42289,0,5,39.3859651394132,2.754515007836744,6392.884250992211,5731.784222847549
1783309796,200,,Aggregated,91.400000,0.000000,5,9,11,13,48,73,120,290,5500,5900,6400,42371,0,5,39.340458330380194,2.754515007836744,6392.884250992211,5729.563640225626
1783309797,200,,Aggregated,93.800000,0.000000,5,9,11,13,48,73,120,290,5500,5900,6400,42468,0,5,39.27715083654723,2.754515007836744,6392.884250992211,5727.97332108882
1783309798,200,,Aggregated,90.700000,0.000000,5,9,11,13,48,73,120,290,5500,5900,6400,42536,0,5,39.234092891654704,2.754515007836744,6392.884250992211,5729.108496332518
1783309799,200,,Aggregated,93.700000,0.000000,5,10,11,13,48,73,120,290,5500,5900,6400,42660,0,5,39.17591835460133,2.754515007836744,6392.884250992211,5731.830379746835
1783309800,200,,Aggregated,92.400000,0.000000,5,10,11,13,48,73,120,290,5500,5900,6400,42746,0,5,39.1187737338296,2.754515007836744,6392.884250992211,5732.264960464137
1783309801,200,,Aggregated,92.300000,0.000000,5,9,11,13,48,73,120,290,5500,5900,6400,42831,0,5,39.06513451126978,2.754515007836744,6392.884250992211,5730.204104503748
1783309802,200,,Aggregated,93.100000,0.000000,5,10,11,13,48,73,120,290,5500,5900,6400,42931,0,5,39.00553810240031,2.754515007836744,6392.884250992211,5732.98036383965
1783309803,200,,Aggregated,90.000000,0.000000,5,10,11,13,48,73,120,280,5400,5900,6400,43018,0,5,38.95100862283315,2.754515007836744,6392.884250992211,5733.373982983867
1783309804,200,,Aggregated,90.900000,0.000000,5,9,11,13,48,73,120,280,5400,5900,6400,43109,0,5,38.892179034655605,2.754515007836744,6392.884250992211,5734.79595908047
1783309805,200,,Aggregated,89.700000,0.000000,5,9,11,13,48,73,120,280,5400,5900,6400,43204,0,5,38.83165392850175,2.754515007836744,6392.884250992211,5733.715466160541
1783309806,200,,Aggregated,91.400000,0.000000,5,9,11,13,48,72,120,280,5400,5900,6400,43302,0,5,38.772356775784694,2.754515007836744,6392.884250992211,5733.620756547041
1783309807,200,,Aggregated,89.400000,0.000000,5,9,11,13,48,72,120,280,5400,5900,6400,43399,0,5,38.72191675559277,2.754515007836744,6392.884250992211,5733.632180464988
1783309808,200,,Aggregated,92.400000,0.000000,5,9,11,13,48,72,120,280,5400,5900,6400,43491,0,5,38.66452465953654,2.754515007836744,6392.884250992211,5733.904164079924
1783309809,200,,Aggregated,90.900000,0.000000,5,9,11,13,48,72,120,280,5400,5900,6400,43580,0,5,38.608510257367506,2.754515007836744,6392.884250992211,5733.515901789812
1783309810,200,,Aggregated,92.600000,0.000000,5,9,11,13,48,72,120,280,5400,5900,6400,43670,0,5,38.55666233492247,2.754515007836744,6392.884250992211,5729.756675062972
1783309811,200,,Aggregated,93.100000,0.000000,5,9,11,13,48,72,120,280,5400,5900,6400,43765,0,5,38.50620249299511,2.754515007836744,6392.884250992211,5729.1675768308005
1783309812,200,,Aggregated,91.400000,0.000000,5,9,11,13,48,72,120,280,5400,5900,6400,43856,0,5,38.449060186358814,2.754515007836744,6392.884250992211,5727.991608901861
1783309813,200,,Aggregated,93.000000,0.000000,5,9,11,13,48,72,120,270,5400,5900,6400,43939,0,5,38.409151157375995,2.754515007836744,6392.884250992211,5727.458999977242
1783309814,200,,Aggregated,92.200000,0.000000,5,9,11,13,48,72,120,270,5400,5900,6400,44038,0,5,38.34404457175334,2.754515007836744,6392.884250992211,5728.697170625369
1783309815,200,,Aggregated,93.000000,0.000000,5,9,11,13,47,72,120,270,5400,5900,6400,44127,0,5,38.28963449128378,2.754515007836744,6392.884250992211,5728.3350782967345
1783309816,200,,Aggregated,92.100000,0.000000,5,9,11,13,47,72,120,270,5400,5900,6400,44224,0,5,38.23760838119418,2.754515007836744,6392.884250992211,5726.159506150507
1783309817,200,,Aggregated,92.300000,0.000000,5,9,11,13,47,72,120,270,5400,5900,6400,44307,0,5,38.18623036436729,2.754515007836744,6392.884250992211,5725.730855169612
1783309818,200,,Aggregated,91.900000,0.000000,5,9,11,13,47,72,120,270,5400,5900,6400,44400,0,5,38.128674529211374,2.754515007836744,6392.884250992211,5724.3625
1783309819,200,,Aggregated,91.200000,0.000000,5,9,11,13,47,72,120,270,5400,5900,6400,44494,0,5,38.07021629918366,2.754515007836744,6392.884250992211,5726.122038926597
1783309820,200,,Aggregated,91.200000,0.000000,5,9,11,13,47,72,120,270,5400,5900,6400,44588,0,5,38.01278910027122,2.754515007836744,6392.884250992211,5725.11020902485
1783309821,200,,Aggregated,89.400000,0.000000,5,9,11,13,47,72,120,270,5400,5900,6400,44680,0,5,37.954228744960396,2.754515007836744,6392.884250992211,5725.321553267681
1783309822,200,,Aggregated,91.500000,0.000000,5,9,11,13,47,72,120,270,5400,5900,6400,44770,0,5,37.90526221971832,2.754515007836744,6392.884250992211,5723.461559079741
1783309823,200,,Aggregated,92.300000,0.000000,5,9,11,13,47,72,120,270,5400,5900,6400,44866,0,5,37.85131891364922,2.754515007836744,6392.884250992211,5726.401150091383
1783309824,200,,Aggregated,90.900000,0.000000,5,9,11,13,47,72,120,260,5400,5900,6400,44952,0,5,37.805223212375566,2.754515007836744,6392.884250992211,5726.510344367325
1783309825,200,,Aggregated,91.100000,0.000000,5,9,11,13,47,72,120,260,5400,5900,6400,45028,0,5,37.762105712660706,2.754515007836744,6392.884250992211,5726.159833881141
1783309826,200,,Aggregated,90.300000,0.000000,5,9,11,13,47,72,120,260,5400,5900,6400,45137,0,5,37.725870834185024,2.754515007836744,6392.884250992211,5725.072800584886
1783309827,200,,Aggregated,91.700000,0.000000,5,9,11,13,47,72,120,260,5400,5900,6400,45225,0,5,37.67170340616246,2.754515007836744,6392.884250992211,5725.052470978441
1783309828,200,,Aggregated,89.200000,0.000000,5,9,11,13,47,72,120,260,5400,5900,6400,45318,0,5,37.61712572520026,2.754515007836744,6392.884250992211,5722.686614590229
1783309829,200,,Aggregated,90.200000,0.000000,5,9,11,13,47,72,120,260,5400,5900,6400,45398,0,5,37.5740493799429,2.754515007836744,6392.884250992211,5721.143662716419
1783309830,200,,Aggregated,89.400000,0.000000,5,9,11,13,47,72,110,260,5400,5900,6400,45483,0,5,37.52129651167783,2.754515007836744,6392.884250992211,5721.874392630213
1783309831,200,,Aggregated,90.800000,0.000000,5,9,11,13,47,72,110,260,5400,5900,6400,45584,0,5,37.46616492062341,2.754515007836744,6392.884250992211,5718.525096525096
1783309832,200,,Aggregated,88.300000,0.000000,5,9,11,13,47,72,110,260,5400,5900,6400,45674,0,5,37.41996959823319,2.754515007836744,6392.884250992211,5718.949686911591
1783309833,200,,Aggregated,88.700000,0.000000,5,9,11,13,47,72,110,260,5400,5900,6400,45763,0,5,37.37800066220999,2.754515007836744,6392.884250992211,5719.93158228263
1783309834,200,,Aggregated,89.700000,0.000000,5,9,11,13,47,72,110,250,5400,5900,6400,45870,0,5,37.32112981954984,2.754515007836744,6392.884250992211,5719.050730324831
1783309835,200,,Aggregated,89.100000,0.000000,5,9,11,13,47,71,110,250,5400,5900,6400,45960,0,5,37.26941960563149,2.754515007836744,6392.884250992211,5717.823933855527
1783309836,200,,Aggregated,89.800000,0.000000,5,9,11,13,47,71,110,250,5400,5900,6400,46052,0,5,37.218337239139544,2.754515007836744,6392.884250992211,5718.062385998436
1783309837,200,,Aggregated,88.800000,0.000000,5,9,11,13,47,71,110,250,5400,5900,6400,46145,0,5,37.18509502043243,2.754515007836744,6392.884250992211,5715.142030555857
1783309838,200,,Aggregated,90.800000,0.000000,5,9,11,13,47,71,110,250,5400,5900,6400,46232,0,5,37.144882956607674,2.754515007836744,6392.884250992211,5714.141633500606
1783309839,200,,Aggregated,90.600000,0.000000,5,9,11,13,47,71,110,250,5400,5900,6400,46322,0,5,37.09393130294085,2.754515007836744,6392.884250992211,5714.088294978628
1783309840,200,,Aggregated,91.500000,0.000000,5,9,11,13,47,71,110,250,5400,5900,6400,46423,0,5,37.05106791678368,2.754515007836744,6392.884250992211,5714.576632272796
1783309841,200,,Aggregated,91.100000,0.000000,5,9,11,13,47,71,110,250,5400,5900,6400,46504,0,5,37.00480078842495,2.754515007836744,6392.884250992211,5715.561349561328
1783309842,200,,Aggregated,91.800000,0.000000,5,9,11,13,47,71,110,250,5400,5900,6400,46591,0,5,36.95562018035338,2.754515007836744,6392.884250992211,5715.556523792148
1783309843,200,,Aggregated,91.500000,0.000000,5,9,11,13,47,71,110,250,5400,5900,6400,46685,0,5,36.90567587642191,2.754515007836744,6392.884250992211,5716.708621612937
1783309844,200,,Aggregated,90.400000,0.000000,5,9,11,13,47,71,110,240,5400,5900,6400,46789,0,5,36.855086746087814,2.754515007836744,6392.884250992211,5717.87753531813
1783309845,200,,Aggregated,91.200000,0.000000,5,9,11,13,47,71,110,240,5400,5900,6400,46886,0,5,36.79791226738697,2.754515007836744,6392.884250992211,5716.571151303161
1783309846,200,,Aggregated,91.400000,0.000000,5,9,11,13,47,71,110,240,5400,5900,6400,46969,0,5,36.75088367192672,2.754515007836744,6392.884250992211,5714.437203261726
1783309847,200,,Aggregated,92.200000,0.000000,5,9,11,13,47,71,110,240,5400,5900,6400,47069,0,5,36.69976340614189,2.754515007836744,6392.884250992211,5712.991693046379
1783309848,200,,Aggregated,92.000000,0.000000,5,9,11,13,47,71,110,240,5400,5900,6400,47160,0,5,36.65615090020746,2.754515007836744,6392.884250992211,5715.679325699745
1783309849,200,,Aggregated,91.600000,0.000000,5,9,11,13,47,71,110,240,5400,5900,6400,47253,0,5,36.60233032930981,2.754515007836744,6392.884250992211,5716.3077688189105
1783309850,200,,Aggregated,91.100000,0.000000,5,9,11,13,47,71,110,240,5400,5900,6400,47340,0,5,36.56066853457765,2.754515007836744,6392.884250992211,5713.7340515420365
1783309851,200,,Aggregated,91.600000,0.000000,5,9,11,13,47,71,110,240,5400,5900,6400,47435,0,5,36.51835437410883,2.754515007836744,6392.884250992211,5712.390471171077
1783309852,200,,Aggregated,92.700000,0.000000,5,9,11,13,47,71,110,240,5400,5900,6400,47506,0,5,36.51661370913056,2.754515007836744,6392.884250992211,5711.3234538795095
1783309853,200,,Aggregated,91.800000,0.000000,5,9,11,13,47,71,110,240,5400,5900,6400,47613,0,5,36.49851876812959,2.754515007836744,6392.884250992211,5710.137882511079
1783309854,200,,Aggregated,92.900000,0.000000,5,9,11,13,47,71,110,240,5400,5900,6400,47710,0,5,36.44468780488148,2.754515007836744,6392.884250992211,5710.084070425487
1783309855,200,,Aggregated,92.700000,0.000000,5,9,11,13,47,71,110,240,5400,5900,6400,47796,0,5,36.40328024050051,2.754515007836744,6392.884250992211,5711.426039835969
1783309856,200,,Aggregated,91.800000,0.000000,5,9,11,13,47,71,110,240,5400,5900,6400,47890,0,5,36.35974049317138,2.754515007836744,6392.884250992211,5712.776132804343
1783309857,200,,Aggregated,91.500000,0.000000,5,9,11,13,47,71,110,240,5400,5900,6400,47987,0,5,36.31350461237484,2.754515007836744,6392.884250992211,5713.393210661221
1783309858,200,,Aggregated,90.600000,0.000000,5,9,11,13,47,71,110,240,5400,5900,6400,48085,0,5,36.25930563258962,2.754515007836744,6392.884250992211,5713.284496204637
1783309859,200,,Aggregated,91.600000,0.000000,5,9,11,13,47,71,110,240,5400,5900,6400,48172,0,5,36.215277234950726,2.754515007836744,6392.884250992211,5715.915116665283
1783309860,200,,Aggregated,91.800000,0.000000,5,9,11,13,47,71,110,240,5400,5900,6400,48272,0,5,36.16274437715479,2.754515007836744,6392.884250992211,5716.8742542260525
1783309861,200,,Aggregated,92.600000,0.000000,5,9,11,13,47,71,110,240,5400,5900,6400,48355,0,5,36.12366021762018,2.754515007836744,6392.884250992211,5715.125302450626
1783309862,200,,Aggregated,90.800000,0.000000,5,9,11,13,47,71,110,240,5400,5900,6400,48447,0,5,36.07477090304982,2.754515007836744,6392.884250992211,5716.485458335914
1783309863,200,,Aggregated,92.100000,0.000000,5,9,11,13,47,71,110,240,5400,5900,6400,48532,0,5,36.03259261512097,2.754515007836744,6392.884250992211,5716.076629852469
1783309864,200,,Aggregated,91.500000,0.000000,5,9,11,13,47,71,110,240,5400,5900,6400,48630,0,5,35.987285574709254,2.754515007836744,6392.884250992211,5714.62683528686
1783309865,200,,Aggregated,91.400000,0.000000,5,9,11,13,47,71,110,240,5400,5900,6400,48719,0,5,35.94533727722326,2.754515007836744,6392.884250992211,5718.546542416716
1783309866,200,,Aggregated,91.800000,0.000000,5,9,11,13,47,71,110,240,5400,5900,6400,48809,0,5,35.90160762964009,2.754515007836744,6392.884250992211,5721.7240467946485
1783309867,200,,Aggregated,91.900000,0.000000,5,9,11,13,47,71,110,240,5400,5900,6400,48907,0,5,35.85317653734771,2.754515007836744,6392.884250992211,5722.859161265259
1783309868,200,,Aggregated,91.400000,0.000000,5,9,11,13,47,70,110,240,5400,5900,6400,48995,0,5,35.808818118768336,2.754515007836744,6392.884250992211,5723.1377895703645
1783309869,200,,Aggregated,91.200000,0.000000,5,9,11,13,47,70,110,240,5300,5900,6400,49084,0,5,35.76406270978359,2.754515007836744,6392.884250992211,5723.1908972373885
1783309870,200,,Aggregated,91.100000,0.000000,5,9,11,13,47,70,110,240,5300,5900,6400,49179,0,5,35.72985936442606,2.754515007836744,6392.884250992211,5722.315358181338
1783309871,200,,Aggregated,89.900000,0.000000,5,9,11,13,47,70,110,230,5300,5900,6400,49270,0,5,35.693173429737676,2.754515007836744,6392.884250992211,5723.027278262634
1783309872,200,,Aggregated,90.800000,0.000000,5,9,11,13,47,70,110,230,5300,5900,6400,49356,0,5,35.649617950365,2.754515007836744,6392.884250992211,5724.745664154308
1783309873,200,,Aggregated,90.000000,0.000000,5,9,11,13,47,70,110,230,5300,5900,6400,49456,0,5,35.600812013329296,2.754515007836744,6392.884250992211,5725.455050954383
1783309874,200,,Aggregated,90.600000,0.000000,5,9,11,13,47,70,110,230,5300,5900,6400,49547,0,5,35.55947263653033,2.754515007836744,6392.884250992211,5727.2718025309305
1783309875,200,,Aggregated,91.100000,0.000000,5,9,11,13,47,70,110,230,5300,5900,6400,49637,0,5,35.51646690924509,2.754515007836744,6392.884250992211,5723.912343614642
1783309876,200,,Aggregated,91.300000,0.000000,5,9,11,13,47,70,110,230,5300,5900,6400,49721,0,5,35.47894858752115,2.754515007836744,6392.884250992211,5723.850204139097
1783309877,200,,Aggregated,90.900000,0.000000,5,9,11,13,47,70,110,230,5300,5900,6400,49816,0,5,35.45106688008148,2.754515007836744,6392.884250992211,5725.775814999197
1783309878,200,,Aggregated,91.500000,0.000000,5,9,11,13,47,70,110,230,5300,5900,6400,49907,0,5,35.41072945314759,2.754515007836744,6392.884250992211,5724.042078265574
1783309879,200,,Aggregated,90.600000,0.000000,5,9,11,13,47,70,110,230,5300,5900,6400,49994,0,5,35.36810201304616,2.754515007836744,6392.884250992211,5724.461175341041
1783309880,200,,Aggregated,90.900000,0.000000,5,9,11,13,47,70,110,230,5300,5800,6400,50089,0,5,35.321407650744376,2.754515007836744,6392.884250992211,5723.24690051708
1783309881,200,,Aggregated,91.100000,0.000000,5,9,11,13,47,70,110,230,5300,5800,6400,50177,0,5,35.28686455822471,2.754515007836744,6392.884250992211,5723.70352950555
1783309882,200,,Aggregated,90.700000,0.000000,5,9,11,13,47,70,110,230,5300,5800,6400,50264,0,5,35.24791013369565,2.754515007836744,6392.884250992211,5725.192006207226
1783309883,200,,Aggregated,90.900000,0.000000,5,9,11,13,47,70,110,230,5300,5800,6400,50349,0,5,35.210566405571555,2.754515007836744,6392.884250992211,5725.29678841685
1783309884,200,,Aggregated,90.500000,0.000000,5,9,11,13,47,70,110,230,5300,5800,6400,50458,0,5,35.154904165525174,2.754515007836744,6392.884250992211,5728.124519402275
1783309885,200,,Aggregated,89.800000,0.000000,5,9,11,13,47,70,110,230,5300,5800,6400,50548,0,5,35.11069700821281,2.754515007836744,6392.884250992211,5727.338687979742
1783309886,200,,Aggregated,88.900000,0.000000,5,9,11,13,47,70,110,230,5300,5800,6400,50639,0,5,35.07722958186731,2.754515007836744,6392.884250992211,5726.971267205118
1783309887,200,,Aggregated,90.400000,0.000000,5,9,11,13,47,70,110,230,5300,5800,6400,50723,0,5,35.03704472153236,2.754515007836744,6392.884250992211,5726.661455355558
1783309889,200,,Aggregated,91.500000,0.000000,5,9,11,13,47,70,110,230,5300,5800,6400,50821,0,5,34.9927920082712,2.754515007836744,6392.884250992211,5726.341354951694
1783309890,200,,Aggregated,90.000000,0.000000,5,9,11,13,47,70,110,230,5300,5800,6400,50917,0,5,34.94786206880469,2.754515007836744,6392.884250992211,5728.95810829389
1783309891,200,,Aggregated,90.700000,0.000000,5,9,11,13,47,70,110,230,5300,5800,6400,51008,0,5,34.90709980156742,2.754515007836744,6392.884250992211,5727.801090025094
1783309892,200,,Aggregated,90.700000,0.000000,5,9,11,13,47,70,110,230,5300,5800,6400,51088,0,5,34.869035437683785,2.754515007836744,6392.884250992211,5726.166360006264
1783309893,200,,Aggregated,91.500000,0.000000,5,9,11,13,47,70,110,230,5300,5800,6400,51178,0,5,34.831095979293536,2.754515007836744,6392.884250992211,5727.617276954941
1783309894,200,,Aggregated,90.700000,0.000000,5,9,11,13,46,70,110,230,5300,5800,6400,51280,0,5,34.78033465587417,2.754515007836744,6392.884250992211,5727.399434477379
1783309895,200,,Aggregated,90.700000,0.000000,5,9,11,13,46,70,110,220,5300,5800,6400,51381,0,5,34.754826044066434,2.754515007836744,6392.884250992211,5726.63249060937
1783309896,200,,Aggregated,92.600000,0.000000,5,9,11,13,46,70,110,220,5300,5800,6400,51473,0,5,34.715854124651464,2.754515007836744,6392.884250992211,5726.703825306471
1783309897,200,,Aggregated,91.000000,0.000000,5,9,11,13,46,70,110,220,5300,5800,6400,51558,0,5,34.68541362906329,2.754515007836744,6392.884250992211,5725.29615190659
1783309898,200,,Aggregated,90.000000,0.000000,5,9,11,13,46,70,110,220,5300,5800,6400,51642,0,5,34.64668073537651,2.754515007836744,6392.884250992211,5727.350548003563
1783309899,200,,Aggregated,90.000000,0.000000,5,9,11,13,47,70,110,230,5300,5800,6400,51752,0,5,34.75970071456848,2.754515007836744,6392.884250992211,5725.514569485237
1783309900,200,,Aggregated,91.000000,0.000000,5,9,11,13,47,70,110,230,5300,5800,6400,51837,0,5,34.73003411654458,2.754515007836744,6392.884250992211,5725.976329648706
1783309901,200,,Aggregated,90.300000,0.000000,5,9,11,13,47,70,110,230,5300,5800,6400,51935,0,5,34.6877473514626,2.754515007836744,6392.884250992211,5727.28483681525
1783309902,200,,Aggregated,90.700000,0.000000,5,9,11,13,47,70,110,230,5300,5800,6400,52031,0,5,34.64766747914385,2.754515007836744,6392.884250992211,5726.910668639849
1783309903,200,,Aggregated,90.900000,0.000000,5,9,11,13,47,70,110,230,5300,5800,6400,52127,0,5,34.60819081089194,2.754515007836744,6392.884250992211,5727.317896675428
1783309904,200,,Aggregated,92.100000,0.000000,5,9,11,13,47,70,110,230,5300,5800,6400,52219,0,5,34.56682934430774,2.754515007836744,6392.884250992211,5727.038357685899
1783309905,200,,Aggregated,93.000000,0.000000,5,9,11,13,47,70,110,230,5300,5800,6400,52309,0,5,34.55537520783121,2.754515007836744,6392.884250992211,5727.686899003996
1783309906,200,,Aggregated,92.000000,0.000000,5,9,11,13,47,70,110,230,5300,5800,6400,52402,0,5,34.51629957185804,2.754515007836744,6392.884250992211,5727.631884279226
1783309907,200,,Aggregated,91.200000,0.000000,5,9,11,13,47,70,110,230,5300,5800,6400,52502,0,5,34.46787632369211,2.754515007836744,6392.884250992211,5728.401756123576
1783309908,200,,Aggregated,92.600000,0.000000,5,9,11,13,47,70,110,230,5300,5800,6400,52584,0,5,34.4359155136036,2.754515007836744,6392.884250992211,5729.355069983265
1783309909,200,,Aggregated,92.800000,0.000000,5,9,11,13,47,70,110,230,5300,5800,6400,52671,0,5,34.39556066519213,2.754515007836744,6392.884250992211,5728.075867175486
1783309910,200,,Aggregated,92.000000,0.000000,5,9,11,13,47,70,110,230,5300,5800,6400,52768,0,5,34.35273309690343,2.754515007836744,6392.884250992211,5731.107792601577
1783309911,200,,Aggregated,92.900000,0.000000,5,9,11,13,47,70,110,230,5300,5800,6400,52866,0,5,34.31505511968823,2.754515007836744,6392.884250992211,5731.426474482654
1783309912,200,,Aggregated,92.500000,0.000000,5,9,11,13,47,70,110,220,5300,5800,6400,52953,0,5,34.28355298628015,2.754515007836744,6392.884250992211,5731.985987573887
1783309913,200,,Aggregated,91.600000,0.000000,5,9,11,13,46,70,110,220,5300,5800,6400,53049,0,5,34.242824176563666,2.754515007836744,6392.884250992211,5732.8925898697435
1783309914,200,,Aggregated,92.300000,0.000000,5,9,11,13,46,70,110,220,5300,5800,6400,53129,0,5,34.209631309879036,2.754515007836744,6392.884250992211,5731.395000846995
1783309915,200,,Aggregated,91.800000,0.000000,5,9,11,13,46,70,110,220,5300,5800,6400,53222,0,5,34.17426100000901,2.754515007836744,6392.884250992211,5730.463605276013
1783309916,200,,Aggregated,90.800000,0.000000,5,9,11,13,46,70,110,220,5300,5800,6400,53310,0,5,34.1343904613666,2.754515007836744,6392.884250992211,5731.498386794223
1783309917,200,,Aggregated,91.100000,0.000000,5,9,11,13,46,70,110,220,5300,5800,6400,53407,0,5,34.093100887477966,2.754515007836744,6392.884250992211,5731.244218922613
1783309918,200,,Aggregated,91.800000,0.000000,5,9,11,13,46,69,110,220,5300,5800,6400,53512,0,5,34.04673379611215,2.754515007836744,6392.884250992211,5733.130886530124
1783309919,200,,Aggregated,91.000000,0.000000,5,9,11,13,46,69,110,220,5300,5800,6400,53594,0,5,34.01152063722786,2.754515007836744,6392.884250992211,5733.090178005001
1783309920,200,,Aggregated,91.800000,0.000000,5,9,11,12,46,69,110,220,5300,5800,6400,53686,0,5,33.97372053193752,2.754515007836744,6392.884250992211,5733.3698915918485
1783309921,200,,Aggregated,91.800000,0.000000,5,9,11,13,46,69,110,220,5300,5800,6400,53784,0,5,33.940225908980395,2.754515007836744,6392.884250992211,5732.239309088205
1783309922,200,,Aggregated,90.800000,0.000000,5,9,11,12,46,69,110,220,5300,5800,6400,53879,0,5,33.905114458187676,2.754515007836744,6392.884250992211,5732.486553202546
1783309923,200,,Aggregated,92.100000,0.000000,5,9,11,12,46,69,110,220,5300,5800,6400,53966,0,5,33.869171443940004,2.754515007836744,6392.884250992211,5732.250676351777
1783309924,200,,Aggregated,91.200000,0.000000,5,9,11,12,46,69,110,220,5300,5800,6400,54078,0,5,33.82855389612446,2.754515007836744,6392.884250992211,5732.3627722918745
1783309925,200,,Aggregated,91.600000,0.000000,5,9,11,12,46,69,110,210,5300,5800,6400,54156,0,5,33.79657897580475,2.754515007836744,6392.884250992211,5731.90405495236
1783309926,200,,Aggregated,92.400000,0.000000,5,9,11,12,46,69,110,210,5300,5800,6400,54243,0,5,33.76582901035523,2.754515007836744,6392.884250992211,5731.38012278082
1783309927,200,,Aggregated,92.400000,0.000000,5,9,11,12,46,69,110,210,5300,5800,6400,54334,0,5,33.72748337717883,2.754515007836744,6392.884250992211,5733.230279383075
1783309928,200,,Aggregated,90.800000,0.000000,5,9,11,13,46,69,110,210,5300,5800,6400,54416,0,5,33.70705259996289,2.754515007836744,6392.884250992211,5734.0019295795355
1783309929,200,,Aggregated,91.200000,0.000000,5,9,11,12,46,69,110,210,5300,5800,6400,54510,0,5,33.66959779936957,2.754515007836744,6392.884250992211,5735.008475509081
1783309930,200,,Aggregated,90.600000,0.000000,5,9,11,13,46,69,110,210,5300,5800,6400,54595,0,5,33.65895558495525,2.754515007836744,6392.884250992211,5733.997856946607
1783309931,200,,Aggregated,89.000000,0.000000,5,9,11,12,46,69,110,210,5300,5800,6400,54684,0,5,33.62480551347152,2.754515007836744,6392.884250992211,5735.30533611294
1783309932,200,,Aggregated,89.800000,0.000000,5,9,11,12,46,69,110,210,5300,5800,6400,54783,0,5,33.58161611924638,2.754515007836744,6392.884250992211,5735.359710129054
1783309933,200,,Aggregated,89.300000,0.000000,5,9,11,12,46,69,110,210,5300,5800,6400,54877,0,5,33.54604437838557,2.754515007836744,6392.884250992211,5736.968529620788
1783309934,200,,Aggregated,88.500000,0.000000,5,9,11,12,46,69,110,210,5300,5800,6400,54972,0,5,33.512433056076965,2.754515007836744,6392.884250992211,5737.417921851124
