Timestamp,User Count,Type,Name,Requests/s,Failures/s,50%,66%,75%,80%,90%,95%,98%,99%,99.9%,99.99%,100%,Total Request Count,Total Failure Count,Total Median Response Time,Total Average Response Time,Total Min Response Time,Total Max Response Time,Total Average Content Size
1783311749,0,,Aggregated,0.000000,0.000000,N/A,N/A,N/A,N/A,N/A,N/A,N/A,N/A,N/A,N/A,N/A,0,0,0,0.0,0,0,0
1783311750,50,,Aggregated,0.000000,0.000000,N/A,N/A,N/A,N/A,N/A,N/A,N/A,N/A,N/A,N/A,N/A,0,0,0,0.0,0,0,0
1783311751,100,,Aggregated,0.000000,0.000000,2000,2000,2000,2000,2000,2000,2000,2000,2000,2000,2000,4,0,1900.0,1468.5666274999676,111.46204599936027,1954.5420740032569,695.75
1783311752,150,,Aggregated,0.000000,0.000000,81,160,210,1900,2300,2400,2900,2900,2900,2900,2900,47,0,81,557.9533022339208,7.142536007449962,2921.3115360034863,5335.787234042553
1783311753,200,,Aggregated,0.000000,0.000000,99,200,1900,2900,3600,3800,4000,4000,4000,4000,4000,164,0,99,897.2851468598692,3.937389003112912,3983.5652580077294,4344.524390243902
1783311754,250,,Aggregated,0.000000,0.000000,120,220,1900,3000,3800,4000,4300,4500,4500,4500,4500,200,0,120.0,952.7094216448313,3.937389003112912,4527.749738001148,4040.29
1783311755,300,,Aggregated,0.000000,0.000000,120,220,1900,3000,3800,4000,4300,4500,4500,4500,4500,200,0,120.0,952.7094216448313,3.937389003112912,4527.749738001148,4040.29
1783311756,350,,Aggregated,40.000000,0.000000,210,2600,3400,3700,5500,5800,5900,5900,6000,6000,6000,254,0,200.0,1659.846162732118,3.937389003112912,5985.005630995147,3840.259842519685
1783311757,400,,Aggregated,33.333333,0.000000,340,2800,3700,4100,5800,6100,6300,6300,6400,6400,6400,289,0,340.0,2039.8751343702165,3.937389003112912,6383.778652001638,3473.6262975778545
1783311758,450,,Aggregated,30.571429,0.000000,2300,3600,4500,5700,6300,6700,6800,6900,7000,7000,7000,320,0,2300.0,2442.5894881061595,3.937389003112912,6989.992401999189,3225.61875
1783311759,500,,Aggregated,35.500000,0.000000,2900,4000,5900,6200,6700,7000,7200,7400,7500,7500,7500,390,0,2800.0,2995.0270258871165,3.937389003112912,7513.163750991225,2952.8230769230768
1783311760,550,,Aggregated,33.888889,0.000000,3300,5300,6200,6500,7000,7200,7400,7600,7800,7800,7800,484,0,3300.0,3406.2485375061237,3.937389003112912,7826.480062998598,2728.745867768595
1783311761,600,,Aggregated,35.700000,0.000000,3500,5800,6500,6700,7200,7400,7700,7800,8100,8100,8100,521,0,3500.0,3689.017307894434,3.937389003112912,8059.522529001697,2581.7869481765833
1783311762,650,,Aggregated,35.700000,0.000000,3500,5800,6500,6800,7200,7500,7800,7800,8100,8100,8100,522,0,3500.0,3697.320022745236,3.937389003112912,8059.522529001697,2578.095785440613
1783311763,700,,Aggregated,51.300000,0.000000,3600,5900,6600,6900,7400,7800,8800,8900,9000,9000,9000,554,0,3600.0,3901.5411576407732,3.937389003112912,8996.795954997651,2484.691335740072
1783311764,750,,Aggregated,48.000000,0.000000,4000,6200,6800,7100,7700,9100,9500,9600,9800,9800,9800,611,0,4000.0,4248.429962085126,3.937389003112912,9777.277047993266,2323.024549918167
1783311765,800,,Aggregated,42.300000,0.000000,5400,6300,6900,7200,8900,9400,9800,9900,10000,10000,10000,686,0,5400.0,4605.608340167587,3.937389003112912,10362.012589001097,2270.561224489796
1783311766,850,,Aggregated,40.700000,0.000000,5700,6400,7000,7300,9300,9800,10000,10000,11000,11000,11000,744,0,5700.0,4887.313662346804,3.937389003112912,10731.158592010615,2221.310483870968
1783311767,900,,Aggregated,44.500000,0.000000,6200,6900,7200,7700,9800,10000,10000,11000,11000,11000,11000,885,0,6200.0,5429.399545206842,3.937389003112912,10833.606200001668,2071.7435028248588
1783311768,950,,Aggregated,52.200000,0.000000,6300,6900,7400,8800,10000,10000,11000,11000,11000,11000,11000,952,0,6300.0,5656.0269342070205,3.937389003112912,11169.344940994051,1984.1523109243697
1783311769,1000,,Aggregated,52.200000,0.000000,6300,7000,7400,8900,10000,10000,11000,11000,11000,11000,11000,955,0,6300.0,5673.266928692225,3.937389003112912,11218.543165989104,1979.9769633507854
1783311770,1050,,Aggregated,63.700000,0.000000,6300,7000,7400,9000,10000,10000,11000,11000,12000,12000,12000,960,0,6300.0,5701.739527215707,3.937389003112912,12002.656930999365,1973.3135416666667
1783311771,1100,,Aggregated,59.800000,0.000000,6500,7100,8300,9500,10000,11000,12000,13000,13000,13000,13000,1006,0,6500.0,5997.826667422576,3.937389003112912,12907.529764008359,1936.023856858847
1783311772,1150,,Aggregated,49.500000,0.000000,6600,7200,9000,9600,10000,12000,13000,13000,13000,15000,15000,1032,0,6600.0,6131.4863852384915,3.937389003112912,14696.918454996194,1929.8953488372092
1783311773,1200,,Aggregated,48.400000,0.000000,6700,7500,9300,9900,11000,13000,13000,14000,14000,15000,15000,1100,0,6700.0,6467.701854200161,3.937389003112912,14696.918454996194,1873.419090909091
1783311774,1250,,Aggregated,48.900000,0.000000,6800,9200,10000,10000,12000,13000,14000,14000,15000,16000,16000,1197,0,6800.0,6915.904240926661,3.937389003112912,15751.003855009913,1818.5856307435254
1783311775,1300,,Aggregated,56.900000,0.000000,7100,9700,10000,10000,13000,14000,14000,14000,16000,16000,16000,1317,0,7100.0,7320.032405956899,3.937389003112912,15855.733549993602,1830.4624145785876
1783311776,1350,,Aggregated,56.900000,0.000000,7100,9800,10000,10000,13000,14000,14000,14000,16000,16000,16000,1337,0,7100.0,7388.361925997183,3.937389003112912,16425.761713006068,1860.5602094240837
1783311777,1400,,Aggregated,63.200000,0.000000,7100,9800,10000,10000,13000,14000,14000,14000,16000,16000,16000,1339,0,7100.0,7397.399643854529,3.937389003112912,16425.761713006068,1863.31142643764
1783311778,1450,,Aggregated,60.100000,0.000000,7300,9900,10000,11000,13000,14000,15000,16000,18000,18000,18000,1412,0,7300.0,7732.930410824521,3.937389003112912,18412.11688000476,1850.9490084985837
1783311779,1500,,Aggregated,49.500000,0.000000,7400,9900,10000,12000,13000,14000,16000,16000,18000,18000,18000,1430,0,7400.0,7837.336279062383,3.937389003112912,18412.11688000476,1836.009090909091
1783311780,1550,,Aggregated,44.200000,0.000000,9200,10000,12000,13000,14000,16000,16000,17000,21000,21000,21000,1569,0,9200.0,8422.183579819144,3.937389003112912,20665.648658992723,1916.5385595920968
1783311781,1600,,Aggregated,47.000000,0.000000,9400,11000,13000,13000,14000,16000,17000,17000,21000,21000,21000,1683,0,9400.0,8837.15214957649,3.937389003112912,20665.648658992723,1896.7807486631016
1783311782,1650,,Aggregated,53.500000,0.000000,9800,12000,13000,13000,15000,17000,17000,17000,21000,21000,21000,1759,0,9800.0,9128.804340746598,3.937389003112912,20665.648658992723,1857.9704377487208
1783311783,1700,,Aggregated,63.500000,0.000000,9800,12000,13000,14000,16000,17000,17000,18000,21000,21000,21000,1793,0,9800.0,9278.062554284585,3.937389003112912,20665.648658992723,1836.3926380368098
1783311784,1750,,Aggregated,63.500000,0.000000,9800,12000,13000,14000,16000,17000,17000,18000,21000,21000,21000,1793,0,9800.0,9278.062554284585,3.937389003112912,20665.648658992723,1836.3926380368098
1783311785,1800,,Aggregated,69.300000,0.000000,9900,13000,13000,14000,16000,17000,18000,19000,21000,21000,21000,1833,0,9900.0,9465.785617823381,3.937389003112912,20665.648658992723,1811.4124386252047
1783311786,1850,,Aggregated,63.600000,0.000000,9900,13000,13000,14000,16000,17000,19000,19000,21000,21000,21000,1851,0,9900.0,9561.738822371299,3.937389003112912,20665.648658992723,1800.1669367909237
1783311787,1900,,Aggregated,52.700000,0.000000,9900,13000,13000,14000,17000,18000,19000,20000,21000,21000,21000,1878,0,9900.0,9700.256135261587,3.937389003112912,20665.648658992723,1784.223642172524
1783311788,1950,,Aggregated,51.200000,0.000000,10000,13000,14000,14000,17000,19000,20000,20000,21000,21000,21000,1960,0,10000.0,10063.348747073072,3.937389003112912,20745.925651994185,1747.8663265306122
1783311789,2000,,Aggregated,51.500000,0.000000,10000,13000,14000,16000,17000,20000,20000,21000,21000,21000,21000,2045,0,10000.0,10432.426061876404,3.937389003112912,20927.972317993408,1728.9867970660146
1783311790,2050,,Aggregated,55.400000,0.000000,10000,13000,15000,17000,18000,20000,20000,21000,21000,21000,21000,2132,0,10000.0,10753.20733713331,3.937389003112912,20927.972317993408,1724.4160412757974
1783311791,2100,,Aggregated,55.400000,0.000000,10000,13000,15000,17000,18000,20000,20000,21000,21000,21000,21000,2135,0,10000.0,10767.92813491814,3.937389003112912,21266.562503005844,1722.9133489461358
1783311792,2150,,Aggregated,63.300000,0.000000,11000,14000,16000,17000,19000,20000,21000,22000,22000,22000,22000,2203,0,11000.0,11046.41424469143,3.937389003112912,22032.06575999502,1732.9777576032682
1783311793,2200,,Aggregated,50.300000,0.000000,12000,14000,17000,17000,19000,20000,22000,22000,23000,28000,28000,2283,0,12000.0,11354.097376349633,3.937389003112912,28200.87377500022,1733.3285151116952
1783311794,2250,,Aggregated,41.400000,0.000000,12000,14000,17000,17000,19000,20000,22000,22000,23000,28000,28000,2298,0,12000.0,11418.49665844613,3.937389003112912,28200.87377500022,1726.8572671888599
1783311795,2300,,Aggregated,48.500000,0.000000,13000,16000,17000,18000,20000,21000,23000,24000,30000,30000,30000,2456,0,13000.0,12058.460878842114,3.937389003112912,29990.407147008227,1811.3904723127037
1783311796,2350,,Aggregated,49.200000,0.000000,13000,16000,17000,19000,20000,22000,23000,24000,30000,30000,30000,2521,0,13000.0,12329.246400186968,3.937389003112912,29990.407147008227,1791.8683062276875
1783311797,2400,,Aggregated,57.700000,0.000000,13000,17000,18000,19000,20000,23000,24000,24000,30000,30000,30000,2568,0,13000.0,12528.860656636822,3.937389003112912,29990.407147008227,1774.7332554517134
1783311798,2450,,Aggregated,57.700000,0.000000,13000,17000,18000,19000,20000,23000,24000,24000,30000,30000,30000,2574,0,13000.0,12554.71400028064,3.937389003112912,29990.407147008227,1772.1864801864801
1783311799,2500,,Aggregated,69.400000,0.000000,13000,17000,18000,20000,21000,23000,24000,24000,30000,30000,30000,2601,0,13000.0,12663.495773265431,3.937389003112912,29990.407147008227,1772.0303729334871
1783311800,2550,,Aggregated,63.600000,0.000000,13000,17000,19000,20000,22000,23000,25000,25000,30000,30000,30000,2697,0,13000.0,13037.49144246884,3.937389003112912,29990.407147008227,1769.4579162031887
1783311801,2600,,Aggregated,56.400000,0.000000,13000,17000,19000,20000,22000,23000,25000,25000,30000,30000,30000,2699,0,13000.0,13047.145103092798,3.937389003112912,29990.407147008227,1768.6320859577622
1783311802,2650,,Aggregated,55.600000,0.000000,13000,17000,19000,20000,23000,24000,26000,27000,30000,30000,30000,2766,0,13000.0,13357.557259184152,3.937389003112912,29990.407147008227,1745.0795372378886
1783311803,2700,,Aggregated,56.300000,0.000000,14000,18000,20000,21000,23000,25000,26000,27000,36000,37000,37000,2939,0,14000.0,13980.81616836657,3.937389003112912,36598.70390901051,1802.1136440966316
1783311804,2750,,Aggregated,58.200000,0.000000,14000,19000,20000,22000,23000,26000,27000,27000,30000,37000,37000,3054,0,14000.0,14387.081457886508,3.937389003112912,36598.70390901051,1832.3005893909626
1783311805,2800,,Aggregated,56.300000,0.000000,14000,19000,21000,23000,23000,26000,27000,27000,30000,37000,37000,3112,0,14000.0,14567.686476677167,3.937389003112912,36598.70390901051,1847.4771850899742
1783311806,2850,,Aggregated,70.500000,0.000000,14000,19000,21000,23000,23000,26000,27000,27000,30000,37000,37000,3114,0,14000.0,14576.338098654256,3.937389003112912,36598.70390901051,1846.7113037893384
1783311807,2900,,Aggregated,72.800000,0.000000,16000,20000,22000,23000,24000,26000,27000,29000,36000,38000,38000,3222,0,16000.0,14976.408987106885,3.937389003112912,37823.09985200118,1835.236188702669
1783311808,2950,,Aggregated,60.900000,0.000000,16000,20000,22000,23000,25000,26000,28000,29000,36000,38000,38000,3235,0,16000.0,15032.578049714793,3.937389003112912,37823.09985200118,1830.5437403400308
1783311809,3000,,Aggregated,61.900000,0.000000,16000,20000,22000,23000,25000,27000,29000,30000,36000,38000,38000,3278,0,16000.0,15205.540909421112,3.937389003112912,37823.09985200118,1818.6934106162294
1783311810,3050,,Aggregated,66.000000,0.000000,16000,20000,23000,23000,25000,27000,30000,30000,36000,38000,38000,3332,0,16000.0,15439.083378490226,3.937389003112912,37823.09985200118,1806.172268907563
1783311811,3100,,Aggregated,67.100000,0.000000,17000,20000,23000,23000,26000,28000,30000,30000,37000,42000,42000,3393,0,17000.0,15690.237808301625,3.937389003112912,41651.217908001854,1800.3801945181256
1783311812,3150,,Aggregated,62.500000,0.000000,17000,20000,23000,23000,26000,29000,30000,30000,37000,42000,42000,3455,0,17000.0,15921.691591034869,3.937389003112912,41651.217908001854,1783.6856729377714
1783311813,3200,,Aggregated,66.000000,0.000000,17000,20000,23000,23000,26000,29000,30000,30000,37000,42000,42000,3456,0,17000.0,15926.064153882662,3.937389003112912,41651.217908001854,1783.359085648148
1783311814,3250,,Aggregated,71.400000,0.000000,17000,20000,23000,23000,27000,30000,30000,32000,37000,42000,42000,3507,0,17000.0,16139.458856902915,3.937389003112912,41651.217908001854,1767.7402338180782
1783311815,3300,,Aggregated,61.700000,0.000000,17000,21000,23000,24000,27000,30000,31000,32000,37000,42000,42000,3522,0,17000.0,16208.018852062605,3.937389003112912,41651.217908001854,1763.0011357183419
1783311816,3350,,Aggregated,47.500000,0.000000,17000,21000,23000,24000,27000,30000,32000,32000,37000,42000,42000,3578,0,17000.0,16440.120894913518,3.937389003112912,41651.217908001854,1748.4477361654556
1783311817,3400,,Aggregated,41.100000,0.000000,17000,22000,23000,25000,29000,30000,33000,33000,37000,42000,42000,3674,0,17000.0,16829.67509473724,3.937389003112912,41651.217908001854,1731.7313554708765
1783311818,3450,,Aggregated,41.300000,0.000000,17000,23000,24000,26000,30000,31000,33000,33000,37000,42000,42000,3762,0,17000.0,17165.08150859822,3.937389003112912,41651.217908001854,1734.1087187666135
1783311819,3500,,Aggregated,43.700000,0.000000,18000,23000,24000,26000,30000,32000,33000,33000,37000,42000,42000,3867,0,18000.0,17542.948438310734,3.937389003112912,41651.217908001854,1722.542022239462
1783311820,3550,,Aggregated,49.800000,0.000000,18000,23000,25000,26000,30000,32000,33000,34000,37000,42000,42000,3882,0,18000.0,17596.775817935246,3.937389003112912,41651.217908001854,1723.4131890777949
1783311821,3600,,Aggregated,57.700000,0.000000,19000,23000,25000,27000,30000,32000,33000,34000,37000,42000,42000,3961,0,19000.0,17884.499098019107,3.937389003112912,41651.217908001854,1734.3082554910377
1783311822,3650,,Aggregated,56.400000,0.000000,19000,23000,25000,27000,30000,33000,34000,35000,37000,42000,42000,3999,0,19000.0,18047.719063994417,3.937389003112912,41651.217908001854,1724.174543635909
1783311823,3700,,Aggregated,54.200000,0.000000,19000,23000,26000,27000,30000,33000,34000,35000,36000,42000,42000,4013,0,19000.0,18108.834398045517,3.937389003112912,41651.217908001854,1721.0184400697733
1783311824,3750,,Aggregated,54.400000,0.000000,19000,23000,26000,28000,31000,33000,35000,36000,37000,42000,42000,4060,0,19000.0,18316.945644418643,3.937389003112912,41651.217908001854,1711.006157635468
1783311825,3800,,Aggregated,54.500000,0.000000,20000,23000,27000,29000,32000,33000,36000,37000,37000,42000,42000,4194,0,20000.0,18817.271671923147,3.937389003112912,41651.217908001854,1732.619933237959
1783311826,3850,,Aggregated,57.600000,0.000000,20000,24000,27000,30000,33000,34000,36000,37000,37000,42000,42000,4277,0,20000.0,19123.00145302236,3.937389003112912,41651.217908001854,1729.834697217676
1783311827,3900,,Aggregated,59.600000,0.000000,20000,24000,27000,30000,33000,34000,36000,37000,37000,42000,42000,4291,0,20000.0,19182.091125289124,3.937389003112912,41651.217908001854,1726.3278955954322
1783311828,3950,,Aggregated,71.700000,0.000000,20000,24000,27000,30000,33000,34000,37000,37000,38000,42000,42000,4318,0,20000.0,19287.78210047766,3.937389003112912,41651.217908001854,1722.0773506252895
1783311829,4000,,Aggregated,68.800000,0.000000,20000,24000,29000,30000,33000,35000,37000,38000,39000,42000,42000,4374,0,20000.0,19513.55438826097,3.937389003112912,41651.217908001854,1718.6538637402834
1783311830,4000,,Aggregated,56.000000,0.000000,20000,25000,29000,30000,33000,36000,37000,38000,39000,56000,56000,4436,0,20000.0,19755.48230020726,3.937389003112912,55588.61751099175,1731.5994138863841
1783311831,4000,,Aggregated,52.100000,0.000000,20000,25000,30000,30000,34000,36000,38000,39000,56000,56000,56000,4544,0,20000.0,20187.262096832175,3.937389003112912,56094.174480997026,1765.775528169014
1783311832,4000,,Aggregated,51.400000,0.000000,20000,26000,30000,31000,36000,37000,39000,40000,56000,56000,56000,4644,0,20000.0,20577.465309410723,3.937389003112912,56094.174480997026,1755.1141257536606
1783311833,4000,,Aggregated,59.400000,0.000000,21000,26000,30000,32000,36000,37000,40000,40000,56000,56000,56000,4714,0,21000.0,20847.791450696735,3.937389003112912,56094.174480997026,1749.3464149342385
1783311834,4000,,Aggregated,58.200000,0.000000,22000,27000,30000,33000,36000,37000,40000,40000,56000,56000,56000,4756,0,22000.0,21006.973036759977,3.937389003112912,56094.174480997026,1743.1335155592935
1783311835,4000,,Aggregated,58.200000,0.000000,22000,27000,30000,33000,36000,37000,40000,40000,56000,56000,56000,4756,0,22000.0,21006.973036759977,3.937389003112912,56094.174480997026,1743.1335155592935
1783311836,4000,,Aggregated,70.700000,0.000000,22000,27000,30000,33000,36000,38000,40000,41000,56000,56000,56000,4801,0,22000.0,21192.657509713914,3.937389003112912,56094.174480997026,1733.2007915017705
1783311837,4000,,Aggregated,64.000000,0.000000,22000,27000,30000,33000,36000,38000,40000,42000,56000,56000,56000,4819,0,22000.0,21270.13499842011,3.937389003112912,56094.174480997026,1733.4947084457356
1783311838,4000,,Aggregated,53.100000,0.000000,22000,27000,31000,33000,36000,39000,41000,43000,56000,56000,56000,4883,0,22000.0,21530.219279994777,3.937389003112912,56094.174480997026,1729.9561744828998
1783311839,4000,,Aggregated,52.400000,0.000000,22000,28000,31000,33000,37000,40000,42000,43000,56000,61000,61000,4953,0,22000.0,21813.501251855752,3.937389003112912,61494.80556100025,1738.6985665253383
1783311840,4000,,Aggregated,53.600000,0.000000,23000,29000,32000,33000,38000,40000,43000,43000,56000,61000,61000,5056,0,23000.0,22211.36383194336,3.937389003112912,61494.80556100025,1737.9163370253164
1783311841,4000,,Aggregated,55.500000,0.000000,23000,30000,33000,34000,38000,40000,43000,43000,56000,61000,61000,5090,0,23000.0,22353.376435797763,3.937389003112912,61494.80556100025,1730.6827111984283
1783311842,4000,,Aggregated,64.100000,0.000000,23000,30000,33000,34000,38000,40000,43000,43000,56000,61000,61000,5092,0,23000.0,22361.965604577104,3.937389003112912,61494.80556100025,1730.2602120974077
1783311843,4000,,Aggregated,58.100000,0.000000,23000,30000,33000,35000,39000,41000,43000,44000,56000,61000,61000,5189,0,23000.0,22735.000806701613,3.937389003112912,61494.80556100025,1716.421661206398
1783311844,4000,,Aggregated,52.300000,0.000000,23000,30000,33000,36000,40000,41000,43000,45000,56000,61000,61000,5214,0,23000.0,22837.396925944126,3.937389003112912,61494.80556100025,1712.3774453394706
1783311845,4000,,Aggregated,44.100000,0.000000,23000,30000,33000,36000,40000,43000,44000,45000,56000,66000,66000,5291,0,23000.0,23148.842514237524,3.937389003112912,65649.15198500967,1718.8281988281988
1783311846,4000,,Aggregated,45.900000,0.000000,23000,30000,34000,36000,41000,43000,45000,46000,66000,66000,66000,5429,0,23000.0,23717.954616553092,3.937389003112912,65959.29935999447,1788.1084914348867
1783311847,4000,,Aggregated,46.000000,0.000000,23000,31000,36000,37000,43000,43000,46000,46000,66000,67000,67000,5578,0,23000.0,24271.916650303785,3.937389003112912,66851.16440799902,1807.2683757619218
1783311848,4000,,Aggregated,60.400000,0.000000,24000,32000,36000,37000,43000,43000,46000,47000,66000,67000,67000,5661,0,24000.0,24567.626550563917,3.937389003112912,66851.16440799902,1814.3379261614555
1783311849,4000,,Aggregated,66.900000,0.000000,24000,32000,36000,37000,43000,43000,46000,47000,66000,67000,67000,5671,0,24000.0,24607.864471527297,3.937389003112912,66851.16440799902,1812.2935990125197
1783311850,4000,,Aggregated,80.500000,0.000000,24000,32000,36000,38000,43000,44000,46000,47000,66000,67000,67000,5694,0,24000.0,24696.38892728878,3.937389003112912,66851.16440799902,1808.9734808570424
1783311851,4000,,Aggregated,76.700000,0.000000,24000,32000,36000,38000,43000,44000,47000,48000,66000,67000,67000,5730,0,24000.0,24843.406538612442,3.937389003112912,66851.16440799902,1801.8087260034904
1783311852,4000,,Aggregated,64.800000,0.000000,24000,32000,36000,38000,43000,44000,47000,48000,66000,67000,67000,5740,0,24000.0,24883.35267684465,3.937389003112912,66851.16440799902,1802.240418118467
1783311853,4000,,Aggregated,64.300000,0.000000,25000,33000,36000,40000,43000,46000,48000,50000,66000,71000,71000,5877,0,25000.0,25408.305529684407,3.937389003112912,71047.30672600272,1801.2001020929044
1783311854,4000,,Aggregated,64.100000,0.000000,25000,33000,37000,40000,43000,46000,48000,50000,66000,71000,71000,5922,0,25000.0,25586.897670530947,3.937389003112912,71047.30672600272,1794.3304626815266
1783311855,4000,,Aggregated,65.500000,0.000000,26000,33000,37000,40000,44000,46000,50000,50000,66000,71000,71000,6026,0,26000.0,25982.28915971976,3.937389003112912,71047.30672600272,1779.0229007633588
1783311856,4000,,Aggregated,67.900000,0.000000,26000,33000,37000,40000,44000,46000,50000,50000,66000,71000,71000,6045,0,26000.0,26052.83780362007,3.937389003112912,71047.30672600272,1775.9707196029776
1783311857,4000,,Aggregated,73.900000,0.000000,26000,33000,38000,41000,45000,47000,50000,50000,66000,71000,71000,6080,0,26000.0,26184.669799302836,3.937389003112912,71047.30672600272,1770.3174342105262
1783311858,4000,,Aggregated,66.500000,0.000000,26000,33000,39000,41000,46000,48000,50000,51000,66000,71000,71000,6143,0,26000.0,26426.268462325464,3.937389003112912,71047.30672600272,1759.767214715937
1783311859,4000,,Aggregated,56.400000,0.000000,26000,34000,39000,41000,46000,48000,50000,51000,66000,71000,71000,6147,0,26000.0,26443.031032374874,3.937389003112912,71047.30672600272,1759.04831625183
1783311860,4000,,Aggregated,48.300000,0.000000,26000,35000,40000,42000,46000,49000,50000,53000,66000,71000,71000,6238,0,26000.0,26796.79998950599,3.937389003112912,71047.30672600272,1750.3840974671368
1783311861,4000,,Aggregated,47.700000,0.000000,27000,36000,40000,43000,46000,50000,52000,53000,66000,71000,71000,6337,0,27000.0,27175.778843585194,3.937389003112912,71047.30672600272,1744.6256903897743
1783311862,4000,,Aggregated,48.200000,0.000000,27000,36000,40000,43000,47000,50000,53000,53000,66000,71000,71000,6399,0,27000.0,27421.566198342927,3.937389003112912,71047.30672600272,1736.200500078137
1783311863,4000,,Aggregated,54.100000,0.000000,27000,36000,40000,43000,47000,50000,53000,53000,66000,71000,71000,6414,0,27000.0,27482.563250412433,3.937389003112912,71047.30672600272,1733.6719675709385
1783311864,4000,,Aggregated,62.400000,0.000000,27000,36000,40000,43000,47000,50000,53000,53000,66000,71000,71000,6435,0,27000.0,27563.689841322353,3.937389003112912,71047.30672600272,1731.3322455322455
1783311865,4000,,Aggregated,65.100000,0.000000,28000,36000,41000,43000,48000,51000,53000,54000,66000,71000,71000,6518,0,28000.0,27880.95543746567,3.937389003112912,71047.30672600272,1721.6411475912857
1783311866,4000,,Aggregated,52.800000,0.000000,28000,36000,41000,43000,48000,51000,53000,54000,66000,71000,71000,6530,0,28000.0,27927.984413559152,3.937389003112912,71047.30672600272,1719.8307810107196
1783311867,4000,,Aggregated,51.100000,0.000000,29000,36000,41000,43000,48000,51000,53000,55000,66000,71000,71000,6558,0,29000.0,28044.953288517572,3.937389003112912,71047.30672600272,1715.3838060384264
1783311868,4000,,Aggregated,47.900000,0.000000,29000,36000,42000,43000,49000,52000,54000,56000,66000,71000,71000,6624,0,29000.0,28313.00088014859,3.937389003112912,71047.30672600272,1707.5240036231885
1783311869,4000,,Aggregated,48.800000,0.000000,30000,37000,43000,43000,50000,53000,56000,56000,66000,71000,71000,6730,0,30000.0,28723.381589645647,3.937389003112912,71047.30672600272,1701.5882615156017
1783311870,4000,,Aggregated,45.800000,0.000000,30000,37000,43000,45000,50000,53000,56000,56000,66000,71000,71000,6847,0,30000.0,29146.2610300798,3.937389003112912,71047.30672600272,1713.6340002920988
1783311871,4000,,Aggregated,54.300000,0.000000,30000,37000,43000,45000,50000,53000,56000,56000,66000,71000,71000,6849,0,30000.0,29154.35354529645,3.937389003112912,71047.30672600272,1713.3248649437874
1783311873,4000,,Aggregated,64.500000,0.000000,30000,39000,43000,46000,52000,54000,56000,57000,66000,84000,84000,7007,0,30000.0,29742.80309627264,3.937389003112912,83638.71718199516,1731.7942057942057
1783311874,4000,,Aggregated,51.900000,0.000000,30000,39000,43000,46000,52000,54000,56000,57000,66000,84000,84000,7036,0,30000.0,29850.55390966192,3.937389003112912,83638.71718199516,1729.4066230812962
1783311875,4000,,Aggregated,59.700000,0.000000,30000,40000,43000,46000,53000,54000,56000,58000,66000,85000,85000,7113,0,30000.0,30151.6779054083,3.937389003112912,85164.16232800111,1730.5397160129342
1783311876,4000,,Aggregated,62.000000,0.000000,30000,40000,43000,46000,53000,55000,57000,59000,66000,85000,85000,7170,0,30000.0,30376.498549158634,3.937389003112912,85164.16232800111,1725.12649930265
1783311877,4000,,Aggregated,64.100000,0.000000,30000,40000,44000,47000,53000,56000,59000,59000,67000,87000,87000,7259,0,30000.0,30719.99338716923,3.937389003112912,87269.10582500568,1733.4759608761537
1783311878,4000,,Aggregated,64.100000,0.000000,31000,40000,45000,48000,53000,56000,59000,60000,67000,87000,87000,7328,0,31000.0,30972.73112897713,3.937389003112912,87285.9157720086,1740.1382368995633
1783311879,4000,,Aggregated,70.300000,0.000000,31000,40000,45000,48000,53000,56000,59000,60000,67000,87000,87000,7334,0,31000.0,30995.415050401603,3.937389003112912,87285.9157720086,1739.3171529860922
1783311880,4000,,Aggregated,75.400000,0.000000,31000,41000,46000,49000,54000,56000,59000,60000,67000,87000,87000,7401,0,31000.0,31255.387201076133,3.937389003112912,87285.9157720086,1729.8379948655588
1783311881,4000,,Aggregated,75.400000,0.000000,31000,41000,46000,49000,54000,56000,59000,60000,67000,87000,87000,7403,0,31000.0,31263.57572557591,3.937389003112912,87285.9157720086,1729.5476158314198
1783311882,4000,,Aggregated,59.900000,0.000000,31000,41000,46000,49000,54000,57000,60000,61000,67000,87000,87000,7462,0,31000.0,31499.101645058476,3.937389003112912,87285.9157720086,1724.7719110158134
1783311883,4000,,Aggregated,55.600000,0.000000,32000,42000,46000,50000,55000,58000,61000,62000,67000,87000,87000,7535,0,32000.0,31784.638507282583,3.937389003112912,87285.9157720086,1716.0350364963504
1783311884,4000,,Aggregated,57.400000,0.000000,33000,43000,46000,50000,55000,59000,61000,62000,71000,92000,92000,7601,0,33000.0,32040.485884295667,3.937389003112912,92005.39098399167,1714.7237205630838
1783311885,4000,,Aggregated,50.900000,0.000000,33000,43000,47000,51000,56000,59000,62000,63000,87000,92000,92000,7736,0,33000.0,32550.006169007946,3.937389003112912,92217.07582900126,1736.3347983453982
1783311886,4000,,Aggregated,54.100000,0.000000,33000,43000,47000,51000,56000,59000,62000,63000,87000,92000,92000,7750,0,33000.0,32604.06394698961,3.937389003112912,92217.07582900126,1737.8243870967742
1783311887,4000,,Aggregated,62.800000,0.000000,33000,43000,48000,52000,56000,60000,62000,63000,87000,94000,94000,7867,0,33000.0,33042.4770796125,3.937389003112912,93921.94053900312,1740.0238972924876
1783311888,4000,,Aggregated,62.800000,0.000000,33000,43000,48000,52000,57000,60000,62000,63000,87000,94000,94000,7871,0,33000.0,33058.67799872133,3.937389003112912,93921.94053900312,1739.4724939651887
1783311889,4000,,Aggregated,60.200000,0.000000,33000,43000,49000,52000,57000,60000,63000,64000,87000,94000,94000,7917,0,33000.0,33240.83152656632,3.937389003112912,93921.94053900312,1733.510420613869
1783311890,4000,,Aggregated,54.300000,0.000000,33000,43000,49000,53000,58000,61000,63000,65000,87000,94000,94000,7977,0,33000.0,33475.645454021505,3.937389003112912,93921.94053900312,1729.8626049893444
1783311891,4000,,Aggregated,57.600000,0.000000,33000,43000,50000,53000,59000,61000,64000,66000,87000,94000,94000,8032,0,33000.0,33685.34318165932,3.937389003112912,93921.94053900312,1726.8720119521913
1783311892,4000,,Aggregated,54.100000,0.000000,35000,44000,50000,53000,59000,62000,65000,66000,97000,97000,97000,8224,0,35000.0,34462.84834970417,3.937389003112912,97212.06391199667,1790.541585603113
1783311893,4000,,Aggregated,62.000000,0.000000,36000,46000,53000,55000,60000,62000,65000,66000,97000,97000,97000,8533,0,36000.0,35400.08926804158,3.937389003112912,97212.06391199667,1797.1769600375014
1783311894,4000,,Aggregated,70.700000,0.000000,36000,47000,53000,55000,60000,62000,65000,66000,97000,97000,97000,8834,0,36000.0,36061.73018036575,3.937389003112912,97212.06391199667,1805.7802807335295
1783311895,4000,,Aggregated,93.900000,0.000000,39000,49000,53000,55000,60000,62000,66000,68000,97000,97000,97000,9215,0,39000.0,36862.413470934094,3.937389003112912,97212.06391199667,1885.5190450352686
1783311896,4000,,Aggregated,115.100000,0.000000,40000,49000,53000,55000,60000,62000,66000,69000,97000,97000,97000,9544,0,40000.0,37282.24623525927,3.937389003112912,97212.06391199667,1922.6053017602683
1783311897,4000,,Aggregated,140.600000,0.000000,40000,48000,53000,55000,60000,62000,66000,69000,97000,97000,97000,10172,0,40000.0,37552.54092365714,3.937389003112912,97212.06391199667,1930.7226700747149
1783311898,4000,,Aggregated,155.200000,0.000000,37000,47000,52000,54000,60000,63000,68000,70000,97000,97000,97000,11022,0,37000.0,37008.19539066348,3.937389003112912,97212.06391199667,1974.5361095989838
1783311899,4000,,Aggregated,199.700000,0.000000,36000,46000,51000,54000,60000,62000,69000,73000,97000,97000,97000,11596,0,36000.0,36113.81846507438,3.937389003112912,97212.06391199667,2003.0671783373577
1783311900,4000,,Aggregated,279.600000,0.000000,33000,44000,50000,53000,60000,62000,68000,70000,97000,97000,97000,12748,0,33000.0,33910.904908946824,3.937389003112912,97212.06391199667,2218.499058675871
1783311902,4000,,Aggregated,407.100000,0.000000,31000,43000,49000,53000,59000,62000,68000,69000,97000,97000,97000,13673,0,31000.0,32079.44806677181,3.937389003112912,97212.06391199667,2331.3073209975864
1783311903,4000,,Aggregated,487.100000,0.000000,28000,41000,48000,51000,59000,62000,66000,69000,97000,97000,97000,15077,0,28000.0,29713.862469993343,3.937389003112912,97212.06391199667,2625.3358758373683
1783311905,4000,,Aggregated,584.400000,0.000000,26000,40000,46000,50000,59000,62000,66000,69000,97000,97000,97000,15775,0,26000.0,28641.55862454029,3.937389003112912,97212.06391199667,2784.267828843106
1783311906,4000,,Aggregated,641.000000,0.000000,23000,37000,46000,49000,57000,61000,66000,69000,97000,97000,97000,16714,0,23000.0,27336.659132811557,3.937389003112912,97212.06391199667,3040.0749670934547
1783311908,4000,,Aggregated,654.600000,0.000000,22000,36000,43000,49000,56000,61000,66000,69000,97000,97000,97000,17702,0,22000.0,26111.662809745747,3.937389003112912,97212.06391199667,3405.497514405152
1783311909,4000,,Aggregated,739.000000,0.000000,19000,33000,43000,48000,56000,61000,66000,69000,97000,97000,97000,18799,0,19000.0,24902.753353206113,3.937389003112912,97212.06391199667,3732.210436725358
1783311911,4000,,Aggregated,723.900000,0.000000,15000,31000,41000,46000,55000,61000,66000,69000,97000,97000,97000,20139,0,15000.0,23608.158652326016,3.937389003112912,97212.06391199667,4046.894334376086
1783311913,4000,,Aggregated,673.400000,0.000000,13000,30000,40000,46000,55000,61000,65000,69000,97000,97000,97000,20755,0,13000.0,23085.96537712856,3.937389003112912,97212.06391199667,4263.967718622019
1783311914,4000,,Aggregated,692.500000,0.000000,13000,30000,40000,45000,55000,60000,65000,69000,97000,97000,97000,21124,0,13000.0,22773.008265124543,3.937389003112912,97212.06391199667,4237.317648172694
1783311915,4000,,Aggregated,641.900000,0.000000,11000,29000,40000,44000,55000,60000,65000,69000,97000,97000,97000,21509,0,11000.0,22472.151870389283,3.937389003112912,97212.06391199667,4310.811148821424
1783311916,4000,,Aggregated,597.700000,0.000000,10000,29000,39000,44000,55000,60000,65000,69000,97000,97000,97000,21764,0,10000.0,22286.27668760297,3.937389003112912,97212.06391199667,4358.074159161919
1783311917,4000,,Aggregated,580.300000,0.000000,9800,28000,38000,43000,54000,60000,65000,69000,97000,97000,97000,22236,0,9800.0,21959.993392530254,3.937389003112912,97212.06391199667,4445.316738622054
1783311918,4000,,Aggregated,518.900000,0.000000,9300,27000,37000,43000,54000,60000,65000,69000,97000,97000,97000,22706,0,9300.0,21646.050648172764,3.937389003112912,97212.06391199667,4517.09953316304
1783311919,4000,,Aggregated,497.800000,0.000000,9200,26000,37000,43000,54000,60000,65000,69000,97000,97000,97000,23012,0,9200.0,21443.83199407479,3.937389003112912,97212.06391199667,4518.904875717018
1783311920,4000,,Aggregated,497.100000,0.000000,9200,25000,36000,43000,54000,60000,64000,69000,97000,97000,97000,23532,0,9200.0,21161.368825018206,3.937389003112912,97212.06391199667,4655.2601563827975
1783311921,4000,,Aggregated,437.700000,0.000000,9200,24000,36000,43000,54000,60000,64000,69000,96000,97000,97000,24340,0,9200.0,20735.630906403992,3.937389003112912,97212.06391199667,4856.444207066557
1783311922,4000,,Aggregated,428.100000,0.000000,9200,23000,35000,42000,53000,60000,64000,68000,96000,97000,97000,24872,0,9200.0,20457.750916365752,3.937389003112912,97212.06391199667,4952.380427790286
1783311923,4000,,Aggregated,441.000000,0.000000,9100,23000,34000,41000,53000,60000,63000,68000,96000,97000,97000,25425,0,9100.0,20189.419393468033,3.937389003112912,97212.06391199667,5073.456873156342
1783311924,4000,,Aggregated,439.500000,0.000000,9000,21000,33000,40000,53000,59000,63000,68000,96000,97000,97000,26186,0,9000.0,19810.383542008272,3.937389003112912,97212.06391199667,5182.3082563201715
1783311925,4000,,Aggregated,421.100000,0.000000,8900,21000,33000,40000,53000,59000,63000,68000,96000,97000,97000,26373,0,8900.0,19705.528489763794,3.937389003112912,97212.06391199667,5163.69813824745
1783311927,4000,,Aggregated,475.100000,0.000000,8800,20000,33000,40000,53000,59000,63000,68000,96000,97000,97000,26726,0,8800.0,19537.520084022002,3.937389003112912,97212.06391199667,5209.828406794882
1783311928,4000,,Aggregated,471.100000,0.000000,8500,19000,31000,39000,53000,59000,63000,68000,95000,97000,97000,27621,0,8500.0,19143.316340736383,3.937389003112912,97212.06391199667,5359.812425328554
1783311929,4000,,Aggregated,451.600000,0.000000,8300,18000,30000,38000,52000,59000,63000,67000,95000,97000,97000,27927,0,8300.0,18997.521489156185,3.937389003112912,97212.06391199667,5361.834604504601
1783311930,4000,,Aggregated,471.000000,0.000000,8200,17000,30000,37000,52000,59000,63000,67000,94000,97000,97000,28392,0,8200.0,18799.408105109484,3.937389003112912,97212.06391199667,5412.052585235278
1783311931,4000,,Aggregated,485.400000,0.000000,8100,16000,30000,37000,52000,59000,63000,67000,94000,97000,97000,28950,0,8100.0,18572.016617375466,3.937389003112912,97212.06391199667,5472.908773747841
1783311932,4000,,Aggregated,503.300000,0.000000,7900,14000,29000,36000,51000,59000,62000,66000,94000,97000,97000,29788,0,7900.0,18249.82545306651,3.937389003112912,97212.06391199667,5545.185779508527
1783311933,4000,,Aggregated,480.800000,0.000000,7900,13000,28000,36000,51000,59000,62000,66000,92000,97000,97000,30399,0,7900.0,18026.108018513303,3.937389003112912,97212.06391199667,5627.498996677522
1783311934,4000,,Aggregated,439.400000,0.000000,7700,13000,27000,35000,51000,59000,62000,66000,92000,97000,97000,30875,0,7700.0,17842.748958253487,3.937389003112912,97212.06391199667,5636.947109311741
1783311935,4000,,Aggregated,489.100000,0.000000,7600,13000,26000,35000,50000,59000,62000,66000,92000,97000,97000,31217,0,7600.0,17711.70080413051,3.937389003112912,97212.06391199667,5625.944901816318
1783311937,4000,,Aggregated,495.000000,0.000000,7700,12000,26000,34000,50000,59000,62000,66000,92000,97000,97000,31535,0,7700.0,17611.075425504652,3.937389003112912,97212.06391199667,5697.300713492944
1783311938,4000,,Aggregated,490.000000,0.000000,7400,11000,25000,33000,50000,58000,62000,66000,92000,97000,97000,32319,0,7400.0,17336.002290717915,3.937389003112912,97212.06391199667,5693.790216281444
1783311939,4000,,Aggregated,481.400000,0.000000,7400,11000,24000,33000,50000,58000,62000,66000,92000,97000,97000,32732,0,7400.0,17197.274492782337,3.937389003112912,97212.06391199667,5694.85231577661
1783311940,4000,,Aggregated,485.700000,0.000000,7300,11000,23000,33000,49000,57000,62000,66000,92000,97000,97000,33198,0,7300.0,17051.719490502677,3.937389003112912,97212.06391199667,5707.840321706127
1783311941,4000,,Aggregated,488.100000,0.000000,7200,11000,23000,32000,49000,57000,62000,66000,92000,97000,97000,33864,0,7200.0,16859.485184718502,3.937389003112912,97212.06391199667,5764.530150011812
1783311942,4000,,Aggregated,487.000000,0.000000,7200,11000,23000,31000,49000,57000,62000,66000,92000,97000,97000,34240,0,7200.0,16744.007343408815,3.937389003112912,97212.06391199667,5762.723335280374
1783311943,4000,,Aggregated,487.000000,0.000000,7100,11000,23000,31000,49000,57000,62000,66000,92000,97000,97000,34464,0,7100.0,16674.26347926917,3.937389003112912,97212.06391199667,5750.306493732591
1783311944,4000,,Aggregated,505.200000,0.000000,7000,11000,22000,30000,49000,56000,62000,66000,92000,97000,97000,35268,0,7000.0,16457.636315997217,3.937389003112912,97212.06391199667,5752.604173755246
1783311945,4000,,Aggregated,464.400000,0.000000,6900,11000,21000,30000,49000,56000,62000,66000,92000,97000,97000,35728,0,6900.0,16332.009138561698,3.937389003112912,97212.06391199667,5749.2034538737125
1783311946,4000,,Aggregated,423.000000,0.000000,6900,11000,20000,30000,48000,56000,62000,66000,92000,97000,97000,36172,0,6900.0,16214.466986716712,3.937389003112912,97212.06391199667,5747.68594492978
1783311947,4000,,Aggregated,444.900000,0.000000,6800,10000,20000,29000,48000,56000,62000,66000,92000,97000,97000,36527,0,6800.0,16122.45048357388,3.937389003112912,97212.06391199667,5738.877679524735
1783311948,4000,,Aggregated,454.100000,0.000000,6800,10000,19000,29000,48000,56000,62000,66000,92000,97000,97000,37144,0,6800.0,15978.843630606714,3.937389003112912,97212.06391199667,5771.581278268361
1783311949,4000,,Aggregated,470.400000,0.000000,6700,10000,19000,28000,48000,56000,62000,66000,92000,97000,97000,37560,0,6700.0,15867.351149728656,3.937389003112912,97212.06391199667,5745.358466453674
1783311950,4000,,Aggregated,440.700000,0.000000,6700,10000,18000,28000,48000,56000,62000,66000,92000,97000,97000,38001,0,6700.0,15765.07129864563,3.937389003112912,97212.06391199667,5755.433567537696
1783311952,4000,,Aggregated,455.400000,0.000000,6600,10000,17000,27000,47000,56000,62000,66000,92000,97000,97000,38394,0,6600.0,15678.802076490487,3.937389003112912,97212.06391199667,5760.306402041986
1783311953,4000,,Aggregated,439.500000,0.000000,6600,10000,17000,26000,47000,56000,62000,66000,92000,97000,97000,39087,0,6600.0,15514.841483337776,3.937389003112912,97212.06391199667,5744.488832604191
1783311954,4000,,Aggregated,420.600000,0.000000,6500,10000,16000,26000,46000,56000,62000,66000,92000,97000,97000,39513,0,6500.0,15420.715087247678,3.937389003112912,97212.06391199667,5746.545010502872
1783311955,4000,,Aggregated,459.500000,0.000000,6500,10000,15000,25000,46000,56000,62000,66000,92000,97000,97000,40023,0,6500.0,15308.975585695307,3.937389003112912,97212.06391199667,5748.02183744347
1783311956,4000,,Aggregated,475.700000,0.000000,6500,10000,14000,25000,46000,55000,61000,66000,92000,97000,97000,40538,0,6500.0,15205.835283572253,3.937389003112912,97212.06391199667,5779.135872514677
1783311957,4000,,Aggregated,453.700000,0.000000,6400,10000,14000,24000,46000,55000,61000,66000,92000,97000,97000,40895,0,6400.0,15123.334663830361,3.937389003112912,97212.06391199667,5763.520846069202
1783311958,4000,,Aggregated,450.200000,0.000000,6400,10000,13000,24000,46000,55000,61000,65000,92000,97000,97000,41285,0,6400.0,15040.897227238329,3.937389003112912,97212.06391199667,5757.985491098462
1783311959,4000,,Aggregated,455.700000,0.000000,6400,10000,13000,24000,46000,55000,61000,65000,92000,97000,97000,41425,0,6400.0,15012.448064965223,3.937389003112912,97212.06391199667,5757.812432106216
1783311960,4000,,Aggregated,452.600000,0.000000,6400,10000,13000,23000,45000,55000,61000,65000,92000,97000,97000,42368,0,6400.0,14835.867719619777,3.937389003112912,97212.06391199667,5746.645085913898
1783311961,4000,,Aggregated,418.000000,0.000000,6300,10000,12000,23000,44000,55000,61000,65000,92000,97000,97000,42774,0,6300.0,14760.066618095743,3.937389003112912,97212.06391199667,5741.512647870201
1783311962,4000,,Aggregated,398.800000,0.000000,6300,10000,12000,23000,44000,55000,61000,65000,92000,97000,97000,43166,0,6300.0,14690.517238435896,3.937389003112912,97212.06391199667,5742.363225686883
1783311963,4000,,Aggregated,446.100000,0.000000,6300,10000,12000,22000,44000,55000,61000,65000,92000,97000,97000,43588,0,6300.0,14616.613643518556,3.937389003112912,97212.06391199667,5737.564306689915
1783311964,4000,,Aggregated,449.200000,0.000000,6300,10000,11000,22000,43000,54000,61000,65000,92000,97000,97000,44160,0,6300.0,14527.631789100975,3.937389003112912,97212.06391199667,5771.442232789855
1783311965,4000,,Aggregated,417.800000,0.000000,6300,10000,11000,21000,43000,54000,61000,65000,92000,97000,97000,44520,0,6300.0,14459.133986083185,3.937389003112912,97212.06391199667,5756.288724168913
1783311966,4000,,Aggregated,417.900000,0.000000,6300,10000,11000,21000,43000,54000,61000,65000,92000,97000,97000,44927,0,6300.0,14392.28028798668,3.937389003112912,97212.06391199667,5763.800609878247
1783311968,4000,,Aggregated,429.800000,0.000000,6300,10000,11000,20000,43000,54000,61000,65000,92000,97000,97000,45126,0,6300.0,14357.292467968364,3.937389003112912,97212.06391199667,5759.903558923902
1783311969,4000,,Aggregated,421.000000,0.000000,6300,10000,11000,20000,43000,54000,61000,65000,92000,97000,97000,46010,0,6300.0,14217.99878661741,3.937389003112912,97212.06391199667,5750.288089545751
1783311970,4000,,Aggregated,395.300000,0.000000,6200,10000,11000,19000,43000,54000,61000,65000,92000,97000,97000,46339,0,6200.0,14166.779821077693,3.937389003112912,97212.06391199667,5750.896178165261
1783311971,4000,,Aggregated,440.400000,0.000000,6200,10000,11000,19000,43000,54000,61000,64000,92000,97000,97000,46706,0,6200.0,14114.762656525923,3.937389003112912,97212.06391199667,5759.6653748983
1783311972,4000,,Aggregated,463.500000,0.000000,6200,10000,11000,19000,43000,54000,61000,64000,91000,97000,97000,47069,0,6200.0,14064.0925241504,3.937389003112912,97212.06391199667,5762.060804351059
1783311973,4000,,Aggregated,408.800000,0.000000,6300,10000,11000,18000,43000,54000,61000,64000,91000,97000,97000,47479,0,6300.0,14009.192451091783,3.937389003112912,97212.06391199667,5764.776659154573
1783311974,4000,,Aggregated,410.000000,0.000000,6300,10000,11000,17000,43000,54000,61000,64000,91000,97000,97000,47931,0,6300.0,13951.784126029364,3.937389003112912,97212.06391199667,5780.4140743986145
1783311975,4000,,Aggregated,411.900000,0.000000,6300,9900,11000,17000,43000,54000,61000,64000,91000,97000,97000,48366,0,6300.0,13890.440659773005,3.937389003112912,97212.06391199667,5769.8023611628005
1783311976,4000,,Aggregated,416.500000,0.000000,6300,9900,11000,17000,43000,54000,61000,64000,91000,97000,97000,48730,0,6300.0,13839.371353790615,3.937389003112912,97212.06391199667,5758.373896983378
1783311978,4000,,Aggregated,416.500000,0.000000,6300,9900,11000,17000,42000,54000,61000,64000,91000,97000,97000,48899,0,6300.0,13816.083801091048,3.937389003112912,97212.06391199667,5753.71109838647
1783311979,4000,,Aggregated,389.300000,0.000000,6300,9900,11000,16000,42000,53000,61000,63000,91000,97000,97000,49890,0,6300.0,13704.879610820939,3.937389003112912,97212.06391199667,5745.2177991581475
1783311980,4000,,Aggregated,377.300000,0.000000,6300,9800,11000,15000,41000,53000,61000,63000,91000,97000,97000,50439,0,6300.0,13633.180222591358,3.937389003112912,97212.06391199667,5741.837387735681
1783311981,4000,,Aggregated,389.500000,0.000000,6300,9800,11000,14000,41000,53000,61000,63000,91000,97000,97000,50876,0,6300.0,13579.53450148038,3.937389003112912,97212.06391199667,5744.387176664832
1783311982,4000,,Aggregated,414.200000,0.000000,6300,9900,11000,14000,41000,53000,61000,63000,91000,97000,97000,51553,0,6300.0,13509.878175431282,3.937389003112912,97212.06391199667,5800.66000038795
1783311983,4000,,Aggregated,424.600000,0.000000,6300,9800,11000,13000,40000,53000,61000,63000,91000,97000,97000,51941,0,6300.0,13450.787413209202,3.937389003112912,97212.06391199667,5785.3575787913205
1783311984,4000,,Aggregated,429.300000,0.000000,6300,9800,11000,13000,40000,53000,61000,63000,91000,97000,97000,52405,0,6300.0,13385.336128608566,3.937389003112912,97212.06391199667,5780.632973952867
1783311986,4000,,Aggregated,447.400000,0.000000,6300,9800,11000,13000,40000,53000,60000,63000,91000,97000,97000,52727,0,6300.0,13338.626471021324,3.937389003112912,97212.06391199667,5775.810324880991
1783311987,4000,,Aggregated,449.100000,0.000000,6200,9700,11000,13000,40000,53000,60000,63000,91000,97000,97000,53773,0,6200.0,13211.15310199674,3.937389003112912,97212.06391199667,5762.230338645789
1783311988,4000,,Aggregated,412.600000,0.000000,6200,9700,11000,12000,39000,53000,60000,63000,91000,97000,97000,54210,0,6200.0,13157.436346906048,3.937389003112912,97212.06391199667,5763.273824017709
1783311989,4000,,Aggregated,444.300000,0.000000,6200,9700,11000,12000,39000,53000,60000,63000,91000,97000,97000,54648,0,6200.0,13105.027666144282,3.937389003112912,97212.06391199667,5761.834120187381
1783311990,4000,,Aggregated,510.100000,0.000000,6200,9700,11000,12000,39000,53000,60000,63000,91000,97000,97000,55004,0,6200.0,13063.877354649818,3.937389003112912,97212.06391199667,5759.401643516835
1783311991,4000,,Aggregated,465.700000,0.000000,6200,9700,11000,12000,38000,52000,60000,63000,91000,97000,97000,55545,0,6200.0,13007.202687100602,3.937389003112912,97212.06391199667,5787.150166531641
1783311992,4000,,Aggregated,441.000000,0.000000,6200,9600,11000,12000,38000,52000,60000,63000,91000,97000,97000,55891,0,6200.0,12962.530551248701,3.937389003112912,97212.06391199667,5769.576711814067
1783311993,4000,,Aggregated,458.100000,0.000000,6200,9600,11000,12000,37000,52000,60000,63000,91000,97000,97000,56293,0,6200.0,12917.408028319674,3.937389003112912,97212.06391199667,5768.9834615316295
1783311994,4000,,Aggregated,446.400000,0.000000,6200,9600,11000,12000,37000,52000,60000,63000,91000,97000,97000,56720,0,6200.0,12868.632152801016,3.937389003112912,97212.06391199667,5760.503349788434
1783311996,4000,,Aggregated,446.400000,0.000000,6200,9600,11000,12000,37000,52000,60000,63000,91000,97000,97000,56817,0,6200.0,12857.517126597633,3.937389003112912,97212.06391199667,5757.696552088283
1783311997,4000,,Aggregated,413.100000,0.000000,6200,9600,11000,12000,37000,52000,60000,63000,91000,97000,97000,57761,0,6200.0,12770.561146154447,3.937389003112912,97212.06391199667,5750.961029068057
1783311998,4000,,Aggregated,409.000000,0.000000,6200,9600,11000,12000,36000,51000,60000,63000,91000,97000,97000,58154,0,6200.0,12733.136416804631,3.937389003112912,97212.06391199667,5750.6047735323455
1783311999,4000,,Aggregated,438.400000,0.000000,6200,9600,11000,12000,36000,51000,60000,63000,91000,97000,97000,58526,0,6200.0,12700.529011904124,3.937389003112912,97212.06391199667,5752.998564740457
1783312000,4000,,Aggregated,411.900000,0.000000,6200,9500,11000,12000,36000,51000,60000,63000,91000,97000,97000,58979,0,6200.0,12660.805758105678,3.937389003112912,97212.06391199667,5753.062157717153
1783312001,4000,,Aggregated,413.300000,0.000000,6200,9600,11000,12000,36000,51000,60000,62000,91000,97000,97000,59492,0,6200.0,12621.84607153782,3.937389003112912,97212.06391199667,5779.810024877294
1783312002,4000,,Aggregated,410.700000,0.000000,6200,9500,11000,12000,36000,51000,60000,62000,91000,97000,97000,59802,0,6200.0,12587.457255029338,3.937389003112912,97212.06391199667,5763.307397745894
1783312003,4000,,Aggregated,407.800000,0.000000,6200,9500,11000,12000,36000,51000,60000,62000,91000,97000,97000,60243,0,6200.0,12548.19668248629,3.937389003112912,97212.06391199667,5763.357900502963
1783312004,4000,,Aggregated,406.100000,0.000000,6200,9500,11000,11000,36000,51000,60000,62000,91000,97000,97000,60678,0,6200.0,12507.83709561521,3.937389003112912,97212.06391199667,5760.895217376974
1783312006,4000,,Aggregated,416.200000,0.000000,6200,9500,11000,11000,36000,51000,60000,62000,91000,97000,97000,61120,0,6200.0,12467.570491461152,3.937389003112912,97212.06391199667,5753.968602748691
1783312007,4000,,Aggregated,423.800000,0.000000,6200,9400,11000,11000,35000,50000,60000,62000,91000,97000,97000,62023,0,6200.0,12404.31925097817,3.937389003112912,97212.06391199667,5755.350547377586
1783312008,4000,,Aggregated,430.200000,0.000000,6200,9400,11000,11000,35000,50000,60000,62000,91000,97000,97000,62473,0,6200.0,12368.083522873978,3.937389003112912,97212.06391199667,5756.607350375362
1783312009,4000,,Aggregated,390.900000,0.000000,6200,9400,11000,11000,34000,50000,60000,62000,91000,97000,97000,62935,0,6200.0,12331.743842949978,3.937389003112912,97212.06391199667,5757.387256693414
1783312010,4000,,Aggregated,414.700000,0.000000,6200,9400,11000,11000,34000,50000,60000,62000,91000,97000,97000,63364,0,6200.0,12297.539291504325,3.937389003112912,97212.06391199667,5757.914209961492
1783312011,4000,,Aggregated,417.400000,0.000000,6200,9400,11000,11000,33000,50000,60000,62000,91000,97000,97000,63923,0,6200.0,12259.024652445465,3.937389003112912,97212.06391199667,5787.489229228916
1783312012,4000,,Aggregated,424.600000,0.000000,6200,9300,11000,11000,33000,50000,59000,62000,91000,97000,97000,64252,0,6200.0,12226.415249992999,3.937389003112912,97212.06391199667,5774.021820332441
1783312013,4000,,Aggregated,427.400000,0.000000,6200,9300,11000,11000,33000,50000,59000,62000,91000,97000,97000,64666,0,6200.0,12190.243673936075,3.937389003112912,97212.06391199667,5767.226656975845
1783312014,4000,,Aggregated,430.800000,0.000000,6200,9300,11000,11000,33000,50000,59000,62000,91000,97000,97000,65030,0,6200.0,12160.212245879447,3.937389003112912,97212.06391199667,5766.091742272797
1783312016,4000,,Aggregated,421.300000,0.000000,6200,9200,11000,11000,33000,50000,59000,62000,91000,97000,97000,65352,0,6200.0,12133.528929789332,3.937389003112912,97212.06391199667,5761.0840066103565
1783312017,4000,,Aggregated,415.400000,0.000000,6200,9200,11000,11000,33000,49000,59000,62000,91000,97000,97000,66291,0,6200.0,12071.951808317668,3.937389003112912,97212.06391199667,5753.592508787015
1783312018,4000,,Aggregated,423.200000,0.000000,6200,9200,11000,11000,33000,49000,59000,62000,91000,97000,97000,66715,0,6200.0,12041.110223983325,3.937389003112912,97212.06391199667,5751.399715206475
1783312019,4000,,Aggregated,393.400000,0.000000,6200,9100,11000,11000,32000,49000,59000,62000,91000,97000,97000,67099,0,6200.0,12014.12509627254,3.937389003112912,97212.06391199667,5749.915542705555
1783312020,4000,,Aggregated,411.300000,0.000000,6200,9100,11000,11000,32000,49000,59000,62000,91000,97000,97000,67517,0,6200.0,11986.523827684246,3.937389003112912,97212.06391199667,5750.463068560511
1783312021,4000,,Aggregated,416.200000,0.000000,6200,9100,11000,11000,31000,49000,59000,62000,91000,97000,97000,68138,0,6200.0,11952.547413271128,3.937389003112912,97212.06391199667,5783.784437465144
1783312022,4000,,Aggregated,406.900000,0.000000,6200,9100,11000,11000,31000,49000,59000,62000,91000,97000,97000,68501,0,6200.0,11920.078015061981,3.937389003112912,97212.06391199667,5767.555904293368
1783312023,4000,,Aggregated,387.200000,0.000000,6200,9100,11000,11000,31000,49000,59000,62000,91000,97000,97000,68956,0,6200.0,11888.092676503047,3.937389003112912,97212.06391199667,5771.96693543709
1783312024,4000,,Aggregated,417.700000,0.000000,6200,9000,11000,11000,30000,49000,59000,62000,91000,97000,97000,69389,0,6200.0,11854.150945867528,3.937389003112912,97212.06391199667,5768.518035999942
1783312025,4000,,Aggregated,416.900000,0.000000,6200,9000,11000,11000,30000,49000,59000,62000,91000,97000,97000,69851,0,6200.0,11819.572624607312,3.937389003112912,97212.06391199667,5765.636483371748
1783312027,4000,,Aggregated,416.900000,0.000000,6200,9000,11000,11000,30000,49000,59000,62000,91000,97000,97000,69912,0,6200.0,11815.222906242183,3.937389003112912,97212.06391199667,5765.413062135256
1783312028,4000,,Aggregated,456.100000,0.000000,6200,8800,11000,11000,30000,49000,59000,62000,91000,97000,97000,70793,0,6200.0,11762.510154199706,3.937389003112912,97212.06391199667,5758.136341163674
1783312029,4000,,Aggregated,434.300000,0.000000,6200,8800,11000,11000,30000,49000,59000,62000,91000,97000,97000,71182,0,6200.0,11738.897889798536,3.937389003112912,97212.06391199667,5760.404695007165
1783312030,4000,,Aggregated,414.200000,0.000000,6200,8800,11000,11000,30000,49000,59000,62000,91000,97000,97000,71524,0,6200.0,11717.872360277619,3.937389003112912,97212.06391199667,5758.758332867289
1783312031,4000,,Aggregated,416.200000,0.000000,6200,8700,11000,11000,30000,48000,59000,62000,91000,97000,97000,71926,0,6200.0,11696.298521799059,3.937389003112912,97212.06391199667,5760.346342073798
1783312032,4000,,Aggregated,418.000000,0.000000,6200,8800,11000,11000,30000,48000,59000,62000,91000,97000,97000,72477,0,6200.0,11673.511261708762,3.937389003112912,97212.06391199667,5789.7865667729075
1783312033,4000,,Aggregated,415.900000,0.000000,6200,8700,11000,11000,29000,48000,59000,62000,91000,97000,97000,72804,0,6200.0,11648.63096104126,3.937389003112912,97212.06391199667,5774.094253063018
1783312034,4000,,Aggregated,391.900000,0.000000,6200,8600,11000,11000,29000,48000,59000,62000,91000,97000,97000,73249,0,6200.0,11621.148471324188,3.937389003112912,97212.06391199667,5766.230242051086
1783312035,4000,,Aggregated,406.200000,0.000000,6200,8600,11000,11000,29000,48000,59000,62000,91000,97000,97000,73669,0,6200.0,11595.670372606168,3.937389003112912,97212.06391199667,5765.281583841236
1783312036,4000,,Aggregated,395.600000,0.000000,6200,8500,11000,11000,29000,48000,59000,62000,91000,97000,97000,74053,0,6200.0,11571.483319485751,3.937389003112912,97212.06391199667,5760.44211578194
1783312037,4000,,Aggregated,396.500000,0.000000,6200,8400,11000,11000,29000,48000,59000,62000,91000,97000,97000,74496,0,6200.0,11546.054911802905,3.937389003112912,97212.06391199667,5757.439902813574
1783312039,4000,,Aggregated,437.600000,0.000000,6200,8400,11000,11000,29000,48000,59000,62000,91000,97000,97000,74584,0,6200.0,11542.0531064839,3.937389003112912,97212.06391199667,5759.260551860989
1783312040,4000,,Aggregated,405.300000,0.000000,6300,8300,11000,11000,28000,48000,59000,62000,91000,97000,97000,75641,0,6300.0,11496.049210692407,3.937389003112912,97212.06391199667,5763.383218096006
1783312041,4000,,Aggregated,356.600000,0.000000,6200,8200,11000,11000,28000,47000,59000,62000,89000,97000,97000,76104,0,6200.0,11470.58717411676,3.937389003112912,97212.06391199667,5760.412540733732
1783312042,4000,,Aggregated,397.300000,0.000000,6300,8200,11000,11000,27000,47000,59000,62000,89000,97000,97000,76492,0,6300.0,11450.62880163491,3.937389003112912,97212.06391199667,5762.187653610835
1783312043,4000,,Aggregated,421.700000,0.000000,6300,8200,11000,11000,27000,47000,59000,62000,89000,97000,97000,76884,0,6300.0,11429.770741323602,3.937389003112912,97212.06391199667,5761.605886790489
1783312044,4000,,Aggregated,420.500000,0.000000,6300,8200,11000,11000,27000,47000,59000,62000,89000,97000,97000,77411,0,6300.0,11405.482644459225,3.937389003112912,97212.06391199667,5782.932490214569
1783312045,4000,,Aggregated,414.300000,0.000000,6200,8100,11000,11000,26000,47000,59000,62000,89000,97000,97000,77736,0,6200.0,11382.74200147773,3.937389003112912,97212.06391199667,5772.32198723886
1783312046,4000,,Aggregated,434.200000,0.000000,6200,8100,11000,11000,26000,47000,59000,62000,89000,97000,97000,78153,0,6200.0,11360.460043861609,3.937389003112912,97212.06391199667,5776.072178931071
1783312047,4000,,Aggregated,418.500000,0.000000,6200,8000,11000,11000,26000,46000,59000,62000,89000,97000,97000,78574,0,6200.0,11334.508314966048,3.937389003112912,97212.06391199667,5770.921551658309
1783312048,4000,,Aggregated,416.700000,0.000000,6200,7900,11000,11000,26000,46000,59000,62000,88000,97000,97000,79022,0,6200.0,11308.025503887919,3.937389003112912,97212.06391199667,5764.7473488395635
1783312050,4000,,Aggregated,430.500000,0.000000,6200,7900,11000,11000,26000,46000,58000,62000,88000,97000,97000,79321,0,6200.0,11290.816120681859,3.937389003112912,97212.06391199667,5759.276295054273
1783312052,4000,,Aggregated,470.400000,0.000000,6300,7900,11000,11000,25000,46000,58000,62000,88000,97000,97000,80276,0,6300.0,11258.38260507203,3.937389003112912,97212.06391199667,5759.689595894165
1783312053,4000,,Aggregated,334.300000,0.000000,6300,7900,11000,11000,25000,46000,58000,61000,88000,97000,97000,80866,0,6300.0,11232.806905115398,3.937389003112912,97212.06391199667,5760.5602601835135
1783312054,4000,,Aggregated,391.200000,0.000000,6300,7900,11000,11000,25000,46000,58000,61000,87000,97000,97000,81350,0,6300.0,11212.327520122462,3.937389003112912,97212.06391199667,5766.9481991395205
1783312055,4000,,Aggregated,400.600000,0.000000,6300,7900,11000,11000,24000,46000,58000,61000,87000,97000,97000,82057,0,6300.0,11186.979750819713,3.937389003112912,97212.06391199667,5799.882618180046
1783312056,4000,,Aggregated,395.400000,0.000000,6300,7900,11000,11000,24000,46000,57000,61000,87000,97000,97000,82511,0,6300.0,11154.282336131126,3.937389003112912,97212.06391199667,5784.687847680915
1783312057,4000,,Aggregated,425.900000,0.000000,6300,7800,11000,11000,24000,46000,57000,61000,87000,97000,97000,82943,0,6300.0,11128.257643749132,3.937389003112912,97212.06391199667,5784.7882762861245
1783312058,4000,,Aggregated,438.100000,0.000000,6300,7800,11000,11000,23000,46000,57000,61000,87000,97000,97000,83380,0,6300.0,11100.886982628397,3.937389003112912,97212.06391199667,5785.074526265292
1783312059,4000,,Aggregated,442.300000,0.000000,6200,7800,11000,11000,23000,46000,57000,61000,87000,97000,97000,83828,0,6200.0,11071.456017187566,3.937389003112912,97212.06391199667,5778.312628238775
1783312061,4000,,Aggregated,446.700000,0.000000,6200,7800,11000,11000,23000,45000,57000,61000,86000,97000,97000,84163,0,6200.0,11051.012783916607,3.937389003112912,97212.06391199667,5775.731378396683
1783312062,4000,,Aggregated,484.100000,0.000000,6300,7700,11000,11000,23000,45000,57000,61000,85000,97000,97000,85111,0,6300.0,11011.377343566326,3.937389003112912,97212.06391199667,5770.464898779242
1783312063,4000,,Aggregated,483.800000,0.000000,6200,7700,10000,11000,23000,44000,57000,61000,85000,97000,97000,85730,0,6200.0,10980.646392448312,3.937389003112912,97212.06391199667,5766.1802052956955
1783312064,4000,,Aggregated,388.700000,0.000000,6200,7600,10000,11000,23000,44000,57000,61000,85000,97000,97000,86167,0,6200.0,10960.613824725606,3.937389003112912,97212.06391199667,5766.24287720357
1783312065,4000,,Aggregated,443.800000,0.000000,6200,7700,10000,11000,22000,44000,57000,61000,85000,97000,97000,86854,0,6200.0,10937.480429297346,3.937389003112912,97212.06391199667,5803.911759964999
1783312066,4000,,Aggregated,445.100000,0.000000,6200,7700,10000,11000,22000,44000,56000,61000,84000,97000,97000,87218,0,6200.0,10913.372860451644,3.937389003112912,97212.06391199667,5790.736132449723
1783312067,4000,,Aggregated,428.700000,0.000000,6200,7600,10000,11000,22000,43000,56000,61000,84000,97000,97000,87644,0,6200.0,10890.705546568744,3.937389003112912,97212.06391199667,5789.2488932499655
1783312068,4000,,Aggregated,445.200000,0.000000,6200,7600,10000,11000,22000,43000,56000,61000,84000,97000,97000,88097,0,6200.0,10863.927685277964,3.937389003112912,97212.06391199667,5784.388832763885
1783312069,4000,,Aggregated,435.800000,0.000000,6200,7600,10000,11000,22000,43000,56000,61000,84000,97000,97000,88590,0,6200.0,10835.520319514619,3.937389003112912,97212.06391199667,5778.752793769048
1783312070,4000,,Aggregated,435.300000,0.000000,6200,7600,10000,11000,21000,43000,56000,61000,84000,97000,97000,89034,0,6200.0,10811.874448308625,3.937389003112912,97212.06391199667,5777.328728350967
1783312073,4000,,Aggregated,443.400000,0.000000,6200,7500,10000,11000,21000,43000,56000,61000,84000,97000,97000,89279,0,6200.0,10798.974268017377,3.937389003112912,97212.06391199667,5775.652740286069
1783312074,4000,,Aggregated,511.300000,0.000000,6200,7500,10000,11000,20000,43000,56000,61000,80000,97000,97000,90280,0,6200.0,10760.745740656952,3.937389003112912,97212.06391199667,5775.560866194063
1783312075,4000,,Aggregated,402.400000,0.000000,6200,7500,10000,11000,20000,43000,56000,61000,80000,97000,97000,90709,0,6200.0,10741.41352701311,3.937389003112912,97212.06391199667,5771.783538568389
1783312076,4000,,Aggregated,435.900000,0.000000,6200,7500,10000,11000,20000,43000,56000,61000,80000,97000,97000,91173,0,6200.0,10723.426409025296,3.937389003112912,97212.06391199667,5776.170785210534
1783312077,4000,,Aggregated,445.500000,0.000000,6200,7500,10000,11000,20000,43000,56000,61000,80000,97000,97000,91789,0,6200.0,10705.616785413607,3.937389003112912,97212.06391199667,5808.172776694375
1783312078,4000,,Aggregated,419.200000,0.000000,6200,7500,10000,11000,20000,43000,56000,61000,78000,97000,97000,92199,0,6200.0,10681.790749445016,3.937389003112912,97212.06391199667,5793.584333886484
1783312079,4000,,Aggregated,429.600000,0.000000,6200,7400,10000,11000,20000,43000,56000,61000,78000,97000,97000,92594,0,6200.0,10661.755845710266,3.937389003112912,97212.06391199667,5787.65004211936
1783312080,4000,,Aggregated,446.400000,0.000000,6200,7400,10000,11000,19000,43000,56000,61000,78000,97000,97000,92937,0,6200.0,10646.565662136823,3.937389003112912,97212.06391199667,5788.209518275821
1783312081,4000,,Aggregated,436.900000,0.000000,6200,7400,10000,11000,19000,43000,56000,61000,77000,97000,97000,93367,0,6200.0,10627.32714811545,3.937389003112912,97212.06391199667,5786.1381216061345
1783312082,4000,,Aggregated,426.700000,0.000000,6200,7400,10000,11000,19000,43000,56000,61000,77000,97000,97000,93809,0,6200.0,10607.89314522483,3.937389003112912,97212.06391199667,5781.944941316931
1783312083,4000,,Aggregated,423.100000,0.000000,6200,7400,10000,11000,19000,43000,56000,61000,77000,97000,97000,94206,0,6200.0,10592.138257218312,3.937389003112912,97212.06391199667,5782.375878394158
1783312085,4000,,Aggregated,423.100000,0.000000,6200,7400,10000,11000,18000,43000,56000,61000,77000,97000,97000,94423,0,6200.0,10583.396113753213,3.937389003112912,97212.06391199667,5781.557745464558
1783312086,4000,,Aggregated,430.700000,0.000000,6200,7400,10000,11000,17000,43000,56000,61000,77000,97000,97000,95518,0,6200.0,10555.912567786345,3.937389003112912,97212.06391199667,5775.625054963462
1783312087,4000,,Aggregated,377.700000,0.000000,6200,7400,10000,11000,17000,43000,56000,61000,77000,97000,97000,96166,0,6200.0,10535.958852271891,3.937389003112912,97212.06391199667,5781.232213048271
1783312088,4000,,Aggregated,346.000000,0.000000,6200,7400,10000,11000,17000,43000,56000,61000,77000,97000,97000,96630,0,6200.0,10519.658351576498,3.937389003112912,97212.06391199667,5780.824495498293
1783312089,4000,,Aggregated,426.300000,0.000000,6200,7400,10000,11000,17000,43000,56000,61000,77000,97000,97000,97322,0,6200.0,10500.153400599384,3.937389003112912,97212.06391199667,5809.126703109267
1783312090,4000,,Aggregated,410.900000,0.000000,6200,7400,10000,11000,17000,43000,56000,61000,77000,97000,97000,97636,0,6200.0,10482.297806291295,3.937389003112912,97212.06391199667,5800.059895940022
1783312091,4000,,Aggregated,421.600000,0.000000,6200,7400,10000,11000,17000,42000,56000,61000,77000,97000,97000,98031,0,6200.0,10464.725101434742,3.937389003112912,97212.06391199667,5798.468188634208
1783312092,4000,,Aggregated,451.800000,0.000000,6200,7400,10000,11000,16000,42000,56000,61000,77000,97000,97000,98472,0,6200.0,10443.991164174564,3.937389003112912,97212.06391199667,5795.79360630433
1783312093,4000,,Aggregated,441.600000,0.000000,6200,7400,10000,11000,16000,42000,56000,61000,77000,97000,97000,98881,0,6200.0,10424.599334449435,3.937389003112912,97212.06391199667,5789.403677147278
1783312094,4000,,Aggregated,439.900000,0.000000,6200,7300,10000,11000,16000,42000,56000,61000,74000,97000,97000,99325,0,6200.0,10405.198075511322,3.937389003112912,97212.06391199667,5784.28331235842
1783312095,4000,,Aggregated,438.600000,0.000000,6200,7300,10000,11000,16000,42000,56000,61000,74000,97000,97000,99693,0,6200.0,10389.940043414372,3.937389003112912,97212.06391199667,5779.595648641329
1783312098,4000,,Aggregated,521.600000,0.000000,6200,7300,10000,11000,16000,42000,56000,61000,74000,97000,97000,99755,0,6200.0,10387.62335831605,3.937389003112912,97212.06391199667,5778.5248358478275
1783312099,4000,,Aggregated,395.400000,0.000000,6200,7400,10000,11000,15000,41000,55000,61000,74000,97000,97000,100952,0,6200.0,10362.526484804737,3.937389003112912,97212.06391199667,5771.117828274823
1783312100,4000,,Aggregated,352.200000,0.000000,6200,7400,10000,11000,14000,41000,55000,61000,74000,97000,97000,101658,0,6200.0,10342.311264017353,3.937389003112912,97212.06391199667,5774.118180566212
1783312101,4000,,Aggregated,389.200000,0.000000,6200,7400,10000,11000,14000,41000,55000,61000,74000,97000,97000,102180,0,6200.0,10328.339000995124,3.937389003112912,97212.06391199667,5781.23951849677
1783312102,4000,,Aggregated,404.900000,0.000000,6200,7400,10000,11000,14000,41000,55000,61000,74000,97000,97000,102890,0,6200.0,10304.819837714896,3.937389003112912,97212.06391199667,5801.265322188745
1783312103,4000,,Aggregated,420.500000,0.000000,6200,7400,10000,11000,14000,41000,55000,61000,74000,97000,97000,103245,0,6200.0,10287.59336742771,3.937389003112912,97212.06391199667,5795.8580367088
1783312104,4000,,Aggregated,452.000000,0.000000,6200,7400,10000,11000,14000,41000,55000,61000,74000,97000,97000,103639,0,6200.0,10268.669988323489,3.937389003112912,97212.06391199667,5792.3615530832985
1783312105,4000,,Aggregated,450.900000,0.000000,6200,7300,10000,11000,14000,40000,55000,61000,74000,97000,97000,104100,0,6200.0,10245.883213150579,3.937389003112912,97212.06391199667,5784.663842459174
1783312106,4000,,Aggregated,447.100000,0.000000,6200,7300,10000,11000,13000,40000,55000,61000,74000,97000,97000,104511,0,6200.0,10227.894957528668,3.937389003112912,97212.06391199667,5782.790079513161
1783312107,4000,,Aggregated,444.600000,0.000000,6200,7300,10000,11000,13000,40000,55000,61000,74000,97000,97000,104821,0,6200.0,10214.02631375632,3.937389003112912,97212.06391199667,5777.253956745309
1783312110,4000,,Aggregated,523.000000,0.000000,6200,7300,10000,11000,13000,40000,55000,61000,74000,97000,97000,105102,0,6200.0,10203.754888536421,3.937389003112912,97212.06391199667,5776.354446157066
1783312111,4000,,Aggregated,451.900000,0.000000,6200,7300,10000,11000,13000,40000,55000,60000,74000,97000,97000,106156,0,6200.0,10180.385025731957,3.937389003112912,97212.06391199667,5767.16106484796
1783312112,4000,,Aggregated,367.300000,0.000000,6200,7300,10000,11000,13000,40000,55000,60000,74000,97000,97000,106849,0,6200.0,10162.737890075072,3.937389003112912,97212.06391199667,5771.481080777546
1783312113,4000,,Aggregated,392.100000,0.000000,6200,7300,10000,11000,13000,40000,55000,60000,74000,97000,97000,107350,0,6200.0,10148.69193606331,3.937389003112912,97212.06391199667,5770.620940847694
1783312114,4000,,Aggregated,403.600000,0.000000,6200,7300,10000,11000,13000,39000,55000,60000,74000,97000,97000,108121,0,6200.0,10130.658828673417,3.937389003112912,97212.06391199667,5798.465469242793
1783312115,4000,,Aggregated,409.600000,0.000000,6200,7300,10000,11000,13000,39000,55000,60000,74000,97000,97000,108568,0,6200.0,10111.05547664232,3.937389003112912,97212.06391199667,5794.826348463635
1783312116,4000,,Aggregated,443.900000,0.000000,6200,7300,10000,11000,13000,39000,55000,60000,74000,97000,97000,109014,0,6200.0,10091.177959166365,3.937389003112912,97212.06391199667,5792.682728823821
1783312117,4000,,Aggregated,453.100000,0.000000,6200,7300,10000,11000,13000,39000,55000,60000,74000,97000,97000,109518,0,6200.0,10067.625934328875,3.937389003112912,97212.06391199667,5788.711828192626
1783312118,4000,,Aggregated,451.800000,0.000000,6200,7300,10000,11000,13000,39000,54000,60000,74000,97000,97000,109902,0,6200.0,10050.76535071672,3.937389003112912,97212.06391199667,5786.098032792852
1783312119,4000,,Aggregated,467.300000,0.000000,6200,7300,10000,11000,13000,39000,54000,60000,74000,97000,97000,110296,0,6200.0,10034.755595874767,3.937389003112912,97212.06391199667,5784.507198810474
1783312120,4000,,Aggregated,478.000000,0.000000,6200,7300,10000,11000,13000,39000,54000,60000,74000,97000,97000,110657,0,6200.0,10020.647560000718,3.937389003112912,97212.06391199667,5780.425287148576
1783312122,4000,,Aggregated,539.000000,0.000000,6200,7300,10000,11000,13000,39000,54000,60000,74000,97000,97000,110804,0,6200.0,10015.422996404774,3.937389003112912,97212.06391199667,5779.407395039891
1783312124,4000,,Aggregated,499.600000,0.000000,6200,7300,10000,11000,13000,38000,54000,60000,73000,97000,97000,111968,0,6200.0,9992.887207061643,3.937389003112912,97212.06391199667,5778.167610388682
1783312125,4000,,Aggregated,367.900000,0.000000,6200,7300,10000,11000,13000,37000,54000,60000,73000,97000,97000,112389,0,6200.0,9982.849652202782,3.937389003112912,97212.06391199667,5777.41633967737
1783312126,4000,,Aggregated,411.800000,0.000000,6200,7300,10000,11000,13000,37000,54000,60000,73000,97000,97000,112887,0,6200.0,9972.359061803703,3.937389003112912,97212.06391199667,5777.391010479506
1783312127,4000,,Aggregated,403.300000,0.000000,6200,7300,10000,11000,13000,37000,54000,60000,73000,97000,97000,113543,0,6200.0,9964.135762437725,3.937389003112912,97212.06391199667,5803.5216349752955
1783312128,4000,,Aggregated,403.200000,0.000000,6200,7300,10000,11000,12000,37000,54000,60000,73000,97000,97000,113931,0,6200.0,9949.497983845178,3.937389003112912,97212.06391199667,5793.811763260219
1783312129,4000,,Aggregated,413.300000,0.000000,6200,7300,10000,11000,12000,37000,54000,60000,73000,97000,97000,114348,0,6200.0,9936.50336585101,3.937389003112912,97212.06391199667,5792.556975198517
1783312130,4000,,Aggregated,410.100000,0.000000,6200,7300,10000,11000,12000,37000,54000,60000,73000,97000,97000,114859,0,6200.0,9918.487531050388,3.937389003112912,97212.06391199667,5790.209787652687
1783312131,4000,,Aggregated,418.800000,0.000000,6200,7300,10000,11000,12000,37000,54000,60000,73000,97000,97000,115295,0,6200.0,9903.055505735458,3.937389003112912,97212.06391199667,5786.2361507437445
1783312132,4000,,Aggregated,429.100000,0.000000,6200,7300,10000,11000,12000,37000,54000,60000,73000,97000,97000,115687,0,6200.0,9890.499371899092,3.937389003112912,97212.06391199667,5784.646243743895
1783312133,4000,,Aggregated,443.000000,0.000000,6200,7300,10000,11000,12000,36000,54000,60000,73000,97000,97000,116107,0,6200.0,9878.191176173457,3.937389003112912,97212.06391199667,5786.2377462168515
1783312134,4000,,Aggregated,482.200000,0.000000,6200,7200,10000,11000,12000,36000,54000,60000,73000,97000,97000,116476,0,6200.0,9867.653235843818,3.937389003112912,97212.06391199667,5786.030778872901
1783312136,4000,,Aggregated,443.000000,0.000000,6200,7200,10000,11000,12000,36000,54000,60000,73000,97000,97000,116545,0,6200.0,9865.859876184659,3.937389003112912,97212.06391199667,5786.008031232571
1783312137,4000,,Aggregated,416.700000,0.000000,6200,7300,10000,11000,12000,36000,54000,60000,73000,97000,97000,117919,0,6200.0,9847.695588428178,3.937389003112912,97212.06391199667,5788.713294719257
1783312138,4000,,Aggregated,369.700000,0.000000,6200,7300,10000,11000,12000,36000,54000,60000,73000,97000,97000,118714,0,6200.0,9830.716286311981,3.937389003112912,97212.06391199667,5793.277305119868
1783312140,4000,,Aggregated,317.600000,0.000000,6200,7300,10000,11000,12000,36000,54000,60000,71000,97000,97000,119463,0,6200.0,9816.308522443785,3.937389003112912,97212.06391199667,5825.737701212928
1783312141,4000,,Aggregated,443.500000,0.000000,6200,7300,10000,11000,12000,36000,54000,60000,71000,97000,97000,119865,0,6200.0,9798.230981862876,3.937389003112912,97212.06391199667,5817.648554623952
1783312142,4000,,Aggregated,468.200000,0.000000,6200,7300,10000,11000,12000,36000,54000,60000,70000,97000,97000,120259,0,6200.0,9783.736789039636,3.937389003112912,97212.06391199667,5818.5530646354955
1783312143,4000,,Aggregated,458.100000,0.000000,6200,7300,10000,11000,12000,36000,54000,60000,70000,97000,97000,120772,0,6200.0,9764.192774624458,3.937389003112912,97212.06391199667,5822.603865134302
1783312144,4000,,Aggregated,459.500000,0.000000,6200,7300,10000,11000,12000,36000,54000,60000,70000,97000,97000,121224,0,6200.0,9743.566210812367,3.937389003112912,97212.06391199667,5813.543184517917
1783312145,4000,,Aggregated,471.200000,0.000000,6200,7200,10000,11000,12000,36000,54000,60000,70000,97000,97000,121648,0,6200.0,9725.950691961883,3.937389003112912,97212.06391199667,5806.457196172563
1783312146,4000,,Aggregated,478.500000,0.000000,6200,7200,9900,11000,12000,36000,54000,60000,70000,97000,97000,122012,0,6200.0,9713.209780296447,3.937389003112912,97212.06391199667,5801.71954397928
1783312149,4000,,Aggregated,573.500000,0.000000,6200,7200,9900,11000,12000,36000,54000,60000,70000,97000,97000,122370,0,6200.0,9702.576876586612,3.937389003112912,97212.06391199667,5797.296101985781
1783312150,4000,,Aggregated,443.500000,0.000000,6200,7300,9900,11000,12000,35000,54000,60000,70000,97000,97000,123603,0,6200.0,9687.747968333873,3.937389003112912,97212.06391199667,5795.596182940543
1783312151,4000,,Aggregated,364.000000,0.000000,6200,7300,9900,11000,12000,35000,54000,60000,70000,97000,97000,124143,0,6200.0,9677.672414743785,3.937389003112912,97212.06391199667,5793.783193575151
1783312152,4000,,Aggregated,352.300000,0.000000,6200,7300,9900,11000,12000,35000,53000,60000,70000,97000,97000,124589,0,6200.0,9669.756097111189,3.937389003112912,97212.06391199667,5791.548587756543
1783312153,4000,,Aggregated,404.200000,0.000000,6200,7300,9900,11000,12000,35000,53000,60000,70000,97000,97000,125320,0,6200.0,9663.425624308355,3.937389003112912,97212.06391199667,5818.75886530482
1783312154,4000,,Aggregated,407.700000,0.000000,6200,7300,9900,11000,12000,35000,53000,60000,70000,97000,97000,125676,0,6200.0,9650.022610030905,3.937389003112912,97212.06391199667,5808.320817021548
1783312155,4000,,Aggregated,400.900000,0.000000,6200,7300,9900,11000,12000,34000,53000,60000,70000,97000,97000,126005,0,6200.0,9641.240773488349,3.937389003112912,97212.06391199667,5807.706019602397
1783312156,4000,,Aggregated,428.900000,0.000000,6200,7300,9900,11000,12000,34000,53000,60000,70000,97000,97000,126441,0,6200.0,9627.797661212768,3.937389003112912,97212.06391199667,5804.335002095839
1783312157,4000,,Aggregated,415.900000,0.000000,6200,7200,9900,11000,12000,34000,53000,60000,70000,97000,97000,126878,0,6200.0,9613.915219273556,3.937389003112912,97212.06391199667,5797.6935954223745
1783312158,4000,,Aggregated,418.500000,0.000000,6200,7200,9900,11000,12000,33000,53000,60000,70000,97000,97000,127294,0,6200.0,9603.053896407624,3.937389003112912,97212.06391199667,5794.86927899194
1783312159,4000,,Aggregated,423.700000,0.000000,6200,7200,9900,11000,12000,33000,53000,60000,70000,97000,97000,127655,0,6200.0,9593.528016897637,3.937389003112912,97212.06391199667,5790.929395636677
1783312160,4000,,Aggregated,469.500000,0.000000,6200,7200,9900,11000,12000,33000,53000,60000,70000,97000,97000,128044,0,6200.0,9585.062187386513,3.937389003112912,97212.06391199667,5788.121770641342
1783312161,4000,,Aggregated,504.000000,0.000000,6200,7200,9900,11000,12000,33000,53000,59000,70000,97000,97000,128435,0,6200.0,9577.233019885758,3.937389003112912,97212.06391199667,5785.390454315412
1783312164,4000,,Aggregated,477.300000,0.000000,6200,7200,9900,11000,12000,33000,53000,59000,70000,97000,97000,128698,0,6200.0,9572.176537240577,3.937389003112912,97212.06391199667,5783.291473060965
1783312166,4000,,Aggregated,394.800000,0.000000,6200,7300,9900,11000,12000,33000,53000,59000,70000,97000,97000,130182,0,6200.0,9564.289102182183,3.937389003112912,97212.06391199667,5786.572775038024
1783312167,4000,,Aggregated,292.700000,0.000000,6200,7300,9900,11000,12000,33000,53000,59000,70000,97000,97000,130841,0,6200.0,9553.59735961722,3.937389003112912,97212.06391199667,5785.829640556095
1783312168,4000,,Aggregated,403.100000,0.000000,6200,7300,9900,11000,12000,33000,53000,59000,70000,97000,97000,131544,0,6200.0,9547.357034015273,3.937389003112912,97212.06391199667,5818.588920817369
1783312169,4000,,Aggregated,422.700000,0.000000,6200,7300,9900,11000,12000,33000,53000,59000,70000,97000,97000,131920,0,6200.0,9532.595547473891,3.937389003112912,97212.06391199667,5807.848127653123
1783312170,4000,,Aggregated,444.900000,0.000000,6200,7300,9900,11000,12000,33000,53000,59000,70000,97000,97000,132269,0,6200.0,9521.477466611947,3.937389003112912,97212.06391199667,5804.424173464682
1783312171,4000,,Aggregated,448.000000,0.000000,6200,7300,9900,11000,12000,33000,53000,59000,70000,97000,97000,132685,0,6200.0,9508.062417665193,3.937389003112912,97212.06391199667,5802.062177337302
1783312172,4000,,Aggregated,445.000000,0.000000,6200,7200,9900,11000,12000,33000,53000,59000,70000,97000,97000,133142,0,6200.0,9493.83391527014,3.937389003112912,97212.06391199667,5799.963715431644
1783312173,4000,,Aggregated,447.000000,0.000000,6200,7200,9800,11000,12000,33000,53000,59000,70000,97000,97000,133506,0,6200.0,9481.444255236167,3.937389003112912,97212.06391199667,5791.029833865145
1783312174,4000,,Aggregated,452.300000,0.000000,6200,7200,9800,11000,12000,32000,53000,59000,70000,97000,97000,133921,0,6200.0,9469.690837831407,3.937389003112912,97212.06391199667,5784.036842616169
1783312175,4000,,Aggregated,473.800000,0.000000,6200,7200,9800,11000,12000,32000,53000,59000,69000,97000,97000,134256,0,6200.0,9461.800272702345,3.937389003112912,97212.06391199667,5779.782289059707
1783312176,4000,,Aggregated,516.200000,0.000000,6200,7200,9800,11000,12000,32000,53000,59000,69000,97000,97000,134636,0,6200.0,9454.766700629669,3.937389003112912,97212.06391199667,5778.10287738792
1783312179,4000,,Aggregated,516.200000,0.000000,6200,7200,9800,11000,12000,32000,53000,59000,69000,97000,97000,134785,0,6200.0,9452.34976172957,3.937389003112912,97212.06391199667,5778.549460251512
1783312180,4000,,Aggregated,328.700000,0.000000,6200,7300,9800,11000,12000,32000,53000,59000,69000,97000,97000,136135,0,6200.0,9448.835160606972,3.937389003112912,97212.06391199667,5779.178587431594
1783312181,4000,,Aggregated,291.100000,0.000000,6200,7300,9800,11000,12000,31000,53000,59000,69000,97000,97000,136726,0,6200.0,9442.151851721113,3.937389003112912,97212.06391199667,5778.792943551336
1783312182,4000,,Aggregated,354.000000,0.000000,6200,7300,9800,11000,12000,31000,53000,59000,69000,97000,97000,137192,0,6200.0,9437.456542879194,3.937389003112912,97212.06391199667,5779.766327482652
1783312183,4000,,Aggregated,392.000000,0.000000,6200,7300,9800,11000,12000,31000,53000,59000,69000,97000,97000,137870,0,6200.0,9432.980945258156,3.937389003112912,97212.06391199667,5804.776840501922
1783312184,4000,,Aggregated,388.600000,0.000000,6200,7300,9800,11000,12000,31000,53000,59000,69000,97000,97000,138277,0,6200.0,9421.1825362285,3.937389003112912,97212.06391199667,5799.474106322816
1783312185,4000,,Aggregated,420.200000,0.000000,6200,7300,9800,11000,12000,30000,52000,59000,69000,97000,97000,138597,0,6200.0,9412.867775506982,3.937389003112912,97212.06391199667,5798.506872443127
1783312186,4000,,Aggregated,420.400000,0.000000,6200,7300,9800,11000,12000,30000,52000,59000,69000,97000,97000,139030,0,6200.0,9400.14059602189,3.937389003112912,97212.06391199667,5792.758555707402
1783312187,4000,,Aggregated,424.700000,0.000000,6200,7300,9800,11000,12000,30000,52000,59000,69000,97000,97000,139546,0,6200.0,9388.204856118613,3.937389003112912,97212.06391199667,5793.934415891534
1783312188,4000,,Aggregated,420.900000,0.000000,6200,7300,9800,11000,12000,30000,52000,59000,69000,97000,97000,139959,0,6200.0,9376.73730449179,3.937389003112912,97212.06391199667,5788.503083045749
1783312189,4000,,Aggregated,442.900000,0.000000,6200,7200,9800,11000,12000,30000,52000,59000,69000,97000,97000,140313,0,6200.0,9367.762728405578,3.937389003112912,97212.06391199667,5782.131805320961
1783312190,4000,,Aggregated,497.400000,0.000000,6200,7200,9800,11000,12000,30000,52000,59000,69000,97000,97000,140655,0,6200.0,9361.623882941802,3.937389003112912,97212.06391199667,5781.00790586897
1783312191,4000,,Aggregated,530.100000,0.000000,6200,7200,9800,11000,12000,30000,52000,59000,69000,97000,97000,140968,0,6200.0,9356.34211718035,3.937389003112912,97212.06391199667,5777.8980406900855
1783312194,4000,,Aggregated,411.800000,0.000000,6200,7200,9800,10000,12000,30000,52000,59000,69000,97000,97000,141098,0,6200.0,9354.536073817098,3.937389003112912,97212.06391199667,5777.902627960708
1783312196,4000,,Aggregated,345.700000,0.000000,6200,7300,9800,11000,12000,30000,52000,59000,69000,97000,97000,142808,0,6200.0,9351.486019777538,3.937389003112912,97212.06391199667,5781.255945045095
1783312197,4000,,Aggregated,274.500000,0.000000,6200,7300,9800,11000,12000,30000,52000,59000,69000,97000,97000,143420,0,6200.0,9343.102886935862,3.937389003112912,97212.06391199667,5779.310605215451
1783312198,4000,,Aggregated,402.100000,0.000000,6200,7300,9800,11000,12000,30000,52000,59000,69000,97000,97000,144171,0,6200.0,9340.182177139694,3.937389003112912,97212.06391199667,5815.595265344626
1783312199,4000,,Aggregated,418.300000,0.000000,6200,7300,9800,11000,12000,30000,52000,59000,69000,97000,97000,144516,0,6200.0,9328.38640364268,3.937389003112912,97212.06391199667,5806.892620886269
1783312200,4000,,Aggregated,433.500000,0.000000,6200,7300,9800,11000,12000,30000,52000,59000,69000,97000,97000,144904,0,6200.0,9317.225436752611,3.937389003112912,97212.06391199667,5804.7139761497265
1783312201,4000,,Aggregated,435.700000,0.000000,6200,7300,9800,10000,12000,29000,51000,59000,69000,97000,97000,145300,0,6200.0,9304.626440612961,3.937389003112912,97212.06391199667,5800.601851342051
1783312202,4000,,Aggregated,435.900000,0.000000,6200,7300,9800,10000,12000,29000,51000,59000,69000,97000,97000,145746,0,6200.0,9292.061616977995,3.937389003112912,97212.06391199667,5798.608675366734
1783312203,4000,,Aggregated,444.400000,0.000000,6200,7300,9700,10000,12000,29000,51000,59000,69000,97000,97000,146206,0,6200.0,9278.346953416542,3.937389003112912,97212.06391199667,5789.161409244491
1783312204,4000,,Aggregated,456.100000,0.000000,6200,7300,9700,10000,12000,29000,51000,59000,69000,97000,97000,146599,0,6200.0,9268.292171379819,3.937389003112912,97212.06391199667,5782.6564574110325
1783312205,4000,,Aggregated,502.000000,0.000000,6200,7300,9700,10000,12000,29000,51000,59000,69000,97000,97000,146929,0,6200.0,9261.906757284434,3.937389003112912,97212.06391199667,5781.127959762879
1783312206,4000,,Aggregated,541.300000,0.000000,6200,7200,9700,10000,12000,29000,51000,59000,69000,97000,97000,147231,0,6200.0,9257.168041062752,3.937389003112912,97212.06391199667,5780.09293559101
1783312209,4000,,Aggregated,413.900000,0.000000,6200,7200,9700,10000,12000,29000,51000,59000,69000,97000,97000,147622,0,6200.0,9251.622431440685,3.937389003112912,97212.06391199667,5779.132778312176
1783312210,4000,,Aggregated,352.400000,0.000000,6200,7300,9700,10000,12000,29000,51000,59000,69000,97000,97000,148919,0,6200.0,9249.933447744927,3.937389003112912,97212.06391199667,5780.214123113908
1783312211,4000,,Aggregated,317.500000,0.000000,6200,7300,9700,10000,12000,28000,51000,59000,69000,97000,97000,149409,0,6200.0,9246.068394518055,3.937389003112912,97212.06391199667,5780.137983655603
1783312212,4000,,Aggregated,284.100000,0.000000,6200,7300,9700,10000,12000,28000,51000,59000,69000,97000,97000,149902,0,6200.0,9243.671764381323,3.937389003112912,97212.06391199667,5783.402809835759
1783312213,4000,,Aggregated,378.900000,0.000000,6300,7300,9700,10000,12000,28000,51000,59000,69000,97000,97000,150647,0,6300.0,9240.918710120583,3.937389003112912,97212.06391199667,5806.369473006433
1783312214,4000,,Aggregated,380.100000,0.000000,6200,7300,9700,10000,12000,28000,51000,59000,69000,97000,97000,150977,0,6200.0,9231.81737926027,3.937389003112912,97212.06391199667,5800.427866496221
1783312215,4000,,Aggregated,382.000000,0.000000,6200,7300,9700,10000,12000,28000,51000,59000,69000,97000,97000,151301,0,6200.0,9225.394468363871,3.937389003112912,97212.06391199667,5799.709142702295
1783312216,4000,,Aggregated,415.700000,0.000000,6200,7300,9700,10000,12000,28000,51000,59000,69000,97000,97000,151713,0,6200.0,9216.015575061201,3.937389003112912,97212.06391199667,5796.901887115804
1783312217,4000,,Aggregated,411.300000,0.000000,6200,7300,9700,10000,12000,28000,51000,59000,69000,97000,97000,152127,0,6200.0,9206.76065069683,3.937389003112912,97212.06391199667,5792.332853471113
1783312218,4000,,Aggregated,416.700000,0.000000,6200,7300,9700,10000,12000,27000,51000,59000,69000,97000,97000,152541,0,6200.0,9198.485241084234,3.937389003112912,97212.06391199667,5789.399020591185
1783312219,4000,,Aggregated,419.000000,0.000000,6200,7300,9700,10000,12000,27000,51000,59000,69000,97000,97000,152903,0,6200.0,9191.61652448215,3.937389003112912,97212.06391199667,5787.1745812704785
1783312220,4000,,Aggregated,452.600000,0.000000,6200,7300,9700,10000,12000,27000,51000,59000,69000,97000,97000,153259,0,6200.0,9185.769110527632,3.937389003112912,97212.06391199667,5784.561520041238
1783312221,4000,,Aggregated,492.800000,0.000000,6200,7300,9700,10000,12000,27000,51000,59000,69000,97000,97000,153708,0,6200.0,9179.437176098318,3.937389003112912,97212.06391199667,5783.553614645952
1783312223,4000,,Aggregated,426.100000,0.000000,6200,7300,9700,10000,12000,27000,51000,59000,69000,97000,97000,154149,0,6200.0,9173.997156070762,3.937389003112912,97212.06391199667,5783.020609929354
1783312226,4000,,Aggregated,390.600000,0.000000,6200,7300,9700,10000,12000,27000,51000,59000,69000,97000,97000,154577,0,6200.0,9169.685337915964,3.937389003112912,97212.06391199667,5785.261494271464
1783312227,4000,,Aggregated,358.400000,0.000000,6200,7300,9700,10000,12000,26000,50000,59000,69000,97000,97000,156061,0,6200.0,9164.672556665497,3.937389003112912,97212.06391199667,5788.792420912336
1783312228,4000,,Aggregated,326.100000,0.000000,6200,7300,9700,10000,12000,26000,50000,59000,69000,97000,97000,156703,0,6200.0,9156.46434961947,3.937389003112912,97212.06391199667,5791.220110655188
1783312229,4000,,Aggregated,389.300000,0.000000,6200,7300,9700,10000,12000,26000,50000,59000,69000,97000,97000,157421,0,6200.0,9149.687826567853,3.937389003112912,97212.06391199667,5815.347329771758
1783312230,4000,,Aggregated,437.300000,0.000000,6200,7300,9700,10000,12000,26000,50000,59000,69000,97000,97000,157790,0,6200.0,9138.058977606092,3.937389003112912,97212.06391199667,5807.8241840420815
1783312231,4000,,Aggregated,454.000000,0.000000,6200,7300,9700,10000,12000,26000,50000,59000,69000,97000,97000,158144,0,6200.0,9128.706968097886,3.937389003112912,97212.06391199667,5803.19709252327
1783312232,4000,,Aggregated,471.200000,0.000000,6200,7300,9700,10000,12000,26000,50000,58000,69000,97000,97000,158553,0,6200.0,9118.190199563296,3.937389003112912,97212.06391199667,5799.603684572351
1783312233,4000,,Aggregated,470.400000,0.000000,6200,7300,9700,10000,12000,26000,50000,58000,69000,97000,97000,159002,0,6200.0,9106.959906162469,3.937389003112912,97212.06391199667,5795.847511352058
1783312234,4000,,Aggregated,459.400000,0.000000,6200,7300,9700,10000,12000,26000,50000,58000,69000,97000,97000,159461,0,6200.0,9095.166268922387,3.937389003112912,97212.06391199667,5788.350104414246
1783312235,4000,,Aggregated,464.700000,0.000000,6200,7300,9700,10000,12000,25000,50000,58000,69000,97000,97000,159840,0,6200.0,9087.228936458601,3.937389003112912,97212.06391199667,5784.6064502002
1783312236,4000,,Aggregated,465.300000,0.000000,6200,7300,9600,10000,12000,25000,50000,58000,69000,97000,97000,160228,0,6200.0,9080.51257152803,3.937389003112912,97212.06391199667,5782.009573857254
1783312237,4000,,Aggregated,505.200000,0.000000,6200,7200,9600,10000,12000,25000,50000,58000,69000,97000,97000,160558,0,6200.0,9075.50904907597,3.937389003112912,97212.06391199667,5779.329525778846
1783312238,4000,,Aggregated,544.000000,0.000000,6200,7200,9600,10000,12000,25000,50000,58000,69000,97000,97000,160984,0,6200.0,9070.124788142199,3.937389003112912,97212.06391199667,5778.918606818069
1783312241,4000,,Aggregated,474.500000,0.000000,6200,7200,9600,10000,12000,25000,50000,58000,69000,97000,97000,161391,0,6200.0,9065.406895023089,3.937389003112912,97212.06391199667,5779.81702821099
1783312243,4000,,Aggregated,341.900000,0.000000,6200,7300,9600,10000,12000,25000,50000,58000,69000,97000,97000,163035,0,6200.0,9060.707698451693,3.937389003112912,97212.06391199667,5783.641886711443
1783312244,4000,,Aggregated,308.900000,0.000000,6200,7300,9600,10000,12000,24000,50000,58000,69000,97000,97000,163763,0,6200.0,9053.118797280633,3.937389003112912,97212.06391199667,5789.255460635186
1783312245,4000,,Aggregated,413.500000,0.000000,6200,7300,9600,10000,12000,24000,50000,57000,69000,97000,97000,164463,0,6200.0,9043.245936139327,3.937389003112912,97212.06391199667,5810.3127937590825
1783312246,4000,,Aggregated,442.300000,0.000000,6200,7300,9600,10000,12000,24000,50000,57000,69000,97000,97000,164813,0,6200.0,9032.725587129826,3.937389003112912,97212.06391199667,5804.334597392196
1783312247,4000,,Aggregated,478.000000,0.000000,6200,7300,9600,10000,12000,24000,49000,57000,69000,97000,97000,165203,0,6200.0,9022.421630159064,3.937389003112912,97212.06391199667,5802.511346646247
1783312248,4000,,Aggregated,471.900000,0.000000,6200,7300,9600,10000,12000,24000,49000,57000,69000,97000,97000,165684,0,6200.0,9008.890276441278,3.937389003112912,97212.06391199667,5799.8806221481855
1783312249,4000,,Aggregated,474.400000,0.000000,6200,7300,9600,10000,12000,23000,49000,57000,69000,97000,97000,166088,0,6200.0,8997.504561949916,3.937389003112912,97212.06391199667,5794.5607449063145
1783312250,4000,,Aggregated,483.100000,0.000000,6200,7200,9600,10000,12000,23000,49000,57000,69000,97000,97000,166489,0,6200.0,8987.81701105002,3.937389003112912,97212.06391199667,5790.181789787914
1783312251,4000,,Aggregated,483.600000,0.000000,6200,7200,9600,10000,12000,23000,49000,57000,69000,97000,97000,166874,0,6200.0,8979.819845473488,3.937389003112912,97212.06391199667,5786.1802917171035
1783312252,4000,,Aggregated,501.900000,0.000000,6200,7200,9600,10000,12000,23000,49000,57000,69000,97000,97000,167219,0,6200.0,8974.240637247902,3.937389003112912,97212.06391199667,5785.43224753168
1783312253,4000,,Aggregated,540.300000,0.000000,6200,7200,9600,10000,12000,23000,49000,57000,69000,97000,97000,167570,0,6200.0,8969.470547323988,3.937389003112912,97212.06391199667,5783.902446738676
1783312254,4000,,Aggregated,574.600000,0.000000,6200,7200,9600,10000,12000,23000,49000,57000,69000,97000,97000,167991,0,6200.0,8964.686234979014,3.937389003112912,97212.06391199667,5782.957283425898
1783312257,4000,,Aggregated,385.100000,0.000000,6200,7200,9600,10000,12000,23000,49000,57000,69000,97000,97000,168349,0,6200.0,8961.704314349048,3.937389003112912,97212.06391199667,5784.47369452744
1783312259,4000,,Aggregated,361.300000,0.000000,6200,7300,9600,10000,12000,23000,49000,57000,69000,97000,97000,169993,0,6200.0,8960.997764413141,3.937389003112912,97212.06391199667,5786.176936697393
1783312260,4000,,Aggregated,296.900000,0.000000,6200,7300,9600,10000,12000,23000,49000,57000,69000,97000,97000,170655,0,6200.0,8955.28091626392,3.937389003112912,97212.06391199667,5789.947760100788
1783312261,4000,,Aggregated,399.300000,0.000000,6200,7300,9600,10000,12000,23000,49000,57000,69000,97000,97000,171425,0,6200.0,8948.875400470497,3.937389003112912,97212.06391199667,5813.804118419133
1783312262,4000,,Aggregated,423.400000,0.000000,6200,7300,9600,10000,12000,23000,49000,57000,69000,97000,97000,171795,0,6200.0,8938.758909162565,3.937389003112912,97212.06391199667,5808.251858319509
1783312263,4000,,Aggregated,458.800000,0.000000,6200,7300,9500,10000,12000,23000,49000,57000,69000,97000,97000,172202,0,6200.0,8929.04241444202,3.937389003112912,97212.06391199667,5806.476527566462
1783312264,4000,,Aggregated,458.100000,0.000000,6200,7300,9500,10000,12000,23000,49000,57000,69000,97000,97000,172682,0,6200.0,8917.030065210376,3.937389003112912,97212.06391199667,5804.32119734541
1783312265,4000,,Aggregated,469.500000,0.000000,6200,7300,9500,10000,12000,23000,49000,57000,69000,97000,97000,173115,0,6200.0,8905.513854771616,3.937389003112912,97212.06391199667,5798.23374635358
1783312266,4000,,Aggregated,477.900000,0.000000,6200,7200,9500,10000,12000,23000,49000,57000,69000,97000,97000,173501,0,6200.0,8896.527714362792,3.937389003112912,97212.06391199667,5792.711523276523
1783312267,4000,,Aggregated,481.100000,0.000000,6200,7200,9500,10000,12000,22000,49000,57000,69000,97000,97000,173897,0,6200.0,8888.80092309156,3.937389003112912,97212.06391199667,5788.699632541102
1783312268,4000,,Aggregated,509.300000,0.000000,6200,7200,9500,10000,12000,22000,49000,57000,69000,97000,97000,174183,0,6200.0,8884.662004987174,3.937389003112912,97212.06391199667,5787.229144061131
1783312269,4000,,Aggregated,550.400000,0.000000,6200,7200,9500,10000,12000,22000,49000,56000,69000,97000,97000,174573,0,6200.0,8879.767700454397,3.937389003112912,97212.06391199667,5784.832333751497
1783312270,4000,,Aggregated,558.000000,0.000000,6200,7200,9500,10000,12000,22000,49000,56000,69000,97000,97000,174959,0,6200.0,8875.73557064411,3.937389003112912,97212.06391199667,5784.388456724147
1783312271,4000,,Aggregated,448.500000,0.000000,6200,7200,9500,10000,12000,22000,49000,56000,69000,97000,97000,175300,0,6200.0,8873.116075201522,3.937389003112912,97212.06391199667,5784.946503137478
1783312274,4000,,Aggregated,448.500000,0.000000,6200,7200,9500,10000,12000,22000,49000,56000,69000,97000,97000,175435,0,6200.0,8872.135697651225,3.937389003112912,97212.06391199667,5785.010482514892
1783312275,4000,,Aggregated,328.200000,0.000000,6200,7300,9500,10000,12000,22000,49000,56000,69000,97000,97000,176831,0,6200.0,8881.752024922487,3.937389003112912,97212.06391199667,5787.3479706612525
1783312276,4000,,Aggregated,278.900000,0.000000,6200,7300,9500,10000,12000,21000,49000,56000,69000,97000,97000,178053,0,6200.0,8878.941814830827,3.937389003112912,97212.06391199667,5804.329901770821
1783312278,4000,,Aggregated,252.200000,0.000000,6200,7300,9500,10000,12000,21000,49000,56000,69000,97000,97000,178725,0,6200.0,8869.442407362307,3.937389003112912,97212.06391199667,5816.880889634914
1783312279,4000,,Aggregated,428.600000,0.000000,6200,7300,9500,10000,12000,21000,49000,56000,69000,97000,97000,179223,0,6200.0,8857.352664648528,3.937389003112912,97212.06391199667,5816.715594538648
1783312280,4000,,Aggregated,460.800000,0.000000,6200,7300,9500,10000,12000,21000,48000,56000,69000,97000,97000,179735,0,6200.0,8841.230382380048,3.937389003112912,97212.06391199667,5811.727560018917
1783312281,4000,,Aggregated,470.300000,0.000000,6200,7300,9500,10000,12000,20000,48000,56000,69000,97000,97000,180209,0,6200.0,8827.099730093389,3.937389003112912,97212.06391199667,5807.2898967310175
1783312282,4000,,Aggregated,479.900000,0.000000,6200,7300,9500,10000,12000,20000,48000,56000,69000,97000,97000,180637,0,6200.0,8815.227895447824,3.937389003112912,97212.06391199667,5800.750178534851
1783312283,4000,,Aggregated,490.400000,0.000000,6200,7300,9500,10000,12000,20000,48000,56000,69000,97000,97000,180999,0,6200.0,8806.519764858938,3.937389003112912,97212.06391199667,5796.044663230184
1783312284,4000,,Aggregated,515.400000,0.000000,6200,7300,9500,10000,12000,20000,48000,56000,69000,97000,97000,181330,0,6200.0,8799.568998820052,3.937389003112912,97212.06391199667,5791.7004853030385
1783312285,4000,,Aggregated,552.700000,0.000000,6200,7200,9400,10000,12000,20000,48000,56000,69000,97000,97000,181655,0,6200.0,8793.959052120035,3.937389003112912,97212.06391199667,5788.004332388318
1783312286,4000,,Aggregated,586.600000,0.000000,6200,7200,9400,10000,12000,20000,48000,56000,69000,97000,97000,182024,0,6200.0,8789.240746510284,3.937389003112912,97212.06391199667,5787.173202434844
1783312289,4000,,Aggregated,409.100000,0.000000,6200,7200,9400,10000,12000,20000,48000,56000,69000,97000,97000,182230,0,6200.0,8786.859254223005,3.937389003112912,97212.06391199667,5785.9573286506065
1783312290,4000,,Aggregated,350.400000,0.000000,6200,7300,9400,10000,12000,20000,48000,56000,69000,97000,97000,183745,0,6200.0,8785.74788822059,3.937389003112912,97212.06391199667,5784.84630330077
1783312291,4000,,Aggregated,304.800000,0.000000,6200,7300,9400,10000,12000,20000,48000,56000,69000,97000,97000,184503,0,6200.0,8781.580774801767,3.937389003112912,97212.06391199667,5788.793065695409
1783312292,4000,,Aggregated,355.500000,0.000000,6200,7300,9400,10000,12000,19000,48000,56000,69000,97000,97000,185267,0,6200.0,8778.815143928583,3.937389003112912,97212.06391199667,5811.187804627915
1783312293,4000,,Aggregated,415.500000,0.000000,6200,7300,9400,10000,12000,19000,48000,56000,69000,97000,97000,185616,0,6200.0,8770.161106367037,3.937389003112912,97212.06391199667,5804.239553702267
1783312294,4000,,Aggregated,430.100000,0.000000,6200,7300,9400,10000,12000,19000,48000,56000,69000,97000,97000,185946,0,6200.0,8764.228811302342,3.937389003112912,97212.06391199667,5804.401944650597
1783312295,4000,,Aggregated,447.700000,0.000000,6200,7300,9400,10000,12000,19000,48000,56000,69000,97000,97000,186401,0,6200.0,8754.601128466604,3.937389003112912,97212.06391199667,5801.336763214789
1783312296,4000,,Aggregated,447.000000,0.000000,6200,7300,9400,10000,12000,19000,48000,56000,69000,97000,97000,186838,0,6200.0,8745.617478321405,3.937389003112912,97212.06391199667,5799.5085475117485
1783312297,4000,,Aggregated,452.400000,0.000000,6200,7300,9400,10000,12000,19000,48000,56000,69000,97000,97000,187242,0,6200.0,8737.206206873134,3.937389003112912,97212.06391199667,5793.700724196495
1783312298,4000,,Aggregated,466.600000,0.000000,6200,7300,9400,10000,12000,19000,48000,56000,69000,97000,97000,187580,0,6200.0,8731.332291592853,3.937389003112912,97212.06391199667,5789.037109499946
1783312299,4000,,Aggregated,477.300000,0.000000,6200,7300,9400,10000,12000,19000,48000,56000,69000,97000,97000,187935,0,6200.0,8726.919377895169,3.937389003112912,97212.06391199667,5787.604921914492
1783312300,4000,,Aggregated,515.800000,0.000000,6200,7300,9400,10000,12000,19000,48000,56000,69000,97000,97000,188308,0,6200.0,8722.893987547037,3.937389003112912,97212.06391199667,5785.128353548442
1783312301,4000,,Aggregated,551.700000,0.000000,6200,7300,9400,10000,12000,19000,48000,56000,69000,97000,97000,188711,0,6200.0,8719.768629458045,3.937389003112912,97212.06391199667,5784.717303177875
1783312302,4000,,Aggregated,483.900000,0.000000,6200,7300,9400,10000,12000,18000,48000,56000,69000,97000,97000,189115,0,6200.0,8717.325617574987,3.937389003112912,97212.06391199667,5786.56262062766
1783312303,4000,,Aggregated,413.100000,0.000000,6200,7200,9400,10000,12000,18000,48000,56000,69000,97000,97000,189594,0,6200.0,8714.123208175959,3.937389003112912,97212.06391199667,5786.560708672216
1783312306,4000,,Aggregated,398.600000,0.000000,6200,7200,9400,10000,12000,18000,48000,56000,69000,97000,97000,189908,0,6200.0,8712.069830717057,3.937389003112912,97212.06391199667,5786.832271415633
1783312307,4000,,Aggregated,377.700000,0.000000,6200,7300,9400,10000,12000,17000,47000,56000,69000,97000,97000,191277,0,6200.0,8714.437818489254,3.937389003112912,97212.06391199667,5791.99186520073
1783312308,4000,,Aggregated,328.300000,0.000000,6200,7300,9400,10000,12000,17000,47000,56000,69000,97000,97000,191859,0,6200.0,8710.483919815026,3.937389003112912,97212.06391199667,5794.056968919884
1783312309,4000,,Aggregated,318.700000,0.000000,6200,7300,9400,10000,12000,17000,47000,56000,69000,97000,97000,192646,0,6200.0,8708.816438119484,3.937389003112912,97212.06391199667,5817.732255016974
1783312310,4000,,Aggregated,409.300000,0.000000,6200,7300,9400,10000,12000,17000,47000,56000,69000,97000,97000,193040,0,6200.0,8700.418617110934,3.937389003112912,97212.06391199667,5810.539820762537
1783312311,4000,,Aggregated,418.400000,0.000000,6200,7300,9400,10000,12000,17000,47000,56000,69000,97000,97000,193357,0,6200.0,8694.301136199185,3.937389003112912,97212.06391199667,5805.575407148435
1783312312,4000,,Aggregated,454.300000,0.000000,6200,7300,9400,10000,12000,17000,47000,56000,69000,97000,97000,193742,0,6200.0,8688.350038286484,3.937389003112912,97212.06391199667,5805.422427764759
1783312313,4000,,Aggregated,462.400000,0.000000,6200,7300,9400,10000,12000,17000,47000,56000,69000,97000,97000,194201,0,6200.0,8680.871881011222,3.937389003112912,97212.06391199667,5803.385904295034
1783312314,4000,,Aggregated,451.600000,0.000000,6200,7300,9400,10000,12000,17000,47000,56000,69000,97000,97000,194613,0,6200.0,8673.514209802748,3.937389003112912,97212.06391199667,5797.910427360967
1783312316,4000,,Aggregated,444.600000,0.000000,6200,7300,9400,10000,12000,17000,47000,56000,69000,97000,97000,194960,0,6200.0,8668.241619273489,3.937389003112912,97212.06391199667,5794.883991588018
1783312317,4000,,Aggregated,470.900000,0.000000,6200,7300,9400,10000,12000,17000,47000,56000,69000,97000,97000,195307,0,6200.0,8664.129354847619,3.937389003112912,97212.06391199667,5792.67401066014
1783312318,4000,,Aggregated,505.500000,0.000000,6200,7200,9300,10000,12000,17000,46000,56000,69000,97000,97000,195697,0,6200.0,8660.798080204939,3.937389003112912,97212.06391199667,5791.198924868547
1783312319,4000,,Aggregated,511.100000,0.000000,6200,7200,9300,10000,12000,17000,46000,56000,69000,97000,97000,196118,0,6200.0,8657.896810742679,3.937389003112912,97212.06391199667,5790.734353807402
1783312320,4000,,Aggregated,420.700000,0.000000,6200,7200,9300,10000,12000,16000,46000,56000,69000,97000,97000,196605,0,6200.0,8655.020885055785,3.937389003112912,97212.06391199667,5791.340352483406
1783312321,4000,,Aggregated,417.800000,0.000000,6200,7200,9400,10000,12000,16000,46000,56000,69000,97000,97000,197087,0,6200.0,8652.155233948064,3.937389003112912,97212.06391199667,5793.167332193397
1783312324,4000,,Aggregated,405.800000,0.000000,6200,7200,9400,10000,12000,16000,46000,56000,69000,97000,97000,197442,0,6200.0,8649.67354664231,3.937389003112912,97212.06391199667,5793.780882487009
1783312325,4000,,Aggregated,368.200000,0.000000,6200,7300,9400,10000,12000,16000,46000,56000,69000,97000,97000,198839,0,6200.0,8655.122120096617,3.937389003112912,97212.06391199667,5797.966751995333
1783312327,4000,,Aggregated,323.100000,0.000000,6200,7300,9400,10000,12000,15000,46000,56000,69000,97000,97000,200146,0,6200.0,8649.038025628332,3.937389003112912,97212.06391199667,5827.443476262329
1783312328,4000,,Aggregated,414.100000,0.000000,6200,7300,9400,10000,12000,15000,46000,56000,69000,97000,97000,200654,0,6200.0,8636.4700422989,3.937389003112912,97212.06391199667,5818.733865260598
1783312329,4000,,Aggregated,484.600000,0.000000,6200,7300,9300,10000,12000,15000,46000,55000,69000,97000,97000,201141,0,6200.0,8626.22985944551,3.937389003112912,97212.06391199667,5818.533914020513
1783312330,4000,,Aggregated,491.200000,0.000000,6200,7300,9300,10000,12000,15000,46000,55000,69000,97000,97000,201435,0,6200.0,8619.031591977053,3.937389003112912,97212.06391199667,5815.386913892819
1783312331,4000,,Aggregated,489.300000,0.000000,6200,7300,9300,10000,12000,15000,46000,55000,69000,97000,97000,201816,0,6200.0,8609.914505841942,3.937389003112912,97212.06391199667,5810.252462639236
1783312332,4000,,Aggregated,476.300000,0.000000,6200,7200,9300,10000,12000,15000,46000,55000,69000,97000,97000,202227,0,6200.0,8601.140848338762,3.937389003112912,97212.06391199667,5805.614650862644
1783312333,4000,,Aggregated,463.600000,0.000000,6200,7200,9300,10000,12000,15000,46000,55000,69000,97000,97000,202636,0,6200.0,8593.665283173024,3.937389003112912,97212.06391199667,5800.831846266211
1783312334,4000,,Aggregated,472.500000,0.000000,6200,7200,9300,10000,12000,15000,46000,55000,69000,97000,97000,202962,0,6200.0,8588.81698035645,3.937389003112912,97212.06391199667,5797.118376839014
1783312335,4000,,Aggregated,508.900000,0.000000,6200,7200,9300,10000,12000,15000,46000,55000,69000,97000,97000,203303,0,6200.0,8584.90720985761,3.937389003112912,97212.06391199667,5794.110416471965
1783312336,4000,,Aggregated,543.900000,0.000000,6200,7200,9300,10000,12000,15000,46000,55000,69000,97000,97000,203667,0,6200.0,8581.497035763176,3.937389003112912,97212.06391199667,5790.484187423588
1783312337,4000,,Aggregated,578.400000,0.000000,6200,7200,9300,10000,12000,15000,46000,55000,69000,97000,97000,203996,0,6200.0,8579.09708213359,3.937389003112912,97212.06391199667,5787.591815525795
1783312338,4000,,Aggregated,447.500000,0.000000,6200,7200,9300,10000,12000,15000,46000,55000,69000,97000,97000,204374,0,6200.0,8577.751047364158,3.937389003112912,97212.06391199667,5787.917313356885
1783312341,4000,,Aggregated,371.900000,0.000000,6200,7200,9300,10000,12000,15000,46000,55000,69000,97000,97000,204732,0,6200.0,8576.380162827814,3.937389003112912,97212.06391199667,5787.9693306371255
1783312343,4000,,Aggregated,337.600000,0.000000,6200,7300,9300,10000,12000,15000,46000,55000,69000,97000,97000,206117,0,6200.0,8586.0621919679,3.937389003112912,97212.06391199667,5792.162252507072
1783312344,4000,,Aggregated,257.300000,0.000000,6200,7300,9300,10000,12000,14000,46000,55000,69000,97000,97000,207233,0,6200.0,8585.248530204572,3.937389003112912,97212.06391199667,5803.3577470769615
1783312345,4000,,Aggregated,359.400000,0.000000,6200,7300,9300,10000,12000,14000,46000,55000,69000,97000,97000,207946,0,6200.0,8578.524563804056,3.937389003112912,97212.06391199667,5818.79644715455
1783312346,4000,,Aggregated,420.900000,0.000000,6200,7300,9300,10000,12000,14000,46000,55000,69000,97000,97000,208317,0,6200.0,8570.962586228725,3.937389003112912,97212.06391199667,5816.132845615096
1783312347,4000,,Aggregated,465.000000,0.000000,6200,7300,9300,10000,12000,14000,46000,55000,69000,97000,97000,208756,0,6200.0,8562.050602920415,3.937389003112912,97212.06391199667,5815.800456034796
