Timestamp,User Count,Type,Name,Requests/s,Failures/s,50%,66%,75%,80%,90%,95%,98%,99%,99.9%,99.99%,100%,Total Request Count,Total Failure Count,Total Median Response Time,Total Average Response Time,Total Min Response Time,Total Max Response Time,Total Average Content Size
1783309939,0,,Aggregated,0.000000,0.000000,N/A,N/A,N/A,N/A,N/A,N/A,N/A,N/A,N/A,N/A,N/A,0,0,0,0.0,0,0,0
1783309940,50,,Aggregated,0.000000,0.000000,32,69,150,380,710,840,860,960,960,960,960,55,0,32,169.03926107281058,3.559580000001006,960.9008289990015,4698.090909090909
1783309941,100,,Aggregated,0.000000,0.000000,39,75,200,460,730,860,1900,1900,1900,1900,1900,63,0,39,226.27560304739282,3.559580000001006,1879.1789209935814,4394.793650793651
1783309942,150,,Aggregated,0.000000,0.000000,200,960,2100,2100,2700,2700,2700,2700,2700,2700,2700,96,0,150.0,898.4448145098819,3.559580000001006,2733.9929830050096,3319.9375
1783309943,200,,Aggregated,29.500000,0.000000,730,1800,2100,2600,2700,3300,3300,3300,3300,3300,3300,137,0,730.0,1124.7388620577908,3.559580000001006,3309.8956260073464,2563.7737226277372
1783309944,250,,Aggregated,26.333333,0.000000,860,2100,2400,2700,3200,3300,3900,3900,3900,3900,3900,155,0,860.0,1312.6103575155514,3.559580000001006,3888.7617209984455,2463.3612903225808
1783309945,300,,Aggregated,25.750000,0.000000,1900,2300,2700,3200,4300,4500,4600,4600,4600,4600,4600,215,0,1900.0,1822.4534905436421,3.559580000001006,4611.160001004464,2256.3162790697675
1783309946,350,,Aggregated,29.200000,0.000000,1900,2400,2700,3300,4400,4500,4700,5400,5700,5700,5700,243,0,1900.0,1948.5544042670529,3.559580000001006,5707.546478006407,2243.9341563786006
1783309947,400,,Aggregated,27.333333,0.000000,2200,3000,4200,4300,4600,5600,5700,5700,6700,6700,6700,284,0,2100.0,2388.6434307036916,3.559580000001006,6725.682106000022,2101.323943661972
1783309948,450,,Aggregated,30.714286,0.000000,2500,3300,4200,4500,5700,6100,6700,6700,7000,7000,7000,326,0,2400.0,2672.7684683031102,3.559580000001006,7046.841395000229,2071.929447852761
1783309949,500,,Aggregated,30.375000,0.000000,2600,3800,4400,4500,5700,6100,6800,6800,7000,7000,7000,344,0,2600.0,2808.0115338250116,3.559580000001006,7046.841395000229,2007.6308139534883
1783309950,500,,Aggregated,34.111111,0.000000,3300,4500,4600,5700,7000,7400,7900,7900,8100,8100,8100,447,0,3300.0,3518.1845478248038,3.559580000001006,8136.168391996762,1857.2595078299776
1783309951,500,,Aggregated,32.600000,0.000000,3300,4500,5600,6100,7100,7400,7900,8000,8100,8100,8100,515,0,3300.0,3708.904289589568,3.559580000001006,8136.168391996762,1941.06213592233
1783309952,500,,Aggregated,37.600000,0.000000,3900,4600,5700,6700,7200,7800,8100,8700,9300,9300,9300,550,0,3900.0,3883.0942312102297,3.559580000001006,9303.960874007316,1945.5672727272727
1783309953,500,,Aggregated,42.700000,0.000000,3800,4600,6100,6800,7800,8400,9300,9600,10000,10000,10000,664,0,3800.0,4096.369698946752,3.559580000001006,9977.315886004362,1925.7349397590363
1783309954,500,,Aggregated,44.700000,0.000000,3900,4600,6100,6700,7800,8600,9300,9600,10000,10000,10000,813,0,3900.0,4213.530865096783,3.559580000001006,10042.115010990528,2112.1291512915127
1783309955,500,,Aggregated,47.000000,0.000000,3300,4400,5600,6200,7400,8400,9300,9600,10000,10000,10000,992,0,3300.0,3888.4430105389133,3.559580000001006,10042.115010990528,2240.360887096774
1783309956,500,,Aggregated,55.600000,0.000000,3000,4000,4600,6000,7400,8600,9600,10000,11000,11000,11000,1198,0,3000.0,3651.965199944708,3.559580000001006,10829.314560003695,2580.655258764608
1783309957,500,,Aggregated,68.000000,0.000000,2400,3500,4400,5600,7400,9000,10000,11000,12000,12000,12000,1519,0,2400.0,3340.780813742456,3.559580000001006,12061.05653900886,3196.98551678736
1783309958,500,,Aggregated,81.400000,0.000000,2200,3300,4400,5600,8000,10000,11000,11000,12000,12000,12000,1807,0,2200.0,3332.8432611099156,3.559580000001006,12471.69023299648,3686.3552850027672
1783309959,500,,Aggregated,105.700000,0.000000,2000,3100,4100,4600,8100,10000,11000,12000,12000,12000,12000,2120,0,2000.0,3194.955744966391,3.559580000001006,12471.69023299648,4284.197169811321
1783309960,500,,Aggregated,127.200000,0.000000,1700,2400,3300,4300,7800,10000,11000,12000,12000,12000,12000,2686,0,1700.0,2803.907962159245,3.559580000001006,12471.69023299648,5232.677215189873
1783309961,500,,Aggregated,151.600000,0.000000,1300,2000,2700,3500,6800,10000,11000,12000,12000,12000,12000,3291,0,1300.0,2380.1674842609236,3.559580000001006,12471.69023299648,6188.375265876633
1783309962,500,,Aggregated,184.500000,0.000000,1200,1800,2500,3200,6500,9700,11000,11000,12000,12000,12000,3575,0,1200.0,2206.9857921260605,2.9034210019744933,12471.69023299648,6339.936783216784
1783309963,500,,Aggregated,224.000000,0.000000,1000,1800,2300,3100,6200,9300,11000,11000,12000,12000,12000,3777,0,1000.0,2089.738904518569,2.9034210019744933,12471.69023299648,6287.067778660313
1783309964,500,,Aggregated,278.100000,0.000000,930,1700,2200,2800,6100,9100,11000,11000,12000,12000,12000,3987,0,930.0,1980.7582747323106,2.9034210019744933,12471.69023299648,6302.22623526461
1783309965,500,,Aggregated,301.000000,0.000000,840,1600,2100,2700,5600,8900,11000,11000,12000,12000,12000,4240,0,840.0,1864.3954387089,2.9034210019744933,12471.69023299648,6294.504952830189
1783309966,500,,Aggregated,308.400000,0.000000,750,1400,2000,2500,4600,8500,11000,11000,12000,12000,12000,4461,0,750.0,1772.7669118894091,2.9034210019744933,12471.69023299648,6304.7534185160275
1783309967,500,,Aggregated,315.900000,0.000000,670,1400,1900,2400,4600,8300,11000,11000,12000,12000,12000,4702,0,670.0,1682.7561691145258,2.9034210019744933,12471.69023299648,6298.398341131434
1783309968,500,,Aggregated,321.700000,0.000000,600,1300,1800,2200,4500,8000,11000,11000,12000,12000,12000,4938,0,600.0,1603.1900063518642,2.9034210019744933,12471.69023299648,6223.7519238558125
1783309969,500,,Aggregated,316.600000,0.000000,530,1200,1800,2200,4400,7900,11000,11000,12000,12000,12000,5158,0,530.0,1535.4517151856749,2.8698170062853023,12471.69023299648,6187.286157425358
1783309971,500,,Aggregated,309.600000,0.000000,470,1100,1700,2100,4300,7800,11000,11000,12000,12000,12000,5383,0,470.0,1472.086542641247,2.8698170062853023,12471.69023299648,6163.544120378971
1783309972,500,,Aggregated,309.600000,0.000000,420,1000,1600,2000,4100,7400,11000,11000,12000,12000,12000,5598,0,420.0,1416.2221970799824,2.8698170062853023,12471.69023299648,6140.66988210075
1783309973,500,,Aggregated,265.600000,0.000000,340,940,1500,1900,4000,7300,11000,11000,12000,12000,12000,5834,0,340.0,1359.9394797949335,2.8698170062853023,12471.69023299648,6142.422865958176
1783309974,500,,Aggregated,229.100000,0.000000,300,870,1400,1800,3800,7100,11000,11000,12000,12000,12000,6067,0,300.0,1308.5070104207568,2.8698170062853023,12471.69023299648,6160.216416680402
1783309975,500,,Aggregated,224.800000,0.000000,240,820,1400,1800,3600,7100,11000,11000,12000,12000,12000,6311,0,240.0,1258.4629778869848,2.8698170062853023,12471.69023299648,6130.037553478054
1783309976,500,,Aggregated,227.700000,0.000000,180,750,1300,1700,3500,6900,10000,11000,12000,12000,12000,6528,0,180.0,1217.3379275212487,2.8698170062853023,12471.69023299648,6101.788756127451
1783309977,500,,Aggregated,230.200000,0.000000,140,710,1300,1700,3300,6800,10000,11000,12000,12000,12000,6758,0,140.0,1176.3935980703807,2.8698170062853023,12471.69023299648,6148.664397750814
1783309978,500,,Aggregated,227.700000,0.000000,100,650,1200,1600,3300,6700,10000,11000,12000,12000,12000,6996,0,100,1137.041243542679,2.8698170062853023,12471.69023299648,6135.75328759291
1783309979,500,,Aggregated,228.500000,0.000000,85,610,1100,1600,3200,6400,10000,11000,12000,12000,12000,7218,0,85,1102.51404381568,2.8698170062853023,12471.69023299648,6098.4066223330565
1783309980,500,,Aggregated,228.200000,0.000000,73,550,1100,1500,3100,6200,10000,11000,12000,12000,12000,7447,0,73,1069.138599152232,2.8698170062853023,12471.69023299648,6074.286021216597
1783309981,500,,Aggregated,227.400000,0.000000,67,510,1000,1400,3000,6200,10000,11000,12000,12000,12000,7690,0,67,1036.9205585504224,2.8698170062853023,12471.69023299648,6046.198699609883
1783309982,500,,Aggregated,228.100000,0.000000,57,470,940,1400,2900,6100,10000,11000,12000,12000,12000,7915,0,57,1007.8726529184597,2.8698170062853023,12471.69023299648,6064.289197725837
1783309983,500,,Aggregated,229.700000,0.000000,48,440,890,1300,2700,5900,10000,11000,12000,12000,12000,8131,0,48,981.5610765922662,2.8698170062853023,12471.69023299648,6043.856598204403
1783309984,500,,Aggregated,229.900000,0.000000,38,390,860,1300,2700,5700,10000,11000,12000,12000,12000,8363,0,38,954.9315117245845,2.8698170062853023,12471.69023299648,6062.509027860816
1783309985,500,,Aggregated,228.600000,0.000000,27,340,810,1200,2600,5600,9900,11000,12000,12000,12000,8605,0,27,928.525225511778,2.8698170062853023,12471.69023299648,6034.502847181871
1783309986,500,,Aggregated,228.200000,0.000000,21,310,760,1200,2600,4700,9800,11000,12000,12000,12000,8814,0,21,906.8778699415367,2.8698170062853023,12471.69023299648,6043.871227592466
1783309987,500,,Aggregated,227.900000,0.000000,18,280,730,1100,2500,4600,9700,11000,12000,12000,12000,9047,0,18,883.971608747622,2.8698170062853023,12471.69023299648,6033.399027301868
1783309988,500,,Aggregated,226.600000,0.000000,16,240,690,1100,2400,4600,9500,11000,12000,12000,12000,9269,0,16,863.1241643831906,2.8698170062853023,12471.69023299648,6020.7787247815295
1783309989,500,,Aggregated,227.700000,0.000000,17,210,650,1000,2300,4600,9300,11000,12000,12000,12000,9510,0,17,843.148147240254,2.8698170062853023,12471.69023299648,6009.564668769716
1783309990,500,,Aggregated,225.800000,0.000000,16,180,620,990,2300,4500,9300,11000,12000,12000,12000,9726,0,16,824.7926130583768,2.8698170062853023,12471.69023299648,6016.267427513881
1783309991,500,,Aggregated,226.200000,0.000000,15,160,590,930,2200,4500,9100,11000,12000,12000,12000,9951,0,15,806.6331386778065,2.8698170062853023,12471.69023299648,5994.400964727163
1783309992,500,,Aggregated,227.500000,0.000000,14,140,540,890,2200,4400,9000,11000,12000,12000,12000,10195,0,14,787.7662898985683,2.8698170062853023,12471.69023299648,5973.732614026483
1783309993,500,,Aggregated,225.100000,0.000000,14,120,510,860,2100,4400,8900,11000,12000,12000,12000,10417,0,14,771.4662918577312,2.8698170062853023,12471.69023299648,5979.691753863876
1783309994,500,,Aggregated,225.900000,0.000000,14,110,480,830,2100,4300,8800,11000,12000,12000,12000,10634,0,14,756.0795175788845,2.8698170062853023,12471.69023299648,5982.757476020312
1783309995,500,,Aggregated,227.000000,0.000000,13,100,460,790,2100,4200,8700,11000,12000,12000,12000,10873,0,13,739.8123365942158,2.8698170062853023,12471.69023299648,5991.091143198749
1783309996,500,,Aggregated,227.000000,0.000000,13,95,430,750,2000,4100,8600,11000,12000,12000,12000,11116,0,13,724.0637955241053,2.8698170062853023,12471.69023299648,5998.794440446203
1783309997,500,,Aggregated,226.400000,0.000000,13,90,400,730,2000,4000,8400,11000,12000,12000,12000,11325,0,13,710.981150565466,2.8698170062853023,12471.69023299648,6005.268344370861
1783309998,500,,Aggregated,228.000000,0.000000,13,88,350,700,2000,4000,8400,11000,12000,12000,12000,11574,0,13,696.8247667547132,2.8698170062853023,12471.69023299648,6014.233972697425
1783309999,500,,Aggregated,226.500000,0.000000,13,85,330,660,1900,3900,8300,11000,12000,12000,12000,11785,0,13,684.6419698050059,2.8698170062853023,12471.69023299648,5995.2298684768775
1783310000,500,,Aggregated,227.500000,0.000000,13,82,310,640,1900,3900,8100,11000,12000,12000,12000,12014,0,13,671.931012721991,2.8698170062853023,12471.69023299648,6001.136840352921
1783310001,500,,Aggregated,226.600000,0.000000,12,77,290,610,1800,3800,8100,11000,12000,12000,12000,12241,0,12,659.6951077043551,2.8698170062853023,12471.69023299648,6002.089290090679
1783310002,500,,Aggregated,224.900000,0.000000,12,74,270,580,1800,3700,7900,11000,12000,12000,12000,12464,0,12,648.1612582038712,2.8698170062853023,12471.69023299648,5990.030166880616
1783310003,500,,Aggregated,226.900000,0.000000,12,70,240,550,1800,3600,7900,11000,12000,12000,12000,12687,0,12,637.0640754915229,2.8698170062853023,12471.69023299648,6006.896744699298
1783310004,500,,Aggregated,226.200000,0.000000,12,67,210,520,1800,3500,7900,10000,12000,12000,12000,12934,0,12,625.3881886820046,2.8698170062853023,12471.69023299648,6026.588912942631
1783310005,500,,Aggregated,225.400000,0.000000,12,65,190,500,1700,3500,7800,10000,12000,12000,12000,13158,0,12,615.0244311387935,2.8698170062853023,12471.69023299648,6012.24373005016
1783310006,500,,Aggregated,226.800000,0.000000,12,62,170,480,1700,3400,7800,10000,12000,12000,12000,13384,0,12,604.9045142337961,2.8698170062853023,12471.69023299648,6007.650552898984
1783310007,500,,Aggregated,225.300000,0.000000,12,59,160,460,1700,3300,7800,10000,12000,12000,12000,13598,0,12,595.6441500627409,2.8698170062853023,12471.69023299648,6012.683262244448
1783310008,500,,Aggregated,226.700000,0.000000,12,60,150,440,1600,3300,7700,10000,12000,12000,12000,13822,0,12,587.1166747111976,2.8698170062853023,12471.69023299648,6005.29612212415
1783310009,500,,Aggregated,225.400000,0.000000,12,57,140,410,1600,3300,7400,10000,12000,12000,12000,14063,0,12,577.3186302511682,2.8698170062853023,12471.69023299648,6018.377159923203
1783310010,500,,Aggregated,223.900000,0.000000,12,55,140,380,1600,3200,7300,10000,12000,12000,12000,14266,0,12,569.396823161857,2.8698170062853023,12471.69023299648,6011.14552081873
1783310011,500,,Aggregated,225.200000,0.000000,11,52,130,350,1600,3200,7300,10000,12000,12000,12000,14491,0,11,560.7530996114265,2.8698170062853023,12471.69023299648,5995.124491063419
1783310012,500,,Aggregated,226.100000,0.000000,11,49,120,330,1500,3100,7200,10000,12000,12000,12000,14750,0,11,551.2869145286284,2.8698170062853023,12471.69023299648,5993.525762711864
1783310013,500,,Aggregated,223.900000,0.000000,11,47,120,310,1500,3100,7100,10000,12000,12000,12000,14968,0,11,543.4722509368031,2.8698170062853023,12471.69023299648,5989.501336183859
1783310014,500,,Aggregated,226.500000,0.000000,11,44,110,300,1400,3000,7100,10000,12000,12000,12000,15200,0,11,535.4887177392159,2.8698170062853023,12471.69023299648,5981.993618421053
1783310015,500,,Aggregated,226.600000,0.000000,11,41,110,280,1400,2900,7100,10000,12000,12000,12000,15439,0,11,527.425009951102,2.8698170062853023,12471.69023299648,5988.080510395751
1783310016,500,,Aggregated,223.900000,0.000000,11,39,100,260,1400,2900,7100,10000,12000,12000,12000,15653,0,11,520.4464216145136,2.8698170062853023,12471.69023299648,5988.511084137226
1783310017,500,,Aggregated,226.200000,0.000000,11,36,98,240,1400,2900,7100,10000,12000,12000,12000,15885,0,11,513.0508815186056,2.8698170062853023,12471.69023299648,5979.156310985206
1783310018,500,,Aggregated,225.700000,0.000000,11,33,96,230,1400,2800,7000,10000,12000,12000,12000,16090,0,11,506.756847258115,2.8698170062853023,12471.69023299648,5977.595898073338
1783310019,500,,Aggregated,227.500000,0.000000,11,36,95,210,1300,2700,6900,10000,12000,12000,12000,16376,0,11,499.0265322057305,2.8698170062853023,12471.69023299648,5973.35374938935
1783310020,500,,Aggregated,227.300000,0.000000,11,33,93,200,1300,2700,6800,10000,12000,12000,12000,16610,0,11,492.2208080331088,2.8698170062853023,12471.69023299648,5966.374894641782
1783310021,500,,Aggregated,228.400000,0.000000,11,30,91,180,1300,2700,6800,10000,12000,12000,12000,16821,0,11,486.2135743396935,2.8698170062853023,12471.69023299648,5963.957315260686
1783310022,500,,Aggregated,226.600000,0.000000,11,28,88,170,1300,2700,6800,9900,12000,12000,12000,17058,0,11,479.7000229865084,2.8698170062853023,12471.69023299648,5961.545550474851
1783310023,500,,Aggregated,227.300000,0.000000,11,27,87,160,1200,2600,6700,9800,12000,12000,12000,17301,0,11,473.30310876340906,2.8698170062853023,12471.69023299648,5947.833131032889
1783310024,500,,Aggregated,226.000000,0.000000,11,25,85,150,1200,2600,6700,9800,12000,12000,12000,17541,0,11,467.08664560695803,2.8698170062853023,12471.69023299648,5952.380080953195
1783310025,500,,Aggregated,227.600000,0.000000,11,24,84,150,1200,2500,6700,9800,12000,12000,12000,17754,0,11,461.72044534238205,2.8698170062853023,12471.69023299648,5940.380590289512
1783310026,500,,Aggregated,230.200000,0.000000,11,23,82,140,1200,2500,6400,9700,12000,12000,12000,17983,0,11,456.05402085484246,2.8698170062853023,12471.69023299648,5938.848023132959
1783310027,500,,Aggregated,227.700000,0.000000,11,22,81,130,1100,2400,6300,9600,12000,12000,12000,18212,0,11,450.5691751330157,2.8698170062853023,12471.69023299648,5933.752470898309
1783310028,500,,Aggregated,228.600000,0.000000,11,21,78,130,1100,2400,6200,9500,12000,12000,12000,18457,0,11,444.8452540555053,2.8698170062853023,12471.69023299648,5920.828953784472
1783310029,500,,Aggregated,227.400000,0.000000,11,21,77,120,1100,2400,6200,9500,12000,12000,12000,18682,0,10,439.690705741647,2.8698170062853023,12471.69023299648,5919.730810405738
1783310030,500,,Aggregated,228.600000,0.000000,10,20,76,120,1000,2300,6200,9300,12000,12000,12000,18913,0,10,434.6046978654622,2.8698170062853023,12471.69023299648,5913.218262570718
1783310031,500,,Aggregated,228.900000,0.000000,10,20,75,120,1000,2300,6200,9300,12000,12000,12000,19142,0,10,429.6101536971298,2.8698170062853023,12471.69023299648,5911.494462438616
1783310032,500,,Aggregated,229.500000,0.000000,10,19,74,110,990,2300,6100,9300,12000,12000,12000,19365,0,10,424.8759232884262,2.8698170062853023,12471.69023299648,5912.131784146656
1783310033,500,,Aggregated,229.000000,0.000000,10,19,72,110,960,2300,6100,9200,12000,12000,12000,19596,0,10,420.04557803951775,2.8698170062853023,12471.69023299648,5901.555317411717
1783310034,500,,Aggregated,230.100000,0.000000,10,18,71,110,940,2200,6100,9100,12000,12000,12000,19831,0,10,415.25828215054025,2.8698170062853023,12471.69023299648,5895.252937320357
1783310035,500,,Aggregated,228.900000,0.000000,10,18,70,110,920,2200,6000,9100,12000,12000,12000,20059,0,10,410.7229590603885,2.8698170062853023,12471.69023299648,5906.877960017947
1783310036,500,,Aggregated,228.000000,0.000000,10,18,69,100,890,2200,5900,9000,12000,12000,12000,20296,0,10,406.17287546991577,2.8698170062853023,12471.69023299648,5907.514584154514
1783310037,500,,Aggregated,229.000000,0.000000,10,18,68,100,870,2200,5800,8900,12000,12000,12000,20522,0,10,401.8835685648748,2.8551099967444316,12471.69023299648,5910.715622259039
1783310038,500,,Aggregated,229.000000,0.000000,10,17,67,99,870,2100,5700,8900,12000,12000,12000,20756,0,10,397.4998268940301,2.8551099967444316,12471.69023299648,5917.342744266718
1783310039,500,,Aggregated,229.600000,0.000000,10,17,66,97,850,2100,5700,8900,12000,12000,12000,20991,0,10,393.20224627696325,2.8551099967444316,12471.69023299648,5917.894907341241
1783310040,500,,Aggregated,229.700000,0.000000,10,17,65,96,830,2100,5600,8800,12000,12000,12000,21222,0,10,389.124987947078,2.8551099967444316,12471.69023299648,5916.532843275846
1783310041,500,,Aggregated,228.700000,0.000000,10,16,63,94,820,2100,5600,8700,12000,12000,12000,21463,0,10,384.90709223519974,2.8551099967444316,12471.69023299648,5920.395704235196
1783310042,500,,Aggregated,231.400000,0.000000,10,16,62,93,800,2100,5600,8700,12000,12000,12000,21671,0,10,381.32517707225946,2.8551099967444316,12471.69023299648,5916.833464076415
1783310043,500,,Aggregated,229.900000,0.000000,10,16,63,93,770,2000,5100,8600,12000,12000,12000,21941,0,10,377.20744826388113,2.8551099967444316,12471.69023299648,5913.326603163028
1783310044,500,,Aggregated,231.800000,0.000000,10,16,62,92,750,2000,4700,8600,12000,12000,12000,22181,0,10,373.3590822766731,2.8551099967444316,12471.69023299648,5906.406789594698
1783310045,500,,Aggregated,229.500000,0.000000,10,16,61,90,740,2000,4600,8500,12000,12000,12000,22398,0,10,369.90344235212234,2.8551099967444316,12471.69023299648,5914.188409679436
1783310046,500,,Aggregated,229.000000,0.000000,9,16,59,89,730,2000,4600,8400,12000,12000,12000,22633,0,9,366.2467274198209,2.8551099967444316,12471.69023299648,5914.76163124641
1783310047,500,,Aggregated,229.100000,0.000000,9,16,58,88,710,2000,4600,8400,12000,12000,12000,22861,0,9,362.7467226318065,2.8551099967444316,12471.69023299648,5917.942959625563
1783310048,500,,Aggregated,229.400000,0.000000,9,16,57,87,700,2000,4600,8400,12000,12000,12000,23095,0,9,359.2554499062903,2.8551099967444316,12471.69023299648,5914.745226239445
1783310049,500,,Aggregated,229.300000,0.000000,9,16,57,86,680,1900,4600,8300,12000,12000,12000,23318,0,9,355.9820663504533,2.8551099967444316,12471.69023299648,5909.349258083884
1783310050,500,,Aggregated,229.300000,0.000000,9,15,56,85,670,1900,4600,8300,12000,12000,12000,23539,0,9,352.9026254203125,2.8551099967444316,12471.69023299648,5908.349250180551
1783310051,500,,Aggregated,228.600000,0.000000,9,15,56,85,650,1900,4600,8200,12000,12000,12000,23773,0,9,349.6085070427639,2.8551099967444316,12471.69023299648,5902.91393597779
1783310052,500,,Aggregated,226.300000,0.000000,9,15,55,84,640,1900,4600,8100,12000,12000,12000,24000,0,9,346.47173363752773,2.8551099967444316,12471.69023299648,5899.034291666667
1783310053,500,,Aggregated,228.500000,0.000000,9,15,54,83,620,1900,4500,8100,12000,12000,12000,24230,0,9,343.3398513467096,2.8408910002326593,12471.69023299648,5903.243169624432
1783310054,500,,Aggregated,224.900000,0.000000,9,15,53,82,610,1800,4500,8100,12000,12000,12000,24442,0,9,340.49532365389763,2.8408910002326593,12471.69023299648,5902.184313885934
1783310055,500,,Aggregated,228.000000,0.000000,9,15,52,81,600,1800,4500,8000,12000,12000,12000,24693,0,9,337.25246423680943,2.8408910002326593,12471.69023299648,5897.864536508322
1783310056,500,,Aggregated,227.000000,0.000000,9,15,52,81,590,1800,4500,8000,12000,12000,12000,24854,0,9,335.2048092323348,2.8408910002326593,12471.69023299648,5896.958236098817
1783310057,500,,Aggregated,226.200000,0.000000,9,15,52,80,570,1800,4400,7900,12000,12000,12000,25146,0,9,331.68591530698836,2.8408910002326593,12471.69023299648,5899.928696412949
1783310058,500,,Aggregated,226.800000,0.000000,9,15,51,79,550,1800,4400,7900,12000,12000,12000,25378,0,9,328.77544700199536,2.8408910002326593,12471.69023299648,5896.070297107731
1783310059,500,,Aggregated,225.200000,0.000000,9,15,50,78,530,1800,4400,7900,12000,12000,12000,25617,0,9,325.88147686367296,2.8408910002326593,12471.69023299648,5896.92813366124
1783310060,500,,Aggregated,226.500000,0.000000,9,15,49,77,520,1800,4400,7900,12000,12000,12000,25831,0,9,323.3081809436582,2.8408910002326593,12471.69023299648,5890.280515659479
1783310061,500,,Aggregated,226.900000,0.000000,9,15,49,77,510,1700,4400,7900,12000,12000,12000,26073,0,9,320.46809844128234,2.8408910002326593,12471.69023299648,5889.052429716565
1783310062,500,,Aggregated,227.700000,0.000000,9,15,48,76,500,1700,4400,7800,12000,12000,12000,26310,0,9,317.7481137167827,2.8408910002326593,12471.69023299648,5886.683922462942
1783310063,500,,Aggregated,227.300000,0.000000,9,15,47,75,490,1700,4300,7800,12000,12000,12000,26513,0,9,315.4059069220227,2.8408910002326593,12471.69023299648,5892.16101535096
1783310064,500,,Aggregated,228.400000,0.000000,9,14,47,75,480,1700,4300,7800,12000,12000,12000,26757,0,9,312.7181707733096,2.8408910002326593,12471.69023299648,5883.447994917218
1783310065,500,,Aggregated,228.200000,0.000000,9,14,46,75,470,1700,4300,7800,12000,12000,12000,26999,0,9,310.069424626038,2.8408910002326593,12471.69023299648,5888.262676395422
1783310066,500,,Aggregated,228.200000,0.000000,9,14,45,74,460,1700,4200,7800,12000,12000,12000,27223,0,9,307.6864199726148,2.8408910002326593,12471.69023299648,5885.878778973662
1783310067,500,,Aggregated,229.600000,0.000000,9,14,44,73,450,1700,4200,7800,12000,12000,12000,27458,0,9,305.2375037180596,2.8408910002326593,12471.69023299648,5884.096110423192
1783310068,500,,Aggregated,228.300000,0.000000,9,14,44,73,430,1600,4200,7700,12000,12000,12000,27677,0,9,303.0545711052709,2.8408910002326593,12471.69023299648,5887.9483686815765
1783310069,500,,Aggregated,229.600000,0.000000,9,14,43,72,420,1600,4100,7400,12000,12000,12000,27932,0,9,300.4415701458758,2.8408910002326593,12471.69023299648,5881.247493913791
1783310070,500,,Aggregated,230.300000,0.000000,9,14,42,72,410,1600,4000,7400,12000,12000,12000,28154,0,9,298.20055791094114,2.8408910002326593,12471.69023299648,5884.937131491085
1783310071,500,,Aggregated,228.100000,0.000000,9,14,44,72,390,1600,4000,7400,12000,12000,12000,28384,0,9,296.28061903000605,2.8408910002326593,12471.69023299648,5886.757010992108
1783310072,500,,Aggregated,230.000000,0.000000,9,14,43,72,380,1600,4000,7300,12000,12000,12000,28593,0,9,294.23468151755804,2.8408910002326593,12471.69023299648,5883.8564683663835
1783310073,500,,Aggregated,230.700000,0.000000,9,14,42,71,360,1600,4000,7300,12000,12000,12000,28831,0,9,291.92991437631576,2.8408910002326593,12471.69023299648,5884.229336478096
1783310074,500,,Aggregated,229.800000,0.000000,9,14,42,70,350,1600,4000,7300,12000,12000,12000,29059,0,9,289.7263427660476,2.8408910002326593,12471.69023299648,5880.804019408789
1783310075,500,,Aggregated,227.200000,0.000000,8,14,41,70,340,1500,4000,7300,12000,12000,12000,29273,0,8,287.7226268700025,2.8408910002326593,12471.69023299648,5873.687630239469
1783310077,500,,Aggregated,229.100000,0.000000,8,14,40,69,330,1500,3900,7200,12000,12000,12000,29507,0,8,285.5620771848506,2.8408910002326593,12471.69023299648,5867.537838479005
1783310078,500,,Aggregated,225.900000,0.000000,8,14,39,69,320,1500,3900,7100,12000,12000,12000,29741,0,8,283.44146112165794,2.8408910002326593,12471.69023299648,5863.454456810464
1783310079,500,,Aggregated,227.400000,0.000000,8,14,39,68,320,1500,3900,7100,12000,12000,12000,29957,0,8,281.52004355426453,2.8408910002326593,12471.69023299648,5859.110758754215
1783310080,500,,Aggregated,226.200000,0.000000,8,14,38,68,310,1500,3900,7100,12000,12000,12000,30196,0,8,279.4082008125262,2.8408910002326593,12471.69023299648,5863.122731487614
1783310081,500,,Aggregated,226.600000,0.000000,8,14,37,67,300,1400,3800,7100,12000,12000,12000,30416,0,8,277.4826001114868,2.8408910002326593,12471.69023299648,5858.096889794845
1783310082,500,,Aggregated,225.100000,0.000000,8,14,36,67,290,1400,3800,7100,12000,12000,12000,30651,0,8,275.4702008521129,2.8408910002326593,12471.69023299648,5860.998727610845
1783310083,500,,Aggregated,224.500000,0.000000,8,14,35,66,280,1400,3700,7100,12000,12000,12000,30900,0,8,273.3936689177674,2.8408910002326593,12471.69023299648,5854.8236569579285
1783310084,500,,Aggregated,225.200000,0.000000,8,14,34,66,280,1400,3700,7100,12000,12000,12000,31103,0,8,271.6970487355885,2.8408910002326593,12471.69023299648,5849.493007105424
1783310085,500,,Aggregated,228.900000,0.000000,8,14,33,65,270,1400,3700,7100,12000,12000,12000,31346,0,8,269.75207461407945,2.8408910002326593,12471.69023299648,5850.267402539399
1783310086,500,,Aggregated,225.600000,0.000000,8,14,33,65,260,1400,3600,7100,12000,12000,12000,31569,0,8,267.96538219217933,2.8408910002326593,12471.69023299648,5854.139155500649
1783310087,500,,Aggregated,227.100000,0.000000,8,14,35,66,260,1400,3600,7100,12000,12000,12000,31787,0,8,266.6948397917663,2.8408910002326593,12471.69023299648,5855.536414257401
1783310088,500,,Aggregated,227.300000,0.000000,8,14,34,66,250,1400,3600,7000,12000,12000,12000,32009,0,8,264.94358703105354,2.8408910002326593,12471.69023299648,5851.600612327783
1783310089,500,,Aggregated,226.100000,0.000000,8,14,34,65,240,1400,3500,7000,12000,12000,12000,32225,0,8,263.29166425774423,2.8408910002326593,12471.69023299648,5850.732009309542
1783310090,500,,Aggregated,225.600000,0.000000,8,14,33,65,230,1300,3500,6900,12000,12000,12000,32454,0,8,261.55947327142405,2.8408910002326593,12471.69023299648,5851.603223023356
1783310091,500,,Aggregated,225.100000,0.000000,8,14,32,64,230,1300,3500,6900,12000,12000,12000,32699,0,8,259.71376182335166,2.8408910002326593,12471.69023299648,5847.816813969846
1783310092,500,,Aggregated,224.000000,0.000000,8,14,31,64,220,1300,3500,6800,12000,12000,12000,32930,0,8,258.01223234809396,2.8408910002326593,12471.69023299648,5845.594169450349
1783310093,500,,Aggregated,225.200000,0.000000,8,13,31,64,210,1300,3400,6800,12000,12000,12000,33154,0,8,256.40645518428533,2.8408910002326593,12471.69023299648,5840.7013331724675
1783310094,500,,Aggregated,225.900000,0.000000,8,13,30,63,200,1300,3400,6800,12000,12000,12000,33382,0,8,254.7990993077351,2.8408910002326593,12471.69023299648,5846.38568689713
1783310095,500,,Aggregated,222.800000,0.000000,8,13,30,63,200,1300,3300,6800,12000,12000,12000,33614,0,8,253.17877267540024,2.8408910002326593,12471.69023299648,5846.111322663176
1783310096,500,,Aggregated,226.000000,0.000000,8,13,29,63,190,1300,3300,6800,12000,12000,12000,33840,0,8,251.5988598111075,2.8408910002326593,12471.69023299648,5844.842494089835
1783310097,500,,Aggregated,225.200000,0.000000,8,13,28,62,190,1300,3300,6800,11000,12000,12000,34077,0,8,249.97348537664487,2.8408910002326593,12471.69023299648,5843.900225958858
1783310098,500,,Aggregated,226.000000,0.000000,8,13,28,62,180,1300,3300,6800,11000,12000,12000,34303,0,8,248.42892499947607,2.8408910002326593,12471.69023299648,5837.964930181034
1783310099,500,,Aggregated,227.600000,0.000000,8,13,28,62,180,1200,3300,6800,11000,12000,12000,34524,0,8,246.96509457055652,2.8408910002326593,12471.69023299648,5839.327858880779
1783310100,500,,Aggregated,226.200000,0.000000,8,13,27,61,170,1200,3300,6700,11000,12000,12000,34777,0,8,245.28876648597915,2.8408910002326593,12471.69023299648,5842.847945481209
1783310101,500,,Aggregated,227.800000,0.000000,8,13,27,61,170,1200,3300,6700,11000,12000,12000,34990,0,8,243.88050661708692,2.8408910002326593,12471.69023299648,5839.121491854816
1783310102,500,,Aggregated,230.600000,0.000000,8,13,26,60,170,1200,3300,6700,11000,12000,12000,35205,0,8,242.49837563223053,2.8408910002326593,12471.69023299648,5840.025678170714
1783310103,500,,Aggregated,229.200000,0.000000,8,13,27,61,170,1200,3200,6700,11000,12000,12000,35425,0,8,241.35478834308216,2.8408910002326593,12471.69023299648,5842.61247706422
1783310104,500,,Aggregated,225.400000,0.000000,8,13,27,61,160,1200,3200,6600,11000,12000,12000,35656,0,8,240.04427872514358,2.8408910002326593,12471.69023299648,5840.982779896792
1783310105,500,,Aggregated,221.100000,0.000000,8,13,27,61,160,1200,3200,6400,11000,12000,12000,35895,0,8,238.5522546605584,2.8408910002326593,12471.69023299648,5840.8243209360635
1783310106,500,,Aggregated,226.600000,0.000000,8,13,26,60,160,1100,3200,6400,11000,12000,12000,36116,0,8,237.2275645552033,2.8408910002326593,12471.69023299648,5836.00274116735
1783310107,500,,Aggregated,226.700000,0.000000,8,13,26,60,160,1100,3200,6300,11000,12000,12000,36358,0,8,235.74950064656366,2.8408910002326593,12471.69023299648,5835.973155839155
1783310108,500,,Aggregated,227.600000,0.000000,8,13,25,59,150,1100,3200,6300,11000,12000,12000,36594,0,8,234.32650155456554,2.8408910002326593,12471.69023299648,5835.9273104880585
1783310109,500,,Aggregated,225.400000,0.000000,8,13,25,59,150,1100,3100,6200,11000,12000,12000,36830,0,8,232.9225972577435,2.8408910002326593,12471.69023299648,5833.185691012762
1783310110,500,,Aggregated,227.800000,0.000000,8,13,25,59,150,1100,3100,6200,11000,12000,12000,37042,0,8,231.7232507103492,2.8408910002326593,12471.69023299648,5835.017007720965
1783310111,500,,Aggregated,228.900000,0.000000,8,13,24,58,150,1100,3100,6200,11000,12000,12000,37265,0,8,230.47477180713165,2.8408910002326593,12471.69023299648,5836.0634375419295
1783310112,500,,Aggregated,225.400000,0.000000,8,13,24,58,150,1100,3100,6200,11000,12000,12000,37523,0,8,229.04464641533437,2.8408910002326593,12471.69023299648,5835.133571409536
1783310113,500,,Aggregated,226.600000,0.000000,8,13,24,58,140,1000,3100,6200,11000,12000,12000,37737,0,8,227.8358933867457,2.8408910002326593,12471.69023299648,5833.434878236214
1783310114,500,,Aggregated,231.000000,0.000000,8,13,23,57,140,1000,3000,6200,11000,12000,12000,37968,0,8,226.54367023082003,2.8408910002326593,12471.69023299648,5837.397492625369
1783310115,500,,Aggregated,234.300000,0.000000,8,13,23,57,140,1000,3000,6200,11000,12000,12000,38191,0,8,225.33702977619907,2.8408910002326593,12471.69023299648,5832.727082296876
1783310116,500,,Aggregated,229.300000,0.000000,8,13,23,57,140,1000,3000,6200,11000,12000,12000,38412,0,8,224.11778651947012,2.8408910002326593,12471.69023299648,5829.703426012705
1783310117,500,,Aggregated,226.400000,0.000000,8,13,22,56,140,1000,2900,6200,11000,12000,12000,38655,0,8,222.797732145129,2.8408910002326593,12471.69023299648,5834.285086017333
1783310118,500,,Aggregated,226.500000,0.000000,8,13,22,56,140,990,2900,6100,11000,12000,12000,38854,0,8,221.75480001392117,2.8408910002326593,12471.69023299648,5833.625649868739
1783310119,500,,Aggregated,228.500000,0.000000,8,13,23,57,140,970,2900,6100,11000,12000,12000,39134,0,8,220.59611963146608,2.8408910002326593,12471.69023299648,5837.383196197679
1783310120,500,,Aggregated,226.500000,0.000000,8,13,22,56,140,960,2900,6100,11000,12000,12000,39375,0,8,219.33324511867082,2.8408910002326593,12471.69023299648,5839.1180952380955
1783310121,500,,Aggregated,227.200000,0.000000,8,13,22,56,130,940,2900,6100,11000,12000,12000,39585,0,8,218.2409544697168,2.8408910002326593,12471.69023299648,5843.286497410635
1783310122,500,,Aggregated,226.000000,0.000000,8,13,22,56,130,930,2900,6100,11000,12000,12000,39822,0,8,217.03454809463753,2.8408910002326593,12471.69023299648,5840.509115564261
1783310123,500,,Aggregated,226.400000,0.000000,8,13,22,55,130,920,2800,6000,11000,12000,12000,40058,0,8,215.85324673804627,2.8408910002326593,12471.69023299648,5840.00009985521
1783310124,500,,Aggregated,225.200000,0.000000,8,13,22,55,130,910,2800,6000,11000,12000,12000,40280,0,8,214.76542807658024,2.829970995662734,12471.69023299648,5839.034086395233
1783310125,500,,Aggregated,226.400000,0.000000,8,13,21,55,130,900,2800,5900,11000,12000,12000,40508,0,8,213.65027115519763,2.829970995662734,12471.69023299648,5838.2235854646
1783310126,500,,Aggregated,224.500000,0.000000,8,13,21,54,130,890,2700,5900,11000,12000,12000,40728,0,8,212.57549773710173,2.829970995662734,12471.69023299648,5836.309860538205
1783310127,500,,Aggregated,226.800000,0.000000,8,13,21,54,130,880,2700,5800,11000,12000,12000,40955,0,8,211.47668398114482,2.829970995662734,12471.69023299648,5831.947015016482
1783310128,500,,Aggregated,227.400000,0.000000,8,13,21,53,130,870,2700,5700,11000,12000,12000,41207,0,8,210.2722978149304,2.829970995662734,12471.69023299648,5831.909141650691
1783310129,500,,Aggregated,225.600000,0.000000,8,13,21,53,130,870,2700,5700,11000,12000,12000,41433,0,8,209.19953500547714,2.829970995662734,12471.69023299648,5827.240243284338
1783310130,500,,Aggregated,227.100000,0.000000,8,13,21,53,120,860,2700,5700,11000,12000,12000,41660,0,8,208.13558832249052,2.829970995662734,12471.69023299648,5829.544407105137
1783310131,500,,Aggregated,227.500000,0.000000,8,13,20,52,120,850,2700,5700,11000,12000,12000,41885,0,8,207.09567566861062,2.829970995662734,12471.69023299648,5834.884970753253
1783310132,500,,Aggregated,228.300000,0.000000,8,13,20,52,120,840,2700,5700,11000,12000,12000,42116,0,8,206.03622330054768,2.829970995662734,12471.69023299648,5836.51377148827
1783310133,500,,Aggregated,228.200000,0.000000,8,13,20,52,120,840,2700,5600,11000,12000,12000,42346,0,8,205.01681891257226,2.829970995662734,12471.69023299648,5838.486256080858
1783310134,500,,Aggregated,226.600000,0.000000,8,13,20,51,120,830,2700,5600,11000,12000,12000,42583,0,8,203.94910860124506,2.829970995662734,12471.69023299648,5840.719958668952
1783310135,500,,Aggregated,228.400000,0.000000,8,13,20,52,120,820,2600,5600,11000,12000,12000,42798,0,8,203.26732407785596,2.829970995662734,12471.69023299648,5838.932823963737
1783310136,500,,Aggregated,228.300000,0.000000,8,13,20,52,120,810,2600,5600,11000,12000,12000,43019,0,8,202.29342667846623,2.829970995662734,12471.69023299648,5837.308770543248
1783310137,500,,Aggregated,223.100000,0.000000,8,13,20,51,120,800,2600,5600,11000,12000,12000,43246,0,8,201.30576794524416,2.810856996802613,12471.69023299648,5841.983397308421
1783310138,500,,Aggregated,227.800000,0.000000,8,13,20,51,120,790,2600,5600,11000,12000,12000,43488,0,8,200.2706560181195,2.810856996802613,12471.69023299648,5838.212288447387
1783310139,500,,Aggregated,228.000000,0.000000,8,13,20,51,120,780,2600,5200,11000,12000,12000,43704,0,8,199.35732024709253,2.810856996802613,12471.69023299648,5840.311870766978
1783310140,500,,Aggregated,226.900000,0.000000,8,13,20,51,120,770,2600,4800,11000,12000,12000,43936,0,8,198.38821530601115,2.810856996802613,12471.69023299648,5838.205708302986
1783310141,500,,Aggregated,224.600000,0.000000,8,13,20,50,120,760,2600,4700,11000,12000,12000,44171,0,8,197.42969936150425,2.810856996802613,12471.69023299648,5837.631590862783
1783310142,500,,Aggregated,225.800000,0.000000,8,13,20,50,120,750,2500,4700,11000,12000,12000,44389,0,8,196.54253639228162,2.810856996802613,12471.69023299648,5834.9164432629705
1783310143,500,,Aggregated,225.100000,0.000000,8,13,19,50,120,750,2500,4600,11000,12000,12000,44619,0,8,195.62384340177854,2.810856996802613,12471.69023299648,5834.0066339451805
1783310144,500,,Aggregated,226.100000,0.000000,8,13,19,50,120,740,2500,4600,11000,12000,12000,44856,0,8,194.669197490749,2.810856996802613,12471.69023299648,5833.601413411807
1783310145,500,,Aggregated,226.800000,0.000000,8,13,19,49,110,740,2500,4600,11000,12000,12000,45097,0,8,193.70834424414232,2.810856996802613,12471.69023299648,5832.5144909860965
1783310146,500,,Aggregated,225.100000,0.000000,8,13,19,49,110,730,2500,4600,11000,12000,12000,45319,0,8,192.83556582142378,2.810856996802613,12471.69023299648,5830.028928264083
1783310147,500,,Aggregated,232.000000,0.000000,8,13,19,49,110,720,2400,4600,11000,12000,12000,45543,0,8,191.95882905537587,2.810856996802613,12471.69023299648,5830.575148760512
1783310148,500,,Aggregated,226.800000,0.000000,8,13,19,48,110,710,2400,4600,11000,12000,12000,45775,0,8,191.04752450088122,2.810856996802613,12471.69023299648,5830.545647187329
1783310149,500,,Aggregated,226.900000,0.000000,8,13,19,48,110,710,2400,4600,11000,12000,12000,45998,0,8,190.192510315335,2.810856996802613,12471.69023299648,5828.164007130745
1783310150,500,,Aggregated,227.700000,0.000000,8,13,19,48,110,700,2400,4600,11000,12000,12000,46241,0,8,189.2604948047563,2.810856996802613,12471.69023299648,5829.225124889168
1783310151,500,,Aggregated,227.900000,0.000000,8,13,19,47,110,690,2400,4600,11000,12000,12000,46456,0,8,188.44778505523007,2.810856996802613,12471.69023299648,5824.734609092475
1783310152,500,,Aggregated,229.200000,0.000000,8,13,19,47,110,680,2400,4600,11000,12000,12000,46689,0,8,187.58086842587474,2.810856996802613,12471.69023299648,5826.188545481805
1783310153,500,,Aggregated,228.400000,0.000000,8,13,19,48,110,670,2400,4600,11000,12000,12000,46900,0,8,186.94066260950265,2.810856996802613,12471.69023299648,5826.902324093817
1783310154,500,,Aggregated,227.100000,0.000000,8,13,19,48,110,660,2400,4600,11000,12000,12000,47148,0,8,186.18801668309854,2.810856996802613,12471.69023299648,5823.776533469076
1783310155,500,,Aggregated,227.300000,0.000000,8,13,19,47,110,660,2300,4600,11000,12000,12000,47392,0,8,185.29701019203202,2.810856996802613,12471.69023299648,5820.858668129642
1783310156,500,,Aggregated,230.500000,0.000000,8,13,19,47,110,650,2300,4600,11000,12000,12000,47614,0,8,184.50001562088417,2.810856996802613,12471.69023299648,5821.128134582265
1783310157,500,,Aggregated,227.500000,0.000000,8,13,19,47,110,640,2300,4600,11000,12000,12000,47850,0,8,183.66882415808908,2.810856996802613,12471.69023299648,5823.485370950888
1783310158,500,,Aggregated,228.300000,0.000000,8,13,19,47,110,640,2300,4500,11000,12000,12000,48078,0,8,182.86415293859213,2.810856996802613,12471.69023299648,5821.925766462831
1783310159,500,,Aggregated,228.800000,0.000000,8,13,18,46,110,630,2300,4500,11000,12000,12000,48300,0,8,182.0850352933454,2.810856996802613,12471.69023299648,5820.515672877847
1783310160,500,,Aggregated,228.600000,0.000000,8,13,18,46,110,620,2300,4500,11000,12000,12000,48524,0,8,181.3161771042668,2.810856996802613,12471.69023299648,5822.862542247135
1783310161,500,,Aggregated,227.900000,0.000000,8,13,18,46,110,620,2300,4500,11000,12000,12000,48761,0,8,180.5194498604314,2.810856996802613,12471.69023299648,5823.2722462623815
1783310162,500,,Aggregated,225.600000,0.000000,8,13,18,46,110,610,2300,4500,11000,12000,12000,48970,0,8,179.8364780596007,2.810856996802613,12471.69023299648,5821.2340616704105
1783310163,500,,Aggregated,227.100000,0.000000,8,13,18,45,100,600,2200,4500,11000,12000,12000,49219,0,8,179.00086827732423,2.810856996802613,12471.69023299648,5818.66370710498
1783310164,500,,Aggregated,229.800000,0.000000,8,13,18,45,100,600,2200,4500,11000,12000,12000,49440,0,8,178.27507051087613,2.810856996802613,12471.69023299648,5816.578013754045
1783310165,500,,Aggregated,226.100000,0.000000,8,13,18,45,100,590,2200,4500,11000,12000,12000,49678,0,8,177.498352058836,2.810856996802613,12471.69023299648,5815.183139417851
1783310166,500,,Aggregated,226.400000,0.000000,8,13,18,45,100,580,2200,4500,11000,12000,12000,49897,0,8,176.78120096089765,2.810856996802613,12471.69023299648,5817.256768944025
1783310167,500,,Aggregated,227.200000,0.000000,8,13,18,44,100,570,2200,4400,11000,12000,12000,50136,0,8,175.99790750624055,2.810856996802613,12471.69023299648,5817.4469842029675
1783310168,500,,Aggregated,226.500000,0.000000,8,12,18,44,100,560,2200,4400,11000,12000,12000,50359,0,8,175.28881605980547,2.810856996802613,12471.69023299648,5817.1510554220695
1783310169,500,,Aggregated,226.100000,0.000000,8,12,18,43,100,550,2200,4400,11000,12000,12000,50580,0,8,174.59315068797486,2.810856996802613,12471.69023299648,5819.929497825227
1783310170,500,,Aggregated,225.600000,0.000000,8,12,18,43,100,550,2200,4400,11000,12000,12000,50820,0,8,173.84806494167762,2.810856996802613,12471.69023299648,5817.634553325463
1783310171,500,,Aggregated,226.600000,0.000000,8,12,18,44,100,540,2200,4400,11000,12000,12000,50940,0,8,173.61984675372963,2.810856996802613,12471.69023299648,5815.923616018846
1783310172,500,,Aggregated,227.500000,0.000000,8,13,18,45,100,530,2200,4400,11000,12000,12000,51257,0,8,173.29391078514033,2.810856996802613,12471.69023299648,5821.909787931405
1783310173,500,,Aggregated,227.300000,0.000000,8,13,18,45,100,530,2200,4400,11000,12000,12000,51464,0,8,172.65519935207044,2.810856996802613,12471.69023299648,5819.142759987564
1783310174,500,,Aggregated,217.000000,0.000000,8,13,18,45,100,530,2200,4400,11000,12000,12000,51695,0,8,171.95394863147138,2.810856996802613,12471.69023299648,5818.811529161428
1783310175,500,,Aggregated,225.400000,0.000000,8,13,18,45,100,520,2100,4400,11000,12000,12000,51933,0,8,171.26484477390102,2.810856996802613,12471.69023299648,5820.335451447057
1783310176,500,,Aggregated,223.200000,0.000000,8,13,18,45,100,510,2100,4400,11000,12000,12000,52152,0,8,170.6121128796981,2.810856996802613,12471.69023299648,5822.622027918393
1783310177,500,,Aggregated,223.300000,0.000000,8,13,18,44,100,510,2100,4400,11000,12000,12000,52405,0,8,169.86102522827778,2.810856996802613,12471.69023299648,5823.0901249880735
1783310178,500,,Aggregated,223.400000,0.000000,8,13,18,44,100,500,2100,4400,11000,12000,12000,52613,0,8,169.2425898333077,2.810856996802613,12471.69023299648,5824.700663334157
1783310179,500,,Aggregated,223.100000,0.000000,8,13,18,43,100,490,2100,4400,11000,12000,12000,52848,0,8,168.55416591077972,2.810856996802613,12471.69023299648,5827.70859824402
1783310180,500,,Aggregated,226.300000,0.000000,8,13,18,43,100,490,2100,4300,11000,12000,12000,53090,0,8,167.86703855501807,2.810856996802613,12471.69023299648,5829.560463364099
1783310181,500,,Aggregated,223.500000,0.000000,8,13,18,43,100,480,2100,4300,11000,12000,12000,53330,0,8,167.17731723590578,2.810856996802613,12471.69023299648,5830.915244702794
1783310182,500,,Aggregated,224.600000,0.000000,8,13,18,43,100,480,2100,4300,11000,12000,12000,53542,0,8,166.560829803925,2.810856996802613,12471.69023299648,5832.881196070374
1783310183,500,,Aggregated,225.600000,0.000000,8,13,18,42,100,470,2100,4300,11000,12000,12000,53770,0,8,165.90410130633649,2.810856996802613,12471.69023299648,5832.8818672122
1783310184,500,,Aggregated,235.000000,0.000000,8,13,18,42,99,470,2100,4200,11000,12000,12000,54023,0,8,165.19120793352448,2.810856996802613,12471.69023299648,5832.7782796216425
1783310185,500,,Aggregated,227.300000,0.000000,8,12,18,42,99,460,2100,4200,11000,12000,12000,54241,0,8,164.58908053055254,2.810856996802613,12471.69023299648,5831.956822329972
1783310187,500,,Aggregated,228.200000,0.000000,8,12,18,42,99,460,2100,4200,11000,12000,12000,54468,0,8,163.9696788860352,2.810856996802613,12471.69023299648,5830.572978629654
1783310188,500,,Aggregated,229.200000,0.000000,8,12,18,41,98,460,2000,4200,11000,12000,12000,54707,0,8,163.3099470482283,2.810856996802613,12471.69023299648,5829.385270623503
1783310189,500,,Aggregated,230.000000,0.000000,8,13,18,43,99,450,2000,4200,11000,12000,12000,54902,0,8,163.1682498781915,2.810856996802613,12471.69023299648,5830.498816072274
1783310190,500,,Aggregated,228.000000,0.000000,8,13,18,43,99,440,2000,4200,11000,12000,12000,55141,0,8,162.6156604830785,2.810856996802613,12471.69023299648,5833.249814112911
1783310191,500,,Aggregated,227.500000,0.000000,8,13,18,42,99,440,2000,4200,11000,12000,12000,55386,0,8,161.95996428786128,2.810856996802613,12471.69023299648,5832.296049543206
1783310192,500,,Aggregated,227.500000,0.000000,8,13,18,42,99,430,2000,4100,11000,12000,12000,55590,0,8,161.42154956318583,2.810856996802613,12471.69023299648,5830.53434070876
1783310193,500,,Aggregated,227.300000,0.000000,8,13,18,42,98,430,2000,4100,11000,12000,12000,55822,0,8,160.81655230444122,2.810856996802613,12471.69023299648,5833.734244563076
1783310194,500,,Aggregated,224.500000,0.000000,8,12,18,42,98,420,2000,4100,11000,12000,12000,56045,0,8,160.23855749225532,2.810856996802613,12471.69023299648,5832.631992149166
1783310195,500,,Aggregated,226.600000,0.000000,8,12,18,42,98,420,2000,4000,11000,12000,12000,56274,0,8,159.64414306721346,2.810856996802613,12471.69023299648,5833.607225361624
1783310196,500,,Aggregated,226.300000,0.000000,8,12,18,42,97,410,2000,4000,11000,12000,12000,56511,0,8,159.04984873681985,2.810856996802613,12471.69023299648,5829.54145210667
1783310197,500,,Aggregated,223.400000,0.000000,8,12,18,41,97,410,2000,4000,11000,12000,12000,56752,0,8,158.42758684623328,2.810856996802613,12471.69023299648,5830.131924866084
1783310198,500,,Aggregated,225.800000,0.000000,8,12,18,41,97,400,2000,4000,11000,12000,12000,56986,0,8,157.83973937765947,2.810856996802613,12471.69023299648,5828.518355385533
1783310199,500,,Aggregated,226.000000,0.000000,8,12,17,41,97,390,2000,4000,11000,12000,12000,57223,0,8,157.2569754630556,2.810856996802613,12471.69023299648,5828.021424951506
1783310200,500,,Aggregated,226.300000,0.000000,8,12,17,40,96,390,2000,4000,11000,12000,12000,57443,0,8,156.71132880647738,2.810856996802613,12471.69023299648,5827.852601709521
1783310201,500,,Aggregated,230.000000,0.000000,8,12,17,40,96,380,2000,4000,11000,12000,12000,57663,0,8,156.17303744361863,2.810856996802613,12471.69023299648,5826.411650451762
1783310202,500,,Aggregated,228.200000,0.000000,8,12,17,40,95,380,2000,4000,11000,12000,12000,57888,0,8,155.62450928754362,2.810856996802613,12471.69023299648,5827.4750380044225
1783310203,500,,Aggregated,226.600000,0.000000,8,12,17,40,95,370,1900,4000,11000,12000,12000,58138,0,8,155.02567731577116,2.810856996802613,12471.69023299648,5828.280797413052
1783310204,500,,Aggregated,227.900000,0.000000,8,12,17,40,95,360,1900,4000,11000,12000,12000,58354,0,8,154.50664097530964,2.810856996802613,12471.69023299648,5825.222246975357
1783310205,500,,Aggregated,229.800000,0.000000,8,12,17,39,95,360,1900,4000,11000,12000,12000,58598,0,8,153.935559992118,2.810856996802613,12471.69023299648,5824.389228301307
1783310206,500,,Aggregated,228.500000,0.000000,8,12,17,39,94,350,1900,3900,11000,12000,12000,58822,0,8,153.4095511435889,2.810856996802613,12471.69023299648,5823.214987589678
1783310207,500,,Aggregated,231.200000,0.000000,8,12,18,41,96,350,1900,3900,11000,12000,12000,59147,0,8,153.12072063423616,2.810856996802613,12471.69023299648,5825.266302601992
1783310208,500,,Aggregated,230.300000,0.000000,8,12,17,41,95,340,1900,3900,11000,12000,12000,59355,0,8,152.6279406638231,2.810856996802613,12471.69023299648,5825.220604835313
1783310209,500,,Aggregated,230.500000,0.000000,8,12,17,40,95,340,1900,3900,11000,12000,12000,59576,0,8,152.111229642328,2.810856996802613,12471.69023299648,5822.348613535652
1783310210,500,,Aggregated,226.200000,0.000000,8,12,17,40,95,330,1900,3900,11000,12000,12000,59813,0,8,151.55966807927018,2.810856996802613,12471.69023299648,5826.198719341949
1783310211,500,,Aggregated,225.400000,0.000000,8,12,17,40,94,330,1900,3900,11000,12000,12000,60045,0,8,151.0428306906243,2.810856996802613,12471.69023299648,5826.27437755017
1783310212,500,,Aggregated,226.100000,0.000000,8,12,17,39,94,330,1900,3900,11000,12000,12000,60255,0,8,150.54935460369407,2.810856996802613,12471.69023299648,5823.626371255497
1783310213,500,,Aggregated,229.200000,0.000000,8,12,17,39,94,330,1900,3800,11000,12000,12000,60514,0,8,149.98751915385847,2.810856996802613,12471.69023299648,5822.925124764517
1783310214,500,,Aggregated,228.200000,0.000000,8,12,17,39,94,320,1800,3800,11000,12000,12000,60730,0,8,149.5106962942141,2.810856996802613,12471.69023299648,5822.916005269224
1783310215,500,,Aggregated,225.300000,0.000000,8,12,17,39,94,320,1800,3800,11000,12000,12000,60967,0,8,148.9963056569396,2.810856996802613,12471.69023299648,5823.498515590401
1783310216,500,,Aggregated,227.900000,0.000000,8,12,17,39,93,320,1800,3800,11000,12000,12000,61194,0,8,148.50533088981862,2.810856996802613,12471.69023299648,5823.488381213844
1783310217,500,,Aggregated,226.700000,0.000000,8,12,17,39,93,320,1800,3700,11000,12000,12000,61441,0,8,147.9666107600226,2.810856996802613,12471.69023299648,5824.251851369607
1783310218,500,,Aggregated,225.700000,0.000000,8,12,17,38,93,310,1800,3700,11000,12000,12000,61680,0,8,147.4454954433915,2.810856996802613,12471.69023299648,5824.471903372244
1783310219,500,,Aggregated,226.400000,0.000000,8,12,17,38,92,310,1800,3700,11000,12000,12000,61906,0,8,146.95346769423676,2.810856996802613,12471.69023299648,5823.039899202016
1783310220,500,,Aggregated,230.900000,0.000000,8,12,17,38,92,310,1800,3700,11000,12000,12000,62157,0,8,146.42656338478972,2.810856996802613,12471.69023299648,5822.398249593771
1783310221,500,,Aggregated,231.400000,0.000000,8,12,17,38,92,300,1800,3700,11000,12000,12000,62365,0,8,145.99028104285102,2.810856996802613,12471.69023299648,5822.4312675378815
1783310222,500,,Aggregated,231.700000,0.000000,8,12,17,37,92,300,1800,3700,11000,12000,12000,62600,0,8,145.48545844193723,2.810856996802613,12471.69023299648,5821.046916932907
1783310223,500,,Aggregated,231.600000,0.000000,8,12,17,37,91,300,1800,3700,11000,12000,12000,62836,0,8,145.01323515768493,2.810856996802613,12471.69023299648,5820.289260933223
1783310224,500,,Aggregated,230.100000,0.000000,8,12,17,37,91,300,1800,3600,11000,12000,12000,63053,0,8,144.56523012756352,2.810856996802613,12471.69023299648,5820.582779566396
1783310225,500,,Aggregated,230.900000,0.000000,8,12,17,38,92,300,1800,3600,11000,12000,12000,63289,0,8,144.338972160175,2.810856996802613,12471.69023299648,5820.860038869314
1783310226,500,,Aggregated,231.700000,0.000000,8,12,17,38,92,290,1800,3600,11000,12000,12000,63498,0,8,143.90592346770697,2.810856996802613,12471.69023299648,5821.862767331255
1783310227,500,,Aggregated,226.100000,0.000000,8,12,17,38,91,290,1800,3600,11000,12000,12000,63722,0,8,143.45826940049628,2.810856996802613,12471.69023299648,5817.585527761213
1783310228,500,,Aggregated,230.000000,0.000000,8,12,17,38,91,290,1800,3600,11000,12000,12000,63942,0,8,143.01447151380222,2.810856996802613,12471.69023299648,5818.175659191142
1783310229,500,,Aggregated,228.300000,0.000000,8,12,17,37,91,280,1800,3600,11000,12000,12000,64176,0,8,142.54484935509322,2.810856996802613,12471.69023299648,5818.027019446522
1783310230,500,,Aggregated,225.600000,0.000000,8,12,17,37,91,280,1800,3500,11000,12000,12000,64408,0,8,142.09945802754797,2.810856996802613,12471.69023299648,5816.702009067197
1783310231,500,,Aggregated,225.000000,0.000000,8,12,17,37,91,280,1800,3500,11000,12000,12000,64627,0,8,141.6776635750261,2.810856996802613,12471.69023299648,5817.1783465115195
1783310232,500,,Aggregated,224.500000,0.000000,8,12,17,37,90,280,1700,3500,11000,12000,12000,64860,0,8,141.21454676742488,2.810856996802613,12471.69023299648,5817.101295097133
1783310233,500,,Aggregated,222.000000,0.000000,8,12,17,36,90,280,1700,3500,11000,12000,12000,65074,0,8,140.8048804927804,2.810856996802613,12471.69023299648,5818.250560899899
1783310234,500,,Aggregated,224.700000,0.000000,8,12,17,36,90,270,1700,3500,11000,12000,12000,65318,0,8,140.33130793411183,2.810856996802613,12471.69023299648,5818.8687038794815
1783310235,500,,Aggregated,225.300000,0.000000,8,12,17,36,90,270,1700,3500,11000,12000,12000,65534,0,8,139.9094577116973,2.810856996802613,12471.69023299648,5820.009659108249
1783310236,500,,Aggregated,222.200000,0.000000,8,12,17,36,89,270,1700,3500,11000,12000,12000,65780,0,8,139.46018795888304,2.810856996802613,12471.69023299648,5822.2714654910305
1783310237,500,,Aggregated,227.700000,0.000000,8,12,17,36,89,270,1700,3400,11000,12000,12000,66009,0,8,139.0204485179638,2.810856996802613,12471.69023299648,5820.369131482071
1783310238,500,,Aggregated,224.300000,0.000000,8,12,17,35,89,260,1700,3400,11000,12000,12000,66225,0,8,138.61146123104947,2.810856996802613,12471.69023299648,5818.49026802567
1783310239,500,,Aggregated,226.000000,0.000000,8,12,17,35,89,260,1700,3400,11000,12000,12000,66452,0,8,138.2032005722632,2.810856996802613,12471.69023299648,5817.460437609101
1783310240,500,,Aggregated,226.000000,0.000000,8,12,17,35,89,260,1700,3400,11000,12000,12000,66694,0,8,137.75724065077898,2.810856996802613,12471.69023299648,5815.92861426815
1783310241,500,,Aggregated,225.100000,0.000000,8,12,17,35,88,250,1700,3400,11000,12000,12000,66902,0,8,137.3722072710115,2.810856996802613,12471.69023299648,5816.302143433679
1783310242,500,,Aggregated,225.300000,0.000000,8,12,17,34,88,250,1700,3300,11000,12000,12000,67143,0,8,136.9269770725204,2.810856996802613,12471.69023299648,5815.914332097166
1783310243,500,,Aggregated,226.600000,0.000000,8,12,16,34,88,250,1700,3300,11000,12000,12000,67378,0,8,136.50206947052723,2.810856996802613,12471.69023299648,5816.3251654842825
1783310244,500,,Aggregated,227.000000,0.000000,8,12,17,34,88,250,1700,3300,11000,12000,12000,67505,0,8,136.3567563058914,2.810856996802613,12471.69023299648,5816.55456632842
1783310245,500,,Aggregated,227.200000,0.000000,8,12,17,36,89,250,1700,3300,11000,12000,12000,67806,0,8,136.13207762772174,2.810856996802613,12471.69023299648,5815.497625578857
1783310246,500,,Aggregated,227.700000,0.000000,8,12,17,35,89,250,1700,3300,11000,12000,12000,68032,0,8,135.73134083871338,2.810856996802613,12471.69023299648,5816.155412158984
1783310247,500,,Aggregated,223.100000,0.000000,8,12,17,35,89,250,1700,3300,11000,12000,12000,68262,0,8,135.3231983392294,2.810856996802613,12471.69023299648,5814.545325364039
1783310248,500,,Aggregated,223.800000,0.000000,8,12,17,35,88,240,1700,3300,11000,12000,12000,68484,0,8,134.92973444920608,2.810856996802613,12471.69023299648,5815.706705215817
1783310249,500,,Aggregated,223.100000,0.000000,8,12,16,35,88,240,1700,3300,11000,12000,12000,68737,0,8,134.47744973739663,2.810856996802613,12471.69023299648,5815.450354248804
1783310250,500,,Aggregated,224.900000,0.000000,8,12,16,34,88,240,1600,3300,11000,12000,12000,68982,0,8,134.06511157506947,2.7769620064646006,12471.69023299648,5812.833521788292
1783310251,500,,Aggregated,225.500000,0.000000,8,12,16,34,88,240,1600,3300,11000,12000,12000,69204,0,8,133.6793024613948,2.7769620064646006,12471.69023299648,5812.595399109878
1783310252,500,,Aggregated,227.600000,0.000000,8,12,16,34,88,240,1600,3300,11000,12000,12000,69428,0,8,133.28478116182905,2.7769620064646006,12471.69023299648,5812.869361064701
1783310253,500,,Aggregated,226.800000,0.000000,8,12,16,34,87,230,1600,3300,11000,12000,12000,69669,0,8,132.88352234954402,2.7769620064646006,12471.69023299648,5814.319697426402
1783310254,500,,Aggregated,227.500000,0.000000,8,12,16,33,87,230,1600,3300,11000,12000,12000,69891,0,8,132.51103123520318,2.7769620064646006,12471.69023299648,5812.028673219728
1783310255,500,,Aggregated,226.200000,0.000000,8,12,16,33,87,230,1600,3300,11000,12000,12000,70120,0,8,132.12331130207698,2.7769620064646006,12471.69023299648,5810.752723901883
1783310256,500,,Aggregated,227.000000,0.000000,8,12,16,33,87,230,1600,3300,11000,12000,12000,70367,0,8,131.72760855113268,2.7769620064646006,12471.69023299648,5808.35483962653
1783310257,500,,Aggregated,230.800000,0.000000,8,12,16,33,87,230,1600,3200,11000,12000,12000,70590,0,8,131.3637664288649,2.7769620064646006,12471.69023299648,5807.3474146479675
1783310258,500,,Aggregated,230.000000,0.000000,8,12,16,33,87,220,1600,3200,11000,12000,12000,70821,0,8,130.9845516723513,2.7769620064646006,12471.69023299648,5806.619194871578
1783310259,500,,Aggregated,230.900000,0.000000,8,12,16,33,86,220,1600,3200,11000,12000,12000,71042,0,8,130.63949424693058,2.7769620064646006,12471.69023299648,5806.4300554601505
1783310260,500,,Aggregated,231.400000,0.000000,7,12,16,33,86,220,1600,3200,11000,12000,12000,71276,0,7,130.25731388355695,2.7769620064646006,12471.69023299648,5807.154147258544
1783310261,500,,Aggregated,231.200000,0.000000,7,12,16,32,86,220,1600,3200,11000,12000,12000,71516,0,7,129.8681123644984,2.7769620064646006,12471.69023299648,5807.189104536048
1783310262,500,,Aggregated,228.600000,0.000000,7,12,16,32,86,220,1600,3200,11000,12000,12000,71742,0,7,129.50863888597203,2.7769620064646006,12471.69023299648,5809.565972512614
1783310263,500,,Aggregated,228.200000,0.000000,8,12,16,33,87,220,1600,3200,11000,12000,12000,71961,0,8,129.38608653249148,2.7769620064646006,12471.69023299648,5809.06440988869
1783310264,500,,Aggregated,229.100000,0.000000,8,12,16,33,86,220,1600,3200,11000,12000,12000,72187,0,8,129.0326631439258,2.7769620064646006,12471.69023299648,5807.472785958691
1783310265,500,,Aggregated,228.700000,0.000000,8,12,16,33,86,220,1600,3200,11000,12000,12000,72417,0,8,128.66998605111496,2.7769620064646006,12471.69023299648,5805.505696176312
1783310266,500,,Aggregated,227.700000,0.000000,7,12,16,33,86,210,1500,3200,11000,12000,12000,72651,0,7,128.30063765373774,2.7769620064646006,12471.69023299648,5804.245351061926
1783310268,500,,Aggregated,228.100000,0.000000,7,12,16,33,86,210,1500,3200,11000,12000,12000,72871,0,7,127.95574513237864,2.7769620064646006,12471.69023299648,5803.121543549561
1783310269,500,,Aggregated,227.100000,0.000000,7,12,16,32,86,210,1500,3200,11000,12000,12000,73103,0,7,127.59452932018618,2.7769620064646006,12471.69023299648,5801.087342516723
1783310270,500,,Aggregated,225.500000,0.000000,7,12,16,32,86,210,1500,3200,11000,12000,12000,73327,0,7,127.24588267648342,2.7769620064646006,12471.69023299648,5801.127633750188
1783310271,500,,Aggregated,226.700000,0.000000,7,12,16,32,85,210,1500,3100,11000,12000,12000,73545,0,7,126.92106462933583,2.7769620064646006,12471.69023299648,5802.807967910803
1783310272,500,,Aggregated,226.900000,0.000000,7,12,16,32,85,200,1500,3100,11000,12000,12000,73781,0,7,126.56639607836156,2.7769620064646006,12471.69023299648,5802.856046949757
1783310273,500,,Aggregated,225.300000,0.000000,7,12,16,31,85,200,1500,3100,11000,12000,12000,73997,0,7,126.24271355001669,2.7769620064646006,12471.69023299648,5803.075367920321
1783310274,500,,Aggregated,224.600000,0.000000,7,12,16,31,85,200,1500,3100,11000,12000,12000,74238,0,7,125.88205767736923,2.7769620064646006,12471.69023299648,5801.2627630054685
1783310275,500,,Aggregated,224.200000,0.000000,7,12,16,31,85,200,1500,3100,11000,12000,12000,74463,0,7,125.55339532235494,2.7769620064646006,12471.69023299648,5800.951452399178
1783310276,500,,Aggregated,226.300000,0.000000,7,12,16,31,85,200,1500,3100,11000,12000,12000,74700,0,7,125.20026717406337,2.7769620064646006,12471.69023299648,5797.781485943775
1783310277,500,,Aggregated,225.200000,0.000000,7,12,16,31,85,200,1500,3100,11000,12000,12000,74937,0,7,124.86123403664976,2.7769620064646006,12471.69023299648,5796.605268425477
1783310278,500,,Aggregated,226.400000,0.000000,7,12,16,31,85,190,1500,3100,11000,12000,12000,75165,0,7,124.52938140113548,2.7769620064646006,12471.69023299648,5798.063300738376
1783310279,500,,Aggregated,227.000000,0.000000,7,12,16,30,84,190,1500,3100,11000,12000,12000,75391,0,7,124.19733803783332,2.7769620064646006,12471.69023299648,5798.613813319892
1783310280,500,,Aggregated,227.500000,0.000000,7,12,16,30,84,190,1500,3100,11000,12000,12000,75621,0,7,123.86910067017264,2.7769620064646006,12471.69023299648,5797.665026910514
1783310281,500,,Aggregated,227.000000,0.000000,7,12,16,30,84,190,1400,3000,11000,12000,12000,75853,0,7,123.53827544313437,2.7769620064646006,12471.69023299648,5799.767840428197
1783310282,500,,Aggregated,228.200000,0.000000,7,12,16,30,84,190,1400,3000,11000,12000,12000,76083,0,7,123.21027743272622,2.7769620064646006,12471.69023299648,5799.847797799771
1783310283,500,,Aggregated,228.900000,0.000000,7,12,16,30,84,190,1400,3000,11000,12000,12000,76241,0,7,123.01249138157957,2.7769620064646006,12471.69023299648,5799.359530961032
1783310284,500,,Aggregated,228.500000,0.000000,7,12,16,31,84,190,1400,3000,11000,12000,12000,76533,0,7,122.7332295180499,2.7769620064646006,12471.69023299648,5797.875217226556
1783310285,500,,Aggregated,224.800000,0.000000,7,12,16,31,84,190,1400,3000,11000,12000,12000,76761,0,7,122.42982193746784,2.7769620064646006,12471.69023299648,5795.234533161371
1783310286,500,,Aggregated,227.400000,0.000000,7,12,16,31,84,180,1400,3000,11000,12000,12000,76970,0,7,122.13560135567134,2.7769620064646006,12471.69023299648,5794.743406522021
1783310287,500,,Aggregated,228.500000,0.000000,7,12,16,30,84,180,1400,2900,11000,12000,12000,77205,0,7,121.80655634149568,2.7769620064646006,12471.69023299648,5794.658117997539
1783310288,500,,Aggregated,226.300000,0.000000,7,12,16,30,84,180,1400,2900,11000,12000,12000,77450,0,7,121.47155958264852,2.7769620064646006,12471.69023299648,5793.817611362169
1783310289,500,,Aggregated,225.300000,0.000000,7,12,16,30,84,180,1400,2900,11000,12000,12000,77670,0,7,121.18469530852335,2.7769620064646006,12471.69023299648,5793.117883352646
1783310290,500,,Aggregated,227.000000,0.000000,7,12,16,30,84,180,1400,2900,11000,12000,12000,77902,0,7,120.87100338873236,2.7769620064646006,12471.69023299648,5792.4748530204615
1783310291,500,,Aggregated,226.300000,0.000000,7,12,16,30,84,180,1400,2900,11000,12000,12000,78122,0,7,120.60517129529588,2.7769620064646006,12471.69023299648,5792.6177517216665
1783310292,500,,Aggregated,225.800000,0.000000,7,12,16,29,84,180,1400,2900,11000,12000,12000,78355,0,7,120.2954631551927,2.7769620064646006,12471.69023299648,5790.844489821964
1783310293,500,,Aggregated,224.800000,0.000000,7,12,16,29,84,180,1400,2900,11000,12000,12000,78575,0,7,120.00769612314686,2.7769620064646006,12471.69023299648,5790.283054406618
1783310294,500,,Aggregated,226.500000,0.000000,7,12,16,29,84,180,1400,2900,11000,12000,12000,78819,0,7,119.67885018084846,2.7769620064646006,12471.69023299648,5791.119184460599
1783310295,500,,Aggregated,229.200000,0.000000,7,12,16,29,83,180,1400,2900,11000,12000,12000,79041,0,7,119.39637531461176,2.7769620064646006,12471.69023299648,5792.964461482015
1783310296,500,,Aggregated,226.200000,0.000000,7,12,16,29,83,170,1400,2900,11000,12000,12000,79277,0,7,119.10232158401695,2.7769620064646006,12471.69023299648,5793.475093658943
1783310297,500,,Aggregated,226.200000,0.000000,7,12,16,29,83,170,1400,2900,11000,12000,12000,79517,0,7,118.79551462690101,2.7769620064646006,12471.69023299648,5793.2605606348325
1783310298,500,,Aggregated,228.500000,0.000000,7,12,16,29,83,170,1400,2800,11000,12000,12000,79740,0,7,118.50756983264696,2.7769620064646006,12471.69023299648,5793.607938299473
1783310299,500,,Aggregated,227.500000,0.000000,7,12,16,29,83,170,1400,2800,11000,12000,12000,79977,0,7,118.21700053182053,2.7769620064646006,12471.69023299648,5793.914800505146
1783310300,500,,Aggregated,227.500000,0.000000,7,12,16,28,83,170,1400,2800,11000,12000,12000,80205,0,7,117.92169055184206,2.7769620064646006,12471.69023299648,5793.489383454897
1783310301,500,,Aggregated,227.600000,0.000000,7,12,16,28,83,170,1400,2800,11000,12000,12000,80413,0,7,117.65688663060156,2.7769620064646006,12471.69023299648,5794.439841816622
1783310302,500,,Aggregated,227.800000,0.000000,7,12,16,28,83,170,1400,2800,11000,12000,12000,80666,0,7,117.34853600796362,2.7769620064646006,12471.69023299648,5794.912676964273
1783310303,500,,Aggregated,227.900000,0.000000,7,12,16,28,83,170,1400,2800,11000,12000,12000,80844,0,7,117.13136097176687,2.7769620064646006,12471.69023299648,5794.369526495473
1783310304,500,,Aggregated,228.700000,0.000000,7,12,16,30,84,170,1300,2800,11000,12000,12000,81180,0,7,117.10490721955459,2.7769620064646006,12471.69023299648,5794.812503079576
1783310305,500,,Aggregated,229.600000,0.000000,7,12,16,29,84,170,1300,2700,11000,12000,12000,81391,0,7,116.84175418356415,2.7769620064646006,12471.69023299648,5793.618336179676
1783310306,500,,Aggregated,228.600000,0.000000,7,12,16,29,84,170,1300,2700,11000,12000,12000,81617,0,7,116.55936915216542,2.7769620064646006,12471.69023299648,5794.491980837325
1783310307,500,,Aggregated,227.400000,0.000000,7,12,16,29,83,170,1300,2700,11000,12000,12000,81844,0,7,116.27438669002511,2.7769620064646006,12471.69023299648,5794.284614632716
1783310308,500,,Aggregated,224.200000,0.000000,7,12,16,29,83,170,1300,2700,11000,12000,12000,82079,0,7,115.98578061083184,2.7769620064646006,12471.69023299648,5795.322555099356
1783310309,500,,Aggregated,227.200000,0.000000,7,12,16,29,83,170,1300,2700,11000,12000,12000,82299,0,7,115.71974880899353,2.7769620064646006,12471.69023299648,5795.626107243102
1783310310,500,,Aggregated,226.100000,0.000000,7,12,16,29,83,170,1300,2700,11000,12000,12000,82531,0,7,115.43596227436167,2.7769620064646006,12471.69023299648,5795.467109328616
1783310311,500,,Aggregated,225.600000,0.000000,7,12,16,28,83,170,1300,2700,11000,12000,12000,82777,0,7,115.13702459432369,2.7769620064646006,12471.69023299648,5795.81459825797
1783310312,500,,Aggregated,226.600000,0.000000,7,12,16,28,83,170,1300,2700,11000,12000,12000,82990,0,7,114.91190862162027,2.7769620064646006,12471.69023299648,5794.626159778287
1783310313,500,,Aggregated,227.400000,0.000000,7,12,16,28,83,170,1300,2700,11000,12000,12000,83224,0,7,114.6377020225796,2.7769620064646006,12471.69023299648,5796.363308660963
1783310314,500,,Aggregated,223.400000,0.000000,7,12,16,28,83,160,1300,2700,11000,12000,12000,83466,0,7,114.35370146113608,2.7769620064646006,12471.69023299648,5796.264790453598
1783310315,500,,Aggregated,226.500000,0.000000,7,12,16,28,83,160,1300,2700,11000,12000,12000,83683,0,7,114.09533987916558,2.7769620064646006,12471.69023299648,5795.359666837948
1783310316,500,,Aggregated,227.400000,0.000000,7,12,16,28,83,160,1300,2700,11000,12000,12000,83912,0,7,113.82551913595476,2.7769620064646006,12471.69023299648,5796.578141386214
1783310317,500,,Aggregated,229.000000,0.000000,7,12,16,28,82,160,1300,2700,11000,12000,12000,84156,0,7,113.53310833472545,2.7769620064646006,12471.69023299648,5797.486893388469
1783310318,500,,Aggregated,229.200000,0.000000,7,12,16,28,82,160,1300,2700,11000,12000,12000,84367,0,7,113.28757126088648,2.7769620064646006,12471.69023299648,5796.039660056657
1783310319,500,,Aggregated,228.500000,0.000000,7,12,16,27,82,160,1300,2700,11000,12000,12000,84620,0,7,112.98801797726635,2.7769620064646006,12471.69023299648,5794.7658236823445
1783310320,500,,Aggregated,228.500000,0.000000,7,12,16,27,82,160,1300,2700,11000,12000,12000,84844,0,7,112.73095600178391,2.7769620064646006,12471.69023299648,5793.012847107633
1783310321,500,,Aggregated,229.100000,0.000000,7,12,16,27,82,160,1300,2700,11000,12000,12000,85065,0,7,112.47436631490302,2.7769620064646006,12471.69023299648,5796.234456004232
1783310322,500,,Aggregated,229.500000,0.000000,7,12,16,27,82,160,1300,2700,11000,12000,12000,85233,0,7,112.28660487069897,2.7769620064646006,12471.69023299648,5797.0685297947975
1783310323,500,,Aggregated,228.600000,0.000000,7,12,16,28,82,160,1300,2600,11000,12000,12000,85537,0,7,112.16740270164169,2.7769620064646006,12471.69023299648,5796.85692741153
1783310324,500,,Aggregated,229.500000,0.000000,7,12,16,28,82,160,1300,2600,11000,12000,12000,85770,0,7,111.9012831125717,2.7769620064646006,12471.69023299648,5796.92813337997
1783310325,500,,Aggregated,225.100000,0.000000,7,12,16,28,82,160,1300,2600,11000,12000,12000,85991,0,7,111.6499273423307,2.7769620064646006,12471.69023299648,5795.88575548604
1783310326,500,,Aggregated,225.800000,0.000000,7,12,16,27,82,160,1200,2600,11000,12000,12000,86226,0,7,111.38115322138907,2.7769620064646006,12471.69023299648,5797.604608818686
1783310327,500,,Aggregated,225.200000,0.000000,7,12,16,27,82,160,1200,2600,11000,12000,12000,86467,0,7,111.12587833916457,2.7769620064646006,12471.69023299648,5798.76979656979
1783310328,500,,Aggregated,229.100000,0.000000,7,12,16,27,82,160,1200,2600,11000,12000,12000,86694,0,7,110.87059175158072,2.7769620064646006,12471.69023299648,5799.722252981752
1783310329,500,,Aggregated,226.700000,0.000000,7,12,16,27,82,160,1200,2600,11000,12000,12000,86930,0,7,110.60401845297896,2.7769620064646006,12471.69023299648,5801.953571839411
1783310330,500,,Aggregated,227.600000,0.000000,7,12,16,27,81,160,1200,2600,11000,12000,12000,87167,0,7,110.34040892030701,2.7769620064646006,12471.69023299648,5801.8232473298385
1783310331,500,,Aggregated,227.700000,0.000000,7,12,16,27,81,160,1200,2600,11000,12000,12000,87380,0,7,110.11867987681941,2.7769620064646006,12471.69023299648,5800.703387502861
1783310332,500,,Aggregated,226.400000,0.000000,7,12,16,26,81,150,1200,2600,11000,12000,12000,87647,0,7,109.83086460840134,2.7769620064646006,12471.69023299648,5801.799491140598
1783310333,500,,Aggregated,228.500000,0.000000,7,12,16,26,81,150,1200,2600,11000,12000,12000,87863,0,7,109.60621131554171,2.7769620064646006,12471.69023299648,5802.288813266107
1783310334,500,,Aggregated,227.200000,0.000000,7,12,16,26,81,150,1200,2600,11000,12000,12000,88099,0,7,109.34810877728921,2.7769620064646006,12471.69023299648,5801.640938035619
1783310335,500,,Aggregated,233.700000,0.000000,7,12,16,26,81,150,1200,2600,11000,12000,12000,88311,0,7,109.12377220173524,2.7769620064646006,12471.69023299648,5801.812016623071
1783310336,500,,Aggregated,230.200000,0.000000,7,12,16,26,81,150,1200,2600,11000,12000,12000,88545,0,7,108.87179526715566,2.7769620064646006,12471.69023299648,5802.832627477554
1783310337,500,,Aggregated,230.800000,0.000000,7,12,16,26,81,150,1200,2500,11000,12000,12000,88780,0,7,108.62553476050287,2.7769620064646006,12471.69023299648,5802.257276413607
1783310338,500,,Aggregated,228.100000,0.000000,7,12,16,25,81,150,1200,2500,11000,12000,12000,89007,0,7,108.38962941031012,2.7769620064646006,12471.69023299648,5803.206747783882
1783310339,500,,Aggregated,230.200000,0.000000,7,12,16,25,81,150,1200,2500,11000,12000,12000,89246,0,7,108.13858251363102,2.7769620064646006,12471.69023299648,5803.751596710216
1783310340,500,,Aggregated,228.800000,0.000000,7,12,16,25,81,150,1200,2500,11000,12000,12000,89475,0,7,107.9094642224583,2.7769620064646006,12471.69023299648,5804.5310310142495
1783310341,500,,Aggregated,229.900000,0.000000,7,12,16,26,81,150,1200,2500,11000,12000,12000,89719,0,7,107.81876338366943,2.7769620064646006,12471.69023299648,5801.595659782209
1783310342,500,,Aggregated,230.600000,0.000000,7,12,16,26,81,150,1200,2500,11000,12000,12000,89935,0,7,107.58922147409142,2.7769620064646006,12471.69023299648,5801.595719130483
1783310343,500,,Aggregated,227.800000,0.000000,7,12,16,26,81,150,1100,2500,11000,12000,12000,90146,0,7,107.37522784575485,2.7769620064646006,12471.69023299648,5801.120571073592
1783310344,500,,Aggregated,232.500000,0.000000,7,12,16,26,81,150,1100,2500,11000,12000,12000,90399,0,7,107.11355763656017,2.7769620064646006,12471.69023299648,5802.973185544088
1783310345,500,,Aggregated,227.500000,0.000000,7,12,16,26,80,150,1100,2500,11000,12000,12000,90621,0,7,106.88917489283457,2.7769620064646006,12471.69023299648,5803.4040895598155
1783310346,500,,Aggregated,227.600000,0.000000,7,12,16,25,80,150,1100,2500,11000,12000,12000,90857,0,7,106.64724048072812,2.7769620064646006,12471.69023299648,5803.390294638828
1783310347,500,,Aggregated,229.000000,0.000000,7,12,16,25,80,150,1100,2400,11000,12000,12000,91085,0,7,106.42272977211972,2.7769620064646006,12471.69023299648,5804.302300049404
1783310348,500,,Aggregated,229.500000,0.000000,7,12,16,25,80,150,1100,2400,11000,12000,12000,91308,0,7,106.19729681910265,2.7769620064646006,12471.69023299648,5803.398081219609
1783310349,500,,Aggregated,229.300000,0.000000,7,12,15,25,80,150,1100,2400,11000,12000,12000,91543,0,7,105.967544839558,2.7769620064646006,12471.69023299648,5799.69986782168
1783310350,500,,Aggregated,229.300000,0.000000,7,12,15,25,80,150,1100,2400,11000,12000,12000,91783,0,7,105.75272424785216,2.7769620064646006,12471.69023299648,5800.168397197738
1783310352,500,,Aggregated,228.000000,0.000000,7,12,15,25,80,150,1100,2400,11000,12000,12000,92014,0,7,105.5336326850889,2.7769620064646006,12471.69023299648,5800.470732714587
1783310353,500,,Aggregated,230.700000,0.000000,7,12,15,25,80,150,1100,2400,11000,12000,12000,92240,0,7,105.30865226449221,2.7769620064646006,12471.69023299648,5801.2629770164785
1783310354,500,,Aggregated,227.900000,0.000000,7,12,15,25,80,150,1100,2400,11000,12000,12000,92473,0,7,105.08484522794696,2.7769620064646006,12471.69023299648,5800.81114487472
1783310355,500,,Aggregated,228.300000,0.000000,7,12,15,25,80,140,1100,2400,11000,12000,12000,92707,0,7,104.85764163088155,2.7769620064646006,12471.69023299648,5800.59958794913
1783310356,500,,Aggregated,231.300000,0.000000,7,12,15,25,80,140,1100,2400,11000,12000,12000,92946,0,7,104.62900516054674,2.7769620064646006,12471.69023299648,5799.028801669787
1783310357,500,,Aggregated,228.900000,0.000000,7,12,15,25,80,140,1100,2400,11000,12000,12000,93160,0,7,104.43043346099446,2.7769620064646006,12471.69023299648,5797.283136539288
1783310358,500,,Aggregated,231.300000,0.000000,7,12,15,24,79,140,1100,2400,11000,12000,12000,93388,0,7,104.20931132103952,2.7769620064646006,12471.69023299648,5797.802105195528
1783310359,500,,Aggregated,227.700000,0.000000,7,12,15,24,79,140,1100,2400,11000,12000,12000,93625,0,7,103.97257526662837,2.7769620064646006,12471.69023299648,5798.236101468625
1783310360,500,,Aggregated,228.600000,0.000000,7,12,15,24,79,140,1100,2400,11000,12000,12000,93853,0,7,103.75950743474503,2.7769620064646006,12471.69023299648,5797.493772175636
1783310361,500,,Aggregated,229.700000,0.000000,7,12,15,24,79,140,1100,2400,11000,12000,12000,94080,0,7,103.54699806839997,2.7769620064646006,12471.69023299648,5798.248490646259
1783310362,500,,Aggregated,229.500000,0.000000,7,12,15,24,79,140,1100,2400,11000,12000,12000,94247,0,7,103.46038625019457,2.7769620064646006,12471.69023299648,5798.67774040553
1783310363,500,,Aggregated,228.000000,0.000000,7,12,15,25,80,150,1000,2300,11000,12000,12000,94539,0,7,103.43642845610947,2.7769620064646006,12471.69023299648,5797.894435100858
1783310364,500,,Aggregated,221.000000,0.000000,7,12,15,25,80,140,1000,2300,11000,12000,12000,94751,0,7,103.23962026351255,2.7769620064646006,12471.69023299648,5797.545872866777
1783310365,500,,Aggregated,228.700000,0.000000,7,12,15,25,80,140,1000,2300,11000,12000,12000,94988,0,7,103.01872409511807,2.7769620064646006,12471.69023299648,5795.547763928075
1783310366,500,,Aggregated,226.100000,0.000000,7,12,15,25,80,140,1000,2300,11000,12000,12000,95206,0,7,102.81059415928603,2.7769620064646006,12471.69023299648,5797.580142007857
1783310367,500,,Aggregated,225.900000,0.000000,7,12,15,25,79,140,1000,2300,11000,12000,12000,95445,0,7,102.59321967445176,2.7769620064646006,12471.69023299648,5798.586704384724
1783310368,500,,Aggregated,223.600000,0.000000,7,12,15,24,79,140,1000,2300,11000,12000,12000,95676,0,7,102.37359162322983,2.7769620064646006,12471.69023299648,5798.169749989548
1783310369,500,,Aggregated,227.000000,0.000000,7,12,15,24,79,140,1000,2300,11000,12000,12000,95891,0,7,102.18143246742854,2.7769620064646006,12471.69023299648,5797.206119448123
1783310370,500,,Aggregated,227.400000,0.000000,7,12,15,24,79,140,1000,2300,11000,12000,12000,96143,0,7,101.95721382786232,2.7769620064646006,12471.69023299648,5797.174635698907
1783310371,500,,Aggregated,225.800000,0.000000,7,12,15,24,79,140,1000,2300,11000,12000,12000,96355,0,7,101.75749451405946,2.7769620064646006,12471.69023299648,5798.1834466296505
1783310372,500,,Aggregated,227.400000,0.000000,7,12,15,24,79,140,1000,2300,11000,12000,12000,96591,0,7,101.54645031168614,2.7769620064646006,12471.69023299648,5798.491816007702
1783310373,500,,Aggregated,226.200000,0.000000,7,12,15,24,79,140,990,2300,11000,12000,12000,96818,0,7,101.3419548323035,2.7769620064646006,12471.69023299648,5798.707213534673
1783310374,500,,Aggregated,233.800000,0.000000,7,12,15,24,79,140,990,2300,11000,12000,12000,97051,0,7,101.13488323840015,2.7769620064646006,12471.69023299648,5798.472308373947
1783310375,500,,Aggregated,225.500000,0.000000,7,12,15,24,79,140,990,2300,11000,12000,12000,97261,0,7,100.94649064146905,2.7769620064646006,12471.69023299648,5798.88256341185
1783310376,500,,Aggregated,228.100000,0.000000,7,12,15,24,79,140,970,2300,11000,12000,12000,97523,0,7,100.72779872946809,2.7769620064646006,12471.69023299648,5799.282692287973
1783310377,500,,Aggregated,227.300000,0.000000,7,12,15,24,78,140,970,2300,11000,12000,12000,97754,0,7,100.51765404678035,2.7769620064646006,12471.69023299648,5799.0712502813185
1783310378,500,,Aggregated,228.800000,0.000000,7,12,15,24,78,140,960,2300,11000,12000,12000,97966,0,7,100.33742072796558,2.7769620064646006,12471.69023299648,5799.016924239022
1783310379,500,,Aggregated,230.400000,0.000000,7,12,15,24,78,140,960,2300,11000,12000,12000,98222,0,7,100.13083451223699,2.7769620064646006,12471.69023299648,5797.966962594938
1783310380,500,,Aggregated,227.000000,0.000000,7,12,15,23,78,140,960,2200,11000,12000,12000,98442,0,7,99.94106312094326,2.7769620064646006,12471.69023299648,5797.179039434388
1783310381,500,,Aggregated,230.800000,0.000000,7,12,15,23,78,140,950,2200,11000,12000,12000,98662,0,7,99.74648664052957,2.7769620064646006,12471.69023299648,5796.374956923638
1783310382,500,,Aggregated,227.000000,0.000000,7,12,15,24,79,140,940,2200,11000,12000,12000,98958,0,7,99.79005011678827,2.7769620064646006,12471.69023299648,5795.7961963661355
1783310383,500,,Aggregated,229.700000,0.000000,7,12,15,24,79,140,940,2200,11000,12000,12000,99186,0,7,99.61060064496257,2.7769620064646006,12471.69023299648,5795.725435041236
1783310384,500,,Aggregated,225.300000,0.000000,7,12,15,24,79,140,930,2200,11000,12000,12000,99398,0,7,99.427861853863,2.7769620064646006,12471.69023299648,5795.616903760639
1783310385,500,,Aggregated,227.400000,0.000000,7,12,15,24,79,140,930,2200,11000,12000,12000,99625,0,7,99.23050460615603,2.7769620064646006,12471.69023299648,5796.90478293601
1783310386,500,,Aggregated,226.800000,0.000000,7,12,15,24,79,140,920,2200,11000,12000,12000,99867,0,7,99.02791890989246,2.7769620064646006,12471.69023299648,5795.999349134348
1783310387,500,,Aggregated,226.800000,0.000000,7,12,15,24,78,140,920,2200,11000,12000,12000,100087,0,7,98.84540506641483,2.7769620064646006,12471.69023299648,5796.174428247425
1783310388,500,,Aggregated,225.900000,0.000000,7,12,15,24,78,140,920,2200,11000,12000,12000,100321,0,7,98.65348807561033,2.7769620064646006,12471.69023299648,5796.476659921652
1783310389,500,,Aggregated,223.700000,0.000000,7,12,15,24,78,140,910,2200,11000,12000,12000,100561,0,7,98.45344261204903,2.7769620064646006,12471.69023299648,5797.091755253031
1783310390,500,,Aggregated,225.300000,0.000000,7,12,15,24,78,140,910,2200,11000,12000,12000,100801,0,7,98.25917619754108,2.7769620064646006,12471.69023299648,5796.8359341673195
1783310391,500,,Aggregated,223.500000,0.000000,7,12,15,24,78,140,900,2200,11000,12000,12000,101025,0,7,98.0775268216606,2.7769620064646006,12471.69023299648,5796.467102202425
1783310392,500,,Aggregated,224.600000,0.000000,7,12,15,23,78,140,900,2200,11000,12000,12000,101245,0,7,97.89496139485739,2.7769620064646006,12471.69023299648,5796.238313003111
1783310393,500,,Aggregated,225.600000,0.000000,7,12,15,23,78,140,890,2200,11000,12000,12000,101479,0,7,97.70674986826089,2.7769620064646006,12471.69023299648,5794.628494565378
1783310394,500,,Aggregated,228.600000,0.000000,7,12,15,23,78,140,890,2200,11000,12000,12000,101709,0,7,97.52198460471948,2.7769620064646006,12471.69023299648,5794.513848332006
1783310395,500,,Aggregated,227.600000,0.000000,7,12,15,23,78,140,890,2200,11000,12000,12000,101930,0,7,97.34596920283875,2.7769620064646006,12471.69023299648,5793.003316001177
1783310396,500,,Aggregated,227.500000,0.000000,7,12,15,23,78,140,880,2200,11000,12000,12000,102182,0,7,97.14197276916019,2.7769620064646006,12471.69023299648,5793.470836350825
1783310397,500,,Aggregated,227.000000,0.000000,7,12,15,23,78,140,880,2200,11000,12000,12000,102402,0,7,96.96289712604411,2.7769620064646006,12471.69023299648,5794.037518798461
1783310398,500,,Aggregated,228.500000,0.000000,7,12,15,23,78,140,870,2200,11000,12000,12000,102635,0,7,96.77232714444415,2.7769620064646006,12471.69023299648,5794.292297949043
1783310399,500,,Aggregated,228.100000,0.000000,7,12,15,23,78,130,870,2200,11000,12000,12000,102853,0,7,96.6033777792106,2.7769620064646006,12471.69023299648,5792.867850232857
1783310400,500,,Aggregated,228.700000,0.000000,7,12,15,23,77,130,870,2200,11000,12000,12000,103095,0,7,96.4066487528983,2.7769620064646006,12471.69023299648,5793.710529123624
1783310401,500,,Aggregated,228.700000,0.000000,7,12,15,23,78,140,870,2200,11000,12000,12000,103327,0,7,96.37631445291306,2.7769620064646006,12471.69023299648,5792.144521761011
1783310402,500,,Aggregated,229.400000,0.000000,7,12,15,23,78,140,870,2100,11000,12000,12000,103541,0,7,96.20705712051499,2.7769620064646006,12471.69023299648,5793.136786393796
1783310403,500,,Aggregated,226.700000,0.000000,7,12,15,23,78,130,870,2100,11000,12000,12000,103773,0,7,96.02208875029342,2.7769620064646006,12471.69023299648,5794.697483931273
1783310404,500,,Aggregated,229.000000,0.000000,7,12,15,23,78,130,860,2100,11000,12000,12000,104004,0,7,95.84675045081151,2.7769620064646006,12471.69023299648,5793.603717164724
1783310405,500,,Aggregated,225.500000,0.000000,7,12,15,23,77,130,860,2100,11000,12000,12000,104218,0,7,95.67829683451328,2.7769620064646006,12471.69023299648,5793.017588132569
1783310406,500,,Aggregated,226.500000,0.000000,7,12,15,23,77,130,860,2100,11000,12000,12000,104457,0,7,95.50154836502333,2.7769620064646006,12471.69023299648,5793.665489148645
1783310407,500,,Aggregated,229.200000,0.000000,7,12,15,23,77,130,850,2100,11000,12000,12000,104680,0,7,95.32864742918831,2.7769620064646006,12471.69023299648,5795.094096293466
1783310408,500,,Aggregated,225.900000,0.000000,7,12,15,23,77,130,850,2100,11000,12000,12000,104915,0,7,95.1434796847424,2.7769620064646006,12471.69023299648,5793.262593528094
1783310409,500,,Aggregated,226.000000,0.000000,7,12,15,23,77,130,850,2100,11000,12000,12000,105145,0,7,94.96709628386103,2.7769620064646006,12471.69023299648,5794.422597365543
1783310410,500,,Aggregated,226.600000,0.000000,7,12,15,23,77,130,840,2100,11000,12000,12000,105358,0,7,94.81389736975459,2.7769620064646006,12471.69023299648,5794.207046451147
1783310411,500,,Aggregated,226.900000,0.000000,7,12,15,23,77,130,840,2100,11000,12000,12000,105588,0,7,94.64262419464823,2.7769620064646006,12471.69023299648,5795.3722487403875
1783310412,500,,Aggregated,225.500000,0.000000,7,12,15,23,77,130,840,2100,11000,12000,12000,105834,0,7,94.4564847597717,2.7769620064646006,12471.69023299648,5794.759028289585
1783310413,500,,Aggregated,226.600000,0.000000,7,12,15,23,77,130,840,2100,11000,12000,12000,106042,0,7,94.2980094829638,2.7769620064646006,12471.69023299648,5793.249250297052
1783310414,500,,Aggregated,223.400000,0.000000,7,12,15,23,77,130,830,2100,11000,12000,12000,106284,0,7,94.11679751796488,2.7769620064646006,12471.69023299648,5794.010763614467
1783310415,500,,Aggregated,228.200000,0.000000,7,12,15,22,77,130,830,2100,11000,12000,12000,106523,0,7,93.9417958229707,2.7769620064646006,12471.69023299648,5794.311801207251
1783310416,500,,Aggregated,226.000000,0.000000,7,12,15,22,77,130,830,2100,11000,12000,12000,106753,0,7,93.76941514687199,2.7769620064646006,12471.69023299648,5793.218701113786
1783310417,500,,Aggregated,225.800000,0.000000,7,12,15,22,77,130,820,2100,11000,12000,12000,106992,0,7,93.58684449734443,2.7769620064646006,12471.69023299648,5795.084959623149
1783310418,500,,Aggregated,228.200000,0.000000,7,12,15,22,76,130,820,2100,11000,12000,12000,107214,0,7,93.42105107978458,2.7769620064646006,12471.69023299648,5794.823474546235
1783310419,500,,Aggregated,228.500000,0.000000,7,12,15,22,76,130,810,2100,11000,12000,12000,107444,0,7,93.25313991437365,2.7769620064646006,12471.69023299648,5795.605608503034
1783310420,500,,Aggregated,228.300000,0.000000,7,12,15,22,76,130,810,2100,11000,12000,12000,107608,0,7,93.130715412264,2.7769620064646006,12471.69023299648,5796.453776670879
1783310421,500,,Aggregated,226.900000,0.000000,7,12,15,22,77,130,800,2100,11000,12000,12000,107908,0,7,93.02488075695945,2.7769620064646006,12471.69023299648,5796.446028098009
1783310422,500,,Aggregated,228.800000,0.000000,7,12,15,22,77,130,800,2100,11000,12000,12000,108128,0,7,92.87202056777997,2.7769620064646006,12471.69023299648,5795.300088783664
1783310423,500,,Aggregated,220.100000,0.000000,7,12,15,22,76,130,800,2100,11000,12000,12000,108370,0,7,92.69894696121658,2.7769620064646006,12471.69023299648,5795.823788871459
1783310424,500,,Aggregated,228.700000,0.000000,7,12,15,22,76,130,790,2100,11000,12000,12000,108611,0,7,92.53157167759252,2.7769620064646006,12471.69023299648,5793.858706760825
1783310426,500,,Aggregated,229.300000,0.000000,7,12,15,22,76,130,790,2100,11000,12000,12000,108836,0,7,92.36493906831322,2.7769620064646006,12471.69023299648,5792.708019405344
1783310427,500,,Aggregated,229.400000,0.000000,7,12,15,22,76,130,780,2100,11000,12000,12000,109067,0,7,92.20085717856968,2.7769620064646006,12471.69023299648,5791.278269320693
1783310428,500,,Aggregated,228.000000,0.000000,7,12,15,22,76,130,780,2000,11000,12000,12000,109284,0,7,92.04380644038453,2.7769620064646006,12471.69023299648,5792.111370374438
1783310429,500,,Aggregated,228.100000,0.000000,7,12,15,22,76,130,780,2000,11000,12000,12000,109522,0,7,91.8785607256438,2.7769620064646006,12471.69023299648,5791.412026807399
1783310430,500,,Aggregated,226.900000,0.000000,7,12,15,22,76,130,770,2000,11000,12000,12000,109750,0,7,91.71471562498377,2.7769620064646006,12471.69023299648,5791.233922551253
1783310431,500,,Aggregated,227.400000,0.000000,7,12,15,22,76,130,770,2000,11000,12000,12000,109980,0,7,91.5506424117366,2.7769620064646006,12471.69023299648,5790.289843607929
1783310432,500,,Aggregated,228.000000,0.000000,7,12,15,22,76,130,760,2000,11000,12000,12000,110217,0,7,91.38922551047284,2.7769620064646006,12471.69023299648,5791.1158260522425
1783310433,500,,Aggregated,235.800000,0.000000,7,12,15,22,76,130,760,2000,11000,12000,12000,110437,0,7,91.23135879515702,2.7769620064646006,12471.69023299648,5790.432499977363
1783310434,500,,Aggregated,229.100000,0.000000,7,12,15,22,76,130,760,2000,11000,12000,12000,110679,0,7,91.06513846941944,2.7769620064646006,12471.69023299648,5790.765086421092
1783310435,500,,Aggregated,229.900000,0.000000,7,12,15,22,76,130,750,2000,11000,12000,12000,110898,0,7,90.92822482189746,2.7769620064646006,12471.69023299648,5790.946139695937
1783310436,500,,Aggregated,228.900000,0.000000,7,12,15,22,76,130,750,2000,11000,12000,12000,111130,0,7,90.76938602307136,2.7769620064646006,12471.69023299648,5790.974021416359
1783310437,500,,Aggregated,226.100000,0.000000,7,12,15,22,76,130,750,2000,11000,12000,12000,111364,0,7,90.60432940900085,2.7769620064646006,12471.69023299648,5791.703674436982
1783310438,500,,Aggregated,227.900000,0.000000,7,12,15,22,75,130,750,2000,11000,12000,12000,111595,0,7,90.44940355504387,2.7769620064646006,12471.69023299648,5790.39808235136
1783310439,500,,Aggregated,227.000000,0.000000,7,12,15,22,75,130,740,2000,11000,12000,12000,111835,0,7,90.29264451454489,2.7769620064646006,12471.69023299648,5789.064765055662
1783310440,500,,Aggregated,228.200000,0.000000,7,12,15,22,75,130,740,2000,11000,12000,12000,112064,0,7,90.13828249858159,2.7769620064646006,12471.69023299648,5788.156954954312
1783310441,500,,Aggregated,229.400000,0.000000,7,12,15,22,75,130,740,2000,11000,12000,12000,112299,0,7,89.97732307700963,2.7769620064646006,12471.69023299648,5788.872207232477
1783310442,500,,Aggregated,228.300000,0.000000,7,12,15,22,76,130,740,2000,11000,12000,12000,112604,0,7,90.07724029909254,2.7769620064646006,12471.69023299648,5786.34148875706
1783310443,500,,Aggregated,229.100000,0.000000,7,12,15,22,76,130,730,2000,11000,12000,12000,112833,0,7,89.9341570137751,2.7769620064646006,12471.69023299648,5784.829092552711
1783310444,500,,Aggregated,223.600000,0.000000,7,12,15,22,76,130,730,2000,11000,12000,12000,113047,0,7,89.78533530870614,2.7769620064646006,12471.69023299648,5784.833600183994
1783310445,500,,Aggregated,224.400000,0.000000,7,12,15,22,76,130,730,2000,11000,12000,12000,113273,0,7,89.63473481240366,2.7769620064646006,12471.69023299648,5785.028885965764
1783310446,500,,Aggregated,225.600000,0.000000,7,12,15,22,76,130,730,2000,11000,12000,12000,113518,0,7,89.48234904503556,2.7769620064646006,12471.69023299648,5784.438846702726
1783310447,500,,Aggregated,226.400000,0.000000,7,12,15,22,76,130,720,2000,11000,12000,12000,113742,0,7,89.33690147824262,2.7769620064646006,12471.69023299648,5785.681305058817
1783310448,500,,Aggregated,224.300000,0.000000,7,12,15,22,76,130,720,2000,11000,12000,12000,113987,0,7,89.17810390734192,2.7769620064646006,12471.69023299648,5784.992981655803
1783310449,500,,Aggregated,226.100000,0.000000,7,12,15,22,75,130,710,2000,11000,12000,12000,114208,0,7,89.02744583987159,2.7769620064646006,12471.69023299648,5785.252329083777
1783310450,500,,Aggregated,226.100000,0.000000,7,12,15,22,75,130,710,2000,11000,12000,12000,114441,0,7,88.87884282982527,2.7769620064646006,12471.69023299648,5784.54146678201
1783310451,500,,Aggregated,225.400000,0.000000,7,12,15,22,75,130,710,2000,11000,12000,12000,114671,0,7,88.73045855516219,2.7769620064646006,12471.69023299648,5785.329612543712
1783310452,500,,Aggregated,224.500000,0.000000,7,12,15,22,75,130,710,2000,11000,12000,12000,114893,0,7,88.58933932869745,2.7769620064646006,12471.69023299648,5786.138058889575
1783310453,500,,Aggregated,225.400000,0.000000,7,12,15,22,75,130,710,2000,11000,12000,12000,115134,0,7,88.43079613531195,2.7769620064646006,12471.69023299648,5784.84887174944
1783310454,500,,Aggregated,230.300000,0.000000,7,12,15,22,75,120,700,2000,11000,12000,12000,115372,0,7,88.28355070005652,2.7769620064646006,12471.69023299648,5783.236799223382
1783310455,500,,Aggregated,229.300000,0.000000,7,12,15,22,75,120,700,2000,11000,12000,12000,115586,0,7,88.1487833288885,2.7769620064646006,12471.69023299648,5783.489626771408
1783310456,500,,Aggregated,227.100000,0.000000,7,12,15,22,75,120,690,1900,11000,12000,12000,115827,0,7,87.99536022554334,2.7769620064646006,12471.69023299648,5782.883015186442
1783310457,500,,Aggregated,229.300000,0.000000,7,12,15,22,75,120,690,1900,11000,12000,12000,116053,0,7,87.85052064867853,2.7769620064646006,12471.69023299648,5785.312202183485
1783310458,500,,Aggregated,230.700000,0.000000,7,12,15,22,75,120,690,1900,11000,12000,12000,116318,0,7,87.6924092710254,2.7769620064646006,12471.69023299648,5785.61790092677
1783310459,500,,Aggregated,229.300000,0.000000,7,12,15,21,75,120,680,1900,11000,12000,12000,116528,0,7,87.55369063848165,2.7769620064646006,12471.69023299648,5784.1068326925715
1783310460,500,,Aggregated,229.600000,0.000000,7,12,15,21,75,120,680,1900,11000,12000,12000,116751,0,7,87.41464541271587,2.7769620064646006,12471.69023299648,5782.825671728722
1783310461,500,,Aggregated,231.000000,0.000000,7,12,15,21,75,120,680,1900,11000,12000,12000,116954,0,7,87.30939251628124,2.7769620064646006,12471.69023299648,5781.648682387948
1783310462,500,,Aggregated,229.900000,0.000000,7,12,15,22,76,130,670,1900,11000,12000,12000,117271,0,7,87.51558176136584,2.7769620064646006,12471.69023299648,5781.2760614303625
1783310464,500,,Aggregated,221.200000,0.000000,7,12,15,22,76,130,670,1900,11000,12000,12000,117467,0,7,87.4046231012386,2.7769620064646006,12471.69023299648,5781.220104369738
1783310465,500,,Aggregated,230.400000,0.000000,7,12,15,22,76,130,670,1900,11000,12000,12000,117703,0,7,87.25220666721398,2.7769620064646006,12471.69023299648,5780.581038716091
1783310466,500,,Aggregated,227.500000,0.000000,7,12,15,22,76,130,660,1900,11000,12000,12000,117929,0,7,87.11992443222596,2.7769620064646006,12471.69023299648,5779.454146138778
1783310467,500,,Aggregated,227.000000,0.000000,7,12,15,22,75,130,660,1900,11000,12000,12000,118173,0,7,86.96666533619357,2.7769620064646006,12471.69023299648,5780.347549778714
1783310468,500,,Aggregated,225.600000,0.000000,7,12,15,22,75,130,660,1900,11000,12000,12000,118393,0,7,86.83464094393192,2.7769620064646006,12471.69023299648,5779.505874502715
1783310469,500,,Aggregated,227.600000,0.000000,7,12,15,22,75,130,660,1900,11000,12000,12000,118619,0,7,86.69248520316283,2.7769620064646006,12471.69023299648,5780.4363466223795
1783310470,500,,Aggregated,226.600000,0.000000,7,12,15,22,75,130,650,1900,11000,12000,12000,118844,0,7,86.56021941210282,2.7769620064646006,12471.69023299648,5781.316238093636
1783310471,500,,Aggregated,224.200000,0.000000,7,12,15,22,75,130,650,1900,11000,12000,12000,119087,0,7,86.44207756086773,2.7769620064646006,12471.69023299648,5781.188568021698
1783310472,500,,Aggregated,226.800000,0.000000,7,12,15,22,75,130,650,1900,11000,12000,12000,119312,0,7,86.30379617010776,2.7769620064646006,12471.69023299648,5781.675958830629
1783310473,500,,Aggregated,227.100000,0.000000,7,12,15,22,75,120,640,1900,11000,12000,12000,119539,0,7,86.16497459285084,2.7769620064646006,12471.69023299648,5782.418599787517
1783310474,500,,Aggregated,234.400000,0.000000,7,12,15,22,75,120,640,1900,11000,12000,12000,119781,0,7,86.02074938684758,2.7769620064646006,12471.69023299648,5783.007672335345
1783310475,500,,Aggregated,225.300000,0.000000,7,12,15,22,75,120,640,1900,11000,12000,12000,120011,0,7,85.88583980585969,2.7769620064646006,12471.69023299648,5782.547149844598
1783310476,500,,Aggregated,229.100000,0.000000,7,12,15,21,75,120,640,1900,11000,12000,12000,120241,0,7,85.74661446501655,2.7769620064646006,12471.69023299648,5782.275746209695
1783310477,500,,Aggregated,228.300000,0.000000,7,12,15,21,75,120,630,1900,11000,12000,12000,120468,0,7,85.61768445903482,2.7769620064646006,12471.69023299648,5783.0933442906
1783310478,500,,Aggregated,229.300000,0.000000,7,12,15,21,75,120,630,1900,11000,12000,12000,120695,0,7,85.48249750999715,2.7769620064646006,12471.69023299648,5783.606363146775
1783310479,500,,Aggregated,228.100000,0.000000,7,12,15,21,75,120,630,1900,11000,12000,12000,120928,0,7,85.34657537184846,2.7769620064646006,12471.69023299648,5783.65873081503
1783310480,500,,Aggregated,228.100000,0.000000,7,12,15,21,75,120,630,1900,11000,12000,12000,121148,0,7,85.21417743549948,2.7769620064646006,12471.69023299648,5784.415169874864
1783310481,500,,Aggregated,229.200000,0.000000,7,12,15,21,75,120,620,1800,11000,12000,12000,121389,0,7,85.08234048638725,2.7769620064646006,12471.69023299648,5782.733550815972
1783310482,500,,Aggregated,228.000000,0.000000,7,12,15,21,75,120,620,1800,11000,12000,12000,121599,0,7,84.9635892304542,2.7769620064646006,12471.69023299648,5782.4528080000655
1783310483,500,,Aggregated,228.200000,0.000000,7,12,15,22,75,120,620,1800,11000,12000,12000,121831,0,7,84.99538353150588,2.7769620064646006,12471.69023299648,5781.2967553414155
1783310484,500,,Aggregated,226.800000,0.000000,7,12,15,22,75,120,620,1800,11000,12000,12000,122050,0,7,84.87046779288737,2.7769620064646006,12471.69023299648,5781.918418680869
1783310485,500,,Aggregated,225.000000,0.000000,7,12,15,22,75,120,610,1800,11000,12000,12000,122262,0,7,84.7525831850518,2.7769620064646006,12471.69023299648,5781.592620765242
1783310486,500,,Aggregated,225.900000,0.000000,7,12,15,22,75,120,610,1800,11000,12000,12000,122505,0,7,84.6176077851418,2.7769620064646006,12471.69023299648,5780.995518550263
1783310487,500,,Aggregated,224.300000,0.000000,7,12,15,22,75,120,610,1800,11000,12000,12000,122730,0,7,84.48632300437372,2.7769620064646006,12471.69023299648,5780.88732176322
1783310488,500,,Aggregated,226.000000,0.000000,7,12,15,22,75,120,610,1800,11000,12000,12000,122955,0,7,84.37387982899291,2.7769620064646006,12471.69023299648,5779.161197185962
1783310489,500,,Aggregated,225.500000,0.000000,7,12,15,21,75,120,600,1800,11000,12000,12000,123179,0,7,84.24139691323042,2.7769620064646006,12471.69023299648,5779.480138659999
1783310490,500,,Aggregated,223.000000,0.000000,7,12,15,21,75,120,600,1800,11000,12000,12000,123426,0,7,84.11207629674195,2.7769620064646006,12471.69023299648,5778.21464683292
1783310491,500,,Aggregated,222.900000,0.000000,7,12,15,21,75,120,600,1800,11000,12000,12000,123645,0,7,83.98998905287512,2.7769620064646006,12471.69023299648,5778.550632860205
1783310492,500,,Aggregated,226.100000,0.000000,7,12,15,21,75,120,590,1800,11000,12000,12000,123883,0,7,83.85264054242155,2.7769620064646006,12471.69023299648,5777.211150843941
1783310493,500,,Aggregated,223.800000,0.000000,7,12,15,21,75,120,590,1800,11000,12000,12000,124110,0,7,83.73475875406267,2.7769620064646006,12471.69023299648,5777.928668116993
1783310494,500,,Aggregated,225.700000,0.000000,7,12,15,21,75,120,590,1800,11000,12000,12000,124351,0,7,83.5922366004421,2.7769620064646006,12471.69023299648,5776.399940491029
1783310495,500,,Aggregated,228.200000,0.000000,7,12,15,21,75,120,590,1800,11000,12000,12000,124572,0,7,83.47201153654483,2.7769620064646006,12471.69023299648,5775.783257874964
1783310496,500,,Aggregated,227.300000,0.000000,7,12,15,21,75,120,580,1800,11000,12000,12000,124797,0,7,83.34772024409656,2.7769620064646006,12471.69023299648,5775.291120780147
1783310497,500,,Aggregated,229.000000,0.000000,7,12,15,21,75,120,580,1800,11000,12000,12000,125026,0,7,83.22446753178235,2.7769620064646006,12471.69023299648,5776.4235519012045
1783310498,500,,Aggregated,226.700000,0.000000,7,12,15,21,75,120,580,1800,11000,12000,12000,125258,0,7,83.10121842400197,2.7769620064646006,12471.69023299648,5775.475043510195
1783310499,500,,Aggregated,227.200000,0.000000,7,12,15,22,75,120,570,1800,11000,12000,12000,125584,0,7,83.17346874524424,2.7769620064646006,12471.69023299648,5773.3530067524525
1783310500,500,,Aggregated,229.200000,0.000000,7,12,15,22,75,120,570,1800,11000,12000,12000,125786,0,7,83.07564103028808,2.7769620064646006,12471.69023299648,5772.399058718776
1783310501,500,,Aggregated,220.300000,0.000000,7,12,15,22,75,120,570,1800,11000,12000,12000,126014,0,7,82.95358143587188,2.7769620064646006,12471.69023299648,5773.751432380529
1783310502,500,,Aggregated,223.600000,0.000000,7,12,15,22,75,120,560,1800,11000,12000,12000,126235,0,7,82.99119252269081,2.7769620064646006,12471.69023299648,5772.100067334733
1783310503,500,,Aggregated,223.500000,0.000000,7,12,15,22,75,120,560,1800,11000,12000,12000,126469,0,7,82.87112878672,2.7769620064646006,12471.69023299648,5771.3867271821555
1783310504,500,,Aggregated,225.600000,0.000000,7,12,15,22,75,120,560,1800,11000,12000,12000,126700,0,7,82.74524726230126,2.7769620064646006,12471.69023299648,5772.29863456985
1783310505,500,,Aggregated,224.400000,0.000000,7,12,15,22,75,120,550,1800,11000,12000,12000,126925,0,7,82.6262507207917,2.7769620064646006,12471.69023299648,5772.573929485917
1783310506,500,,Aggregated,222.300000,0.000000,7,12,15,22,75,120,550,1800,10000,12000,12000,127143,0,7,82.50870098070239,2.7769620064646006,12471.69023299648,5772.307787294621
1783310507,500,,Aggregated,221.400000,0.000000,7,12,15,22,75,120,550,1800,10000,12000,12000,127378,0,7,82.38394825631116,2.7769620064646006,12471.69023299648,5771.816671638744
1783310508,500,,Aggregated,222.000000,0.000000,7,12,15,22,75,120,550,1800,10000,12000,12000,127625,0,7,82.25854251487864,2.7769620064646006,12471.69023299648,5771.810875612145
1783310509,500,,Aggregated,221.900000,0.000000,7,12,15,22,75,120,540,1800,10000,12000,12000,127835,0,7,82.14213394445402,2.7769620064646006,12471.69023299648,5770.546665623656
1783310510,500,,Aggregated,221.700000,0.000000,7,12,15,22,75,120,540,1800,10000,12000,12000,128065,0,7,82.01929201850896,2.7769620064646006,12471.69023299648,5770.874009292156
1783310511,500,,Aggregated,232.000000,0.000000,7,12,15,22,75,120,540,1800,10000,12000,12000,128297,0,7,81.9000534713244,2.7769620064646006,12471.69023299648,5772.533075598027
1783310512,500,,Aggregated,224.300000,0.000000,7,12,15,22,75,120,540,1800,10000,12000,12000,128526,0,7,81.79013048910414,2.7769620064646006,12471.69023299648,5771.830509002069
1783310513,500,,Aggregated,225.800000,0.000000,7,12,15,22,75,120,530,1800,10000,12000,12000,128753,0,7,81.67140873888366,2.7769620064646006,12471.69023299648,5772.1258378445555
1783310514,500,,Aggregated,224.700000,0.000000,7,12,15,21,75,120,530,1800,10000,12000,12000,128984,0,7,81.55408574450799,2.7769620064646006,12471.69023299648,5772.27779414501
1783310515,500,,Aggregated,225.700000,0.000000,7,12,15,21,75,120,530,1800,10000,12000,12000,129215,0,7,81.43773720693164,2.7769620064646006,12471.69023299648,5771.879534109817
1783310516,500,,Aggregated,226.300000,0.000000,7,12,15,21,75,120,530,1800,10000,12000,12000,129450,0,7,81.3243724241147,2.7769620064646006,12471.69023299648,5771.775071456161
1783310517,500,,Aggregated,228.300000,0.000000,7,12,15,21,75,120,530,1700,10000,12000,12000,129690,0,7,81.20685830264928,2.7769620064646006,12471.69023299648,5772.362086513995
1783310518,500,,Aggregated,227.900000,0.000000,7,12,15,21,75,120,530,1700,10000,12000,12000,129925,0,7,81.08918142182468,2.7769620064646006,12471.69023299648,5772.340434866269
1783310519,500,,Aggregated,227.800000,0.000000,7,12,15,21,75,120,520,1700,10000,12000,12000,130138,0,7,80.98255738407383,2.7769620064646006,12471.69023299648,5773.775853324932
1783310520,500,,Aggregated,229.500000,0.000000,7,12,15,21,74,120,520,1700,10000,12000,12000,130398,0,7,80.85062404485801,2.7769620064646006,12471.69023299648,5773.167533244375
1783310521,500,,Aggregated,228.400000,0.000000,7,12,15,21,74,120,520,1700,10000,12000,12000,130623,0,7,80.74115262647064,2.7769620064646006,12471.69023299648,5773.932086998461
1783310523,500,,Aggregated,230.400000,0.000000,7,12,15,21,74,120,520,1700,10000,12000,12000,130783,0,7,80.6591242147257,2.7769620064646006,12471.69023299648,5773.697422447872
1783310524,500,,Aggregated,230.400000,0.000000,7,12,15,22,75,120,520,1700,10000,12000,12000,131109,0,7,80.7657654228444,2.7769620064646006,12471.69023299648,5773.417393161415
1783310525,500,,Aggregated,222.600000,0.000000,7,12,15,22,75,120,510,1700,10000,12000,12000,131327,0,7,80.66254813234623,2.7769620064646006,12471.69023299648,5772.327586863325
1783310526,500,,Aggregated,230.800000,0.000000,7,12,15,22,75,120,510,1700,10000,12000,12000,131547,0,7,80.55190686219147,2.7769620064646006,12471.69023299648,5771.89675173132
1783310527,500,,Aggregated,228.400000,0.000000,7,12,15,22,75,120,510,1700,10000,12000,12000,131780,0,7,80.4339980466135,2.7769620064646006,12471.69023299648,5771.233426923661
1783310528,500,,Aggregated,226.600000,0.000000,7,12,15,22,75,120,510,1700,10000,12000,12000,132026,0,7,80.31193988760374,2.7769620064646006,12471.69023299648,5772.890339781558
1783310529,500,,Aggregated,227.500000,0.000000,7,12,15,22,75,120,510,1700,10000,12000,12000,132244,0,7,80.20549549466686,2.7769620064646006,12471.69023299648,5773.979099240797
1783310530,500,,Aggregated,227.300000,0.000000,7,12,15,22,75,120,500,1700,10000,12000,12000,132463,0,7,80.09247630504896,2.7769620064646006,12471.69023299648,5773.341355699327
1783310531,500,,Aggregated,225.900000,0.000000,7,12,15,21,75,120,500,1700,10000,12000,12000,132703,0,7,79.9845492546264,2.7769620064646006,12471.69023299648,5774.063495173433
1783310532,500,,Aggregated,225.800000,0.000000,7,12,15,21,75,120,500,1700,10000,12000,12000,132934,0,7,79.8736043696171,2.7769620064646006,12471.69023299648,5776.084342606106
1783310533,500,,Aggregated,224.600000,0.000000,7,12,15,21,75,120,500,1700,10000,12000,12000,133160,0,7,79.76604803428769,2.7769620064646006,12471.69023299648,5775.811347251427
1783310534,500,,Aggregated,225.200000,0.000000,7,12,15,21,74,120,500,1700,10000,12000,12000,133391,0,7,79.65412676595692,2.7769620064646006,12471.69023299648,5776.38341417337
1783310535,500,,Aggregated,231.800000,0.000000,7,12,15,21,74,120,490,1700,10000,12000,12000,133608,0,7,79.54520113775112,2.7769620064646006,12471.69023299648,5777.482418717442
1783310536,500,,Aggregated,224.300000,0.000000,7,12,15,21,74,120,490,1700,10000,12000,12000,133844,0,7,79.4295144862501,2.7769620064646006,12471.69023299648,5777.04523176235
1783310537,500,,Aggregated,225.500000,0.000000,7,12,15,21,74,120,490,1700,10000,12000,12000,134075,0,7,79.31290411047954,2.7769620064646006,12471.69023299648,5776.149341786314
