Timestamp,User Count,Type,Name,Requests/s,Failures/s,50%,66%,75%,80%,90%,95%,98%,99%,99.9%,99.99%,100%,Total Request Count,Total Failure Count,Total Median Response Time,Total Average Response Time,Total Min Response Time,Total Max Response Time,Total Average Content Size
1783308136,0,,Aggregated,0.000000,0.000000,N/A,N/A,N/A,N/A,N/A,N/A,N/A,N/A,N/A,N/A,N/A,0,0,0,0.0,0,0,0
1783308137,50,,Aggregated,0.000000,0.000000,34,59,130,750,820,900,940,940,940,940,940,34,0,30,210.37132847071487,3.973039987613447,936.4441070065368,2628.5
1783308138,50,,Aggregated,0.000000,0.000000,30,48,59,110,1400,1800,1900,1900,2000,2000,2000,174,0,30,286.7706056148846,3.973039987613447,1960.325282998383,5547.5114942528735
1783308139,50,,Aggregated,0.000000,0.000000,22,38,50,59,1700,2000,2100,2200,2200,2200,2200,319,0,22,282.275030861932,3.8431220018537715,2212.7803029870847,6395.485893416928
1783308140,50,,Aggregated,18.000000,0.000000,21,36,48,55,1700,2000,2100,2200,2200,2200,2200,340,0,21,265.73815712339746,3.8431220018537715,2212.7803029870847,6364.529411764706
1783308141,50,,Aggregated,66.333333,0.000000,20,34,46,54,1300,2000,2100,2200,2200,2200,2200,365,0,20,248.60598474512935,3.8431220018537715,2212.7803029870847,6332.095890410959
1783308142,50,,Aggregated,79.750000,0.000000,19,32,45,52,1200,1900,2100,2200,2200,2200,2200,383,0,19,237.32631845681962,3.8431220018537715,2212.7803029870847,6378.422976501305
1783308143,50,,Aggregated,68.200000,0.000000,18,31,45,51,1100,1900,2100,2200,2200,2200,2200,408,0,18,223.97516396560212,3.8431220018537715,2212.7803029870847,6241.1642156862745
1783308144,50,,Aggregated,61.166667,0.000000,17,30,43,50,940,1900,2100,2200,2200,2200,2200,430,0,17,213.1808606277255,3.8431220018537715,2212.7803029870847,6292.037209302325
1783308145,50,,Aggregated,55.285714,0.000000,17,29,42,50,890,1900,2100,2200,2200,2200,2200,450,0,17,204.39943796874206,3.8431220018537715,2212.7803029870847,6269.066666666667
1783308146,50,,Aggregated,51.250000,0.000000,16,28,40,48,780,1900,2100,2200,2200,2200,2200,475,0,16,194.2278285766339,3.8431220018537715,2212.7803029870847,6332.766315789474
1783308147,50,,Aggregated,47.777778,0.000000,15,27,39,46,390,1800,2100,2200,2200,2200,2200,495,0,15,186.9939843188875,3.8431220018537715,2212.7803029870847,6323.030303030303
1783308148,50,,Aggregated,45.100000,0.000000,15,25,39,46,110,1800,2100,2100,2200,2200,2200,522,0,15,178.26034021232647,3.8431220018537715,2212.7803029870847,6305.72030651341
1783308149,50,,Aggregated,47.500000,0.000000,15,24,37,45,100,1800,2100,2100,2200,2200,2200,546,0,15,171.09038978181297,3.8431220018537715,2212.7803029870847,6226.494505494506
1783308150,50,,Aggregated,45.900000,0.000000,14,23,35,45,83,1800,2100,2100,2200,2200,2200,566,0,14,165.3541275527363,3.8431220018537715,2212.7803029870847,6188.139575971732
1783308151,50,,Aggregated,32.300000,0.000000,14,22,34,43,82,1700,2100,2100,2200,2200,2200,594,0,14,158.24039223880146,3.8431220018537715,2212.7803029870847,6103.340067340067
1783308152,50,,Aggregated,23.000000,0.000000,14,22,34,43,78,1700,2100,2100,2200,2200,2200,612,0,14,154.10332380536428,3.8431220018537715,2212.7803029870847,6046.135620915033
1783308153,50,,Aggregated,22.500000,0.000000,13,20,34,42,74,1700,2100,2100,2200,2200,2200,633,0,13,149.32885158432873,3.8431220018537715,2212.7803029870847,6026.1500789889415
1783308154,50,,Aggregated,22.700000,0.000000,13,20,34,42,73,1700,2000,2100,2200,2200,2200,654,0,13,145.14530191266257,3.8431220018537715,2212.7803029870847,5906.32874617737
1783308155,50,,Aggregated,22.500000,0.000000,13,20,33,41,71,1700,2000,2100,2200,2200,2200,676,0,13,140.8341702705357,3.8431220018537715,2212.7803029870847,5972.76775147929
1783308156,50,,Aggregated,22.300000,0.000000,13,19,32,40,67,1400,2000,2100,2200,2200,2200,703,0,13,135.95198929429242,3.8431220018537715,2212.7803029870847,5977.522048364153
1783308158,50,,Aggregated,22.400000,0.000000,12,19,31,40,66,1300,2000,2100,2200,2200,2200,721,0,12,132.89542659343255,3.8431220018537715,2212.7803029870847,5973.77253814147
1783308159,50,,Aggregated,22.500000,0.000000,12,18,30,40,62,1300,2000,2100,2200,2200,2200,743,0,12,129.35217946955356,3.8431220018537715,2212.7803029870847,5972.506056527591
1783308160,50,,Aggregated,22.600000,0.000000,12,18,30,40,62,1200,2000,2100,2200,2200,2200,765,0,12,126.1076205723928,3.8431220018537715,2212.7803029870847,5955.862745098039
1783308161,50,,Aggregated,22.600000,0.000000,12,18,30,40,60,1100,2000,2100,2200,2200,2200,791,0,12,122.54140330712924,3.8431220018537715,2212.7803029870847,5908.008849557522
1783308162,50,,Aggregated,22.100000,0.000000,12,18,29,39,59,1100,2000,2100,2200,2200,2200,810,0,12,119.89203657154397,3.8431220018537715,2212.7803029870847,5908.343209876543
1783308163,50,,Aggregated,22.500000,0.000000,11,17,28,37,58,1100,2000,2100,2200,2200,2200,833,0,11,116.7923236290026,3.8431220018537715,2212.7803029870847,5890.0
1783308164,50,,Aggregated,22.500000,0.000000,11,17,28,37,59,940,2000,2100,2200,2200,2200,858,0,11,114.11280212354697,3.8431220018537715,2212.7803029870847,5884.092074592075
1783308165,50,,Aggregated,21.900000,0.000000,11,17,27,36,58,890,2000,2100,2200,2200,2200,883,0,11,111.26526940874633,3.8431220018537715,2212.7803029870847,5917.668176670441
1783308166,50,,Aggregated,22.500000,0.000000,11,17,27,36,57,820,2000,2100,2200,2200,2200,905,0,11,108.92734630160402,3.8431220018537715,2212.7803029870847,5922.506077348066
1783308167,50,,Aggregated,22.500000,0.000000,10,16,26,36,56,810,2000,2100,2200,2200,2200,923,0,10,107.14309546795803,3.8431220018537715,2212.7803029870847,5889.461538461538
1783308168,50,,Aggregated,22.800000,0.000000,10,16,24,35,55,780,2000,2100,2200,2200,2200,949,0,10,104.56808566063539,3.8431220018537715,2212.7803029870847,5808.005268703899
1783308169,50,,Aggregated,22.000000,0.000000,10,16,24,34,55,750,1900,2100,2200,2200,2200,975,0,10,102.14852915173815,3.8431220018537715,2212.7803029870847,5806.0615384615385
1783308170,50,,Aggregated,22.600000,0.000000,10,16,24,34,55,390,1900,2100,2200,2200,2200,995,0,10,100.3772191767816,3.8431220018537715,2212.7803029870847,5834.598994974875
1783308171,50,,Aggregated,22.900000,0.000000,10,16,23,34,55,150,1900,2100,2200,2200,2200,1017,0,10,98.53414980618643,3.8431220018537715,2212.7803029870847,5848.0894788593905
1783308172,50,,Aggregated,23.000000,0.000000,9,15,22,33,54,130,1900,2100,2200,2200,2200,1045,0,9,96.15679098461402,3.518437995808199,2212.7803029870847,5812.199043062201
1783308173,50,,Aggregated,23.000000,0.000000,9,15,21,33,54,110,1900,2100,2200,2200,2200,1067,0,9,94.41690361942274,3.518437995808199,2212.7803029870847,5813.320524835989
1783308174,50,,Aggregated,23.300000,0.000000,9,15,21,32,54,110,1900,2100,2200,2200,2200,1091,0,9,92.53360740780947,3.309760009869933,2212.7803029870847,5811.265811182401
1783308175,50,,Aggregated,23.600000,0.000000,9,15,20,32,53,110,1900,2100,2200,2200,2200,1119,0,9,90.47998399728873,3.309760009869933,2212.7803029870847,5832.788203753351
1783308176,50,,Aggregated,23.000000,0.000000,9,15,20,31,53,100,1900,2100,2200,2200,2200,1138,0,9,89.123516345337,3.309760009869933,2212.7803029870847,5834.227592267135
1783308177,50,,Aggregated,23.500000,0.000000,9,15,20,31,53,95,1900,2100,2200,2200,2200,1162,0,9,87.57134445868,3.309760009869933,2212.7803029870847,5818.701376936317
1783308178,50,,Aggregated,23.200000,0.000000,9,15,20,31,52,91,1900,2100,2200,2200,2200,1184,0,9,86.2130701367843,3.309760009869933,2212.7803029870847,5835.17652027027
1783308179,50,,Aggregated,23.200000,0.000000,9,14,19,30,52,83,1800,2100,2200,2200,2200,1207,0,9,84.7483829386527,3.309760009869933,2212.7803029870847,5833.03893951947
1783308180,50,,Aggregated,23.700000,0.000000,9,14,19,30,52,83,1800,2100,2200,2200,2200,1227,0,9,83.53869326075102,3.309760009869933,2212.7803029870847,5822.119804400978
1783308181,50,,Aggregated,23.500000,0.000000,8,14,19,29,52,83,1800,2100,2200,2200,2200,1256,0,8,81.99269125870374,3.309760009869933,2212.7803029870847,5826.410031847134
1783308182,50,,Aggregated,23.300000,0.000000,8,14,19,29,52,83,1800,2100,2200,2200,2200,1273,0,8,81.1052686267995,3.309760009869933,2212.7803029870847,5833.232521602514
1783308183,50,,Aggregated,23.700000,0.000000,8,14,19,29,51,82,1800,2100,2200,2200,2200,1299,0,8,79.74881196222583,3.309760009869933,2212.7803029870847,5797.048498845265
1783308184,50,,Aggregated,22.800000,0.000000,8,14,18,29,51,82,1800,2000,2200,2200,2200,1321,0,8,78.68528176750935,3.309760009869933,2212.7803029870847,5799.786525359576
1783308185,50,,Aggregated,23.000000,0.000000,8,14,18,29,51,78,1800,2000,2200,2200,2200,1341,0,8,77.81622742125532,3.309760009869933,2212.7803029870847,5787.888143176734
1783308186,50,,Aggregated,22.900000,0.000000,8,14,18,29,51,78,1800,2000,2200,2200,2200,1362,0,8,76.84970536041588,3.309760009869933,2212.7803029870847,5743.367841409691
1783308187,50,,Aggregated,22.100000,0.000000,8,14,18,29,51,77,1800,2000,2200,2200,2200,1391,0,8,75.54057329539472,3.309760009869933,2212.7803029870847,5750.329259525522
1783308188,50,,Aggregated,22.300000,0.000000,8,14,18,28,51,76,1800,2000,2200,2200,2200,1413,0,8,74.51837144437232,3.309760009869933,2212.7803029870847,5752.395612172682
1783308189,50,,Aggregated,22.700000,0.000000,8,14,18,28,50,74,1800,2000,2200,2200,2200,1442,0,8,73.21062763446804,3.309760009869933,2212.7803029870847,5757.742718446602
1783308190,50,,Aggregated,22.500000,0.000000,8,14,18,27,50,74,1700,2000,2200,2200,2200,1463,0,8,72.34218251531048,3.309760009869933,2212.7803029870847,5754.724538619275
1783308191,50,,Aggregated,23.000000,0.000000,8,14,18,27,50,74,1700,2000,2200,2200,2200,1484,0,8,71.59518344132317,3.309760009869933,2212.7803029870847,5767.820754716981
1783308192,50,,Aggregated,23.300000,0.000000,8,14,17,24,49,74,1700,2000,2200,2200,2200,1513,0,8,70.42404107592459,3.309760009869933,2212.7803029870847,5799.333113020489
1783308193,50,,Aggregated,22.900000,0.000000,8,14,17,24,49,73,1700,2000,2200,2200,2200,1535,0,8,69.6127245823321,3.309760009869933,2212.7803029870847,5799.549185667753
1783308194,50,,Aggregated,23.900000,0.000000,8,14,17,24,49,73,1700,2000,2200,2200,2200,1558,0,8,68.77139394858371,3.309760009869933,2212.7803029870847,5782.326059050064
1783308195,50,,Aggregated,23.600000,0.000000,8,14,17,24,49,71,1700,2000,2200,2200,2200,1580,0,8,68.06105999675759,3.309760009869933,2212.7803029870847,5772.518987341772
1783308196,50,,Aggregated,23.900000,0.000000,8,14,17,24,49,71,1700,2000,2200,2200,2200,1610,0,8,67.04899608311229,3.309760009869933,2212.7803029870847,5751.750310559006
1783308197,50,,Aggregated,23.900000,0.000000,8,14,17,24,49,71,1700,2000,2200,2200,2200,1629,0,8,66.46930534486428,3.309760009869933,2212.7803029870847,5740.268876611418
1783308198,50,,Aggregated,23.900000,0.000000,8,14,17,22,49,69,1700,2000,2200,2200,2200,1651,0,8,65.74095671397193,3.309760009869933,2212.7803029870847,5753.864324651726
1783308199,50,,Aggregated,23.700000,0.000000,8,14,17,23,49,68,1700,2000,2200,2200,2200,1676,0,8,64.99774871705185,3.309760009869933,2212.7803029870847,5734.053102625298
1783308200,50,,Aggregated,24.300000,0.000000,8,13,17,22,49,68,1700,2000,2200,2200,2200,1700,0,8,64.2173829410304,3.309760009869933,2212.7803029870847,5724.618235294118
1783308201,50,,Aggregated,23.700000,0.000000,8,13,17,22,48,68,1600,2000,2200,2200,2200,1721,0,8,63.65823262274189,3.309760009869933,2212.7803029870847,5736.423009877978
1783308202,50,,Aggregated,23.700000,0.000000,8,13,17,22,48,67,1600,2000,2200,2200,2200,1745,0,8,62.9385818267574,3.309760009869933,2212.7803029870847,5746.479656160458
1783308203,50,,Aggregated,23.200000,0.000000,8,13,17,21,48,68,1400,2000,2200,2200,2200,1771,0,8,62.27786301055003,3.309760009869933,2212.7803029870847,5778.867306606437
1783308204,50,,Aggregated,23.000000,0.000000,8,14,17,24,49,67,1300,2000,2200,2200,2200,1803,0,8,61.700977880575955,3.309760009869933,2212.7803029870847,5788.621186910705
1783308205,50,,Aggregated,23.400000,0.000000,8,14,17,22,49,67,1300,2000,2200,2200,2200,1830,0,8,60.93386435062851,3.309760009869933,2212.7803029870847,5793.501092896175
1783308206,50,,Aggregated,23.600000,0.000000,8,14,17,22,49,67,1300,2000,2200,2200,2200,1849,0,8,60.496645354590704,3.309760009869933,2212.7803029870847,5793.360194699838
1783308207,50,,Aggregated,23.100000,0.000000,8,14,17,22,49,67,1300,2000,2200,2200,2200,1875,0,8,59.86959433264565,3.309760009869933,2212.7803029870847,5786.0448
1783308208,50,,Aggregated,23.200000,0.000000,8,13,17,21,49,67,1300,2000,2200,2200,2200,1896,0,8,59.34451568444328,3.309760009869933,2212.7803029870847,5803.895042194093
1783308209,50,,Aggregated,23.400000,0.000000,8,14,17,21,49,66,1200,1900,2200,2200,2200,1916,0,8,58.907205952885974,3.309760009869933,2212.7803029870847,5811.781315240083
1783308210,50,,Aggregated,23.200000,0.000000,8,14,17,21,48,66,1200,1900,2200,2200,2200,1942,0,8,58.267544994706995,3.309760009869933,2212.7803029870847,5835.8316168898045
1783308211,50,,Aggregated,22.900000,0.000000,8,14,17,21,48,66,1100,1900,2200,2200,2200,1961,0,8,57.863568215567014,3.309760009869933,2212.7803029870847,5817.922998470168
1783308212,50,,Aggregated,23.100000,0.000000,8,13,16,20,48,65,1100,1900,2200,2200,2200,1990,0,8,57.166276315426636,3.309760009869933,2212.7803029870847,5858.277386934674
1783308213,50,,Aggregated,23.500000,0.000000,8,13,16,20,47,64,1100,1900,2200,2200,2200,2009,0,8,56.72424775543209,3.309760009869933,2212.7803029870847,5856.741164758586
1783308214,50,,Aggregated,23.500000,0.000000,8,13,16,20,47,64,1100,1900,2200,2200,2200,2038,0,8,56.11040608374076,3.309760009869933,2212.7803029870847,5876.164867517174
1783308215,50,,Aggregated,22.700000,0.000000,8,13,16,20,47,64,1100,1900,2200,2200,2200,2054,0,8,55.79229317026083,3.309760009869933,2212.7803029870847,5894.73758519961
1783308216,50,,Aggregated,22.700000,0.000000,8,13,16,20,47,64,1100,1900,2200,2200,2200,2078,0,8,55.27256897964555,3.309760009869933,2212.7803029870847,5871.746390760347
1783308217,50,,Aggregated,23.400000,0.000000,8,13,16,20,47,63,940,1900,2200,2200,2200,2103,0,8,54.778398921404566,3.309760009869933,2212.7803029870847,5857.262482168331
1783308218,50,,Aggregated,22.800000,0.000000,8,13,16,20,47,62,940,1900,2200,2200,2200,2122,0,8,54.382250907963495,3.309760009869933,2212.7803029870847,5886.300659754948
1783308219,50,,Aggregated,22.400000,0.000000,8,13,16,19,46,62,940,1900,2200,2200,2200,2148,0,8,53.866638978925074,3.309760009869933,2212.7803029870847,5888.2206703910615
1783308220,50,,Aggregated,22.500000,0.000000,8,13,16,19,46,62,900,1900,2200,2200,2200,2173,0,8,53.411366087803465,3.309760009869933,2212.7803029870847,5879.9986194201565
1783308221,50,,Aggregated,23.200000,0.000000,8,13,16,19,46,62,900,1900,2200,2200,2200,2192,0,8,53.042443663672486,3.309760009869933,2212.7803029870847,5876.923813868613
1783308222,50,,Aggregated,22.400000,0.000000,8,13,16,19,46,62,890,1900,2200,2200,2200,2215,0,8,52.57364637866189,3.1807079940335825,2212.7803029870847,5865.112866817156
1783308223,50,,Aggregated,22.800000,0.000000,8,13,16,19,46,62,890,1900,2200,2200,2200,2234,0,8,52.23118184052967,3.1807079940335825,2212.7803029870847,5865.376902417189
1783308224,50,,Aggregated,22.400000,0.000000,8,13,16,19,46,62,820,1900,2200,2200,2200,2258,0,8,51.858103706695694,3.1807079940335825,2212.7803029870847,5876.720549158547
1783308225,50,,Aggregated,22.800000,0.000000,8,13,16,19,45,61,820,1900,2200,2200,2200,2279,0,8,51.503348267087965,3.1807079940335825,2212.7803029870847,5872.125054848618
1783308226,50,,Aggregated,22.500000,0.000000,8,13,16,19,45,60,810,1900,2200,2200,2200,2305,0,8,51.07466912089868,3.1807079940335825,2212.7803029870847,5874.5431670282
1783308227,50,,Aggregated,22.400000,0.000000,8,13,16,19,45,60,810,1900,2200,2200,2200,2328,0,8,50.68688846334873,3.1807079940335825,2212.7803029870847,5882.9222508591065
1783308228,50,,Aggregated,22.200000,0.000000,8,13,16,19,45,60,780,1900,2200,2200,2200,2353,0,8,50.348898654793885,3.1807079940335825,2212.7803029870847,5912.182320441989
1783308229,50,,Aggregated,23.000000,0.000000,8,13,16,19,45,60,780,1900,2200,2200,2200,2377,0,8,49.961496566997845,3.1807079940335825,2212.7803029870847,5920.694572991165
1783308230,50,,Aggregated,22.500000,0.000000,8,13,16,19,45,60,780,1900,2200,2200,2200,2398,0,8,49.62492943985936,3.1807079940335825,2212.7803029870847,5907.811092577148
1783308231,50,,Aggregated,22.500000,0.000000,8,13,16,19,45,60,750,1800,2200,2200,2200,2420,0,8,49.29181358710601,3.1807079940335825,2212.7803029870847,5901.663223140496
1783308232,50,,Aggregated,22.900000,0.000000,8,13,16,19,45,59,750,1800,2200,2200,2200,2444,0,8,48.8909237196472,3.1807079940335825,2212.7803029870847,5913.006546644844
1783308233,50,,Aggregated,22.900000,0.000000,8,13,15,18,45,59,390,1800,2200,2200,2200,2473,0,8,48.45390199101695,3.1807079940335825,2212.7803029870847,5892.9158916296
1783308234,50,,Aggregated,22.400000,0.000000,8,13,15,18,45,59,390,1800,2200,2200,2200,2498,0,7,48.09807670887026,3.1807079940335825,2212.7803029870847,5890.36389111289
1783308235,50,,Aggregated,22.800000,0.000000,7,13,15,18,45,59,150,1800,2200,2200,2200,2522,0,7,47.769885195787914,3.1807079940335825,2212.7803029870847,5886.646708961142
1783308236,50,,Aggregated,23.000000,0.000000,8,13,15,18,45,58,150,1800,2200,2200,2200,2548,0,8,47.45707266787865,3.1807079940335825,2212.7803029870847,5904.998037676609
1783308237,50,,Aggregated,23.300000,0.000000,8,13,15,18,45,58,140,1800,2200,2200,2200,2571,0,8,47.18247459968779,3.1807079940335825,2212.7803029870847,5890.383897316219
1783308239,50,,Aggregated,23.600000,0.000000,7,13,15,18,45,58,140,1800,2200,2200,2200,2592,0,7,46.86626824798589,3.1807079940335825,2212.7803029870847,5883.764660493827
1783308240,50,,Aggregated,23.800000,0.000000,8,13,15,18,45,58,140,1800,2200,2200,2200,2614,0,7,46.57594837442076,3.1807079940335825,2212.7803029870847,5869.475133894414
1783308241,50,,Aggregated,23.800000,0.000000,8,13,15,18,45,58,140,1800,2200,2200,2200,2636,0,7,46.3277007870788,3.1807079940335825,2212.7803029870847,5852.867981790592
1783308242,50,,Aggregated,23.200000,0.000000,8,13,15,18,45,59,130,1800,2200,2200,2200,2657,0,8,46.14064237777063,3.1807079940335825,2212.7803029870847,5839.1144147534815
1783308243,50,,Aggregated,23.200000,0.000000,7,13,15,18,45,58,130,1800,2200,2200,2200,2684,0,7,45.81836843434271,3.1807079940335825,2212.7803029870847,5838.6717585692995
1783308244,50,,Aggregated,23.200000,0.000000,7,13,15,18,45,58,130,1800,2200,2200,2200,2705,0,7,45.5625112143099,3.1807079940335825,2212.7803029870847,5843.853604436229
1783308245,50,,Aggregated,23.400000,0.000000,7,13,15,18,45,58,130,1800,2200,2200,2200,2720,0,7,45.37181923115521,3.1807079940335825,2212.7803029870847,5844.181985294118
1783308246,50,,Aggregated,22.900000,0.000000,7,13,15,18,44,58,130,1800,2200,2200,2200,2741,0,7,45.100113714615595,3.1807079940335825,2212.7803029870847,5854.563662896753
1783308247,50,,Aggregated,21.900000,0.000000,7,13,15,18,44,58,120,1800,2200,2200,2200,2769,0,7,44.731575182295195,3.1807079940335825,2212.7803029870847,5847.240158902131
1783308248,50,,Aggregated,21.600000,0.000000,7,13,15,18,44,57,120,1800,2200,2200,2200,2795,0,7,44.40998177165715,3.1807079940335825,2212.7803029870847,5836.226833631485
1783308249,50,,Aggregated,21.900000,0.000000,7,13,15,18,44,57,110,1800,2200,2200,2200,2817,0,7,44.14565942556232,3.1807079940335825,2212.7803029870847,5843.55910543131
1783308250,50,,Aggregated,22.100000,0.000000,7,13,15,18,44,57,110,1800,2200,2200,2200,2834,0,7,43.95927837537893,3.1807079940335825,2212.7803029870847,5845.604093154552
1783308251,50,,Aggregated,22.500000,0.000000,7,13,15,18,44,57,110,1800,2200,2200,2200,2857,0,7,43.739133745134936,3.1807079940335825,2212.7803029870847,5838.047602380119
1783308252,50,,Aggregated,22.000000,0.000000,7,13,15,18,44,57,110,1800,2200,2200,2200,2879,0,7,43.51398007913374,3.1807079940335825,2212.7803029870847,5832.914901007294
1783308253,50,,Aggregated,22.000000,0.000000,7,13,15,18,44,57,110,1700,2200,2200,2200,2904,0,7,43.24322704574102,3.1807079940335825,2212.7803029870847,5830.207988980716
1783308254,50,,Aggregated,22.100000,0.000000,7,13,15,18,44,57,110,1700,2200,2200,2200,2925,0,7,43.052134603370405,3.1807079940335825,2212.7803029870847,5842.919658119658
1783308255,50,,Aggregated,21.800000,0.000000,7,13,15,18,44,57,110,1700,2200,2200,2200,2947,0,7,42.86071321984231,3.1807079940335825,2212.7803029870847,5842.003732609433
1783308256,50,,Aggregated,21.900000,0.000000,7,13,15,18,44,57,110,1700,2200,2200,2200,2969,0,7,42.63367870861249,3.1807079940335825,2212.7803029870847,5830.556079488043
1783308257,50,,Aggregated,22.600000,0.000000,7,12,15,18,44,57,110,1700,2200,2200,2200,2997,0,7,42.361508521159045,3.1807079940335825,2212.7803029870847,5820.522856189523
1783308258,50,,Aggregated,22.900000,0.000000,7,12,15,18,44,57,100,1700,2200,2200,2200,3020,0,7,42.13594981354148,3.1807079940335825,2212.7803029870847,5839.049337748344
1783308259,50,,Aggregated,22.800000,0.000000,7,13,15,18,44,57,100,1700,2200,2200,2200,3042,0,7,41.92600950687234,3.1807079940335825,2212.7803029870847,5861.087442472058
1783308260,50,,Aggregated,22.600000,0.000000,7,12,15,18,44,57,100,1700,2200,2200,2200,3065,0,7,41.72142399116522,3.1807079940335825,2212.7803029870847,5858.072430668842
1783308261,50,,Aggregated,22.200000,0.000000,7,13,15,18,44,57,100,1700,2200,2200,2200,3090,0,7,41.52633627054103,3.1807079940335825,2212.7803029870847,5845.643042071198
1783308262,50,,Aggregated,23.100000,0.000000,7,12,15,18,44,57,100,1700,2200,2200,2200,3108,0,7,41.329665924712735,3.1807079940335825,2212.7803029870847,5844.490990990991
1783308263,50,,Aggregated,23.100000,0.000000,7,12,15,18,44,57,100,1700,2200,2200,2200,3134,0,7,41.108733040845856,3.1807079940335825,2212.7803029870847,5837.110082961072
1783308264,50,,Aggregated,22.800000,0.000000,7,12,15,17,44,56,98,1700,2200,2200,2200,3160,0,7,40.84505758512967,3.1807079940335825,2212.7803029870847,5835.829430379747
1783308265,50,,Aggregated,23.200000,0.000000,7,12,15,17,44,56,98,1700,2200,2200,2200,3184,0,7,40.63048405812001,3.1807079940335825,2212.7803029870847,5822.336055276382
1783308266,50,,Aggregated,23.200000,0.000000,7,12,15,17,44,56,97,1700,2200,2200,2200,3204,0,7,40.46588376812532,3.1807079940335825,2212.7803029870847,5828.051810237203
1783308267,50,,Aggregated,23.400000,0.000000,7,12,15,17,44,56,97,1700,2200,2200,2200,3232,0,7,40.215492561572425,3.1807079940335825,2212.7803029870847,5840.811571782178
1783308268,50,,Aggregated,23.600000,0.000000,7,12,15,17,44,56,97,1700,2200,2200,2200,3248,0,7,40.080686233370685,3.1807079940335825,2212.7803029870847,5830.913793103448
1783308269,50,,Aggregated,23.300000,0.000000,7,12,15,17,44,55,96,1700,2200,2200,2200,3271,0,7,39.87869992387315,3.1807079940335825,2212.7803029870847,5849.860898807704
1783308270,50,,Aggregated,22.600000,0.000000,7,12,15,17,44,55,96,1700,2200,2200,2200,3292,0,7,39.730464110887475,3.1807079940335825,2212.7803029870847,5850.535540704739
1783308271,50,,Aggregated,23.000000,0.000000,7,12,15,17,44,55,96,1700,2200,2200,2200,3318,0,7,39.51693685083819,3.1807079940335825,2212.7803029870847,5870.783001808319
1783308272,50,,Aggregated,22.500000,0.000000,7,12,15,17,44,55,96,1700,2200,2200,2200,3332,0,7,39.40708436916635,3.1807079940335825,2212.7803029870847,5886.779111644658
1783308273,50,,Aggregated,22.600000,0.000000,7,12,15,17,43,55,95,1700,2200,2200,2200,3361,0,7,39.160283496599384,3.1807079940335825,2212.7803029870847,5893.7890508777145
1783308274,50,,Aggregated,22.600000,0.000000,7,12,15,17,43,55,95,1700,2200,2200,2200,3388,0,7,38.93242482086129,3.1807079940335825,2212.7803029870847,5895.952774498229
1783308275,50,,Aggregated,22.100000,0.000000,7,12,15,17,43,55,91,1600,2200,2200,2200,3406,0,7,38.82486770700771,3.1807079940335825,2212.7803029870847,5908.01115678215
1783308276,50,,Aggregated,22.700000,0.000000,7,12,15,17,43,55,91,1600,2200,2200,2200,3431,0,7,38.638950418560455,3.1807079940335825,2212.7803029870847,5894.787816962985
1783308277,50,,Aggregated,22.500000,0.000000,7,12,15,17,43,55,91,1600,2200,2200,2200,3458,0,7,38.44551525018941,3.1807079940335825,2212.7803029870847,5876.117119722383
1783308278,50,,Aggregated,22.500000,0.000000,7,12,15,17,43,55,91,1600,2200,2200,2200,3477,0,7,38.32902587148564,3.1807079940335825,2212.7803029870847,5863.413287316653
1783308279,50,,Aggregated,22.700000,0.000000,7,12,15,17,43,55,91,1600,2200,2200,2200,3499,0,7,38.16251809263591,3.1807079940335825,2212.7803029870847,5860.427836524721
1783308280,50,,Aggregated,22.800000,0.000000,7,12,15,17,43,55,91,1400,2200,2200,2200,3522,0,7,38.02068048214857,3.1807079940335825,2212.7803029870847,5857.574673480976
1783308281,50,,Aggregated,22.400000,0.000000,7,12,15,17,43,55,91,1400,2200,2200,2200,3540,0,7,37.878011266133974,3.1807079940335825,2212.7803029870847,5861.690395480226
1783308282,50,,Aggregated,22.900000,0.000000,7,12,15,17,43,55,89,1400,2200,2200,2200,3563,0,7,37.693056790658055,3.1807079940335825,2212.7803029870847,5850.91074936851
1783308283,50,,Aggregated,22.500000,0.000000,7,12,15,17,43,55,89,1400,2200,2200,2200,3585,0,7,37.56034266502961,3.1807079940335825,2212.7803029870847,5855.89009762901
1783308284,50,,Aggregated,22.900000,0.000000,7,12,15,17,43,55,88,1300,2200,2200,2200,3613,0,7,37.327755141471876,3.1807079940335825,2212.7803029870847,5874.2280653196785
1783308285,50,,Aggregated,22.300000,0.000000,7,12,15,17,43,55,88,1300,2200,2200,2200,3632,0,7,37.19176057960802,3.1807079940335825,2212.7803029870847,5865.276707048458
1783308286,50,,Aggregated,22.400000,0.000000,7,12,15,17,43,55,89,1300,2200,2200,2200,3645,0,7,37.12997212267445,3.1807079940335825,2212.7803029870847,5858.934705075446
1783308287,50,,Aggregated,22.600000,0.000000,7,12,15,17,43,55,91,1300,2200,2200,2200,3674,0,7,37.02847136475421,3.1807079940335825,2212.7803029870847,5845.495100707675
1783308288,50,,Aggregated,21.300000,0.000000,7,12,15,17,43,55,91,1300,2200,2200,2200,3696,0,7,36.9338970552105,3.1807079940335825,2212.7803029870847,5839.1907467532465
1783308289,50,,Aggregated,21.500000,0.000000,7,12,15,17,43,55,89,1300,2200,2200,2200,3721,0,7,36.790895554166454,3.1807079940335825,2212.7803029870847,5832.151303413061
1783308290,50,,Aggregated,21.900000,0.000000,7,12,15,17,43,55,89,1300,2200,2200,2200,3740,0,7,36.66057323959994,3.1807079940335825,2212.7803029870847,5833.986631016042
1783308291,50,,Aggregated,22.600000,0.000000,7,12,15,17,43,55,89,1300,2200,2200,2200,3766,0,7,36.465888535085796,3.1807079940335825,2212.7803029870847,5834.81678173128
1783308292,50,,Aggregated,22.100000,0.000000,7,12,15,17,43,55,89,1300,2200,2200,2200,3790,0,7,36.38691181244174,3.1807079940335825,2212.7803029870847,5834.560158311346
1783308293,50,,Aggregated,22.100000,0.000000,7,12,15,17,43,55,88,1200,2200,2200,2200,3810,0,7,36.23512807379558,3.1807079940335825,2212.7803029870847,5836.348818897638
1783308294,50,,Aggregated,22.300000,0.000000,7,12,15,17,43,55,88,1200,2200,2200,2200,3832,0,7,36.060728674620314,3.1807079940335825,2212.7803029870847,5831.214509394572
1783308295,50,,Aggregated,22.800000,0.000000,7,12,15,17,43,55,88,1200,2200,2200,2200,3862,0,7,35.87406357019581,3.1807079940335825,2212.7803029870847,5817.03858104609
1783308296,50,,Aggregated,22.000000,0.000000,7,12,15,17,43,55,88,1200,2200,2200,2200,3878,0,7,35.771745637219304,3.1807079940335825,2212.7803029870847,5810.208612686952
1783308297,50,,Aggregated,22.000000,0.000000,7,12,15,17,43,55,87,1100,2200,2200,2200,3903,0,7,35.6421532772616,3.1807079940335825,2212.7803029870847,5809.247501921599
1783308298,50,,Aggregated,23.200000,0.000000,7,12,15,17,43,55,87,1100,2200,2200,2200,3923,0,7,35.5448042712587,3.1807079940335825,2212.7803029870847,5816.887840938058
1783308299,50,,Aggregated,22.900000,0.000000,7,12,15,17,43,55,87,1100,2200,2200,2200,3945,0,7,35.4116145944533,3.1807079940335825,2212.7803029870847,5808.225348542459
1783308300,50,,Aggregated,22.900000,0.000000,7,12,15,17,43,55,86,1100,2200,2200,2200,3976,0,7,35.240643826229196,3.1807079940335825,2212.7803029870847,5818.051559356137
1783308301,50,,Aggregated,22.100000,0.000000,7,12,15,17,43,55,87,1100,2200,2200,2200,3995,0,7,35.14863393544199,3.1807079940335825,2212.7803029870847,5802.281351689612
1783308302,50,,Aggregated,23.100000,0.000000,7,12,15,17,43,55,86,1100,2200,2200,2200,4012,0,7,35.05368546138961,3.1807079940335825,2212.7803029870847,5810.266450648056
1783308303,50,,Aggregated,22.800000,0.000000,7,12,15,17,43,55,86,1100,2200,2200,2200,4036,0,7,34.95809404759353,3.1807079940335825,2212.7803029870847,5802.375867195243
1783308304,50,,Aggregated,22.800000,0.000000,7,12,15,17,43,55,85,1100,2200,2200,2200,4062,0,7,34.7967047425131,3.1807079940335825,2212.7803029870847,5812.859921221073
1783308305,50,,Aggregated,22.400000,0.000000,7,12,15,17,43,55,85,1100,2200,2200,2200,4089,0,7,34.6494220396472,3.1807079940335825,2212.7803029870847,5817.090486671558
1783308306,50,,Aggregated,23.000000,0.000000,7,12,15,17,43,55,86,1100,2200,2200,2200,4113,0,7,34.550290783651164,3.1807079940335825,2212.7803029870847,5801.65402382689
1783308307,50,,Aggregated,23.400000,0.000000,7,12,15,17,43,55,88,1100,2200,2200,2200,4137,0,7,34.48025927149977,3.1807079940335825,2212.7803029870847,5809.4665216340345
1783308308,50,,Aggregated,23.100000,0.000000,7,12,15,17,43,55,87,1100,2200,2200,2200,4160,0,7,34.33916394932776,3.1807079940335825,2212.7803029870847,5810.185817307693
1783308309,50,,Aggregated,23.000000,0.000000,7,12,15,17,43,55,87,1100,2200,2200,2200,4181,0,7,34.24072737149167,3.1807079940335825,2212.7803029870847,5792.654149724946
1783308310,50,,Aggregated,23.100000,0.000000,7,12,15,17,43,55,86,940,2200,2200,2200,4208,0,7,34.10140222486318,3.1807079940335825,2212.7803029870847,5795.5971958174905
1783308311,50,,Aggregated,23.300000,0.000000,7,12,15,17,43,55,86,940,2200,2200,2200,4229,0,7,33.99607389766726,3.1807079940335825,2212.7803029870847,5799.373847245211
1783308312,50,,Aggregated,23.100000,0.000000,7,12,15,17,43,55,86,940,2200,2200,2200,4246,0,7,33.91204750523294,3.1807079940335825,2212.7803029870847,5792.863400847857
1783308313,50,,Aggregated,23.900000,0.000000,7,12,15,17,43,55,86,940,2200,2200,2200,4277,0,7,33.75811252144884,3.1807079940335825,2212.7803029870847,5790.540098199673
1783308314,50,,Aggregated,23.200000,0.000000,7,12,15,17,43,55,86,940,2200,2200,2200,4290,0,7,33.69049767162453,3.1807079940335825,2212.7803029870847,5789.9331002331
1783308315,50,,Aggregated,23.600000,0.000000,7,12,15,17,43,55,85,900,2200,2200,2200,4316,0,7,33.55410733486167,3.1807079940335825,2212.7803029870847,5778.8908711770155
1783308316,50,,Aggregated,22.400000,0.000000,7,12,15,17,43,55,85,900,2200,2200,2200,4339,0,7,33.45970322339103,3.1807079940335825,2212.7803029870847,5786.397557040793
1783308317,50,,Aggregated,22.500000,0.000000,7,12,15,17,43,55,85,900,2200,2200,2200,4360,0,7,33.37081437826666,3.1807079940335825,2212.7803029870847,5786.843348623853
1783308318,50,,Aggregated,22.600000,0.000000,7,12,15,17,43,55,85,900,2200,2200,2200,4386,0,7,33.272107477717306,3.1807079940335825,2212.7803029870847,5792.501367989056
1783308319,50,,Aggregated,22.400000,0.000000,7,12,15,17,43,55,85,890,2200,2200,2200,4408,0,7,33.194703314024835,3.1807079940335825,2212.7803029870847,5787.720054446461
1783308320,50,,Aggregated,22.500000,0.000000,7,12,15,17,43,55,85,890,2200,2200,2200,4423,0,7,33.119016310701156,3.1807079940335825,2212.7803029870847,5791.672846484286
1783308321,50,,Aggregated,22.500000,0.000000,7,12,15,17,43,55,85,890,2200,2200,2200,4449,0,7,32.98844483643579,3.1807079940335825,2212.7803029870847,5805.454259384132
1783308322,50,,Aggregated,21.800000,0.000000,7,12,15,17,43,55,84,890,2200,2200,2200,4473,0,7,32.896380467763436,3.1807079940335825,2212.7803029870847,5799.555331991952
1783308323,50,,Aggregated,22.000000,0.000000,7,12,15,17,43,55,84,890,2200,2200,2200,4495,0,7,32.77630674733948,3.1807079940335825,2212.7803029870847,5802.494327030034
1783308324,50,,Aggregated,22.500000,0.000000,7,12,15,17,43,55,83,820,2200,2200,2200,4516,0,7,32.709923159726316,3.1807079940335825,2212.7803029870847,5807.43689105403
1783308325,50,,Aggregated,21.600000,0.000000,7,12,15,17,43,55,83,820,2200,2200,2200,4538,0,7,32.65915611509182,3.1807079940335825,2212.7803029870847,5808.072278536801
1783308326,50,,Aggregated,23.000000,0.000000,7,12,15,17,43,55,83,820,2200,2200,2200,4559,0,7,32.5452236409957,3.1807079940335825,2212.7803029870847,5802.72954595306
1783308327,50,,Aggregated,22.200000,0.000000,7,12,15,17,43,55,83,820,2200,2200,2200,4584,0,7,32.45905668920282,3.1807079940335825,2212.7803029870847,5799.456369982548
1783308328,50,,Aggregated,22.100000,0.000000,7,12,15,17,43,55,83,810,2200,2200,2200,4604,0,7,32.37764807087568,3.1807079940335825,2212.7803029870847,5806.243049522154
1783308329,50,,Aggregated,22.100000,0.000000,7,12,15,17,43,55,83,810,2200,2200,2200,4627,0,7,32.27300656220553,3.1807079940335825,2212.7803029870847,5808.138966933218
1783308330,50,,Aggregated,21.800000,0.000000,7,12,15,17,43,55,83,810,2200,2200,2200,4656,0,7,32.18932445732745,3.1807079940335825,2212.7803029870847,5801.937929553264
1783308331,50,,Aggregated,21.900000,0.000000,7,12,15,17,43,55,83,810,2200,2200,2200,4670,0,7,32.150807123407134,3.1807079940335825,2212.7803029870847,5804.4513918629555
1783308332,50,,Aggregated,22.500000,0.000000,7,12,15,17,43,55,83,810,2200,2200,2200,4695,0,7,32.048227488885495,3.1807079940335825,2212.7803029870847,5805.107987220447
1783308333,50,,Aggregated,21.900000,0.000000,7,12,15,17,43,55,83,780,2200,2200,2200,4713,0,7,31.981247426331038,3.1807079940335825,2212.7803029870847,5811.998090388288
1783308334,50,,Aggregated,21.800000,0.000000,7,12,15,17,43,55,83,780,2200,2200,2200,4744,0,7,31.885500232347788,3.1807079940335825,2212.7803029870847,5818.43718381113
1783308335,50,,Aggregated,22.800000,0.000000,7,12,15,17,43,55,83,780,2200,2200,2200,4762,0,7,31.82267276171536,3.1807079940335825,2212.7803029870847,5816.356152876942
1783308336,50,,Aggregated,22.000000,0.000000,7,12,15,17,43,55,83,780,2200,2200,2200,4785,0,7,31.726918675505036,3.1807079940335825,2212.7803029870847,5815.167607105538
1783308337,50,,Aggregated,22.200000,0.000000,7,12,15,17,43,55,83,750,2200,2200,2200,4808,0,7,31.651720781467485,3.1807079940335825,2212.7803029870847,5814.237728785358
1783308338,50,,Aggregated,22.600000,0.000000,7,12,15,17,43,55,83,750,2200,2200,2200,4835,0,7,31.60730428836776,3.1807079940335825,2212.7803029870847,5806.891623578076
1783308339,50,,Aggregated,22.700000,0.000000,7,12,15,17,43,55,83,750,2200,2200,2200,4852,0,7,31.537027439455688,3.1807079940335825,2212.7803029870847,5809.62077493817
1783308340,50,,Aggregated,23.300000,0.000000,7,12,15,17,43,55,83,750,2200,2200,2200,4879,0,7,31.475871643214113,3.1807079940335825,2212.7803029870847,5819.441073990572
1783308341,50,,Aggregated,23.300000,0.000000,7,12,15,17,43,55,83,390,2200,2200,2200,4901,0,7,31.39292283662093,3.1807079940335825,2212.7803029870847,5829.553152417874
1783308342,50,,Aggregated,22.500000,0.000000,7,12,15,17,43,55,83,390,2200,2200,2200,4922,0,7,31.31095218514378,3.1807079940335825,2212.7803029870847,5829.263510767981
1783308343,50,,Aggregated,22.500000,0.000000,7,12,15,17,43,55,83,390,2200,2200,2200,4950,0,7,31.245310262087827,3.1807079940335825,2212.7803029870847,5827.475151515151
1783308345,50,,Aggregated,22.700000,0.000000,7,12,15,17,44,57,89,390,2200,2200,2200,4990,0,7,31.48341193113218,3.1807079940335825,2212.7803029870847,5846.237274549098
1783308346,50,,Aggregated,21.900000,0.000000,7,12,15,17,44,57,89,150,2100,2200,2200,5008,0,7,31.416127720320674,3.1807079940335825,2212.7803029870847,5835.8740015974445
1783308347,50,,Aggregated,22.600000,0.000000,7,12,15,17,44,57,89,150,2100,2200,2200,5035,0,7,31.30518106779011,3.1807079940335825,2212.7803029870847,5825.397616683217
1783308348,50,,Aggregated,22.100000,0.000000,7,12,15,17,44,57,88,150,2100,2200,2200,5058,0,7,31.219376749557814,3.1807079940335825,2212.7803029870847,5830.338078291815
1783308349,50,,Aggregated,22.200000,0.000000,7,12,15,17,44,57,88,150,2100,2200,2200,5087,0,7,31.13523437551223,3.1807079940335825,2212.7803029870847,5820.464713976804
1783308350,50,,Aggregated,22.000000,0.000000,7,12,15,17,44,57,88,150,2100,2200,2200,5107,0,7,31.085546348195148,3.1807079940335825,2212.7803029870847,5821.915801840611
1783308351,50,,Aggregated,22.300000,0.000000,7,12,15,17,44,57,88,150,2100,2200,2200,5128,0,7,31.008264632843964,3.1807079940335825,2212.7803029870847,5821.183697347894
1783308352,50,,Aggregated,22.400000,0.000000,7,12,15,17,44,57,88,150,2100,2200,2200,5152,0,7,30.924199671618954,3.1807079940335825,2212.7803029870847,5809.494953416149
1783308353,50,,Aggregated,22.700000,0.000000,7,12,15,17,44,57,89,150,2100,2200,2200,5174,0,7,30.89201969698555,3.112912003416568,2212.7803029870847,5807.282953227676
1783308354,50,,Aggregated,22.600000,0.000000,7,12,15,17,44,57,89,150,2100,2200,2200,5199,0,7,30.799307895217023,3.112912003416568,2212.7803029870847,5794.397191767647
1783308355,50,,Aggregated,22.600000,0.000000,7,12,15,17,44,57,88,140,2100,2200,2200,5217,0,7,30.723930825992007,3.112912003416568,2212.7803029870847,5797.782633697528
1783308356,50,,Aggregated,23.400000,0.000000,7,12,15,17,44,57,88,140,2100,2200,2200,5236,0,7,30.668462179367516,3.112912003416568,2212.7803029870847,5793.083842627961
1783308357,50,,Aggregated,22.700000,0.000000,7,12,15,17,44,57,88,140,2100,2200,2200,5261,0,7,30.581794445579124,3.112912003416568,2212.7803029870847,5802.846226953051
1783308358,50,,Aggregated,22.800000,0.000000,7,12,15,17,44,57,88,140,2100,2200,2200,5286,0,7,30.52150064343444,3.112912003416568,2212.7803029870847,5807.715664018161
1783308359,50,,Aggregated,22.200000,0.000000,7,12,15,17,44,57,88,140,2100,2200,2200,5306,0,7,30.455461968565125,3.112912003416568,2212.7803029870847,5805.032604598568
1783308360,50,,Aggregated,22.200000,0.000000,7,12,15,17,44,57,88,140,2100,2200,2200,5326,0,7,30.379305238483557,3.112912003416568,2212.7803029870847,5803.76380022531
1783308361,50,,Aggregated,22.100000,0.000000,7,12,15,17,44,57,88,140,2100,2200,2200,5354,0,7,30.26099527216769,3.112912003416568,2212.7803029870847,5807.241128128502
1783308362,50,,Aggregated,21.900000,0.000000,7,12,15,17,44,56,88,140,2100,2200,2200,5371,0,7,30.193799422113976,3.112912003416568,2212.7803029870847,5816.90150809905
1783308363,50,,Aggregated,22.200000,0.000000,7,12,15,17,44,56,88,140,2100,2200,2200,5395,0,7,30.122050316804724,3.112912003416568,2212.7803029870847,5825.8949026876735
1783308364,50,,Aggregated,22.200000,0.000000,7,12,15,17,44,56,87,130,2100,2200,2200,5416,0,7,30.050366776806637,3.112912003416568,2212.7803029870847,5828.110782865583
1783308365,50,,Aggregated,21.700000,0.000000,7,12,15,17,44,56,87,130,2100,2200,2200,5447,0,7,29.960411204917467,3.112912003416568,2212.7803029870847,5819.342573893887
1783308366,50,,Aggregated,22.300000,0.000000,7,12,15,17,44,56,87,130,2100,2200,2200,5462,0,7,29.919599145580847,3.112912003416568,2212.7803029870847,5814.054009520322
1783308367,50,,Aggregated,22.100000,0.000000,7,12,15,17,44,56,87,130,2100,2200,2200,5486,0,7,29.850641914899352,3.112912003416568,2212.7803029870847,5816.733868027707
1783308368,50,,Aggregated,22.600000,0.000000,7,12,15,17,44,56,88,130,2100,2200,2200,5509,0,7,29.795470371415774,3.112912003416568,2212.7803029870847,5819.557269921946
1783308369,50,,Aggregated,22.500000,0.000000,7,12,15,17,44,56,88,130,2100,2200,2200,5528,0,7,29.734004083058025,3.112912003416568,2212.7803029870847,5818.234081041968
1783308370,50,,Aggregated,22.900000,0.000000,7,12,15,17,44,56,87,130,2100,2200,2200,5557,0,7,29.62493433276514,3.112912003416568,2212.7803029870847,5813.910023393918
1783308371,50,,Aggregated,22.700000,0.000000,7,12,15,17,44,56,88,130,2100,2200,2200,5580,0,7,29.575791873863363,3.112912003416568,2212.7803029870847,5806.816487455197
1783308372,50,,Aggregated,22.600000,0.000000,7,12,15,17,44,56,87,130,2100,2200,2200,5603,0,7,29.517034277918274,3.112912003416568,2212.7803029870847,5807.624129930395
1783308373,50,,Aggregated,22.700000,0.000000,7,12,15,17,43,56,87,130,2100,2200,2200,5626,0,7,29.43898886244986,3.112912003416568,2212.7803029870847,5814.351581940989
1783308374,50,,Aggregated,22.800000,0.000000,7,12,15,17,44,56,87,130,2100,2200,2200,5649,0,7,29.410160532162198,3.112912003416568,2212.7803029870847,5823.677110993096
1783308375,50,,Aggregated,23.400000,0.000000,7,12,15,17,44,56,87,130,2100,2200,2200,5675,0,7,29.36252390575546,3.112912003416568,2212.7803029870847,5815.603171806168
1783308376,50,,Aggregated,22.700000,0.000000,7,12,15,17,44,56,87,130,2100,2200,2200,5695,0,7,29.300808379492217,3.112912003416568,2212.7803029870847,5815.297629499561
1783308377,50,,Aggregated,23.300000,0.000000,7,12,15,17,44,56,87,130,2100,2200,2200,5716,0,7,29.26142291326112,3.112912003416568,2212.7803029870847,5815.327501749475
1783308378,50,,Aggregated,22.900000,0.000000,7,12,15,17,44,56,87,130,2100,2200,2200,5746,0,7,29.1668300275295,3.112912003416568,2212.7803029870847,5821.850678733032
1783308379,50,,Aggregated,23.300000,0.000000,7,12,15,17,44,56,87,130,2100,2200,2200,5761,0,7,29.13291171137037,3.112912003416568,2212.7803029870847,5823.969623329283
1783308380,50,,Aggregated,22.900000,0.000000,7,12,15,17,44,56,87,130,2100,2200,2200,5792,0,7,29.03899860293225,3.112912003416568,2212.7803029870847,5817.0868439226515
1783308381,50,,Aggregated,23.100000,0.000000,7,12,15,17,44,56,87,120,2100,2200,2200,5816,0,7,28.97446106485723,3.112912003416568,2212.7803029870847,5806.839408528198
1783308382,50,,Aggregated,23.500000,0.000000,7,12,15,17,44,56,87,120,2100,2200,2200,5831,0,7,28.931832778630884,3.112912003416568,2212.7803029870847,5802.658034642428
1783308383,50,,Aggregated,23.400000,0.000000,7,12,15,17,44,56,87,120,2100,2200,2200,5858,0,7,28.882268919459865,3.112912003416568,2212.7803029870847,5794.45356777057
1783308384,50,,Aggregated,22.800000,0.000000,7,12,15,17,44,56,87,120,2100,2200,2200,5881,0,7,28.82447673698578,3.112912003416568,2212.7803029870847,5803.379527291277
1783308385,50,,Aggregated,22.600000,0.000000,7,12,15,17,44,56,86,120,2100,2200,2200,5905,0,7,28.777296806633974,3.112912003416568,2212.7803029870847,5813.53615580017
1783308386,50,,Aggregated,22.800000,0.000000,7,12,15,17,44,56,86,120,2100,2200,2200,5930,0,7,28.71333211690323,3.112912003416568,2212.7803029870847,5800.827824620574
1783308387,50,,Aggregated,23.100000,0.000000,7,12,15,17,43,56,86,120,2100,2200,2200,5956,0,7,28.63817055376852,3.112912003416568,2212.7803029870847,5803.004197447952
1783308388,50,,Aggregated,22.900000,0.000000,7,11,15,17,43,56,86,120,2100,2200,2200,5971,0,7,28.584102258793394,3.112912003416568,2212.7803029870847,5804.7940043543795
1783308389,50,,Aggregated,23.000000,0.000000,7,11,15,17,43,56,86,120,2100,2200,2200,5995,0,7,28.521978451929705,3.112912003416568,2212.7803029870847,5810.417014178482
1783308390,50,,Aggregated,23.500000,0.000000,7,11,15,17,44,56,86,120,2100,2200,2200,6022,0,7,28.465737346453633,3.112912003416568,2212.7803029870847,5794.823978744603
1783308391,50,,Aggregated,22.500000,0.000000,7,11,15,17,44,56,86,120,2100,2200,2200,6037,0,7,28.428275908619888,3.112912003416568,2212.7803029870847,5797.938711280437
1783308392,50,,Aggregated,22.900000,0.000000,7,11,15,17,43,55,85,120,2100,2200,2200,6066,0,7,28.347838910546546,3.112912003416568,2212.7803029870847,5800.886086383119
1783308393,50,,Aggregated,22.400000,0.000000,7,11,15,17,43,55,85,120,2100,2200,2200,6091,0,7,28.294164146179003,3.112912003416568,2212.7803029870847,5799.1246100804465
1783308394,50,,Aggregated,23.100000,0.000000,7,11,15,17,43,55,85,120,2100,2200,2200,6113,0,7,28.23934106353915,3.112912003416568,2212.7803029870847,5788.569769344021
1783308395,50,,Aggregated,23.300000,0.000000,7,11,15,17,43,55,85,120,2100,2200,2200,6138,0,7,28.192945384716726,3.112912003416568,2212.7803029870847,5788.44477028348
1783308396,50,,Aggregated,23.500000,0.000000,7,11,15,17,43,55,85,120,2100,2200,2200,6161,0,7,28.14120282411279,3.112912003416568,2212.7803029870847,5780.126278201591
1783308397,50,,Aggregated,23.100000,0.000000,7,11,15,17,43,56,85,120,2100,2200,2200,6177,0,7,28.11978019432545,3.112912003416568,2212.7803029870847,5781.1750040472725
1783308398,50,,Aggregated,23.400000,0.000000,7,11,15,17,43,56,85,120,2100,2200,2200,6205,0,7,28.05254285468245,3.112912003416568,2212.7803029870847,5783.78726833199
1783308399,50,,Aggregated,23.300000,0.000000,7,11,15,17,43,56,85,120,2100,2200,2200,6230,0,7,28.033756399240826,3.112912003416568,2212.7803029870847,5786.176725521669
1783308400,50,,Aggregated,22.400000,0.000000,7,11,15,17,43,56,85,120,2100,2200,2200,6255,0,7,27.966598930656907,3.112912003416568,2212.7803029870847,5784.473381294964
1783308401,50,,Aggregated,23.700000,0.000000,7,11,15,17,43,56,85,120,2100,2200,2200,6279,0,7,27.909179984755315,3.112912003416568,2212.7803029870847,5788.411371237458
1783308402,50,,Aggregated,23.200000,0.000000,7,11,15,17,43,55,84,120,2100,2200,2200,6304,0,7,27.82527149226696,3.112912003416568,2212.7803029870847,5793.440196700508
1783308403,50,,Aggregated,23.600000,0.000000,7,11,15,17,43,55,84,120,2100,2200,2200,6327,0,7,27.785860395795865,3.112912003416568,2212.7803029870847,5802.187924766872
1783308404,50,,Aggregated,23.400000,0.000000,7,11,15,17,43,56,85,120,2100,2200,2200,6350,0,7,27.767923252465017,3.112912003416568,2212.7803029870847,5797.013385826772
1783308405,50,,Aggregated,23.400000,0.000000,7,11,15,17,43,56,85,120,2100,2200,2200,6373,0,7,27.731454410659754,3.112912003416568,2212.7803029870847,5792.382865212616
1783308406,50,,Aggregated,23.700000,0.000000,7,11,15,17,43,56,85,120,2100,2200,2200,6393,0,7,27.68309954546422,3.112912003416568,2212.7803029870847,5798.818082277491
1783308407,50,,Aggregated,23.600000,0.000000,7,11,15,17,43,56,85,120,2100,2200,2200,6417,0,7,27.640813981946078,3.112912003416568,2212.7803029870847,5786.560853981611
1783308408,50,,Aggregated,23.000000,0.000000,7,11,15,17,44,56,85,120,2100,2200,2200,6438,0,7,27.598514138266264,3.112912003416568,2212.7803029870847,5783.280832556695
1783308409,50,,Aggregated,22.900000,0.000000,7,11,15,17,43,56,84,120,2100,2200,2200,6462,0,7,27.537478039953047,3.112912003416568,2212.7803029870847,5785.272051996286
1783308410,50,,Aggregated,23.400000,0.000000,7,11,15,17,44,56,84,120,2100,2200,2200,6485,0,7,27.510913905804134,3.112912003416568,2212.7803029870847,5780.812490362375
1783308411,50,,Aggregated,22.900000,0.000000,7,11,15,17,44,56,83,120,2100,2200,2200,6504,0,7,27.460173069667988,3.112912003416568,2212.7803029870847,5778.067804428044
1783308412,50,,Aggregated,23.000000,0.000000,7,11,15,17,43,55,83,120,2100,2200,2200,6529,0,7,27.39065996708732,3.0575040000258014,2212.7803029870847,5775.901209986216
1783308413,50,,Aggregated,22.900000,0.000000,7,11,15,17,43,55,83,120,2100,2200,2200,6554,0,7,27.32997356409636,3.0575040000258014,2212.7803029870847,5777.805614891669
1783308414,50,,Aggregated,22.600000,0.000000,7,11,15,17,43,55,83,120,2100,2200,2200,6580,0,7,27.2707763089723,3.0575040000258014,2212.7803029870847,5782.314589665653
1783308415,50,,Aggregated,22.900000,0.000000,7,11,15,17,43,55,83,120,2100,2200,2200,6599,0,7,27.21311918913595,3.0575040000258014,2212.7803029870847,5781.911198666465
1783308416,50,,Aggregated,22.600000,0.000000,7,11,15,17,43,55,83,120,2100,2200,2200,6620,0,7,27.167912019508837,3.0575040000258014,2212.7803029870847,5779.750302114804
1783308417,50,,Aggregated,22.700000,0.000000,7,11,14,16,43,55,83,120,2100,2200,2200,6645,0,7,27.111876684599178,3.0575040000258014,2212.7803029870847,5775.185101580136
1783308418,50,,Aggregated,22.700000,0.000000,7,11,15,16,43,55,83,120,2100,2200,2200,6668,0,7,27.08191183310502,3.0575040000258014,2212.7803029870847,5775.032843431314
1783308419,50,,Aggregated,23.100000,0.000000,7,11,14,16,43,55,83,120,2100,2200,2200,6687,0,7,27.036189654570016,3.0575040000258014,2212.7803029870847,5770.980110662479
1783308420,50,,Aggregated,23.100000,0.000000,7,11,15,16,43,55,83,110,2100,2200,2200,6710,0,7,26.98618432177018,3.0575040000258014,2212.7803029870847,5773.975111773472
1783308421,50,,Aggregated,23.000000,0.000000,7,11,15,16,43,55,83,110,2100,2200,2200,6738,0,7,26.92855975126998,3.0575040000258014,2212.7803029870847,5774.864351439596
1783308422,50,,Aggregated,22.700000,0.000000,7,11,14,16,43,55,83,110,2100,2200,2200,6758,0,7,26.879394393908292,3.0575040000258014,2212.7803029870847,5780.308079313407
1783308423,50,,Aggregated,22.600000,0.000000,7,11,14,16,43,55,83,110,2100,2200,2200,6783,0,7,26.823388316380097,3.0575040000258014,2212.7803029870847,5783.79021082117
1783308424,50,,Aggregated,23.100000,0.000000,7,11,15,16,43,55,83,110,2100,2200,2200,6807,0,7,26.775137319081214,3.0575040000258014,2212.7803029870847,5785.653151167915
1783308425,50,,Aggregated,22.800000,0.000000,7,11,14,16,43,55,83,110,2100,2200,2200,6832,0,7,26.71899210305017,3.0575040000258014,2212.7803029870847,5780.145784543325
1783308426,50,,Aggregated,22.600000,0.000000,7,11,14,16,43,55,83,110,2100,2200,2200,6848,0,7,26.683901388153817,3.0575040000258014,2212.7803029870847,5784.2351051401865
1783308427,50,,Aggregated,22.700000,0.000000,7,11,14,16,43,55,83,110,2100,2200,2200,6876,0,7,26.625332437764587,3.0575040000258014,2212.7803029870847,5782.470186154741
1783308428,50,,Aggregated,23.000000,0.000000,7,11,14,16,43,55,83,110,2100,2200,2200,6895,0,7,26.597532321259305,3.0575040000258014,2212.7803029870847,5784.51762146483
1783308429,50,,Aggregated,22.700000,0.000000,7,11,14,16,43,55,83,110,2100,2200,2200,6921,0,7,26.55756137280161,3.0575040000258014,2212.7803029870847,5791.593844820112
1783308430,50,,Aggregated,22.900000,0.000000,7,11,14,16,43,55,83,110,2100,2200,2200,6944,0,7,26.501433490667477,3.0575040000258014,2212.7803029870847,5788.854262672811
1783308431,50,,Aggregated,22.400000,0.000000,7,11,14,16,43,55,83,110,2100,2200,2200,6967,0,7,26.456438440673733,3.0575040000258014,2212.7803029870847,5791.118271853022
1783308432,50,,Aggregated,23.400000,0.000000,7,11,14,16,43,55,83,110,2100,2200,2200,6989,0,7,26.424368574064445,3.0575040000258014,2212.7803029870847,5793.593790241808
1783308433,50,,Aggregated,23.200000,0.000000,7,11,14,16,43,55,83,110,2100,2200,2200,7010,0,7,26.3762738499455,3.0575040000258014,2212.7803029870847,5790.420256776034
1783308434,50,,Aggregated,22.600000,0.000000,7,11,14,16,43,55,83,110,2100,2200,2200,7028,0,7,26.338315819599146,3.0575040000258014,2212.7803029870847,5792.361269208879
1783308435,50,,Aggregated,22.600000,0.000000,7,11,14,16,43,55,83,110,2100,2200,2200,7050,0,7,26.306962893061268,3.0575040000258014,2212.7803029870847,5790.0784397163125
1783308436,50,,Aggregated,22.400000,0.000000,7,11,14,16,43,55,83,110,2100,2200,2200,7079,0,7,26.28604583939513,3.0575040000258014,2212.7803029870847,5787.298771012855
1783308437,50,,Aggregated,21.800000,0.000000,7,11,14,16,43,55,83,110,2100,2200,2200,7101,0,7,26.240134284060776,3.0575040000258014,2212.7803029870847,5795.921137867906
1783308438,50,,Aggregated,21.900000,0.000000,7,11,14,16,43,55,83,110,2100,2200,2200,7120,0,7,26.20312526321439,3.0575040000258014,2212.7803029870847,5792.681601123595
1783308439,50,,Aggregated,22.700000,0.000000,7,11,14,16,43,55,83,110,2100,2200,2200,7144,0,7,26.16480714838484,3.0575040000258014,2212.7803029870847,5783.353443449048
1783308440,50,,Aggregated,22.400000,0.000000,7,11,14,16,43,55,83,110,2100,2200,2200,7163,0,7,26.120193026392837,3.0575040000258014,2212.7803029870847,5784.399134440877
1783308441,50,,Aggregated,22.400000,0.000000,7,11,14,16,43,54,83,110,2100,2200,2200,7187,0,7,26.078324644641842,3.0575040000258014,2212.7803029870847,5778.2928899401695
1783308442,50,,Aggregated,22.200000,0.000000,7,11,14,16,43,54,83,110,2100,2200,2200,7205,0,7,26.051993134907704,3.0575040000258014,2212.7803029870847,5775.568771686329
1783308443,50,,Aggregated,21.700000,0.000000,7,11,14,16,43,54,83,110,2100,2200,2200,7227,0,7,26.021735405833592,3.0575040000258014,2212.7803029870847,5779.444859554448
1783308444,50,,Aggregated,21.900000,0.000000,7,11,14,16,43,54,82,110,2100,2200,2200,7253,0,7,25.965276939881047,3.0575040000258014,2212.7803029870847,5782.0355714876605
1783308445,50,,Aggregated,21.700000,0.000000,7,11,14,16,43,54,82,110,2100,2200,2200,7273,0,7,25.92866412869368,3.0575040000258014,2212.7803029870847,5780.1027086484255
1783308446,50,,Aggregated,21.900000,0.000000,7,11,14,16,43,54,82,110,2100,2200,2200,7298,0,7,25.87759815223122,3.0575040000258014,2212.7803029870847,5788.30035626199
1783308447,50,,Aggregated,22.600000,0.000000,7,11,14,16,43,54,82,110,2100,2200,2200,7318,0,7,25.874668857058527,3.0575040000258014,2212.7803029870847,5782.596884394643
1783308448,50,,Aggregated,22.300000,0.000000,7,11,14,16,43,54,82,110,2100,2200,2200,7342,0,7,25.828017189867374,3.0575040000258014,2212.7803029870847,5781.26110051757
1783308449,50,,Aggregated,22.000000,0.000000,7,11,14,16,43,54,82,110,2100,2200,2200,7368,0,7,25.779815038679274,3.0575040000258014,2212.7803029870847,5772.578854505971
1783308450,50,,Aggregated,21.600000,0.000000,7,11,14,16,43,54,82,110,2100,2200,2200,7393,0,7,25.757602114030114,3.0575040000258014,2212.7803029870847,5771.583389692953
1783308451,50,,Aggregated,22.200000,0.000000,7,11,14,16,43,54,82,110,2100,2200,2200,7414,0,7,25.737954458994462,3.0575040000258014,2212.7803029870847,5774.160642028594
1783308452,50,,Aggregated,22.200000,0.000000,7,11,14,16,43,54,82,110,2100,2200,2200,7436,0,7,25.69441621274516,3.0575040000258014,2212.7803029870847,5777.736148466917
1783308453,50,,Aggregated,22.900000,0.000000,7,11,14,16,43,54,82,110,2100,2200,2200,7460,0,7,25.653022843161107,3.0575040000258014,2212.7803029870847,5786.682573726542
1783308454,50,,Aggregated,22.700000,0.000000,7,11,14,16,43,54,82,110,2100,2200,2200,7481,0,7,25.609241384834096,3.0575040000258014,2212.7803029870847,5797.439112418126
1783308455,50,,Aggregated,22.900000,0.000000,7,11,14,16,43,54,82,110,2100,2200,2200,7503,0,7,25.57674998852995,3.0575040000258014,2212.7803029870847,5789.635079301613
1783308456,50,,Aggregated,23.100000,0.000000,7,11,14,16,43,54,82,110,2100,2200,2200,7525,0,7,25.543940262983096,3.0575040000258014,2212.7803029870847,5792.283986710963
1783308457,50,,Aggregated,22.600000,0.000000,7,11,14,16,43,54,82,110,2100,2200,2200,7547,0,7,25.512852505624036,3.0575040000258014,2212.7803029870847,5792.719226182589
1783308458,50,,Aggregated,23.000000,0.000000,7,11,14,16,43,54,82,110,2100,2200,2200,7571,0,7,25.45111582538114,3.0575040000258014,2212.7803029870847,5792.04979527143
1783308459,50,,Aggregated,22.500000,0.000000,7,11,14,16,43,54,82,110,2100,2200,2200,7593,0,7,25.42035025390762,3.0575040000258014,2212.7803029870847,5799.809298037666
1783308460,50,,Aggregated,22.700000,0.000000,7,11,14,16,43,54,82,110,2100,2200,2200,7617,0,7,25.415443869360548,3.0575040000258014,2212.7803029870847,5801.276486805829
1783308462,50,,Aggregated,22.900000,0.000000,7,11,14,16,43,54,82,110,2100,2200,2200,7636,0,7,25.381813794381785,3.0575040000258014,2212.7803029870847,5803.42875851231
1783308463,50,,Aggregated,22.400000,0.000000,7,11,14,16,43,54,82,110,2100,2200,2200,7657,0,7,25.339952083694577,3.0575040000258014,2212.7803029870847,5801.366070262505
1783308464,50,,Aggregated,22.200000,0.000000,7,11,14,16,43,54,82,110,2100,2200,2200,7679,0,7,25.305798566718618,3.0575040000258014,2212.7803029870847,5802.993358510223
1783308465,50,,Aggregated,22.100000,0.000000,7,11,14,16,43,54,81,110,2100,2200,2200,7702,0,7,25.26642849440141,3.0575040000258014,2212.7803029870847,5796.558036873539
1783308466,50,,Aggregated,21.800000,0.000000,7,11,14,16,43,54,81,110,2100,2200,2200,7734,0,7,25.209479688369235,3.0575040000258014,2212.7803029870847,5795.735841737781
1783308467,50,,Aggregated,22.000000,0.000000,7,11,14,16,43,54,81,110,2100,2200,2200,7751,0,7,25.179595085650085,3.0575040000258014,2212.7803029870847,5802.056379821958
1783308468,50,,Aggregated,22.900000,0.000000,7,11,14,16,43,54,81,110,2100,2200,2200,7771,0,7,25.1495749527547,3.0575040000258014,2212.7803029870847,5793.4482048642385
1783308469,50,,Aggregated,22.500000,0.000000,7,11,14,16,43,54,81,110,2100,2200,2200,7799,0,7,25.123144776755552,3.0575040000258014,2212.7803029870847,5789.454289011412
1783308470,50,,Aggregated,22.300000,0.000000,7,11,14,16,43,54,81,110,2100,2200,2200,7823,0,7,25.087939206047814,3.0575040000258014,2212.7803029870847,5779.6340278665475
1783308471,50,,Aggregated,22.300000,0.000000,7,11,14,16,43,54,81,110,2100,2200,2200,7840,0,7,25.061083068356645,3.0575040000258014,2212.7803029870847,5780.976275510204
1783308472,50,,Aggregated,22.800000,0.000000,7,11,14,16,43,54,81,110,2100,2200,2200,7867,0,7,25.043387990460065,3.0575040000258014,2212.7803029870847,5779.758866149739
1783308473,50,,Aggregated,22.800000,0.000000,7,11,14,16,43,54,81,110,2100,2200,2200,7885,0,7,25.007964550280462,3.0575040000258014,2212.7803029870847,5786.1878249841475
1783308474,50,,Aggregated,23.000000,0.000000,7,11,14,16,43,54,81,110,2100,2200,2200,7912,0,7,24.954446674163176,3.0575040000258014,2212.7803029870847,5784.47687057634
1783308475,50,,Aggregated,23.000000,0.000000,7,11,14,16,43,54,81,110,2100,2200,2200,7932,0,7,24.918087743817793,3.0575040000258014,2212.7803029870847,5780.55320221886
1783308476,50,,Aggregated,23.300000,0.000000,7,11,14,16,43,54,82,110,2100,2200,2200,7957,0,7,24.9262709250887,3.0575040000258014,2212.7803029870847,5777.682166645721
1783308477,50,,Aggregated,23.100000,0.000000,7,11,14,16,43,54,82,110,2100,2200,2200,7981,0,7,24.899477335534282,3.0575040000258014,2212.7803029870847,5777.029319634131
1783308478,50,,Aggregated,23.100000,0.000000,7,11,14,16,43,54,82,110,2100,2200,2200,7999,0,7,24.870346436545084,3.0575040000258014,2212.7803029870847,5779.49568696087
1783308479,50,,Aggregated,22.300000,0.000000,7,11,14,16,43,54,82,110,2100,2200,2200,8026,0,7,24.832245571382416,3.0575040000258014,2212.7803029870847,5776.1250934463
1783308480,50,,Aggregated,22.900000,0.000000,7,11,14,16,43,54,82,110,2100,2200,2200,8047,0,7,24.80045687708818,3.0575040000258014,2212.7803029870847,5773.488505032931
1783308481,50,,Aggregated,22.800000,0.000000,7,11,14,16,43,54,82,110,2100,2200,2200,8065,0,7,24.76956028491908,3.0575040000258014,2212.7803029870847,5776.315313081215
1783308482,50,,Aggregated,22.800000,0.000000,7,11,14,16,43,54,82,110,2100,2200,2200,8092,0,7,24.741429285823912,3.0575040000258014,2212.7803029870847,5776.9464903608505
1783308483,50,,Aggregated,22.300000,0.000000,7,11,14,16,43,54,81,110,2100,2200,2200,8111,0,7,24.709092763759152,3.0575040000258014,2212.7803029870847,5775.762298113673
1783308484,50,,Aggregated,22.600000,0.000000,7,11,14,16,43,54,81,110,2100,2200,2200,8131,0,7,24.69077207832314,3.0575040000258014,2212.7803029870847,5775.001967777641
1783308485,50,,Aggregated,22.600000,0.000000,7,11,14,16,43,54,81,110,2100,2200,2200,8157,0,7,24.6720841802044,3.0575040000258014,2212.7803029870847,5772.391933308814
1783308486,50,,Aggregated,21.900000,0.000000,7,11,14,16,43,54,81,110,2100,2200,2200,8176,0,7,24.64877457129434,3.0575040000258014,2212.7803029870847,5768.708904109589
1783308487,50,,Aggregated,22.200000,0.000000,7,11,14,16,43,54,81,110,2100,2200,2200,8197,0,7,24.633143525422078,3.0575040000258014,2212.7803029870847,5765.369647431988
1783308488,50,,Aggregated,21.800000,0.000000,7,11,14,16,43,54,81,110,2100,2200,2200,8223,0,7,24.60855491935925,3.0575040000258014,2212.7803029870847,5763.320685881065
1783308489,50,,Aggregated,21.700000,0.000000,7,11,14,16,43,54,81,110,2100,2200,2200,8248,0,7,24.573505714459046,3.0575040000258014,2212.7803029870847,5761.821653734239
1783308490,50,,Aggregated,22.200000,0.000000,7,11,14,16,43,54,81,110,2100,2200,2200,8271,0,7,24.536060134068688,3.0575040000258014,2212.7803029870847,5759.107604884536
1783308491,50,,Aggregated,21.900000,0.000000,7,11,14,16,43,54,82,110,2100,2200,2200,8291,0,7,24.549718192723795,3.0575040000258014,2212.7803029870847,5759.2717404414425
1783308492,50,,Aggregated,22.600000,0.000000,7,11,14,16,43,54,81,110,2100,2200,2200,8317,0,7,24.50697505060008,3.0575040000258014,2212.7803029870847,5758.848022123362
1783308493,50,,Aggregated,22.000000,0.000000,7,11,14,16,43,54,81,110,2100,2200,2200,8338,0,7,24.47054080485204,3.0575040000258014,2212.7803029870847,5755.340009594627
1783308494,50,,Aggregated,22.000000,0.000000,7,11,14,16,43,54,81,110,2100,2200,2200,8361,0,7,24.445149088729398,3.0575040000258014,2212.7803029870847,5764.903002033249
1783308495,50,,Aggregated,22.300000,0.000000,7,11,14,16,43,54,81,110,2100,2200,2200,8388,0,7,24.40381218929949,3.0575040000258014,2212.7803029870847,5756.999165474487
1783308496,50,,Aggregated,22.900000,0.000000,7,11,14,16,43,54,81,110,2100,2200,2200,8413,0,7,24.373045241630876,3.0575040000258014,2212.7803029870847,5756.076429335552
1783308497,50,,Aggregated,22.800000,0.000000,7,11,14,16,43,54,81,110,2100,2200,2200,8432,0,7,24.33996945953939,3.0575040000258014,2212.7803029870847,5761.826375711575
1783308498,50,,Aggregated,23.600000,0.000000,7,11,14,16,42,54,81,110,2100,2200,2200,8457,0,7,24.301064066073895,3.0575040000258014,2212.7803029870847,5765.279886484569
1783308499,50,,Aggregated,23.200000,0.000000,7,11,14,16,42,54,81,110,2100,2200,2200,8479,0,7,24.27981234682917,3.0575040000258014,2212.7803029870847,5758.41148720368
1783308500,50,,Aggregated,23.300000,0.000000,7,11,14,16,42,54,81,110,2100,2200,2200,8499,0,7,24.253940155759253,3.0575040000258014,2212.7803029870847,5760.365454759383
1783308501,50,,Aggregated,23.000000,0.000000,7,11,14,16,42,54,81,110,2100,2200,2200,8523,0,7,24.22597295680269,3.0575040000258014,2212.7803029870847,5761.361375102663
1783308502,50,,Aggregated,22.700000,0.000000,7,11,14,16,42,54,81,110,2100,2200,2200,8552,0,7,24.198575405500907,3.0575040000258014,2212.7803029870847,5758.078461178671
1783308503,50,,Aggregated,23.600000,0.000000,7,11,14,16,42,54,81,110,2100,2200,2200,8567,0,7,24.181676313855498,3.0575040000258014,2212.7803029870847,5759.092447764679
1783308504,50,,Aggregated,23.300000,0.000000,7,11,14,16,42,54,81,110,2100,2200,2200,8594,0,7,24.14609877121348,3.0575040000258014,2212.7803029870847,5767.225622527345
1783308505,50,,Aggregated,23.200000,0.000000,7,11,14,16,42,54,81,110,2100,2200,2200,8621,0,7,24.112084256320493,3.0575040000258014,2212.7803029870847,5765.200208792484
1783308506,50,,Aggregated,23.200000,0.000000,7,11,14,16,42,54,81,110,2100,2200,2200,8636,0,7,24.09302515363106,3.0575040000258014,2212.7803029870847,5762.622278832793
1783308507,50,,Aggregated,23.500000,0.000000,7,11,14,16,42,54,80,110,2100,2200,2200,8663,0,7,24.047069376054214,3.0575040000258014,2212.7803029870847,5767.144176382316
1783308508,50,,Aggregated,22.200000,0.000000,7,11,14,16,42,54,80,110,2100,2200,2200,8679,0,7,24.027002489429062,3.0575040000258014,2212.7803029870847,5773.330107155202
1783308509,50,,Aggregated,23.300000,0.000000,7,11,14,16,42,54,80,110,2100,2200,2200,8708,0,7,23.983635114463162,3.0575040000258014,2212.7803029870847,5776.122645842903
1783308510,50,,Aggregated,22.000000,0.000000,7,11,14,16,42,54,80,110,2100,2200,2200,8731,0,7,23.95928354183865,3.0575040000258014,2212.7803029870847,5772.317947543237
1783308511,50,,Aggregated,22.900000,0.000000,7,11,14,16,42,54,80,110,2100,2200,2200,8748,0,7,23.930836821991956,3.0575040000258014,2212.7803029870847,5774.685642432556
1783308512,50,,Aggregated,23.000000,0.000000,7,11,14,16,42,54,80,110,2100,2200,2200,8768,0,7,23.917973591557985,3.0575040000258014,2212.7803029870847,5779.350364963504
1783308513,50,,Aggregated,22.500000,0.000000,7,11,14,16,42,54,80,110,2100,2200,2200,8796,0,7,23.870950176873,3.0575040000258014,2212.7803029870847,5781.550932241928
1783308514,50,,Aggregated,22.200000,0.000000,7,11,14,16,42,54,80,110,2100,2200,2200,8815,0,7,23.855227043991405,3.0575040000258014,2212.7803029870847,5779.345547362451
1783308515,50,,Aggregated,22.400000,0.000000,7,11,14,16,42,54,80,110,2100,2200,2200,8842,0,7,23.828976916849463,3.0575040000258014,2212.7803029870847,5780.354670888939
1783308516,50,,Aggregated,21.800000,0.000000,7,11,14,16,42,54,79,110,2100,2200,2200,8859,0,7,23.804352616863262,3.0575040000258014,2212.7803029870847,5780.0158031380515
1783308517,50,,Aggregated,21.900000,0.000000,7,11,14,16,42,54,79,110,2100,2200,2200,8885,0,7,23.763637114553052,3.0575040000258014,2212.7803029870847,5772.820371412493
1783308518,50,,Aggregated,22.500000,0.000000,7,11,14,16,42,54,79,100,2100,2200,2200,8909,0,7,23.738780636082108,3.0575040000258014,2212.7803029870847,5768.210124593108
1783308519,50,,Aggregated,22.100000,0.000000,7,11,14,16,42,54,79,100,2100,2200,2200,8929,0,7,23.71445203615422,3.0575040000258014,2212.7803029870847,5764.454474185239
1783308520,50,,Aggregated,23.200000,0.000000,7,11,14,16,42,54,81,110,2100,2200,2200,8951,0,7,23.761675577679235,3.0575040000258014,2212.7803029870847,5761.849960898224
1783308521,50,,Aggregated,21.400000,0.000000,7,11,14,16,42,54,81,110,2100,2200,2200,8977,0,7,23.737647801026615,3.0575040000258014,2212.7803029870847,5767.174668597527
1783308522,50,,Aggregated,22.100000,0.000000,7,11,14,16,42,54,81,110,2100,2200,2200,9000,0,7,23.702580944428014,3.0575040000258014,2212.7803029870847,5765.169555555555
1783308523,50,,Aggregated,22.700000,0.000000,7,11,14,16,42,54,80,110,2100,2200,2200,9020,0,7,23.66610866273048,3.0575040000258014,2212.7803029870847,5765.923614190688
1783308524,50,,Aggregated,23.000000,0.000000,7,11,14,16,42,54,81,110,2100,2200,2200,9045,0,7,23.645622885777374,3.0575040000258014,2212.7803029870847,5767.977446102819
1783308525,50,,Aggregated,22.200000,0.000000,7,11,14,16,42,54,80,110,2100,2200,2200,9065,0,7,23.622873954088245,3.0575040000258014,2212.7803029870847,5762.571869829013
1783308526,50,,Aggregated,23.200000,0.000000,7,11,14,16,42,54,80,110,2100,2200,2200,9091,0,7,23.581892978086703,3.0575040000258014,2212.7803029870847,5764.178198218018
1783308527,50,,Aggregated,22.600000,0.000000,7,11,14,16,42,54,80,110,2100,2200,2200,9108,0,7,23.568443306080813,3.0575040000258014,2212.7803029870847,5763.15744400527
1783308528,50,,Aggregated,22.800000,0.000000,7,11,14,16,42,54,80,110,2100,2200,2200,9133,0,7,23.536119805955607,3.0575040000258014,2212.7803029870847,5760.617321800066
1783308529,50,,Aggregated,22.200000,0.000000,7,11,14,16,42,54,80,110,2100,2200,2200,9163,0,7,23.495332532220413,3.0575040000258014,2212.7803029870847,5769.22678162174
1783308530,50,,Aggregated,22.500000,0.000000,7,11,14,16,42,54,80,110,2100,2200,2200,9188,0,7,23.464752251388095,3.0575040000258014,2212.7803029870847,5764.430888114933
1783308531,50,,Aggregated,23.700000,0.000000,7,11,14,16,42,54,80,110,2100,2200,2200,9207,0,7,23.43918083889732,3.0575040000258014,2212.7803029870847,5764.144889757793
1783308532,50,,Aggregated,23.200000,0.000000,7,11,14,16,42,54,80,110,2100,2200,2200,9234,0,7,23.40923748795329,3.0575040000258014,2212.7803029870847,5764.574290664934
1783308533,50,,Aggregated,23.000000,0.000000,7,11,14,16,42,54,79,110,2100,2200,2200,9251,0,7,23.386489883121136,3.0575040000258014,2212.7803029870847,5766.469462760782
1783308534,50,,Aggregated,23.000000,0.000000,7,11,14,16,42,54,79,110,2100,2200,2200,9279,0,7,23.344920353564266,3.0575040000258014,2212.7803029870847,5770.1574523116715
1783308535,50,,Aggregated,23.300000,0.000000,7,11,14,16,42,54,79,100,2100,2200,2200,9305,0,7,23.306325774816624,3.0575040000258014,2212.7803029870847,5772.586458893068
1783308536,50,,Aggregated,23.100000,0.000000,7,11,14,16,42,54,79,100,2100,2200,2200,9324,0,7,23.288230520554308,3.0575040000258014,2212.7803029870847,5771.5187687687685
1783308537,50,,Aggregated,23.300000,0.000000,7,11,14,16,42,54,79,100,2100,2200,2200,9347,0,7,23.278224404802476,3.0575040000258014,2212.7803029870847,5764.2781641168285
1783308538,50,,Aggregated,23.200000,0.000000,7,11,14,16,42,54,79,100,2100,2200,2200,9368,0,7,23.247819383723535,3.0575040000258014,2212.7803029870847,5765.807322801024
1783308539,50,,Aggregated,23.800000,0.000000,7,11,14,16,42,54,79,100,2100,2200,2200,9392,0,7,23.221637950995827,3.0575040000258014,2212.7803029870847,5771.04237649063
1783308540,50,,Aggregated,22.900000,0.000000,7,11,14,16,42,54,79,100,2100,2200,2200,9411,0,7,23.194152740488754,3.0575040000258014,2212.7803029870847,5770.129635532887
1783308541,50,,Aggregated,23.000000,0.000000,7,11,14,16,42,54,79,100,2100,2200,2200,9438,0,7,23.164339445408306,3.0575040000258014,2212.7803029870847,5772.4258317440135
1783308542,50,,Aggregated,22.600000,0.000000,7,11,14,16,42,54,79,100,2100,2200,2200,9456,0,7,23.138846089870622,3.0575040000258014,2212.7803029870847,5770.368443316413
1783308543,50,,Aggregated,22.800000,0.000000,7,11,14,16,42,54,79,100,2100,2200,2200,9480,0,7,23.13173814902932,3.0575040000258014,2212.7803029870847,5771.66476793249
1783308544,50,,Aggregated,22.400000,0.000000,7,11,14,16,42,54,79,100,2100,2200,2200,9509,0,7,23.09336554010469,3.0575040000258014,2212.7803029870847,5766.022084341151
1783308545,50,,Aggregated,22.500000,0.000000,7,11,14,16,42,54,79,100,2100,2200,2200,9527,0,7,23.079615919269486,3.0575040000258014,2212.7803029870847,5761.127952136035
1783308546,50,,Aggregated,22.800000,0.000000,7,11,14,16,42,54,79,100,2100,2200,2200,9549,0,7,23.0487884169878,3.0575040000258014,2212.7803029870847,5758.727091842078
1783308547,50,,Aggregated,22.500000,0.000000,7,11,14,16,42,54,79,100,2100,2200,2200,9571,0,7,23.017991568365474,3.0575040000258014,2212.7803029870847,5754.609758645909
1783308548,50,,Aggregated,22.400000,0.000000,7,11,14,16,42,54,79,100,2100,2200,2200,9599,0,7,23.00206162712715,3.0575040000258014,2212.7803029870847,5753.638295655797
1783308549,50,,Aggregated,22.500000,0.000000,7,11,14,16,42,54,78,100,2100,2200,2200,9622,0,7,22.97453897835634,3.0575040000258014,2212.7803029870847,5756.386198295572
1783308550,50,,Aggregated,23.200000,0.000000,7,11,14,16,42,54,79,100,2100,2200,2200,9646,0,7,22.966508289525,3.0575040000258014,2212.7803029870847,5758.470454074228
1783308551,50,,Aggregated,22.500000,0.000000,7,11,14,16,42,54,79,100,2100,2200,2200,9665,0,7,22.94724543381053,3.0575040000258014,2212.7803029870847,5760.767201241593
1783308552,50,,Aggregated,22.900000,0.000000,7,11,14,16,42,54,79,100,2100,2200,2200,9688,0,7,22.936004472937167,3.0575040000258014,2212.7803029870847,5755.313274153592
1783308553,50,,Aggregated,23.000000,0.000000,7,11,14,16,42,54,79,100,2100,2200,2200,9707,0,7,22.910694199733268,3.0575040000258014,2212.7803029870847,5753.9582775316785
1783308554,50,,Aggregated,23.100000,0.000000,7,11,14,16,42,54,79,100,2100,2200,2200,9726,0,7,22.898745494838845,3.0575040000258014,2212.7803029870847,5752.307629035575
1783308555,50,,Aggregated,23.400000,0.000000,7,11,14,16,42,54,78,100,2100,2200,2200,9756,0,7,22.875018066703905,3.0575040000258014,2212.7803029870847,5751.667384173842
1783308556,50,,Aggregated,21.700000,0.000000,7,11,14,16,42,54,78,100,2100,2200,2200,9774,0,7,22.86436223897773,3.0575040000258014,2212.7803029870847,5756.105279312462
1783308557,50,,Aggregated,22.700000,0.000000,7,11,14,16,42,54,79,100,2100,2200,2200,9795,0,7,22.85516038221474,3.0575040000258014,2212.7803029870847,5758.48831036243
1783308558,50,,Aggregated,22.700000,0.000000,7,11,14,16,42,54,78,100,2100,2200,2200,9821,0,7,22.83196568809552,3.0575040000258014,2212.7803029870847,5757.964871194379
1783308559,50,,Aggregated,22.200000,0.000000,7,11,14,16,42,54,78,100,2100,2200,2200,9842,0,7,22.81016970308608,3.0575040000258014,2212.7803029870847,5755.652611257874
1783308560,50,,Aggregated,22.200000,0.000000,7,11,14,16,42,54,78,100,2100,2200,2200,9860,0,7,22.785133238514398,3.0575040000258014,2212.7803029870847,5759.149797160243
1783308561,50,,Aggregated,22.500000,0.000000,7,11,14,16,42,54,79,100,2100,2200,2200,9884,0,7,22.76770048409067,3.0575040000258014,2212.7803029870847,5756.266794819911
1783308562,50,,Aggregated,22.100000,0.000000,7,11,14,16,42,54,79,100,2100,2200,2200,9914,0,7,22.750120642607676,3.0575040000258014,2212.7803029870847,5757.575347992738
1783308563,50,,Aggregated,21.200000,0.000000,7,11,14,16,42,54,79,100,2100,2200,2200,9934,0,7,22.725961032194082,3.0575040000258014,2212.7803029870847,5755.204650694584
1783308564,50,,Aggregated,22.100000,0.000000,7,11,14,16,42,54,79,100,2100,2200,2200,9955,0,7,22.700257840063372,3.0575040000258014,2212.7803029870847,5754.361928679055
1783308565,50,,Aggregated,22.400000,0.000000,7,11,14,16,42,54,79,100,2100,2200,2200,9981,0,7,22.682320074722774,3.0575040000258014,2212.7803029870847,5747.319106301974
1783308566,50,,Aggregated,22.600000,0.000000,7,11,14,16,42,54,79,100,2100,2200,2200,10001,0,7,22.665029273455907,3.0575040000258014,2212.7803029870847,5747.634536546346
1783308567,50,,Aggregated,22.200000,0.000000,7,11,14,16,42,54,79,100,2100,2200,2200,10022,0,7,22.65524881688551,3.0575040000258014,2212.7803029870847,5752.001197365796
1783308568,50,,Aggregated,22.500000,0.000000,7,11,14,16,42,54,79,100,2100,2200,2200,10050,0,7,22.629051546156997,3.0575040000258014,2212.7803029870847,5751.426268656716
1783308569,50,,Aggregated,22.700000,0.000000,7,11,14,16,42,54,79,100,2100,2200,2200,10069,0,7,22.611728038124436,3.0575040000258014,2212.7803029870847,5752.9383255536795
1783308570,50,,Aggregated,22.200000,0.000000,7,11,14,16,42,54,79,100,2100,2200,2200,10092,0,7,22.587292940633482,3.0575040000258014,2212.7803029870847,5753.079171621086
1783308571,50,,Aggregated,22.500000,0.000000,7,11,14,16,42,54,79,100,2100,2200,2200,10116,0,7,22.577113543483684,3.0575040000258014,2212.7803029870847,5753.368129695532
1783308572,50,,Aggregated,22.400000,0.000000,7,11,14,16,42,54,79,100,2100,2200,2200,10136,0,7,22.559350534914394,3.0575040000258014,2212.7803029870847,5755.704913180742
1783308573,50,,Aggregated,23.600000,0.000000,7,11,14,16,42,54,79,100,2100,2200,2200,10159,0,7,22.553612276393224,3.0575040000258014,2212.7803029870847,5759.9737178856185
1783308574,50,,Aggregated,22.100000,0.000000,7,11,14,16,42,54,79,100,2100,2200,2200,10185,0,7,22.530107855756295,3.0575040000258014,2212.7803029870847,5757.041826215022
1783308575,50,,Aggregated,21.800000,0.000000,7,11,14,16,42,54,79,100,2100,2200,2200,10203,0,7,22.51287294461033,3.0575040000258014,2212.7803029870847,5754.980887974125
1783308576,50,,Aggregated,23.300000,0.000000,7,11,14,16,42,54,79,100,2100,2200,2200,10223,0,7,22.489917153468156,3.0575040000258014,2212.7803029870847,5754.666731879096
1783308577,50,,Aggregated,22.600000,0.000000,7,11,14,16,42,54,79,100,2100,2200,2200,10251,0,7,22.462755364637456,3.0575040000258014,2212.7803029870847,5763.559652716808
1783308578,50,,Aggregated,22.300000,0.000000,7,11,14,16,42,54,79,100,2100,2200,2200,10277,0,7,22.432935303096414,3.0575040000258014,2212.7803029870847,5765.536343290843
1783308579,50,,Aggregated,22.700000,0.000000,7,11,14,16,42,54,79,100,2100,2200,2200,10300,0,7,22.40830938348454,3.0575040000258014,2212.7803029870847,5764.072233009709
1783308580,50,,Aggregated,22.700000,0.000000,7,11,14,16,42,53,78,100,2100,2200,2200,10322,0,7,22.38184765645233,3.0575040000258014,2212.7803029870847,5763.703933346251
1783308581,50,,Aggregated,22.900000,0.000000,7,11,14,16,42,53,78,100,2100,2200,2200,10348,0,7,22.355863639537628,3.0575040000258014,2212.7803029870847,5765.421917278702
1783308582,50,,Aggregated,23.400000,0.000000,7,11,14,16,42,53,78,100,2100,2200,2200,10367,0,7,22.34140370260628,3.0575040000258014,2212.7803029870847,5768.699237966624
1783308583,50,,Aggregated,22.700000,0.000000,7,11,14,16,42,53,78,100,2100,2200,2200,10391,0,7,22.313395853130956,3.0575040000258014,2212.7803029870847,5771.433644500048
1783308584,50,,Aggregated,23.400000,0.000000,7,11,14,16,42,53,78,100,2100,2200,2200,10416,0,7,22.30227877034584,3.0575040000258014,2212.7803029870847,5766.735983102919
1783308585,50,,Aggregated,23.500000,0.000000,7,11,14,16,42,54,78,100,2100,2200,2200,10433,0,7,22.29559413821059,3.0575040000258014,2212.7803029870847,5767.08022620531
1783308586,50,,Aggregated,22.800000,0.000000,7,11,14,16,42,53,78,100,2100,2200,2200,10458,0,7,22.269127196684423,3.0575040000258014,2212.7803029870847,5767.333046471601
1783308587,50,,Aggregated,23.000000,0.000000,7,11,14,16,42,53,78,100,2100,2200,2200,10482,0,7,22.246994613710626,3.0575040000258014,2212.7803029870847,5763.77208547987
1783308588,50,,Aggregated,23.000000,0.000000,7,11,14,16,42,53,78,100,2100,2200,2200,10507,0,7,22.229571107061513,3.0575040000258014,2212.7803029870847,5765.525459217664
1783308589,50,,Aggregated,23.300000,0.000000,7,11,14,16,42,53,78,100,2100,2200,2200,10527,0,7,22.2151882603734,3.0575040000258014,2212.7803029870847,5766.09689370191
1783308590,50,,Aggregated,23.100000,0.000000,7,11,14,16,42,54,78,100,2100,2200,2200,10553,0,7,22.218961363211555,3.0575040000258014,2212.7803029870847,5763.58305695063
1783308591,50,,Aggregated,22.800000,0.000000,7,11,14,16,42,54,78,100,2100,2200,2200,10573,0,7,22.192735318447934,3.0575040000258014,2212.7803029870847,5766.146978151896
1783308592,50,,Aggregated,22.100000,0.000000,7,11,14,16,42,54,79,100,2100,2200,2200,10600,0,7,22.178593265372637,3.0575040000258014,2212.7803029870847,5772.826320754717
1783308593,50,,Aggregated,22.900000,0.000000,7,11,14,16,42,54,78,100,2100,2200,2200,10624,0,7,22.147623557316365,3.0575040000258014,2212.7803029870847,5777.211031626506
1783308594,50,,Aggregated,22.900000,0.000000,7,11,14,16,42,54,78,100,2100,2200,2200,10650,0,7,22.129401723380656,3.0575040000258014,2212.7803029870847,5780.687042253521
1783308595,50,,Aggregated,23.200000,0.000000,7,11,14,16,42,54,78,100,2100,2200,2200,10670,0,7,22.105892335423174,3.0575040000258014,2212.7803029870847,5782.38847235239
1783308596,50,,Aggregated,23.000000,0.000000,7,11,14,16,42,54,78,100,2100,2200,2200,10694,0,7,22.094535195060853,3.0575040000258014,2212.7803029870847,5782.976622405087
1783308597,50,,Aggregated,23.400000,0.000000,7,11,14,16,42,54,78,100,2100,2200,2200,10719,0,7,22.079724033769743,3.0575040000258014,2212.7803029870847,5785.069689336692
1783308598,50,,Aggregated,24.000000,0.000000,7,11,14,16,42,54,78,100,2100,2200,2200,10744,0,7,22.061664444336525,3.0575040000258014,2212.7803029870847,5786.018987341772
1783308599,50,,Aggregated,22.700000,0.000000,7,11,14,16,42,54,78,100,2100,2200,2200,10767,0,7,22.040101820926786,3.0575040000258014,2212.7803029870847,5788.9872759357295
1783308600,50,,Aggregated,23.300000,0.000000,7,11,14,16,42,54,78,100,2100,2200,2200,10787,0,7,22.02593288337189,3.0575040000258014,2212.7803029870847,5788.406971354408
1783308601,50,,Aggregated,23.800000,0.000000,7,11,14,16,42,54,78,100,2100,2200,2200,10815,0,7,22.00756614784352,3.0575040000258014,2212.7803029870847,5780.334350439205
1783308602,50,,Aggregated,24.300000,0.000000,7,11,14,16,42,54,78,100,2100,2200,2200,10836,0,7,21.990349680693342,3.0575040000258014,2212.7803029870847,5780.3015873015875
1783308603,50,,Aggregated,23.400000,0.000000,7,11,14,16,42,54,78,100,2100,2200,2200,10862,0,7,21.968181842753378,3.0575040000258014,2212.7803029870847,5785.27490333272
1783308604,50,,Aggregated,23.500000,0.000000,7,11,14,16,42,54,78,100,2100,2200,2200,10881,0,7,21.955896506200993,3.0575040000258014,2212.7803029870847,5783.574763348957
1783308605,50,,Aggregated,23.200000,0.000000,7,11,14,16,42,54,78,100,2100,2200,2200,10906,0,7,21.94828092664055,3.0575040000258014,2212.7803029870847,5781.7402347331745
1783308606,50,,Aggregated,23.600000,0.000000,7,11,14,16,42,54,78,100,2100,2200,2200,10926,0,7,21.926023782804926,3.0575040000258014,2212.7803029870847,5780.638660076881
1783308607,50,,Aggregated,23.300000,0.000000,7,11,14,16,42,53,78,100,2100,2200,2200,10945,0,7,21.908404147640137,3.0575040000258014,2212.7803029870847,5778.122613065327
1783308608,50,,Aggregated,23.000000,0.000000,7,11,14,16,42,53,78,100,2100,2200,2200,10970,0,7,21.894564442928452,3.0575040000258014,2212.7803029870847,5775.91385597083
1783308609,50,,Aggregated,22.900000,0.000000,7,11,14,16,42,54,78,100,2100,2200,2200,10989,0,7,21.88738739102492,3.0575040000258014,2212.7803029870847,5776.175175175175
1783308610,50,,Aggregated,23.200000,0.000000,7,11,14,16,42,54,78,100,2100,2200,2200,11018,0,7,21.868467920306315,3.0575040000258014,2212.7803029870847,5770.518242875295
1783308611,50,,Aggregated,22.400000,0.000000,7,11,14,16,42,53,78,100,2100,2200,2200,11041,0,7,21.851112901995524,3.0575040000258014,2212.7803029870847,5774.798931256227
1783308612,50,,Aggregated,22.500000,0.000000,7,11,14,16,42,53,78,100,2100,2200,2200,11063,0,7,21.82902224169837,3.0575040000258014,2212.7803029870847,5776.486486486487
1783308613,50,,Aggregated,23.000000,0.000000,7,11,14,16,42,54,78,100,2100,2200,2200,11089,0,7,21.810344038948962,3.0575040000258014,2212.7803029870847,5779.965551447381
1783308614,50,,Aggregated,23.000000,0.000000,7,11,14,16,42,53,78,99,2100,2200,2200,11110,0,7,21.790252476320774,3.0575040000258014,2212.7803029870847,5777.4886588658865
1783308615,50,,Aggregated,22.700000,0.000000,7,11,14,16,42,53,78,99,2100,2200,2200,11134,0,7,21.76878680293961,3.0575040000258014,2212.7803029870847,5774.174420693372
1783308616,50,,Aggregated,22.800000,0.000000,7,11,14,16,42,53,77,99,2100,2200,2200,11159,0,7,21.751380933408132,3.0575040000258014,2212.7803029870847,5776.1918630701675
1783308617,50,,Aggregated,22.800000,0.000000,7,11,14,16,42,53,78,100,2100,2200,2200,11183,0,7,21.741528028251484,3.0575040000258014,2212.7803029870847,5776.1276938209785
1783308618,50,,Aggregated,23.100000,0.000000,7,11,14,16,42,53,77,99,2100,2200,2200,11202,0,7,21.723027697190908,3.0575040000258014,2212.7803029870847,5777.965095518657
1783308619,50,,Aggregated,23.700000,0.000000,7,11,14,16,42,53,77,99,2100,2200,2200,11224,0,7,21.71642983285177,3.0575040000258014,2212.7803029870847,5771.838114754099
1783308620,50,,Aggregated,23.200000,0.000000,7,11,14,16,42,53,77,99,2100,2200,2200,11251,0,7,21.691129526785815,3.0575040000258014,2212.7803029870847,5768.936538974313
1783308621,50,,Aggregated,23.400000,0.000000,7,11,14,16,42,54,77,99,2100,2200,2200,11274,0,7,21.684141376697323,3.0575040000258014,2212.7803029870847,5766.287298208267
1783308622,50,,Aggregated,23.200000,0.000000,7,11,14,16,42,54,77,99,2100,2200,2200,11295,0,7,21.667457606891112,3.0575040000258014,2212.7803029870847,5765.054537405932
1783308623,50,,Aggregated,23.400000,0.000000,7,11,14,16,42,53,77,99,2100,2200,2200,11316,0,7,21.644558388284214,3.0575040000258014,2212.7803029870847,5765.930982679392
1783308624,50,,Aggregated,22.700000,0.000000,7,11,14,16,42,53,77,99,2100,2200,2200,11341,0,7,21.61874258380013,3.0575040000258014,2212.7803029870847,5762.983775681157
1783308625,50,,Aggregated,23.400000,0.000000,7,11,14,16,42,53,77,99,2100,2200,2200,11363,0,7,21.604927614091654,3.0575040000258014,2212.7803029870847,5761.9743905658715
1783308626,50,,Aggregated,22.900000,0.000000,7,11,14,16,42,53,77,99,2100,2200,2200,11385,0,7,21.58829380851055,3.0575040000258014,2212.7803029870847,5761.575494071146
1783308627,50,,Aggregated,22.500000,0.000000,7,11,14,16,42,53,77,99,2100,2200,2200,11406,0,7,21.57789554812165,3.0575040000258014,2212.7803029870847,5757.641241451867
1783308628,50,,Aggregated,22.700000,0.000000,7,11,14,16,42,53,77,99,2100,2200,2200,11430,0,7,21.558179577417576,3.0575040000258014,2212.7803029870847,5755.663517060368
1783308629,50,,Aggregated,22.700000,0.000000,7,11,14,16,42,53,77,99,2100,2200,2200,11455,0,7,21.5294302741047,3.0575040000258014,2212.7803029870847,5757.913400261895
1783308630,50,,Aggregated,22.300000,0.000000,7,11,14,16,42,53,77,99,2100,2200,2200,11476,0,7,21.512693500248076,3.0575040000258014,2212.7803029870847,5758.025182990589
1783308631,50,,Aggregated,22.600000,0.000000,7,11,14,16,42,53,77,99,2100,2200,2200,11499,0,7,21.50108490215515,3.0575040000258014,2212.7803029870847,5759.678145925733
1783308632,50,,Aggregated,22.500000,0.000000,7,11,14,16,42,53,77,99,2100,2200,2200,11519,0,7,21.48278487176592,3.0575040000258014,2212.7803029870847,5762.287611771855
1783308633,50,,Aggregated,22.000000,0.000000,7,11,14,16,42,53,77,99,2100,2200,2200,11548,0,7,21.456010992366217,3.0575040000258014,2212.7803029870847,5767.8019570488395
1783308634,50,,Aggregated,22.900000,0.000000,7,11,14,16,42,53,77,99,2100,2200,2200,11566,0,7,21.43988993133927,3.0575040000258014,2212.7803029870847,5767.544613522393
1783308635,50,,Aggregated,22.100000,0.000000,7,11,14,16,41,53,77,99,2100,2200,2200,11591,0,7,21.41747889292076,3.0575040000258014,2212.7803029870847,5765.255197998447
1783308636,50,,Aggregated,22.700000,0.000000,7,11,14,16,41,53,77,98,2100,2200,2200,11610,0,7,21.39705592057183,3.0575040000258014,2212.7803029870847,5765.26856158484
1783308637,50,,Aggregated,23.000000,0.000000,7,11,14,16,41,53,77,98,2100,2200,2200,11636,0,7,21.37687909872996,3.0575040000258014,2212.7803029870847,5765.504211069096
1783308638,50,,Aggregated,22.400000,0.000000,7,11,14,16,41,53,77,98,2100,2200,2200,11653,0,7,21.365291252622885,3.0575040000258014,2212.7803029870847,5765.89564918905
1783308639,50,,Aggregated,22.300000,0.000000,7,11,14,16,42,53,77,99,2100,2200,2200,11677,0,7,21.37064684917172,3.0575040000258014,2212.7803029870847,5763.893294510576
1783308640,50,,Aggregated,22.800000,0.000000,7,11,14,16,41,53,77,99,2100,2200,2200,11699,0,7,21.350762767398706,3.0575040000258014,2212.7803029870847,5770.147021112915
1783308641,50,,Aggregated,21.900000,0.000000,7,11,14,16,41,53,77,99,2100,2200,2200,11717,0,7,21.335138332744506,3.0575040000258014,2212.7803029870847,5771.796278910984
1783308642,50,,Aggregated,22.800000,0.000000,7,11,14,16,41,53,77,99,2100,2200,2200,11744,0,7,21.320248495384767,3.0575040000258014,2212.7803029870847,5774.786273841962
1783308643,50,,Aggregated,22.000000,0.000000,7,11,14,16,41,53,77,99,2100,2200,2200,11763,0,7,21.320008443069327,3.0575040000258014,2212.7803029870847,5776.716823939471
1783308644,50,,Aggregated,21.800000,0.000000,7,11,14,16,41,53,77,99,2100,2200,2200,11787,0,7,21.299892717727776,3.0575040000258014,2212.7803029870847,5774.161703571732
1783308645,50,,Aggregated,22.200000,0.000000,7,11,14,16,41,53,77,98,2100,2200,2200,11805,0,7,21.290287958310735,3.0575040000258014,2212.7803029870847,5779.786615840745
1783308646,50,,Aggregated,21.400000,0.000000,7,11,14,16,41,53,77,98,2100,2200,2200,11835,0,7,21.270375870882635,3.0575040000258014,2212.7803029870847,5782.099873257288
1783308647,50,,Aggregated,21.900000,0.000000,7,11,14,16,41,53,77,98,2100,2200,2200,11855,0,7,21.249084147860202,3.0575040000258014,2212.7803029870847,5780.580430198229
1783308648,50,,Aggregated,21.200000,0.000000,7,11,14,16,41,53,77,98,2100,2200,2200,11875,0,7,21.236065360835116,3.0575040000258014,2212.7803029870847,5776.6496
1783308649,50,,Aggregated,22.200000,0.000000,7,11,14,16,41,53,77,97,2100,2200,2200,11902,0,7,21.218504134257856,3.0575040000258014,2212.7803029870847,5776.797092925559
1783308650,50,,Aggregated,21.700000,0.000000,7,11,14,16,41,53,77,97,2100,2200,2200,11925,0,7,21.209492426413448,3.0575040000258014,2212.7803029870847,5780.168637316562
1783308651,50,,Aggregated,22.500000,0.000000,7,11,14,16,41,53,77,97,2100,2200,2200,11951,0,7,21.190165856495106,3.0575040000258014,2212.7803029870847,5772.199815914986
1783308652,50,,Aggregated,21.800000,0.000000,7,11,14,16,41,53,77,97,2100,2200,2200,11974,0,7,21.17166572699243,3.0575040000258014,2212.7803029870847,5767.402872891264
1783308653,50,,Aggregated,22.800000,0.000000,7,11,14,16,41,53,77,97,2100,2200,2200,11993,0,7,21.15337697139902,3.0575040000258014,2212.7803029870847,5763.533477862086
1783308654,50,,Aggregated,23.000000,0.000000,7,10,14,16,41,53,76,97,2100,2200,2200,12015,0,7,21.135872445357798,3.0575040000258014,2212.7803029870847,5762.270578443612
1783308655,50,,Aggregated,22.700000,0.000000,7,10,14,16,41,53,76,97,2100,2200,2200,12041,0,7,21.117522652851225,3.0575040000258014,2212.7803029870847,5758.734158292501
1783308656,50,,Aggregated,22.800000,0.000000,7,10,14,16,41,53,76,97,2100,2200,2200,12063,0,7,21.096422531876424,3.0575040000258014,2212.7803029870847,5753.9313603581195
1783308657,50,,Aggregated,23.000000,0.000000,7,10,14,16,41,53,76,97,2100,2200,2200,12088,0,7,21.07945443877983,3.0575040000258014,2212.7803029870847,5759.098031105228
1783308658,50,,Aggregated,23.400000,0.000000,7,10,14,16,41,53,76,97,2100,2200,2200,12108,0,7,21.06712621002553,3.0575040000258014,2212.7803029870847,5763.235133795837
1783308659,50,,Aggregated,22.800000,0.000000,7,10,14,16,41,53,76,97,2100,2200,2200,12139,0,7,21.05143028602206,3.0575040000258014,2212.7803029870847,5759.861520718346
1783308660,50,,Aggregated,23.200000,0.000000,7,10,14,16,41,53,76,97,2100,2200,2200,12156,0,7,21.036350089505582,3.0575040000258014,2212.7803029870847,5763.5388285620265
1783308661,50,,Aggregated,23.200000,0.000000,7,10,14,16,41,53,76,97,2100,2200,2200,12183,0,7,21.01032848543233,3.0575040000258014,2212.7803029870847,5767.929491914963
1783308662,50,,Aggregated,23.500000,0.000000,7,10,14,16,41,53,76,96,2100,2200,2200,12205,0,7,21.002084653751744,3.0575040000258014,2212.7803029870847,5770.1004506349855
1783308664,50,,Aggregated,23.400000,0.000000,7,11,14,16,41,53,76,96,2100,2200,2200,12241,0,7,21.018464864964386,3.0575040000258014,2212.7803029870847,5771.628951883016
1783308665,50,,Aggregated,22.900000,0.000000,7,11,14,16,41,53,76,96,2100,2200,2200,12266,0,7,21.004188701372442,3.0575040000258014,2212.7803029870847,5770.640306538399
1783308666,50,,Aggregated,23.900000,0.000000,7,11,14,16,41,53,76,96,2100,2200,2200,12290,0,7,20.993496581860274,3.0575040000258014,2212.7803029870847,5769.138893409276
1783308667,50,,Aggregated,23.500000,0.000000,7,11,14,16,41,53,76,96,2100,2200,2200,12315,0,7,20.980094103455045,3.0575040000258014,2212.7803029870847,5767.042955745026
1783308668,50,,Aggregated,23.400000,0.000000,7,11,14,16,41,53,76,96,2100,2200,2200,12333,0,7,20.968584213492782,3.0575040000258014,2212.7803029870847,5767.703316305846
1783308669,50,,Aggregated,23.600000,0.000000,7,11,14,16,41,53,76,96,2100,2200,2200,12358,0,7,20.94892433072193,3.0575040000258014,2212.7803029870847,5769.9636672600745
1783308670,50,,Aggregated,23.400000,0.000000,7,11,14,16,41,53,76,96,2100,2200,2200,12385,0,7,20.937031249500766,3.0575040000258014,2212.7803029870847,5770.138716188938
1783308671,50,,Aggregated,23.500000,0.000000,7,11,14,16,41,53,76,96,2100,2200,2200,12411,0,7,20.9288472499485,3.0575040000258014,2212.7803029870847,5772.789783256789
1783308672,50,,Aggregated,24.000000,0.000000,7,11,14,16,41,53,76,96,2100,2200,2200,12432,0,7,20.913476320633148,3.0575040000258014,2212.7803029870847,5773.872023809524
1783308673,50,,Aggregated,23.700000,0.000000,7,11,14,16,41,53,76,96,2100,2200,2200,12451,0,7,20.895434450176296,3.0575040000258014,2212.7803029870847,5775.069392016706
1783308674,50,,Aggregated,23.500000,0.000000,7,11,14,16,41,53,76,96,2100,2200,2200,12475,0,7,20.884111150792418,3.0575040000258014,2212.7803029870847,5775.749018036072
1783308675,50,,Aggregated,23.700000,0.000000,7,11,14,16,41,53,76,96,2100,2200,2200,12497,0,7,20.871777038340078,3.0575040000258014,2212.7803029870847,5775.7721853244775
1783308676,50,,Aggregated,22.800000,0.000000,7,11,14,16,41,53,76,95,2100,2200,2200,12519,0,7,20.86191592828052,3.0575040000258014,2212.7803029870847,5775.4749580637435
1783308677,50,,Aggregated,22.800000,0.000000,7,11,14,16,41,53,76,95,2100,2200,2200,12544,0,7,20.853907613054524,3.0575040000258014,2212.7803029870847,5771.595105229592
1783308678,50,,Aggregated,23.000000,0.000000,7,11,14,16,41,53,76,95,2100,2200,2200,12568,0,7,20.83876666782183,3.0575040000258014,2212.7803029870847,5775.3335455124125
1783308679,50,,Aggregated,23.200000,0.000000,7,11,14,16,41,53,76,95,2100,2200,2200,12595,0,7,20.81383030529493,3.0575040000258014,2212.7803029870847,5773.826200873363
1783308680,50,,Aggregated,22.800000,0.000000,7,10,14,16,41,53,76,95,2100,2200,2200,12620,0,7,20.793983982264578,3.0575040000258014,2212.7803029870847,5773.11529318542
1783308681,50,,Aggregated,23.200000,0.000000,7,10,14,16,41,53,76,95,2100,2200,2200,12645,0,7,20.774280028086967,3.0575040000258014,2212.7803029870847,5772.600948991696
1783308682,50,,Aggregated,22.900000,0.000000,7,10,14,16,41,53,76,95,2100,2200,2200,12669,0,7,20.759084138222924,3.0575040000258014,2212.7803029870847,5774.164811745205
1783308683,50,,Aggregated,23.800000,0.000000,7,10,14,16,41,53,76,95,2100,2200,2200,12687,0,7,20.75400011217573,3.0575040000258014,2212.7803029870847,5774.875541893277
1783308684,50,,Aggregated,22.800000,0.000000,7,11,14,16,41,53,76,95,2100,2200,2200,12711,0,7,20.753483803411353,3.0575040000258014,2212.7803029870847,5780.116198568169
1783308685,50,,Aggregated,23.500000,0.000000,7,10,14,16,41,53,76,95,2100,2200,2200,12737,0,7,20.744740024429916,3.0575040000258014,2212.7803029870847,5777.485122085263
1783308686,50,,Aggregated,24.200000,0.000000,7,10,14,16,41,53,76,95,2100,2200,2200,12764,0,7,20.72853992871899,3.0575040000258014,2212.7803029870847,5770.072861172046
1783308687,50,,Aggregated,24.300000,0.000000,7,10,14,16,41,53,76,95,2100,2200,2200,12783,0,7,20.71584858923564,3.0575040000258014,2212.7803029870847,5774.566768364234
1783308688,50,,Aggregated,24.600000,0.000000,7,10,14,16,41,53,76,95,2100,2200,2200,12805,0,7,20.703006884903104,3.0575040000258014,2212.7803029870847,5775.450370948848
1783308689,50,,Aggregated,24.200000,0.000000,7,10,14,16,41,53,76,95,2100,2200,2200,12824,0,7,20.688846787212782,3.0575040000258014,2212.7803029870847,5773.993761696818
1783308690,50,,Aggregated,23.800000,0.000000,7,10,14,16,41,53,76,95,2100,2200,2200,12849,0,7,20.676618348914236,3.0575040000258014,2212.7803029870847,5774.1693517005215
1783308691,50,,Aggregated,23.700000,0.000000,7,10,14,16,41,53,76,95,2100,2200,2200,12871,0,7,20.659559643318925,3.0575040000258014,2212.7803029870847,5770.917411234558
1783308692,50,,Aggregated,23.100000,0.000000,7,10,14,16,41,53,76,95,2100,2200,2200,12894,0,7,20.649690066714303,3.0575040000258014,2212.7803029870847,5773.191717077711
1783308693,50,,Aggregated,22.800000,0.000000,7,10,14,16,41,53,76,95,2100,2200,2200,12917,0,7,20.63438527314415,3.0575040000258014,2212.7803029870847,5770.787257103042
1783308694,50,,Aggregated,22.800000,0.000000,7,10,14,16,41,53,76,95,2100,2200,2200,12940,0,7,20.619673451639144,3.0575040000258014,2212.7803029870847,5773.033693972179
1783308695,50,,Aggregated,23.300000,0.000000,7,10,14,16,41,53,76,95,2100,2200,2200,12966,0,7,20.601902489993538,3.0575040000258014,2212.7803029870847,5774.877525836804
1783308696,50,,Aggregated,22.300000,0.000000,7,10,14,16,41,53,76,95,2100,2200,2200,12985,0,7,20.587581062397287,3.0575040000258014,2212.7803029870847,5774.143858298036
1783308697,50,,Aggregated,22.000000,0.000000,7,10,14,16,41,53,76,95,2000,2200,2200,13003,0,7,20.576129980100475,3.0575040000258014,2212.7803029870847,5773.159732369453
1783308698,50,,Aggregated,22.200000,0.000000,7,10,14,16,41,53,76,95,2000,2200,2200,13029,0,7,20.556527445946607,3.0575040000258014,2212.7803029870847,5776.3575101696215
1783308699,50,,Aggregated,21.500000,0.000000,7,10,14,16,41,53,76,95,2000,2200,2200,13053,0,7,20.541877308833087,3.0575040000258014,2212.7803029870847,5777.691182103731
1783308700,50,,Aggregated,22.500000,0.000000,7,10,14,16,41,53,76,95,2000,2200,2200,13071,0,7,20.53356717582314,3.0575040000258014,2212.7803029870847,5772.232805447173
1783308701,50,,Aggregated,21.800000,0.000000,7,10,14,16,41,53,76,95,2000,2200,2200,13101,0,7,20.525706118322102,3.0575040000258014,2212.7803029870847,5781.622547897107
1783308702,50,,Aggregated,22.300000,0.000000,7,10,14,16,41,53,76,95,2000,2200,2200,13118,0,7,20.511921815760658,3.0575040000258014,2212.7803029870847,5781.7229760634245
1783308703,50,,Aggregated,22.600000,0.000000,7,10,14,16,41,53,76,95,2000,2200,2200,13138,0,7,20.4987354210816,3.0575040000258014,2212.7803029870847,5780.033490637845
1783308704,50,,Aggregated,22.500000,0.000000,7,10,14,16,41,53,76,95,2000,2200,2200,13163,0,7,20.475831654877194,3.0575040000258014,2212.7803029870847,5779.595608903745
1783308705,50,,Aggregated,21.600000,0.000000,7,10,14,16,41,53,76,95,2000,2200,2200,13183,0,7,20.47295924199154,3.0575040000258014,2212.7803029870847,5782.03110065994
1783308706,50,,Aggregated,22.000000,0.000000,7,10,14,16,41,53,76,95,2000,2200,2200,13211,0,7,20.461984731297463,3.0575040000258014,2212.7803029870847,5779.151691772008
1783308707,50,,Aggregated,22.400000,0.000000,7,10,14,16,41,53,76,95,2000,2200,2200,13226,0,7,20.45497442553939,3.0575040000258014,2212.7803029870847,5781.900877060336
1783308708,50,,Aggregated,21.800000,0.000000,7,10,14,16,41,53,76,95,2000,2200,2200,13252,0,7,20.4426389583643,3.0575040000258014,2212.7803029870847,5787.139827950498
1783308709,50,,Aggregated,22.400000,0.000000,7,10,14,16,41,53,76,95,2000,2200,2200,13283,0,7,20.430864945060076,3.0575040000258014,2212.7803029870847,5788.44651057743
1783308710,50,,Aggregated,22.400000,0.000000,7,10,14,16,41,53,76,94,2000,2200,2200,13302,0,7,20.422382500994736,3.0575040000258014,2212.7803029870847,5790.357765749512
1783308711,50,,Aggregated,22.600000,0.000000,7,10,14,16,41,53,76,94,2000,2200,2200,13323,0,7,20.410387775814495,3.0575040000258014,2212.7803029870847,5791.776476769496
1783308712,50,,Aggregated,22.500000,0.000000,7,10,14,16,41,53,76,94,2000,2200,2200,13346,0,7,20.391053401555716,3.0575040000258014,2212.7803029870847,5792.192342274839
1783308713,50,,Aggregated,22.300000,0.000000,7,10,14,16,41,53,76,94,2000,2200,2200,13370,0,7,20.37379005273983,3.0575040000258014,2212.7803029870847,5795.908750934929
1783308714,50,,Aggregated,22.400000,0.000000,7,10,14,16,41,53,76,94,2000,2200,2200,13395,0,7,20.354631878622683,3.0575040000258014,2212.7803029870847,5801.175214632325
1783308715,50,,Aggregated,23.000000,0.000000,7,10,14,16,41,53,76,93,2000,2200,2200,13415,0,7,20.342631578395363,3.0575040000258014,2212.7803029870847,5800.201341781588
1783308716,50,,Aggregated,23.200000,0.000000,7,10,14,16,41,53,76,93,2000,2200,2200,13440,0,7,20.33064725879155,3.0575040000258014,2212.7803029870847,5801.698214285714
1783308717,50,,Aggregated,23.400000,0.000000,7,10,14,16,41,53,75,93,2000,2200,2200,13463,0,7,20.311245710106114,3.0575040000258014,2212.7803029870847,5799.501819802422
1783308718,50,,Aggregated,22.700000,0.000000,7,10,14,16,41,53,76,93,2000,2200,2200,13482,0,7,20.30405136538763,3.0575040000258014,2212.7803029870847,5803.689956979677
1783308720,50,,Aggregated,23.300000,0.000000,7,11,14,16,41,53,76,94,2000,2200,2200,13522,0,7,20.34180186060686,3.0575040000258014,2212.7803029870847,5801.300251442094
1783308721,50,,Aggregated,21.900000,0.000000,7,11,14,16,41,53,76,94,2000,2200,2200,13539,0,7,20.332076819937097,3.0575040000258014,2212.7803029870847,5805.4899918753235
1783308722,50,,Aggregated,22.800000,0.000000,7,10,14,16,41,53,76,94,2000,2200,2200,13568,0,7,20.322428068106788,3.0575040000258014,2212.7803029870847,5800.224867334906
1783308723,50,,Aggregated,22.200000,0.000000,7,11,14,16,41,53,76,94,2000,2200,2200,13587,0,7,20.32241104932002,3.0575040000258014,2212.7803029870847,5804.330389342754
1783308724,50,,Aggregated,22.500000,0.000000,7,11,14,16,41,53,76,93,2000,2200,2200,13612,0,7,20.299491554811066,3.0575040000258014,2212.7803029870847,5802.959888333823
1783308725,50,,Aggregated,22.700000,0.000000,7,10,14,16,41,53,76,93,2000,2200,2200,13635,0,7,20.282587350867306,3.0575040000258014,2212.7803029870847,5800.822515584892
1783308726,50,,Aggregated,22.600000,0.000000,7,10,14,16,41,53,76,93,2000,2200,2200,13664,0,7,20.265576618929444,3.0575040000258014,2212.7803029870847,5800.183328454333
1783308727,50,,Aggregated,21.800000,0.000000,7,10,14,16,41,53,76,93,2000,2200,2200,13682,0,7,20.255940178924213,3.0575040000258014,2212.7803029870847,5798.382911854992
1783308728,50,,Aggregated,22.800000,0.000000,7,10,14,16,41,53,75,93,2000,2200,2200,13708,0,7,20.24217391100231,3.0575040000258014,2212.7803029870847,5794.9975926466295
1783308729,50,,Aggregated,23.200000,0.000000,7,10,14,16,41,53,75,93,2000,2200,2200,13731,0,7,20.227871369605467,3.0575040000258014,2212.7803029870847,5792.299541184182
1783308730,50,,Aggregated,22.500000,0.000000,7,10,14,16,41,53,75,93,2000,2200,2200,13751,0,7,20.220029380631143,3.0575040000258014,2212.7803029870847,5789.285433786634
1783308732,50,,Aggregated,22.800000,0.000000,7,11,14,16,41,53,76,95,2000,2200,2200,13789,0,7,20.294353970417344,3.0575040000258014,2212.7803029870847,5792.435564580463
