Timestamp,User Count,Type,Name,Requests/s,Failures/s,50%,66%,75%,80%,90%,95%,98%,99%,99.9%,99.99%,100%,Total Request Count,Total Failure Count,Total Median Response Time,Total Average Response Time,Total Min Response Time,Total Max Response Time,Total Average Content Size
1783300823,0,,Aggregated,0.000000,0.000000,N/A,N/A,N/A,N/A,N/A,N/A,N/A,N/A,N/A,N/A,N/A,0,0,0,0.0,0,0,0
1783300824,50,,Aggregated,0.000000,0.000000,56,130,220,470,580,580,580,580,580,580,580,10,0,38,160.96430760080693,20.514670002739877,578.5150050069205,2342.3
1783300825,100,,Aggregated,0.000000,0.000000,56,130,220,470,580,580,580,580,580,580,580,10,0,38,160.96430760080693,20.514670002739877,578.5150050069205,2342.3
1783300826,100,,Aggregated,1.000000,0.000000,470,2800,2800,2800,2800,2800,2800,2800,2800,2800,2800,17,0,470.0,1242.4821213541745,20.514670002739877,2811.9159000052605,1647.5294117647059
1783300827,100,,Aggregated,5.000000,0.000000,210,410,470,580,2800,2800,2800,3300,3300,3300,3300,55,0,210.0,610.608024436409,20.514670002739877,3273.2910699996864,4981.327272727272
1783300828,100,,Aggregated,3.333333,0.000000,200,240,470,890,3300,4800,4900,5000,5000,5000,5000,77,0,200.0,902.401744103998,20.514670002739877,4974.018970999168,5131.207792207792
1783300829,100,,Aggregated,7.000000,0.000000,170,240,370,600,5100,5400,5600,5700,5800,5800,5800,249,0,170.0,1061.3825431884402,4.670236012316309,5826.629891002085,4537.385542168675
1783300830,100,,Aggregated,12.800000,0.000000,170,220,280,360,5000,5400,5600,5700,5800,5800,5800,349,0,170.0,880.2412572835691,4.670236012316309,5826.629891002085,6030.968481375358
1783300831,100,,Aggregated,27.666667,0.000000,160,210,270,350,5000,5400,5700,5800,7000,7000,7000,375,0,160.0,877.113783621268,3.769706003367901,6987.321908003651,5929.493333333333
1783300832,100,,Aggregated,43.714286,0.000000,140,200,240,310,5300,7100,7400,7500,7700,7700,7700,644,0,140.0,1026.1217202251992,3.769706003367901,7715.976609004429,6031.534161490683
1783300833,100,,Aggregated,45.000000,0.000000,120,180,230,270,5100,7100,7400,7500,7700,7700,7700,720,0,120.0,923.1355387584497,3.3656740124570206,7715.976609004429,6327.9625
1783300834,100,,Aggregated,54.555556,0.000000,110,170,220,250,5100,7100,7400,7500,7700,7700,7700,759,0,110.0,876.4033628182972,3.3656740124570206,7715.976609004429,6274.36627140975
1783300835,100,,Aggregated,69.400000,0.000000,99,170,210,240,5000,7000,7400,7500,7700,7700,7700,807,0,99,824.8423434027728,3.3656740124570206,7715.976609004429,6215.390334572491
1783300836,100,,Aggregated,73.600000,0.000000,91,160,200,230,4900,7000,7400,7500,7700,7700,7700,849,0,91,784.6632768304784,3.3656740124570206,7715.976609004429,6257.2308598351
1783300837,100,,Aggregated,77.100000,0.000000,84,150,200,220,3300,5800,7300,7500,7700,7700,7700,901,0,84,740.5622290244596,3.3656740124570206,7715.976609004429,6139.721420643729
1783300838,100,,Aggregated,81.800000,0.000000,78,140,190,220,2800,5800,7300,7500,7700,7700,7700,940,0,77,710.4141955722918,3.3656740124570206,7715.976609004429,6171.96170212766
1783300839,100,,Aggregated,84.500000,0.000000,71,130,180,210,600,5700,7300,7500,7700,7700,7700,999,0,71,670.018857496491,3.3656740124570206,7715.976609004429,6201.861861861862
1783300840,100,,Aggregated,85.500000,0.000000,64,130,170,200,470,5600,7300,7500,7600,7700,7700,1042,0,64,642.7380152005427,3.3656740124570206,7715.976609004429,6246.926103646833
1783300841,100,,Aggregated,79.400000,0.000000,59,120,170,200,470,5500,7300,7500,7600,7700,7700,1085,0,59,617.9410513630995,3.3656740124570206,7715.976609004429,6152.29400921659
1783300842,100,,Aggregated,70.600000,0.000000,56,110,160,200,400,5500,7300,7500,7600,7700,7700,1125,0,56,596.5885442035376,3.3656740124570206,7715.976609004429,6109.302222222223
1783300843,100,,Aggregated,70.200000,0.000000,52,100,160,190,350,5500,7300,7500,7600,7700,7700,1174,0,52,572.1561693773278,3.3656740124570206,7715.976609004429,6089.58262350937
1783300844,100,,Aggregated,61.100000,0.000000,47,97,150,180,330,5400,7200,7400,7600,7700,7700,1218,0,47,551.9764404933634,3.3656740124570206,7715.976609004429,6051.11658456486
1783300845,100,,Aggregated,45.200000,0.000000,45,92,140,180,320,5400,7200,7400,7600,7700,7700,1259,0,45,534.4078908116846,3.3656740124570206,7715.976609004429,6016.04447974583
1783300846,100,,Aggregated,45.300000,0.000000,42,89,140,170,300,5300,7200,7400,7600,7700,7700,1299,0,42,518.448845344789,3.3656740124570206,7715.976609004429,6027.009237875289
1783300847,100,,Aggregated,45.500000,0.000000,40,85,140,170,280,5300,7200,7400,7600,7700,7700,1348,0,40,500.20731390048064,3.3656740124570206,7715.976609004429,6012.382789317508
1783300848,100,,Aggregated,44.600000,0.000000,37,80,130,170,270,5300,7200,7400,7600,7700,7700,1398,0,37,482.8631968017786,3.3656740124570206,7715.976609004429,6012.306866952789
1783300849,100,,Aggregated,45.200000,0.000000,33,76,120,160,270,5100,7200,7400,7600,7700,7700,1445,0,33,467.6277087860685,3.3656740124570206,7715.976609004429,5969.76955017301
1783300850,100,,Aggregated,44.200000,0.000000,30,72,120,160,260,5100,7200,7400,7600,7700,7700,1483,0,30,456.0559062777522,3.3656740124570206,7715.976609004429,5951.147673634525
1783300851,100,,Aggregated,45.500000,0.000000,25,68,110,150,250,5000,7200,7400,7600,7700,7700,1543,0,25,438.77762260911715,3.3656740124570206,7715.976609004429,5942.614387556708
1783300852,100,,Aggregated,45.400000,0.000000,20,66,110,140,240,5000,7200,7400,7600,7700,7700,1582,0,20,428.20424388488635,3.3131689997389913,7715.976609004429,5943.644753476612
1783300853,100,,Aggregated,44.200000,0.000000,18,61,100,140,240,5000,7100,7400,7600,7700,7700,1627,0,18,416.6247230945721,3.3131689997389913,7715.976609004429,5912.816840811309
1783300854,100,,Aggregated,45.500000,0.000000,16,58,95,140,240,5000,7100,7400,7600,7700,7700,1674,0,16,405.2416655584134,3.1801440054550767,7715.976609004429,5887.522700119474
1783300855,100,,Aggregated,44.300000,0.000000,15,56,92,130,230,4800,7100,7300,7600,7700,7700,1716,0,15,395.5975651374194,3.1801440054550767,7715.976609004429,5883.215034965035
1783300856,100,,Aggregated,45.900000,0.000000,15,54,90,130,230,4800,7100,7300,7600,7700,7700,1767,0,15,384.82242889916967,3.1801440054550767,7715.976609004429,5838.34182229768
1783300857,100,,Aggregated,45.000000,0.000000,14,51,87,120,220,3300,7100,7300,7600,7700,7700,1812,0,14,375.54350174657435,3.1801440054550767,7715.976609004429,5859.454194260486
1783300858,100,,Aggregated,46.800000,0.000000,14,50,85,120,220,2800,7100,7300,7600,7700,7700,1858,0,14,366.6140178459523,3.1801440054550767,7715.976609004429,5865.9456404736275
1783300859,100,,Aggregated,45.500000,0.000000,14,48,83,120,220,2800,7100,7300,7600,7700,7700,1894,0,14,359.90973479130025,3.1801440054550767,7715.976609004429,5886.74181626188
1783300860,100,,Aggregated,46.700000,0.000000,14,47,79,110,210,2800,7100,7300,7600,7700,7700,1946,0,13,350.71832375164945,3.1801440054550767,7715.976609004429,5906.673175745118
1783300861,100,,Aggregated,45.400000,0.000000,13,46,76,110,210,600,7000,7300,7600,7700,7700,1992,0,13,342.89462072177207,3.1560150091536343,7715.976609004429,5916.849899598394
1783300862,100,,Aggregated,44.800000,0.000000,13,45,73,100,210,550,7000,7300,7600,7700,7700,2038,0,13,335.3928606181262,3.1560150091536343,7715.976609004429,5904.429833169775
1783300863,100,,Aggregated,45.700000,0.000000,12,44,71,97,200,470,7000,7300,7600,7700,7700,2079,0,12,328.99202658188835,3.0768289871048182,7715.976609004429,5900.933140933141
1783300864,100,,Aggregated,44.900000,0.000000,12,43,69,95,200,470,7000,7300,7600,7700,7700,2125,0,12,322.1598715095247,3.0768289871048182,7715.976609004429,5901.920470588236
1783300865,100,,Aggregated,46.600000,0.000000,12,42,66,92,200,470,7000,7300,7600,7700,7700,2174,0,12,315.16639858453823,3.0768289871048182,7715.976609004429,5928.051057957682
1783300866,100,,Aggregated,44.800000,0.000000,12,41,64,90,200,460,6900,7300,7600,7700,7700,2217,0,12,309.3556082385246,3.0768289871048182,7715.976609004429,5936.186287776274
1783300867,100,,Aggregated,45.700000,0.000000,12,40,62,88,200,370,5800,7300,7600,7700,7700,2262,0,12,303.509781801865,3.0768289871048182,7715.976609004429,5902.582228116711
1783300868,100,,Aggregated,44.800000,0.000000,12,39,61,87,190,350,5800,7300,7600,7700,7700,2309,0,12,297.7559186075572,3.0768289871048182,7715.976609004429,5897.277609354699
1783300869,100,,Aggregated,45.100000,0.000000,11,38,59,85,190,350,5800,7300,7600,7700,7700,2358,0,11,291.87234153978136,3.0768289871048182,7715.976609004429,5883.3604749787955
1783300870,100,,Aggregated,45.400000,0.000000,11,37,58,83,180,330,5700,7200,7600,7700,7700,2408,0,11,286.1233128101517,3.0768289871048182,7715.976609004429,5873.143687707641
1783300871,100,,Aggregated,45.200000,0.000000,11,35,57,81,180,330,5700,7200,7600,7700,7700,2450,0,11,281.4497190309458,3.0768289871048182,7715.976609004429,5872.18
1783300872,100,,Aggregated,45.400000,0.000000,11,33,55,78,180,330,5700,7200,7600,7700,7700,2495,0,11,276.58036569372416,3.0768289871048182,7715.976609004429,5841.440480961924
1783300873,100,,Aggregated,46.000000,0.000000,11,33,54,76,180,320,5700,7200,7600,7700,7700,2540,0,11,271.94283873298366,3.0768289871048182,7715.976609004429,5822.928346456693
1783300874,100,,Aggregated,45.400000,0.000000,11,31,53,73,170,300,5600,7200,7600,7700,7700,2582,0,11,267.6809691323674,3.0768289871048182,7715.976609004429,5843.60805577072
1783300875,100,,Aggregated,45.700000,0.000000,11,31,52,72,170,290,5600,7200,7600,7700,7700,2627,0,11,263.42968108026525,3.0768289871048182,7715.976609004429,5846.622382946327
1783300876,100,,Aggregated,45.800000,0.000000,11,31,51,71,170,290,5500,7200,7600,7700,7700,2675,0,11,259.0848121337569,3.0768289871048182,7715.976609004429,5826.833271028037
1783300877,100,,Aggregated,45.400000,0.000000,11,30,51,69,170,280,5500,7200,7600,7700,7700,2720,0,11,254.9761778892817,3.0768289871048182,7715.976609004429,5872.887132352941
1783300878,100,,Aggregated,44.800000,0.000000,11,28,49,68,170,270,5500,7200,7600,7700,7700,2761,0,11,251.43010410824704,3.0768289871048182,7715.976609004429,5883.595074248461
1783300879,100,,Aggregated,46.000000,0.000000,10,26,49,66,170,270,5500,7200,7600,7700,7700,2805,0,10,247.63597314753994,3.0768289871048182,7715.976609004429,5888.779322638146
1783300880,100,,Aggregated,45.300000,0.000000,10,25,48,66,160,270,5500,7200,7600,7700,7700,2853,0,10,243.73789400520283,3.0768289871048182,7715.976609004429,5886.898002103049
1783300881,100,,Aggregated,45.100000,0.000000,10,22,48,63,160,270,5500,7200,7600,7700,7700,2896,0,10,240.31750143365682,3.0768289871048182,7715.976609004429,5884.041436464088
1783300882,100,,Aggregated,45.000000,0.000000,10,21,47,62,160,260,5500,7200,7600,7700,7700,2945,0,10,236.5549597897684,3.0768289871048182,7715.976609004429,5896.962308998302
1783300883,100,,Aggregated,44.400000,0.000000,10,20,47,62,150,250,5500,7200,7600,7700,7700,2994,0,10,232.95467703100024,3.0768289871048182,7715.976609004429,5879.61456245825
1783300884,100,,Aggregated,45.100000,0.000000,10,20,47,60,150,250,5400,7200,7600,7700,7700,3039,0,10,229.7021605429139,3.0768289871048182,7715.976609004429,5889.011846001974
1783300885,100,,Aggregated,44.200000,0.000000,9,19,46,59,150,250,5400,7200,7600,7700,7700,3087,0,9,226.42006089179148,3.0768289871048182,7715.976609004429,5893.016520894072
1783300886,100,,Aggregated,45.300000,0.000000,9,18,46,59,150,250,5400,7200,7600,7700,7700,3125,0,9,223.7840164006455,3.0768289871048182,7715.976609004429,5906.48448
1783300887,100,,Aggregated,45.500000,0.000000,9,18,45,58,140,240,5300,7200,7600,7700,7700,3174,0,9,220.51971915973945,3.0768289871048182,7715.976609004429,5895.398550724638
1783300888,100,,Aggregated,45.700000,0.000000,9,18,45,57,140,240,5300,7100,7600,7700,7700,3218,0,9,217.659379302991,3.0768289871048182,7715.976609004429,5902.307333747669
1783300889,100,,Aggregated,44.300000,0.000000,9,18,45,57,140,240,5300,7100,7600,7700,7700,3260,0,9,215.17263814418857,3.0768289871048182,7715.976609004429,5875.234049079754
1783300890,100,,Aggregated,44.800000,0.000000,9,18,44,56,140,240,5300,7100,7600,7700,7700,3311,0,9,212.15819916672962,3.0768289871048182,7715.976609004429,5868.399577167019
1783300891,100,,Aggregated,45.400000,0.000000,9,17,44,55,140,240,5300,7100,7600,7700,7700,3353,0,9,209.65128769072763,3.0768289871048182,7715.976609004429,5856.934387116015
1783300892,100,,Aggregated,45.300000,0.000000,9,17,44,55,130,230,5300,7100,7600,7700,7700,3397,0,9,207.120839341189,3.0768289871048182,7715.976609004429,5848.66440977333
1783300893,100,,Aggregated,45.500000,0.000000,9,17,43,54,130,230,5300,7100,7600,7700,7700,3445,0,9,204.42723046967296,3.0768289871048182,7715.976609004429,5853.877793904209
1783300895,100,,Aggregated,45.500000,0.000000,9,17,44,54,130,230,5100,7100,7600,7700,7700,3507,0,9,201.35360454603224,3.0768289871048182,7715.976609004429,5846.435129740519
1783300896,100,,Aggregated,43.700000,0.000000,9,17,43,53,130,230,5100,7100,7600,7700,7700,3546,0,9,199.29848264831705,3.0768289871048182,7715.976609004429,5857.822617033277
1783300897,100,,Aggregated,45.000000,0.000000,9,16,43,53,130,230,5100,7100,7600,7700,7700,3596,0,9,196.7879872833395,3.0768289871048182,7715.976609004429,5865.243882091212
1783300898,100,,Aggregated,44.600000,0.000000,9,16,43,52,130,230,5100,7100,7600,7700,7700,3646,0,9,194.78012208390172,3.0768289871048182,7715.976609004429,5863.103400987384
1783300899,100,,Aggregated,45.000000,0.000000,9,16,42,52,120,230,5100,7100,7600,7700,7700,3686,0,9,193.0627455762028,3.0768289871048182,7715.976609004429,5878.842919153554
1783300900,100,,Aggregated,45.600000,0.000000,9,16,42,51,120,220,5100,7100,7600,7700,7700,3736,0,9,190.67579521034713,3.0768289871048182,7715.976609004429,5875.170770877944
1783300901,100,,Aggregated,45.200000,0.000000,8,15,42,51,120,220,5100,7100,7600,7700,7700,3778,0,8,188.67168460609062,3.0768289871048182,7715.976609004429,5878.99311805188
1783300902,100,,Aggregated,45.800000,0.000000,8,15,41,50,120,220,5100,7100,7600,7700,7700,3824,0,8,186.52630105644374,3.0768289871048182,7715.976609004429,5867.199790794979
1783300903,100,,Aggregated,45.400000,0.000000,8,15,41,49,120,220,5000,7100,7600,7700,7700,3868,0,8,184.52387047280132,3.0768289871048182,7715.976609004429,5881.115305067218
1783300904,100,,Aggregated,45.100000,0.000000,8,15,40,49,120,220,5000,7000,7600,7700,7700,3921,0,8,182.2191610251754,3.0768289871048182,7715.976609004429,5857.701606732976
1783300905,100,,Aggregated,45.500000,0.000000,8,15,40,49,110,220,5000,7000,7600,7700,7700,3955,0,8,180.82105395214955,3.0768289871048182,7715.976609004429,5849.269532237674
1783300906,100,,Aggregated,45.900000,0.000000,8,15,40,49,110,210,5000,7000,7600,7700,7700,4008,0,8,178.7022568474829,3.0768289871048182,7715.976609004429,5832.394710578842
1783300907,100,,Aggregated,44.700000,0.000000,8,15,40,49,110,210,5000,7000,7600,7700,7700,4050,0,8,176.97195920659183,3.0768289871048182,7715.976609004429,5827.576296296296
1783300908,100,,Aggregated,45.600000,0.000000,8,15,40,49,110,210,5000,7000,7600,7700,7700,4097,0,8,175.1704289889462,3.0768289871048182,7715.976609004429,5810.368318281669
1783300909,100,,Aggregated,45.500000,0.000000,8,15,40,48,110,210,5000,7000,7600,7700,7700,4136,0,8,173.64381353207142,3.0768289871048182,7715.976609004429,5783.972195357834
1783300910,100,,Aggregated,44.800000,0.000000,8,15,39,48,110,210,5000,7000,7600,7700,7700,4185,0,8,171.79557411293604,3.0768289871048182,7715.976609004429,5787.1890083632015
1783300911,100,,Aggregated,44.900000,0.000000,8,15,39,48,100,210,4900,7000,7600,7700,7700,4228,0,8,170.2117964074375,3.0768289871048182,7715.976609004429,5771.626537369915
1783300912,100,,Aggregated,44.500000,0.000000,8,15,38,47,100,200,4800,7000,7600,7700,7700,4280,0,8,168.27692963217538,3.0768289871048182,7715.976609004429,5785.044626168225
1783300913,100,,Aggregated,44.600000,0.000000,8,14,38,47,100,200,4800,7000,7600,7700,7700,4323,0,8,166.74586152918744,3.0768289871048182,7715.976609004429,5793.043950959982
1783300914,100,,Aggregated,45.400000,0.000000,8,14,37,47,98,200,4800,7000,7600,7700,7700,4374,0,8,164.93056896952365,3.0768289871048182,7715.976609004429,5803.504801097393
1783300915,100,,Aggregated,44.400000,0.000000,8,14,37,47,96,200,4800,6900,7600,7700,7700,4416,0,8,163.51400828706363,3.0768289871048182,7715.976609004429,5802.18115942029
1783300916,100,,Aggregated,45.800000,0.000000,8,14,37,47,95,200,4800,6900,7600,7700,7700,4460,0,8,162.05849964946228,3.0768289871048182,7715.976609004429,5802.451793721973
1783300917,100,,Aggregated,45.900000,0.000000,8,14,35,47,94,200,3300,5800,7600,7700,7700,4509,0,8,160.40400414805006,3.036787995370105,7715.976609004429,5787.104679529829
1783300918,100,,Aggregated,45.200000,0.000000,8,14,35,46,93,200,3300,5800,7600,7700,7700,4550,0,8,159.10556608319774,3.036787995370105,7715.976609004429,5784.834285714286
1783300919,100,,Aggregated,46.200000,0.000000,8,14,34,46,92,200,2800,5800,7600,7700,7700,4604,0,8,157.385624124583,3.036787995370105,7715.976609004429,5800.087315377932
1783300920,100,,Aggregated,45.400000,0.000000,8,14,33,46,92,200,2800,5800,7600,7700,7700,4641,0,8,156.27742832676267,3.036787995370105,7715.976609004429,5793.146089204913
1783300921,100,,Aggregated,45.900000,0.000000,8,14,33,45,91,200,2800,5800,7600,7700,7700,4686,0,8,154.93350135435946,3.036787995370105,7715.976609004429,5779.397567221511
1783300922,100,,Aggregated,45.900000,0.000000,8,14,32,45,90,190,2800,5800,7600,7700,7700,4745,0,8,153.1768402610049,3.036787995370105,7715.976609004429,5791.808008429926
1783300923,100,,Aggregated,45.500000,0.000000,8,14,32,45,89,190,2800,5800,7600,7700,7700,4784,0,8,152.02373063910449,3.036787995370105,7715.976609004429,5776.701295986622
1783300924,100,,Aggregated,46.600000,0.000000,8,14,32,45,88,190,2800,5700,7600,7700,7700,4840,0,8,150.42649702653543,3.036787995370105,7715.976609004429,5779.498553719009
1783300925,100,,Aggregated,46.400000,0.000000,8,14,31,45,88,190,2800,5700,7600,7700,7700,4880,0,8,149.33486274495692,3.036787995370105,7715.976609004429,5782.483606557377
1783300926,100,,Aggregated,46.100000,0.000000,8,14,31,44,87,180,890,5700,7600,7700,7700,4926,0,8,148.0359734984609,3.036787995370105,7715.976609004429,5792.426918392204
1783300927,100,,Aggregated,46.000000,0.000000,8,14,31,44,87,180,600,5700,7600,7700,7700,4970,0,8,146.8423860745278,3.036787995370105,7715.976609004429,5797.241649899396
1783300928,100,,Aggregated,47.200000,0.000000,8,14,31,44,87,180,580,5700,7500,7700,7700,5011,0,8,145.87044162310926,3.036787995370105,7715.976609004429,5809.413091199362
1783300929,100,,Aggregated,45.800000,0.000000,8,14,31,44,86,180,570,5700,7500,7700,7700,5067,0,8,144.4793695653112,3.0087659979471937,7715.976609004429,5809.330570357213
1783300930,100,,Aggregated,45.800000,0.000000,8,14,30,44,86,180,560,5600,7500,7700,7700,5104,0,8,143.52329454356826,3.0087659979471937,7715.976609004429,5804.386363636364
1783300931,100,,Aggregated,46.600000,0.000000,8,14,30,44,85,180,560,5600,7500,7700,7700,5146,0,8,142.46691881118844,3.0087659979471937,7715.976609004429,5819.282160901671
1783300932,100,,Aggregated,46.300000,0.000000,8,14,29,43,83,180,550,5600,7500,7700,7700,5196,0,8,141.19921358032494,3.0087659979471937,7715.976609004429,5825.28156274057
1783300933,100,,Aggregated,46.100000,0.000000,7,13,29,43,83,180,530,5600,7500,7700,7700,5248,0,7,139.88636219329325,2.9707799985772,7715.976609004429,5822.533536585366
1783300934,100,,Aggregated,44.900000,0.000000,7,13,28,43,83,180,480,5600,7500,7700,7700,5293,0,7,138.81662748317,2.9707799985772,7715.976609004429,5814.259965992821
1783300935,100,,Aggregated,46.400000,0.000000,7,13,27,43,82,170,470,5500,7500,7700,7700,5344,0,7,137.64555964528657,2.9707799985772,7715.976609004429,5815.8175523952095
1783300936,100,,Aggregated,45.100000,0.000000,7,13,26,42,81,170,470,5500,7500,7700,7700,5387,0,7,136.6282564093893,2.9707799985772,7715.976609004429,5811.209764247262
1783300937,100,,Aggregated,45.500000,0.000000,7,13,26,42,80,170,470,5500,7500,7700,7700,5430,0,7,135.6688354936337,2.9707799985772,7715.976609004429,5813.817863720074
1783300938,100,,Aggregated,45.300000,0.000000,7,13,25,42,79,170,470,5500,7500,7700,7700,5481,0,7,134.48898147663252,2.9707799985772,7715.976609004429,5821.77102718482
1783300939,100,,Aggregated,45.700000,0.000000,7,13,24,42,79,170,470,5500,7500,7700,7700,5514,0,7,133.7619774373166,2.9707799985772,7715.976609004429,5820.332245194051
1783300940,100,,Aggregated,46.100000,0.000000,7,13,23,42,79,170,470,5500,7500,7700,7700,5571,0,7,132.5664284917357,2.9707799985772,7715.976609004429,5817.924968587327
1783300941,100,,Aggregated,45.000000,0.000000,7,13,23,42,79,170,470,5500,7500,7700,7700,5613,0,7,131.72616346169403,2.9707799985772,7715.976609004429,5810.804560840905
1783300942,100,,Aggregated,46.200000,0.000000,7,13,23,42,78,170,460,5500,7500,7700,7700,5651,0,7,130.91092497000142,2.9707799985772,7715.976609004429,5808.488409131127
1783300943,100,,Aggregated,46.400000,0.000000,7,13,22,41,78,170,460,5500,7500,7700,7700,5701,0,7,129.87397823915424,2.9707799985772,7715.976609004429,5822.935800736713
1783300944,100,,Aggregated,45.500000,0.000000,7,13,21,41,77,170,460,5500,7500,7700,7700,5747,0,7,128.8995659334224,2.9707799985772,7715.976609004429,5813.365408038977
1783300945,100,,Aggregated,44.700000,0.000000,7,13,21,41,77,170,410,5500,7500,7700,7700,5795,0,7,127.95127194191589,2.9707799985772,7715.976609004429,5813.272648835203
1783300946,100,,Aggregated,45.600000,0.000000,7,13,20,41,76,160,400,5500,7500,7700,7700,5836,0,7,127.12922038492758,2.9707799985772,7715.976609004429,5819.069910897875
1783300947,100,,Aggregated,45.800000,0.000000,7,13,20,41,76,160,370,5500,7500,7700,7700,5889,0,7,126.1165637095368,2.945244006696157,7715.976609004429,5818.0759042282225
1783300948,100,,Aggregated,44.700000,0.000000,7,13,20,41,75,160,360,5500,7500,7700,7700,5936,0,7,125.18377844802343,2.945244006696157,7715.976609004429,5821.365397574124
1783300949,100,,Aggregated,46.100000,0.000000,7,13,19,40,75,160,360,5500,7500,7700,7700,5975,0,7,124.42135538936303,2.945244006696157,7715.976609004429,5817.118158995816
1783300950,100,,Aggregated,46.300000,0.000000,7,13,19,40,75,160,350,5400,7500,7700,7700,6026,0,7,123.50401140150397,2.945244006696157,7715.976609004429,5821.614005974112
1783300951,100,,Aggregated,45.500000,0.000000,7,13,19,40,74,160,350,5400,7500,7700,7700,6075,0,7,122.61718379151806,2.945244006696157,7715.976609004429,5819.417777777778
1783300952,100,,Aggregated,45.300000,0.000000,7,13,19,40,74,160,350,5400,7500,7700,7700,6115,0,7,121.90299408315381,2.945244006696157,7715.976609004429,5822.119051512674
1783300953,100,,Aggregated,44.800000,0.000000,7,13,19,40,73,150,350,5400,7500,7700,7700,6170,0,7,120.90018765064875,2.945244006696157,7715.976609004429,5822.73435980551
1783300954,100,,Aggregated,46.300000,0.000000,7,13,19,40,73,150,340,5400,7500,7700,7700,6210,0,7,120.18014324725455,2.945244006696157,7715.976609004429,5819.997423510467
1783300955,100,,Aggregated,46.400000,0.000000,7,13,19,39,72,150,330,5400,7500,7700,7700,6255,0,7,119.38389740215172,2.945244006696157,7715.976609004429,5824.926778577138
1783300956,100,,Aggregated,46.500000,0.000000,7,13,18,39,72,150,330,5400,7500,7700,7700,6294,0,7,118.72872337327856,2.945244006696157,7715.976609004429,5823.485700667302
1783300957,100,,Aggregated,46.100000,0.000000,7,13,18,39,72,150,330,5300,7500,7700,7700,6339,0,7,117.99371923670132,2.945244006696157,7715.976609004429,5818.714939264868
1783300958,100,,Aggregated,45.500000,0.000000,7,13,18,39,71,150,330,5300,7500,7700,7700,6391,0,7,117.1241260631336,2.945244006696157,7715.976609004429,5824.521358159913
1783300959,100,,Aggregated,44.900000,0.000000,7,13,18,39,71,150,330,5300,7500,7700,7700,6427,0,7,116.53648786719738,2.945244006696157,7715.976609004429,5820.969970437218
1783300960,100,,Aggregated,45.300000,0.000000,7,13,18,39,71,150,330,5300,7500,7700,7700,6478,0,7,115.74676035511342,2.945244006696157,7715.976609004429,5802.845476999074
1783300961,100,,Aggregated,45.700000,0.000000,7,12,18,39,70,140,330,5300,7500,7700,7700,6522,0,7,115.03053247445992,2.945244006696157,7715.976609004429,5817.39343759583
1783300962,100,,Aggregated,44.000000,0.000000,7,12,18,38,70,140,320,5300,7500,7700,7700,6560,0,7,114.41608267903176,2.945244006696157,7715.976609004429,5827.000304878049
1783300963,100,,Aggregated,45.400000,0.000000,7,12,18,38,69,140,320,5300,7500,7700,7700,6615,0,7,113.56185897452231,2.945244006696157,7715.976609004429,5825.05306122449
1783300964,100,,Aggregated,44.300000,0.000000,7,12,18,38,69,140,320,5300,7500,7700,7700,6657,0,7,112.93582993053394,2.945244006696157,7715.976609004429,5831.9155775875015
1783300965,100,,Aggregated,44.200000,0.000000,7,12,17,38,68,140,310,5300,7500,7700,7700,6703,0,7,112.28274903976586,2.945244006696157,7715.976609004429,5833.223034462181
1783300966,100,,Aggregated,44.300000,0.000000,7,12,17,38,68,140,310,5300,7500,7700,7700,6746,0,7,111.63251627061196,2.945244006696157,7715.976609004429,5824.087755707085
1783300967,100,,Aggregated,44.000000,0.000000,7,12,17,38,67,140,300,5300,7500,7700,7700,6799,0,7,110.88772624627721,2.945244006696157,7715.976609004429,5814.699955875864
1783300968,100,,Aggregated,45.000000,0.000000,7,12,17,38,67,140,300,5300,7500,7700,7700,6838,0,7,110.32918149362033,2.945244006696157,7715.976609004429,5803.97630886224
1783300969,100,,Aggregated,45.000000,0.000000,7,12,17,38,67,140,290,5300,7500,7700,7700,6886,0,7,109.67026906511713,2.945244006696157,7715.976609004429,5799.826749927389
1783300970,100,,Aggregated,44.400000,0.000000,7,12,17,38,67,140,290,5300,7500,7700,7700,6927,0,7,109.12073213214887,2.945244006696157,7715.976609004429,5786.75415042587
1783300971,100,,Aggregated,44.900000,0.000000,7,12,17,37,67,140,290,5300,7500,7700,7700,6970,0,7,108.54604641153307,2.945244006696157,7715.976609004429,5792.048637015782
1783300972,100,,Aggregated,45.700000,0.000000,7,12,17,37,66,130,280,5100,7500,7700,7700,7021,0,7,107.86832189224342,2.945244006696157,7715.976609004429,5786.853439680957
1783300973,100,,Aggregated,44.500000,0.000000,7,12,17,37,66,130,280,5100,7500,7700,7700,7059,0,7,107.35714596775878,2.945244006696157,7715.976609004429,5776.999716673749
1783300974,100,,Aggregated,45.700000,0.000000,7,12,17,37,66,130,280,5100,7500,7700,7700,7111,0,7,106.64956446483191,2.9414379969239235,7715.976609004429,5779.212065813528
1783300975,100,,Aggregated,45.300000,0.000000,7,12,17,37,66,130,280,5100,7500,7700,7700,7156,0,7,106.04662153960449,2.9414379969239235,7715.976609004429,5788.208496366686
1783300976,100,,Aggregated,44.800000,0.000000,7,12,17,36,65,130,280,5100,7500,7700,7700,7197,0,7,105.51314284470043,2.9414379969239235,7715.976609004429,5795.528831457552
1783300977,100,,Aggregated,45.300000,0.000000,7,12,17,36,65,130,270,5100,7500,7700,7700,7247,0,7,104.8876548740624,2.9414379969239235,7715.976609004429,5795.680281495791
1783300978,100,,Aggregated,45.300000,0.000000,7,12,17,36,65,130,270,5100,7500,7700,7700,7294,0,7,104.27917719046391,2.93774000601843,7715.976609004429,5786.576638332876
1783300979,100,,Aggregated,45.600000,0.000000,7,12,17,36,64,130,270,5100,7500,7700,7700,7345,0,7,103.65964572446296,2.93774000601843,7715.976609004429,5787.337236215112
1783300980,100,,Aggregated,44.900000,0.000000,7,12,17,36,64,130,270,5100,7500,7700,7700,7385,0,7,103.17885149792274,2.93774000601843,7715.976609004429,5783.3715639810425
1783300981,100,,Aggregated,45.500000,0.000000,7,12,17,35,64,130,270,5100,7500,7700,7700,7433,0,7,102.60577543739737,2.93774000601843,7715.976609004429,5791.16144221714
1783300982,100,,Aggregated,45.600000,0.000000,7,12,16,35,63,120,270,5100,7500,7700,7700,7479,0,7,102.02929703853604,2.927998997620307,7715.976609004429,5789.929937157374
1783300983,100,,Aggregated,46.300000,0.000000,7,12,16,35,63,120,270,5100,7500,7700,7700,7531,0,7,101.40544345867137,2.927998997620307,7715.976609004429,5792.156420130129
1783300984,100,,Aggregated,45.500000,0.000000,7,12,16,34,63,120,260,5100,7500,7700,7700,7574,0,7,100.88609516323557,2.927998997620307,7715.976609004429,5785.828228148931
1783300985,100,,Aggregated,46.000000,0.000000,7,12,16,34,62,120,260,5100,7500,7700,7700,7624,0,7,100.2922061427558,2.927998997620307,7715.976609004429,5775.6875655823715
1783300986,100,,Aggregated,46.600000,0.000000,7,12,16,34,62,120,260,5100,7500,7700,7700,7665,0,7,99.83480162471093,2.927998997620307,7715.976609004429,5779.65048923679
1783300987,100,,Aggregated,46.500000,0.000000,7,12,16,34,62,120,260,5000,7500,7700,7700,7715,0,7,99.30384605112542,2.927998997620307,7715.976609004429,5781.213480233312
1783300988,100,,Aggregated,46.300000,0.000000,7,12,16,33,62,120,250,5000,7500,7700,7700,7760,0,7,98.82680457015799,2.927998997620307,7715.976609004429,5778.610180412371
1783300989,100,,Aggregated,46.100000,0.000000,7,12,16,33,62,120,250,5000,7500,7700,7700,7813,0,7,98.26359559995883,2.927998997620307,7715.976609004429,5775.871112248816
1783300990,100,,Aggregated,46.900000,0.000000,7,12,16,33,62,120,250,5000,7500,7700,7700,7856,0,7,97.79724389072115,2.927998997620307,7715.976609004429,5771.869399185336
1783300991,100,,Aggregated,46.700000,0.000000,7,12,16,33,61,120,250,5000,7500,7700,7700,7903,0,7,97.33290144685927,2.927998997620307,7715.976609004429,5771.734278122232
1783300992,100,,Aggregated,46.700000,0.000000,7,12,16,33,61,120,250,5000,7500,7700,7700,7947,0,7,96.86799197969141,2.927998997620307,7715.976609004429,5761.199697999245
1783300993,100,,Aggregated,46.500000,0.000000,7,12,16,33,61,120,250,5000,7500,7700,7700,7992,0,7,96.42571107452842,2.927998997620307,7715.976609004429,5751.057557557558
1783300994,100,,Aggregated,46.800000,0.000000,7,12,16,33,61,110,250,5000,7500,7700,7700,8039,0,7,95.93929125383862,2.927998997620307,7715.976609004429,5745.933698221172
1783300995,100,,Aggregated,46.500000,0.000000,7,12,16,33,61,110,250,5000,7500,7700,7700,8084,0,7,95.51584134680793,2.927998997620307,7715.976609004429,5751.375680356259
1783300996,100,,Aggregated,46.000000,0.000000,7,12,16,33,61,110,250,5000,7500,7700,7700,8132,0,7,95.05917982189129,2.927998997620307,7715.976609004429,5747.875307427447
1783300997,100,,Aggregated,46.200000,0.000000,7,12,16,33,60,110,250,5000,7500,7700,7700,8177,0,7,94.58056881907524,2.927998997620307,7715.976609004429,5740.385104561575
1783300998,100,,Aggregated,46.100000,0.000000,7,12,16,33,60,110,240,5000,7500,7700,7700,8220,0,7,94.16669268620666,2.927998997620307,7715.976609004429,5743.151581508516
1783300999,100,,Aggregated,45.400000,0.000000,7,12,16,32,60,110,240,5000,7500,7700,7700,8265,0,7,93.72077631393388,2.927998997620307,7715.976609004429,5745.412583182093
1783301000,100,,Aggregated,46.000000,0.000000,7,12,16,32,60,110,240,5000,7500,7700,7700,8309,0,7,93.30491149364515,2.927998997620307,7715.976609004429,5744.436996028403
1783301001,100,,Aggregated,45.200000,0.000000,7,12,16,32,60,110,240,5000,7500,7700,7700,8357,0,7,92.8563593084555,2.927998997620307,7715.976609004429,5754.637429699653
1783301002,100,,Aggregated,45.200000,0.000000,7,12,16,32,60,110,240,4900,7500,7700,7700,8401,0,7,92.42323987783163,2.927998997620307,7715.976609004429,5758.434114986311
1783301003,100,,Aggregated,45.100000,0.000000,7,12,16,32,60,110,240,4900,7500,7700,7700,8446,0,7,92.01208344858554,2.927998997620307,7715.976609004429,5760.06748756808
1783301004,100,,Aggregated,45.000000,0.000000,7,12,16,32,60,110,240,4900,7500,7700,7700,8489,0,7,91.62141925900835,2.927998997620307,7715.976609004429,5760.066438920957
1783301005,100,,Aggregated,45.400000,0.000000,7,12,16,32,59,110,240,4800,7500,7700,7700,8537,0,7,91.17794981242771,2.927998997620307,7715.976609004429,5757.516574909218
1783301006,100,,Aggregated,45.500000,0.000000,7,12,15,32,59,110,240,4800,7500,7700,7700,8581,0,7,90.81184636460952,2.927998997620307,7715.976609004429,5762.646311618692
1783301007,100,,Aggregated,44.800000,0.000000,7,12,15,32,59,110,240,4800,7500,7700,7700,8627,0,7,90.41149985669259,2.927998997620307,7715.976609004429,5763.224179900313
1783301008,100,,Aggregated,45.600000,0.000000,7,12,15,32,59,100,240,4800,7500,7700,7700,8680,0,7,89.95172821643942,2.927998997620307,7715.976609004429,5758.268548387096
1783301009,100,,Aggregated,45.400000,0.000000,7,12,16,32,59,100,230,4800,7500,7700,7700,8719,0,7,89.63477718175626,2.927998997620307,7715.976609004429,5762.167335703636
1783301010,100,,Aggregated,45.400000,0.000000,7,12,15,32,59,100,230,4800,7500,7700,7700,8765,0,7,89.23249274166659,2.927998997620307,7715.976609004429,5758.470051340559
1783301011,100,,Aggregated,45.700000,0.000000,7,12,15,31,59,100,230,4800,7500,7700,7700,8813,0,7,88.80264155175486,2.927998997620307,7715.976609004429,5764.047089526835
1783301012,100,,Aggregated,45.400000,0.000000,7,12,15,31,59,100,230,4800,7500,7700,7700,8858,0,7,88.41577204714292,2.927998997620307,7715.976609004429,5759.551253104538
1783301013,100,,Aggregated,46.200000,0.000000,7,12,15,31,59,100,230,4800,7500,7700,7700,8900,0,7,88.10445510175371,2.927998997620307,7715.976609004429,5760.37202247191
1783301014,100,,Aggregated,45.400000,0.000000,7,12,15,31,59,100,230,4800,7500,7700,7700,8949,0,7,87.71710540402471,2.927998997620307,7715.976609004429,5754.661749916192
1783301015,100,,Aggregated,44.400000,0.000000,7,12,15,31,59,100,230,4800,7500,7700,7700,8991,0,7,87.364766581985,2.927998997620307,7715.976609004429,5755.184406628851
1783301016,100,,Aggregated,45.500000,0.000000,7,12,15,31,59,100,230,3300,7500,7700,7700,9044,0,7,86.93176131696417,2.927998997620307,7715.976609004429,5755.209310039805
1783301017,100,,Aggregated,45.600000,0.000000,7,12,15,31,58,100,230,3300,7500,7700,7700,9086,0,7,86.602521967491,2.927998997620307,7715.976609004429,5759.76447281532
1783301018,100,,Aggregated,44.300000,0.000000,7,12,15,31,58,100,230,2800,7500,7700,7700,9132,0,7,86.23510378609663,2.927998997620307,7715.976609004429,5757.053109943057
1783301019,100,,Aggregated,45.000000,0.000000,7,12,15,31,58,100,230,2800,7500,7700,7700,9177,0,7,85.87433522432445,2.927998997620307,7715.976609004429,5752.036395336167
1783301020,100,,Aggregated,44.700000,0.000000,7,12,15,30,58,99,230,2800,7500,7700,7700,9224,0,7,85.49263651275476,2.927998997620307,7715.976609004429,5762.454683434518
1783301021,100,,Aggregated,45.500000,0.000000,7,12,15,30,58,98,230,2800,7500,7700,7700,9271,0,7,85.12198094117136,2.927998997620307,7715.976609004429,5762.102793657642
1783301022,100,,Aggregated,45.100000,0.000000,7,12,15,30,58,98,230,2800,7500,7700,7700,9320,0,7,84.7436209890065,2.927998997620307,7715.976609004429,5754.5051502145925
1783301023,100,,Aggregated,45.100000,0.000000,7,12,15,30,58,97,220,2800,7500,7700,7700,9358,0,7,84.45049404376081,2.927998997620307,7715.976609004429,5749.370271425519
1783301024,100,,Aggregated,45.800000,0.000000,7,12,15,30,57,96,220,2800,7500,7700,7700,9403,0,7,84.09460884031823,2.927998997620307,7715.976609004429,5743.250558332447
1783301025,100,,Aggregated,46.600000,0.000000,7,12,15,29,57,96,220,2800,7500,7700,7700,9452,0,7,83.72792904998825,2.927998997620307,7715.976609004429,5742.830512060939
1783301026,100,,Aggregated,44.700000,0.000000,7,12,15,29,57,96,220,2800,7500,7700,7700,9500,0,7,83.41242249994723,2.927998997620307,7715.976609004429,5749.446631578948
1783301027,100,,Aggregated,45.500000,0.000000,7,12,15,29,57,95,220,2800,7500,7700,7700,9545,0,7,83.09654786573839,2.927998997620307,7715.976609004429,5744.908224201153
1783301028,100,,Aggregated,46.300000,0.000000,7,12,15,29,57,95,220,2800,7500,7700,7700,9589,0,7,82.79002909588705,2.927998997620307,7715.976609004429,5740.898425278965
1783301029,100,,Aggregated,46.200000,0.000000,7,12,15,29,57,95,220,2800,7500,7700,7700,9630,0,7,82.48195397709566,2.927998997620307,7715.976609004429,5742.797507788162
1783301030,100,,Aggregated,45.800000,0.000000,7,12,15,29,57,95,220,2800,7500,7700,7700,9676,0,7,82.17652764142709,2.927998997620307,7715.976609004429,5743.683856965688
1783301031,100,,Aggregated,45.000000,0.000000,7,12,15,29,57,94,220,2800,7500,7700,7700,9723,0,7,81.8403337529982,2.927998997620307,7715.976609004429,5749.39463128664
1783301032,100,,Aggregated,45.600000,0.000000,7,12,15,29,57,94,220,2800,7500,7700,7700,9759,0,7,81.59589125744179,2.927998997620307,7715.976609004429,5746.658674044472
1783301033,100,,Aggregated,45.200000,0.000000,7,12,15,29,56,94,220,890,7500,7700,7700,9814,0,7,81.20213111649691,2.927998997620307,7715.976609004429,5747.208375789688
1783301034,100,,Aggregated,45.000000,0.000000,7,12,15,28,56,94,220,890,7500,7700,7700,9858,0,7,80.89690463281725,2.927998997620307,7715.976609004429,5742.423513897343
1783301035,100,,Aggregated,44.000000,0.000000,7,12,15,28,56,93,220,600,7500,7700,7700,9907,0,7,80.5566632344129,2.927998997620307,7715.976609004429,5738.2660744927825
1783301036,100,,Aggregated,45.600000,0.000000,7,12,15,28,56,93,220,600,7500,7700,7700,9949,0,7,80.2880089600372,2.927998997620307,7715.976609004429,5740.146346366469
1783301037,100,,Aggregated,44.800000,0.000000,7,12,15,28,56,92,220,600,7500,7700,7700,10000,0,7,79.9341958837409,2.927998997620307,7715.976609004429,5750.6554
1783301038,100,,Aggregated,45.000000,0.000000,7,12,15,28,56,92,210,580,7500,7600,7700,10045,0,7,79.6349896594716,2.927998997620307,7715.976609004429,5741.615430562469
1783301039,100,,Aggregated,45.000000,0.000000,7,12,15,27,56,92,210,580,7500,7600,7700,10089,0,7,79.34063556947079,2.927998997620307,7715.976609004429,5741.268312022995
1783301040,100,,Aggregated,45.600000,0.000000,7,12,15,27,56,92,210,570,7500,7600,7700,10135,0,7,79.0267337234801,2.927998997620307,7715.976609004429,5745.98677849038
1783301041,100,,Aggregated,45.900000,0.000000,7,12,15,26,56,91,210,570,7500,7600,7700,10179,0,7,78.73450999847734,2.927998997620307,7715.976609004429,5749.115728460556
1783301042,100,,Aggregated,45.100000,0.000000,7,11,15,26,56,91,210,560,7500,7600,7700,10230,0,7,78.40613315792248,2.927998997620307,7715.976609004429,5756.570283479961
1783301043,100,,Aggregated,45.200000,0.000000,7,11,15,26,55,91,210,560,7500,7600,7700,10269,0,7,78.15651755112891,2.927998997620307,7715.976609004429,5750.825396825397
1783301044,100,,Aggregated,45.600000,0.000000,7,12,15,26,55,90,210,550,7500,7600,7700,10316,0,7,77.87083325014956,2.927998997620307,7715.976609004429,5750.259208995735
1783301045,100,,Aggregated,46.400000,0.000000,7,11,15,26,55,90,210,550,7500,7600,7700,10356,0,7,77.6102708485468,2.927998997620307,7715.976609004429,5747.630745461568
1783301046,100,,Aggregated,45.300000,0.000000,7,11,15,26,55,90,210,530,7500,7600,7700,10402,0,7,77.3381541164666,2.927998997620307,7715.976609004429,5747.739953855028
1783301047,100,,Aggregated,45.400000,0.000000,7,11,15,25,55,90,210,530,7500,7600,7700,10453,0,7,77.02550708576422,2.927998997620307,7715.976609004429,5743.97417009471
1783301048,100,,Aggregated,44.900000,0.000000,7,11,15,25,55,90,210,530,7500,7600,7700,10498,0,7,76.77475414616794,2.927998997620307,7715.976609004429,5745.74471327872
1783301049,100,,Aggregated,44.900000,0.000000,7,11,15,25,55,90,210,480,7500,7600,7700,10554,0,7,76.45632029870026,2.927998997620307,7715.976609004429,5753.249099867349
1783301050,100,,Aggregated,44.900000,0.000000,7,11,15,25,55,89,210,480,7500,7600,7700,10600,0,7,76.17899490882645,2.927998997620307,7715.976609004429,5753.652452830189
1783301051,100,,Aggregated,44.600000,0.000000,7,11,15,25,54,89,210,470,7500,7600,7700,10644,0,7,75.92119687134506,2.927998997620307,7715.976609004429,5758.6264562194665
1783301052,100,,Aggregated,46.000000,0.000000,7,11,15,24,54,89,210,470,7500,7600,7700,10693,0,7,75.62263229380609,2.927998997620307,7715.976609004429,5760.903207705976
1783301053,100,,Aggregated,45.800000,0.000000,7,11,15,24,54,88,200,470,7500,7600,7700,10738,0,7,75.37431293273285,2.927998997620307,7715.976609004429,5756.3899236356865
1783301054,100,,Aggregated,45.400000,0.000000,7,11,15,24,54,88,200,470,7500,7600,7700,10784,0,7,75.12559893959907,2.927998997620307,7715.976609004429,5765.879451038576
1783301055,100,,Aggregated,46.000000,0.000000,7,11,15,24,54,88,200,470,7500,7600,7700,10826,0,7,74.88096343955624,2.927998997620307,7715.976609004429,5772.2627009052285
1783301056,100,,Aggregated,46.000000,0.000000,7,11,15,23,54,88,200,470,7500,7600,7700,10875,0,7,74.58623594939495,2.927998997620307,7715.976609004429,5761.748781609195
1783301057,100,,Aggregated,46.100000,0.000000,7,11,15,23,54,88,200,470,7500,7600,7700,10928,0,7,74.26971933790907,2.927998997620307,7715.976609004429,5756.3712481698385
1783301058,100,,Aggregated,46.300000,0.000000,7,11,14,22,53,87,200,470,7500,7600,7700,10978,0,7,73.99071890760298,2.927998997620307,7715.976609004429,5759.761249772272
1783301060,100,,Aggregated,46.300000,0.000000,7,11,14,22,53,87,200,470,7500,7600,7700,11020,0,7,73.7544655150219,2.927998997620307,7715.976609004429,5753.9444646098
1783301061,100,,Aggregated,46.700000,0.000000,7,11,14,22,53,87,200,470,7500,7600,7700,11067,0,7,73.49811949140978,2.927998997620307,7715.976609004429,5744.530044275775
1783301062,100,,Aggregated,47.400000,0.000000,7,11,14,22,53,87,200,470,7500,7600,7700,11110,0,7,73.26084354072148,2.927998997620307,7715.976609004429,5749.972367236724
1783301063,100,,Aggregated,46.600000,0.000000,7,11,14,22,53,86,200,470,7500,7600,7700,11161,0,7,72.97829394762175,2.927998997620307,7715.976609004429,5755.739181076964
1783301064,100,,Aggregated,46.600000,0.000000,7,11,14,22,53,86,200,470,7500,7600,7700,11205,0,7,72.75320066554478,2.927998997620307,7715.976609004429,5754.27880410531
1783301065,100,,Aggregated,46.500000,0.000000,7,11,14,22,53,86,200,470,7500,7600,7700,11255,0,7,72.48061933989237,2.927998997620307,7715.976609004429,5750.92989782319
1783301066,100,,Aggregated,46.700000,0.000000,7,11,14,21,53,85,200,460,7500,7600,7700,11306,0,7,72.22395466455522,2.927998997620307,7715.976609004429,5751.453387581815
1783301067,100,,Aggregated,46.700000,0.000000,7,11,14,21,53,85,200,460,7500,7600,7700,11348,0,7,72.00698517302406,2.927998997620307,7715.976609004429,5761.3691399365525
1783301068,100,,Aggregated,46.700000,0.000000,7,11,14,21,53,85,200,460,7500,7600,7700,11392,0,7,71.79286865383996,2.927998997620307,7715.976609004429,5772.578739466292
1783301069,100,,Aggregated,47.200000,0.000000,7,11,14,21,53,84,200,460,7500,7600,7700,11443,0,7,71.5214829469158,2.927998997620307,7715.976609004429,5767.151446299047
1783301070,100,,Aggregated,46.300000,0.000000,7,11,14,21,53,84,200,460,7500,7600,7700,11490,0,7,71.28377491231862,2.927998997620307,7715.976609004429,5766.139338555266
1783301071,100,,Aggregated,46.300000,0.000000,7,11,14,21,53,84,200,410,7500,7600,7700,11532,0,7,71.07309708694142,2.927998997620307,7715.976609004429,5764.48517169615
1783301072,100,,Aggregated,46.800000,0.000000,7,11,14,21,52,83,200,410,7500,7600,7700,11581,0,7,70.83280174946864,2.927998997620307,7715.976609004429,5766.806666091011
1783301073,100,,Aggregated,46.300000,0.000000,7,11,14,21,52,83,200,400,7500,7600,7700,11629,0,7,70.59449526515847,2.927998997620307,7715.976609004429,5771.339410095451
1783301074,100,,Aggregated,46.900000,0.000000,7,11,14,21,52,83,200,400,7500,7600,7700,11673,0,7,70.38278012923405,2.927998997620307,7715.976609004429,5766.202689968303
1783301075,100,,Aggregated,46.300000,0.000000,7,11,14,21,52,83,200,370,7500,7600,7700,11719,0,7,70.16878334649815,2.927998997620307,7715.976609004429,5764.812867992149
1783301076,100,,Aggregated,46.700000,0.000000,7,11,14,20,52,83,200,370,7500,7600,7700,11770,0,7,69.90968438730381,2.927998997620307,7715.976609004429,5770.8552251486835
1783301077,100,,Aggregated,46.300000,0.000000,7,11,14,20,52,82,190,360,7500,7600,7700,11810,0,7,69.71738256533196,2.927998997620307,7715.976609004429,5767.801439458086
1783301078,100,,Aggregated,46.200000,0.000000,7,11,14,20,52,82,190,360,7500,7600,7700,11847,0,7,69.5441245200078,2.927998997620307,7715.976609004429,5772.9630286148395
1783301079,100,,Aggregated,45.700000,0.000000,7,11,14,20,52,82,190,360,7500,7600,7700,11893,0,7,69.32829560695197,2.927998997620307,7715.976609004429,5766.585470444799
1783301080,100,,Aggregated,45.400000,0.000000,7,11,14,20,52,82,190,360,7500,7600,7700,11939,0,7,69.09974982431162,2.927998997620307,7715.976609004429,5765.031242147584
1783301081,100,,Aggregated,45.000000,0.000000,7,11,14,20,52,81,190,360,7500,7600,7700,11986,0,7,68.89882346691498,2.927998997620307,7715.976609004429,5762.9727181712
1783301082,100,,Aggregated,44.800000,0.000000,7,11,14,20,52,81,190,350,7400,7600,7700,12036,0,7,68.65591320866329,2.927998997620307,7715.976609004429,5763.340810900631
1783301083,100,,Aggregated,45.300000,0.000000,7,11,14,20,52,81,190,350,7400,7600,7700,12076,0,7,68.4725280656251,2.927998997620307,7715.976609004429,5763.352020536601
1783301084,100,,Aggregated,45.000000,0.000000,7,11,14,20,52,81,190,350,7400,7600,7700,12126,0,7,68.2624770699708,2.927998997620307,7715.976609004429,5758.233877618341
1783301085,100,,Aggregated,44.900000,0.000000,7,11,14,20,51,80,190,350,7400,7600,7700,12176,0,7,68.02601915123635,2.927998997620307,7715.976609004429,5761.995729303548
1783301086,100,,Aggregated,44.700000,0.000000,7,11,14,20,51,80,190,350,7400,7600,7700,12216,0,7,67.8573643064366,2.927998997620307,7715.976609004429,5764.0031106745255
1783301087,100,,Aggregated,46.000000,0.000000,7,11,14,20,51,80,190,350,7400,7600,7700,12266,0,7,67.62599932353288,2.927998997620307,7715.976609004429,5764.109489646176
1783301088,100,,Aggregated,44.500000,0.000000,7,11,14,20,51,80,180,350,7400,7600,7700,12308,0,7,67.45570894008026,2.927998997620307,7715.976609004429,5764.633165420864
1783301089,100,,Aggregated,45.400000,0.000000,7,11,14,20,51,80,180,350,7400,7600,7700,12355,0,7,67.23860969716752,2.927998997620307,7715.976609004429,5767.382274382841
1783301090,100,,Aggregated,45.800000,0.000000,7,11,14,20,51,80,180,340,7400,7600,7700,12406,0,7,67.00717278143895,2.927998997620307,7715.976609004429,5763.347251330001
1783301091,100,,Aggregated,45.600000,0.000000,7,11,14,20,51,79,180,340,7400,7600,7700,12437,0,7,66.86317892382,2.927998997620307,7715.976609004429,5764.1224571842085
1783301092,100,,Aggregated,46.200000,0.000000,7,11,14,20,51,79,180,340,7400,7600,7700,12490,0,7,66.65272803680175,2.927998997620307,7715.976609004429,5760.76196957566
1783301093,100,,Aggregated,44.900000,0.000000,7,11,14,20,51,79,180,330,7400,7600,7700,12528,0,7,66.4836639580732,2.927998997620307,7715.976609004429,5764.450271392082
1783301094,100,,Aggregated,45.300000,0.000000,7,11,14,20,51,79,180,330,7400,7600,7700,12570,0,7,66.30409343061102,2.927998997620307,7715.976609004429,5762.4723150357995
1783301095,100,,Aggregated,45.300000,0.000000,7,11,14,20,51,79,180,330,7400,7600,7700,12621,0,7,66.08692094634327,2.927998997620307,7715.976609004429,5762.615640599001
1783301096,100,,Aggregated,44.300000,0.000000,7,11,14,19,51,79,180,330,7400,7600,7700,12665,0,7,65.9035447725125,2.927998997620307,7715.976609004429,5758.837425977103
1783301097,100,,Aggregated,44.100000,0.000000,7,11,14,19,51,79,180,330,7400,7600,7700,12703,0,7,65.73572040146783,2.927998997620307,7715.976609004429,5761.960481775958
1783301098,100,,Aggregated,44.600000,0.000000,7,11,14,19,51,79,180,330,7400,7600,7700,12752,0,7,65.57601108444892,2.927998997620307,7715.976609004429,5752.386606022585
1783301099,100,,Aggregated,43.900000,0.000000,7,11,14,19,51,79,180,330,7400,7600,7700,12796,0,7,65.3899213938632,2.927998997620307,7715.976609004429,5748.480697092841
1783301100,100,,Aggregated,44.000000,0.000000,7,11,14,19,51,79,180,330,7400,7600,7700,12843,0,7,65.20057306851108,2.927998997620307,7715.976609004429,5743.581951257494
1783301101,100,,Aggregated,44.500000,0.000000,7,11,14,19,51,78,180,330,7400,7600,7700,12885,0,7,65.02386522847642,2.927998997620307,7715.976609004429,5745.573302289484
1783301102,100,,Aggregated,44.100000,0.000000,7,11,14,19,50,78,180,330,7400,7600,7700,12932,0,7,64.82776105474319,2.927998997620307,7715.976609004429,5746.576399628828
1783301103,100,,Aggregated,44.200000,0.000000,7,11,14,19,51,78,180,330,7400,7600,7700,12981,0,7,64.63814342376794,2.927998997620307,7715.976609004429,5741.924967259842
1783301104,100,,Aggregated,44.500000,0.000000,7,11,14,19,50,78,180,330,7400,7600,7700,13018,0,7,64.47657826439645,2.927998997620307,7715.976609004429,5747.5570748194805
1783301105,100,,Aggregated,44.400000,0.000000,7,11,14,19,50,78,180,330,7400,7600,7700,13062,0,7,64.29137284711207,2.927998997620307,7715.976609004429,5747.331113152656
1783301106,100,,Aggregated,45.200000,0.000000,7,11,14,19,50,78,180,320,7400,7600,7700,13116,0,7,64.08457972163518,2.927998997620307,7715.976609004429,5745.830741079598
1783301107,100,,Aggregated,44.200000,0.000000,7,11,14,19,50,77,180,320,7400,7600,7700,13169,0,7,63.88753725703603,2.927998997620307,7715.976609004429,5753.028324094465
1783301108,100,,Aggregated,44.800000,0.000000,7,11,14,19,50,77,180,320,7400,7600,7700,13206,0,7,63.745229298417314,2.927998997620307,7715.976609004429,5756.572467060427
1783301109,100,,Aggregated,45.600000,0.000000,7,11,14,19,50,77,180,320,7400,7600,7700,13261,0,7,63.53416169760099,2.927998997620307,7715.976609004429,5758.738179624463
1783301110,100,,Aggregated,45.300000,0.000000,7,11,14,19,50,77,170,320,7400,7600,7700,13304,0,7,63.3790369580443,2.927998997620307,7715.976609004429,5760.951668671077
1783301111,100,,Aggregated,45.500000,0.000000,7,11,14,19,50,77,170,320,7400,7600,7700,13341,0,7,63.23591703379675,2.927998997620307,7715.976609004429,5764.300727081928
1783301112,100,,Aggregated,45.200000,0.000000,7,11,14,19,50,77,170,320,7400,7600,7700,13389,0,7,63.0621856988441,2.927998997620307,7715.976609004429,5769.0764806931065
1783301113,100,,Aggregated,45.900000,0.000000,7,11,14,19,50,77,170,310,7400,7600,7700,13433,0,7,62.9032614903489,2.927998997620307,7715.976609004429,5768.764088438919
1783301114,100,,Aggregated,45.600000,0.000000,7,11,14,19,50,77,170,310,7400,7600,7700,13486,0,7,62.73564254759408,2.927998997620307,7715.976609004429,5771.101957585644
1783301115,100,,Aggregated,45.300000,0.000000,7,11,14,19,50,77,170,300,7400,7600,7700,13528,0,7,62.57839243139086,2.927998997620307,7715.976609004429,5765.467696629214
1783301116,100,,Aggregated,45.900000,0.000000,7,11,14,19,50,77,170,300,7400,7600,7700,13573,0,7,62.41990404323758,2.927998997620307,7715.976609004429,5759.662270684447
1783301117,100,,Aggregated,45.900000,0.000000,7,11,14,19,50,76,170,300,7400,7600,7700,13616,0,7,62.25855849954975,2.927998997620307,7715.976609004429,5760.472091656874
1783301118,100,,Aggregated,45.900000,0.000000,7,11,14,19,50,76,170,300,7400,7600,7700,13661,0,7,62.09230988938318,2.927998997620307,7715.976609004429,5759.819632530562
1783301119,100,,Aggregated,45.100000,0.000000,7,11,14,19,50,76,170,290,7400,7600,7700,13706,0,7,61.92403601902959,2.927998997620307,7715.976609004429,5763.074274040566
1783301120,100,,Aggregated,45.400000,0.000000,7,11,14,19,50,76,170,290,7400,7600,7700,13757,0,7,61.74393592773701,2.927998997620307,7715.976609004429,5760.626808170386
1783301121,100,,Aggregated,44.500000,0.000000,7,11,14,19,50,76,170,290,7400,7600,7700,13800,0,7,61.59479794831988,2.927998997620307,7715.976609004429,5756.530144927537
1783301122,100,,Aggregated,45.300000,0.000000,7,11,14,19,50,76,170,290,7400,7600,7700,13850,0,7,61.427260107425504,2.927998997620307,7715.976609004429,5753.201155234657
1783301123,100,,Aggregated,45.700000,0.000000,7,11,14,19,50,76,170,290,7400,7600,7700,13896,0,7,61.28274018486369,2.927998997620307,7715.976609004429,5752.891623488774
1783301124,100,,Aggregated,45.400000,0.000000,7,11,14,19,49,76,170,290,7400,7600,7700,13941,0,7,61.11671081743278,2.927998997620307,7715.976609004429,5757.517466465821
1783301125,100,,Aggregated,46.300000,0.000000,7,11,14,19,49,76,170,290,7400,7600,7700,13985,0,7,60.967509699807664,2.927998997620307,7715.976609004429,5757.9443689667505
1783301126,100,,Aggregated,45.700000,0.000000,7,11,14,19,49,76,170,280,7400,7600,7700,14037,0,7,60.793345779497635,2.927998997620307,7715.976609004429,5750.798247488779
1783301127,100,,Aggregated,45.700000,0.000000,7,11,14,19,49,76,170,280,7400,7600,7700,14082,0,7,60.639859011344214,2.927998997620307,7715.976609004429,5750.000639113762
1783301128,100,,Aggregated,46.200000,0.000000,7,11,14,18,49,75,170,280,7400,7600,7700,14133,0,7,60.467854689717065,2.927998997620307,7715.976609004429,5746.73324842567
1783301129,100,,Aggregated,46.500000,0.000000,7,11,14,18,49,75,170,280,7400,7600,7700,14171,0,7,60.343754546026894,2.927998997620307,7715.976609004429,5745.863524098511
1783301130,100,,Aggregated,46.300000,0.000000,7,11,14,19,49,75,170,280,7400,7600,7700,14218,0,7,60.210949317888016,2.927998997620307,7715.976609004429,5743.453861302574
1783301131,100,,Aggregated,47.300000,0.000000,7,11,14,19,49,75,170,280,7400,7600,7700,14268,0,7,60.05458560398847,2.927998997620307,7715.976609004429,5738.455494813569
1783301132,100,,Aggregated,46.200000,0.000000,7,11,14,18,49,75,170,280,7400,7600,7700,14307,0,7,59.9173809906851,2.927998997620307,7715.976609004429,5736.8842524638285
1783301133,100,,Aggregated,46.300000,0.000000,7,11,14,18,49,75,170,280,7400,7600,7700,14357,0,7,59.76553461333875,2.927998997620307,7715.976609004429,5740.460054328899
1783301134,100,,Aggregated,45.900000,0.000000,7,11,14,18,49,75,170,270,7400,7600,7700,14404,0,7,59.62542030732065,2.927998997620307,7715.976609004429,5734.227645098584
1783301135,100,,Aggregated,46.100000,0.000000,7,11,14,18,49,75,170,270,7400,7600,7700,14446,0,7,59.49083689316295,2.927998997620307,7715.976609004429,5736.925446490378
1783301136,100,,Aggregated,45.700000,0.000000,7,11,14,18,49,75,170,270,7400,7600,7700,14499,0,7,59.33673641517232,2.927998997620307,7715.976609004429,5741.423270570384
1783301137,100,,Aggregated,45.400000,0.000000,7,11,14,18,49,74,170,270,7400,7600,7700,14539,0,7,59.21023760317628,2.927998997620307,7715.976609004429,5738.498108535663
1783301138,100,,Aggregated,45.600000,0.000000,7,11,14,18,49,74,170,270,7400,7600,7700,14580,0,7,59.0771427761728,2.927998997620307,7715.976609004429,5734.722222222223
1783301139,100,,Aggregated,45.100000,0.000000,7,11,14,18,49,74,160,270,7400,7600,7700,14619,0,7,58.95957641066938,2.927998997620307,7715.976609004429,5736.256720705931
1783301140,100,,Aggregated,44.800000,0.000000,7,11,14,18,49,74,160,270,7400,7600,7700,14671,0,7,58.80646491919627,2.927998997620307,7715.976609004429,5742.706563969737
1783301141,100,,Aggregated,44.000000,0.000000,7,11,14,18,49,74,160,270,7400,7600,7700,14714,0,7,58.674700764750774,2.927998997620307,7715.976609004429,5743.678537447329
1783301142,100,,Aggregated,44.700000,0.000000,7,11,14,18,49,74,160,270,7400,7600,7700,14760,0,7,58.53213602300472,2.927998997620307,7715.976609004429,5740.935907859079
1783301143,100,,Aggregated,44.800000,0.000000,7,11,14,18,49,74,160,270,7400,7600,7700,14806,0,7,58.413505920206525,2.927998997620307,7715.976609004429,5739.2060651087395
1783301144,100,,Aggregated,44.700000,0.000000,7,11,14,18,49,74,160,270,7400,7600,7700,14854,0,7,58.269353430829455,2.927998997620307,7715.976609004429,5730.0414029890935
1783301145,100,,Aggregated,44.600000,0.000000,7,11,14,18,49,74,160,270,7400,7600,7700,14889,0,7,58.19393280015723,2.927998997620307,7715.976609004429,5725.567936060179
1783301146,100,,Aggregated,45.100000,0.000000,7,11,14,18,49,74,160,270,7400,7600,7700,14942,0,7,58.02848868561547,2.927998997620307,7715.976609004429,5720.831816356579
1783301147,100,,Aggregated,45.200000,0.000000,7,11,14,18,49,74,160,270,7400,7600,7700,14983,0,7,57.91229206463661,2.927998997620307,7715.976609004429,5722.103984515785
1783301148,100,,Aggregated,44.500000,0.000000,7,11,14,18,49,74,160,270,7400,7600,7700,15036,0,7,57.775403315805164,2.927998997620307,7715.976609004429,5720.8419127427505
1783301149,100,,Aggregated,44.800000,0.000000,7,11,14,18,49,74,160,270,7400,7600,7700,15077,0,7,57.67325009427826,2.927998997620307,7715.976609004429,5717.076474099622
1783301150,100,,Aggregated,46.000000,0.000000,7,11,14,18,49,74,160,260,7400,7600,7700,15123,0,7,57.528560244293296,2.927998997620307,7715.976609004429,5720.100575282682
1783301151,100,,Aggregated,45.800000,0.000000,7,11,14,18,49,74,160,260,7400,7600,7700,15173,0,7,57.39012981852032,2.927998997620307,7715.976609004429,5720.158768865748
1783301152,100,,Aggregated,45.200000,0.000000,7,11,14,18,49,74,160,260,7400,7600,7700,15217,0,7,57.26866491387155,2.927998997620307,7715.976609004429,5718.514818952487
1783301153,100,,Aggregated,45.400000,0.000000,7,11,14,18,49,74,160,260,7400,7600,7700,15263,0,7,57.13358252403315,2.927998997620307,7715.976609004429,5718.207495249951
1783301154,100,,Aggregated,45.500000,0.000000,7,11,14,18,49,74,160,260,7400,7600,7700,15313,0,7,56.984783613745535,2.927998997620307,7715.976609004429,5721.1921896427875
1783301155,100,,Aggregated,45.300000,0.000000,7,11,14,18,49,74,160,260,7400,7600,7700,15360,0,7,56.865381796184046,2.927998997620307,7715.976609004429,5719.7234375
1783301156,100,,Aggregated,44.900000,0.000000,7,11,14,18,49,73,160,260,7400,7600,7700,15397,0,7,56.76097211907836,2.927998997620307,7715.976609004429,5720.310255244528
1783301157,100,,Aggregated,46.000000,0.000000,7,11,14,18,49,73,160,260,7400,7600,7700,15447,0,7,56.61604871246661,2.927998997620307,7715.976609004429,5722.5252152521525
1783301158,100,,Aggregated,45.000000,0.000000,7,11,14,18,49,73,160,260,7400,7600,7700,15493,0,7,56.52822384622197,2.927998997620307,7715.976609004429,5721.10675789066
1783301159,100,,Aggregated,46.300000,0.000000,7,11,14,18,49,73,150,250,7400,7600,7700,15535,0,7,56.40340755503798,2.927998997620307,7715.976609004429,5720.446733183135
1783301160,100,,Aggregated,45.200000,0.000000,7,11,14,18,49,73,150,250,7400,7600,7700,15582,0,7,56.275659687623744,2.927998997620307,7715.976609004429,5721.525093056091
1783301161,100,,Aggregated,46.100000,0.000000,7,11,14,18,49,73,150,250,7400,7600,7700,15622,0,7,56.169098347683025,2.927998997620307,7715.976609004429,5718.329279221611
1783301162,100,,Aggregated,46.100000,0.000000,7,11,14,18,49,73,150,250,7400,7600,7700,15680,0,7,56.025979491423826,2.927998997620307,7715.976609004429,5714.229655612245
1783301163,100,,Aggregated,44.600000,0.000000,7,11,14,18,49,73,150,250,7400,7600,7700,15723,0,7,55.90936971357379,2.927998997620307,7715.976609004429,5710.944476244991
1783301164,100,,Aggregated,45.600000,0.000000,7,11,14,18,49,73,150,250,7400,7600,7700,15766,0,7,55.784440937109856,2.927998997620307,7715.976609004429,5716.61588227832
1783301165,100,,Aggregated,45.600000,0.000000,7,11,14,18,49,73,150,250,7400,7600,7700,15816,0,7,55.64593982280671,2.927998997620307,7715.976609004429,5711.101922104198
1783301166,100,,Aggregated,46.100000,0.000000,7,11,14,18,49,73,150,250,7400,7600,7700,15861,0,7,55.530335751817496,2.927998997620307,7715.976609004429,5705.58621776685
1783301167,100,,Aggregated,45.900000,0.000000,7,11,14,18,49,73,150,250,7400,7600,7700,15912,0,7,55.38276934386347,2.927998997620307,7715.976609004429,5705.936211664153
1783301168,100,,Aggregated,46.400000,0.000000,7,11,14,18,49,73,150,250,7400,7600,7700,15961,0,7,55.270915442676305,2.927998997620307,7715.976609004429,5705.836789674832
1783301169,100,,Aggregated,46.200000,0.000000,7,11,14,18,49,73,150,250,7400,7600,7700,16005,0,7,55.15440149843808,2.927998997620307,7715.976609004429,5708.024742268041
1783301170,100,,Aggregated,46.500000,0.000000,7,11,14,18,49,73,150,250,7400,7600,7700,16052,0,7,55.04999555217677,2.927998997620307,7715.976609004429,5710.946174931472
1783301171,100,,Aggregated,46.000000,0.000000,7,11,14,18,49,73,150,250,7400,7600,7700,16102,0,7,54.93475387774727,2.927998997620307,7715.976609004429,5712.610669482052
1783301172,100,,Aggregated,46.000000,0.000000,7,11,14,18,49,73,150,250,7400,7600,7700,16138,0,7,54.838372528535146,2.927998997620307,7715.976609004429,5710.861754864295
1783301173,100,,Aggregated,47.600000,0.000000,7,11,14,18,49,73,150,250,7400,7600,7700,16190,0,7,54.72139544122628,2.927998997620307,7715.976609004429,5710.5371216800495
1783301174,100,,Aggregated,46.700000,0.000000,7,11,14,18,49,72,150,250,7400,7600,7700,16234,0,7,54.597517957031926,2.927998997620307,7715.976609004429,5711.897807071578
1783301175,100,,Aggregated,46.800000,0.000000,7,11,14,18,49,72,150,250,7400,7600,7700,16275,0,7,54.49284714810799,2.927998997620307,7715.976609004429,5708.054500768049
1783301176,100,,Aggregated,46.100000,0.000000,7,11,14,18,49,72,150,250,7400,7600,7700,16320,0,7,54.376201219570156,2.927998997620307,7715.976609004429,5706.685661764706
1783301177,100,,Aggregated,45.900000,0.000000,7,11,14,18,49,72,150,250,7400,7600,7700,16372,0,7,54.260835700482474,2.927998997620307,7715.976609004429,5703.280478866357
1783301178,100,,Aggregated,46.200000,0.000000,7,11,14,18,49,72,150,240,7400,7600,7700,16421,0,7,54.13898211901031,2.927998997620307,7715.976609004429,5706.218257109798
1783301179,100,,Aggregated,45.200000,0.000000,7,11,14,18,49,72,150,240,7400,7600,7700,16463,0,7,54.04768109750933,2.927998997620307,7715.976609004429,5704.368948551297
1783301180,100,,Aggregated,45.100000,0.000000,7,11,14,18,49,72,140,240,7400,7600,7700,16515,0,7,53.919322470494976,2.927998997620307,7715.976609004429,5700.229306690887
1783301181,100,,Aggregated,45.500000,0.000000,7,11,14,18,49,72,140,240,7400,7600,7700,16555,0,7,53.81965085534739,2.927998997620307,7715.976609004429,5704.685049833887
1783301182,100,,Aggregated,46.400000,0.000000,7,11,14,18,49,72,140,240,7400,7600,7700,16609,0,7,53.68595525867906,2.927998997620307,7715.976609004429,5702.890300439521
1783301183,100,,Aggregated,46.000000,0.000000,7,11,14,18,49,72,140,240,7400,7600,7700,16653,0,7,53.571327364944,2.927998997620307,7715.976609004429,5709.8512580315855
1783301184,100,,Aggregated,45.900000,0.000000,7,11,14,18,48,72,140,240,7400,7600,7700,16703,0,7,53.454738496520754,2.927998997620307,7715.976609004429,5710.16835299048
1783301185,100,,Aggregated,46.400000,0.000000,7,11,14,18,48,72,140,240,7400,7600,7700,16747,0,7,53.35037539657115,2.927998997620307,7715.976609004429,5714.539439899683
1783301186,100,,Aggregated,46.100000,0.000000,7,11,14,18,48,72,140,240,7400,7600,7700,16791,0,7,53.25548873917041,2.927998997620307,7715.976609004429,5713.119290095885
1783301187,100,,Aggregated,46.200000,0.000000,7,11,14,18,48,72,140,240,7400,7600,7700,16839,0,7,53.13414430111125,2.927998997620307,7715.976609004429,5714.463151018469
1783301188,100,,Aggregated,46.300000,0.000000,7,11,14,18,48,71,140,240,7400,7600,7700,16891,0,7,53.016925465363784,2.927998997620307,7715.976609004429,5712.684743354449
1783301189,100,,Aggregated,46.300000,0.000000,7,11,14,18,48,71,140,240,7400,7600,7700,16933,0,7,52.91228406251083,2.927998997620307,7715.976609004429,5710.343589440737
1783301190,100,,Aggregated,46.700000,0.000000,7,11,14,18,48,71,140,240,7400,7600,7700,16969,0,7,52.830815930195996,2.927998997620307,7715.976609004429,5706.478342860511
1783301191,100,,Aggregated,46.700000,0.000000,7,11,14,18,48,71,140,240,7300,7600,7700,17018,0,7,52.718539306526075,2.927998997620307,7715.976609004429,5708.3534492889885
1783301192,100,,Aggregated,46.000000,0.000000,7,11,14,18,48,71,140,240,7300,7600,7700,17063,0,7,52.619558098663454,2.927998997620307,7715.976609004429,5712.974213209869
1783301193,100,,Aggregated,45.500000,0.000000,7,11,14,18,48,71,140,240,7300,7600,7700,17108,0,7,52.50426578089276,2.927998997620307,7715.976609004429,5710.508650923544
1783301194,100,,Aggregated,45.400000,0.000000,7,11,14,18,48,71,140,240,7300,7600,7700,17148,0,7,52.42207062774064,2.927998997620307,7715.976609004429,5709.046769302543
1783301195,100,,Aggregated,44.800000,0.000000,7,11,14,18,48,71,140,240,7300,7600,7700,17197,0,7,52.31469960222146,2.927998997620307,7715.976609004429,5707.961795662034
1783301196,100,,Aggregated,45.800000,0.000000,7,11,14,18,48,71,140,240,7300,7600,7700,17250,0,7,52.20463782993982,2.927998997620307,7715.976609004429,5705.6104347826085
1783301197,100,,Aggregated,44.800000,0.000000,7,11,14,18,48,71,140,240,7300,7600,7700,17290,0,7,52.11904944681462,2.927998997620307,7715.976609004429,5705.162116830538
1783301198,100,,Aggregated,44.900000,0.000000,7,11,14,18,48,71,140,240,7300,7600,7700,17334,0,7,52.025992667900624,2.927998997620307,7715.976609004429,5708.101938386985
1783301199,100,,Aggregated,46.000000,0.000000,7,11,14,18,48,71,140,240,7300,7600,7700,17379,0,7,51.92460424405658,2.927998997620307,7715.976609004429,5710.227170723287
1783301200,100,,Aggregated,45.300000,0.000000,7,11,14,18,48,71,140,230,7300,7600,7700,17422,0,7,51.827184927248354,2.927998997620307,7715.976609004429,5709.813511651934
1783301201,100,,Aggregated,44.800000,0.000000,7,11,14,18,48,71,140,230,7300,7600,7700,17469,0,7,51.7229080729004,2.927998997620307,7715.976609004429,5709.008701127712
1783301202,100,,Aggregated,44.100000,0.000000,7,11,14,18,48,71,140,230,7300,7600,7700,17514,0,7,51.62082620552198,2.927998997620307,7715.976609004429,5707.9938335046245
1783301203,100,,Aggregated,44.600000,0.000000,7,11,14,18,48,71,140,230,7300,7600,7700,17563,0,7,51.5072492825517,2.927998997620307,7715.976609004429,5711.543642885612
1783301204,100,,Aggregated,45.500000,0.000000,7,11,14,18,48,70,140,230,7300,7600,7700,17604,0,7,51.42035318208399,2.927998997620307,7715.976609004429,5715.637866394001
1783301205,100,,Aggregated,45.400000,0.000000,7,11,14,18,48,70,140,230,7300,7600,7700,17652,0,7,51.31231881941707,2.927998997620307,7715.976609004429,5715.876954452753
1783301206,100,,Aggregated,44.600000,0.000000,7,11,14,18,48,70,140,230,7300,7600,7700,17693,0,7,51.224035543797015,2.927998997620307,7715.976609004429,5713.969027298932
1783301207,100,,Aggregated,45.200000,0.000000,7,11,14,18,48,70,140,230,7300,7600,7700,17730,0,7,51.144117313445435,2.927998997620307,7715.976609004429,5713.29780033841
1783301208,100,,Aggregated,45.300000,0.000000,7,11,14,18,48,70,130,230,7300,7600,7700,17779,0,7,51.038117507419095,2.927998997620307,7715.976609004429,5721.593002981045
1783301209,100,,Aggregated,44.400000,0.000000,7,11,14,18,47,70,130,230,7300,7600,7700,17824,0,7,50.935408970962854,2.927998997620307,7715.976609004429,5720.338195691203
1783301210,100,,Aggregated,44.100000,0.000000,7,11,14,18,47,70,130,230,7300,7600,7700,17870,0,7,50.844031848596224,2.927998997620307,7715.976609004429,5716.396306659205
1783301211,100,,Aggregated,44.200000,0.000000,7,11,14,18,47,70,130,230,7300,7600,7700,17916,0,7,50.75174664330499,2.927998997620307,7715.976609004429,5710.715617325296
1783301212,100,,Aggregated,45.000000,0.000000,7,11,14,18,47,70,130,230,7300,7600,7700,17966,0,7,50.65172531295084,2.927998997620307,7715.976609004429,5711.571746632528
1783301213,100,,Aggregated,44.400000,0.000000,7,11,14,18,47,70,130,230,7300,7600,7700,18012,0,7,50.546672268125384,2.927998997620307,7715.976609004429,5712.486397956917
1783301214,100,,Aggregated,44.300000,0.000000,7,11,14,18,47,70,130,230,7300,7600,7700,18054,0,7,50.466871809429136,2.927998997620307,7715.976609004429,5713.704940733355
1783301215,100,,Aggregated,44.700000,0.000000,7,11,14,18,47,70,130,230,7300,7600,7700,18101,0,7,50.36298067606197,2.927998997620307,7715.976609004429,5713.714048947572
1783301216,100,,Aggregated,45.300000,0.000000,7,11,14,18,47,70,130,230,7300,7600,7700,18147,0,7,50.26604423802686,2.927998997620307,7715.976609004429,5713.188791535791
1783301217,100,,Aggregated,44.800000,0.000000,7,11,14,18,47,69,130,230,7300,7600,7700,18193,0,7,50.171061542817405,2.927998997620307,7715.976609004429,5713.184906282636
1783301218,100,,Aggregated,44.400000,0.000000,7,11,14,18,47,70,130,230,7300,7600,7700,18239,0,7,50.10018633770614,2.927998997620307,7715.976609004429,5711.557267394046
1783301219,100,,Aggregated,44.800000,0.000000,7,11,14,18,47,70,130,230,7300,7600,7700,18277,0,7,50.0255424778906,2.927998997620307,7715.976609004429,5709.808830770914
1783301220,100,,Aggregated,45.700000,0.000000,7,11,14,18,47,69,130,230,7300,7600,7700,18326,0,7,49.92500559082343,2.927998997620307,7715.976609004429,5714.403634180945
1783301221,100,,Aggregated,44.900000,0.000000,7,11,14,18,47,69,130,230,7300,7600,7700,18368,0,7,49.84180186914381,2.927998997620307,7715.976609004429,5711.14694033101
1783301222,100,,Aggregated,45.400000,0.000000,7,11,14,18,47,69,130,230,7300,7600,7700,18410,0,7,49.762864098013424,2.927998997620307,7715.976609004429,5711.064367191743
1783301223,100,,Aggregated,45.400000,0.000000,7,11,14,18,47,69,130,230,7300,7600,7700,18455,0,7,49.67949496030684,2.927998997620307,7715.976609004429,5708.708371714983
1783301224,100,,Aggregated,44.400000,0.000000,7,11,14,18,47,69,130,230,7300,7600,7700,18510,0,7,49.578758606402815,2.927998997620307,7715.976609004429,5709.797244732577
1783301225,100,,Aggregated,44.900000,0.000000,7,11,14,18,47,69,130,230,7300,7600,7700,18558,0,7,49.48602561841597,2.927998997620307,7715.976609004429,5710.356827244315
1783301226,100,,Aggregated,44.600000,0.000000,7,11,14,18,47,69,130,230,7300,7600,7700,18590,0,7,49.417862744679155,2.927998997620307,7715.976609004429,5709.063259817106
1783301227,100,,Aggregated,45.300000,0.000000,7,11,14,17,47,69,130,230,7300,7600,7700,18645,0,7,49.31148250864228,2.927998997620307,7715.976609004429,5707.3290962724595
1783301228,100,,Aggregated,45.500000,0.000000,7,11,14,17,47,69,130,230,7300,7600,7700,18683,0,7,49.2307654923499,2.927998997620307,7715.976609004429,5711.923459829792
1783301229,100,,Aggregated,44.600000,0.000000,7,11,14,17,47,69,130,220,7300,7600,7700,18727,0,7,49.14783235673642,2.927998997620307,7715.976609004429,5715.256741603033
1783301230,100,,Aggregated,44.700000,0.000000,7,11,14,17,47,69,130,220,7300,7600,7700,18783,0,7,49.057135376435255,2.927998997620307,7715.976609004429,5712.152052387797
1783301231,100,,Aggregated,44.700000,0.000000,7,11,14,17,47,69,130,220,7300,7600,7700,18823,0,7,48.97340132123268,2.927998997620307,7715.976609004429,5713.4594379216915
1783301232,100,,Aggregated,44.200000,0.000000,7,11,14,17,47,69,130,220,7300,7600,7700,18870,0,7,48.87969600691985,2.927998997620307,7715.976609004429,5711.39915209327
1783301233,100,,Aggregated,45.700000,0.000000,7,11,14,17,47,69,130,220,7300,7600,7700,18913,0,7,48.792316707269215,2.927998997620307,7715.976609004429,5714.293713318882
1783301234,100,,Aggregated,46.200000,0.000000,7,11,14,17,47,68,130,220,7300,7600,7700,18965,0,7,48.70248583683841,2.927998997620307,7715.976609004429,5713.174637490113
1783301235,100,,Aggregated,44.900000,0.000000,7,11,14,17,47,68,130,220,7300,7600,7700,19010,0,7,48.62261587957098,2.927998997620307,7715.976609004429,5711.2689110994215
1783301236,100,,Aggregated,45.400000,0.000000,7,11,14,17,47,68,120,220,7300,7600,7700,19056,0,7,48.53957465384522,2.927998997620307,7715.976609004429,5714.238140218304
1783301237,100,,Aggregated,45.400000,0.000000,7,11,14,17,47,68,120,220,7300,7600,7700,19098,0,7,48.45666261182553,2.927998997620307,7715.976609004429,5714.4485810032465
1783301238,100,,Aggregated,45.500000,0.000000,7,11,14,17,47,68,120,220,7300,7600,7700,19147,0,7,48.3719478426715,2.927998997620307,7715.976609004429,5718.578471823262
1783301240,100,,Aggregated,45.200000,0.000000,7,11,14,18,47,69,130,220,7300,7600,7700,19210,0,7,48.376119279209995,2.927998997620307,7715.976609004429,5719.621395106716
1783301241,100,,Aggregated,45.500000,0.000000,7,11,14,17,47,69,130,220,7300,7600,7700,19257,0,7,48.28567974885161,2.927998997620307,7715.976609004429,5721.009866542036
1783301242,100,,Aggregated,46.300000,0.000000,7,11,14,18,47,69,130,220,7300,7600,7700,19300,0,7,48.21962544417755,2.927998997620307,7715.976609004429,5717.543678756477
1783301243,100,,Aggregated,45.700000,0.000000,7,11,14,18,47,69,120,220,7300,7600,7700,19356,0,7,48.130458074790326,2.927998997620307,7715.976609004429,5719.005734655921
1783301244,100,,Aggregated,45.100000,0.000000,7,11,14,18,47,69,120,220,7300,7600,7700,19400,0,7,48.036707589413595,2.927998997620307,7715.976609004429,5718.796340206186
1783301245,100,,Aggregated,46.300000,0.000000,7,11,14,18,47,69,120,220,7300,7600,7700,19445,0,7,47.96243231769932,2.927998997620307,7715.976609004429,5719.401285677552
1783301246,100,,Aggregated,46.000000,0.000000,7,11,14,18,47,69,120,220,7300,7600,7700,19483,0,7,47.895834869045146,2.927998997620307,7715.976609004429,5726.749011959144
1783301247,100,,Aggregated,46.400000,0.000000,7,11,14,17,47,69,120,220,7300,7600,7700,19541,0,7,47.78016690975512,2.927998997620307,7715.976609004429,5724.909370042475
1783301248,100,,Aggregated,45.200000,0.000000,7,11,14,17,47,69,120,220,7300,7600,7700,19586,0,7,47.71418132392964,2.927998997620307,7715.976609004429,5724.393954865721
1783301249,100,,Aggregated,45.700000,0.000000,7,11,14,17,47,69,120,220,7300,7600,7700,19628,0,7,47.6444122798818,2.927998997620307,7715.976609004429,5720.573313633585
1783301250,100,,Aggregated,46.300000,0.000000,7,11,14,18,47,68,120,220,7300,7600,7700,19678,0,7,47.56571456446469,2.927998997620307,7715.976609004429,5716.892468746824
1783301251,100,,Aggregated,47.200000,0.000000,7,11,14,18,47,68,120,220,7300,7600,7700,19720,0,7,47.497731060725556,2.927998997620307,7715.976609004429,5715.9829107505075
1783301252,100,,Aggregated,46.800000,0.000000,7,11,14,18,47,68,120,220,7300,7600,7700,19766,0,7,47.422343449233985,2.927998997620307,7715.976609004429,5716.463927957098
1783301253,100,,Aggregated,45.300000,0.000000,7,11,14,18,47,68,120,220,7300,7600,7700,19817,0,7,47.34105889623047,2.927998997620307,7715.976609004429,5715.991471968512
1783301254,100,,Aggregated,46.000000,0.000000,7,11,14,18,47,68,120,220,7300,7600,7700,19867,0,7,47.26037914026449,2.927998997620307,7715.976609004429,5713.054864851261
1783301255,100,,Aggregated,45.100000,0.000000,7,11,14,18,47,68,120,220,7300,7600,7700,19909,0,7,47.18030789053502,2.927998997620307,7715.976609004429,5713.05947059119
1783301256,100,,Aggregated,46.400000,0.000000,7,11,14,17,47,68,120,220,7300,7600,7700,19958,0,7,47.097446702455464,2.927998997620307,7715.976609004429,5713.005762100411
1783301257,100,,Aggregated,45.200000,0.000000,7,11,14,17,47,68,120,210,7300,7600,7700,20006,0,7,47.028415438748894,2.927998997620307,7715.976609004429,5713.1121163650905
1783301258,100,,Aggregated,46.800000,0.000000,7,11,14,17,47,68,120,210,7300,7600,7700,20046,0,7,46.96580847269402,2.927998997620307,7715.976609004429,5714.051331936546
1783301259,100,,Aggregated,47.300000,0.000000,7,11,14,17,47,68,120,210,7300,7600,7700,20092,0,7,46.87597053352572,2.927998997620307,7715.976609004429,5711.421710133386
1783301260,100,,Aggregated,45.800000,0.000000,7,11,14,17,47,68,120,210,7300,7600,7700,20135,0,7,46.81074443087334,2.927998997620307,7715.976609004429,5713.091929476037
1783301261,100,,Aggregated,45.800000,0.000000,7,11,14,17,47,68,120,210,7300,7600,7700,20184,0,7,46.72767362627158,2.927998997620307,7715.976609004429,5717.687128418549
1783301262,100,,Aggregated,45.100000,0.000000,7,11,14,17,47,68,120,210,7300,7600,7700,20224,0,7,46.66341856421506,2.927998997620307,7715.976609004429,5717.5842563291135
1783301263,100,,Aggregated,46.700000,0.000000,7,11,14,17,47,68,120,210,7300,7600,7700,20276,0,7,46.58388776709788,2.927998997620307,7715.976609004429,5714.0590353126845
1783301264,100,,Aggregated,46.000000,0.000000,7,11,14,17,47,68,120,210,7300,7600,7700,20322,0,7,46.50156053856562,2.927998997620307,7715.976609004429,5714.832053931699
1783301265,100,,Aggregated,46.700000,0.000000,7,11,14,17,47,68,120,210,7300,7600,7700,20365,0,7,46.43334117769203,2.927998997620307,7715.976609004429,5712.5988215074885
1783301266,100,,Aggregated,45.400000,0.000000,7,11,14,17,47,68,120,210,7300,7600,7700,20408,0,7,46.363022279239544,2.927998997620307,7715.976609004429,5713.8798020384165
1783301267,100,,Aggregated,45.900000,0.000000,7,11,14,17,47,68,120,210,7300,7600,7700,20451,0,7,46.291641888790444,2.927998997620307,7715.976609004429,5711.53552393526
1783301268,100,,Aggregated,45.600000,0.000000,7,11,14,17,47,68,120,210,7300,7600,7700,20502,0,7,46.20978746149931,2.927998997620307,7715.976609004429,5710.301043800605
1783301269,100,,Aggregated,44.200000,0.000000,7,11,14,17,47,68,120,210,7300,7600,7700,20547,0,7,46.14708527812773,2.927998997620307,7715.976609004429,5711.482892879739
1783301270,100,,Aggregated,45.900000,0.000000,7,11,14,17,47,68,120,210,7300,7600,7700,20588,0,7,46.08017819140484,2.927998997620307,7715.976609004429,5711.778414610452
1783301271,100,,Aggregated,45.400000,0.000000,7,11,14,17,47,68,120,210,7300,7600,7700,20644,0,7,45.98999517403334,2.927998997620307,7715.976609004429,5707.48260995931
1783301272,100,,Aggregated,45.600000,0.000000,7,11,14,17,47,68,120,210,7300,7600,7700,20686,0,7,45.93030951231553,2.927998997620307,7715.976609004429,5705.176399497244
1783301273,100,,Aggregated,45.100000,0.000000,7,11,14,17,47,68,120,210,7300,7600,7700,20731,0,7,45.85407476483477,2.927998997620307,7715.976609004429,5707.119145241426
1783301274,100,,Aggregated,45.100000,0.000000,7,11,14,17,47,68,120,210,7300,7600,7700,20780,0,7,45.78680882833458,2.927998997620307,7715.976609004429,5706.134408084697
1783301276,100,,Aggregated,45.600000,0.000000,7,11,14,17,47,68,120,210,7300,7600,7700,20850,0,7,45.855264785123474,2.927998997620307,7715.976609004429,5705.7757314148685
1783301277,100,,Aggregated,43.100000,0.000000,7,11,14,17,47,68,120,210,7300,7600,7700,20886,0,7,45.79940282882576,2.927998997620307,7715.976609004429,5703.779900411759
1783301278,100,,Aggregated,45.000000,0.000000,7,11,14,17,47,68,120,210,7300,7600,7700,20936,0,7,45.73286041263338,2.927998997620307,7715.976609004429,5707.81357470386
1783301279,100,,Aggregated,44.400000,0.000000,7,11,14,17,47,68,120,210,7300,7600,7700,20975,0,7,45.67575782135418,2.927998997620307,7715.976609004429,5707.14126340882
1783301280,100,,Aggregated,44.200000,0.000000,7,11,14,17,47,68,120,210,7300,7600,7700,21022,0,7,45.62913384572416,2.927998997620307,7715.976609004429,5705.758348396917
1783301281,100,,Aggregated,43.900000,0.000000,7,11,14,17,47,68,120,210,7300,7600,7700,21072,0,7,45.56781793184167,2.927998997620307,7715.976609004429,5706.785022779043
1783301282,100,,Aggregated,44.500000,0.000000,7,11,14,17,47,68,120,210,7300,7600,7700,21123,0,7,45.49196481123671,2.927998997620307,7715.976609004429,5707.638308952327
1783301283,100,,Aggregated,44.700000,0.000000,7,11,14,17,47,68,120,210,7300,7600,7700,21164,0,7,45.421257637627555,2.927998997620307,7715.976609004429,5709.793328293328
1783301284,100,,Aggregated,45.800000,0.000000,7,11,14,17,47,68,120,210,7300,7600,7700,21209,0,7,45.361053284255874,2.927998997620307,7715.976609004429,5708.959639775567
1783301285,100,,Aggregated,44.800000,0.000000,7,11,14,17,47,68,120,210,7300,7600,7700,21260,0,7,45.28892501913428,2.927998997620307,7715.976609004429,5711.430526810913
1783301286,100,,Aggregated,44.100000,0.000000,7,11,14,17,47,68,120,210,7300,7600,7700,21300,0,7,45.23103371989736,2.927998997620307,7715.976609004429,5710.789248826291
1783301287,100,,Aggregated,47.300000,0.000000,7,11,14,17,47,68,120,210,7300,7600,7700,21346,0,7,45.161924357198075,2.927998997620307,7715.976609004429,5713.141337955589
1783301288,100,,Aggregated,44.400000,0.000000,7,11,14,17,47,68,120,210,7300,7600,7700,21394,0,7,45.090342322181776,2.927998997620307,7715.976609004429,5712.402309058614
1783301289,100,,Aggregated,45.800000,0.000000,7,11,14,17,47,68,120,210,7300,7600,7700,21446,0,7,45.01428220282171,2.927998997620307,7715.976609004429,5711.415648605801
1783301290,100,,Aggregated,46.100000,0.000000,7,11,14,17,47,68,120,210,7300,7600,7700,21492,0,7,44.949520949037556,2.927998997620307,7715.976609004429,5709.854038712079
1783301291,100,,Aggregated,47.200000,0.000000,7,11,14,17,47,68,120,200,7300,7600,7700,21547,0,7,44.90234037154543,2.927998997620307,7715.976609004429,5710.428226667285
1783301292,100,,Aggregated,46.400000,0.000000,7,11,14,17,47,68,120,200,7300,7600,7700,21599,0,7,44.836181997577626,2.927998997620307,7715.976609004429,5710.273808972637
1783301293,100,,Aggregated,45.700000,0.000000,7,11,14,17,47,68,120,200,7300,7600,7700,21637,0,7,44.78469093874723,2.927998997620307,7715.976609004429,5709.738041318113
1783301294,100,,Aggregated,45.700000,0.000000,7,11,14,17,47,68,120,200,7300,7600,7700,21682,0,7,44.73225533962242,2.927998997620307,7715.976609004429,5706.846877594317
1783301296,100,,Aggregated,46.100000,0.000000,7,11,14,18,47,69,120,200,7300,7600,7700,21759,0,7,44.81681772125029,2.927998997620307,7715.976609004429,5703.701456868423
1783301297,100,,Aggregated,42.900000,0.000000,7,11,14,18,47,69,120,200,7300,7600,7700,21801,0,7,44.76738963312232,2.927998997620307,7715.976609004429,5703.387138204669
1783301298,100,,Aggregated,46.100000,0.000000,7,11,14,18,47,69,120,200,7300,7600,7700,21855,0,7,44.682681434350485,2.927998997620307,7715.976609004429,5702.752184854724
1783301299,100,,Aggregated,45.000000,0.000000,7,11,14,18,47,69,120,200,7300,7600,7700,21890,0,7,44.63306119551202,2.927998997620307,7715.976609004429,5701.7665600730925
1783301300,100,,Aggregated,45.500000,0.000000,7,11,14,18,47,69,120,200,7300,7600,7700,21940,0,7,44.561735216214245,2.927998997620307,7715.976609004429,5697.269416590702
1783301301,100,,Aggregated,43.800000,0.000000,7,11,14,18,47,69,120,200,7300,7600,7700,21986,0,7,44.49401230550063,2.927998997620307,7715.976609004429,5697.019239516056
1783301302,100,,Aggregated,44.900000,0.000000,7,11,14,18,47,69,120,200,7300,7600,7700,22027,0,7,44.434149519714,2.927998997620307,7715.976609004429,5697.050483497525
1783301303,100,,Aggregated,45.100000,0.000000,7,11,14,18,47,69,120,200,7300,7600,7700,22071,0,7,44.387222085437294,2.927998997620307,7715.976609004429,5696.740881699969
1783301304,100,,Aggregated,44.400000,0.000000,7,11,14,18,47,69,120,200,7300,7600,7700,22120,0,7,44.31823588303393,2.927998997620307,7715.976609004429,5695.430922242314
1783301305,100,,Aggregated,44.100000,0.000000,7,11,14,18,47,69,120,200,7300,7600,7700,22160,0,7,44.26303162386036,2.927998997620307,7715.976609004429,5696.363176895306
1783301306,100,,Aggregated,44.400000,0.000000,7,11,14,18,47,69,120,200,7300,7600,7700,22207,0,7,44.19713078857416,2.927998997620307,7715.976609004429,5698.066510559734
1783301307,100,,Aggregated,46.800000,0.000000,7,11,14,17,47,69,120,200,7300,7600,7700,22268,0,7,44.1122572808463,2.927998997620307,7715.976609004429,5697.333662654931
1783301308,100,,Aggregated,44.500000,0.000000,7,11,14,18,47,69,120,200,7300,7600,7700,22302,0,7,44.06806833660283,2.927998997620307,7715.976609004429,5696.741099452964
1783301309,100,,Aggregated,46.600000,0.000000,7,11,14,18,47,69,120,200,7300,7600,7700,22340,0,7,44.021040598429664,2.927998997620307,7715.976609004429,5692.358639212175
1783301310,100,,Aggregated,45.000000,0.000000,7,11,14,18,47,69,120,200,7300,7600,7700,22393,0,7,43.95589721233802,2.927998997620307,7715.976609004429,5691.166480596615
1783301311,100,,Aggregated,45.000000,0.000000,7,11,14,18,47,69,120,200,7300,7600,7700,22432,0,7,43.913195669797794,2.927998997620307,7715.976609004429,5692.281160841655
1783301312,100,,Aggregated,44.100000,0.000000,7,11,14,18,47,69,120,200,7300,7600,7700,22488,0,7,43.8423844103025,2.927998997620307,7715.976609004429,5687.519299181786
1783301313,100,,Aggregated,44.800000,0.000000,7,11,14,17,47,69,120,200,7300,7600,7700,22531,0,7,43.78170118990958,2.927998997620307,7715.976609004429,5686.777905996183
1783301314,100,,Aggregated,45.700000,0.000000,7,11,14,17,47,69,120,200,7300,7600,7700,22571,0,7,43.73605882264165,2.927998997620307,7715.976609004429,5687.837712108458
1783301315,100,,Aggregated,46.100000,0.000000,7,11,14,17,47,68,120,200,7300,7600,7700,22622,0,7,43.66757358146354,2.927998997620307,7715.976609004429,5688.23463884714
1783301316,100,,Aggregated,45.800000,0.000000,7,11,14,17,47,68,120,200,7300,7600,7700,22670,0,7,43.59671828896444,2.927998997620307,7715.976609004429,5690.478120864579
1783301317,100,,Aggregated,46.000000,0.000000,7,11,14,17,47,68,120,200,7300,7600,7700,22711,0,7,43.544101046140106,2.927998997620307,7715.976609004429,5689.494165822729
1783301318,100,,Aggregated,46.100000,0.000000,7,11,14,17,47,68,120,200,7300,7600,7700,22762,0,7,43.47260015288215,2.927998997620307,7715.976609004429,5687.705825498638
1783301319,100,,Aggregated,44.600000,0.000000,7,11,14,17,47,68,120,200,7300,7600,7700,22807,0,7,43.415007293327854,2.927998997620307,7715.976609004429,5687.933748410575
1783301320,100,,Aggregated,45.200000,0.000000,7,11,14,17,47,68,120,200,7300,7600,7700,22857,0,7,43.34337515784717,2.927998997620307,7715.976609004429,5687.442140263377
1783301321,100,,Aggregated,46.500000,0.000000,7,11,14,17,47,68,120,200,7300,7600,7700,22898,0,7,43.30370643780727,2.927998997620307,7715.976609004429,5686.408419949341
1783301322,100,,Aggregated,46.300000,0.000000,7,11,14,17,47,68,120,200,7300,7600,7700,22944,0,7,43.2324465885135,2.927998997620307,7715.976609004429,5685.837996861925
1783301323,100,,Aggregated,46.400000,0.000000,7,11,14,17,47,68,120,200,7300,7600,7700,22986,0,7,43.18011442607603,2.927998997620307,7715.976609004429,5687.920386322109
1783301324,100,,Aggregated,45.600000,0.000000,7,11,14,17,47,68,120,200,7300,7600,7700,23030,0,7,43.12374082908183,2.927998997620307,7715.976609004429,5687.429613547547
1783301325,100,,Aggregated,45.800000,0.000000,7,11,14,17,47,68,120,200,7300,7600,7700,23074,0,7,43.073269836560755,2.927998997620307,7715.976609004429,5686.187700442056
1783301326,100,,Aggregated,44.900000,0.000000,7,11,14,17,47,68,120,200,7300,7600,7700,23121,0,7,43.01097130443435,2.927998997620307,7715.976609004429,5684.864322477401
1783301327,100,,Aggregated,45.300000,0.000000,7,11,14,17,47,68,120,200,7300,7600,7700,23170,0,7,42.96046300102999,2.927998997620307,7715.976609004429,5683.279542511868
1783301328,100,,Aggregated,44.600000,0.000000,7,11,14,17,47,68,120,200,7300,7600,7700,23213,0,7,42.89970312983486,2.927998997620307,7715.976609004429,5678.90923189592
1783301329,100,,Aggregated,46.000000,0.000000,7,11,14,17,47,68,120,200,7300,7600,7700,23253,0,7,42.85104651050931,2.927998997620307,7715.976609004429,5683.854126349288
1783301330,100,,Aggregated,45.000000,0.000000,7,11,14,17,47,68,120,200,7300,7600,7700,23305,0,7,42.787640898213624,2.927998997620307,7715.976609004429,5680.42849173997
1783301331,100,,Aggregated,44.800000,0.000000,7,11,14,17,47,68,120,200,7300,7600,7700,23345,0,7,42.7407191128226,2.927998997620307,7715.976609004429,5680.528335832084
1783301332,100,,Aggregated,44.400000,0.000000,7,11,14,17,47,68,120,200,7300,7600,7700,23393,0,7,42.678453721747964,2.927998997620307,7715.976609004429,5681.0636942675155
1783301333,100,,Aggregated,44.000000,0.000000,7,11,14,17,47,68,120,200,7300,7600,7700,23438,0,7,42.61526707171583,2.927998997620307,7715.976609004429,5682.06672924311
1783301334,100,,Aggregated,44.700000,0.000000,7,11,14,17,47,68,120,200,7300,7600,7700,23488,0,7,42.546366300744396,2.927998997620307,7715.976609004429,5683.55730585831
1783301335,100,,Aggregated,44.600000,0.000000,7,11,14,17,47,68,120,200,7300,7600,7700,23532,0,7,42.48593539090802,2.927998997620307,7715.976609004429,5683.45584735679
1783301336,100,,Aggregated,45.500000,0.000000,7,11,14,17,47,67,120,200,7300,7600,7700,23571,0,7,42.435613928759636,2.927998997620307,7715.976609004429,5683.946671757668
1783301337,100,,Aggregated,45.200000,0.000000,7,11,14,17,47,67,120,200,7300,7600,7700,23625,0,7,42.36907591372445,2.927998997620307,7715.976609004429,5684.5911534391535
1783301338,100,,Aggregated,45.500000,0.000000,7,11,14,17,47,67,110,200,7300,7600,7700,23669,0,7,42.31878769207636,2.927998997620307,7715.976609004429,5685.028349317673
1783301339,100,,Aggregated,44.200000,0.000000,7,11,14,17,47,67,110,200,7300,7600,7700,23715,0,7,42.26178600386913,2.927998997620307,7715.976609004429,5688.889732236981
1783301340,100,,Aggregated,45.600000,0.000000,7,11,14,17,47,67,110,200,7300,7600,7700,23765,0,7,42.195086860796096,2.927998997620307,7715.976609004429,5690.732295392384
1783301341,100,,Aggregated,45.200000,0.000000,7,11,14,17,47,67,110,200,7300,7600,7700,23806,0,7,42.15917663323377,2.927998997620307,7715.976609004429,5690.178106359741
1783301342,100,,Aggregated,46.300000,0.000000,7,11,14,17,47,67,110,200,7300,7600,7700,23856,0,7,42.103209072758936,2.927998997620307,7715.976609004429,5690.640090543259
1783301343,100,,Aggregated,46.200000,0.000000,7,11,14,17,47,67,110,200,7300,7600,7700,23896,0,7,42.04969492922358,2.927998997620307,7715.976609004429,5688.878598928691
1783301344,100,,Aggregated,45.000000,0.000000,7,11,14,17,47,67,110,200,7300,7600,7700,23938,0,7,41.998640893126336,2.927998997620307,7715.976609004429,5689.397777592113
1783301345,100,,Aggregated,45.200000,0.000000,7,11,14,17,47,67,110,200,7300,7600,7700,23979,0,7,41.95005116316716,2.927998997620307,7715.976609004429,5688.653863797489
1783301346,100,,Aggregated,44.800000,0.000000,7,11,14,17,47,67,110,200,7200,7600,7700,24025,0,7,41.89862556023132,2.927998997620307,7715.976609004429,5687.078834547347
1783301347,100,,Aggregated,44.900000,0.000000,7,11,14,17,47,67,110,200,7200,7600,7700,24071,0,7,41.850609388125626,2.927998997620307,7715.976609004429,5686.968385193802
1783301348,100,,Aggregated,44.600000,0.000000,7,11,14,17,47,67,110,190,7200,7600,7700,24118,0,7,41.80908730236845,2.927998997620307,7715.976609004429,5685.1376565221
1783301349,100,,Aggregated,44.900000,0.000000,7,11,14,17,47,67,110,190,7200,7600,7700,24157,0,7,41.76400868768829,2.927998997620307,7715.976609004429,5686.79898166163
1783301350,100,,Aggregated,44.100000,0.000000,7,11,14,17,47,67,110,190,7200,7600,7700,24201,0,7,41.71309288072581,2.927998997620307,7715.976609004429,5685.091814387835
1783301351,100,,Aggregated,44.300000,0.000000,7,11,14,17,47,67,110,190,7200,7600,7700,24249,0,7,41.659646406341324,2.927998997620307,7715.976609004429,5685.320796733886
1783301352,100,,Aggregated,43.800000,0.000000,7,11,14,17,47,67,110,190,7200,7600,7700,24295,0,7,41.60702299692699,2.927998997620307,7715.976609004429,5687.5012965630785
1783301353,100,,Aggregated,43.800000,0.000000,7,11,14,17,47,67,110,190,7200,7600,7700,24338,0,7,41.557596187167775,2.927998997620307,7715.976609004429,5686.798052428301
1783301354,100,,Aggregated,44.400000,0.000000,7,11,14,17,47,67,110,190,7200,7600,7700,24390,0,7,41.49230766257396,2.927998997620307,7715.976609004429,5689.923780237802
1783301355,100,,Aggregated,44.200000,0.000000,7,11,14,17,47,67,110,190,7200,7600,7700,24442,0,7,41.43679300990676,2.927998997620307,7715.976609004429,5691.13043122494
1783301356,100,,Aggregated,45.100000,0.000000,7,11,14,17,47,67,110,190,7200,7600,7700,24481,0,7,41.39654147347831,2.927998997620307,7715.976609004429,5691.6173767411465
1783301357,100,,Aggregated,45.500000,0.000000,7,11,14,17,47,67,110,190,7200,7600,7700,24526,0,7,41.35335319029791,2.927998997620307,7715.976609004429,5689.227880616489
1783301358,100,,Aggregated,45.600000,0.000000,7,11,14,17,47,67,110,190,7200,7600,7700,24570,0,7,41.306260638185236,2.927998997620307,7715.976609004429,5690.089336589336
1783301359,100,,Aggregated,45.100000,0.000000,7,11,14,17,47,67,110,190,7200,7600,7700,24614,0,7,41.250633266807846,2.927998997620307,7715.976609004429,5692.746363857967
1783301360,100,,Aggregated,45.600000,0.000000,7,11,14,17,47,67,110,190,7200,7600,7700,24662,0,7,41.20560440094735,2.927998997620307,7715.976609004429,5694.073189522342
1783301361,100,,Aggregated,45.900000,0.000000,7,11,14,17,47,67,110,190,7200,7600,7700,24697,0,7,41.16861581642389,2.927998997620307,7715.976609004429,5693.34028424505
1783301362,100,,Aggregated,45.600000,0.000000,7,11,14,17,47,67,110,190,7200,7600,7700,24745,0,7,41.11875612233493,2.927998997620307,7715.976609004429,5690.58387553041
1783301363,100,,Aggregated,45.300000,0.000000,7,11,14,17,47,67,110,190,7200,7600,7700,24796,0,7,41.0655929758102,2.927998997620307,7715.976609004429,5690.898612679464
1783301364,100,,Aggregated,45.100000,0.000000,7,11,14,17,47,67,110,190,7200,7600,7700,24836,0,7,41.0187932288687,2.927998997620307,7715.976609004429,5691.372725076501
1783301365,100,,Aggregated,45.900000,0.000000,7,11,14,17,47,67,110,190,7200,7600,7700,24885,0,7,40.96215545035878,2.927998997620307,7715.976609004429,5689.749326903758
1783301366,100,,Aggregated,45.200000,0.000000,7,11,14,17,47,67,110,190,7200,7600,7700,24925,0,7,40.92338522086985,2.927998997620307,7715.976609004429,5689.886619859579
1783301367,100,,Aggregated,44.600000,0.000000,7,11,14,17,47,67,110,190,7200,7600,7700,24977,0,7,40.86485079341662,2.927998997620307,7715.976609004429,5688.699963966849
1783301368,100,,Aggregated,44.500000,0.000000,7,11,14,17,47,67,110,190,7200,7600,7700,25016,0,7,40.828963128325626,2.927998997620307,7715.976609004429,5688.694675407739
1783301369,100,,Aggregated,45.300000,0.000000,7,11,14,17,47,67,110,190,7200,7600,7700,25065,0,7,40.772488024182366,2.927998997620307,7715.976609004429,5687.8159984041495
1783301370,100,,Aggregated,43.800000,0.000000,7,11,14,17,47,67,110,190,7200,7600,7700,25111,0,7,40.71520171331689,2.927998997620307,7715.976609004429,5686.2172354744935
1783301371,100,,Aggregated,44.000000,0.000000,7,11,14,17,47,67,110,190,7200,7600,7700,25155,0,7,40.667643480423465,2.927998997620307,7715.976609004429,5686.729914529915
1783301372,100,,Aggregated,45.100000,0.000000,7,11,14,17,47,67,110,190,7200,7600,7700,25209,0,7,40.621945904996714,2.927998997620307,7715.976609004429,5687.264667380698
1783301373,100,,Aggregated,44.400000,0.000000,7,11,14,17,47,67,110,190,7200,7600,7700,25252,0,7,40.573388040159095,2.927998997620307,7715.976609004429,5684.1694519246
1783301374,100,,Aggregated,45.300000,0.000000,7,11,14,17,47,67,110,190,7200,7600,7700,25295,0,7,40.52470961194295,2.927998997620307,7715.976609004429,5682.637675429927
1783301375,100,,Aggregated,44.800000,0.000000,7,11,14,17,47,67,110,190,7200,7600,7700,25345,0,7,40.46613054870971,2.927998997620307,7715.976609004429,5683.871256658118
1783301376,100,,Aggregated,45.200000,0.000000,7,11,14,17,47,67,110,190,7200,7600,7700,25397,0,7,40.41209310040774,2.927998997620307,7715.976609004429,5681.040870969012
1783301377,100,,Aggregated,44.800000,0.000000,7,11,14,17,47,67,110,190,7200,7600,7700,25441,0,7,40.37372033406574,2.927998997620307,7715.976609004429,5682.639990566408
1783301378,100,,Aggregated,45.500000,0.000000,7,11,14,17,46,66,110,190,7200,7600,7700,25486,0,7,40.32391204060742,2.927998997620307,7715.976609004429,5685.204543671035
1783301379,100,,Aggregated,45.900000,0.000000,7,11,14,17,46,66,110,190,7200,7600,7700,25527,0,7,40.274732160217745,2.9219699936220422,7715.976609004429,5683.2558467505
1783301380,100,,Aggregated,46.800000,0.000000,7,11,14,17,46,66,110,190,7200,7600,7700,25578,0,7,40.22509225955568,2.9219699936220422,7715.976609004429,5681.088474470248
1783301381,100,,Aggregated,46.900000,0.000000,7,11,14,17,46,66,110,180,7200,7600,7700,25620,0,7,40.18034128941812,2.9219699936220422,7715.976609004429,5678.957142857143
1783301382,100,,Aggregated,45.700000,0.000000,7,11,14,17,46,66,110,180,7200,7600,7700,25669,0,7,40.13372249592195,2.9219699936220422,7715.976609004429,5679.582258755698
1783301383,100,,Aggregated,47.300000,0.000000,7,11,14,17,46,66,110,180,7200,7600,7700,25710,0,7,40.08804205775348,2.9219699936220422,7715.976609004429,5681.707817969662
1783301384,100,,Aggregated,46.100000,0.000000,7,11,14,17,46,66,110,180,7200,7600,7700,25755,0,7,40.04015676011743,2.9219699936220422,7715.976609004429,5681.175305765871
1783301385,100,,Aggregated,45.900000,0.000000,7,11,14,17,46,66,110,180,7200,7600,7700,25808,0,7,39.979780819971644,2.9219699936220422,7715.976609004429,5684.875464972101
1783301386,100,,Aggregated,45.500000,0.000000,7,11,14,17,46,66,110,180,7200,7600,7700,25847,0,7,39.938491971096234,2.9219699936220422,7715.976609004429,5683.414748326692
1783301387,100,,Aggregated,46.600000,0.000000,7,11,14,17,46,66,110,180,7200,7600,7700,25900,0,7,39.89175107918847,2.9219699936220422,7715.976609004429,5682.626177606177
1783301388,100,,Aggregated,45.900000,0.000000,7,11,14,17,46,66,110,180,7200,7600,7700,25944,0,7,39.84944743855773,2.9219699936220422,7715.976609004429,5680.369719395621
1783301389,100,,Aggregated,45.400000,0.000000,7,11,14,17,46,66,110,180,7200,7600,7700,25989,0,7,39.804164470502286,2.9219699936220422,7715.976609004429,5682.925776289969
1783301390,100,,Aggregated,46.100000,0.000000,7,11,14,17,46,66,110,180,7200,7600,7700,26035,0,7,39.74921514856583,2.9219699936220422,7715.976609004429,5684.528826579604
1783301391,100,,Aggregated,45.300000,0.000000,7,11,14,17,46,66,110,180,7200,7600,7700,26081,0,7,39.700594069396374,2.9219699936220422,7715.976609004429,5685.292511790192
1783301392,100,,Aggregated,45.400000,0.000000,7,11,14,17,46,66,110,180,7200,7600,7700,26125,0,7,39.64906061764274,2.9219699936220422,7715.976609004429,5685.879464114832
1783301393,100,,Aggregated,45.400000,0.000000,7,11,14,17,46,66,110,180,7200,7600,7700,26169,0,7,39.60519003144735,2.9219699936220422,7715.976609004429,5687.873743742596
1783301394,100,,Aggregated,46.000000,0.000000,7,11,14,17,46,66,110,180,7200,7600,7700,26221,0,7,39.54708089886054,2.9219699936220422,7715.976609004429,5687.253804202738
1783301396,100,,Aggregated,45.800000,0.000000,7,11,14,17,46,66,110,180,7200,7600,7700,26279,0,7,39.51538104935686,2.9219699936220422,7715.976609004429,5689.149701282393
1783301397,100,,Aggregated,44.200000,0.000000,7,11,14,17,46,66,110,180,7200,7600,7700,26327,0,7,39.456851051511045,2.9219699936220422,7715.976609004429,5691.476696927109
1783301398,100,,Aggregated,44.200000,0.000000,7,11,14,17,46,66,110,180,7200,7600,7700,26366,0,7,39.41442655552972,2.9219699936220422,7715.976609004429,5689.957558977471
1783301399,100,,Aggregated,45.700000,0.000000,7,11,14,17,46,66,110,180,7200,7600,7700,26417,0,7,39.3621152043818,2.9219699936220422,7715.976609004429,5689.425105045993
1783301400,100,,Aggregated,44.900000,0.000000,7,11,14,17,46,66,110,180,7200,7600,7700,26464,0,7,39.31556626897523,2.9219699936220422,7715.976609004429,5687.981181983071
1783301401,100,,Aggregated,45.600000,0.000000,7,11,14,17,46,66,110,180,7200,7600,7700,26502,0,7,39.273331081169516,2.9219699936220422,7715.976609004429,5691.983699343446
1783301402,100,,Aggregated,46.000000,0.000000,7,11,14,17,46,66,110,180,7200,7600,7700,26552,0,7,39.22317487244613,2.9219699936220422,7715.976609004429,5693.8758662247665
1783301403,100,,Aggregated,44.900000,0.000000,7,11,14,17,46,66,110,180,7200,7600,7700,26598,0,7,39.177497160132425,2.9219699936220422,7715.976609004429,5692.815550041357
1783301404,100,,Aggregated,45.000000,0.000000,6,11,14,17,46,66,110,180,7200,7600,7700,26643,0,6,39.12636992925752,2.9219699936220422,7715.976609004429,5690.294824156439
1783301405,100,,Aggregated,45.500000,0.000000,6,11,14,17,46,66,110,180,7200,7600,7700,26685,0,6,39.09199954282029,2.9219699936220422,7715.976609004429,5690.5213041034285
1783301406,100,,Aggregated,45.400000,0.000000,6,11,14,17,46,66,110,180,7200,7600,7700,26734,0,6,39.03893197326196,2.9219699936220422,7715.976609004429,5693.069275080422
1783301407,100,,Aggregated,46.200000,0.000000,6,11,14,17,46,66,110,180,7200,7600,7700,26780,0,6,38.9932662384317,2.9219699936220422,7715.976609004429,5695.052053771471
1783301408,100,,Aggregated,45.400000,0.000000,6,11,14,17,46,66,100,180,7200,7600,7700,26818,0,6,38.95106064308401,2.9219699936220422,7715.976609004429,5692.85632783951
1783301409,100,,Aggregated,44.700000,0.000000,6,11,14,17,46,66,110,180,7200,7600,7700,26872,0,6,38.92506717144674,2.9219699936220422,7715.976609004429,5695.88210777017
1783301410,100,,Aggregated,45.100000,0.000000,6,11,14,17,46,66,110,180,7200,7600,7700,26929,0,6,38.86817630473223,2.9219699936220422,7715.976609004429,5694.76018418805
1783301411,100,,Aggregated,45.100000,0.000000,6,11,14,17,46,66,110,180,7200,7600,7700,26959,0,6,38.83739709852798,2.9219699936220422,7715.976609004429,5692.591231128751
1783301412,100,,Aggregated,46.400000,0.000000,6,11,14,17,46,66,110,180,7200,7600,7700,27009,0,6,38.80218515921313,2.9219699936220422,7715.976609004429,5690.902402902736
1783301413,100,,Aggregated,45.800000,0.000000,6,11,14,17,46,66,110,180,7200,7600,7700,27062,0,6,38.75096876550789,2.9219699936220422,7715.976609004429,5689.608306850935
1783301414,100,,Aggregated,45.600000,0.000000,6,11,14,17,46,66,100,180,7200,7600,7700,27109,0,6,38.70075802165724,2.9219699936220422,7715.976609004429,5689.500608653952
1783301415,100,,Aggregated,45.500000,0.000000,6,11,14,17,46,66,100,180,7200,7600,7700,27149,0,6,38.66563983944447,2.9219699936220422,7715.976609004429,5689.198718184832
1783301416,100,,Aggregated,46.600000,0.000000,6,11,14,17,46,66,100,180,7200,7600,7700,27199,0,6,38.61339835847082,2.9219699936220422,7715.976609004429,5691.720614728482
1783301417,100,,Aggregated,46.300000,0.000000,6,11,14,17,46,65,100,180,7200,7600,7700,27245,0,6,38.568154552360035,2.9219699936220422,7715.976609004429,5694.946412185722
1783301418,100,,Aggregated,46.000000,0.000000,6,11,14,17,46,66,100,180,7200,7600,7700,27292,0,6,38.52755687443375,2.9219699936220422,7715.976609004429,5694.913124725194
1783301419,100,,Aggregated,46.400000,0.000000,6,11,14,17,46,65,100,180,7200,7600,7700,27348,0,6,38.47295263606206,2.9219699936220422,7715.976609004429,5696.0557993271905
