Timestamp,User Count,Type,Name,Requests/s,Failures/s,50%,66%,75%,80%,90%,95%,98%,99%,99.9%,99.99%,100%,Total Request Count,Total Failure Count,Total Median Response Time,Total Average Response Time,Total Min Response Time,Total Max Response Time,Total Average Content Size
1783302025,0,,Aggregated,0.000000,0.000000,N/A,N/A,N/A,N/A,N/A,N/A,N/A,N/A,N/A,N/A,N/A,0,0,0,0.0,0,0,0
1783302026,50,,Aggregated,0.000000,0.000000,N/A,N/A,N/A,N/A,N/A,N/A,N/A,N/A,N/A,N/A,N/A,0,0,0,0.0,0,0,0
1783302027,100,,Aggregated,0.000000,0.000000,N/A,N/A,N/A,N/A,N/A,N/A,N/A,N/A,N/A,N/A,N/A,0,0,0,0.0,0,0,0
1783302028,150,,Aggregated,0.000000,0.000000,N/A,N/A,N/A,N/A,N/A,N/A,N/A,N/A,N/A,N/A,N/A,0,0,0,0.0,0,0,0
1783302029,200,,Aggregated,0.000000,0.000000,3700,3700,3700,3800,3800,3800,3800,3800,3800,3800,3800,15,0,3700.0,3734.3241563319075,3656.1933509947266,3760.698362995754,655.0
1783302030,250,,Aggregated,0.000000,0.000000,3700,3700,3700,3800,3800,3800,3800,3800,3800,3800,3800,15,0,3700.0,3734.3241563319075,3656.1933509947266,3760.698362995754,655.0
1783302031,300,,Aggregated,0.000000,0.000000,3700,3700,3700,3800,3800,3800,3800,3800,3800,3800,3800,15,0,3700.0,3734.3241563319075,3656.1933509947266,3760.698362995754,655.0
1783302032,350,,Aggregated,0.000000,0.000000,6100,6100,6100,6100,6300,6300,6300,6300,6300,6300,6300,58,0,6100.0,5343.798842793431,2603.7389050034108,6304.685321010766,657.8103448275862
1783302033,400,,Aggregated,0.000000,0.000000,6100,6100,6100,6100,6300,6300,6300,6300,6300,6300,6300,58,0,6100.0,5343.798842793431,2603.7389050034108,6304.685321010766,657.8103448275862
1783302034,450,,Aggregated,0.000000,0.000000,6100,6100,6100,6100,6300,6300,6300,6300,6300,6300,6300,58,0,6100.0,5343.798842793431,2603.7389050034108,6304.685321010766,657.8103448275862
1783302035,500,,Aggregated,0.000000,0.000000,6100,6100,6100,6100,6300,6300,6300,6300,6300,6300,6300,58,0,6100.0,5343.798842793431,2603.7389050034108,6304.685321010766,657.8103448275862
1783302036,500,,Aggregated,0.000000,0.000000,6100,6100,6100,6100,6300,6300,6300,6300,6300,6300,6300,58,0,6100.0,5343.798842793431,2603.7389050034108,6304.685321010766,657.8103448275862
1783302037,500,,Aggregated,0.000000,0.000000,6100,6100,6100,6100,6300,6300,6300,6300,6300,6300,6300,58,0,6100.0,5343.798842793431,2603.7389050034108,6304.685321010766,657.8103448275862
1783302038,500,,Aggregated,5.800000,0.000000,6100,6300,12000,12000,12000,12000,12000,12000,12000,12000,12000,84,0,6100.0,7189.634144607096,2603.7389050034108,11846.07907399186,681.8333333333334
1783302039,500,,Aggregated,5.800000,0.000000,6800,9300,12000,12000,12000,12000,12000,12000,12000,12000,12000,133,0,6800.0,7963.075170684382,2603.7389050034108,12208.75972500653,711.1654135338346
1783302040,500,,Aggregated,5.800000,0.000000,9300,12000,12000,12000,13000,13000,13000,14000,14000,14000,14000,167,0,9300.0,8901.370743850142,2603.7389050034108,13923.228761996143,699.7305389221557
1783302041,500,,Aggregated,13.300000,0.000000,12000,12000,13000,13000,13000,14000,14000,14000,14000,14000,14000,236,0,12000.0,9624.788068656557,2406.3466249936027,14467.41791300883,751.7754237288135
1783302042,500,,Aggregated,12.600000,0.000000,9600,12000,12000,13000,13000,14000,14000,14000,15000,15000,15000,317,0,9600.0,8852.153038987059,2406.3466249936027,14553.641371006961,897.8675078864353
1783302043,500,,Aggregated,12.600000,0.000000,9300,12000,12000,13000,13000,14000,14000,14000,15000,15000,15000,326,0,9300.0,8721.427735236031,2406.3466249936027,14553.641371006961,895.6625766871166
1783302044,500,,Aggregated,12.600000,0.000000,9300,12000,12000,13000,13000,14000,14000,14000,15000,15000,15000,326,0,9300.0,8721.427735236031,2406.3466249936027,14553.641371006961,895.6625766871166
1783302045,500,,Aggregated,12.600000,0.000000,9300,12000,12000,13000,13000,14000,14000,14000,15000,15000,15000,326,0,9300.0,8721.427735236031,2406.3466249936027,14553.641371006961,895.6625766871166
1783302046,500,,Aggregated,12.600000,0.000000,9300,12000,12000,13000,13000,14000,14000,14000,15000,15000,15000,326,0,9300.0,8721.427735236031,2406.3466249936027,14553.641371006961,895.6625766871166
1783302047,500,,Aggregated,12.600000,0.000000,9300,12000,12000,13000,13000,14000,14000,14000,15000,15000,15000,326,0,9300.0,8721.427735236031,2406.3466249936027,14553.641371006961,895.6625766871166
1783302048,500,,Aggregated,12.600000,0.000000,9300,12000,12000,13000,13000,14000,14000,14000,15000,15000,15000,326,0,9300.0,8721.427735236031,2406.3466249936027,14553.641371006961,895.6625766871166
1783302049,500,,Aggregated,12.600000,0.000000,9300,12000,12000,13000,13000,14000,14000,14000,15000,15000,15000,326,0,9300.0,8721.427735236031,2406.3466249936027,14553.641371006961,895.6625766871166
1783302050,500,,Aggregated,12.600000,0.000000,9300,12000,12000,13000,13000,14000,14000,14000,15000,15000,15000,326,0,9300.0,8721.427735236031,2406.3466249936027,14553.641371006961,895.6625766871166
1783302051,500,,Aggregated,19.300000,0.000000,9300,12000,12000,13000,13000,14000,14000,14000,22000,22000,22000,327,0,9300.0,8761.43417200289,2406.3466249936027,21803.53255799855,894.9266055045872
1783302052,500,,Aggregated,18.500000,0.000000,12000,13000,13000,14000,22000,23000,23000,23000,24000,24000,24000,383,0,12000.0,10685.825531984436,2406.3466249936027,23868.50405500445,859.8459530026109
1783302053,500,,Aggregated,14.500000,0.000000,12000,13000,14000,21000,22000,23000,24000,24000,24000,24000,24000,424,0,12000.0,11835.283862566108,2406.3466249936027,23911.054423995665,840.0377358490566
1783302054,500,,Aggregated,7.700000,0.000000,12000,14000,21000,22000,23000,24000,24000,24000,25000,25000,25000,463,0,12000.0,12759.16524423327,2406.3466249936027,24876.129518990638,825.8596112311016
1783302055,500,,Aggregated,8.700000,0.000000,13000,14000,21000,22000,23000,24000,24000,24000,25000,25000,25000,573,0,13000.0,13487.896948193658,2406.3466249936027,25037.84284798894,939.7923211169284
1783302056,500,,Aggregated,10.100000,0.000000,14000,14000,21000,22000,23000,24000,24000,24000,25000,25000,25000,755,0,14000.0,13361.89825795893,1931.3966679910664,25037.84284798894,1145.2092715231788
1783302057,500,,Aggregated,17.600000,0.000000,13000,14000,16000,22000,23000,24000,24000,24000,25000,25000,25000,823,0,13000.0,12692.594634514018,1931.3966679910664,25037.84284798894,1162.2138517618469
1783302058,500,,Aggregated,30.100000,0.000000,12000,14000,15000,21000,23000,24000,24000,24000,25000,25000,25000,987,0,12000.0,11248.360979787227,1831.0435419989517,25037.84284798894,1387.854103343465
1783302059,500,,Aggregated,42.900000,0.000000,9300,14000,14000,16000,23000,23000,24000,24000,25000,25000,25000,1142,0,9100.0,10181.804817832626,1831.0435419989517,25037.84284798894,1590.207530647986
1783302060,500,,Aggregated,42.900000,0.000000,7000,14000,14000,15000,23000,23000,24000,24000,25000,25000,25000,1172,0,6800.0,9993.932670533979,1784.914406001917,25037.84284798894,1803.5819112627987
1783302061,500,,Aggregated,70.000000,0.000000,6100,13000,14000,15000,23000,23000,24000,24000,25000,25000,25000,1244,0,6100.0,9663.89960124589,1784.914406001917,25037.84284798894,1899.2403536977492
1783302062,500,,Aggregated,84.600000,0.000000,5200,13000,14000,15000,23000,23000,24000,24000,25000,25000,25000,1355,0,5200.0,9191.480359935726,1784.914406001917,25037.84284798894,2104.4634686346863
1783302063,500,,Aggregated,84.600000,0.000000,4500,12000,14000,14000,22000,23000,24000,25000,31000,31000,31000,1530,0,4400.0,8845.010456360073,1784.914406001917,31054.545152001083,2592.9980392156863
1783302064,500,,Aggregated,98.700000,0.000000,4200,10000,14000,15000,23000,30000,31000,31000,32000,32000,32000,1902,0,4200.0,8879.96065832376,302.9543839948019,31935.35069200152,3333.6514195583595
1783302065,500,,Aggregated,97.500000,0.000000,4100,6100,13000,14000,23000,24000,31000,31000,32000,32000,32000,2134,0,4100.0,8076.708670597797,295.2246089989785,31935.35069200152,3786.3059981255856
1783302066,500,,Aggregated,110.300000,0.000000,3800,5200,12000,14000,22000,24000,30000,31000,32000,32000,32000,2382,0,3800.0,7381.099693417671,272.79312199971173,31935.35069200152,4364.437867338371
1783302067,500,,Aggregated,145.200000,0.000000,3500,4500,10000,13000,22000,24000,30000,31000,32000,32000,32000,2604,0,3500.0,6865.070918764172,272.79312199971173,31935.35069200152,4794.562596006144
1783302068,500,,Aggregated,158.200000,0.000000,3200,4200,6300,13000,21000,24000,30000,31000,32000,32000,32000,2838,0,3200.0,6422.232331990473,272.79312199971173,31935.35069200152,5206.496828752643
1783302069,500,,Aggregated,169.300000,0.000000,2900,4100,5800,12000,16000,23000,30000,31000,32000,32000,32000,3083,0,2900.0,6032.046369451172,128.55221099744085,31935.35069200152,5618.795977943561
1783302070,500,,Aggregated,175.900000,0.000000,2800,4000,5200,9600,16000,23000,30000,31000,32000,32000,32000,3307,1,2800.0,5708.05389381525,4.2044979927595705,31935.35069200152,5856.530390081645
1783302071,500,,Aggregated,189.800000,0.000000,2600,3800,4600,6300,15000,23000,30000,31000,32000,32000,32000,3520,1,2600.0,5426.916451135515,4.2044979927595705,31935.35069200152,6074.411647727273
1783302072,500,,Aggregated,198.300000,0.100000,2400,3700,4300,5900,15000,23000,30000,31000,32000,32000,32000,3752,1,2400.0,5141.56873376626,4.2044979927595705,31935.35069200152,6215.246002132196
1783302073,500,,Aggregated,221.000000,0.100000,2200,3500,4200,5400,14000,23000,30000,31000,32000,32000,32000,3962,1,2200.0,4902.107651672132,4.2044979927595705,31935.35069200152,6218.81650681474
1783302074,500,,Aggregated,227.100000,0.100000,2000,3200,4100,5100,14000,23000,30000,31000,32000,32000,32000,4214,1,2000.0,4627.975973940206,3.481936000753194,31935.35069200152,6192.7235405790225
1783302075,500,,Aggregated,241.800000,0.100000,1800,3000,4000,4500,14000,23000,30000,30000,32000,32000,32000,4434,1,1800.0,4400.463325355904,3.481936000753194,31935.35069200152,6213.329273793414
1783302076,500,,Aggregated,249.700000,0.100000,1600,2900,3900,4300,14000,23000,30000,30000,32000,32000,32000,4650,1,1600.0,4198.1874771585035,2.874675003113225,31935.35069200152,6172.363870967742
1783302077,500,,Aggregated,231.700000,0.100000,1500,2800,3800,4200,14000,22000,30000,30000,32000,32000,32000,4864,1,1500.0,4017.3519679508777,2.874675003113225,31935.35069200152,6145.160978618421
1783302078,500,,Aggregated,229.000000,0.100000,1300,2600,3700,4200,14000,22000,25000,30000,32000,32000,32000,5106,1,1300.0,3831.0396633697883,2.874675003113225,31935.35069200152,6145.3117900509205
1783302079,500,,Aggregated,225.900000,0.100000,1200,2500,3500,4100,13000,22000,24000,30000,32000,32000,32000,5315,1,1200.0,3683.51787759193,2.874675003113225,31935.35069200152,6104.181561618062
1783302080,500,,Aggregated,226.500000,0.100000,1100,2400,3300,4000,13000,22000,24000,30000,32000,32000,32000,5556,1,1100.0,3525.515557890424,2.874675003113225,31935.35069200152,6073.356371490281
1783302081,500,,Aggregated,223.000000,0.100000,990,2200,3200,3900,12000,21000,24000,30000,32000,32000,32000,5802,1,990.0,3378.337363451435,2.874675003113225,31935.35069200152,6045.730782488797
1783302082,500,,Aggregated,222.600000,0.000000,920,2100,3000,3800,12000,21000,24000,30000,32000,32000,32000,6006,1,920.0,3264.6812077730774,2.874675003113225,31935.35069200152,6033.992507492508
1783302083,500,,Aggregated,222.000000,0.000000,840,1900,2900,3700,12000,16000,24000,30000,32000,32000,32000,6265,1,840.0,3131.4336704849406,2.874675003113225,31935.35069200152,6033.1072625698325
1783302084,500,,Aggregated,226.200000,0.000000,760,1900,2800,3600,10000,16000,24000,30000,32000,32000,32000,6466,1,750.0,3035.0855542341787,2.874675003113225,31935.35069200152,5997.790287658521
1783302085,500,,Aggregated,227.100000,0.000000,630,1700,2800,3500,9300,15000,24000,30000,32000,32000,32000,6708,1,630.0,2928.5893229304206,2.874675003113225,31935.35069200152,5987.259689922481
1783302086,500,,Aggregated,227.100000,0.000000,560,1600,2600,3300,6800,15000,24000,30000,32000,32000,32000,6934,1,560.0,2834.3331036506124,2.8284900035941973,31935.35069200152,5978.698875108163
1783302087,500,,Aggregated,225.000000,0.000000,480,1500,2600,3200,6100,15000,24000,30000,32000,32000,32000,7153,1,480.0,2748.726061068117,2.8284900035941973,31935.35069200152,5973.588144834335
1783302088,500,,Aggregated,226.500000,0.000000,420,1400,2500,3100,6100,15000,24000,30000,32000,32000,32000,7374,1,410.0,2669.636574768544,2.8284900035941973,31935.35069200152,5977.928803905615
1783302089,500,,Aggregated,226.800000,0.000000,350,1300,2400,3000,5900,15000,24000,30000,32000,32000,32000,7602,1,350.0,2591.2388581018263,2.8284900035941973,31935.35069200152,5962.325440673507
1783302090,500,,Aggregated,226.700000,0.000000,290,1200,2200,2900,5600,14000,23000,30000,32000,32000,32000,7836,1,290.0,2515.4457199082467,2.8284900035941973,31935.35069200152,5935.944742215416
1783302091,500,,Aggregated,228.100000,0.000000,230,1200,2100,2800,5200,14000,23000,30000,32000,32000,32000,8061,1,230.0,2446.323738209167,2.8284900035941973,31935.35069200152,5899.626721250465
1783302092,500,,Aggregated,226.700000,0.000000,190,1100,2000,2800,5200,14000,23000,30000,32000,32000,32000,8287,1,190.0,2381.071359362993,2.8284900035941973,31935.35069200152,5892.587546759985
1783302093,500,,Aggregated,227.900000,0.000000,160,990,1900,2700,4900,14000,23000,30000,32000,32000,32000,8518,1,160.0,2317.5954729665623,2.8284900035941973,31935.35069200152,5912.864522188307
1783302094,500,,Aggregated,225.000000,0.000000,160,940,1900,2600,4700,14000,23000,30000,32000,32000,32000,8734,1,160.0,2263.571760667759,2.8284900035941973,31935.35069200152,5911.341882299062
1783302095,500,,Aggregated,225.000000,0.000000,140,900,1800,2600,4500,14000,23000,30000,32000,32000,32000,8965,1,140.0,2206.4195717229672,2.8284900035941973,31935.35069200152,5905.731511433352
1783302096,500,,Aggregated,225.600000,0.000000,130,850,1700,2500,4300,14000,23000,30000,32000,32000,32000,9171,1,130.0,2157.6670800369075,2.8284900035941973,31935.35069200152,5880.012648566132
1783302097,500,,Aggregated,225.900000,0.000000,130,770,1600,2400,4300,14000,23000,30000,32000,32000,32000,9428,1,130.0,2100.591035104745,2.8284900035941973,31935.35069200152,5890.216376750106
1783302098,500,,Aggregated,224.200000,0.000000,120,710,1500,2300,4300,14000,23000,30000,32000,32000,32000,9630,1,120.0,2057.304892755492,2.8284900035941973,31935.35069200152,5894.276635514018
1783302100,500,,Aggregated,226.700000,0.000000,130,640,1400,2200,4200,14000,23000,30000,32000,32000,32000,9877,1,130.0,2013.1276937800442,2.8284900035941973,31935.35069200152,5898.7431406297455
1783302101,500,,Aggregated,219.500000,0.000000,130,590,1300,2100,4200,14000,23000,29000,31000,32000,32000,10127,1,130.0,1969.805256298156,2.8284900035941973,31935.35069200152,5893.3629900266615
1783302102,500,,Aggregated,217.500000,0.000000,120,550,1300,2100,4100,13000,23000,25000,31000,32000,32000,10345,1,120.0,1929.1666188759186,2.8284900035941973,31935.35069200152,5891.424456259062
1783302103,500,,Aggregated,219.700000,0.000000,120,510,1200,2000,4100,13000,23000,25000,31000,32000,32000,10563,1,120.0,1889.6987087980137,2.8136309992987663,31935.35069200152,5915.185174666288
1783302104,500,,Aggregated,219.100000,0.000000,110,470,1200,1900,4100,13000,23000,24000,31000,32000,32000,10792,1,110.0,1850.356300356875,2.8136309992987663,31935.35069200152,5908.041882876205
1783302105,500,,Aggregated,218.800000,0.000000,110,440,1100,1800,4000,13000,23000,24000,31000,32000,32000,11018,1,110.0,1814.3016596564985,2.8136309992987663,31935.35069200152,5886.531493919041
1783302106,500,,Aggregated,218.400000,0.000000,100,400,1100,1700,4000,13000,23000,24000,31000,32000,32000,11248,1,100.0,1777.7435719483665,2.8136309992987663,31935.35069200152,5880.759779516358
1783302107,500,,Aggregated,217.300000,0.000000,100,380,1000,1700,3900,13000,23000,24000,31000,32000,32000,11461,1,100.0,1745.9557769306498,2.8136309992987663,31935.35069200152,5894.9024517930375
1783302108,500,,Aggregated,218.400000,0.000000,99,350,980,1600,3900,12000,23000,24000,31000,32000,32000,11686,1,99,1713.6507188659295,2.6958010130329058,31935.35069200152,5885.497603970563
1783302109,500,,Aggregated,220.000000,0.000000,95,320,940,1500,3800,12000,22000,24000,31000,32000,32000,11918,1,95,1681.0862169914537,2.6958010130329058,31935.35069200152,5881.933965430441
1783302110,500,,Aggregated,217.400000,0.000000,92,290,910,1500,3800,12000,22000,24000,31000,32000,32000,12138,1,92,1651.378754492921,2.6958010130329058,31935.35069200152,5901.39685285879
1783302111,500,,Aggregated,222.800000,0.000000,89,260,870,1400,3700,12000,22000,24000,31000,32000,32000,12380,1,89,1619.8313158253754,2.6958010130329058,31935.35069200152,5889.762520193861
1783302112,500,,Aggregated,226.000000,0.000000,87,240,830,1300,3700,12000,22000,24000,31000,32000,32000,12611,1,87,1591.137874820896,2.6958010130329058,31935.35069200152,5875.646974863214
1783302113,500,,Aggregated,224.400000,0.000000,84,220,780,1300,3700,11000,22000,24000,31000,32000,32000,12817,1,84,1566.0167813134278,2.6958010130329058,31935.35069200152,5872.359990637435
1783302114,500,,Aggregated,222.900000,0.000000,81,210,740,1300,3600,10000,22000,24000,31000,32000,32000,13048,1,81,1538.8583709535787,2.6958010130329058,31935.35069200152,5875.440297363581
1783302115,500,,Aggregated,223.500000,0.000000,81,200,680,1200,3500,9300,22000,24000,31000,32000,32000,13276,1,81,1514.0345625966702,2.6958010130329058,31935.35069200152,5860.0687707140705
1783302116,500,,Aggregated,223.900000,0.000000,80,190,640,1200,3500,9100,22000,24000,31000,32000,32000,13510,1,80,1488.669014524767,2.6958010130329058,31935.35069200152,5869.6925980754995
1783302117,500,,Aggregated,224.100000,0.000000,78,180,600,1200,3400,7100,22000,24000,31000,32000,32000,13725,1,78,1465.9396768289737,2.6958010130329058,31935.35069200152,5872.112349726776
1783302118,500,,Aggregated,225.600000,0.000000,76,170,570,1100,3300,6600,21000,24000,31000,32000,32000,13965,1,76,1441.4522544074957,2.6958010130329058,31935.35069200152,5872.768779090584
1783302119,500,,Aggregated,223.900000,0.000000,74,160,540,1000,3200,6300,21000,24000,31000,32000,32000,14189,1,74,1419.1710367418307,2.6958010130329058,31935.35069200152,5864.038762421595
1783302120,500,,Aggregated,224.500000,0.000000,73,150,510,1000,3200,6100,21000,24000,31000,32000,32000,14402,1,73,1398.7951698838992,2.6958010130329058,31935.35069200152,5868.3514095264545
1783302121,500,,Aggregated,225.800000,0.000000,72,150,480,970,3100,6100,21000,24000,31000,32000,32000,14635,1,72,1377.1929601055601,2.6958010130329058,31935.35069200152,5855.552511103519
1783302122,500,,Aggregated,223.800000,0.000000,71,140,450,940,3100,6000,21000,24000,31000,32000,32000,14869,1,71,1356.1561024116502,2.6958010130329058,31935.35069200152,5850.876118098056
1783302123,500,,Aggregated,223.400000,0.000000,69,140,420,910,3000,5900,20000,24000,31000,32000,32000,15086,1,69,1337.0513622258313,2.6958010130329058,31935.35069200152,5843.081930266472
1783302124,500,,Aggregated,225.500000,0.000000,68,140,400,890,3000,5900,17000,24000,31000,32000,32000,15306,1,68,1318.3388888550762,2.6958010130329058,31935.35069200152,5845.071344570757
1783302125,500,,Aggregated,226.000000,0.000000,68,130,380,860,2900,5700,16000,23000,31000,32000,32000,15542,1,68,1299.3302624706466,2.6958010130329058,31935.35069200152,5836.076824089564
1783302126,500,,Aggregated,225.000000,0.000000,68,130,360,830,2900,5400,16000,23000,31000,32000,32000,15757,1,68,1283.1988335697629,2.6958010130329058,31935.35069200152,5833.714222250428
1783302127,500,,Aggregated,225.100000,0.000000,67,130,340,800,2900,5200,16000,23000,31000,32000,32000,15960,1,67,1267.3300556269317,2.6958010130329058,31935.35069200152,5834.483646616542
1783302128,500,,Aggregated,220.500000,0.000000,66,130,320,760,2800,5200,16000,23000,31000,32000,32000,16204,1,66,1249.2156206858092,2.6958010130329058,31935.35069200152,5832.348185633177
1783302129,500,,Aggregated,224.100000,0.000000,65,130,300,720,2800,5200,16000,23000,31000,32000,32000,16424,1,65,1232.8729462660694,2.6958010130329058,31935.35069200152,5837.179980516317
1783302130,500,,Aggregated,223.000000,0.000000,64,120,280,670,2800,5100,15000,23000,31000,32000,32000,16642,1,64,1217.0745543896044,2.6958010130329058,31935.35069200152,5832.3808436486
1783302131,500,,Aggregated,221.700000,0.000000,64,120,270,630,2700,5100,15000,23000,31000,32000,32000,16891,1,64,1200.2766250867726,2.6958010130329058,31935.35069200152,5843.3330767864545
1783302132,500,,Aggregated,222.900000,0.000000,64,120,250,610,2700,4800,15000,23000,31000,32000,32000,17090,1,64,1186.7970757775674,2.6958010130329058,31935.35069200152,5832.13686366296
1783302133,500,,Aggregated,222.500000,0.000000,64,120,240,580,2600,4800,15000,23000,31000,32000,32000,17348,1,64,1170.111684725717,2.6958010130329058,31935.35069200152,5829.299285220199
1783302134,500,,Aggregated,221.200000,0.000000,63,120,230,560,2600,4600,15000,23000,31000,32000,32000,17559,1,63,1156.4574433605421,2.6958010130329058,31935.35069200152,5829.701520587732
1783302135,500,,Aggregated,222.900000,0.000000,62,110,220,530,2600,4500,15000,23000,31000,32000,32000,17792,1,62,1141.9837635542754,2.6958010130329058,31935.35069200152,5823.247245953237
1783302136,500,,Aggregated,224.500000,0.000000,61,110,210,510,2500,4500,15000,23000,31000,32000,32000,18016,1,61,1128.1497135416664,2.6958010130329058,31935.35069200152,5822.528530195382
1783302137,500,,Aggregated,222.600000,0.000000,62,110,210,490,2500,4400,15000,23000,31000,32000,32000,18208,1,62,1118.0738857754088,2.6958010130329058,31935.35069200152,5822.763510544815
1783302138,500,,Aggregated,225.800000,0.000000,62,110,210,460,2500,4300,15000,23000,31000,32000,32000,18466,1,62,1104.005722669807,2.6958010130329058,31935.35069200152,5817.517816527672
1783302139,500,,Aggregated,220.500000,0.000000,62,110,200,440,2400,4300,15000,23000,31000,32000,32000,18676,1,62,1091.9745992891815,2.6958010130329058,31935.35069200152,5824.4355857785395
1783302140,500,,Aggregated,224.300000,0.000000,61,110,200,420,2400,4300,15000,23000,31000,32000,32000,18909,1,61,1078.782137430522,2.6958010130329058,31935.35069200152,5815.808821196256
1783302141,500,,Aggregated,223.100000,0.000000,60,110,190,400,2400,4300,14000,23000,31000,32000,32000,19136,1,60,1066.460506841336,2.6958010130329058,31935.35069200152,5813.293112458194
1783302142,500,,Aggregated,225.200000,0.000000,59,110,180,390,2300,4200,14000,23000,31000,32000,32000,19347,1,59,1055.1830946846965,2.6958010130329058,31935.35069200152,5816.737633741665
1783302143,500,,Aggregated,223.300000,0.000000,59,110,180,380,2200,4200,14000,23000,31000,32000,32000,19595,1,59,1042.7269245174698,2.6958010130329058,31935.35069200152,5817.841337075784
1783302144,500,,Aggregated,223.700000,0.000000,58,100,170,360,2200,4200,14000,23000,31000,32000,32000,19820,1,58,1031.2433595810128,2.6958010130329058,31935.35069200152,5823.601866801211
1783302145,500,,Aggregated,223.000000,0.000000,58,100,170,350,2100,4200,14000,23000,31000,32000,32000,20041,1,58,1020.3603259143068,2.6958010130329058,31935.35069200152,5826.5835038171745
1783302146,500,,Aggregated,222.300000,0.000000,57,100,160,330,2100,4200,14000,23000,31000,32000,32000,20256,1,57,1009.977560502848,2.6958010130329058,31935.35069200152,5827.856092022117
1783302147,500,,Aggregated,225.200000,0.000000,58,100,160,320,2100,4100,14000,23000,31000,32000,32000,20502,1,58,998.7876799911064,2.6958010130329058,31935.35069200152,5830.823090430202
1783302148,500,,Aggregated,223.500000,0.000000,57,100,160,300,2000,4100,14000,23000,31000,32000,32000,20726,1,57,988.3065864138598,2.6958010130329058,31935.35069200152,5838.191305606485
1783302149,500,,Aggregated,227.900000,0.000000,57,100,160,300,2000,4100,14000,23000,31000,32000,32000,20918,1,57,980.7381956931675,2.6958010130329058,31935.35069200152,5836.825509130892
1783302150,500,,Aggregated,224.400000,0.000000,57,100,160,290,2000,4100,14000,23000,31000,32000,32000,21166,1,57,970.2434369766916,2.6958010130329058,31935.35069200152,5845.320844751016
1783302151,500,,Aggregated,221.600000,0.000000,57,100,160,280,1900,4100,14000,23000,31000,32000,32000,21396,1,57,960.3885703289724,2.6958010130329058,31935.35069200152,5840.270891755468
1783302152,500,,Aggregated,224.900000,0.000000,57,100,150,270,1900,4100,14000,23000,31000,32000,32000,21627,1,57,950.759136056308,2.6958010130329058,31935.35069200152,5837.490590465622
1783302153,500,,Aggregated,224.300000,0.000000,56,99,150,260,1900,4100,14000,23000,31000,32000,32000,21841,1,56,941.6702818290219,2.6958010130329058,31935.35069200152,5836.819010118585
1783302154,500,,Aggregated,225.600000,0.000000,55,98,150,250,1800,4000,14000,23000,31000,32000,32000,22081,1,55,931.7547621606642,2.6958010130329058,31935.35069200152,5830.677822562384
1783302155,500,,Aggregated,224.000000,0.000000,55,97,150,240,1800,4000,14000,23000,31000,32000,32000,22307,1,55,922.6634897845764,2.6958010130329058,31935.35069200152,5828.257766620343
1783302156,500,,Aggregated,225.100000,0.000000,54,96,140,240,1700,4000,14000,23000,31000,32000,32000,22541,1,54,913.3579784745833,2.6958010130329058,31935.35069200152,5817.281309613593
1783302157,500,,Aggregated,223.600000,0.000000,53,95,140,230,1700,3900,14000,23000,31000,32000,32000,22762,1,53,904.7970041803771,2.6958010130329058,31935.35069200152,5820.368552851243
1783302158,500,,Aggregated,225.000000,0.000000,53,94,140,220,1700,3900,14000,23000,31000,32000,32000,22994,1,53,895.9506045278663,2.6958010130329058,31935.35069200152,5826.707314951726
1783302159,500,,Aggregated,224.400000,0.000000,52,92,140,220,1600,3900,14000,23000,31000,32000,32000,23231,1,52,887.1187620889172,2.6958010130329058,31935.35069200152,5830.364986440532
1783302160,500,,Aggregated,225.600000,0.000000,51,92,140,210,1600,3900,14000,23000,31000,32000,32000,23456,1,51,878.8258954968696,2.6958010130329058,31935.35069200152,5831.992965552524
1783302161,500,,Aggregated,230.600000,0.000000,52,92,140,210,1600,3800,14000,23000,31000,32000,32000,23650,1,52,873.0087464213836,2.6958010130329058,31935.35069200152,5826.265243128964
1783302162,500,,Aggregated,226.800000,0.000000,52,94,140,220,1500,3800,14000,22000,31000,32000,32000,23900,1,52,865.7467396647221,2.6958010130329058,31935.35069200152,5831.4822175732215
1783302163,500,,Aggregated,225.100000,0.000000,51,92,140,210,1500,3800,14000,22000,31000,32000,32000,24120,1,51,858.0251671446041,2.6958010130329058,31935.35069200152,5828.346973466003
1783302164,500,,Aggregated,224.700000,0.000000,51,92,140,210,1500,3800,14000,22000,31000,32000,32000,24356,1,51,849.9837855492208,2.604901004815474,31935.35069200152,5825.735711939563
1783302165,500,,Aggregated,226.800000,0.000000,51,91,140,200,1400,3800,14000,22000,31000,32000,32000,24587,1,51,842.4769695539843,2.604901004815474,31935.35069200152,5831.0944401513
1783302166,500,,Aggregated,224.400000,0.000000,50,90,130,200,1400,3700,14000,22000,31000,32000,32000,24803,1,50,835.3354895669751,2.604901004815474,31935.35069200152,5825.270168931178
1783302167,500,,Aggregated,226.200000,0.000000,50,90,130,200,1400,3700,14000,22000,31000,32000,32000,25029,1,50,828.180054297323,2.604901004815474,31935.35069200152,5830.098605617483
1783302168,500,,Aggregated,225.800000,0.000000,50,89,130,190,1300,3700,14000,22000,31000,32000,32000,25258,1,50,820.8934511931915,2.604901004815474,31935.35069200152,5827.093950431547
1783302169,500,,Aggregated,225.000000,0.000000,49,88,130,190,1300,3700,14000,22000,31000,32000,32000,25482,1,49,813.9487092522039,2.604901004815474,31935.35069200152,5828.0898281139625
1783302170,500,,Aggregated,224.300000,0.000000,49,87,130,190,1300,3700,13000,22000,31000,32000,32000,25698,1,49,807.3452666540868,2.604901004815474,31935.35069200152,5827.974433808078
1783302171,500,,Aggregated,223.200000,0.000000,49,87,130,180,1300,3600,13000,22000,31000,32000,32000,25938,1,49,800.3698839179128,2.604901004815474,31935.35069200152,5832.923933996453
1783302172,500,,Aggregated,222.400000,0.000000,48,86,130,180,1300,3600,13000,22000,31000,32000,32000,26162,1,48,793.77286873992,2.604901004815474,31935.35069200152,5824.577020105497
1783302173,500,,Aggregated,226.500000,0.000000,47,86,120,170,1200,3600,13000,22000,31000,32000,32000,26395,1,47,787.0004842467397,2.604901004815474,31935.35069200152,5824.251070278462
1783302174,500,,Aggregated,226.500000,0.000000,48,86,120,170,1200,3500,13000,22000,31000,32000,32000,26609,1,48,781.5734567524757,2.604901004815474,31935.35069200152,5819.74456011124
1783302175,500,,Aggregated,224.600000,0.000000,48,86,120,170,1200,3500,13000,22000,31000,32000,32000,26832,1,48,775.490632266388,2.604901004815474,31935.35069200152,5825.025231067382
1783302176,500,,Aggregated,226.400000,0.000000,47,85,120,170,1200,3500,13000,22000,31000,32000,32000,27063,1,47,769.248682045371,2.604901004815474,31935.35069200152,5828.478697853157
1783302177,500,,Aggregated,223.600000,0.000000,47,85,120,170,1200,3400,13000,22000,31000,32000,32000,27293,1,47,763.0272357069865,2.604901004815474,31935.35069200152,5829.341992452277
1783302178,500,,Aggregated,223.700000,0.000000,47,84,120,160,1100,3300,13000,22000,31000,32000,32000,27524,1,47,757.001080299916,2.604901004815474,31935.35069200152,5822.201787530882
1783302179,500,,Aggregated,225.000000,0.000000,46,84,120,160,1100,3300,13000,22000,31000,32000,32000,27748,1,46,751.1319004439554,2.604901004815474,31935.35069200152,5815.082708663687
1783302180,500,,Aggregated,223.700000,0.000000,46,83,120,160,1100,3300,13000,21000,31000,32000,32000,27965,1,46,745.5183136291364,2.604901004815474,31935.35069200152,5814.964527087431
1783302181,500,,Aggregated,225.700000,0.000000,46,83,120,160,1100,3300,13000,21000,31000,32000,32000,28190,1,46,739.8419269364234,2.604901004815474,31935.35069200152,5811.999467896417
1783302182,500,,Aggregated,224.100000,0.000000,46,83,120,160,1000,3200,13000,21000,31000,32000,32000,28413,1,46,734.5845387768578,2.604901004815474,31935.35069200152,5815.986590645127
1783302183,500,,Aggregated,223.600000,0.000000,45,82,120,150,1000,3200,13000,21000,31000,32000,32000,28646,1,45,728.8563135805676,2.604901004815474,31935.35069200152,5816.258011589751
1783302184,500,,Aggregated,222.100000,0.000000,45,82,120,150,1000,3200,13000,21000,31000,32000,32000,28888,1,45,723.2635797712852,2.604901004815474,31935.35069200152,5821.648366103573
1783302185,500,,Aggregated,223.000000,0.000000,45,82,110,150,980,3200,12000,21000,31000,32000,32000,29130,1,45,717.5993439542337,2.604901004815474,31935.35069200152,5815.397802952283
1783302186,500,,Aggregated,221.100000,0.000000,45,81,110,150,960,3100,12000,21000,31000,32000,32000,29364,1,45,712.1795208629536,2.604901004815474,31935.35069200152,5815.251770875902
1783302187,500,,Aggregated,223.600000,0.000000,44,81,110,150,950,3100,12000,21000,31000,32000,32000,29565,1,44,707.5920767830804,2.604901004815474,31935.35069200152,5820.9188567563
1783302188,500,,Aggregated,225.100000,0.000000,45,82,110,150,940,3100,12000,21000,31000,32000,32000,29777,1,45,703.8640692383321,2.604901004815474,31935.35069200152,5823.213554085368
1783302190,500,,Aggregated,225.600000,0.000000,45,82,120,150,920,3000,12000,21000,31000,32000,32000,30040,1,45,698.5440392349175,2.604901004815474,31935.35069200152,5821.692876165113
1783302191,500,,Aggregated,220.200000,0.000000,45,81,110,150,910,3000,12000,17000,31000,32000,32000,30252,1,45,693.7582420945372,2.604901004815474,31935.35069200152,5816.177145312707
1783302192,500,,Aggregated,225.600000,0.000000,44,81,110,150,900,3000,12000,17000,31000,32000,32000,30475,1,44,688.934306226738,2.604901004815474,31935.35069200152,5811.020639868745
1783302193,500,,Aggregated,224.200000,0.000000,44,81,110,150,890,3000,12000,17000,31000,32000,32000,30710,1,44,684.0343691454566,2.604901004815474,31935.35069200152,5807.451253663302
1783302194,500,,Aggregated,225.100000,0.000000,44,80,110,150,870,2900,12000,16000,31000,32000,32000,30939,1,44,679.249883699408,2.604901004815474,31935.35069200152,5807.911664888975
1783302195,500,,Aggregated,224.800000,0.000000,44,80,110,140,860,2900,12000,16000,31000,32000,32000,31160,1,44,674.6879296619746,2.604901004815474,31935.35069200152,5803.941880616175
1783302196,500,,Aggregated,227.000000,0.000000,44,79,110,140,840,2900,12000,16000,31000,32000,32000,31393,1,44,669.9877857550774,2.604901004815474,31935.35069200152,5798.755614308922
1783302197,500,,Aggregated,225.800000,0.000000,44,79,110,140,820,2900,12000,16000,31000,32000,32000,31616,1,44,665.4801921032443,2.604901004815474,31935.35069200152,5798.565030364372
1783302198,500,,Aggregated,223.900000,0.000000,43,79,110,140,800,2900,12000,16000,31000,32000,32000,31842,1,43,661.050593573777,2.604901004815474,31935.35069200152,5801.236071854783
1783302199,500,,Aggregated,224.800000,0.000000,43,78,110,140,780,2900,11000,16000,31000,32000,32000,32090,1,43,656.2213845374326,2.604901004815474,31935.35069200152,5808.22673730134
1783302200,500,,Aggregated,225.800000,0.000000,43,78,110,140,760,2800,11000,16000,31000,32000,32000,32298,1,43,652.1678609136579,2.604901004815474,31935.35069200152,5804.409034615146
1783302201,500,,Aggregated,229.200000,0.000000,42,77,110,140,750,2800,10000,16000,31000,32000,32000,32530,1,42,647.7456495298591,2.604901004815474,31935.35069200152,5797.248785736244
1783302202,500,,Aggregated,224.700000,0.000000,42,77,110,140,720,2800,10000,16000,31000,32000,32000,32756,1,42,643.5478561271027,2.604901004815474,31935.35069200152,5792.991268775187
1783302203,500,,Aggregated,225.600000,0.000000,42,77,110,140,700,2800,9600,16000,31000,32000,32000,32991,1,42,639.3276162821808,2.604901004815474,31935.35069200152,5791.411051498893
1783302204,500,,Aggregated,226.100000,0.000000,42,77,110,130,680,2800,9300,15000,31000,32000,32000,33163,1,42,636.2620065405013,2.604901004815474,31935.35069200152,5792.428278503151
1783302205,500,,Aggregated,226.600000,0.000000,43,77,110,140,660,2800,9300,15000,31000,32000,32000,33439,1,43,632.3323864001175,2.604901004815474,31935.35069200152,5794.719877986782
1783302206,500,,Aggregated,220.500000,0.000000,42,77,110,140,650,2700,9300,15000,31000,32000,32000,33648,1,42,628.6684712496594,2.604901004815474,31935.35069200152,5794.953072990966
1783302207,500,,Aggregated,226.300000,0.000000,43,77,110,140,630,2700,7100,15000,31000,32000,32000,33883,1,43,624.8273440244831,2.604901004815474,31935.35069200152,5800.113744355576
1783302208,500,,Aggregated,224.500000,0.000000,42,77,110,130,610,2700,7100,15000,31000,32000,32000,34093,1,42,621.1611909698634,2.604901004815474,31935.35069200152,5800.445340685771
1783302209,500,,Aggregated,223.200000,0.000000,42,77,100,130,600,2700,7100,15000,31000,32000,32000,34336,1,42,616.9483591187824,2.604901004815474,31935.35069200152,5796.362272833178
1783302210,500,,Aggregated,223.900000,0.000000,43,77,110,130,590,2700,6800,15000,31000,32000,32000,34606,1,43,613.2207455310165,2.604901004815474,31935.35069200152,5793.61943015662
1783302211,500,,Aggregated,222.800000,0.000000,42,77,110,130,580,2600,6800,15000,31000,32000,32000,34820,1,42,609.678991398055,2.5985200045397505,31935.35069200152,5794.158156232051
1783302212,500,,Aggregated,222.100000,0.000000,42,77,100,130,570,2600,6300,15000,31000,32000,32000,35059,1,42,605.8776988809486,2.5985200045397505,31935.35069200152,5796.040931002025
1783302213,500,,Aggregated,223.100000,0.000000,42,77,100,130,560,2600,6300,15000,31000,32000,32000,35298,1,42,602.0882522734768,2.5985200045397505,31935.35069200152,5799.113830811944
1783302214,500,,Aggregated,222.900000,0.000000,42,77,100,130,550,2600,6300,15000,31000,32000,32000,35512,1,42,598.6006397883913,2.5985200045397505,31935.35069200152,5800.3279173237215
1783302215,500,,Aggregated,223.800000,0.000000,42,76,100,130,540,2600,6100,15000,31000,32000,32000,35750,1,42,594.8988509935505,2.5985200045397505,31935.35069200152,5794.666321678322
1783302216,500,,Aggregated,227.800000,0.000000,42,76,100,130,520,2600,6100,15000,31000,32000,32000,35967,1,42,591.4689993770265,2.5985200045397505,31935.35069200152,5794.4981510829375
1783302217,500,,Aggregated,224.700000,0.000000,41,76,100,130,510,2500,6100,15000,31000,32000,32000,36194,1,41,587.9598055611515,2.5985200045397505,31935.35069200152,5795.1310161905285
1783302218,500,,Aggregated,225.400000,0.000000,41,75,100,130,500,2500,6100,15000,31000,32000,32000,36431,1,41,584.4275173504265,2.5985200045397505,31935.35069200152,5796.69232247262
1783302219,500,,Aggregated,224.400000,0.000000,41,75,100,130,490,2500,6100,15000,31000,32000,32000,36596,1,41,582.0448234971985,2.5985200045397505,31935.35069200152,5799.744726199585
1783302220,500,,Aggregated,225.800000,0.000000,42,76,100,130,490,2500,6100,15000,31000,32000,32000,36846,1,42,579.7829032302142,2.5985200045397505,31935.35069200152,5797.461135537101
1783302221,500,,Aggregated,225.800000,0.000000,42,77,100,130,480,2500,6000,15000,31000,32000,32000,37107,1,42,576.6266064752358,2.5985200045397505,31935.35069200152,5790.588541245587
1783302222,500,,Aggregated,221.300000,0.000000,42,76,100,130,470,2400,5900,15000,31000,32000,32000,37309,1,42,573.5904617149354,2.5985200045397505,31935.35069200152,5791.487308692273
1783302223,500,,Aggregated,223.400000,0.000000,42,76,100,130,470,2400,5900,15000,31000,32000,32000,37527,1,42,570.4332564339443,2.5985200045397505,31935.35069200152,5788.183707730434
1783302224,500,,Aggregated,224.400000,0.000000,42,76,100,130,460,2400,5900,15000,31000,32000,32000,37767,1,42,567.1732170209599,2.5985200045397505,31935.35069200152,5788.9244578600365
1783302225,500,,Aggregated,221.100000,0.000000,41,76,100,130,450,2400,5900,15000,31000,32000,32000,38005,1,41,563.8966379579946,2.5985200045397505,31935.35069200152,5785.972871990528
1783302226,500,,Aggregated,221.800000,0.000000,41,75,100,130,440,2400,5900,14000,31000,32000,32000,38223,1,41,560.8061039112729,2.5985200045397505,31935.35069200152,5786.542265128326
1783302227,500,,Aggregated,222.400000,0.000000,41,75,100,130,430,2300,5800,14000,31000,32000,32000,38459,1,41,557.5746983242836,2.5985200045397505,31935.35069200152,5783.140149249851
1783302228,500,,Aggregated,221.500000,0.000000,41,75,100,130,420,2300,5700,14000,31000,32000,32000,38678,1,41,554.5551460597658,2.5985200045397505,31935.35069200152,5785.643544133616
1783302229,500,,Aggregated,224.200000,0.000000,40,75,100,130,420,2300,5700,14000,31000,32000,32000,38903,1,40,551.5509246894742,2.5985200045397505,31935.35069200152,5784.918720921266
1783302230,500,,Aggregated,221.800000,0.000000,41,75,100,130,410,2200,5600,14000,31000,32000,32000,39131,1,41,548.8665195377225,2.5985200045397505,31935.35069200152,5787.256241854285
1783302231,500,,Aggregated,222.700000,0.000000,41,75,100,130,400,2200,5400,14000,31000,32000,32000,39366,1,41,545.8162703382238,2.5985200045397505,31935.35069200152,5785.658309200833
1783302232,500,,Aggregated,227.000000,0.000000,40,74,100,130,400,2200,5400,14000,31000,32000,32000,39579,1,40,542.9975837469754,2.5985200045397505,31935.35069200152,5786.663508426185
1783302233,500,,Aggregated,226.000000,0.000000,40,74,100,120,400,2200,5300,14000,31000,32000,32000,39817,1,40,540.0989518917893,2.5985200045397505,31935.35069200152,5784.731747745937
1783302234,500,,Aggregated,223.600000,0.000000,40,74,100,120,390,2200,5200,14000,31000,32000,32000,40044,1,40,537.2775120311762,2.5985200045397505,31935.35069200152,5784.105384077515
1783302235,500,,Aggregated,224.900000,0.000000,40,74,100,120,390,2100,5200,14000,31000,32000,32000,40205,1,40,535.4716743303427,2.5985200045397505,31935.35069200152,5784.988459146873
1783302236,500,,Aggregated,227.400000,0.000000,41,75,100,130,390,2100,5200,14000,31000,32000,32000,40478,1,41,533.3737609747596,2.5985200045397505,31935.35069200152,5783.403107861061
1783302237,500,,Aggregated,224.000000,0.000000,41,75,100,130,380,2100,5200,14000,31000,32000,32000,40675,1,41,530.9766001696453,2.5985200045397505,31935.35069200152,5782.7359557467735
1783302238,500,,Aggregated,221.400000,0.000000,41,75,100,130,380,2100,5200,14000,31000,32000,32000,40896,1,41,528.3292600673491,2.5985200045397505,31935.35069200152,5785.455007824726
1783302239,500,,Aggregated,222.900000,0.000000,41,75,100,130,370,2100,5200,14000,31000,32000,32000,41138,1,41,525.5195529633268,2.5985200045397505,31935.35069200152,5781.122149837133
1783302240,500,,Aggregated,220.100000,0.000000,40,74,100,120,370,2100,5200,14000,31000,32000,32000,41359,1,40,522.9399705406378,2.5985200045397505,31935.35069200152,5782.265480306583
1783302241,500,,Aggregated,221.400000,0.000000,40,74,100,120,370,2000,5100,14000,31000,32000,32000,41602,1,40,520.0704856071162,2.5985200045397505,31935.35069200152,5778.237272246527
1783302242,500,,Aggregated,222.800000,0.000000,40,74,100,120,360,2000,5100,14000,31000,32000,32000,41826,1,40,517.4625404600108,2.5985200045397505,31935.35069200152,5775.110648878688
1783302243,500,,Aggregated,221.200000,0.000000,40,74,100,120,360,2000,5100,14000,31000,32000,32000,42070,1,40,514.8727199371876,2.5985200045397505,31935.35069200152,5775.398930354171
1783302244,500,,Aggregated,223.500000,0.000000,40,74,99,120,350,2000,5100,14000,31000,32000,32000,42288,1,40,512.4143788181615,2.5985200045397505,31935.35069200152,5776.287481082104
1783302245,500,,Aggregated,223.500000,0.000000,40,74,99,120,350,1900,4900,14000,31000,32000,32000,42502,1,40,509.96723996556483,2.5985200045397505,31935.35069200152,5770.5604677426945
1783302246,500,,Aggregated,223.500000,0.000000,40,73,99,120,350,1900,4800,14000,31000,32000,32000,42752,1,40,507.1756109515404,2.5985200045397505,31935.35069200152,5763.141654191617
1783302247,500,,Aggregated,222.100000,0.000000,40,73,99,120,340,1900,4800,14000,31000,32000,32000,42974,1,40,504.81046813061863,2.5985200045397505,31935.35069200152,5763.793154000093
1783302248,500,,Aggregated,227.000000,0.000000,40,74,99,120,340,1900,4800,14000,30000,32000,32000,43197,1,40,502.87032222587993,2.5985200045397505,31935.35069200152,5761.681551959627
1783302249,500,,Aggregated,224.600000,0.000000,40,73,99,120,340,1900,4800,14000,30000,32000,32000,43419,1,40,500.53180803998794,2.5985200045397505,31935.35069200152,5762.924180658237
1783302250,500,,Aggregated,226.300000,0.000000,40,73,99,120,330,1900,4700,14000,30000,32000,32000,43641,1,40,498.1292058249874,2.5985200045397505,31935.35069200152,5760.026672166083
1783302251,500,,Aggregated,226.000000,0.000000,39,73,98,120,330,1900,4600,14000,30000,32000,32000,43861,1,39,495.77591214177534,2.5985200045397505,31935.35069200152,5760.599256742892
1783302252,500,,Aggregated,226.400000,0.000000,39,73,98,120,330,1800,4600,14000,30000,32000,32000,44043,1,39,493.9715664529076,2.5985200045397505,31935.35069200152,5759.39452353382
1783302253,500,,Aggregated,225.200000,0.000000,40,74,99,120,340,1800,4500,14000,30000,32000,32000,44281,1,40,492.9544496303262,2.5985200045397505,31935.35069200152,5761.772137033942
1783302254,500,,Aggregated,224.700000,0.000000,40,74,100,120,340,1800,4500,14000,30000,32000,32000,44518,1,40,491.1952136976859,2.5985200045397505,31935.35069200152,5761.0409497282
1783302255,500,,Aggregated,220.000000,0.000000,40,74,99,120,330,1800,4500,14000,30000,32000,32000,44719,1,40,489.0998142894652,2.5985200045397505,31935.35069200152,5756.757150204611
1783302256,500,,Aggregated,218.300000,0.000000,40,74,99,120,330,1800,4500,14000,30000,32000,32000,44965,1,40,486.6459620939722,2.5985200045397505,31935.35069200152,5754.691204269988
1783302257,500,,Aggregated,222.500000,0.000000,40,74,99,120,330,1700,4500,14000,30000,32000,32000,45209,1,40,484.2982763091979,2.5985200045397505,31935.35069200152,5751.460572009998
1783302258,500,,Aggregated,219.800000,0.000000,40,73,99,120,330,1700,4400,14000,30000,32000,32000,45401,1,40,482.3559535998006,2.5985200045397505,31935.35069200152,5752.489064117531
1783302259,500,,Aggregated,219.600000,0.000000,39,73,99,120,320,1700,4400,14000,30000,32000,32000,45652,1,39,479.9221126766324,2.5985200045397505,31935.35069200152,5750.496407605362
1783302260,500,,Aggregated,224.100000,0.000000,39,73,98,120,320,1700,4300,14000,30000,32000,32000,45864,1,39,477.80855130393445,2.5985200045397505,31935.35069200152,5747.873909820339
1783302261,500,,Aggregated,218.900000,0.000000,39,73,98,120,320,1700,4300,14000,30000,32000,32000,46094,1,39,475.6908321656535,2.5985200045397505,31935.35069200152,5749.723087603593
1783302262,500,,Aggregated,220.700000,0.000000,39,73,98,120,310,1700,4300,14000,30000,32000,32000,46335,1,39,473.50330377500103,2.5985200045397505,31935.35069200152,5744.99630948527
1783302263,500,,Aggregated,220.400000,0.000000,39,73,98,120,310,1600,4300,14000,30000,32000,32000,46531,1,39,471.70187384085153,2.5985200045397505,31935.35069200152,5744.599750703832
1783302264,500,,Aggregated,220.600000,0.000000,39,73,98,120,310,1600,4300,14000,30000,32000,32000,46791,1,39,469.3569818180981,2.5985200045397505,31935.35069200152,5743.460045735291
1783302265,500,,Aggregated,226.200000,0.000000,39,72,97,120,310,1600,4300,14000,30000,32000,32000,46984,1,39,467.5714134044054,2.5985200045397505,31935.35069200152,5742.560978205346
1783302266,500,,Aggregated,225.000000,0.000000,39,72,97,120,300,1600,4300,14000,30000,32000,32000,47224,1,39,465.40612143241447,2.5985200045397505,31935.35069200152,5744.110727596138
1783302267,500,,Aggregated,224.500000,0.000000,39,72,97,120,300,1600,4300,14000,30000,32000,32000,47449,1,39,463.393964881689,2.5985200045397505,31935.35069200152,5744.306328900504
1783302269,500,,Aggregated,224.000000,0.000000,39,72,97,120,300,1500,4300,14000,30000,32000,32000,47639,1,39,461.66061145780384,2.5985200045397505,31935.35069200152,5739.876823610907
1783302270,500,,Aggregated,222.300000,0.000000,39,73,98,120,310,1500,4300,14000,30000,32000,32000,47894,1,39,460.4921114727605,2.5985200045397505,31935.35069200152,5741.235144276945
1783302271,500,,Aggregated,219.300000,0.000000,40,73,99,120,300,1500,4300,14000,30000,32000,32000,48140,1,40,459.03277266857975,2.5985200045397505,31935.35069200152,5742.476277523889
1783302272,500,,Aggregated,219.300000,0.000000,40,73,99,120,300,1500,4200,14000,30000,32000,32000,48363,1,40,457.1738415489208,2.5985200045397505,31935.35069200152,5739.303889336889
1783302273,500,,Aggregated,222.600000,0.000000,39,73,98,120,300,1500,4200,14000,30000,32000,32000,48583,1,39,455.267261070879,2.5985200045397505,31935.35069200152,5741.54687853776
1783302274,500,,Aggregated,222.400000,0.000000,39,73,98,120,300,1500,4200,14000,30000,32000,32000,48831,1,39,453.2383473888216,2.5985200045397505,31935.35069200152,5741.860518932645
1783302275,500,,Aggregated,221.500000,0.000000,39,73,98,120,300,1400,4200,14000,30000,32000,32000,49067,1,39,451.1965771606867,2.5985200045397505,31935.35069200152,5740.537489555099
1783302276,500,,Aggregated,223.000000,0.000000,39,73,98,120,290,1400,4200,14000,30000,32000,32000,49276,1,39,449.5096340322524,2.5985200045397505,31935.35069200152,5744.45642909327
1783302277,500,,Aggregated,223.200000,0.000000,39,73,98,120,290,1400,4200,14000,30000,32000,32000,49510,1,39,447.6251705401822,2.5985200045397505,31935.35069200152,5743.037709553626
1783302278,500,,Aggregated,224.400000,0.000000,39,72,97,120,290,1400,4200,14000,30000,32000,32000,49745,1,39,445.63727604103764,2.5985200045397505,31935.35069200152,5742.302502764097
1783302279,500,,Aggregated,224.500000,0.000000,39,72,97,120,290,1400,4200,14000,30000,32000,32000,49976,1,39,443.68634523626133,2.5985200045397505,31935.35069200152,5740.946194173203
1783302280,500,,Aggregated,225.000000,0.000000,39,72,97,120,280,1400,4200,14000,30000,32000,32000,50197,1,39,441.91221177234587,2.5985200045397505,31935.35069200152,5738.985019025042
1783302281,500,,Aggregated,231.300000,0.000000,39,72,97,120,280,1300,4200,14000,30000,32000,32000,50437,1,39,439.9998424285052,2.5985200045397505,31935.35069200152,5738.769712710907
1783302282,500,,Aggregated,229.000000,0.000000,39,72,97,120,280,1300,4200,14000,30000,32000,32000,50655,1,39,438.35903010619944,2.5985200045397505,31935.35069200152,5739.229750271444
1783302283,500,,Aggregated,227.400000,0.000000,38,72,96,120,280,1300,4200,14000,30000,32000,32000,50878,1,38,436.55875748856994,2.5985200045397505,31935.35069200152,5737.471932858996
1783302284,500,,Aggregated,227.700000,0.000000,38,72,96,120,280,1300,4200,14000,30000,32000,32000,51103,1,38,434.8622027804548,2.5985200045397505,31935.35069200152,5733.6278887736535
1783302285,500,,Aggregated,226.300000,0.000000,38,72,96,120,280,1300,4100,13000,30000,32000,32000,51275,1,38,433.66811149676226,2.5985200045397505,31935.35069200152,5731.239258898098
1783302286,500,,Aggregated,226.000000,0.000000,39,72,97,120,280,1300,4100,13000,30000,32000,32000,51528,1,39,432.72289471338627,2.5985200045397505,31935.35069200152,5738.945932308648
1783302287,500,,Aggregated,219.800000,0.000000,39,73,97,120,280,1300,4100,13000,30000,32000,32000,51765,1,39,431.2217963621633,2.5985200045397505,31935.35069200152,5739.765826330532
1783302288,500,,Aggregated,222.900000,0.000000,39,72,97,120,280,1300,4100,13000,30000,32000,32000,51995,1,39,429.4753293150964,2.5985200045397505,31935.35069200152,5741.910741417444
1783302289,500,,Aggregated,224.100000,0.000000,39,72,97,120,280,1300,4100,13000,30000,32000,32000,52216,1,39,427.8561002772985,2.5985200045397505,31935.35069200152,5740.766910525509
1783302290,500,,Aggregated,222.500000,0.000000,39,72,97,120,270,1300,4100,13000,30000,32000,32000,52436,1,39,426.1781305624679,2.5985200045397505,31935.35069200152,5738.842207643604
1783302291,500,,Aggregated,221.300000,0.000000,39,72,97,120,270,1300,4100,13000,30000,32000,32000,52674,1,39,424.4282073685032,2.5985200045397505,31935.35069200152,5738.587234688841
1783302292,500,,Aggregated,222.200000,0.000000,38,72,96,120,270,1200,4100,13000,30000,32000,32000,52881,1,38,422.8553341024648,2.5985200045397505,31935.35069200152,5738.20423214387
1783302293,500,,Aggregated,222.300000,0.000000,38,72,96,120,270,1200,4100,13000,30000,32000,32000,53118,1,38,421.1564512980448,2.5985200045397505,31935.35069200152,5738.514138333521
1783302294,500,,Aggregated,220.700000,0.000000,38,71,96,110,270,1200,4100,13000,30000,32000,32000,53344,1,38,419.49074145027714,2.5985200045397505,31935.35069200152,5741.102485752849
1783302295,500,,Aggregated,222.300000,0.000000,38,71,96,110,260,1200,4100,13000,30000,32000,32000,53575,1,38,417.8547380778989,2.5985200045397505,31935.35069200152,5742.6414372375175
1783302296,500,,Aggregated,222.900000,0.000000,38,71,96,110,260,1200,4100,13000,30000,32000,32000,53800,1,38,416.29338099219945,2.5985200045397505,31935.35069200152,5741.122676579926
1783302297,500,,Aggregated,227.800000,0.000000,38,71,95,110,260,1200,4100,13000,30000,32000,32000,54035,1,38,414.6430716354636,2.5985200045397505,31935.35069200152,5740.832108818358
1783302298,500,,Aggregated,225.000000,0.000000,38,71,95,110,260,1200,4100,13000,30000,32000,32000,54270,1,38,413.05007146912186,2.5985200045397505,31935.35069200152,5743.325944352313
1783302299,500,,Aggregated,224.900000,0.000000,38,71,95,110,260,1200,4100,13000,30000,32000,32000,54481,1,38,411.56168448600783,2.5985200045397505,31935.35069200152,5744.404489638589
1783302300,500,,Aggregated,225.300000,0.000000,38,71,95,110,250,1200,4100,13000,30000,32000,32000,54727,1,38,409.9207858394975,2.5985200045397505,31935.35069200152,5744.029528386354
1783302301,500,,Aggregated,225.900000,0.000000,37,70,95,110,250,1200,4100,13000,30000,32000,32000,54957,1,37,408.29525749495434,2.5985200045397505,31935.35069200152,5745.243062758156
1783302302,500,,Aggregated,225.800000,0.000000,37,70,94,110,250,1100,4000,13000,30000,32000,32000,55112,1,37,407.209692770671,2.5985200045397505,31935.35069200152,5747.394070256932
1783302303,500,,Aggregated,227.100000,0.000000,38,71,95,110,260,1100,4000,13000,30000,32000,32000,55384,1,38,406.39265278940064,2.5985200045397505,31935.35069200152,5749.107323414704
1783302304,500,,Aggregated,226.900000,0.000000,38,71,95,110,260,1100,4000,13000,30000,32000,32000,55607,1,38,405.1607671322174,2.5985200045397505,31935.35069200152,5750.901325372705
1783302305,500,,Aggregated,221.800000,0.000000,38,71,95,110,260,1100,4000,13000,30000,32000,32000,55833,1,38,403.65584057869205,2.5985200045397505,31935.35069200152,5751.660362151416
1783302306,500,,Aggregated,224.200000,0.000000,38,71,95,110,250,1100,4000,13000,30000,32000,32000,56070,1,38,402.14554625844556,2.5985200045397505,31935.35069200152,5750.788746210094
1783302307,500,,Aggregated,223.000000,0.000000,37,71,95,110,250,1100,4000,13000,30000,32000,32000,56284,1,37,400.7110430030394,2.5985200045397505,31935.35069200152,5749.092797242555
1783302308,500,,Aggregated,224.000000,0.000000,37,70,95,110,250,1100,4000,13000,30000,32000,32000,56519,1,37,399.2021489725071,2.5985200045397505,31935.35069200152,5751.605796280896
1783302309,500,,Aggregated,222.300000,0.000000,37,70,94,110,250,1000,3900,13000,30000,32000,32000,56755,1,37,397.70883817972043,2.5985200045397505,31935.35069200152,5749.587542947758
1783302310,500,,Aggregated,223.100000,0.000000,37,70,94,110,250,1000,3900,13000,30000,32000,32000,56981,1,37,396.33015547986093,2.5985200045397505,31935.35069200152,5749.7897369298535
1783302311,500,,Aggregated,222.100000,0.000000,37,70,94,110,250,1000,3900,13000,30000,32000,32000,57189,1,37,394.9731863966315,2.5985200045397505,31935.35069200152,5748.855146968823
1783302312,500,,Aggregated,222.900000,0.000000,37,70,94,110,250,1000,3900,13000,30000,32000,32000,57420,1,37,393.48019193531803,2.5985200045397505,31935.35069200152,5749.246029258098
1783302313,500,,Aggregated,219.100000,0.000000,37,70,94,110,240,1000,3900,13000,30000,32000,32000,57649,1,37,392.10001345006657,2.5985200045397505,31935.35069200152,5750.312078266752
1783302314,500,,Aggregated,221.400000,0.000000,37,70,93,110,240,990,3900,12000,30000,32000,32000,57882,1,37,390.62305028174285,2.5985200045397505,31935.35069200152,5747.921253584879
1783302315,500,,Aggregated,227.400000,0.000000,36,69,93,110,240,990,3900,12000,30000,32000,32000,58110,1,36,389.22156632205815,2.5985200045397505,31935.35069200152,5752.163861641714
1783302316,500,,Aggregated,223.100000,0.000000,36,69,93,110,240,980,3900,12000,30000,32000,32000,58340,1,36,387.8440990284658,2.5985200045397505,31935.35069200152,5752.179705176552
1783302317,500,,Aggregated,224.400000,0.000000,36,69,93,110,240,960,3900,12000,30000,32000,32000,58584,1,36,386.40050429191825,2.5985200045397505,31935.35069200152,5754.244691383313
1783302318,500,,Aggregated,224.700000,0.000000,36,69,92,110,240,950,3800,12000,30000,32000,32000,58805,1,36,385.0515509132503,2.5985200045397505,31935.35069200152,5756.699736416971
1783302319,500,,Aggregated,226.300000,0.000000,36,69,92,110,240,950,3800,12000,30000,32000,32000,58987,1,36,383.97740436082404,2.5985200045397505,31935.35069200152,5756.473968840592
1783302320,500,,Aggregated,226.700000,0.000000,37,69,93,110,240,940,3800,12000,30000,32000,32000,59254,1,37,383.17408515693245,2.5985200045397505,31935.35069200152,5757.974094575894
1783302321,500,,Aggregated,227.700000,0.000000,36,69,93,110,240,940,3800,12000,30000,32000,32000,59490,1,36,381.83001323018874,2.5985200045397505,31935.35069200152,5759.511682635737
1783302322,500,,Aggregated,221.300000,0.000000,36,69,93,110,240,930,3800,12000,30000,32000,32000,59701,1,36,380.5949393599754,2.5985200045397505,31935.35069200152,5762.947170064153
1783302323,500,,Aggregated,226.400000,0.000000,37,69,93,110,240,930,3800,12000,30000,32000,32000,59931,1,37,379.4919804233184,2.5985200045397505,31935.35069200152,5762.493534231033
1783302324,500,,Aggregated,224.100000,0.000000,37,69,93,110,240,920,3800,12000,30000,32000,32000,60153,1,37,378.28007014536365,2.5985200045397505,31935.35069200152,5760.204362209699
1783302325,500,,Aggregated,222.500000,0.000000,37,69,93,110,230,910,3800,12000,30000,32000,32000,60376,1,37,377.0588488698368,2.5985200045397505,31935.35069200152,5759.835083476878
1783302326,500,,Aggregated,226.100000,0.000000,36,69,93,110,230,910,3800,12000,30000,32000,32000,60610,1,36,375.72319597400076,2.5985200045397505,31935.35069200152,5754.39749216301
1783302327,500,,Aggregated,222.400000,0.000000,36,69,93,110,230,900,3800,12000,30000,32000,32000,60838,1,36,374.5156291224582,2.5985200045397505,31935.35069200152,5754.482461619383
1783302328,500,,Aggregated,223.800000,0.000000,36,69,92,110,230,900,3800,12000,30000,32000,32000,61058,1,36,373.2682500207386,2.5985200045397505,31935.35069200152,5752.650725539651
1783302329,500,,Aggregated,220.500000,0.000000,36,69,92,110,230,890,3800,12000,30000,32000,32000,61292,1,36,371.95666369587065,2.5985200045397505,31935.35069200152,5752.021014161718
1783302330,500,,Aggregated,221.000000,0.000000,36,69,92,110,230,880,3800,12000,30000,32000,32000,61519,1,36,370.75368214677366,2.5985200045397505,31935.35069200152,5754.300606316748
1783302331,500,,Aggregated,220.300000,0.000000,36,69,92,110,230,880,3700,12000,30000,32000,32000,61744,1,36,369.55453640981085,2.5985200045397505,31935.35069200152,5755.2226289194095
1783302332,500,,Aggregated,226.000000,0.000000,36,68,92,110,230,870,3700,12000,30000,32000,32000,61970,1,36,368.34020318535215,2.5985200045397505,31935.35069200152,5754.085928675166
1783302333,500,,Aggregated,223.700000,0.000000,36,68,92,110,230,860,3700,12000,30000,32000,32000,62201,1,36,367.1110521841017,2.5985200045397505,31935.35069200152,5752.78577514831
1783302334,500,,Aggregated,225.200000,0.000000,36,68,91,110,220,860,3700,12000,30000,32000,32000,62412,1,36,365.9829674081473,2.5985200045397505,31935.35069200152,5755.393145548933
1783302335,500,,Aggregated,224.300000,0.000000,36,68,91,110,220,850,3700,12000,30000,32000,32000,62641,1,36,364.74556897896264,2.5985200045397505,31935.35069200152,5753.925065053239
1783302336,500,,Aggregated,222.800000,0.000000,36,68,91,110,220,840,3700,12000,30000,32000,32000,62874,1,36,363.51344547675245,2.5985200045397505,31935.35069200152,5750.742405445812
1783302337,500,,Aggregated,225.900000,0.000000,35,68,91,110,220,830,3700,12000,30000,32000,32000,63087,1,35,362.4033661475788,2.5985200045397505,31935.35069200152,5752.273114904814
1783302338,500,,Aggregated,223.800000,0.000000,36,68,91,110,220,820,3700,12000,30000,32000,32000,63238,1,36,361.9280148178681,2.5985200045397505,31935.35069200152,5753.980881748316
1783302339,500,,Aggregated,226.600000,0.000000,36,68,92,110,230,810,3700,12000,30000,32000,32000,63518,1,36,361.15237318691277,2.5985200045397505,31935.35069200152,5753.121020812998
1783302340,500,,Aggregated,222.200000,0.000000,36,68,91,110,220,810,3700,12000,30000,32000,32000,63728,1,36,360.0732035043199,2.5985200045397505,31935.35069200152,5753.622269645995
1783302341,500,,Aggregated,218.500000,0.000000,36,68,91,110,220,800,3700,12000,30000,32000,32000,63975,1,36,358.7940910887407,2.5985200045397505,31935.35069200152,5751.6736225087925
1783302342,500,,Aggregated,221.200000,0.000000,35,68,91,110,220,780,3700,11000,30000,32000,32000,64186,1,35,357.7053099092804,2.5985200045397505,31935.35069200152,5754.464556133737
1783302343,500,,Aggregated,218.600000,0.000000,35,68,91,110,220,780,3700,11000,30000,32000,32000,64409,1,35,356.5667836120415,2.5985200045397505,31935.35069200152,5754.376764116816
1783302344,500,,Aggregated,220.600000,0.000000,35,68,91,110,220,770,3700,10000,30000,32000,32000,64649,1,35,355.4374067127555,2.5985200045397505,31935.35069200152,5754.366687806462
1783302345,500,,Aggregated,220.900000,0.000000,35,67,90,110,220,760,3600,10000,30000,32000,32000,64875,1,35,354.29846325524267,2.5985200045397505,31935.35069200152,5756.164701348747
1783302346,500,,Aggregated,219.800000,0.000000,35,67,90,110,220,760,3600,10000,30000,32000,32000,65100,1,35,353.25226327382245,2.5985200045397505,31935.35069200152,5760.258632872504
1783302347,500,,Aggregated,220.400000,0.000000,35,68,91,110,220,750,3600,10000,30000,32000,32000,65344,1,35,352.3158610494883,2.5985200045397505,31935.35069200152,5760.777072110675
1783302348,500,,Aggregated,221.900000,0.000000,35,67,90,110,220,740,3600,10000,30000,32000,32000,65557,1,35,351.23542580991676,2.5985200045397505,31935.35069200152,5762.499122900682
1783302349,500,,Aggregated,219.400000,0.000000,35,67,90,110,220,730,3600,9600,30000,32000,32000,65785,1,35,350.1623036074447,2.5985200045397505,31935.35069200152,5760.200881659953
1783302350,500,,Aggregated,224.200000,0.000000,35,67,90,110,220,720,3500,9600,30000,32000,32000,66015,1,35,349.10005585660525,2.5985200045397505,31935.35069200152,5759.6354616375065
1783302351,500,,Aggregated,228.100000,0.000000,35,67,90,110,210,710,3500,9300,30000,32000,32000,66248,1,35,348.04057707501903,2.5985200045397505,31935.35069200152,5757.421914623837
1783302352,500,,Aggregated,226.300000,0.000000,35,67,90,110,210,700,3500,9300,30000,32000,32000,66463,1,35,347.0163861203813,2.5985200045397505,31935.35069200152,5759.121541308698
1783302353,500,,Aggregated,226.900000,0.000000,35,67,90,110,210,690,3500,9300,30000,32000,32000,66704,1,35,345.91243477160083,2.5985200045397505,31935.35069200152,5758.259219836891
1783302354,500,,Aggregated,225.800000,0.000000,35,67,90,110,210,680,3500,9300,30000,32000,32000,66933,1,35,344.85301705702597,2.5985200045397505,31935.35069200152,5757.116355161132
1783302355,500,,Aggregated,226.000000,0.000000,35,67,90,110,210,670,3500,9300,30000,32000,32000,67073,1,35,344.2561601545763,2.5985200045397505,31935.35069200152,5756.125430501096
1783302356,500,,Aggregated,227.000000,0.000000,35,67,90,110,220,680,3500,9300,30000,32000,32000,67299,1,35,344.3197388317174,2.5985200045397505,31935.35069200152,5758.824336171414
1783302357,500,,Aggregated,226.900000,0.000000,36,68,91,110,220,680,3500,9100,30000,32000,32000,67568,1,36,344.06542748191083,2.5985200045397505,31935.35069200152,5759.276314231589
1783302358,500,,Aggregated,215.500000,0.000000,35,68,91,110,220,670,3400,7100,30000,32000,32000,67778,1,35,343.07659297122757,2.5985200045397505,31935.35069200152,5757.305305556375
1783302359,500,,Aggregated,218.700000,0.000000,35,68,91,110,220,670,3400,7100,30000,32000,32000,68003,1,35,342.08447590494444,2.5985200045397505,31935.35069200152,5759.026807640839
1783302360,500,,Aggregated,220.500000,0.000000,35,68,91,110,220,660,3400,7100,30000,32000,32000,68242,1,35,340.9992195064173,2.5985200045397505,31935.35069200152,5760.48963981126
1783302361,500,,Aggregated,219.400000,0.000000,35,68,91,110,220,660,3400,7100,30000,32000,32000,68444,1,35,340.1002769607265,2.5985200045397505,31935.35069200152,5757.560706563029
1783302362,500,,Aggregated,218.300000,0.000000,35,67,90,110,220,650,3400,7100,30000,32000,32000,68695,1,35,338.99713935024215,2.5985200045397505,31935.35069200152,5757.627469248126
1783302364,500,,Aggregated,220.200000,0.000000,35,67,90,110,220,640,3300,6800,30000,32000,32000,68906,1,35,338.037157021693,2.5985200045397505,31935.35069200152,5758.540606043015
1783302365,500,,Aggregated,220.300000,0.000000,35,67,90,110,220,640,3300,6800,30000,32000,32000,69154,1,35,336.93717079733295,2.5985200045397505,31935.35069200152,5755.793142840616
1783302366,500,,Aggregated,217.900000,0.000000,35,67,90,110,210,630,3300,6800,30000,32000,32000,69359,1,35,336.01521644896525,2.5985200045397505,31935.35069200152,5756.144898282847
1783302367,500,,Aggregated,219.800000,0.000000,35,67,90,110,210,630,3300,6800,30000,32000,32000,69594,1,35,335.0507473759647,2.5985200045397505,31935.35069200152,5756.150918182602
1783302368,500,,Aggregated,228.200000,0.000000,35,67,90,110,210,620,3300,6800,30000,32000,32000,69798,1,35,334.196844844178,2.5985200045397505,31935.35069200152,5756.271053611851
1783302369,500,,Aggregated,227.100000,0.000000,35,67,90,110,210,610,3300,6400,30000,32000,32000,70057,1,35,333.4569568699765,2.5985200045397505,31935.35069200152,5752.648058009906
1783302370,500,,Aggregated,221.600000,0.000000,35,67,90,110,210,610,3300,6300,30000,32000,32000,70293,1,35,332.4081594181651,2.5985200045397505,31935.35069200152,5756.135433115673
1783302371,500,,Aggregated,226.200000,0.000000,35,67,90,110,210,610,3300,6300,30000,32000,32000,70497,1,35,331.4969495739965,2.5985200045397505,31935.35069200152,5754.749663106231
1783302372,500,,Aggregated,226.600000,0.000000,35,67,90,110,210,600,3300,6300,30000,32000,32000,70729,1,35,330.52473073673013,2.5985200045397505,31935.35069200152,5753.635722263853
1783302373,500,,Aggregated,224.400000,0.000000,34,67,89,110,210,600,3200,6300,30000,32000,32000,70981,1,34,329.4750031581161,2.5985200045397505,31935.35069200152,5756.040715120947
1783302374,500,,Aggregated,226.500000,0.000000,35,67,90,110,210,600,3200,6200,30000,32000,32000,71126,1,35,329.01244837531215,2.5985200045397505,31935.35069200152,5754.91468661249
1783302375,500,,Aggregated,226.100000,0.000000,35,67,90,110,220,600,3200,6100,30000,32000,32000,71389,1,35,328.6970407346437,2.5985200045397505,31935.35069200152,5753.860552746221
1783302376,500,,Aggregated,219.400000,0.000000,35,67,90,110,210,590,3200,6100,30000,32000,32000,71607,1,35,327.79660404128714,2.5985200045397505,31935.35069200152,5757.843339338333
1783302377,500,,Aggregated,221.700000,0.000000,35,67,90,110,210,590,3200,6100,30000,32000,32000,71836,1,35,326.92981122969667,2.5985200045397505,31935.35069200152,5757.057394621082
1783302378,500,,Aggregated,222.500000,0.000000,35,67,90,110,210,580,3200,6100,30000,32000,32000,72078,1,35,325.98566321815883,2.5985200045397505,31935.35069200152,5756.386595077555
1783302379,500,,Aggregated,222.000000,0.000000,35,67,90,110,210,580,3200,6100,30000,32000,32000,72303,1,35,325.0518034883147,2.5985200045397505,31935.35069200152,5756.7850711588735
1783302380,500,,Aggregated,225.600000,0.000000,34,67,90,110,210,580,3200,6100,30000,32000,32000,72531,1,34,324.1328653843811,2.5985200045397505,31935.35069200152,5757.470309247081
1783302381,500,,Aggregated,223.100000,0.000000,34,67,89,110,210,570,3200,6100,30000,32000,32000,72763,1,34,323.24299256016826,2.5985200045397505,31935.35069200152,5758.069746986793
1783302382,500,,Aggregated,222.400000,0.000000,35,67,89,110,210,570,3200,6100,30000,32000,32000,72995,1,35,322.43395887745027,2.5985200045397505,31935.35069200152,5757.615549010206
1783302383,500,,Aggregated,224.700000,0.000000,35,67,89,110,210,560,3100,6100,30000,32000,32000,73225,1,35,321.565071549177,2.5985200045397505,31935.35069200152,5756.110454079891
1783302384,500,,Aggregated,224.200000,0.000000,34,66,89,110,210,560,3100,6100,30000,32000,32000,73466,1,34,320.61558960819195,2.5985200045397505,31935.35069200152,5756.20783763918
1783302385,500,,Aggregated,224.000000,0.000000,34,66,89,110,210,550,3100,6100,30000,32000,32000,73684,1,34,319.74191529932597,2.5985200045397505,31935.35069200152,5754.112195320558
1783302386,500,,Aggregated,233.000000,0.000000,34,66,89,110,210,550,3100,6000,30000,32000,32000,73922,1,34,318.8381687880808,2.5985200045397505,31935.35069200152,5753.071818944292
1783302387,500,,Aggregated,228.200000,0.000000,34,66,89,100,210,550,3100,6000,30000,32000,32000,74139,1,34,318.0183338794493,2.5985200045397505,31935.35069200152,5751.703745666923
1783302388,500,,Aggregated,229.100000,0.000000,34,66,89,100,200,550,3100,6000,30000,32000,32000,74354,1,34,317.1921797600465,2.5985200045397505,31935.35069200152,5751.384135352503
1783302389,500,,Aggregated,230.100000,0.000000,34,66,89,100,200,540,3100,5900,30000,32000,32000,74590,1,34,316.3691654314994,2.5985200045397505,31935.35069200152,5753.280466550476
1783302390,500,,Aggregated,226.900000,0.000000,34,66,89,100,200,540,3100,5900,30000,32000,32000,74813,1,34,315.5774524933684,2.5985200045397505,31935.35069200152,5753.615481266625
1783302391,500,,Aggregated,227.300000,0.000000,34,66,89,100,200,540,3000,5900,30000,32000,32000,75054,1,34,314.6737465567636,2.5985200045397505,31935.35069200152,5754.246422575746
1783302392,500,,Aggregated,227.300000,0.000000,34,66,89,100,200,530,3000,5900,30000,32000,32000,75208,1,34,314.0844850879478,2.5985200045397505,31935.35069200152,5752.619176151473
1783302393,500,,Aggregated,227.600000,0.000000,34,66,89,110,210,530,3000,5900,30000,32000,32000,75488,1,34,313.7724460059287,2.5985200045397505,31935.35069200152,5753.427418927512
1783302394,500,,Aggregated,225.400000,0.000000,34,66,89,110,210,520,3000,5900,30000,32000,32000,75723,1,34,313.0252640958718,2.5985200045397505,31935.35069200152,5753.073134978805
1783302395,500,,Aggregated,221.600000,0.000000,34,66,89,110,200,520,3000,5900,30000,32000,32000,75933,1,34,312.2394511837218,2.5985200045397505,31935.35069200152,5752.846153846154
1783302396,500,,Aggregated,222.800000,0.000000,34,66,89,110,200,520,3000,5900,30000,32000,32000,76192,1,34,311.37611231277185,2.5985200045397505,31935.35069200152,5750.328105312894
1783302397,500,,Aggregated,221.700000,0.000000,34,66,89,100,200,510,3000,5900,30000,32000,32000,76394,1,34,310.6139891475741,2.5985200045397505,31935.35069200152,5752.797012854413
1783302398,500,,Aggregated,223.300000,0.000000,34,66,89,100,200,510,3000,5900,30000,32000,32000,76638,1,34,309.7519221901011,2.5985200045397505,31935.35069200152,5751.981523526188
1783302399,500,,Aggregated,222.400000,0.000000,34,66,89,100,200,510,3000,5800,30000,32000,32000,76874,1,34,308.89759351757345,2.5985200045397505,31935.35069200152,5751.269701069282
1783302400,500,,Aggregated,224.700000,0.000000,34,66,89,100,200,510,3000,5800,30000,32000,32000,77088,1,34,308.13482778399924,2.5985200045397505,31935.35069200152,5750.580816728933
1783302401,500,,Aggregated,224.300000,0.000000,34,66,89,100,200,500,2900,5700,30000,32000,32000,77339,1,34,307.32159544156076,2.5985200045397505,31935.35069200152,5751.043651973778
1783302402,500,,Aggregated,223.900000,0.000000,34,66,88,100,200,500,2900,5700,30000,32000,32000,77559,1,34,306.5226997273785,2.5985200045397505,31935.35069200152,5750.255843938163
1783302403,500,,Aggregated,223.700000,0.000000,34,66,88,100,200,500,2900,5700,30000,32000,32000,77781,1,34,305.7253431722755,2.5985200045397505,31935.35069200152,5748.074362633548
1783302404,500,,Aggregated,226.300000,0.000000,34,65,88,100,200,500,2900,5600,30000,32000,32000,78013,1,34,304.89649210067347,2.5985200045397505,31935.35069200152,5749.119697999052
1783302405,500,,Aggregated,228.300000,0.000000,34,65,88,100,200,490,2900,5600,30000,32000,32000,78249,1,34,304.0593281969744,2.5985200045397505,31935.35069200152,5748.0338279083435
1783302406,500,,Aggregated,226.600000,0.000000,34,65,88,100,200,490,2900,5600,30000,32000,32000,78485,1,34,303.2223061141638,2.5985200045397505,31935.35069200152,5745.621596483405
1783302407,500,,Aggregated,229.700000,0.000000,34,65,88,100,200,490,2900,5400,30000,32000,32000,78685,1,34,302.58159245220884,2.5985200045397505,31935.35069200152,5746.571430386986
1783302408,500,,Aggregated,228.300000,0.000000,34,65,88,100,200,490,2900,5400,30000,32000,32000,78937,1,34,301.8912655750277,2.5985200045397505,31935.35069200152,5746.012465637154
1783302409,500,,Aggregated,226.700000,0.000000,34,65,88,100,200,490,2900,5400,30000,32000,32000,79145,1,34,301.15269983915687,2.582799002993852,31935.35069200152,5745.964028049782
1783302410,500,,Aggregated,227.000000,0.000000,34,66,88,100,200,510,2900,5400,30000,32000,32000,79371,1,34,301.67366207102197,2.582799002993852,31935.35069200152,5746.7211953988235
1783302411,500,,Aggregated,226.800000,0.000000,34,66,89,110,210,530,2900,5300,30000,32000,32000,79639,1,34,301.92337913058935,2.582799002993852,31935.35069200152,5748.160700159469
1783302413,500,,Aggregated,213.200000,0.000000,34,66,89,100,200,530,2900,5200,30000,32000,32000,79832,1,34,301.2717394745076,2.582799002993852,31935.35069200152,5749.859292013228
1783302414,500,,Aggregated,216.800000,0.000000,34,66,89,110,200,520,2900,5200,30000,32000,32000,80079,1,34,300.5830283981308,2.582799002993852,31935.35069200152,5749.1492900760495
1783302415,500,,Aggregated,213.700000,0.000000,34,66,89,100,200,520,2800,5200,30000,32000,32000,80303,1,34,299.83080774465134,2.582799002993852,31935.35069200152,5749.220875932406
1783302416,500,,Aggregated,215.100000,0.000000,34,66,89,100,200,520,2800,5200,30000,32000,32000,80531,1,34,299.1043404056409,2.582799002993852,31935.35069200152,5747.712086028982
1783302417,500,,Aggregated,213.400000,0.000000,34,66,89,100,200,510,2800,5200,30000,32000,32000,80754,1,34,298.3626695232137,2.582799002993852,31935.35069200152,5747.935928870396
1783302418,500,,Aggregated,213.800000,0.000000,34,66,89,100,200,510,2800,5200,30000,32000,32000,80998,1,34,297.6195804142776,2.582799002993852,31935.35069200152,5747.347922170918
1783302419,500,,Aggregated,215.000000,0.000000,34,66,88,100,200,510,2800,5200,30000,32000,32000,81197,1,34,296.94785626579215,2.582799002993852,31935.35069200152,5749.542113624888
1783302420,500,,Aggregated,215.900000,0.000000,34,66,88,100,200,510,2800,5200,30000,32000,32000,81439,1,34,296.1676391626944,2.582799002993852,31935.35069200152,5748.60467343656
1783302421,500,,Aggregated,212.700000,0.000000,34,65,88,100,200,510,2800,5200,30000,32000,32000,81680,1,34,295.3757303785346,2.582799002993852,31935.35069200152,5746.760810479922
1783302422,500,,Aggregated,228.100000,0.000000,34,65,88,100,200,500,2800,5200,30000,32000,32000,81904,1,34,294.67981441377356,2.582799002993852,31935.35069200152,5746.53595672983
1783302423,500,,Aggregated,228.600000,0.000000,33,65,88,100,200,500,2800,5200,30000,32000,32000,82143,1,33,293.90731996082167,2.582799002993852,31935.35069200152,5747.39087932021
1783302424,500,,Aggregated,224.500000,0.000000,33,65,88,100,200,500,2800,5200,30000,32000,32000,82365,1,33,293.18277443327554,2.582799002993852,31935.35069200152,5745.580744248164
1783302425,500,,Aggregated,228.600000,0.000000,33,65,87,100,200,500,2800,5200,30000,32000,32000,82583,1,33,292.479039746928,2.582799002993852,31935.35069200152,5746.361951006866
1783302426,500,,Aggregated,227.000000,0.000000,33,65,87,100,200,490,2800,5200,30000,32000,32000,82814,1,33,291.7708465922739,2.582799002993852,31935.35069200152,5746.750972057865
1783302427,500,,Aggregated,226.500000,0.000000,33,65,87,100,200,490,2800,5200,30000,32000,32000,83035,1,33,291.0952929578323,2.582799002993852,31935.35069200152,5748.344433070392
1783302428,500,,Aggregated,226.500000,0.000000,33,65,87,100,200,490,2800,5100,30000,32000,32000,83267,1,33,290.49607867930604,2.582799002993852,31935.35069200152,5749.4799620497915
1783302429,500,,Aggregated,226.900000,0.000000,33,65,87,100,200,490,2800,5100,30000,32000,32000,83407,1,33,290.1621412659347,2.582799002993852,31935.35069200152,5749.669344299639
1783302430,500,,Aggregated,224.700000,0.000000,34,65,88,100,200,500,2800,5100,30000,32000,32000,83678,1,34,290.4404954356451,2.582799002993852,31935.35069200152,5748.5932383661175
1783302431,500,,Aggregated,218.900000,0.000000,34,65,88,100,200,500,2800,5100,30000,32000,32000,83909,1,34,289.8693422550494,2.582799002993852,31935.35069200152,5748.769428785947
1783302432,500,,Aggregated,221.400000,0.000000,34,65,88,100,200,490,2700,5100,30000,32000,32000,84118,1,34,289.2166323933157,2.582799002993852,31935.35069200152,5748.869397750778
1783302433,500,,Aggregated,221.200000,0.000000,33,65,88,100,200,490,2700,5100,30000,32000,32000,84355,1,33,288.4793199248503,2.582799002993852,31935.35069200152,5748.933685021635
1783302434,500,,Aggregated,219.600000,0.000000,33,65,88,100,200,490,2700,5100,30000,32000,32000,84595,1,33,287.74710370195237,2.582799002993852,31935.35069200152,5747.222920976417
1783302435,500,,Aggregated,220.300000,0.000000,33,65,88,100,200,490,2700,4900,30000,32000,32000,84822,1,33,287.06460329818515,2.582799002993852,31935.35069200152,5749.035745443399
1783302436,500,,Aggregated,220.600000,0.000000,33,65,88,100,200,490,2700,4900,30000,32000,32000,85043,1,33,286.3801797592099,2.582799002993852,31935.35069200152,5747.639782227814
1783302437,500,,Aggregated,221.600000,0.000000,33,65,88,100,200,480,2700,4900,30000,32000,32000,85288,1,33,285.7622184223259,2.582799002993852,31935.35069200152,5747.852323890817
1783302438,500,,Aggregated,220.900000,0.000000,33,65,88,100,200,480,2700,4800,30000,32000,32000,85511,1,33,285.1328883165719,2.582799002993852,31935.35069200152,5746.780776742174
1783302439,500,,Aggregated,221.200000,0.000000,33,65,87,100,200,480,2700,4800,30000,32000,32000,85749,1,33,284.41130991935086,2.582799002993852,31935.35069200152,5746.44477486618
1783302440,500,,Aggregated,222.400000,0.000000,33,65,87,100,200,480,2700,4800,30000,32000,32000,85974,1,33,283.7359762608408,2.582799002993852,31935.35069200152,5746.778235280433
1783302441,500,,Aggregated,231.700000,0.000000,33,65,87,100,190,480,2700,4800,30000,32000,32000,86206,1,33,283.10854112878,2.582799002993852,31935.35069200152,5747.646683525509
1783302442,500,,Aggregated,228.100000,0.000000,33,65,87,100,190,480,2700,4800,30000,32000,32000,86423,1,33,282.4810743437368,2.582799002993852,31935.35069200152,5747.159332585075
1783302443,500,,Aggregated,227.600000,0.000000,33,65,87,100,190,480,2600,4800,30000,32000,32000,86641,1,33,281.8466184136586,2.582799002993852,31935.35069200152,5746.886139356656
1783302444,500,,Aggregated,229.400000,0.000000,33,65,87,100,190,470,2600,4800,30000,32000,32000,86865,1,33,281.32555223527015,2.582799002993852,31935.35069200152,5745.2168307143265
1783302445,500,,Aggregated,227.100000,0.000000,33,65,87,100,190,470,2600,4700,30000,32000,32000,87113,1,33,280.64120578182246,2.582799002993852,31935.35069200152,5744.091375569662
1783302446,500,,Aggregated,225.800000,0.000000,33,65,87,100,190,470,2600,4700,30000,32000,32000,87322,1,33,280.0493874484771,2.582799002993852,31935.35069200152,5743.7903392043245
1783302447,500,,Aggregated,227.100000,0.000000,33,64,87,100,190,470,2600,4700,30000,32000,32000,87532,1,33,279.45798194453386,2.582799002993852,31935.35069200152,5743.463944614541
1783302448,500,,Aggregated,226.000000,0.000000,33,65,87,100,200,470,2600,4600,30000,32000,32000,87790,1,33,279.5613337244572,2.582799002993852,31935.35069200152,5743.339617268482
1783302449,500,,Aggregated,225.400000,0.000000,33,65,88,100,200,470,2600,4600,30000,32000,32000,88045,1,33,279.2665779767177,2.582799002993852,31935.35069200152,5742.6451246521665
1783302450,500,,Aggregated,216.200000,0.000000,33,65,88,100,200,470,2600,4600,30000,32000,32000,88267,1,33,278.64927530070247,2.582799002993852,31935.35069200152,5742.157884600134
1783302451,500,,Aggregated,218.500000,0.000000,33,65,87,100,200,470,2600,4500,30000,32000,32000,88503,1,33,277.9881864722235,2.582799002993852,31935.35069200152,5743.27500762686
1783302452,500,,Aggregated,220.600000,0.000000,33,65,87,100,200,470,2600,4500,30000,32000,32000,88729,1,33,277.4573855277217,2.582799002993852,31935.35069200152,5743.64080514826
1783302453,500,,Aggregated,220.000000,0.000000,33,65,87,100,200,470,2600,4500,30000,32000,32000,88940,1,33,276.8588540849802,2.582799002993852,31935.35069200152,5743.450168653025
1783302454,500,,Aggregated,219.200000,0.000000,33,65,87,100,190,470,2600,4500,30000,32000,32000,89177,1,33,276.20262801682384,2.582799002993852,31935.35069200152,5745.639178263454
1783302455,500,,Aggregated,221.200000,0.000000,33,65,87,100,190,470,2600,4500,30000,32000,32000,89412,1,33,275.5957928257001,2.582799002993852,31935.35069200152,5745.273576253747
1783302456,500,,Aggregated,220.400000,0.000000,33,65,87,100,190,460,2600,4500,30000,32000,32000,89621,1,33,275.0160585207646,2.582799002993852,31935.35069200152,5746.481873668002
1783302457,500,,Aggregated,221.300000,0.000000,33,65,87,100,190,460,2600,4500,30000,32000,32000,89837,1,33,274.5148626533214,2.582799002993852,31935.35069200152,5746.872457895967
1783302458,500,,Aggregated,220.600000,0.000000,33,65,87,100,190,460,2500,4500,30000,32000,32000,90072,1,33,273.9774986136385,2.582799002993852,31935.35069200152,5747.961119992895
1783302459,500,,Aggregated,220.400000,0.000000,33,65,87,100,190,460,2500,4500,30000,32000,32000,90292,1,33,273.3613824691291,2.582799002993852,31935.35069200152,5747.281176626943
1783302460,500,,Aggregated,228.800000,0.000000,33,65,87,100,190,460,2500,4500,30000,32000,32000,90533,1,33,272.76557881194117,2.582799002993852,31935.35069200152,5746.553886428153
1783302461,500,,Aggregated,226.100000,0.000000,33,65,87,100,190,460,2500,4400,30000,32000,32000,90737,1,33,272.2264359956399,2.582799002993852,31935.35069200152,5746.054002226214
1783302462,500,,Aggregated,224.200000,0.000000,33,65,87,100,190,450,2500,4400,30000,32000,32000,90976,1,33,271.6569437702638,2.582799002993852,31935.35069200152,5745.05531129089
1783302463,500,,Aggregated,224.000000,0.000000,33,64,87,100,190,450,2500,4400,30000,32000,32000,91198,1,33,271.0685029350367,2.582799002993852,31935.35069200152,5745.834842869361
1783302464,500,,Aggregated,223.700000,0.000000,33,64,87,100,190,450,2500,4300,30000,32000,32000,91424,1,33,270.4724942690046,2.582799002993852,31935.35069200152,5744.330132131607
1783302465,500,,Aggregated,223.300000,0.000000,33,64,87,100,190,450,2500,4300,30000,32000,32000,91671,1,33,269.9134687463798,2.582799002993852,31935.35069200152,5744.9088261282195
1783302466,500,,Aggregated,224.400000,0.000000,33,64,87,100,190,450,2500,4300,30000,32000,32000,91822,1,33,269.58329372786807,2.582799002993852,31935.35069200152,5745.604865936268
1783302467,500,,Aggregated,222.400000,0.000000,33,65,87,100,190,460,2500,4300,30000,32000,32000,92034,1,33,269.8137821330086,2.582799002993852,31935.35069200152,5745.472249386096
1783302468,500,,Aggregated,225.000000,0.000000,33,65,88,100,200,460,2500,4300,30000,32000,32000,92293,1,33,269.8575998603726,2.582799002993852,31935.35069200152,5744.454053936918
1783302469,500,,Aggregated,218.400000,0.000000,33,65,88,100,200,460,2500,4300,30000,32000,32000,92529,1,33,269.2643578357328,2.582799002993852,31935.35069200152,5743.8121886111385
1783302470,500,,Aggregated,218.200000,0.000000,33,65,87,100,190,460,2500,4300,30000,32000,32000,92743,1,33,268.7057185722442,2.582799002993852,31935.35069200152,5743.76095230907
1783302471,500,,Aggregated,221.700000,0.000000,33,65,87,100,190,460,2500,4300,30000,32000,32000,92983,1,33,268.10558733814497,2.582799002993852,31935.35069200152,5742.284664938752
1783302472,500,,Aggregated,220.900000,0.000000,33,65,87,100,190,460,2400,4300,30000,32000,32000,93215,1,33,267.5319201282711,2.582799002993852,31935.35069200152,5741.996931824277
1783302473,500,,Aggregated,220.500000,0.000000,33,65,87,100,190,450,2400,4300,30000,32000,32000,93431,1,33,267.0212215147217,2.582799002993852,31935.35069200152,5741.887713927926
1783302474,500,,Aggregated,222.200000,0.000000,33,65,87,100,190,450,2400,4300,30000,32000,32000,93664,1,33,266.4826342658435,2.582799002993852,31935.35069200152,5739.271619832593
1783302476,500,,Aggregated,222.500000,0.000000,33,65,88,100,200,470,2400,4300,30000,32000,32000,93879,1,33,267.1596670704627,2.582799002993852,31935.35069200152,5739.162336624804
1783302477,500,,Aggregated,217.600000,0.000000,33,65,88,100,200,490,2400,4300,30000,32000,32000,94126,1,33,268.96748658388634,2.582799002993852,31935.35069200152,5738.097443851858
1783302478,500,,Aggregated,195.100000,0.000000,34,66,88,100,200,490,2400,4300,30000,32000,32000,94348,1,34,268.78960494952656,2.582799002993852,31935.35069200152,5736.914433798279
1783302479,500,,Aggregated,205.100000,0.000000,33,66,88,100,200,490,2400,4300,30000,32000,32000,94579,1,33,268.2107268236592,2.582799002993852,31935.35069200152,5736.2471584601235
1783302480,500,,Aggregated,206.200000,0.000000,33,65,88,100,200,490,2400,4300,30000,32000,32000,94809,1,33,267.62605736613517,2.582799002993852,31935.35069200152,5736.502937484838
1783302481,500,,Aggregated,202.800000,0.000000,33,65,88,100,200,490,2400,4300,30000,32000,32000,95039,1,33,267.0593773906288,2.582799002993852,31935.35069200152,5737.838634665769
1783302482,500,,Aggregated,203.300000,0.000000,33,65,88,100,200,490,2400,4300,30000,32000,32000,95273,1,33,266.56209137059693,2.582799002993852,31935.35069200152,5737.884416361404
1783302483,500,,Aggregated,203.800000,0.000000,33,65,88,100,200,490,2400,4300,30000,32000,32000,95409,1,33,266.29187328380766,2.582799002993852,31935.35069200152,5738.096437443009
1783302484,500,,Aggregated,203.500000,0.000000,34,66,89,100,200,490,2400,4300,30000,32000,32000,95687,1,34,266.2981435335067,2.582799002993852,31935.35069200152,5737.224429650841
1783302485,500,,Aggregated,203.600000,0.000000,34,66,89,100,200,490,2300,4300,30000,32000,32000,95916,1,34,265.7438405408563,2.582799002993852,31935.35069200152,5738.14626339714
1783302486,500,,Aggregated,195.300000,0.000000,33,66,88,100,200,480,2300,4300,30000,32000,32000,96124,1,33,265.2406472414677,2.582799002993852,31935.35069200152,5738.506013066456
1783302487,500,,Aggregated,204.000000,0.000000,34,66,89,100,200,480,2300,4300,30000,32000,32000,96351,1,34,264.7855770329829,2.582799002993852,31935.35069200152,5738.168166391631
1783302488,500,,Aggregated,225.600000,0.000000,34,66,89,110,200,480,2300,4200,30000,32000,32000,96584,1,34,264.41199513455666,2.582799002993852,31935.35069200152,5738.168630414975
1783302489,500,,Aggregated,221.400000,0.000000,34,66,89,110,200,480,2300,4200,30000,32000,32000,96822,1,34,263.9251394252426,2.582799002993852,31935.35069200152,5737.056939538535
1783302490,500,,Aggregated,220.200000,0.000000,34,66,89,100,200,480,2300,4200,30000,32000,32000,97022,1,34,263.43184577106064,2.582799002993852,31935.35069200152,5737.296396693533
1783302491,500,,Aggregated,221.000000,0.000000,34,66,89,100,200,480,2300,4200,30000,32000,32000,97265,1,34,262.8438924555596,2.582799002993852,31935.35069200152,5737.544872256207
1783302492,500,,Aggregated,221.900000,0.000000,34,66,88,100,200,480,2200,4200,30000,32000,32000,97491,1,34,262.30165956030714,2.582799002993852,31935.35069200152,5737.341836682361
1783302493,500,,Aggregated,219.900000,0.000000,33,66,88,100,200,470,2200,4200,30000,32000,32000,97725,1,33,261.7489057610519,2.582799002993852,31935.35069200152,5739.197574827322
1783302495,500,,Aggregated,220.800000,0.000000,33,65,88,100,200,470,2200,4200,30000,32000,32000,97956,1,33,261.23065317769004,2.582799002993852,31935.35069200152,5741.33077095839
1783302496,500,,Aggregated,229.000000,0.000000,33,66,88,100,200,470,2200,4200,30000,32000,32000,98199,1,33,260.72998585238923,2.582799002993852,31935.35069200152,5743.537194879785
1783302497,500,,Aggregated,225.200000,0.000000,33,66,88,100,200,470,2200,4200,30000,32000,32000,98420,1,33,260.2457260994681,2.582799002993852,31935.35069200152,5742.83324527535
1783302498,500,,Aggregated,227.400000,0.000000,33,65,88,100,200,470,2200,4200,30000,32000,32000,98645,1,33,259.7295503182296,2.582799002993852,31935.35069200152,5740.902681332049
1783302499,500,,Aggregated,227.800000,0.000000,33,65,88,100,200,470,2200,4200,30000,32000,32000,98874,1,33,259.24045126186587,2.582799002993852,31935.35069200152,5740.651617209782
1783302500,500,,Aggregated,227.800000,0.000000,33,65,88,100,200,470,2200,4200,30000,32000,32000,99094,1,33,258.71835587105915,2.582799002993852,31935.35069200152,5741.86965911155
1783302501,500,,Aggregated,227.400000,0.000000,33,65,88,100,200,470,2200,4200,30000,32000,32000,99326,1,33,258.2084135980772,2.582799002993852,31935.35069200152,5740.673398707288
1783302502,500,,Aggregated,225.600000,0.000000,33,65,88,100,200,460,2200,4200,30000,32000,32000,99537,1,33,257.72828537957383,2.582799002993852,31935.35069200152,5742.238715251615
1783302503,500,,Aggregated,228.500000,0.000000,33,65,88,100,200,460,2200,4200,30000,32000,32000,99686,1,33,257.4973110385166,2.582799002993852,31935.35069200152,5742.97862287583
1783302504,500,,Aggregated,225.100000,0.000000,33,66,88,100,200,470,2200,4200,30000,32000,32000,99941,1,33,257.6847020495944,2.582799002993852,31935.35069200152,5744.283297145315
1783302505,500,,Aggregated,216.900000,0.000000,34,66,88,100,200,470,2100,4200,29000,31000,32000,100172,1,34,257.31376672459965,2.582799002993852,31935.35069200152,5743.83639140678
1783302506,500,,Aggregated,218.900000,0.000000,34,66,88,100,200,470,2100,4200,29000,31000,32000,100390,1,34,256.8418400782021,2.582799002993852,31935.35069200152,5742.806574359996
1783302507,500,,Aggregated,219.700000,0.000000,34,66,88,100,200,470,2100,4200,29000,31000,32000,100609,1,34,256.3549854063623,2.582799002993852,31935.35069200152,5742.571439930822
1783302508,500,,Aggregated,216.700000,0.000000,33,65,88,100,200,460,2100,4200,29000,31000,32000,100852,1,33,255.80210030788322,2.582799002993852,31935.35069200152,5742.437323999524
1783302509,500,,Aggregated,217.700000,0.000000,33,65,88,100,200,460,2100,4200,29000,31000,32000,101089,1,33,255.27926244584015,2.582799002993852,31935.35069200152,5743.205056930032
1783302510,500,,Aggregated,218.300000,0.000000,33,65,88,100,200,460,2100,4200,29000,31000,32000,101315,1,33,254.79757841476092,2.582799002993852,31935.35069200152,5743.686650545329
1783302511,500,,Aggregated,218.600000,0.000000,33,65,88,100,200,460,2100,4200,29000,31000,32000,101550,1,33,254.27381275678505,2.582799002993852,31935.35069200152,5746.216632200886
1783302512,500,,Aggregated,219.400000,0.000000,33,65,88,100,200,460,2100,4200,29000,31000,32000,101777,1,33,253.78220586525885,2.582799002993852,31935.35069200152,5746.380930858642
1783302513,500,,Aggregated,220.300000,0.000000,33,65,88,100,200,460,2100,4200,25000,31000,32000,102008,1,33,253.2518157342791,2.582799002993852,31935.35069200152,5746.987922515881
1783302514,500,,Aggregated,222.300000,0.000000,33,65,87,100,200,460,2100,4200,25000,31000,32000,102226,1,33,252.7699124533514,2.582799002993852,31935.35069200152,5747.066910570697
1783302515,500,,Aggregated,231.900000,0.000000,33,65,87,100,190,450,2100,4100,25000,31000,32000,102448,1,33,252.3251864756687,2.582799002993852,31935.35069200152,5746.568014992972
1783302516,500,,Aggregated,228.600000,0.000000,33,65,87,100,190,450,2100,4100,25000,31000,32000,102687,1,33,251.8202175880222,2.582799002993852,31935.35069200152,5746.960676619241
1783302517,500,,Aggregated,226.600000,0.000000,33,65,87,100,190,450,2100,4100,25000,31000,32000,102917,1,33,251.33194203104685,2.582799002993852,31935.35069200152,5748.104336504173
1783302518,500,,Aggregated,228.700000,0.000000,33,65,87,100,190,450,2100,4100,25000,31000,32000,103129,1,33,250.89802617290277,2.582799002993852,31935.35069200152,5747.151034141706
1783302519,500,,Aggregated,227.900000,0.000000,33,65,87,100,190,450,2100,4100,25000,31000,32000,103361,1,33,250.46239585376816,2.582799002993852,31935.35069200152,5748.2021942512165
1783302520,500,,Aggregated,226.900000,0.000000,33,65,87,100,190,450,2000,4100,25000,31000,32000,103596,1,33,249.97807581513177,2.582799002993852,31935.35069200152,5747.882070736322
1783302521,500,,Aggregated,225.800000,0.000000,33,65,87,100,190,450,2000,4100,25000,31000,32000,103808,1,33,249.52710647535204,2.582799002993852,31935.35069200152,5748.756348258323
1783302522,500,,Aggregated,226.200000,0.000000,33,65,87,100,190,450,2000,4100,25000,31000,32000,103973,1,33,249.48671502601974,2.582799002993852,31935.35069200152,5749.026352995489
1783302523,500,,Aggregated,224.800000,0.000000,33,65,88,100,200,450,2000,4100,25000,31000,32000,104240,1,33,249.4212041571124,2.582799002993852,31935.35069200152,5748.176698004605
1783302524,500,,Aggregated,216.300000,0.000000,33,65,87,100,200,450,2000,4100,25000,31000,32000,104445,1,33,248.97947511189847,2.582799002993852,31935.35069200152,5747.344908803677
1783302525,500,,Aggregated,220.800000,0.000000,33,65,87,100,190,450,2000,4100,25000,31000,32000,104684,1,33,248.47653644392034,2.582799002993852,31935.35069200152,5746.659136066639
1783302526,500,,Aggregated,218.900000,0.000000,33,65,87,100,190,450,2000,4100,25000,31000,32000,104908,1,33,248.024427733198,2.582799002993852,31935.35069200152,5746.868904182713
1783302527,500,,Aggregated,220.300000,0.000000,33,65,87,100,190,450,2000,4100,25000,31000,32000,105148,1,33,247.55628738841654,2.582799002993852,31935.35069200152,5745.163065393541
1783302528,500,,Aggregated,220.100000,0.000000,33,65,87,100,190,450,2000,4100,25000,31000,32000,105353,1,33,247.1258658305234,2.582799002993852,31935.35069200152,5743.974020673355
1783302529,500,,Aggregated,220.200000,0.000000,33,65,87,100,190,440,2000,4100,25000,31000,32000,105587,1,33,246.68341621891162,2.582799002993852,31935.35069200152,5744.242293085323
1783302530,500,,Aggregated,220.900000,0.000000,33,65,87,100,190,440,2000,4100,25000,31000,32000,105838,1,33,246.1710607016132,2.582799002993852,31935.35069200152,5744.6447211776485
1783302531,500,,Aggregated,220.700000,0.000000,33,64,87,100,190,440,2000,4100,24000,31000,32000,106052,1,33,245.72415031207703,2.582799002993852,31935.35069200152,5745.021885490137
1783302532,500,,Aggregated,222.300000,0.000000,32,64,87,100,190,440,1900,4100,24000,31000,32000,106272,1,32,245.2930188213864,2.582799002993852,31935.35069200152,5745.1506041102075
1783302533,500,,Aggregated,221.100000,0.000000,33,64,87,100,190,440,1900,4100,24000,31000,32000,106499,1,33,244.90816612684924,2.582799002993852,31935.35069200152,5746.31290434652
1783302534,500,,Aggregated,228.900000,0.000000,33,64,87,100,190,440,1900,4100,24000,31000,32000,106721,1,33,244.49196341560904,2.582799002993852,31935.35069200152,5747.629876031896
1783302535,500,,Aggregated,225.200000,0.000000,32,64,87,100,190,440,1900,4100,24000,31000,32000,106967,1,32,243.98292768783054,2.582799002993852,31935.35069200152,5746.8202903699275
1783302536,500,,Aggregated,225.900000,0.000000,32,64,87,100,190,440,1900,4100,24000,31000,32000,107189,1,32,243.5324461934634,2.582799002993852,31935.35069200152,5748.880547444234
1783302537,500,,Aggregated,226.900000,0.000000,32,64,86,100,190,430,1900,4100,24000,31000,32000,107411,1,32,243.09438608643583,2.582799002993852,31935.35069200152,5748.863068028414
1783302538,500,,Aggregated,227.000000,0.000000,32,64,86,100,190,430,1900,4100,24000,31000,32000,107625,1,32,242.68164527431622,2.582799002993852,31935.35069200152,5747.633570267131
1783302539,500,,Aggregated,226.400000,0.000000,32,64,86,100,190,430,1900,4100,24000,31000,32000,107858,1,32,242.23354049642506,2.582799002993852,31935.35069200152,5749.145904800756
1783302540,500,,Aggregated,225.200000,0.000000,32,64,86,100,190,430,1900,4100,24000,31000,32000,108093,1,32,241.8212276263255,2.582799002993852,31935.35069200152,5748.044961283339
1783302541,500,,Aggregated,225.100000,0.000000,32,64,86,100,190,430,1900,4100,24000,31000,32000,108233,1,32,241.76275403921557,2.582799002993852,31935.35069200152,5747.876359335877
1783302542,500,,Aggregated,225.500000,0.000000,32,64,87,100,190,440,1900,4100,24000,31000,32000,108492,1,32,242.05858889413437,2.582799002993852,31935.35069200152,5749.79222431147
1783302543,500,,Aggregated,215.900000,0.000000,33,65,87,100,190,440,1900,4100,24000,31000,32000,108720,1,33,241.72006789302245,2.582799002993852,31935.35069200152,5751.269646799117
1783302544,500,,Aggregated,219.300000,0.000000,32,64,87,100,190,440,1900,4100,24000,31000,32000,108951,1,32,241.2600175208977,2.582799002993852,31935.35069200152,5751.704628686291
1783302545,500,,Aggregated,219.500000,0.000000,32,64,87,100,190,440,1900,4100,24000,31000,32000,109167,1,32,240.83986666461664,2.582799002993852,31935.35069200152,5751.8726996253445
1783302546,500,,Aggregated,220.200000,0.000000,32,64,87,100,190,430,1900,4100,24000,31000,32000,109404,1,32,240.39186731711925,2.582799002993852,31935.35069200152,5751.543215970166
1783302547,500,,Aggregated,219.400000,0.000000,32,64,87,100,190,430,1900,4100,24000,31000,32000,109635,1,32,239.93950535114854,2.582799002993852,31935.35069200152,5750.882181785014
1783302548,500,,Aggregated,218.800000,0.000000,32,64,87,100,190,430,1900,4100,24000,31000,32000,109847,1,32,239.54814267667854,2.582799002993852,31935.35069200152,5750.558322029732
1783302549,500,,Aggregated,219.300000,0.000000,32,64,87,100,190,430,1900,4100,24000,31000,32000,110083,1,32,239.18517371840434,2.582799002993852,31935.35069200152,5749.843863266808
1783302550,500,,Aggregated,220.600000,0.000000,32,64,87,100,190,430,1800,4000,24000,31000,32000,110304,1,32,238.78363453932766,2.582799002993852,31935.35069200152,5749.154291775457
1783302551,500,,Aggregated,221.800000,0.000000,32,64,86,100,190,430,1800,4000,24000,31000,32000,110554,1,32,238.34273490185822,2.582799002993852,31935.35069200152,5750.444696709301
1783302552,500,,Aggregated,218.600000,0.000000,32,64,86,100,190,430,1800,4000,24000,31000,32000,110764,1,32,237.95516239535476,2.582799002993852,31935.35069200152,5749.894983929797
1783302553,500,,Aggregated,229.900000,0.000000,32,64,86,100,190,430,1800,4000,24000,31000,32000,110993,1,32,237.52398842777657,2.582799002993852,31935.35069200152,5750.991125566477
1783302554,500,,Aggregated,227.100000,0.000000,32,64,86,100,190,430,1800,4000,24000,31000,32000,111225,1,32,237.08591475329445,2.582799002993852,31935.35069200152,5750.009359406608
1783302555,500,,Aggregated,225.000000,0.000000,32,64,86,100,190,420,1800,4000,24000,31000,32000,111457,1,32,236.69801493256801,2.582799002993852,31935.35069200152,5750.748423158707
1783302556,500,,Aggregated,228.100000,0.000000,32,64,86,100,190,420,1800,4000,24000,31000,32000,111671,1,32,236.30975454915054,2.582799002993852,31935.35069200152,5749.281272667031
1783302557,500,,Aggregated,224.800000,0.000000,32,64,86,100,190,420,1800,4000,24000,31000,32000,111906,1,32,236.04654279834142,2.582799002993852,31935.35069200152,5749.375404357228
1783302558,500,,Aggregated,224.600000,0.000000,32,64,86,100,190,420,1800,4000,24000,31000,32000,112114,1,32,235.6886649214284,2.582799002993852,31935.35069200152,5747.145940738891
1783302559,500,,Aggregated,225.400000,0.000000,32,64,86,100,190,420,1800,4000,24000,31000,32000,112365,1,32,235.25233749172813,2.582799002993852,31935.35069200152,5746.682303208295
1783302560,500,,Aggregated,225.400000,0.000000,32,64,86,100,190,420,1800,4000,24000,31000,32000,112490,1,32,235.20222554283052,2.582799002993852,31935.35069200152,5746.882780691617
1783302561,500,,Aggregated,223.700000,0.000000,32,64,87,100,190,430,1800,4000,24000,31000,32000,112745,1,32,235.57264951170364,2.582799002993852,31935.35069200152,5745.826262805446
1783302562,500,,Aggregated,219.500000,0.000000,33,65,87,100,190,430,1700,4000,24000,31000,32000,113004,1,33,235.49569458563366,2.582799002993852,31935.35069200152,5746.853881278539
1783302563,500,,Aggregated,217.700000,0.000000,32,65,87,100,190,430,1700,4000,24000,31000,32000,113211,1,32,235.13267884179925,2.582799002993852,31935.35069200152,5746.530973138652
1783302564,500,,Aggregated,219.200000,0.000000,32,64,87,100,190,430,1700,3900,24000,31000,32000,113433,1,32,234.75777783288794,2.582799002993852,31935.35069200152,5747.0107111687075
1783302565,500,,Aggregated,219.200000,0.000000,32,64,87,100,190,430,1700,3900,24000,31000,32000,113680,1,32,234.31754537507868,2.582799002993852,31935.35069200152,5746.122475369458
1783302566,500,,Aggregated,217.100000,0.000000,32,64,87,100,190,430,1700,3900,24000,31000,32000,113890,1,32,233.92683119184252,2.582799002993852,31935.35069200152,5745.88299236105
1783302567,500,,Aggregated,221.600000,0.000000,32,64,87,100,190,420,1700,3900,24000,31000,32000,114124,1,32,233.55455964461373,2.582799002993852,31935.35069200152,5745.403709999649
1783302568,500,,Aggregated,221.600000,0.000000,32,64,87,100,190,420,1700,3900,24000,31000,32000,114349,1,32,233.15130739263947,2.582799002993852,31935.35069200152,5746.251484490464
1783302569,500,,Aggregated,218.500000,0.000000,32,64,87,100,190,420,1700,3900,24000,31000,32000,114574,1,32,232.77649519289506,2.582799002993852,31935.35069200152,5746.551477647634
1783302571,500,,Aggregated,221.500000,0.000000,32,65,87,100,190,430,1700,3900,24000,31000,32000,114814,1,32,233.03801750092165,2.582799002993852,31935.35069200152,5746.768373194906
1783302572,500,,Aggregated,217.300000,0.000000,33,65,87,100,190,430,1700,3900,24000,31000,32000,115072,1,33,233.29821116072367,2.582799002993852,31935.35069200152,5747.3844549499445
1783302573,500,,Aggregated,218.000000,0.000000,33,65,87,100,190,430,1700,3900,24000,31000,32000,115267,1,33,232.93700363003018,2.582799002993852,31935.35069200152,5746.724543885067
1783302574,500,,Aggregated,221.200000,0.000000,33,65,87,100,190,430,1700,3900,24000,31000,32000,115501,1,33,232.54174768988636,2.582799002993852,31935.35069200152,5746.340170214977
1783302575,500,,Aggregated,217.200000,0.000000,33,65,87,100,190,430,1700,3900,24000,31000,32000,115725,1,33,232.18836034019148,2.582799002993852,31935.35069200152,5747.2314711600775
1783302576,500,,Aggregated,218.100000,0.000000,32,65,87,100,190,430,1700,3900,24000,31000,32000,115940,1,32,231.80540059904837,2.582799002993852,31935.35069200152,5746.450698637226
1783302577,500,,Aggregated,215.600000,0.000000,32,64,87,100,190,430,1700,3900,24000,31000,32000,116170,1,32,231.40992314593026,2.582799002993852,31935.35069200152,5746.855040027546
1783302578,500,,Aggregated,215.000000,0.000000,32,65,87,100,190,430,1700,3900,24000,31000,32000,116310,1,32,231.42035255982887,2.582799002993852,31935.35069200152,5747.822706560055
1783302579,500,,Aggregated,217.500000,0.000000,33,65,88,100,200,440,1700,3900,24000,31000,32000,116575,1,33,231.8058108636056,2.582799002993852,31935.35069200152,5746.694968904139
1783302580,500,,Aggregated,207.300000,0.000000,33,65,88,100,200,440,1600,3900,24000,31000,32000,116775,1,33,231.47645620207206,2.582799002993852,31935.35069200152,5746.221083279812
1783302581,500,,Aggregated,209.700000,0.000000,33,65,87,100,200,440,1600,3900,24000,31000,32000,117019,1,33,231.05128048794617,2.582799002993852,31935.35069200152,5746.44903819038
1783302582,500,,Aggregated,217.500000,0.000000,33,65,87,100,200,440,1600,3900,24000,31000,32000,117253,1,33,230.67118113085365,2.582799002993852,31935.35069200152,5747.6106965280205
1783302583,500,,Aggregated,219.000000,0.000000,32,65,87,100,200,430,1600,3800,24000,31000,32000,117480,1,32,230.26819229467176,2.582799002993852,31935.35069200152,5748.224438202247
1783302584,500,,Aggregated,215.900000,0.000000,32,65,87,100,190,430,1600,3800,24000,31000,32000,117715,1,32,229.88450443127925,2.582799002993852,31935.35069200152,5749.2760225969505
1783302585,500,,Aggregated,219.500000,0.000000,32,65,87,100,190,430,1600,3800,24000,31000,32000,117927,1,32,229.52839703249336,2.582799002993852,31935.35069200152,5749.273406429401
1783302586,500,,Aggregated,219.100000,0.000000,32,65,87,100,190,430,1600,3800,24000,31000,32000,118162,1,32,229.16693125297272,2.582799002993852,31935.35069200152,5750.158384252129
1783302587,500,,Aggregated,219.200000,0.000000,32,65,87,100,190,430,1600,3800,24000,31000,32000,118388,1,32,228.82685330143144,2.582799002993852,31935.35069200152,5749.554144001081
1783302588,500,,Aggregated,219.300000,0.000000,32,65,87,100,190,430,1600,3800,24000,31000,32000,118624,1,32,228.48442223940916,2.582799002993852,31935.35069200152,5750.5762408956025
1783302589,500,,Aggregated,220.500000,0.000000,32,65,87,100,190,430,1600,3800,24000,31000,32000,118838,1,32,228.16052395304345,2.582799002993852,31935.35069200152,5750.9228950335755
1783302590,500,,Aggregated,229.600000,0.000000,32,64,87,100,190,430,1600,3800,24000,31000,32000,119072,1,32,227.7840538681107,2.582799002993852,31935.35069200152,5750.241366568127
1783302591,500,,Aggregated,224.900000,0.000000,32,64,87,100,190,430,1600,3800,24000,31000,32000,119292,1,32,227.41593280600284,2.582799002993852,31935.35069200152,5748.998315058847
1783302592,500,,Aggregated,226.700000,0.000000,32,64,87,100,190,430,1600,3800,24000,31000,32000,119515,1,32,227.08454634254798,2.582799002993852,31935.35069200152,5749.7036522612225
1783302593,500,,Aggregated,225.700000,0.000000,32,64,87,100,190,430,1600,3800,24000,31000,32000,119739,1,32,226.754865484166,2.582799002993852,31935.35069200152,5748.256541310684
1783302594,500,,Aggregated,224.200000,0.000000,32,64,87,100,190,430,1600,3800,24000,31000,32000,119959,1,32,226.42087971439136,2.582799002993852,31935.35069200152,5750.200493501947
1783302595,500,,Aggregated,224.300000,0.000000,33,65,87,100,190,430,1500,3800,24000,31000,32000,120188,1,32,226.38915176431738,2.582799002993852,31935.35069200152,5750.202615901754
1783302596,500,,Aggregated,224.000000,0.000000,33,65,88,100,200,430,1500,3800,24000,31000,32000,120479,1,33,226.6055698757694,2.582799002993852,31935.35069200152,5750.8354817022055
1783302597,500,,Aggregated,219.500000,0.000000,33,65,88,100,200,430,1500,3800,24000,31000,32000,120701,1,33,226.2846921255983,2.582799002993852,31935.35069200152,5750.9859901740665
1783302598,500,,Aggregated,217.200000,0.000000,33,65,87,100,190,430,1500,3800,24000,31000,32000,120927,1,33,225.91918223368583,2.582799002993852,31935.35069200152,5751.720757151009
1783302599,500,,Aggregated,218.900000,0.000000,33,65,87,100,190,430,1500,3800,24000,31000,32000,121175,1,33,225.51684331105304,2.582799002993852,31935.35069200152,5752.320949040643
1783302600,500,,Aggregated,217.500000,0.000000,32,65,87,100,190,430,1500,3800,24000,31000,32000,121393,1,32,225.1491324451481,2.582799002993852,31935.35069200152,5751.938637318462
1783302601,500,,Aggregated,219.800000,0.000000,32,65,87,100,190,430,1500,3800,24000,31000,32000,121612,1,32,224.7984006859083,2.582799002993852,31935.35069200152,5751.394829457619
1783302602,500,,Aggregated,219.900000,0.000000,33,65,87,100,190,430,1500,3800,24000,31000,32000,121846,1,33,224.5338493812651,2.582799002993852,31935.35069200152,5751.3148810793955
1783302603,500,,Aggregated,219.600000,0.000000,32,65,87,100,190,430,1500,3800,24000,31000,32000,122060,1,32,224.19374568271957,2.582799002993852,31935.35069200152,5750.252187448796
1783302604,500,,Aggregated,218.400000,0.000000,32,65,87,100,190,420,1500,3800,24000,31000,32000,122287,1,32,223.84175990635805,2.582799002993852,31935.35069200152,5749.4952856804075
1783302605,500,,Aggregated,220.000000,0.000000,32,65,87,100,190,420,1500,3800,24000,31000,32000,122524,1,32,223.49338058900113,2.582799002993852,31935.35069200152,5749.531528516862
1783302606,500,,Aggregated,219.200000,0.000000,32,65,87,100,190,420,1500,3800,24000,31000,32000,122744,1,32,223.18276533788097,2.582799002993852,31935.35069200152,5750.2927719481195
1783302607,500,,Aggregated,223.800000,0.000000,32,65,87,100,190,420,1500,3800,24000,31000,32000,122959,1,32,222.85077819747133,2.582799002993852,31935.35069200152,5750.838490879073
1783302608,500,,Aggregated,227.000000,0.000000,33,65,87,100,190,420,1500,3700,24000,31000,32000,123203,1,33,222.64802546932967,2.582799002993852,31935.35069200152,5752.289643921008
1783302609,500,,Aggregated,224.900000,0.000000,33,65,87,100,190,420,1500,3700,24000,31000,32000,123418,1,33,222.33016109216462,2.582799002993852,31935.35069200152,5752.077962695879
1783302610,500,,Aggregated,223.900000,0.000000,33,65,87,100,190,420,1500,3700,24000,31000,32000,123650,1,33,221.98862672941175,2.582799002993852,31935.35069200152,5749.750618681763
1783302611,500,,Aggregated,224.700000,0.000000,33,65,87,100,190,420,1500,3700,24000,31000,32000,123871,1,33,221.671539638363,2.582799002993852,31935.35069200152,5749.760662301911
1783302612,500,,Aggregated,222.200000,0.000000,32,65,87,100,190,420,1400,3700,24000,31000,32000,124110,1,32,221.2971154107709,2.582799002993852,31935.35069200152,5747.627507855934
1783302613,500,,Aggregated,223.800000,0.000000,32,65,87,100,190,420,1400,3700,24000,31000,32000,124320,1,32,221.00813967884298,2.582799002993852,31935.35069200152,5747.962009330759
1783302615,500,,Aggregated,224.900000,0.000000,33,65,87,100,190,420,1400,3700,24000,31000,32000,124511,1,33,220.7689432174808,2.582799002993852,31935.35069200152,5748.238107476448
1783302616,500,,Aggregated,223.600000,0.000000,33,65,87,100,190,420,1400,3700,24000,31000,32000,124787,1,33,221.10310364130697,2.582799002993852,31935.35069200152,5748.842058868312
1783302617,500,,Aggregated,218.100000,0.000000,33,65,88,100,190,420,1400,3700,24000,31000,32000,125031,1,33,221.12974009858877,2.582799002993852,31935.35069200152,5746.640425174557
1783302618,500,,Aggregated,213.900000,0.000000,33,65,87,100,190,420,1400,3700,24000,31000,32000,125255,1,33,220.7928617499473,2.582799002993852,31935.35069200152,5746.090303780288
1783302619,500,,Aggregated,217.700000,0.000000,33,65,87,100,190,420,1400,3700,24000,31000,32000,125462,1,33,220.47130674920342,2.582799002993852,31935.35069200152,5746.363113930911
1783302620,500,,Aggregated,217.700000,0.000000,33,65,87,100,190,420,1400,3700,24000,31000,32000,125693,1,33,220.15167927307314,2.582799002993852,31935.35069200152,5745.867741242551
1783302621,500,,Aggregated,215.900000,0.000000,33,65,87,100,190,420,1400,3700,24000,31000,32000,125923,1,33,219.8346513601593,2.582799002993852,31935.35069200152,5745.109582840307
1783302622,500,,Aggregated,217.000000,0.000000,33,65,87,100,190,420,1400,3700,24000,31000,32000,126144,1,33,219.5013466911018,2.582799002993852,31935.35069200152,5744.410348490614
1783302623,500,,Aggregated,216.300000,0.000000,33,65,87,100,190,420,1400,3700,24000,31000,32000,126382,1,33,219.1363503960799,2.582799002993852,31935.35069200152,5743.849044958934
1783302624,500,,Aggregated,216.500000,0.000000,33,65,87,100,190,420,1400,3700,24000,31000,32000,126626,1,33,218.79424755294716,2.582799002993852,31935.35069200152,5741.85825975708
