Timestamp,User Count,Type,Name,Requests/s,Failures/s,50%,66%,75%,80%,90%,95%,98%,99%,99.9%,99.99%,100%,Total Request Count,Total Failure Count,Total Median Response Time,Total Average Response Time,Total Min Response Time,Total Max Response Time,Total Average Content Size
1783462728,0,,Aggregated,0.000000,0.000000,N/A,N/A,N/A,N/A,N/A,N/A,N/A,N/A,N/A,N/A,N/A,0,0,0,0.0,0,0,0
1783462729,25,,Aggregated,0.000000,0.000000,64,80,120,220,380,380,380,380,380,380,380,10,0,48,100.00411399887525,6.768545004888438,380.82674099860014,2259.6
1783462730,25,,Aggregated,0.000000,0.000000,67,380,1900,1900,1900,2000,2000,2000,2000,2000,2000,51,0,67,671.8828991563664,6.768545004888438,1972.3163080052473,2667.078431372549
1783462731,25,,Aggregated,0.000000,0.000000,67,90,100,130,1900,2000,2000,2100,2100,2100,2100,158,0,67,338.3288286645956,6.768545004888438,2059.2059359987616,6632.981012658228
1783462732,25,,Aggregated,5.000000,0.000000,66,86,100,130,1900,2000,2000,2100,2100,2100,2100,164,0,65,326.6269478598388,6.768545004888438,2059.2059359987616,6573.243902439024
1783462733,25,,Aggregated,32.333333,0.000000,60,82,98,120,1900,2000,2000,2100,2100,2100,2100,179,0,60,300.1333725922084,4.86369599821046,2059.2059359987616,6475.748603351955
1783462734,25,,Aggregated,39.500000,0.000000,58,78,94,110,1900,1900,2000,2100,2100,2100,2100,192,0,58,281.0151687083741,4.86369599821046,2059.2059359987616,6334.541666666667
1783462735,25,,Aggregated,33.800000,0.000000,56,75,92,100,1800,1900,2000,2000,2100,2100,2100,203,0,56,266.50009088178354,4.86369599821046,2059.2059359987616,6316.940886699507
1783462736,25,,Aggregated,29.833333,0.000000,51,70,90,98,1700,1900,2000,2000,2100,2100,2100,216,0,51,251.47998050006547,4.86369599821046,2059.2059359987616,6316.277777777777
1783462737,25,,Aggregated,27.857143,0.000000,49,70,84,95,1600,1900,2000,2000,2100,2100,2100,229,0,49,238.26471551535087,4.530622994934674,2059.2059359987616,6180.436681222707
1783462738,25,,Aggregated,25.375000,0.000000,47,67,82,93,220,1900,2000,2000,2100,2100,2100,241,0,47,226.9881453609753,4.530622994934674,2059.2059359987616,6151.601659751037
1783462739,25,,Aggregated,24.222222,0.000000,44,64,80,92,220,1900,2000,2000,2100,2100,2100,252,0,43,217.51161327376886,4.530622994934674,2059.2059359987616,6176.757936507936
1783462740,25,,Aggregated,23.100000,0.000000,38,60,77,90,200,1900,2000,2000,2100,2100,2100,266,0,38,206.50204653760656,3.806733002420515,2059.2059359987616,6112.590225563909
1783462741,25,,Aggregated,24.200000,0.000000,37,59,76,88,170,1900,2000,2000,2100,2100,2100,275,0,37,200.36284844002114,3.806733002420515,2059.2059359987616,6166.254545454545
1783462742,25,,Aggregated,24.300000,0.000000,34,59,75,84,150,1900,2000,2000,2100,2100,2100,284,0,33,194.62031925001907,3.806733002420515,2059.2059359987616,6234.415492957746
1783462743,25,,Aggregated,17.000000,0.000000,30,57,71,83,140,1900,2000,2000,2100,2100,2100,298,0,27,186.09943195638184,3.806733002420515,2059.2059359987616,6225.4295302013425
1783462744,25,,Aggregated,11.800000,0.000000,26,56,70,81,130,1900,2000,2000,2100,2100,2100,306,0,25,181.62099791834706,3.806733002420515,2059.2059359987616,6197.081699346405
1783462745,25,,Aggregated,11.600000,0.000000,25,54,68,80,130,1900,2000,2000,2100,2100,2100,320,0,24,174.4963652500246,3.806733002420515,2059.2059359987616,6139.596875
1783462746,25,,Aggregated,11.900000,0.000000,23,52,67,78,130,1900,2000,2000,2100,2100,2100,330,0,23,169.73521064551966,3.806733002420515,2059.2059359987616,6072.515151515152
1783462747,25,,Aggregated,11.300000,0.000000,22,51,66,76,130,1900,2000,2000,2100,2100,2100,340,0,22,165.07593978237898,3.806733002420515,2059.2059359987616,5982.620588235294
1783462748,25,,Aggregated,11.800000,0.000000,20,49,63,75,120,1900,2000,2000,2100,2100,2100,355,0,20,158.71442964794048,3.806733002420515,2059.2059359987616,6017.256338028169
1783462749,25,,Aggregated,11.300000,0.000000,20,48,61,74,120,1900,2000,2000,2100,2100,2100,364,0,19,155.0900635961875,3.806733002420515,2059.2059359987616,5985.412087912088
1783462750,25,,Aggregated,10.900000,0.000000,18,47,60,70,120,1900,2000,2000,2100,2100,2100,379,0,18,149.49386670184444,3.806733002420515,2059.2059359987616,5995.612137203167
1783462751,25,,Aggregated,11.500000,0.000000,18,47,59,70,110,1900,2000,2000,2100,2100,2100,386,0,18,147.1377938368009,3.806733002420515,2059.2059359987616,6145.253886010362
1783462752,25,,Aggregated,11.100000,0.000000,17,45,59,70,100,1900,2000,2000,2100,2100,2100,400,0,17,142.50909934007723,3.806733002420515,2059.2059359987616,6166.4475
1783462753,25,,Aggregated,11.400000,0.000000,17,44,58,67,100,1800,2000,2000,2100,2100,2100,410,0,16,139.42976190977257,3.806733002420515,2059.2059359987616,6117.6463414634145
1783462754,25,,Aggregated,11.100000,0.000000,16,41,57,67,100,1700,2000,2000,2100,2100,2100,424,0,16,135.4742830518897,3.806733002420515,2059.2059359987616,6073.674528301887
1783462755,25,,Aggregated,11.600000,0.000000,16,41,57,66,99,1700,2000,2000,2100,2100,2100,431,0,16,133.4400239907418,3.806733002420515,2059.2059359987616,6105.443155452436
1783462756,25,,Aggregated,11.400000,0.000000,16,38,55,64,98,1600,2000,2000,2100,2100,2100,446,0,16,129.37852372647998,3.806733002420515,2059.2059359987616,6059.540358744394
1783462757,25,,Aggregated,11.600000,0.000000,15,37,54,62,98,1600,1900,2000,2100,2100,2100,459,0,15,126.11040567755643,3.806733002420515,2059.2059359987616,6099.769063180828
1783462758,25,,Aggregated,11.100000,0.000000,15,37,54,61,95,380,1900,2000,2100,2100,2100,471,0,15,123.67339054351629,3.806733002420515,2059.2059359987616,6040.6008492569
1783462759,25,,Aggregated,11.500000,0.000000,15,36,52,60,94,220,1900,2000,2100,2100,2100,482,0,14,121.11732770331797,3.806733002420515,2059.2059359987616,5984.553941908714
1783462760,25,,Aggregated,12.000000,0.000000,14,32,51,60,94,220,1900,2000,2100,2100,2100,494,0,14,118.37923473076481,3.806733002420515,2059.2059359987616,5963.109311740891
1783462761,25,,Aggregated,11.400000,0.000000,14,30,51,59,93,220,1900,2000,2100,2100,2100,504,0,14,116.20704639682074,3.806733002420515,2059.2059359987616,5958.166666666667
1783462762,25,,Aggregated,11.900000,0.000000,13,27,49,59,93,220,1900,2000,2100,2100,2100,515,0,13,113.91287980583108,3.806733002420515,2059.2059359987616,5954.677669902912
1783462763,25,,Aggregated,11.300000,0.000000,13,27,49,58,92,200,1900,2000,2100,2100,2100,526,0,13,112.04325497721874,3.806733002420515,2059.2059359987616,5851.615969581749
1783462764,25,,Aggregated,11.700000,0.000000,13,26,48,58,91,200,1900,2000,2100,2100,2100,538,0,13,109.81630550933414,3.806733002420515,2059.2059359987616,5866.301115241636
1783462765,25,,Aggregated,11.500000,0.000000,12,25,48,57,91,170,1900,2000,2100,2100,2100,549,0,12,107.84718662118215,3.806733002420515,2059.2059359987616,5838.4845173041895
1783462766,25,,Aggregated,11.400000,0.000000,12,25,47,57,90,170,1900,2000,2100,2100,2100,558,0,12,106.42238724918361,3.806733002420515,2059.2059359987616,5760.659498207885
1783462767,25,,Aggregated,11.500000,0.000000,12,25,47,56,88,170,1900,2000,2100,2100,2100,567,0,12,105.04556292774699,3.806733002420515,2059.2059359987616,5761.285714285715
1783462768,25,,Aggregated,11.800000,0.000000,12,24,46,56,86,150,1900,2000,2100,2100,2100,581,0,12,103.01565362828359,3.806733002420515,2059.2059359987616,5781.38726333907
1783462769,25,,Aggregated,11.300000,0.000000,12,23,45,55,84,150,1900,2000,2100,2100,2100,592,0,12,101.35868619769049,3.806733002420515,2059.2059359987616,5729.695945945946
1783462770,25,,Aggregated,10.700000,0.000000,12,23,45,55,86,140,1900,2000,2100,2100,2100,605,0,12,99.7819450611974,3.806733002420515,2059.2059359987616,5730.0628099173555
1783462771,25,,Aggregated,11.000000,0.000000,11,22,45,54,86,140,1900,2000,2100,2100,2100,616,0,11,98.34580029713503,3.806733002420515,2059.2059359987616,5686.600649350649
1783462772,25,,Aggregated,11.000000,0.000000,11,22,45,54,84,130,1900,2000,2100,2100,2100,628,0,11,96.90210094274457,3.806733002420515,2059.2059359987616,5623.773885350319
1783462773,25,,Aggregated,11.100000,0.000000,11,21,44,54,84,130,1900,2000,2100,2100,2100,636,0,11,95.83838079725986,3.806733002420515,2059.2059359987616,5639.62893081761
1783462774,25,,Aggregated,11.200000,0.000000,11,20,43,52,83,130,1900,2000,2100,2100,2100,651,0,11,93.92458797701302,3.806733002420515,2059.2059359987616,5673.119815668203
1783462775,25,,Aggregated,11.200000,0.000000,11,20,43,52,83,130,1900,2000,2100,2100,2100,659,0,11,92.99654290447512,3.806733002420515,2059.2059359987616,5680.550834597876
1783462777,25,,Aggregated,11.000000,0.000000,11,20,43,52,82,130,1900,2000,2100,2100,2100,670,0,11,91.79130004782537,3.806733002420515,2059.2059359987616,5691.389552238806
1783462778,25,,Aggregated,11.200000,0.000000,11,20,42,51,81,130,1900,2000,2100,2100,2100,685,0,11,90.12893053876572,3.806733002420515,2059.2059359987616,5653.204379562044
1783462779,25,,Aggregated,10.900000,0.000000,11,20,41,51,80,130,1900,2000,2100,2100,2100,691,0,11,89.4218522663361,3.806733002420515,2059.2059359987616,5628.975397973951
1783462780,25,,Aggregated,11.100000,0.000000,11,19,41,51,80,130,1900,2000,2100,2100,2100,702,0,11,88.33862922228246,3.806733002420515,2059.2059359987616,5594.497150997151
1783462781,25,,Aggregated,11.800000,0.000000,10,19,41,50,79,130,1900,2000,2100,2100,2100,713,0,10,87.16355404211797,3.806733002420515,2059.2059359987616,5557.002805049088
1783462782,25,,Aggregated,11.000000,0.000000,10,18,40,49,79,120,1900,2000,2100,2100,2100,725,0,10,85.93260195726481,3.708286996698007,2059.2059359987616,5610.132413793103
1783462783,25,,Aggregated,10.900000,0.000000,10,18,39,49,78,120,1900,2000,2100,2100,2100,736,0,10,84.83554585738958,3.708286996698007,2059.2059359987616,5647.736413043478
1783462784,25,,Aggregated,10.800000,0.000000,10,18,39,48,77,120,1900,2000,2100,2100,2100,748,0,10,83.70530189710156,3.708286996698007,2059.2059359987616,5606.064171122995
1783462785,25,,Aggregated,10.900000,0.000000,10,18,39,48,76,120,1900,2000,2100,2100,2100,761,0,10,82.55808734304104,3.708286996698007,2059.2059359987616,5585.996057818659
1783462786,25,,Aggregated,10.800000,0.000000,10,18,38,48,76,120,1900,2000,2100,2100,2100,769,0,10,81.78600411969353,3.708286996698007,2059.2059359987616,5578.677503250975
1783462787,25,,Aggregated,11.000000,0.000000,10,18,38,48,75,120,1900,2000,2100,2100,2100,784,0,10,80.51621687506983,3.708286996698007,2059.2059359987616,5626.7002551020405
1783462788,25,,Aggregated,11.000000,0.000000,10,17,37,47,75,120,1900,2000,2100,2100,2100,794,0,10,79.66234298746667,3.708286996698007,2059.2059359987616,5665.399244332493
1783462789,25,,Aggregated,11.300000,0.000000,10,17,37,47,75,120,1900,2000,2100,2100,2100,804,0,10,78.76048569285295,3.708286996698007,2059.2059359987616,5653.996268656716
1783462790,25,,Aggregated,11.300000,0.000000,10,17,37,47,75,120,1900,2000,2100,2100,2100,817,0,10,77.74490855209481,3.708286996698007,2059.2059359987616,5714.129742962056
1783462791,25,,Aggregated,10.900000,0.000000,10,17,36,47,74,110,1900,2000,2100,2100,2100,826,0,10,77.07339900128386,3.708286996698007,2059.2059359987616,5737.937046004843
1783462792,25,,Aggregated,11.500000,0.000000,10,17,35,45,74,110,1900,2000,2100,2100,2100,841,0,10,75.93797090734377,3.708286996698007,2059.2059359987616,5723.084423305589
1783462793,25,,Aggregated,11.500000,0.000000,10,17,35,45,74,110,1900,2000,2100,2100,2100,851,0,10,75.28766830562833,3.708286996698007,2059.2059359987616,5719.797884841363
1783462794,25,,Aggregated,11.300000,0.000000,10,17,35,45,71,100,1900,2000,2100,2100,2100,864,0,10,74.36090902900914,3.708286996698007,2059.2059359987616,5707.116898148148
1783462795,25,,Aggregated,11.400000,0.000000,10,17,34,45,70,100,1900,2000,2100,2100,2100,874,0,10,73.6331630927519,3.708286996698007,2059.2059359987616,5693.294050343249
1783462796,25,,Aggregated,11.500000,0.000000,10,16,32,44,70,100,1900,2000,2100,2100,2100,885,0,10,72.89903213002484,3.708286996698007,2059.2059359987616,5680.327683615819
1783462797,25,,Aggregated,11.600000,0.000000,10,16,32,44,70,100,1900,2000,2100,2100,2100,896,0,10,72.09163853133305,3.6697060058941133,2059.2059359987616,5654.760044642857
1783462798,25,,Aggregated,11.300000,0.000000,10,16,31,44,70,100,1900,1900,2100,2100,2100,910,0,10,71.20019097481138,3.6697060058941133,2059.2059359987616,5615.51978021978
1783462799,25,,Aggregated,11.600000,0.000000,10,16,30,43,69,100,1900,1900,2100,2100,2100,921,0,10,70.50141933885304,3.6697060058941133,2059.2059359987616,5617.382193268187
1783462800,25,,Aggregated,11.600000,0.000000,10,16,27,43,68,100,1900,1900,2100,2100,2100,931,0,10,69.84255776273136,3.6697060058941133,2059.2059359987616,5603.1353383458645
1783462801,25,,Aggregated,11.600000,0.000000,10,16,27,43,69,100,1900,1900,2100,2100,2100,943,0,10,69.30249701919014,3.6697060058941133,2059.2059359987616,5591.060445387063
1783462802,25,,Aggregated,12.000000,0.000000,10,16,27,43,68,100,1900,1900,2100,2100,2100,956,0,10,68.54668295094004,3.6697060058941133,2059.2059359987616,5597.166317991632
1783462803,25,,Aggregated,11.700000,0.000000,10,16,25,42,68,99,1900,1900,2100,2100,2100,970,0,10,67.73539857946987,3.6697060058941133,2059.2059359987616,5576.188659793815
1783462804,25,,Aggregated,11.700000,0.000000,10,16,25,42,67,99,1900,1900,2100,2100,2100,980,0,10,67.16438104599455,3.6697060058941133,2059.2059359987616,5603.1438775510205
1783462805,25,,Aggregated,11.800000,0.000000,10,16,25,42,67,98,1900,1900,2100,2100,2100,990,0,10,66.68660965159587,3.6697060058941133,2059.2059359987616,5627.068686868687
1783462806,25,,Aggregated,11.800000,0.000000,10,15,24,41,67,98,1800,1900,2100,2100,2100,1006,0,10,65.80251546527698,3.6697060058941133,2059.2059359987616,5640.704771371769
1783462807,25,,Aggregated,11.500000,0.000000,9,15,24,41,67,98,1800,1900,2100,2100,2100,1014,0,9,65.42455566673817,3.6697060058941133,2059.2059359987616,5603.967455621302
1783462808,25,,Aggregated,12.100000,0.000000,9,15,24,41,66,95,1800,1900,2100,2100,2100,1025,0,9,64.85777939128172,3.6697060058941133,2059.2059359987616,5602.398048780487
1783462809,25,,Aggregated,12.100000,0.000000,9,15,24,41,65,95,1800,1900,2100,2100,2100,1035,0,9,64.3902889295264,3.6697060058941133,2059.2059359987616,5562.930434782608
1783462810,25,,Aggregated,11.600000,0.000000,9,15,23,40,64,94,1800,1900,2100,2100,2100,1050,0,9,63.631511172446025,3.6697060058941133,2059.2059359987616,5525.926666666666
1783462811,25,,Aggregated,11.400000,0.000000,9,15,23,40,64,94,1700,1900,2100,2100,2100,1059,0,9,63.21531217665369,3.6697060058941133,2059.2059359987616,5527.399433427762
1783462812,25,,Aggregated,11.400000,0.000000,9,15,22,39,64,94,1700,1900,2100,2100,2100,1071,0,9,62.690023325938725,3.6697060058941133,2059.2059359987616,5558.146591970121
1783462813,25,,Aggregated,12.300000,0.000000,9,15,22,39,63,94,1700,1900,2100,2100,2100,1084,0,9,62.132925870898404,3.6697060058941133,2059.2059359987616,5565.212177121771
1783462814,25,,Aggregated,11.500000,0.000000,9,15,22,38,63,94,1700,1900,2100,2100,2100,1097,0,9,61.53692331182002,3.6697060058941133,2059.2059359987616,5578.13126709207
1783462815,25,,Aggregated,11.500000,0.000000,9,15,22,38,62,93,1600,1900,2100,2100,2100,1107,0,9,61.10461767486558,3.6697060058941133,2059.2059359987616,5576.976513098464
1783462816,25,,Aggregated,11.600000,0.000000,9,15,21,38,61,93,1600,1900,2100,2100,2100,1121,0,9,60.48344752549589,3.6697060058941133,2059.2059359987616,5599.0044603033
1783462817,25,,Aggregated,11.600000,0.000000,9,15,21,38,61,93,1600,1900,2100,2100,2100,1131,0,9,60.137937897514966,3.6697060058941133,2059.2059359987616,5589.420866489832
1783462818,25,,Aggregated,11.400000,0.000000,9,15,21,38,61,92,1600,1900,2100,2100,2100,1144,0,9,59.56187684447681,3.6697060058941133,2059.2059359987616,5554.505244755244
1783462819,25,,Aggregated,11.900000,0.000000,9,15,21,38,61,92,380,1900,2100,2100,2100,1154,0,9,59.28914782936829,3.6697060058941133,2059.2059359987616,5560.753032928943
1783462820,25,,Aggregated,12.100000,0.000000,9,15,21,38,61,91,380,1900,2100,2100,2100,1165,0,9,58.802437421525006,3.6697060058941133,2059.2059359987616,5534.7081545064375
1783462821,25,,Aggregated,11.700000,0.000000,9,15,21,38,60,91,380,1900,2100,2100,2100,1176,0,9,58.380706700747126,3.6697060058941133,2059.2059359987616,5548.839285714285
1783462822,25,,Aggregated,11.400000,0.000000,9,15,21,38,61,91,380,1900,2100,2100,2100,1192,0,9,57.934248386814126,3.6697060058941133,2059.2059359987616,5525.960570469799
1783462823,25,,Aggregated,11.800000,0.000000,9,15,21,38,60,91,220,1900,2100,2100,2100,1202,0,9,57.583817005892186,3.6697060058941133,2059.2059359987616,5511.321963394343
1783462824,25,,Aggregated,11.800000,0.000000,9,15,21,38,60,91,220,1900,2100,2100,2100,1215,0,9,57.07023315235384,3.6697060058941133,2059.2059359987616,5500.9876543209875
1783462825,25,,Aggregated,11.500000,0.000000,9,15,21,38,60,90,220,1900,2100,2100,2100,1228,0,9,56.658799146670916,3.6697060058941133,2059.2059359987616,5530.135179153094
1783462826,25,,Aggregated,11.500000,0.000000,9,15,21,38,60,90,220,1900,2100,2100,2100,1238,0,9,56.343593466971235,3.6697060058941133,2059.2059359987616,5532.110662358643
1783462827,25,,Aggregated,11.800000,0.000000,9,15,20,37,59,88,220,1900,2100,2100,2100,1252,0,9,55.84621091301946,3.6697060058941133,2059.2059359987616,5530.384984025559
1783462828,25,,Aggregated,11.800000,0.000000,9,15,20,37,59,88,220,1900,2100,2100,2100,1261,0,9,55.54543748382056,3.6697060058941133,2059.2059359987616,5541.764472640762
1783462829,25,,Aggregated,11.800000,0.000000,9,15,20,37,59,88,220,1900,2100,2100,2100,1273,0,9,55.16318782883114,3.6697060058941133,2059.2059359987616,5542.074626865671
1783462830,25,,Aggregated,11.600000,0.000000,9,15,20,37,59,87,220,1900,2100,2100,2100,1282,0,9,54.848637778551975,3.6697060058941133,2059.2059359987616,5563.495319812792
1783462831,25,,Aggregated,11.900000,0.000000,9,15,20,37,59,88,220,1900,2100,2100,2100,1298,0,9,54.35873081518989,3.6697060058941133,2059.2059359987616,5573.81124807396
1783462832,25,,Aggregated,11.700000,0.000000,9,15,20,37,59,87,200,1900,2100,2100,2100,1307,0,9,54.079056668800554,3.6697060058941133,2059.2059359987616,5577.713848508034
1783462833,25,,Aggregated,11.900000,0.000000,9,15,20,37,59,87,200,1900,2100,2100,2100,1320,0,9,53.741405671302566,3.6697060058941133,2059.2059359987616,5572.94696969697
1783462834,25,,Aggregated,11.600000,0.000000,9,15,19,36,58,87,200,1900,2100,2100,2100,1332,0,9,53.3480683747033,3.6697060058941133,2059.2059359987616,5572.274024024024
1783462835,25,,Aggregated,11.600000,0.000000,9,15,19,36,59,87,200,1900,2100,2100,2100,1335,0,9,53.302515239778764,3.6697060058941133,2059.2059359987616,5575.18202247191
1783462836,25,,Aggregated,11.800000,0.000000,9,15,19,35,58,86,170,1900,2100,2100,2100,1352,0,9,52.80139973674738,3.6697060058941133,2059.2059359987616,5583.275887573965
1783462837,25,,Aggregated,11.000000,0.000000,9,15,19,36,58,86,170,1900,2100,2100,2100,1360,0,9,52.59445927726762,3.6697060058941133,2059.2059359987616,5596.885294117647
1783462838,25,,Aggregated,11.100000,0.000000,9,15,19,35,58,84,170,1900,2100,2100,2100,1371,0,9,52.261276770307376,3.6697060058941133,2059.2059359987616,5581.504011670314
1783462839,25,,Aggregated,10.800000,0.000000,9,15,19,34,58,84,170,1900,2100,2100,2100,1382,0,9,51.92578110426756,3.6697060058941133,2059.2059359987616,5624.591895803183
1783462840,25,,Aggregated,10.900000,0.000000,9,15,19,34,58,84,170,1900,2100,2100,2100,1390,0,9,51.671636846825635,3.6697060058941133,2059.2059359987616,5614.214388489208
1783462841,25,,Aggregated,10.900000,0.000000,9,15,19,34,57,84,170,1900,2100,2100,2100,1404,0,9,51.300410540661325,3.6697060058941133,2059.2059359987616,5651.8141025641025
1783462842,25,,Aggregated,10.800000,0.000000,9,15,18,32,57,84,170,1900,2100,2100,2100,1413,0,9,51.03217545655143,3.6697060058941133,2059.2059359987616,5666.075725406936
1783462843,25,,Aggregated,10.900000,0.000000,9,15,18,32,57,83,170,1900,2100,2100,2100,1428,0,9,50.64585004699594,3.6697060058941133,2059.2059359987616,5670.124649859944
1783462844,25,,Aggregated,10.700000,0.000000,9,14,18,32,57,83,170,1900,2100,2100,2100,1438,0,9,50.361544515367065,3.6697060058941133,2059.2059359987616,5705.4770514603615
1783462845,25,,Aggregated,10.800000,0.000000,9,14,18,31,56,82,150,1900,2100,2100,2100,1453,0,9,49.91327287688616,3.6697060058941133,2059.2059359987616,5716.359256710255
1783462846,25,,Aggregated,10.400000,0.000000,9,14,18,31,56,82,150,1900,2100,2100,2100,1463,0,9,49.7216382830661,3.6697060058941133,2059.2059359987616,5753.41968557758
1783462847,25,,Aggregated,11.400000,0.000000,9,14,18,30,56,82,150,1900,2100,2100,2100,1476,0,9,49.373118676912114,3.6697060058941133,2059.2059359987616,5735.174796747968
1783462848,25,,Aggregated,11.400000,0.000000,9,14,18,30,56,81,150,1900,2100,2100,2100,1488,0,9,49.12010854779451,3.6697060058941133,2059.2059359987616,5747.176747311828
1783462849,25,,Aggregated,11.600000,0.000000,9,14,18,30,55,81,140,1900,2100,2100,2100,1504,0,9,48.70341894555632,3.568593005184084,2059.2059359987616,5739.140957446809
1783462850,25,,Aggregated,12.000000,0.000000,9,14,18,30,55,81,140,1900,2100,2100,2100,1514,0,9,48.45816609452664,3.568593005184084,2059.2059359987616,5742.947159841479
1783462851,25,,Aggregated,12.000000,0.000000,9,14,18,27,55,80,140,1900,2100,2100,2100,1524,0,9,48.2129334403552,3.568593005184084,2059.2059359987616,5751.575459317585
1783462852,25,,Aggregated,12.100000,0.000000,9,14,18,27,55,80,140,1900,2100,2100,2100,1538,0,9,47.8865754883725,3.568593005184084,2059.2059359987616,5735.91677503251
1783462853,25,,Aggregated,11.800000,0.000000,9,14,18,25,55,80,130,1900,2100,2100,2100,1551,0,9,47.560072526182445,3.568593005184084,2059.2059359987616,5757.8942617666025
1783462854,25,,Aggregated,12.200000,0.000000,8,14,18,25,55,80,130,1900,2100,2100,2100,1561,0,8,47.36957038252003,3.568593005184084,2059.2059359987616,5751.253683536194
1783462855,25,,Aggregated,12.000000,0.000000,8,14,18,25,55,80,130,1900,2100,2100,2100,1572,0,8,47.128923276781485,3.568593005184084,2059.2059359987616,5761.139949109414
1783462856,25,,Aggregated,12.100000,0.000000,8,14,18,25,55,79,130,1900,2100,2100,2100,1582,0,8,46.92682890588236,3.568593005184084,2059.2059359987616,5762.195322376739
1783462857,25,,Aggregated,11.800000,0.000000,8,14,17,25,54,79,130,1900,2100,2100,2100,1595,0,8,46.64613473172362,3.568593005184084,2059.2059359987616,5737.346081504702
1783462858,25,,Aggregated,11.800000,0.000000,8,14,17,25,54,79,130,1900,2100,2100,2100,1606,0,8,46.41663342097928,3.568593005184084,2059.2059359987616,5728.710460772105
1783462859,25,,Aggregated,11.700000,0.000000,8,14,17,25,54,79,130,1900,2100,2100,2100,1619,0,8,46.11928601365319,3.568593005184084,2059.2059359987616,5750.9376158122295
1783462860,25,,Aggregated,11.300000,0.000000,8,14,17,25,54,79,130,1900,2100,2100,2100,1632,0,8,45.910183728616246,3.568593005184084,2059.2059359987616,5774.770833333333
1783462861,25,,Aggregated,11.200000,0.000000,8,14,17,24,54,78,130,1900,2100,2100,2100,1642,0,8,45.686604896536274,3.568593005184084,2059.2059359987616,5791.919610231425
1783462862,25,,Aggregated,11.500000,0.000000,8,14,17,24,54,78,130,1900,2100,2100,2100,1655,0,8,45.42344525988211,3.568593005184084,2059.2059359987616,5798.155891238671
1783462863,25,,Aggregated,11.800000,0.000000,8,14,17,24,54,79,130,1900,2100,2100,2100,1664,0,8,45.52561121941888,3.568593005184084,2059.2059359987616,5778.6051682692305
1783462864,25,,Aggregated,11.600000,0.000000,8,14,17,24,54,79,130,1900,2100,2100,2100,1679,0,8,45.25121994705606,3.568593005184084,2059.2059359987616,5757.614055985706
1783462865,25,,Aggregated,11.100000,0.000000,8,14,17,24,54,78,130,1900,2100,2100,2100,1691,0,8,45.033206008931984,3.568593005184084,2059.2059359987616,5737.133057362507
1783462866,25,,Aggregated,12.100000,0.000000,8,14,17,24,54,78,130,1900,2100,2100,2100,1699,0,8,44.87758661278096,3.568593005184084,2059.2059359987616,5762.079458505003
1783462867,25,,Aggregated,11.800000,0.000000,8,14,17,24,53,77,130,1900,2100,2100,2100,1716,0,8,44.571027030377245,3.568593005184084,2059.2059359987616,5765.72668997669
1783462868,25,,Aggregated,11.800000,0.000000,8,14,17,24,53,76,130,1900,2100,2100,2100,1726,0,8,44.37565382742257,3.568593005184084,2059.2059359987616,5776.726535341831
1783462869,25,,Aggregated,12.000000,0.000000,8,14,17,24,52,76,130,1900,2100,2100,2100,1735,0,8,44.21815972284817,3.568593005184084,2059.2059359987616,5773.6582132564845
1783462870,25,,Aggregated,12.000000,0.000000,8,14,17,23,52,76,130,1900,2100,2100,2100,1747,0,8,44.01208866807937,3.568593005184084,2059.2059359987616,5762.943903835146
1783462871,25,,Aggregated,12.000000,0.000000,8,14,17,23,52,76,130,1900,2100,2100,2100,1761,0,8,43.77218248445533,3.568593005184084,2059.2059359987616,5795.991482112436
1783462872,25,,Aggregated,11.500000,0.000000,8,14,17,23,52,76,130,1900,2100,2100,2100,1769,0,8,43.61294567333323,3.568593005184084,2059.2059359987616,5798.457320520068
1783462873,25,,Aggregated,11.300000,0.000000,8,14,17,22,52,75,130,1900,2100,2100,2100,1783,0,8,43.37087306961839,3.568593005184084,2059.2059359987616,5803.214245653393
1783462874,25,,Aggregated,11.800000,0.000000,8,14,17,22,51,75,130,1900,2100,2100,2100,1793,0,8,43.20475387681619,3.568593005184084,2059.2059359987616,5801.0814277746795
1783462875,25,,Aggregated,12.100000,0.000000,8,14,17,22,51,75,130,1900,2100,2100,2100,1805,0,8,43.028025732475164,3.568593005184084,2059.2059359987616,5814.317451523546
1783462876,25,,Aggregated,11.400000,0.000000,8,14,17,22,51,75,130,1900,2100,2100,2100,1814,0,8,42.906248247039265,3.568593005184084,2059.2059359987616,5807.5270121278945
1783462877,25,,Aggregated,11.500000,0.000000,8,14,17,22,51,75,130,1900,2100,2100,2100,1830,0,8,42.65895991318489,3.568593005184084,2059.2059359987616,5834.51693989071
1783462878,25,,Aggregated,11.300000,0.000000,8,14,17,22,51,75,130,1900,2100,2100,2100,1840,0,8,42.48117204789077,3.568593005184084,2059.2059359987616,5847.115217391304
1783462879,25,,Aggregated,11.200000,0.000000,8,14,16,22,51,75,130,1900,2100,2100,2100,1850,0,8,42.29886430979162,3.568593005184084,2059.2059359987616,5855.474594594594
1783462880,25,,Aggregated,11.300000,0.000000,8,14,16,21,51,74,130,1900,2100,2100,2100,1863,0,8,42.07756317289943,3.568593005184084,2059.2059359987616,5891.381642512078
1783462881,25,,Aggregated,11.100000,0.000000,8,14,16,21,51,74,130,1900,2100,2100,2100,1874,0,8,41.911474330907645,3.568593005184084,2059.2059359987616,5903.737459978655
1783462882,25,,Aggregated,11.400000,0.000000,8,14,16,21,51,74,130,1900,2100,2100,2100,1885,0,8,41.75983561172853,3.568593005184084,2059.2059359987616,5905.140053050398
1783462883,25,,Aggregated,11.400000,0.000000,8,14,16,21,51,74,130,1900,2100,2100,2100,1893,0,8,41.63677465933026,3.568593005184084,2059.2059359987616,5913.7047015319595
1783462884,25,,Aggregated,11.000000,0.000000,8,14,16,21,51,75,120,1900,2100,2100,2100,1906,0,8,41.55823216060602,3.568593005184084,2059.2059359987616,5935.161594963274
1783462885,25,,Aggregated,11.000000,0.000000,8,14,16,21,51,75,120,1900,2100,2100,2100,1915,0,8,41.47394696454893,3.568593005184084,2059.2059359987616,5910.255352480418
1783462886,25,,Aggregated,10.600000,0.000000,8,14,16,21,51,75,120,1900,2100,2100,2100,1927,0,8,41.27181589055828,3.568593005184084,2059.2059359987616,5921.927348209652
1783462887,25,,Aggregated,10.900000,0.000000,8,14,16,21,51,75,120,1900,2100,2100,2100,1939,0,8,41.08794706194346,3.568593005184084,2059.2059359987616,5936.367715317174
1783462888,25,,Aggregated,11.200000,0.000000,8,14,16,21,51,74,120,1900,2100,2100,2100,1952,0,8,40.8892409693188,3.568593005184084,2059.2059359987616,5957.5625
1783462889,25,,Aggregated,11.000000,0.000000,8,14,16,21,51,74,120,1900,2100,2100,2100,1962,0,8,40.74947837671339,3.568593005184084,2059.2059359987616,5972.278287461773
1783462890,25,,Aggregated,11.100000,0.000000,8,14,16,20,51,74,120,1900,2100,2100,2100,1975,0,8,40.579292567158,3.568593005184084,2059.2059359987616,5953.622784810126
1783462891,25,,Aggregated,11.200000,0.000000,8,14,16,20,50,74,120,1900,2100,2100,2100,1982,0,8,40.47439739209817,3.568593005184084,2059.2059359987616,5947.649344096872
1783462892,25,,Aggregated,11.300000,0.000000,8,14,16,20,50,74,120,1900,2100,2100,2100,1995,0,8,40.293107558466914,3.518363999319263,2059.2059359987616,5925.824561403509
1783462893,25,,Aggregated,11.000000,0.000000,8,14,16,20,50,74,120,1800,2000,2100,2100,2005,0,8,40.15908126042215,3.518363999319263,2059.2059359987616,5932.422942643391
1783462894,25,,Aggregated,11.100000,0.000000,8,14,16,20,50,74,120,1800,2000,2100,2100,2016,0,8,39.99092588499783,3.518363999319263,2059.2059359987616,5910.502480158731
1783462895,25,,Aggregated,11.400000,0.000000,8,14,16,20,50,74,120,1800,2000,2100,2100,2028,0,8,39.86673555875988,3.518363999319263,2059.2059359987616,5922.707100591716
1783462896,25,,Aggregated,11.100000,0.000000,8,14,16,20,50,74,120,1800,2000,2100,2100,2038,0,8,39.77287217181919,3.518363999319263,2059.2059359987616,5924.758096172718
1783462897,25,,Aggregated,11.200000,0.000000,8,14,16,20,49,71,120,1800,2000,2100,2100,2051,0,8,39.610736833342884,3.518363999319263,2059.2059359987616,5939.250609458801
1783462898,25,,Aggregated,11.200000,0.000000,8,14,16,20,49,70,120,1800,2000,2100,2100,2064,0,8,39.41688556161994,3.518363999319263,2059.2059359987616,5944.957848837209
1783462899,25,,Aggregated,11.000000,0.000000,8,14,16,20,49,70,120,1800,2000,2100,2100,2073,0,8,39.32373743955079,3.518363999319263,2059.2059359987616,5953.210323203088
1783462900,25,,Aggregated,10.900000,0.000000,8,14,16,20,49,70,120,1800,2000,2100,2100,2085,0,8,39.16293514109517,3.518363999319263,2059.2059359987616,5957.771223021583
1783462901,25,,Aggregated,10.900000,0.000000,8,14,16,20,49,70,120,1800,2000,2100,2100,2095,0,8,39.03885285688805,3.518363999319263,2059.2059359987616,5971.356085918855
1783462902,25,,Aggregated,11.000000,0.000000,8,14,16,20,49,70,120,1700,2000,2100,2100,2107,0,8,38.907558308594204,3.518363999319263,2059.2059359987616,5963.410061699098
1783462903,25,,Aggregated,11.200000,0.000000,8,14,16,20,49,70,120,1700,2000,2100,2100,2117,0,8,38.76443203221786,3.518363999319263,2059.2059359987616,5971.9182805857345
1783462904,25,,Aggregated,11.200000,0.000000,8,14,16,20,49,70,120,1700,2000,2100,2100,2130,0,8,38.67592016440839,3.518363999319263,2059.2059359987616,5966.972769953051
1783462905,25,,Aggregated,11.100000,0.000000,8,14,16,20,49,70,120,1700,2000,2100,2100,2138,0,8,38.58468436117838,3.518363999319263,2059.2059359987616,5956.145930776426
1783462906,25,,Aggregated,11.200000,0.000000,8,14,16,20,49,70,120,1700,2000,2100,2100,2153,0,8,38.41054217148764,3.518363999319263,2059.2059359987616,5939.00464468184
1783462907,25,,Aggregated,11.100000,0.000000,8,14,16,20,49,70,120,1700,2000,2100,2100,2159,0,8,38.331387257621884,3.518363999319263,2059.2059359987616,5950.566002779065
1783462908,25,,Aggregated,10.900000,0.000000,8,14,16,20,49,70,120,1700,2000,2100,2100,2171,0,8,38.17853836260261,3.518363999319263,2059.2059359987616,5950.655458314141
1783462909,25,,Aggregated,11.300000,0.000000,8,14,16,20,49,70,120,1700,2000,2100,2100,2184,0,8,37.99516610037671,3.518363999319263,2059.2059359987616,5957.602564102564
1783462910,25,,Aggregated,11.000000,0.000000,8,14,16,20,49,70,120,1700,2000,2100,2100,2195,0,8,37.873894896684824,3.518363999319263,2059.2059359987616,5946.458769931663
1783462911,25,,Aggregated,10.900000,0.000000,8,14,16,20,49,69,120,1600,2000,2100,2100,2208,0,8,37.70122146749231,3.518363999319263,2059.2059359987616,5950.663496376812
1783462912,25,,Aggregated,10.900000,0.000000,8,14,16,20,49,69,120,1600,2000,2100,2100,2220,0,8,37.58335488163465,3.518363999319263,2059.2059359987616,5941.915315315316
1783462913,25,,Aggregated,11.100000,0.000000,8,14,16,19,48,69,120,1600,2000,2100,2100,2233,0,8,37.43491583664929,3.518363999319263,2059.2059359987616,5946.43618450515
1783462914,25,,Aggregated,11.100000,0.000000,8,14,16,20,48,69,120,1600,2000,2100,2100,2248,0,8,37.30337260553485,3.518363999319263,2059.2059359987616,5942.140569395018
1783462915,25,,Aggregated,11.000000,0.000000,8,14,16,19,48,69,110,1600,2000,2100,2100,2256,0,8,37.200337266509734,3.518363999319263,2059.2059359987616,5943.945035460993
1783462916,25,,Aggregated,11.400000,0.000000,8,14,16,20,48,69,110,1600,2000,2100,2100,2265,0,8,37.107698427479576,3.518363999319263,2059.2059359987616,5935.565562913907
1783462917,25,,Aggregated,11.800000,0.000000,8,14,16,19,48,69,110,1600,2000,2100,2100,2279,0,8,36.93966154288547,3.518363999319263,2059.2059359987616,5952.653795524353
1783462918,25,,Aggregated,11.600000,0.000000,8,14,16,19,48,69,110,1600,2000,2100,2100,2287,0,8,36.83752787023521,3.518363999319263,2059.2059359987616,5944.456493222562
1783462919,25,,Aggregated,11.200000,0.000000,8,14,16,19,48,69,110,1600,2000,2100,2100,2297,0,8,36.74263093435564,3.518363999319263,2059.2059359987616,5948.684806269047
1783462920,25,,Aggregated,11.500000,0.000000,8,14,16,19,48,68,110,380,2000,2100,2100,2313,0,8,36.584159307916615,3.518363999319263,2059.2059359987616,5943.110678772157
1783462921,25,,Aggregated,11.500000,0.000000,8,14,16,19,48,68,110,380,2000,2100,2100,2323,0,8,36.49954053646252,3.518363999319263,2059.2059359987616,5936.211795092553
1783462922,25,,Aggregated,11.500000,0.000000,8,14,16,19,48,68,110,380,2000,2100,2100,2332,0,8,36.38992185642721,3.518363999319263,2059.2059359987616,5932.3512006861065
1783462923,25,,Aggregated,11.500000,0.000000,8,14,16,19,48,67,110,380,2000,2100,2100,2342,0,8,36.31163408974579,3.518363999319263,2059.2059359987616,5937.931255337318
1783462924,25,,Aggregated,11.200000,0.000000,8,14,16,19,48,68,110,380,2000,2100,2100,2354,0,8,36.234753371354756,3.518363999319263,2059.2059359987616,5923.996176720476
1783462925,25,,Aggregated,11.000000,0.000000,8,13,16,19,48,67,110,380,2000,2100,2100,2364,0,8,36.11411082029824,3.518363999319263,2059.2059359987616,5911.786379018613
1783462926,25,,Aggregated,11.300000,0.000000,8,13,16,19,48,67,110,380,2000,2100,2100,2377,0,8,35.96967739889772,3.518363999319263,2059.2059359987616,5893.736222128734
1783462927,25,,Aggregated,10.600000,0.000000,8,13,16,19,48,67,110,380,2000,2100,2100,2389,0,8,35.85653759738505,3.518363999319263,2059.2059359987616,5909.110087902888
1783462928,25,,Aggregated,10.800000,0.000000,8,13,16,19,48,67,110,250,2000,2100,2100,2401,0,8,35.76485662189289,3.518363999319263,2059.2059359987616,5904.977092877967
1783462929,25,,Aggregated,11.100000,0.000000,8,13,16,19,48,67,110,250,2000,2100,2100,2413,0,8,35.663753777101185,3.518363999319263,2059.2059359987616,5903.006216328222
1783462930,25,,Aggregated,11.200000,0.000000,8,13,16,19,48,67,110,250,2000,2100,2100,2426,0,8,35.5576609040218,3.518363999319263,2059.2059359987616,5903.044929925803
1783462931,25,,Aggregated,11.400000,0.000000,8,13,16,19,48,67,110,250,2000,2100,2100,2435,0,8,35.45760761608369,3.518363999319263,2059.2059359987616,5906.08501026694
1783462932,25,,Aggregated,11.200000,0.000000,8,13,16,19,47,67,110,250,2000,2100,2100,2448,0,8,35.3240536234296,3.518363999319263,2059.2059359987616,5902.49183006536
1783462933,25,,Aggregated,11.300000,0.000000,8,13,16,19,47,67,110,250,2000,2100,2100,2458,0,8,35.24662869412493,3.518363999319263,2059.2059359987616,5897.5170870626525
1783462934,25,,Aggregated,11.300000,0.000000,8,13,16,19,47,66,110,250,2000,2100,2100,2470,0,8,35.15675427252615,3.518363999319263,2059.2059359987616,5896.122672064777
1783462935,25,,Aggregated,11.700000,0.000000,8,13,16,19,47,66,110,250,2000,2100,2100,2479,0,8,35.06028583224828,3.518363999319263,2059.2059359987616,5899.279144816458
1783462936,25,,Aggregated,11.400000,0.000000,8,13,16,19,47,65,110,250,2000,2100,2100,2489,0,8,34.97655254244576,3.518363999319263,2059.2059359987616,5905.2740056247485
1783462937,25,,Aggregated,11.400000,0.000000,8,13,16,19,47,65,100,220,2000,2100,2100,2507,0,8,34.821669800226125,3.518363999319263,2059.2059359987616,5910.486637415237
1783462938,25,,Aggregated,11.400000,0.000000,8,13,16,19,47,65,100,220,2000,2100,2100,2519,0,8,34.706633996095555,3.518363999319263,2059.2059359987616,5900.218737594283
1783462939,25,,Aggregated,11.100000,0.000000,8,13,16,19,47,65,100,220,2000,2100,2100,2524,0,8,34.65661171559811,3.518363999319263,2059.2059359987616,5907.95324881141
1783462940,25,,Aggregated,11.700000,0.000000,8,13,16,19,47,65,100,220,2000,2100,2100,2537,0,8,34.5498189854773,3.518363999319263,2059.2059359987616,5886.320457232952
1783462941,25,,Aggregated,11.800000,0.000000,8,13,16,19,47,64,100,220,2000,2100,2100,2552,0,8,34.41946395186304,3.518363999319263,2059.2059359987616,5898.634012539185
1783462942,25,,Aggregated,11.100000,0.000000,8,13,16,19,47,64,100,220,2000,2100,2100,2560,0,8,34.38617583404664,3.518363999319263,2059.2059359987616,5901.51875
1783462943,25,,Aggregated,11.000000,0.000000,8,13,16,19,47,64,100,220,2000,2100,2100,2572,0,8,34.281739992671575,3.518363999319263,2059.2059359987616,5901.455287713841
1783462944,25,,Aggregated,11.600000,0.000000,8,13,16,19,47,64,100,220,2000,2100,2100,2584,0,8,34.18095401437189,3.518363999319263,2059.2059359987616,5903.768188854489
1783462945,25,,Aggregated,11.300000,0.000000,8,13,16,19,47,64,100,220,2000,2100,2100,2599,0,8,34.07629768261904,3.518363999319263,2059.2059359987616,5923.195075028857
1783462946,25,,Aggregated,11.300000,0.000000,8,13,16,19,47,64,100,220,2000,2100,2100,2609,0,8,33.98319985899643,3.518363999319263,2059.2059359987616,5908.02299731698
1783462947,25,,Aggregated,11.400000,0.000000,8,13,16,19,47,63,100,220,2000,2100,2100,2626,0,8,33.895523366003296,3.518363999319263,2059.2059359987616,5887.87814166032
1783462948,25,,Aggregated,12.000000,0.000000,8,13,16,19,47,63,100,220,2000,2100,2100,2631,0,8,33.878827721068845,3.518363999319263,2059.2059359987616,5897.22272900038
1783462949,25,,Aggregated,12.100000,0.000000,8,13,16,19,47,63,100,220,2000,2100,2100,2647,0,8,33.756766539152196,3.518363999319263,2059.2059359987616,5902.601057801285
1783462950,25,,Aggregated,11.800000,0.000000,8,13,16,19,47,63,100,220,2000,2100,2100,2657,0,8,33.6704702518367,3.518363999319263,2059.2059359987616,5908.13624388408
1783462951,25,,Aggregated,11.200000,0.000000,8,13,16,19,47,63,100,220,2000,2100,2100,2665,0,8,33.616646836446485,3.518363999319263,2059.2059359987616,5901.679549718574
1783462952,25,,Aggregated,12.300000,0.000000,8,13,16,18,47,63,100,220,2000,2100,2100,2678,0,8,33.49075878160645,3.518363999319263,2059.2059359987616,5911.135922330097
1783462953,25,,Aggregated,12.100000,0.000000,8,13,16,18,47,63,100,220,2000,2100,2100,2692,0,8,33.38434475562582,3.518363999319263,2059.2059359987616,5921.883358098068
1783462954,25,,Aggregated,11.200000,0.000000,8,13,16,18,47,62,100,200,2000,2100,2100,2703,0,8,33.313435926062475,3.518363999319263,2059.2059359987616,5921.741768405475
1783462955,25,,Aggregated,11.600000,0.000000,8,13,16,18,47,62,100,200,2000,2100,2100,2710,0,8,33.254599487503505,3.518363999319263,2059.2059359987616,5934.749815498155
1783462956,25,,Aggregated,11.900000,0.000000,8,13,16,18,47,62,100,200,2000,2100,2100,2725,0,8,33.14030499270169,3.518363999319263,2059.2059359987616,5922.69504587156
1783462958,25,,Aggregated,11.000000,0.000000,8,13,16,18,47,62,100,200,2000,2100,2100,2739,0,8,33.042927743376794,3.518363999319263,2059.2059359987616,5920.407082876963
1783462959,25,,Aggregated,11.500000,0.000000,8,13,16,18,47,62,100,200,2000,2100,2100,2748,0,8,32.96694390433355,3.518363999319263,2059.2059359987616,5929.818777292577
1783462960,25,,Aggregated,11.000000,0.000000,8,13,16,18,47,62,99,200,2000,2100,2100,2761,0,8,32.915091491886734,3.518363999319263,2059.2059359987616,5937.796812749004
1783462961,25,,Aggregated,11.300000,0.000000,8,13,16,18,47,62,99,200,2000,2100,2100,2774,0,8,32.833919791673466,3.518363999319263,2059.2059359987616,5955.40987743331
1783462962,25,,Aggregated,10.800000,0.000000,8,13,16,18,47,62,99,200,2000,2100,2100,2785,0,8,32.73473566825595,3.518363999319263,2059.2059359987616,5958.787073608618
1783462963,25,,Aggregated,11.200000,0.000000,8,13,16,18,47,62,99,200,2000,2100,2100,2796,0,8,32.62831016169453,3.518363999319263,2059.2059359987616,5950.363376251788
1783462964,25,,Aggregated,11.700000,0.000000,8,13,16,18,47,62,98,170,2000,2100,2100,2811,0,8,32.54590373252207,3.518363999319263,2059.2059359987616,5952.006047669868
1783462965,25,,Aggregated,11.500000,0.000000,8,13,16,18,47,61,98,170,2000,2100,2100,2821,0,8,32.48446162783344,3.518363999319263,2059.2059359987616,5953.876639489543
1783462966,25,,Aggregated,11.200000,0.000000,8,13,16,18,47,62,99,170,2000,2100,2100,2833,0,8,32.4781748055504,3.518363999319263,2059.2059359987616,5954.805859512884
1783462967,25,,Aggregated,11.300000,0.000000,8,13,16,18,47,62,99,170,2000,2100,2100,2845,0,8,32.39647623906041,3.518363999319263,2059.2059359987616,5937.478383128295
1783462968,25,,Aggregated,12.000000,0.000000,8,13,16,18,47,62,98,170,2000,2100,2100,2859,0,8,32.291850893723094,3.518363999319263,2059.2059359987616,5926.9122070654075
1783462969,25,,Aggregated,11.600000,0.000000,8,13,16,18,47,62,98,170,2000,2100,2100,2870,0,8,32.20655696729919,3.518363999319263,2059.2059359987616,5940.42543554007
1783462970,25,,Aggregated,11.500000,0.000000,8,13,16,18,47,62,98,170,2000,2100,2100,2879,0,8,32.12765999414867,3.518363999319263,2059.2059359987616,5948.046891281695
1783462971,25,,Aggregated,12.400000,0.000000,8,13,16,18,47,61,98,170,2000,2100,2100,2892,0,8,32.049505667412205,3.518363999319263,2059.2059359987616,5960.979253112033
1783462972,25,,Aggregated,12.100000,0.000000,8,13,16,18,47,61,98,170,2000,2100,2100,2906,0,8,31.95027040920773,3.518363999319263,2059.2059359987616,5960.478320715761
1783462973,25,,Aggregated,11.700000,0.000000,8,13,16,18,47,61,98,170,2000,2100,2100,2916,0,8,31.908719454789697,3.518363999319263,2059.2059359987616,5950.483196159122
1783462974,25,,Aggregated,11.800000,0.000000,8,13,16,18,47,61,98,170,2000,2100,2100,2926,0,8,31.84133162241072,3.518363999319263,2059.2059359987616,5946.321599453178
1783462975,25,,Aggregated,11.800000,0.000000,8,13,16,18,47,61,98,170,2000,2100,2100,2937,0,8,31.750440852623754,3.518363999319263,2059.2059359987616,5939.699012597889
1783462976,25,,Aggregated,11.600000,0.000000,8,13,16,18,47,61,98,170,2000,2100,2100,2950,0,8,31.67643101631626,3.518363999319263,2059.2059359987616,5943.03220338983
1783462977,25,,Aggregated,11.900000,0.000000,8,13,16,18,46,61,96,170,2000,2100,2100,2959,0,8,31.62578873914369,3.518363999319263,2059.2059359987616,5934.621493747888
1783462978,25,,Aggregated,11.500000,0.000000,8,13,15,18,46,61,96,170,2000,2100,2100,2973,0,8,31.525229637443253,3.518363999319263,2059.2059359987616,5937.494113689875
1783462979,25,,Aggregated,11.500000,0.000000,8,13,15,18,46,61,96,170,2000,2100,2100,2986,0,8,31.43893529575267,3.518363999319263,2059.2059359987616,5937.745813797723
1783462980,25,,Aggregated,11.800000,0.000000,8,13,15,18,46,61,96,170,2000,2100,2100,2997,0,8,31.4001630600966,3.518363999319263,2059.2059359987616,5933.794461127794
1783462981,25,,Aggregated,11.200000,0.000000,8,13,15,18,46,61,95,160,2000,2100,2100,3010,0,8,31.316821611335246,3.518363999319263,2059.2059359987616,5933.820265780731
1783462982,25,,Aggregated,11.400000,0.000000,8,13,15,18,46,61,95,160,2000,2100,2100,3021,0,8,31.254315871273732,3.518363999319263,2059.2059359987616,5927.846408474015
1783462983,25,,Aggregated,11.700000,0.000000,8,13,15,18,46,61,95,160,2000,2100,2100,3035,0,8,31.180372115693427,3.518363999319263,2059.2059359987616,5935.153871499177
1783462984,25,,Aggregated,11.300000,0.000000,8,13,15,18,46,61,95,160,2000,2100,2100,3048,0,8,31.114484471501704,3.518363999319263,2059.2059359987616,5935.531824146981
1783462985,25,,Aggregated,11.800000,0.000000,8,13,15,18,46,61,94,160,2000,2100,2100,3056,0,8,31.052803910712978,3.518363999319263,2059.2059359987616,5933.442408376964
1783462986,25,,Aggregated,12.100000,0.000000,8,13,15,18,46,60,94,160,2000,2100,2100,3072,0,8,30.949617366587745,3.518363999319263,2059.2059359987616,5927.859700520833
1783462987,25,,Aggregated,11.900000,0.000000,8,13,15,18,46,60,94,160,2000,2100,2100,3083,0,8,30.877639927719116,3.518363999319263,2059.2059359987616,5930.859228024651
1783462988,25,,Aggregated,11.900000,0.000000,8,13,15,18,46,60,94,160,2000,2100,2100,3093,0,8,30.812884207615525,3.518363999319263,2059.2059359987616,5927.329453604914
1783462989,25,,Aggregated,12.200000,0.000000,8,13,15,18,46,60,94,150,2000,2100,2100,3103,0,8,30.750671566596328,3.518363999319263,2059.2059359987616,5938.155333548179
1783462990,25,,Aggregated,11.900000,0.000000,8,13,15,18,46,60,94,150,2000,2100,2100,3113,0,8,30.68658094479291,3.518363999319263,2059.2059359987616,5927.955027304851
1783462991,25,,Aggregated,11.800000,0.000000,8,13,15,18,46,60,94,150,2000,2100,2100,3126,0,8,30.627460956542354,3.518363999319263,2059.2059359987616,5920.572616762636
1783462992,25,,Aggregated,12.000000,0.000000,8,13,15,18,46,60,94,150,2000,2100,2100,3137,0,8,30.555904329664735,3.518363999319263,2059.2059359987616,5932.890341090214
1783462993,25,,Aggregated,11.800000,0.000000,8,13,15,18,46,60,94,150,2000,2100,2100,3145,0,8,30.496412698621917,3.518363999319263,2059.2059359987616,5931.338632750398
1783462994,25,,Aggregated,11.600000,0.000000,8,13,15,18,46,60,94,150,2000,2100,2100,3158,0,8,30.42363676351158,3.518363999319263,2059.2059359987616,5932.168144395187
1783462995,25,,Aggregated,11.500000,0.000000,8,13,15,18,46,60,94,150,2000,2100,2100,3168,0,8,30.38474965946208,3.518363999319263,2059.2059359987616,5936.422664141414
1783462996,25,,Aggregated,11.100000,0.000000,8,13,15,18,46,60,94,150,2000,2100,2100,3182,0,8,30.34932434323239,3.518363999319263,2059.2059359987616,5922.582652419862
1783462997,25,,Aggregated,11.000000,0.000000,8,13,15,18,46,60,94,150,2000,2100,2100,3192,0,8,30.30794591358698,3.518363999319263,2059.2059359987616,5917.431077694236
1783462998,25,,Aggregated,11.300000,0.000000,8,13,15,18,46,60,93,140,2000,2100,2100,3201,0,8,30.284914210924082,3.518363999319263,2059.2059359987616,5902.431115276476
1783462999,25,,Aggregated,10.700000,0.000000,8,13,15,18,46,60,93,140,2000,2100,2100,3216,0,8,30.230268935065848,3.4679449963732623,2059.2059359987616,5889.6539179104475
1783463000,25,,Aggregated,10.800000,0.000000,8,13,15,18,46,60,93,140,2000,2100,2100,3224,0,8,30.18379887040197,3.4679449963732623,2059.2059359987616,5883.515508684864
1783463001,25,,Aggregated,11.000000,0.000000,8,13,15,18,46,60,93,140,2000,2100,2100,3237,0,8,30.120064897804852,3.4679449963732623,2059.2059359987616,5897.302440531356
1783463002,25,,Aggregated,11.000000,0.000000,8,13,15,18,46,60,93,140,2000,2100,2100,3250,0,8,30.063361208064286,3.4679449963732623,2059.2059359987616,5916.173538461539
1783463003,25,,Aggregated,11.100000,0.000000,8,13,15,18,46,60,93,140,2000,2100,2100,3265,0,8,29.972228693173165,3.4679449963732623,2059.2059359987616,5914.013169984686
1783463004,25,,Aggregated,11.700000,0.000000,8,13,15,18,45,60,93,140,2000,2100,2100,3272,0,8,29.93488036161553,3.4679449963732623,2059.2059359987616,5918.261919315403
1783463005,25,,Aggregated,11.100000,0.000000,8,13,15,18,45,60,93,140,2000,2100,2100,3285,0,8,29.862081633541944,3.4679449963732623,2059.2059359987616,5906.839269406392
1783463006,25,,Aggregated,11.700000,0.000000,8,13,15,18,46,60,93,140,2000,2100,2100,3296,0,8,29.81139017784584,3.4679449963732623,2059.2059359987616,5897.016990291262
1783463007,25,,Aggregated,11.400000,0.000000,8,13,15,18,46,60,92,130,2000,2100,2100,3309,0,8,29.771671364818015,3.4679449963732623,2059.2059359987616,5888.34572378362
1783463008,25,,Aggregated,11.400000,0.000000,8,13,15,18,46,60,92,130,2000,2100,2100,3321,0,8,29.716585769395568,3.4679449963732623,2059.2059359987616,5884.222824450467
1783463009,25,,Aggregated,12.000000,0.000000,8,13,15,18,46,60,92,130,2000,2100,2100,3329,0,8,29.677086738706606,3.4679449963732623,2059.2059359987616,5883.469510363472
1783463010,25,,Aggregated,12.100000,0.000000,8,13,15,18,46,59,92,130,2000,2100,2100,3348,0,8,29.586370282597844,3.4679449963732623,2059.2059359987616,5877.748506571087
1783463011,25,,Aggregated,11.600000,0.000000,8,13,15,18,45,59,91,130,2000,2100,2100,3355,0,8,29.545704454588083,3.4679449963732623,2059.2059359987616,5884.684053651266
1783463012,25,,Aggregated,12.100000,0.000000,8,13,15,18,45,59,91,130,2000,2100,2100,3370,0,8,29.463900727338107,3.4679449963732623,2059.2059359987616,5873.721661721068
1783463013,25,,Aggregated,11.900000,0.000000,8,13,15,18,45,59,91,130,2000,2100,2100,3380,0,8,29.41405938849743,3.4679449963732623,2059.2059359987616,5878.75
1783463014,25,,Aggregated,11.600000,0.000000,8,13,15,18,45,59,91,130,2000,2100,2100,3390,0,8,29.361956428655233,3.4679449963732623,2059.2059359987616,5875.56401179941
1783463015,25,,Aggregated,11.900000,0.000000,8,13,15,18,45,59,91,130,2000,2100,2100,3404,0,8,29.35444527912209,3.4679449963732623,2059.2059359987616,5876.572267920094
1783463016,25,,Aggregated,11.400000,0.000000,8,13,15,18,45,59,91,130,2000,2100,2100,3412,0,8,29.322154907720407,3.4679449963732623,2059.2059359987616,5874.222157092614
1783463017,25,,Aggregated,11.900000,0.000000,8,13,15,18,45,59,91,130,2000,2100,2100,3424,0,8,29.258047001791038,3.4679449963732623,2059.2059359987616,5868.679906542056
1783463018,25,,Aggregated,11.900000,0.000000,8,13,15,18,45,59,91,130,2000,2100,2100,3439,0,8,29.208003740948744,3.4679449963732623,2059.2059359987616,5859.758359988368
1783463019,25,,Aggregated,11.700000,0.000000,8,13,15,18,45,59,91,130,2000,2100,2100,3450,0,8,29.168161061196756,3.4679449963732623,2059.2059359987616,5851.790724637681
1783463020,25,,Aggregated,11.100000,0.000000,8,13,15,18,45,59,91,130,2000,2100,2100,3460,0,8,29.112081225752252,3.4679449963732623,2059.2059359987616,5866.337283236994
1783463021,25,,Aggregated,11.600000,0.000000,8,13,15,18,45,59,91,130,2000,2100,2100,3474,0,8,29.027349105670027,3.4679449963732623,2059.2059359987616,5854.008923431204
1783463022,25,,Aggregated,11.400000,0.000000,8,13,15,18,45,59,91,130,2000,2100,2100,3482,0,8,28.98617946183356,3.4679449963732623,2059.2059359987616,5871.269385410684
1783463023,25,,Aggregated,11.100000,0.000000,8,13,15,18,45,59,91,130,2000,2100,2100,3498,0,8,28.914109881960034,3.4679449963732623,2059.2059359987616,5856.654373927959
1783463024,25,,Aggregated,11.600000,0.000000,8,13,15,18,45,59,91,130,2000,2100,2100,3502,0,8,28.891336241606233,3.4679449963732623,2059.2059359987616,5858.055396916048
1783463025,25,,Aggregated,11.600000,0.000000,8,13,15,18,45,59,91,130,2000,2100,2100,3519,0,8,28.829713314040294,3.4679449963732623,2059.2059359987616,5858.157999431657
1783463026,25,,Aggregated,11.800000,0.000000,8,13,15,18,45,59,91,130,2000,2100,2100,3529,0,8,28.78247933355397,3.4679449963732623,2059.2059359987616,5859.63360725418
1783463027,25,,Aggregated,11.000000,0.000000,8,13,15,17,45,59,91,130,2000,2100,2100,3542,0,8,28.715499610136206,3.4679449963732623,2059.2059359987616,5854.42913608131
1783463028,25,,Aggregated,11.200000,0.000000,8,13,15,18,45,59,91,130,2000,2100,2100,3554,0,8,28.67401422456535,3.4679449963732623,2059.2059359987616,5844.880135059088
1783463029,25,,Aggregated,11.100000,0.000000,8,13,15,17,45,59,91,130,2000,2100,2100,3565,0,8,28.604118440705232,3.4679449963732623,2059.2059359987616,5843.830855539972
1783463030,25,,Aggregated,11.900000,0.000000,8,13,15,17,45,59,91,130,2000,2100,2100,3573,0,8,28.564212455109693,3.4679449963732623,2059.2059359987616,5844.391827595858
1783463031,25,,Aggregated,11.600000,0.000000,8,13,15,17,45,58,91,130,2000,2100,2100,3586,0,8,28.504783522055614,3.4679449963732623,2059.2059359987616,5845.526213050753
1783463032,25,,Aggregated,11.100000,0.000000,8,13,15,17,45,58,91,130,2000,2100,2100,3596,0,8,28.446680691908906,3.4679449963732623,2059.2059359987616,5845.332591768632
1783463033,25,,Aggregated,11.800000,0.000000,8,13,15,17,45,58,90,130,2000,2100,2100,3608,0,8,28.37718775529532,3.4679449963732623,2059.2059359987616,5850.073170731707
1783463034,25,,Aggregated,11.000000,0.000000,8,12,15,17,45,58,90,130,2000,2100,2100,3620,0,8,28.317708813009133,3.4679449963732623,2059.2059359987616,5849.638121546961
1783463035,25,,Aggregated,11.200000,0.000000,8,12,15,17,45,58,91,130,2000,2100,2100,3633,0,8,28.29396600663174,3.4679449963732623,2059.2059359987616,5838.217726396917
1783463036,25,,Aggregated,11.100000,0.000000,8,12,15,17,45,58,91,130,2000,2100,2100,3640,0,8,28.276720817058838,3.4679449963732623,2059.2059359987616,5836.00989010989
1783463037,25,,Aggregated,11.900000,0.000000,8,12,15,17,45,58,91,130,2000,2100,2100,3654,0,8,28.25904400467541,3.4679449963732623,2059.2059359987616,5825.354953475643
1783463038,25,,Aggregated,11.300000,0.000000,8,12,15,17,45,58,91,130,2000,2100,2100,3667,0,8,28.22581453533968,3.4679449963732623,2059.2059359987616,5835.781565312244
1783463039,25,,Aggregated,11.300000,0.000000,8,12,15,17,45,58,91,130,2000,2100,2100,3678,0,8,28.158896826830468,3.4679449963732623,2059.2059359987616,5836.196030451332
1783463040,25,,Aggregated,10.900000,0.000000,8,12,15,17,45,58,91,130,2000,2100,2100,3685,0,8,28.14515326677975,3.4679449963732623,2059.2059359987616,5834.214654002713
1783463041,25,,Aggregated,11.400000,0.000000,8,12,15,17,45,58,91,130,2000,2100,2100,3697,0,8,28.09745804735449,3.4679449963732623,2059.2059359987616,5848.784690289423
1783463042,25,,Aggregated,11.600000,0.000000,8,12,15,17,45,58,91,130,2000,2100,2100,3710,0,8,28.050056057432233,3.4679449963732623,2059.2059359987616,5864.682210242588
1783463043,25,,Aggregated,10.700000,0.000000,8,12,15,17,45,58,91,130,2000,2100,2100,3721,0,8,28.020832321442686,3.4679449963732623,2059.2059359987616,5851.022305831766
1783463044,25,,Aggregated,11.600000,0.000000,8,12,15,17,45,58,91,130,2000,2100,2100,3735,0,8,27.982061568699752,3.4679449963732623,2059.2059359987616,5851.7472556894245
1783463045,25,,Aggregated,11.200000,0.000000,8,12,15,17,45,58,91,130,2000,2100,2100,3744,0,8,27.956472058786648,3.4679449963732623,2059.2059359987616,5855.05608974359
1783463046,25,,Aggregated,11.500000,0.000000,8,12,15,17,45,58,90,130,2000,2100,2100,3755,0,8,27.901799057555458,3.4679449963732623,2059.2059359987616,5865.539014647137
1783463047,25,,Aggregated,11.100000,0.000000,8,13,15,17,45,58,90,130,2000,2100,2100,3764,0,8,27.867856182549286,3.4679449963732623,2059.2059359987616,5871.94261424017
1783463048,25,,Aggregated,11.300000,0.000000,8,13,15,17,45,58,90,130,2000,2100,2100,3774,0,8,27.820611312169156,3.4679449963732623,2059.2059359987616,5879.799682034976
1783463049,25,,Aggregated,11.000000,0.000000,8,12,15,17,45,58,90,130,2000,2100,2100,3785,0,8,27.76839212210004,3.4679449963732623,2059.2059359987616,5868.952708058124
1783463050,25,,Aggregated,11.000000,0.000000,8,12,15,17,45,58,90,130,2000,2100,2100,3795,0,8,27.739073890682764,3.4679449963732623,2059.2059359987616,5873.53280632411
1783463051,25,,Aggregated,10.400000,0.000000,8,12,15,17,45,58,89,130,2000,2100,2100,3809,0,8,27.702564799197663,3.4679449963732623,2059.2059359987616,5876.882646363875
1783463052,25,,Aggregated,10.500000,0.000000,8,13,15,17,45,58,89,130,2000,2100,2100,3816,0,8,27.693773288038553,3.4679449963732623,2059.2059359987616,5882.728773584906
1783463054,25,,Aggregated,10.800000,0.000000,8,13,15,17,45,58,89,130,2000,2100,2100,3836,0,8,27.71763983919461,3.4679449963732623,2059.2059359987616,5891.428050052137
1783463055,25,,Aggregated,10.200000,0.000000,8,13,15,17,45,58,89,130,2000,2100,2100,3850,0,8,27.647314607309383,3.4679449963732623,2059.2059359987616,5894.8553246753245
1783463056,25,,Aggregated,10.300000,0.000000,8,13,15,17,45,58,88,130,2000,2100,2100,3862,0,8,27.59961415384513,3.4679449963732623,2059.2059359987616,5904.751941998964
1783463057,25,,Aggregated,10.300000,0.000000,8,13,15,17,45,58,88,130,2000,2100,2100,3874,0,8,27.53638886968584,3.46043000172358,2059.2059359987616,5907.839184305627
1783463058,25,,Aggregated,10.300000,0.000000,8,13,15,17,45,58,88,130,2000,2100,2100,3884,0,8,27.50584825776457,3.46043000172358,2059.2059359987616,5903.979145211122
1783463059,25,,Aggregated,10.700000,0.000000,8,13,15,17,45,58,88,130,2000,2100,2100,3895,0,8,27.48107417077585,3.46043000172358,2059.2059359987616,5895.126829268293
1783463060,25,,Aggregated,10.800000,0.000000,8,12,15,17,45,58,88,130,2000,2100,2100,3908,0,8,27.42666788464271,3.46043000172358,2059.2059359987616,5887.030706243603
1783463061,25,,Aggregated,11.100000,0.000000,8,12,15,17,45,58,88,130,2000,2100,2100,3916,0,8,27.398794467106374,3.46043000172358,2059.2059359987616,5893.076864147089
1783463062,25,,Aggregated,10.900000,0.000000,8,12,15,17,45,58,88,130,2000,2100,2100,3930,0,8,27.347438777147456,3.46043000172358,2059.2059359987616,5900.421628498728
1783463063,25,,Aggregated,10.900000,0.000000,8,12,15,17,45,58,88,130,2000,2100,2100,3944,0,8,27.27781315471543,3.46043000172358,2059.2059359987616,5898.392241379311
1783463064,25,,Aggregated,10.800000,0.000000,8,12,15,17,45,58,88,130,2000,2100,2100,3949,0,8,27.252868203139666,3.46043000172358,2059.2059359987616,5899.668776905546
1783463065,25,,Aggregated,11.500000,0.000000,8,12,15,17,45,58,87,130,2000,2100,2100,3962,0,8,27.20464517546449,3.46043000172358,2059.2059359987616,5906.635537607269
1783463066,25,,Aggregated,11.500000,0.000000,8,12,15,17,45,58,87,130,2000,2100,2100,3972,0,8,27.169398074064485,3.46043000172358,2059.2059359987616,5901.006042296072
1783463067,25,,Aggregated,11.000000,0.000000,8,12,15,17,45,58,87,130,2000,2100,2100,3986,0,8,27.141435110936534,3.46043000172358,2059.2059359987616,5897.856246864024
1783463068,25,,Aggregated,11.200000,0.000000,8,12,15,17,45,58,87,130,2000,2100,2100,3998,0,8,27.092409314206378,3.46043000172358,2059.2059359987616,5914.878939469735
1783463069,25,,Aggregated,11.100000,0.000000,8,12,15,17,45,58,87,120,2000,2100,2100,4006,0,8,27.06409711338062,3.46043000172358,2059.2059359987616,5913.45781328008
1783463070,25,,Aggregated,11.300000,0.000000,8,12,15,17,45,58,87,120,2000,2100,2100,4019,0,8,27.029669251855527,3.46043000172358,2059.2059359987616,5910.126150783777
1783463071,25,,Aggregated,11.400000,0.000000,8,12,15,17,45,58,87,120,2000,2100,2100,4030,0,8,26.99884973330735,3.46043000172358,2059.2059359987616,5911.311414392059
1783463072,25,,Aggregated,11.100000,0.000000,8,12,15,17,45,58,87,120,2000,2100,2100,4043,0,8,26.95270846876903,3.46043000172358,2059.2059359987616,5900.56047489488
1783463073,25,,Aggregated,11.200000,0.000000,8,12,15,17,45,58,87,120,2000,2100,2100,4054,0,8,26.926779941598607,3.46043000172358,2059.2059359987616,5907.326837691169
1783463074,25,,Aggregated,11.000000,0.000000,8,12,15,17,45,58,87,120,2000,2100,2100,4067,0,8,26.89901118717392,3.46043000172358,2059.2059359987616,5897.69289402508
1783463075,25,,Aggregated,11.300000,0.000000,8,12,15,17,45,58,87,120,2000,2100,2100,4074,0,8,26.86850452043326,3.46043000172358,2059.2059359987616,5903.737849779087
1783463076,25,,Aggregated,11.000000,0.000000,8,12,15,17,45,58,87,120,2000,2100,2100,4088,0,8,26.823431528680853,3.46043000172358,2059.2059359987616,5903.378424657534
1783463077,25,,Aggregated,11.800000,0.000000,8,12,15,17,45,58,87,120,2000,2100,2100,4099,0,8,26.78772545090062,3.46043000172358,2059.2059359987616,5904.143449621859
1783463078,25,,Aggregated,11.200000,0.000000,8,12,15,17,45,57,87,120,2000,2100,2100,4106,0,8,26.752567029287725,3.46043000172358,2059.2059359987616,5897.839259620068
1783463079,25,,Aggregated,11.600000,0.000000,8,12,15,17,45,58,87,120,2000,2100,2100,4118,0,8,26.709276414099637,3.46043000172358,2059.2059359987616,5895.181398737251
1783463080,25,,Aggregated,11.400000,0.000000,8,12,15,17,45,58,87,120,2000,2100,2100,4130,0,8,26.667596540500757,3.46043000172358,2059.2059359987616,5895.654721549637
1783463081,25,,Aggregated,10.700000,0.000000,8,12,15,17,45,58,87,120,2000,2100,2100,4142,0,8,26.645666666896073,3.46043000172358,2059.2059359987616,5893.296233703525
1783463082,25,,Aggregated,11.200000,0.000000,8,12,15,17,45,58,86,120,2000,2100,2100,4155,0,8,26.597817126658317,3.46043000172358,2059.2059359987616,5891.777135980746
1783463083,25,,Aggregated,11.000000,0.000000,8,12,15,17,45,58,86,120,2000,2100,2100,4165,0,8,26.57228527305324,3.46043000172358,2059.2059359987616,5896.0228091236495
1783463084,25,,Aggregated,11.400000,0.000000,8,12,15,17,45,58,86,120,2000,2100,2100,4182,0,8,26.50659784057159,3.46043000172358,2059.2059359987616,5894.784552845528
1783463085,25,,Aggregated,11.300000,0.000000,8,12,15,17,45,58,86,120,2000,2100,2100,4189,0,8,26.47792449899199,3.46043000172358,2059.2059359987616,5900.982573406541
1783463086,25,,Aggregated,11.000000,0.000000,8,12,15,17,44,57,84,120,2000,2100,2100,4203,0,8,26.418922509466114,3.46043000172358,2059.2059359987616,5902.978110873186
1783463087,25,,Aggregated,11.400000,0.000000,8,12,15,17,44,57,84,120,2000,2100,2100,4211,0,8,26.38122478277918,3.46043000172358,2059.2059359987616,5897.835668487295
1783463088,25,,Aggregated,11.700000,0.000000,8,12,15,17,44,57,84,120,2000,2100,2100,4223,0,8,26.35333178694857,3.46043000172358,2059.2059359987616,5894.725550556476
1783463089,25,,Aggregated,11.300000,0.000000,8,12,15,17,44,57,84,120,2000,2100,2100,4234,0,8,26.3102782357815,3.46043000172358,2059.2059359987616,5897.785781766651
1783463090,25,,Aggregated,11.000000,0.000000,8,12,15,17,44,57,84,120,2000,2100,2100,4247,0,8,26.260933063873793,3.383905997907277,2059.2059359987616,5889.501765952437
1783463091,25,,Aggregated,11.600000,0.000000,8,12,15,17,44,57,84,120,2000,2100,2100,4258,0,8,26.2125803290951,3.383905997907277,2059.2059359987616,5891.314466885862
1783463092,25,,Aggregated,11.500000,0.000000,8,12,15,17,44,57,84,120,2000,2100,2100,4272,0,8,26.20136740479245,3.383905997907277,2059.2059359987616,5883.7717696629215
1783463093,25,,Aggregated,11.700000,0.000000,8,12,15,17,44,57,84,120,2000,2100,2100,4281,0,8,26.172612644306895,3.383905997907277,2059.2059359987616,5882.013781826676
1783463094,25,,Aggregated,11.400000,0.000000,8,12,15,17,44,57,84,120,2000,2100,2100,4292,0,8,26.14395822676275,3.383905997907277,2059.2059359987616,5896.851817334576
1783463095,25,,Aggregated,11.600000,0.000000,8,12,15,17,44,57,84,120,2000,2100,2100,4305,0,8,26.102343854884744,3.383905997907277,2059.2059359987616,5908.707084785134
1783463096,25,,Aggregated,11.600000,0.000000,8,12,15,17,44,57,84,120,2000,2100,2100,4313,0,8,26.065343492528157,3.383905997907277,2059.2059359987616,5903.2587526083935
1783463097,25,,Aggregated,11.000000,0.000000,8,12,15,17,44,57,84,120,2000,2100,2100,4330,0,8,26.054343558492945,3.383905997907277,2059.2059359987616,5897.776905311778
1783463098,25,,Aggregated,11.300000,0.000000,8,12,15,17,44,57,84,120,2000,2100,2100,4335,0,8,26.03543122405461,3.383905997907277,2059.2059359987616,5903.8059976931945
1783463099,25,,Aggregated,11.100000,0.000000,8,12,15,17,44,57,84,120,2000,2100,2100,4353,0,8,26.000632617563564,3.383905997907277,2059.2059359987616,5909.908339076499
1783463100,25,,Aggregated,11.900000,0.000000,8,12,15,17,44,57,84,120,2000,2100,2100,4362,0,8,25.97738726942702,3.383905997907277,2059.2059359987616,5913.636176066025
1783463101,25,,Aggregated,11.300000,0.000000,8,12,15,17,44,57,84,120,2000,2100,2100,4376,0,8,25.94025064013835,3.383905997907277,2059.2059359987616,5912.470749542962
1783463102,25,,Aggregated,11.900000,0.000000,8,12,15,17,44,57,84,120,2000,2100,2100,4387,0,8,25.920730734953626,3.383905997907277,2059.2059359987616,5910.799863232277
1783463103,25,,Aggregated,11.500000,0.000000,8,12,15,17,44,57,84,120,2000,2100,2100,4399,0,8,25.884806397415783,3.383905997907277,2059.2059359987616,5910.0697885883155
1783463104,25,,Aggregated,11.800000,0.000000,8,12,15,17,44,57,84,120,2000,2100,2100,4411,0,8,25.846917977607337,3.383905997907277,2059.2059359987616,5923.593062797551
1783463105,25,,Aggregated,11.400000,0.000000,8,12,15,17,44,57,84,120,2000,2100,2100,4419,0,8,25.810679181767757,3.383905997907277,2059.2059359987616,5917.254808780267
1783463106,25,,Aggregated,11.800000,0.000000,8,12,15,17,44,57,84,120,2000,2100,2100,4433,0,8,25.790983537611933,3.383905997907277,2059.2059359987616,5908.387999097677
1783463107,25,,Aggregated,11.900000,0.000000,8,12,15,17,44,57,84,120,2000,2100,2100,4443,0,8,25.760322117761017,3.383905997907277,2059.2059359987616,5911.155525545802
1783463108,25,,Aggregated,11.400000,0.000000,8,12,15,17,44,57,84,120,2000,2100,2100,4453,0,8,25.73536903777547,3.383905997907277,2059.2059359987616,5906.588816528183
1783463109,25,,Aggregated,11.900000,0.000000,8,12,15,17,44,57,84,120,2000,2100,2100,4463,0,8,25.723679451985277,3.383905997907277,2059.2059359987616,5906.491597580103
1783463111,25,,Aggregated,11.300000,0.000000,8,12,15,17,44,57,84,120,2000,2100,2100,4475,0,8,25.700576546414645,3.383905997907277,2059.2059359987616,5912.55374301676
1783463112,25,,Aggregated,11.700000,0.000000,8,12,15,17,44,57,84,120,2000,2100,2100,4485,0,8,25.680444029923876,3.383905997907277,2059.2059359987616,5904.803790412486
1783463113,25,,Aggregated,11.000000,0.000000,8,12,15,17,44,57,83,120,2000,2100,2100,4501,0,8,25.64445885963178,3.383905997907277,2059.2059359987616,5898.139080204399
1783463114,25,,Aggregated,11.300000,0.000000,8,12,15,17,44,57,83,120,2000,2100,2100,4511,0,8,25.61856113859327,3.383905997907277,2059.2059359987616,5893.199733983595
1783463115,25,,Aggregated,10.900000,0.000000,8,12,15,17,44,57,83,120,2000,2100,2100,4522,0,8,25.59515656705059,3.383905997907277,2059.2059359987616,5890.16806722689
1783463116,25,,Aggregated,11.400000,0.000000,8,12,15,17,44,57,83,120,2000,2100,2100,4534,0,8,25.560608840362686,3.383905997907277,2059.2059359987616,5888.400970445523
1783463117,25,,Aggregated,11.200000,0.000000,8,12,15,17,44,57,83,120,2000,2100,2100,4547,0,8,25.527595248119834,3.383905997907277,2059.2059359987616,5885.702881020453
1783463118,25,,Aggregated,11.100000,0.000000,8,12,15,17,44,57,82,120,2000,2100,2100,4558,0,8,25.50819371768394,3.383905997907277,2059.2059359987616,5893.922553751646
1783463119,25,,Aggregated,11.500000,0.000000,8,12,15,17,44,57,82,120,2000,2100,2100,4565,0,8,25.483102210122084,3.383905997907277,2059.2059359987616,5895.866812705367
1783463120,25,,Aggregated,11.400000,0.000000,8,12,15,17,44,57,83,120,2000,2100,2100,4578,0,8,25.476647962911812,3.383905997907277,2059.2059359987616,5892.739624290083
1783463121,25,,Aggregated,11.500000,0.000000,8,12,15,17,44,57,83,120,2000,2100,2100,4591,0,8,25.446121655021294,3.383905997907277,2059.2059359987616,5895.737312132433
1783463122,25,,Aggregated,11.500000,0.000000,8,12,15,17,44,57,82,120,2000,2100,2100,4603,0,8,25.415947044361207,3.383905997907277,2059.2059359987616,5899.909841407777
1783463123,25,,Aggregated,11.500000,0.000000,8,12,15,17,44,57,82,120,2000,2100,2100,4615,0,8,25.39877363731053,3.383905997907277,2059.2059359987616,5903.38136511376
1783463124,25,,Aggregated,11.600000,0.000000,8,12,15,17,44,57,82,120,2000,2100,2100,4629,0,8,25.350251944736993,3.383905997907277,2059.2059359987616,5895.050550874919
1783463125,25,,Aggregated,11.600000,0.000000,8,12,15,17,44,57,82,120,2000,2100,2100,4636,0,8,25.323731569497625,3.383905997907277,2059.2059359987616,5893.12014667817
1783463126,25,,Aggregated,11.800000,0.000000,8,12,15,17,44,57,83,120,2000,2100,2100,4649,0,8,25.29347230526836,3.383905997907277,2059.2059359987616,5899.412131641213
1783463127,25,,Aggregated,11.400000,0.000000,8,12,15,17,44,57,82,120,2000,2100,2100,4662,0,8,25.256448886998193,3.383905997907277,2059.2059359987616,5903.536894036894
1783463128,25,,Aggregated,11.400000,0.000000,8,12,15,17,44,57,82,120,2000,2100,2100,4675,0,8,25.221294593195154,3.383905997907277,2059.2059359987616,5904.273796791444
1783463129,25,,Aggregated,11.300000,0.000000,8,12,15,17,44,56,82,120,2000,2100,2100,4688,0,8,25.1887151182108,3.383905997907277,2059.2059359987616,5904.203711604096
1783463130,25,,Aggregated,11.300000,0.000000,8,12,15,17,44,56,82,120,2000,2100,2100,4698,0,8,25.16192429165068,3.383905997907277,2059.2059359987616,5897.346743295019
1783463131,25,,Aggregated,11.700000,0.000000,8,12,15,17,44,56,82,120,2000,2100,2100,4710,0,8,25.13518360258471,3.383905997907277,2059.2059359987616,5902.2949044585985
1783463132,25,,Aggregated,12.000000,0.000000,8,12,15,17,44,56,82,120,2000,2100,2100,4721,0,8,25.11878048552636,3.383905997907277,2059.2059359987616,5897.966108875238
1783463133,25,,Aggregated,11.900000,0.000000,8,12,15,17,44,57,83,120,2000,2100,2100,4742,0,8,25.169985948161067,3.383905997907277,2059.2059359987616,5896.75643188528
1783463134,25,,Aggregated,11.800000,0.000000,8,12,15,17,44,57,82,120,2000,2100,2100,4754,0,8,25.147536597010657,3.383905997907277,2059.2059359987616,5897.97055111485
1783463135,25,,Aggregated,12.100000,0.000000,8,12,15,17,44,57,82,120,2000,2100,2100,4764,0,8,25.11767421267429,3.383905997907277,2059.2059359987616,5893.307724601175
1783463136,25,,Aggregated,11.600000,0.000000,8,12,15,17,44,57,82,120,2000,2100,2100,4776,0,8,25.083147815573497,3.383905997907277,2059.2059359987616,5894.257328308207
1783463137,25,,Aggregated,12.000000,0.000000,8,12,15,17,44,57,82,120,2000,2100,2100,4789,0,8,25.07812854712496,3.383905997907277,2059.2059359987616,5892.2194612654
1783463138,25,,Aggregated,11.900000,0.000000,8,12,15,17,44,57,82,120,2000,2100,2100,4801,0,8,25.05416152847133,3.383905997907277,2059.2059359987616,5898.61882941054
1783463139,25,,Aggregated,11.800000,0.000000,8,12,15,17,44,57,82,120,2000,2100,2100,4806,0,8,25.043806167120863,3.383905997907277,2059.2059359987616,5897.028506034124
1783463140,25,,Aggregated,11.400000,0.000000,8,12,15,17,44,57,82,120,2000,2100,2100,4823,0,8,25.011290362680008,3.383905997907277,2059.2059359987616,5891.511507360564
1783463141,25,,Aggregated,11.600000,0.000000,8,12,15,17,44,57,82,120,2000,2100,2100,4834,0,8,24.973506817171184,3.383905997907277,2059.2059359987616,5891.34215970211
1783463142,25,,Aggregated,11.200000,0.000000,8,12,15,17,44,57,82,120,2000,2100,2100,4844,0,8,24.947890324362795,3.383905997907277,2059.2059359987616,5896.674649050372
1783463143,25,,Aggregated,11.700000,0.000000,8,12,15,17,44,57,82,120,2000,2100,2100,4858,0,8,24.90938082569078,3.383905997907277,2059.2059359987616,5898.6659118979005
1783463144,25,,Aggregated,11.800000,0.000000,8,12,15,17,44,57,82,120,2000,2100,2100,4869,0,8,24.87183367410309,3.383905997907277,2059.2059359987616,5903.96303142329
1783463145,25,,Aggregated,11.100000,0.000000,8,12,15,17,44,57,82,120,2000,2100,2100,4886,0,8,24.836975859228094,3.383905997907277,2059.2059359987616,5911.337904216128
1783463146,25,,Aggregated,11.500000,0.000000,8,12,15,17,44,57,82,120,2000,2100,2100,4890,0,8,24.839470907603854,3.383905997907277,2059.2059359987616,5912.096114519428
1783463147,25,,Aggregated,11.600000,0.000000,8,12,15,17,44,57,82,120,2000,2100,2100,4907,0,8,24.795630853514318,3.383905997907277,2059.2059359987616,5903.840839616874
1783463148,25,,Aggregated,11.900000,0.000000,8,12,15,17,44,57,82,120,2000,2100,2100,4916,0,8,24.77134727668767,3.383905997907277,2059.2059359987616,5897.456672091131
1783463149,25,,Aggregated,11.500000,0.000000,8,12,15,17,44,57,82,120,2000,2100,2100,4930,0,8,24.72592545622777,3.383905997907277,2059.2059359987616,5894.848073022313
1783463150,25,,Aggregated,12.000000,0.000000,8,12,15,17,44,57,82,120,2000,2100,2100,4944,0,8,24.702597045552025,3.383905997907277,2059.2059359987616,5895.671116504855
1783463151,25,,Aggregated,11.600000,0.000000,8,12,15,17,44,57,81,120,2000,2100,2100,4951,0,8,24.68816886087965,3.383905997907277,2059.2059359987616,5893.628559886892
1783463152,25,,Aggregated,12.100000,0.000000,8,12,15,17,44,57,81,120,2000,2100,2100,4966,0,8,24.659241570317654,3.383905997907277,2059.2059359987616,5897.544099879178
1783463153,25,,Aggregated,11.700000,0.000000,8,12,15,17,44,57,81,120,2000,2100,2100,4977,0,8,24.62655061306191,3.383905997907277,2059.2059359987616,5890.247940526421
1783463154,25,,Aggregated,11.600000,0.000000,8,12,15,17,44,57,81,120,2000,2100,2100,4985,0,8,24.61773968650288,3.383905997907277,2059.2059359987616,5890.9586760280845
1783463155,25,,Aggregated,11.900000,0.000000,8,12,15,17,44,57,81,120,2000,2100,2100,4996,0,8,24.584718025662596,3.383905997907277,2059.2059359987616,5896.688550840672
1783463156,25,,Aggregated,11.900000,0.000000,8,12,15,17,44,57,81,120,2000,2100,2100,5009,0,8,24.557823003034297,3.383905997907277,2059.2059359987616,5901.88141345578
1783463157,25,,Aggregated,11.300000,0.000000,8,12,15,17,44,56,81,120,2000,2100,2100,5022,0,8,24.520636729832713,3.383905997907277,2059.2059359987616,5908.982477100757
1783463158,25,,Aggregated,11.300000,0.000000,8,12,15,17,44,56,81,120,2000,2100,2100,5032,0,8,24.499504128022775,3.383905997907277,2059.2059359987616,5920.0015898251195
1783463159,25,,Aggregated,11.800000,0.000000,8,12,15,17,44,56,81,120,2000,2100,2100,5045,0,8,24.471071370310767,3.383905997907277,2059.2059359987616,5918.9730426164515
1783463160,25,,Aggregated,11.300000,0.000000,8,12,15,17,44,56,81,120,2000,2100,2100,5058,0,8,24.42776093776464,3.383905997907277,2059.2059359987616,5915.561684460261
1783463161,25,,Aggregated,11.600000,0.000000,8,12,15,17,44,56,81,120,2000,2100,2100,5071,0,8,24.400920396809717,3.383905997907277,2059.2059359987616,5915.302701636758
1783463162,25,,Aggregated,11.700000,0.000000,8,12,15,17,44,56,81,120,2000,2100,2100,5084,0,8,24.372955868849747,3.383905997907277,2059.2059359987616,5911.719315499607
1783463163,25,,Aggregated,11.500000,0.000000,8,12,15,17,44,57,81,120,2000,2100,2100,5093,0,8,24.36886150662462,3.383905997907277,2059.2059359987616,5909.354408010995
1783463164,25,,Aggregated,11.900000,0.000000,8,12,15,17,44,56,81,110,2000,2100,2100,5104,0,8,24.339393855648854,3.383905997907277,2059.2059359987616,5903.805054858934
1783463165,25,,Aggregated,11.900000,0.000000,8,12,15,17,44,56,81,110,2000,2100,2100,5116,0,8,24.312849672642358,3.383905997907277,2059.2059359987616,5910.196247068022
1783463166,25,,Aggregated,11.600000,0.000000,8,12,15,17,44,56,81,110,2000,2100,2100,5127,0,8,24.27962313697168,3.383905997907277,2059.2059359987616,5914.932904232494
1783463167,25,,Aggregated,12.000000,0.000000,8,12,15,17,44,56,81,110,2000,2100,2100,5142,0,8,24.26799590047278,3.383905997907277,2059.2059359987616,5916.8498638661995
1783463168,25,,Aggregated,11.700000,0.000000,8,12,15,17,44,56,81,110,2000,2100,2100,5148,0,8,24.267146412244898,3.383905997907277,2059.2059359987616,5915.860722610722
1783463169,25,,Aggregated,11.600000,0.000000,8,12,15,17,44,57,81,110,2000,2100,2100,5158,0,8,24.2633199046577,3.383905997907277,2059.2059359987616,5913.395308259015
1783463170,25,,Aggregated,12.100000,0.000000,8,12,15,17,44,56,81,110,2000,2100,2100,5174,0,8,24.235625196600015,3.383905997907277,2059.2059359987616,5910.5579822187865
1783463171,25,,Aggregated,11.600000,0.000000,8,12,15,17,44,56,81,110,2000,2100,2100,5188,0,8,24.198791778956814,3.383905997907277,2059.2059359987616,5909.805512721666
1783463172,25,,Aggregated,11.200000,0.000000,8,12,15,17,44,56,81,110,2000,2100,2100,5194,0,8,24.180331134237317,3.383905997907277,2059.2059359987616,5911.1509433962265
1783463173,25,,Aggregated,11.600000,0.000000,8,12,15,17,44,56,81,110,2000,2100,2100,5210,0,8,24.140743946305438,3.383905997907277,2059.2059359987616,5909.554702495201
1783463174,25,,Aggregated,11.600000,0.000000,8,12,15,17,44,56,81,110,2000,2100,2100,5217,0,8,24.13999001404028,3.383905997907277,2059.2059359987616,5905.74928119609
1783463175,25,,Aggregated,10.900000,0.000000,8,12,15,17,44,56,81,110,2000,2100,2100,5232,0,8,24.115629325157705,3.383905997907277,2059.2059359987616,5909.559824159021
1783463176,25,,Aggregated,11.600000,0.000000,8,12,15,17,44,56,81,110,2000,2100,2100,5241,0,8,24.099199860185823,3.383905997907277,2059.2059359987616,5912.225338675825
1783463177,25,,Aggregated,11.200000,0.000000,8,12,15,17,44,56,81,110,2000,2100,2100,5254,0,8,24.06588423434464,3.383905997907277,2059.2059359987616,5903.719451846212
1783463178,25,,Aggregated,11.600000,0.000000,8,12,15,16,44,56,81,110,2000,2100,2100,5262,0,8,24.054564596014362,3.383905997907277,2059.2059359987616,5903.484606613455
1783463179,25,,Aggregated,11.500000,0.000000,8,12,15,17,44,56,81,110,2000,2100,2100,5279,0,8,24.036751798112988,3.383905997907277,2059.2059359987616,5903.206099640083
1783463180,25,,Aggregated,11.400000,0.000000,8,12,15,17,44,56,81,110,2000,2100,2100,5287,0,8,24.022305416350587,3.383905997907277,2059.2059359987616,5902.066578399848
1783463181,25,,Aggregated,11.200000,0.000000,8,12,15,16,44,56,81,110,2000,2100,2100,5296,0,8,24.00488089959149,3.383905997907277,2059.2059359987616,5900.635951661631
1783463182,25,,Aggregated,11.900000,0.000000,8,12,15,17,44,56,80,110,2000,2100,2100,5311,0,8,23.9813575374184,3.383905997907277,2059.2059359987616,5903.880436829222
1783463183,25,,Aggregated,11.200000,0.000000,8,12,15,17,44,56,80,110,2000,2100,2100,5324,0,8,23.956193506617282,3.383905997907277,2059.2059359987616,5905.851615326822
1783463184,25,,Aggregated,10.900000,0.000000,8,12,15,16,44,56,80,110,2000,2100,2100,5333,0,8,23.936998098863555,3.383905997907277,2059.2059359987616,5904.5216576036
1783463185,25,,Aggregated,11.800000,0.000000,8,12,15,16,44,56,80,110,2000,2100,2100,5347,0,8,23.907208876049577,3.383905997907277,2059.2059359987616,5900.483635683561
1783463186,25,,Aggregated,11.300000,0.000000,8,12,15,16,44,56,80,110,2000,2100,2100,5359,0,8,23.8764864219536,3.383905997907277,2059.2059359987616,5900.491136406046
1783463187,25,,Aggregated,11.700000,0.000000,8,12,15,16,44,56,80,110,2000,2100,2100,5371,0,8,23.84174284942103,3.383905997907277,2059.2059359987616,5899.063861478309
1783463188,25,,Aggregated,11.500000,0.000000,8,12,15,16,44,56,80,110,2000,2100,2100,5382,0,8,23.816443983324046,3.383905997907277,2059.2059359987616,5903.094760312151
1783463189,25,,Aggregated,11.700000,0.000000,8,12,15,16,44,56,80,110,2000,2100,2100,5393,0,8,23.788855826117118,3.383905997907277,2059.2059359987616,5899.798256999815
1783463190,25,,Aggregated,11.500000,0.000000,8,12,15,16,44,56,80,110,2000,2100,2100,5402,0,8,23.82887672959238,3.383905997907277,2059.2059359987616,5901.440207330618
1783463191,25,,Aggregated,12.000000,0.000000,8,12,15,16,44,56,80,110,2000,2100,2100,5418,0,8,23.80587614530385,3.383905997907277,2059.2059359987616,5895.077519379845
1783463192,25,,Aggregated,11.400000,0.000000,8,12,15,16,44,56,80,110,2000,2100,2100,5428,0,8,23.780930068029203,3.383905997907277,2059.2059359987616,5893.776897568165
1783463193,25,,Aggregated,11.600000,0.000000,8,12,15,16,44,56,80,110,2000,2100,2100,5436,0,8,23.773164130475973,3.383905997907277,2059.2059359987616,5890.4670713760115
1783463194,25,,Aggregated,12.100000,0.000000,8,12,15,16,44,56,80,110,2000,2100,2100,5449,0,8,23.74291275559892,3.383905997907277,2059.2059359987616,5895.410350523031
1783463195,25,,Aggregated,11.600000,0.000000,8,12,15,16,44,56,80,110,2000,2100,2100,5460,0,8,23.72093241103537,3.383905997907277,2059.2059359987616,5904.780952380952
1783463196,25,,Aggregated,11.200000,0.000000,8,12,15,16,44,56,80,110,2000,2100,2100,5469,0,8,23.695840075745895,3.383905997907277,2059.2059359987616,5905.686780032913
1783463197,25,,Aggregated,11.600000,0.000000,8,12,15,16,44,56,80,110,2000,2100,2100,5484,0,8,23.660825624774176,3.383905997907277,2059.2059359987616,5918.025346462437
1783463199,25,,Aggregated,11.300000,0.000000,8,12,15,16,44,56,80,110,2000,2100,2100,5494,0,8,23.641315822398266,3.383905997907277,2059.2059359987616,5914.421732799417
1783463200,25,,Aggregated,11.000000,0.000000,8,12,15,16,44,56,80,110,2000,2100,2100,5506,0,8,23.62189757287556,3.383905997907277,2059.2059359987616,5913.416273156557
1783463201,25,,Aggregated,11.200000,0.000000,8,12,15,16,44,56,80,110,2000,2100,2100,5516,0,8,23.612949630212473,3.383905997907277,2059.2059359987616,5908.875634517766
1783463202,25,,Aggregated,11.200000,0.000000,8,12,15,16,44,56,80,110,2000,2100,2100,5531,0,8,23.58167326347036,3.383905997907277,2059.2059359987616,5913.28403543663
1783463203,25,,Aggregated,11.300000,0.000000,8,12,15,16,44,56,80,110,2000,2100,2100,5539,0,8,23.55973249959437,3.383905997907277,2059.2059359987616,5914.6757537461635
1783463204,25,,Aggregated,11.300000,0.000000,8,12,15,16,43,56,79,110,2000,2100,2100,5554,0,8,23.524777453233934,3.383905997907277,2059.2059359987616,5914.137558516384
1783463205,25,,Aggregated,11.300000,0.000000,8,12,15,16,43,55,79,110,2000,2100,2100,5563,0,8,23.501568415830043,3.383905997907277,2059.2059359987616,5923.3118820780155
1783463206,25,,Aggregated,11.100000,0.000000,8,12,15,16,43,56,80,110,2000,2100,2100,5573,0,8,23.497563079897024,3.383905997907277,2059.2059359987616,5925.325139063341
1783463207,25,,Aggregated,11.300000,0.000000,8,12,15,16,43,55,80,110,2000,2100,2100,5590,0,8,23.47486573099902,3.383905997907277,2059.2059359987616,5927.706976744186
1783463208,25,,Aggregated,11.300000,0.000000,8,12,15,16,43,55,79,110,2000,2100,2100,5601,0,8,23.452990494963398,3.383905997907277,2059.2059359987616,5922.559364399214
1783463209,25,,Aggregated,12.000000,0.000000,8,12,15,16,43,55,79,110,2000,2100,2100,5613,0,8,23.424797853429364,3.383905997907277,2059.2059359987616,5921.879743452699
1783463210,25,,Aggregated,11.500000,0.000000,8,12,15,16,43,55,79,110,2000,2100,2100,5622,0,8,23.41451329603169,3.383905997907277,2059.2059359987616,5917.28512984703
1783463211,25,,Aggregated,11.400000,0.000000,8,12,15,16,43,56,79,110,2000,2100,2100,5634,0,8,23.401702309245124,3.383905997907277,2059.2059359987616,5917.6031238906635
1783463212,25,,Aggregated,11.300000,0.000000,8,12,15,16,43,55,79,110,2000,2100,2100,5646,0,8,23.37320751014625,3.383905997907277,2059.2059359987616,5923.422954303932
1783463213,25,,Aggregated,11.400000,0.000000,8,12,15,16,43,56,79,110,2000,2100,2100,5655,0,8,23.362304667955502,3.383905997907277,2059.2059359987616,5928.507161803714
1783463214,25,,Aggregated,11.400000,0.000000,8,12,15,16,43,56,79,110,2000,2100,2100,5667,0,8,23.34359702369898,3.383905997907277,2059.2059359987616,5923.625198517734
1783463215,25,,Aggregated,11.400000,0.000000,8,12,15,16,43,56,79,110,2000,2100,2100,5677,0,8,23.317138934170583,3.383905997907277,2059.2059359987616,5926.984498855029
1783463216,25,,Aggregated,11.200000,0.000000,8,12,15,16,43,55,79,110,2000,2100,2100,5687,0,8,23.291093211760643,3.383905997907277,2059.2059359987616,5930.646738174784
1783463217,25,,Aggregated,11.400000,0.000000,8,12,15,16,43,56,79,110,2000,2100,2100,5699,0,8,23.270302410471434,3.383905997907277,2059.2059359987616,5927.489384102474
1783463218,25,,Aggregated,11.400000,0.000000,8,12,15,16,43,56,79,110,2000,2100,2100,5708,0,8,23.266369952397216,3.383905997907277,2059.2059359987616,5928.08304134548
1783463219,25,,Aggregated,10.800000,0.000000,8,12,15,16,43,55,79,110,2000,2100,2100,5723,0,8,23.24241196510128,3.383905997907277,2059.2059359987616,5923.665560020968
1783463220,25,,Aggregated,10.400000,0.000000,8,12,15,16,43,55,79,110,2000,2100,2100,5732,0,8,23.236281854551077,3.383905997907277,2059.2059359987616,5925.554780181437
1783463221,25,,Aggregated,11.100000,0.000000,8,12,15,16,43,55,79,110,2000,2100,2100,5746,0,8,23.217843891106362,3.383905997907277,2059.2059359987616,5917.554298642534
1783463222,25,,Aggregated,11.000000,0.000000,8,12,15,16,43,55,79,110,2000,2100,2100,5762,0,8,23.188780371447027,3.383905997907277,2059.2059359987616,5917.40437348143
1783463223,25,,Aggregated,11.300000,0.000000,8,12,15,16,43,55,79,110,2000,2100,2100,5772,0,8,23.168933869767603,3.383905997907277,2059.2059359987616,5918.18762993763
1783463224,25,,Aggregated,11.100000,0.000000,8,12,15,16,43,55,79,110,2000,2100,2100,5782,0,8,23.1525148675686,3.383905997907277,2059.2059359987616,5923.674507090972
1783463225,25,,Aggregated,11.800000,0.000000,8,12,15,16,43,55,79,110,2000,2100,2100,5794,0,8,23.14853376635482,3.383905997907277,2059.2059359987616,5918.452364515016
1783463226,25,,Aggregated,11.200000,0.000000,8,12,15,16,43,55,78,110,2000,2100,2100,5805,0,8,23.125921625708244,3.383905997907277,2059.2059359987616,5915.530404823428
1783463227,25,,Aggregated,11.400000,0.000000,8,12,15,16,43,55,78,110,2000,2100,2100,5818,0,8,23.104933703032813,3.383905997907277,2059.2059359987616,5915.950326572705
1783463228,25,,Aggregated,11.300000,0.000000,8,12,15,16,43,55,78,110,2000,2100,2100,5827,0,8,23.094540961084483,3.383905997907277,2059.2059359987616,5913.517418911962
1783463229,25,,Aggregated,12.000000,0.000000,8,12,15,16,43,55,79,110,2000,2100,2100,5841,0,8,23.077765356147058,3.383905997907277,2059.2059359987616,5915.677281287451
1783463230,25,,Aggregated,11.900000,0.000000,8,12,15,16,43,55,78,110,2000,2100,2100,5852,0,8,23.051406883673558,3.383905997907277,2059.2059359987616,5918.146274777854
1783463231,25,,Aggregated,12.000000,0.000000,8,12,15,16,43,55,78,110,2000,2100,2100,5863,0,8,23.034371429687944,3.383905997907277,2059.2059359987616,5916.531297970322
1783463232,25,,Aggregated,11.800000,0.000000,8,12,15,16,43,55,78,110,2000,2100,2100,5870,0,8,23.018622644676928,3.383905997907277,2059.2059359987616,5921.371379897785
1783463233,25,,Aggregated,11.200000,0.000000,8,12,15,16,43,55,78,110,2000,2100,2100,5881,0,8,22.993485702305026,3.383905997907277,2059.2059359987616,5923.657031117157
1783463234,25,,Aggregated,11.000000,0.000000,8,12,15,16,43,55,78,110,2000,2100,2100,5895,0,8,22.962790631422138,3.383905997907277,2059.2059359987616,5924.570992366413
1783463235,25,,Aggregated,11.000000,0.000000,8,12,15,16,43,55,78,110,2000,2100,2100,5902,0,8,22.94711489363413,3.383905997907277,2059.2059359987616,5930.703490342257
1783463236,25,,Aggregated,11.000000,0.000000,8,12,15,16,43,55,78,110,2000,2100,2100,5915,0,8,22.927555295391297,3.383905997907277,2059.2059359987616,5934.226542688081
1783463237,25,,Aggregated,10.700000,0.000000,8,12,15,16,43,55,78,110,2000,2100,2100,5927,0,8,22.91746934152542,3.383905997907277,2059.2059359987616,5939.348743040324
1783463238,25,,Aggregated,11.000000,0.000000,8,12,15,16,43,55,78,110,2000,2100,2100,5937,0,8,22.897376228435217,3.383905997907277,2059.2059359987616,5941.896243894223
1783463239,25,,Aggregated,10.400000,0.000000,8,12,15,16,43,55,78,110,2000,2100,2100,5945,0,8,22.899614414841498,3.383905997907277,2059.2059359987616,5940.375441547519
1783463240,25,,Aggregated,11.000000,0.000000,8,12,15,16,43,55,78,110,2000,2100,2100,5958,0,8,22.910558507758523,3.383905997907277,2059.2059359987616,5939.337193689157
1783463241,25,,Aggregated,10.400000,0.000000,8,12,15,16,43,55,78,110,2000,2100,2100,5969,0,8,22.8867324568932,3.383905997907277,2059.2059359987616,5934.900653375775
1783463242,25,,Aggregated,10.600000,0.000000,8,12,15,16,43,55,78,110,2000,2100,2100,5981,0,8,22.88091107175882,3.383905997907277,2059.2059359987616,5942.980605249958
1783463243,25,,Aggregated,11.100000,0.000000,8,12,15,16,43,55,78,110,2000,2100,2100,5988,0,8,22.86484533737362,3.383905997907277,2059.2059359987616,5942.1653306613225
1783463244,25,,Aggregated,10.900000,0.000000,8,12,15,16,43,55,77,100,2000,2100,2100,6001,0,8,22.84107603219668,3.383905997907277,2059.2059359987616,5945.315614064322
1783463245,25,,Aggregated,10.800000,0.000000,8,12,15,16,43,55,77,100,2000,2100,2100,6015,0,8,22.818361133867228,3.383905997907277,2059.2059359987616,5947.83208645054
1783463246,25,,Aggregated,10.700000,0.000000,8,12,15,16,43,55,77,100,2000,2100,2100,6025,0,8,22.805951286841058,3.383905997907277,2059.2059359987616,5950.736597510373
1783463247,25,,Aggregated,11.200000,0.000000,8,12,15,16,43,55,77,100,2000,2100,2100,6038,0,8,22.802455442566504,3.383905997907277,2059.2059359987616,5947.604504802915
1783463248,25,,Aggregated,11.400000,0.000000,8,12,15,16,43,55,77,100,2000,2100,2100,6048,0,8,22.789539222752932,3.383905997907277,2059.2059359987616,5945.564318783069
1783463249,25,,Aggregated,10.900000,0.000000,8,12,15,16,43,55,77,100,2000,2100,2100,6059,0,8,22.76132342419744,3.383905997907277,2059.2059359987616,5941.422842053144
1783463250,25,,Aggregated,11.300000,0.000000,8,12,15,16,43,55,77,110,2000,2100,2100,6075,0,8,22.75541514423058,3.383905997907277,2059.2059359987616,5943.798518518519
1783463251,25,,Aggregated,10.900000,0.000000,8,12,15,16,43,55,77,110,2000,2100,2100,6087,0,8,22.73920872731956,3.383905997907277,2059.2059359987616,5945.097092163627
1783463252,25,,Aggregated,11.200000,0.000000,8,12,15,16,43,55,77,110,2000,2100,2100,6094,0,8,22.73581565969713,3.383905997907277,2059.2059359987616,5942.470462750246
1783463253,25,,Aggregated,11.100000,0.000000,8,12,15,16,43,55,77,100,2000,2100,2100,6107,0,8,22.713928883607814,3.383905997907277,2059.2059359987616,5946.884558703127
1783463254,25,,Aggregated,11.500000,0.000000,8,12,15,16,43,55,77,100,2000,2100,2100,6119,0,8,22.690595050693464,3.383905997907277,2059.2059359987616,5946.367216865501
1783463255,25,,Aggregated,11.500000,0.000000,8,12,15,16,43,55,77,100,2000,2100,2100,6130,0,8,22.670200302313393,3.383905997907277,2059.2059359987616,5945.247960848287
1783463256,25,,Aggregated,11.500000,0.000000,8,12,15,16,43,55,77,100,2000,2100,2100,6142,0,8,22.64473052363609,3.383905997907277,2059.2059359987616,5940.478183002279
1783463257,25,,Aggregated,11.100000,0.000000,8,12,15,16,43,55,77,100,2000,2100,2100,6155,0,8,22.612684288414048,3.383905997907277,2059.2059359987616,5941.793501218522
1783463258,25,,Aggregated,10.900000,0.000000,8,12,15,16,43,55,77,100,2000,2100,2100,6166,0,8,22.5909852556238,3.383905997907277,2059.2059359987616,5946.429776192021
1783463259,25,,Aggregated,11.800000,0.000000,8,12,15,16,43,55,77,100,2000,2100,2100,6175,0,8,22.586659896709467,3.383905997907277,2059.2059359987616,5942.385748987855
1783463260,25,,Aggregated,11.500000,0.000000,8,12,15,16,43,55,77,100,2000,2100,2100,6188,0,8,22.56323620769108,3.383905997907277,2059.2059359987616,5941.061409179057
1783463261,25,,Aggregated,11.700000,0.000000,8,12,15,16,43,55,76,100,2000,2100,2100,6201,0,8,22.540901892307794,3.383905997907277,2059.2059359987616,5944.822125463635
1783463262,25,,Aggregated,11.700000,0.000000,8,12,15,16,43,55,76,100,2000,2100,2100,6212,0,8,22.517991886543747,3.383905997907277,2059.2059359987616,5939.050547327753
1783463263,25,,Aggregated,11.800000,0.000000,8,12,15,16,43,55,77,100,2000,2100,2100,6222,0,8,22.515041972708424,3.383905997907277,2059.2059359987616,5938.008678881389
1783463264,25,,Aggregated,11.500000,0.000000,8,12,15,16,43,55,77,100,2000,2100,2100,6237,0,8,22.481814697001123,3.383905997907277,2059.2059359987616,5945.455507455507
1783463265,25,,Aggregated,11.800000,0.000000,8,12,15,16,43,55,77,100,2000,2100,2100,6246,0,8,22.460570706883853,3.383905997907277,2059.2059359987616,5942.013608709574
1783463266,25,,Aggregated,11.600000,0.000000,8,12,15,16,43,55,76,100,2000,2100,2100,6257,0,8,22.438344342206534,3.383905997907277,2059.2059359987616,5939.82675403548
1783463267,25,,Aggregated,12.000000,0.000000,8,12,15,16,43,55,76,100,2000,2100,2100,6271,0,8,22.42654682429976,3.383905997907277,2059.2059359987616,5932.236804337426
1783463268,25,,Aggregated,11.500000,0.000000,8,12,15,16,43,55,76,100,2000,2100,2100,6283,0,8,22.41673112624396,3.383905997907277,2059.2059359987616,5936.668788795161
1783463269,25,,Aggregated,11.400000,0.000000,8,12,15,16,43,55,76,100,2000,2100,2100,6293,0,8,22.395089783756976,3.2248869974864647,2059.2059359987616,5929.49276974416
1783463270,25,,Aggregated,11.400000,0.000000,8,12,15,16,43,55,76,100,2000,2100,2100,6299,0,8,22.378199157831055,3.2248869974864647,2059.2059359987616,5928.017304334021
1783463271,25,,Aggregated,11.900000,0.000000,8,12,15,16,43,55,77,100,2000,2100,2100,6319,0,8,22.372665937834707,3.2248869974864647,2059.2059359987616,5919.226301630005
1783463272,25,,Aggregated,11.400000,0.000000,8,12,15,16,43,55,77,100,2000,2100,2100,6328,0,8,22.362455077459995,3.2248869974864647,2059.2059359987616,5921.54693426043
1783463273,25,,Aggregated,10.800000,0.000000,8,12,15,16,43,55,77,100,2000,2100,2100,6338,0,8,22.33661156676418,3.2248869974864647,2059.2059359987616,5919.102240454402
1783463274,25,,Aggregated,11.700000,0.000000,8,12,15,16,43,55,77,100,2000,2100,2100,6349,0,8,22.32088511200745,3.2248869974864647,2059.2059359987616,5918.09733816349
1783463275,25,,Aggregated,11.000000,0.000000,8,12,15,16,43,55,77,100,2000,2100,2100,6361,0,8,22.307972250452163,3.2248869974864647,2059.2059359987616,5914.828957711052
1783463276,25,,Aggregated,11.500000,0.000000,8,12,15,16,43,55,77,100,2000,2100,2100,6373,0,8,22.292819722447366,3.2248869974864647,2059.2059359987616,5915.479366075631
1783463277,25,,Aggregated,11.400000,0.000000,8,12,15,16,43,55,77,100,2000,2100,2100,6382,0,8,22.281291844900593,3.2248869974864647,2059.2059359987616,5919.373863992479
1783463278,25,,Aggregated,11.800000,0.000000,8,12,15,16,43,55,77,100,2000,2100,2100,6392,0,8,22.259585878780623,3.2248869974864647,2059.2059359987616,5918.077909887359
1783463279,25,,Aggregated,11.400000,0.000000,8,12,15,16,43,55,76,100,2000,2100,2100,6405,0,8,22.25410860080645,3.2248869974864647,2059.2059359987616,5911.157845433256
1783463280,25,,Aggregated,11.200000,0.000000,8,12,15,16,43,55,76,100,2000,2100,2100,6417,0,8,22.233176853073072,3.2248869974864647,2059.2059359987616,5912.604955586723
1783463281,25,,Aggregated,10.700000,0.000000,8,12,15,16,43,55,76,100,2000,2100,2100,6427,0,8,22.211657269204046,3.2248869974864647,2059.2059359987616,5913.372957834137
1783463282,25,,Aggregated,11.400000,0.000000,8,12,15,16,43,55,76,100,2000,2100,2100,6439,0,8,22.190837802168424,3.2248869974864647,2059.2059359987616,5913.974685510172
1783463283,25,,Aggregated,11.700000,0.000000,8,12,15,16,43,55,76,100,2000,2100,2100,6452,0,8,22.164708630526828,3.2248869974864647,2059.2059359987616,5919.350278983261
1783463284,25,,Aggregated,10.800000,0.000000,8,12,15,16,43,55,76,100,2000,2100,2100,6463,0,8,22.14527154033253,3.2248869974864647,2059.2059359987616,5916.498220640569
1783463285,25,,Aggregated,11.300000,0.000000,8,12,15,16,43,55,76,100,2000,2100,2100,6473,0,8,22.134926684871495,3.2248869974864647,2059.2059359987616,5909.418198671404
1783463286,25,,Aggregated,11.300000,0.000000,8,12,15,16,43,55,76,100,2000,2100,2100,6487,0,8,22.108362946223895,3.2248869974864647,2059.2059359987616,5903.549406505318
1783463287,25,,Aggregated,11.000000,0.000000,8,12,15,16,43,55,76,100,2000,2100,2100,6496,0,8,22.09056325648866,3.2248869974864647,2059.2059359987616,5906.143626847291
1783463288,25,,Aggregated,10.900000,0.000000,8,12,15,16,43,55,76,100,2000,2100,2100,6509,0,8,22.079162621163505,3.2248869974864647,2059.2059359987616,5903.218620371793
1783463289,25,,Aggregated,11.300000,0.000000,8,12,15,16,43,55,76,100,2000,2100,2100,6519,0,8,22.084558624046153,3.2248869974864647,2059.2059359987616,5901.220739377205
1783463290,25,,Aggregated,11.400000,0.000000,8,12,15,16,43,55,76,100,2000,2100,2100,6531,0,8,22.07643658492696,3.2248869974864647,2059.2059359987616,5896.953605879651
1783463291,25,,Aggregated,11.600000,0.000000,8,12,15,16,43,55,76,100,2000,2100,2100,6541,0,8,22.067924010570934,3.2248869974864647,2059.2059359987616,5890.022167864241
1783463292,25,,Aggregated,11.300000,0.000000,8,12,15,16,43,55,76,100,2000,2100,2100,6550,0,8,22.054625435596563,3.2248869974864647,2059.2059359987616,5887.6487022900765
1783463293,25,,Aggregated,11.300000,0.000000,8,12,15,16,43,55,76,100,2000,2100,2100,6565,0,8,22.04734102409291,3.2248869974864647,2059.2059359987616,5896.7971058644325
1783463294,25,,Aggregated,11.500000,0.000000,8,12,15,16,43,55,76,100,2000,2100,2100,6580,0,8,22.03055660944815,3.2248869974864647,2059.2059359987616,5895.459422492401
1783463295,25,,Aggregated,11.200000,0.000000,8,12,15,16,43,55,76,100,2000,2100,2100,6592,0,8,22.007198517622314,3.2248869974864647,2059.2059359987616,5899.8492111650485
1783463296,25,,Aggregated,11.200000,0.000000,8,12,15,16,43,55,76,100,2000,2100,2100,6603,0,8,21.991403218564443,3.2248869974864647,2059.2059359987616,5899.917916098743
1783463297,25,,Aggregated,11.600000,0.000000,8,12,15,16,43,55,76,100,2000,2100,2100,6615,0,8,21.980784487554327,3.2248869974864647,2059.2059359987616,5897.673469387755
1783463298,25,,Aggregated,11.800000,0.000000,8,12,15,16,43,55,76,100,2000,2100,2100,6627,0,8,21.958956568609242,3.2248869974864647,2059.2059359987616,5904.690055832201
1783463299,25,,Aggregated,11.700000,0.000000,8,12,15,16,43,55,76,100,2000,2100,2100,6640,0,8,21.93603926192495,3.2248869974864647,2059.2059359987616,5907.415361445783
1783463300,25,,Aggregated,11.600000,0.000000,8,12,15,16,43,55,76,100,2000,2100,2100,6647,0,8,21.927393969936816,3.2248869974864647,2059.2059359987616,5908.165187302542
1783463301,25,,Aggregated,11.700000,0.000000,8,12,15,16,43,55,76,100,2000,2100,2100,6659,0,8,21.90360116416604,3.2248869974864647,2059.2059359987616,5910.08394653852
1783463302,25,,Aggregated,11.900000,0.000000,8,12,15,16,43,55,76,100,2000,2100,2100,6669,0,8,21.88245432976096,3.2248869974864647,2059.2059359987616,5909.580296896086
1783463303,25,,Aggregated,11.800000,0.000000,8,12,15,16,43,55,76,100,2000,2100,2100,6683,0,8,21.88000572904105,3.2248869974864647,2059.2059359987616,5902.6907077659735
1783463304,25,,Aggregated,11.400000,0.000000,8,12,15,16,43,55,76,100,2000,2100,2100,6692,0,8,21.863446833111972,3.2248869974864647,2059.2059359987616,5897.7700239091455
1783463305,25,,Aggregated,11.500000,0.000000,8,12,15,16,43,55,76,100,2000,2100,2100,6704,0,8,21.84088579134544,3.2248869974864647,2059.2059359987616,5893.888275656324
1783463306,25,,Aggregated,11.700000,0.000000,8,12,15,16,43,55,76,100,2000,2100,2100,6716,0,8,21.825788394756042,3.2248869974864647,2059.2059359987616,5894.230792138177
1783463307,25,,Aggregated,11.400000,0.000000,8,12,15,16,43,55,76,100,2000,2100,2100,6728,0,8,21.80434181750857,3.2248869974864647,2059.2059359987616,5899.569114149822
1783463308,25,,Aggregated,11.200000,0.000000,8,12,15,16,43,55,76,100,2000,2100,2100,6737,0,8,21.790523602819647,3.2248869974864647,2059.2059359987616,5893.948790262728
1783463309,25,,Aggregated,11.000000,0.000000,8,12,15,16,43,55,76,100,2000,2100,2100,6750,0,8,21.796827240473014,3.2248869974864647,2059.2059359987616,5889.197777777777
1783463310,25,,Aggregated,11.500000,0.000000,8,12,15,16,43,55,76,100,2000,2100,2100,6763,0,8,21.79659095433881,3.2248869974864647,2059.2059359987616,5890.741091231702
1783463311,25,,Aggregated,11.200000,0.000000,8,12,15,16,43,55,76,100,2000,2100,2100,6772,0,8,21.78566951981523,3.2248869974864647,2059.2059359987616,5896.129503839338
1783463312,25,,Aggregated,11.000000,0.000000,8,12,15,16,43,55,76,100,2000,2100,2100,6786,0,8,21.76327320766124,3.2248869974864647,2059.2059359987616,5893.430739758326
1783463313,25,,Aggregated,11.300000,0.000000,8,12,15,16,43,55,76,100,2000,2100,2100,6791,0,8,21.75819027392019,3.2248869974864647,2059.2059359987616,5891.503460462377
1783463314,25,,Aggregated,11.400000,0.000000,8,12,15,16,43,55,76,100,2000,2100,2100,6808,0,8,21.746762429962125,3.2248869974864647,2059.2059359987616,5889.2143066980025
1783463315,25,,Aggregated,11.600000,0.000000,8,12,15,16,43,55,76,100,2000,2100,2100,6818,0,8,21.72457724335525,3.2248869974864647,2059.2059359987616,5884.126283367556
1783463316,25,,Aggregated,10.900000,0.000000,8,12,15,16,43,54,76,100,2000,2100,2100,6830,0,8,21.723844947319478,3.2248869974864647,2059.2059359987616,5883.351390922401
1783463317,25,,Aggregated,11.300000,0.000000,8,12,15,16,43,55,76,100,2000,2100,2100,6839,0,8,21.731941996811567,3.2248869974864647,2059.2059359987616,5885.788565579763
1783463318,25,,Aggregated,11.300000,0.000000,8,12,15,16,43,55,76,100,2000,2100,2100,6850,0,8,21.710291990681455,3.2248869974864647,2059.2059359987616,5887.084817518248
1783463319,25,,Aggregated,11.400000,0.000000,8,12,15,16,43,55,76,100,2000,2100,2100,6866,0,8,21.68897906279721,3.2248869974864647,2059.2059359987616,5890.71162248762
1783463320,25,,Aggregated,11.000000,0.000000,8,12,15,16,43,55,76,100,2000,2100,2100,6873,0,8,21.673348904432093,3.2248869974864647,2059.2059359987616,5887.194383820748
1783463321,25,,Aggregated,11.100000,0.000000,8,12,15,16,43,55,76,100,2000,2100,2100,6883,0,8,21.663701931013787,3.2248869974864647,2059.2059359987616,5889.781635914572
1783463322,25,,Aggregated,11.500000,0.000000,8,12,15,16,43,55,76,100,2000,2100,2100,6897,0,8,21.649000890701256,3.2248869974864647,2059.2059359987616,5893.264607800493
1783463323,25,,Aggregated,11.000000,0.000000,8,12,15,16,43,54,76,100,2000,2100,2100,6908,0,8,21.626218149995122,3.2248869974864647,2059.2059359987616,5895.560654313839
1783463324,25,,Aggregated,11.100000,0.000000,8,12,15,16,43,54,76,100,2000,2100,2100,6918,0,8,21.611366694879163,3.2248869974864647,2059.2059359987616,5892.6444058976585
1783463325,25,,Aggregated,11.200000,0.000000,8,12,15,16,43,54,76,100,2000,2100,2100,6928,0,8,21.60302544026533,3.2248869974864647,2059.2059359987616,5891.5355080831405
1783463326,25,,Aggregated,11.600000,0.000000,8,12,15,16,43,54,76,100,2000,2100,2100,6939,0,8,21.58737176166132,3.2248869974864647,2059.2059359987616,5890.682374981986
1783463327,25,,Aggregated,11.100000,0.000000,8,12,15,16,43,54,76,100,2000,2100,2100,6953,0,8,21.582224132197304,3.2248869974864647,2059.2059359987616,5891.016827268805
