Timestamp,User Count,Type,Name,Requests/s,Failures/s,50%,66%,75%,80%,90%,95%,98%,99%,99.9%,99.99%,100%,Total Request Count,Total Failure Count,Total Median Response Time,Total Average Response Time,Total Min Response Time,Total Max Response Time,Total Average Content Size
1783465132,0,,Aggregated,0.000000,0.000000,N/A,N/A,N/A,N/A,N/A,N/A,N/A,N/A,N/A,N/A,N/A,0,0,0,0.0,0,0,0
1783465133,50,,Aggregated,0.000000,0.000000,N/A,N/A,N/A,N/A,N/A,N/A,N/A,N/A,N/A,N/A,N/A,0,0,0,0.0,0,0,0
1783465134,100,,Aggregated,0.000000,0.000000,N/A,N/A,N/A,N/A,N/A,N/A,N/A,N/A,N/A,N/A,N/A,0,0,0,0.0,0,0,0
1783465135,150,,Aggregated,0.000000,0.000000,3000,3000,3000,3000,3000,3000,3000,3000,3000,3000,3000,16,0,2900.0,2873.3507276251657,2660.565496000345,2988.7884779964224,655.0
1783465136,200,,Aggregated,0.000000,0.000000,3000,3000,3000,3000,3000,3000,3000,3000,3000,3000,3000,16,0,2900.0,2873.3507276251657,2660.565496000345,2988.7884779964224,655.0
1783465137,250,,Aggregated,0.000000,0.000000,3000,4900,5000,5000,5000,5000,5000,5000,5000,5000,5000,26,0,3000.0,3676.041989231005,2660.565496000345,4972.443277998536,655.0
1783465138,300,,Aggregated,0.000000,0.000000,5000,5000,5200,5200,5200,5200,5300,5300,5300,5300,5300,39,0,5000.0,4193.364284179645,2660.565496000345,5278.357656003209,655.0
1783465139,350,,Aggregated,0.000000,0.000000,5000,5000,5200,5200,5200,5200,5300,5300,5300,5300,5300,39,0,5000.0,4193.364284179645,2660.565496000345,5278.357656003209,655.0
1783465140,400,,Aggregated,0.000000,0.000000,5000,5000,5200,5200,5200,5200,5300,5300,5300,5300,5300,39,0,5000.0,4193.364284179645,2660.565496000345,5278.357656003209,655.0
1783465141,450,,Aggregated,5.571429,0.000000,5200,7600,7700,7700,8500,8600,8600,8600,8600,8600,8600,75,0,5200.0,5855.871613626757,2660.565496000345,8566.318017998128,665.8666666666667
1783465142,500,,Aggregated,5.571429,0.000000,5200,7600,7700,7700,8500,8600,8600,8600,8600,8600,8600,75,0,5200.0,5855.871613626757,2660.565496000345,8566.318017998128,665.8666666666667
1783465143,500,,Aggregated,5.571429,0.000000,5200,7600,7700,7700,8500,8600,8600,8600,8600,8600,8600,75,0,5200.0,5855.871613626757,2660.565496000345,8566.318017998128,665.8666666666667
1783465144,500,,Aggregated,5.571429,0.000000,5200,7600,7700,7700,8500,8600,8600,8600,8600,8600,8600,75,0,5200.0,5855.871613626757,2660.565496000345,8566.318017998128,665.8666666666667
1783465145,500,,Aggregated,7.500000,0.000000,7700,11000,11000,11000,11000,11000,12000,12000,12000,12000,12000,199,0,7700.0,7816.496301537923,2660.565496000345,12374.317632995371,739.391959798995
1783465146,500,,Aggregated,7.500000,0.000000,7700,11000,11000,11000,11000,11000,12000,12000,12000,12000,12000,199,0,7700.0,7816.496301537923,2660.565496000345,12374.317632995371,739.391959798995
1783465147,500,,Aggregated,7.500000,0.000000,7700,11000,11000,11000,11000,11000,12000,12000,12000,12000,12000,199,0,7700.0,7816.496301537923,2660.565496000345,12374.317632995371,739.391959798995
1783465148,500,,Aggregated,7.500000,0.000000,7700,11000,11000,11000,11000,11000,12000,12000,12000,12000,12000,199,0,7700.0,7816.496301537923,2660.565496000345,12374.317632995371,739.391959798995
1783465149,500,,Aggregated,18.300000,0.000000,8500,11000,11000,11000,11000,14000,14000,15000,15000,15000,15000,216,0,7700.0,8277.227619393669,2660.565496000345,14985.331531999691,732.75
1783465150,500,,Aggregated,16.000000,0.000000,9400,11000,11000,12000,14000,15000,15000,15000,15000,15000,15000,262,0,9400.0,8909.666079691066,2660.565496000345,15371.293278003577,826.6335877862596
1783465151,500,,Aggregated,16.000000,0.000000,7700,11000,11000,11000,14000,14000,15000,15000,15000,15000,15000,323,0,7700.0,8529.390297659624,2660.565496000345,15371.293278003577,1051.7461300309596
1783465152,500,,Aggregated,16.000000,0.000000,7600,11000,11000,11000,14000,14000,15000,15000,15000,15000,15000,354,0,7600.0,8467.218988525568,2660.565496000345,15371.293278003577,1031.276836158192
1783465153,500,,Aggregated,16.000000,0.000000,7600,11000,11000,11000,14000,14000,15000,15000,15000,15000,15000,354,0,7600.0,8467.218988525568,2660.565496000345,15371.293278003577,1031.276836158192
1783465154,500,,Aggregated,16.000000,0.000000,7600,11000,11000,11000,14000,14000,15000,15000,15000,15000,15000,354,0,7600.0,8467.218988525568,2660.565496000345,15371.293278003577,1031.276836158192
1783465155,500,,Aggregated,16.000000,0.000000,7600,11000,11000,11000,14000,14000,15000,15000,15000,15000,15000,354,0,7600.0,8467.218988525568,2660.565496000345,15371.293278003577,1031.276836158192
1783465156,500,,Aggregated,16.000000,0.000000,7600,11000,11000,11000,14000,14000,15000,15000,15000,15000,15000,354,0,7600.0,8467.218988525568,2660.565496000345,15371.293278003577,1031.276836158192
1783465157,500,,Aggregated,16.000000,0.000000,7600,11000,11000,11000,14000,14000,15000,15000,15000,15000,15000,354,0,7600.0,8467.218988525568,2660.565496000345,15371.293278003577,1031.276836158192
1783465158,500,,Aggregated,15.500000,0.000000,7700,11000,11000,12000,14000,15000,23000,23000,24000,24000,24000,371,0,7700.0,9095.609322994778,2660.565496000345,23765.757048000523,1014.0350404312668
1783465159,500,,Aggregated,15.500000,0.000000,11000,14000,19000,20000,22000,23000,23000,24000,25000,25000,25000,490,0,11000.0,11932.677446894095,2660.565496000345,24713.862081996922,930.5
1783465160,500,,Aggregated,15.600000,0.000000,11000,14000,19000,21000,22000,23000,24000,24000,25000,25000,25000,557,0,11000.0,12324.239896165378,2660.565496000345,24713.862081996922,995.8563734290843
1783465161,500,,Aggregated,24.500000,0.000000,11000,14000,15000,20000,22000,23000,23000,24000,25000,25000,25000,650,0,11000.0,12131.487261864771,2660.565496000345,24713.862081996922,1307.5261538461539
1783465162,500,,Aggregated,28.200000,0.000000,11000,11000,15000,16000,22000,23000,23000,24000,25000,25000,25000,745,0,11000.0,11451.074254086032,2576.0373459997936,24713.862081996922,1371.4912751677853
1783465163,500,,Aggregated,31.000000,0.000000,10000,11000,14000,15000,22000,23000,23000,24000,26000,26000,26000,903,0,10000.0,10178.51370358042,2345.984907995444,26018.11923400237,1382.15503875969
1783465164,500,,Aggregated,35.200000,0.000000,9900,11000,14000,15000,22000,23000,24000,24000,27000,27000,27000,945,0,9900.0,10118.16055025197,2345.984907995444,26867.31773500651,1459.8645502645502
1783465165,500,,Aggregated,46.700000,0.000000,9400,11000,14000,15000,22000,23000,25000,25000,27000,27000,27000,1043,0,9400.0,9982.704786418113,2139.289891005319,26867.31773500651,1639.176414189837
1783465166,500,,Aggregated,56.000000,0.000000,7500,11000,13000,15000,22000,24000,25000,27000,28000,28000,28000,1151,0,7500.0,9663.31753457957,2139.289891005319,27912.565268001345,1839.900086880973
1783465167,500,,Aggregated,65.100000,0.000000,6100,10000,11000,14000,22000,23000,25000,27000,28000,28000,28000,1279,0,6100.0,9116.831374814052,2139.289891005319,27912.565268001345,2153.8725566849103
1783465168,500,,Aggregated,72.800000,0.000000,5800,10000,11000,14000,22000,23000,25000,27000,28000,28000,28000,1353,0,5800.0,8823.414966191554,2051.3670459986315,27912.565268001345,2297.9977827051
1783465169,500,,Aggregated,87.200000,0.000000,5500,10000,11000,13000,21000,23000,25000,27000,28000,28000,28000,1416,0,5500.0,8592.784565894864,2051.3670459986315,27912.565268001345,2393.2591807909603
1783465170,500,,Aggregated,94.500000,0.000000,5300,10000,11000,13000,22000,23000,26000,28000,32000,32000,32000,1474,0,5300.0,8575.181957329807,2051.3670459986315,31867.04709899641,2533.5732700135686
1783465171,500,,Aggregated,93.600000,0.000000,5400,10000,11000,15000,23000,30000,31000,32000,33000,33000,33000,1719,0,5400.0,9456.276330769104,944.0235989968642,32872.51217100129,2806.497382198953
1783465172,500,,Aggregated,91.500000,0.000000,4800,7700,11000,13000,23000,29000,31000,32000,33000,33000,33000,1975,0,4800.0,8600.588305199552,675.8954159959103,32872.51217100129,3336.034430379747
1783465173,500,,Aggregated,94.500000,0.000000,4300,6500,10000,11000,22000,28000,31000,32000,33000,33000,33000,2237,0,4300.0,7836.165216809176,398.62861699657515,32872.51217100129,3934.861421546714
1783465174,500,,Aggregated,111.100000,0.000000,3900,5800,9600,11000,21000,26000,31000,32000,33000,33000,33000,2513,0,3900.0,7125.829852943161,245.91360300109955,32872.51217100129,4553.940310385993
1783465175,500,,Aggregated,128.900000,0.000000,3700,5200,7600,10000,21000,25000,30000,32000,33000,33000,33000,2740,0,3700.0,6657.0493425880195,245.91360300109955,32872.51217100129,5035.131751824818
1783465176,500,,Aggregated,148.300000,0.000000,3500,4900,6700,10000,19000,24000,30000,31000,33000,33000,33000,2977,0,3500.0,6246.581649753159,245.91360300109955,32872.51217100129,5445.322136378905
1783465177,500,,Aggregated,162.200000,0.000000,3300,4500,5900,9400,15000,24000,30000,31000,33000,33000,33000,3233,0,3300.0,5861.887989321124,41.3879419938894,32872.51217100129,5816.05567584287
1783465178,500,,Aggregated,177.800000,0.000000,3100,4200,5700,7500,15000,23000,30000,31000,33000,33000,33000,3465,0,3100.0,5542.560606241614,7.5721899993368424,32872.51217100129,6046.291486291486
1783465179,500,,Aggregated,187.200000,0.000000,2900,4000,5200,6700,14000,23000,30000,31000,33000,33000,33000,3708,0,2900.0,5230.5620183080455,7.5721899993368424,32872.51217100129,6140.134304207119
1783465180,500,,Aggregated,205.100000,0.000000,2600,3800,5000,6100,13000,23000,30000,31000,33000,33000,33000,3941,0,2600.0,4946.473994851862,7.5721899993368424,32872.51217100129,6178.959401167216
1783465181,500,,Aggregated,220.200000,0.000000,2300,3700,4800,5800,11000,22000,30000,31000,33000,33000,33000,4166,0,2200.0,4685.298842608535,3.4773070001392625,32872.51217100129,6203.703552568411
1783465182,500,,Aggregated,239.800000,0.000000,2000,3500,4500,5600,11000,22000,30000,31000,33000,33000,33000,4385,0,2000.0,4455.102589921571,3.4773070001392625,32872.51217100129,6160.598859749145
1783465183,500,,Aggregated,249.300000,0.000000,1700,3400,4300,5300,11000,22000,29000,31000,33000,33000,33000,4606,0,1700.0,4244.177608436848,2.798567002173513,32872.51217100129,6150.183456361268
1783465184,500,,Aggregated,244.200000,0.000000,1500,3200,4100,5000,11000,22000,29000,31000,33000,33000,33000,4842,0,1500.0,4040.9786897530294,2.798567002173513,32872.51217100129,6107.222841800909
1783465185,500,,Aggregated,239.200000,0.000000,1400,3100,4000,4900,11000,21000,29000,31000,33000,33000,33000,5062,0,1400.0,3867.325242199145,2.798567002173513,32872.51217100129,6069.698933227973
1783465186,500,,Aggregated,231.500000,0.000000,1300,3000,3900,4700,11000,21000,29000,31000,33000,33000,33000,5279,0,1300.0,3711.1394845540726,2.798567002173513,32872.51217100129,6051.121235082402
1783465187,500,,Aggregated,230.400000,0.000000,1100,2800,3800,4500,10000,21000,28000,30000,33000,33000,33000,5494,0,1100.0,3567.358458304145,2.798567002173513,32872.51217100129,6051.668001456134
1783465188,500,,Aggregated,230.500000,0.000000,1000,2700,3700,4300,10000,20000,27000,30000,33000,33000,33000,5716,0,1000.0,3431.0364718121086,2.798567002173513,32872.51217100129,6043.771518544437
1783465189,500,,Aggregated,227.400000,0.000000,940,2500,3500,4200,10000,19000,27000,30000,33000,33000,33000,5951,0,940.0,3297.9818019652216,2.798567002173513,32872.51217100129,6005.558729625273
1783465190,500,,Aggregated,224.400000,0.000000,850,2200,3400,4100,9900,16000,27000,30000,32000,33000,33000,6157,0,850.0,3190.016879986531,2.798567002173513,32872.51217100129,6014.542147149586
1783465191,500,,Aggregated,224.200000,0.000000,760,2000,3300,3900,9500,15000,26000,30000,32000,33000,33000,6384,0,760.0,3079.5829383226865,2.798567002173513,32872.51217100129,5990.284461152883
1783465192,500,,Aggregated,221.200000,0.000000,670,1800,3200,3900,8500,15000,25000,30000,32000,33000,33000,6625,0,670.0,2970.9564929927524,2.798567002173513,32872.51217100129,5962.481509433962
1783465193,500,,Aggregated,221.700000,0.000000,550,1700,3100,3800,7600,15000,25000,30000,32000,33000,33000,6843,0,550.0,2878.245202084899,2.798567002173513,32872.51217100129,5975.015928686249
1783465194,500,,Aggregated,221.400000,0.000000,470,1600,3000,3700,7200,14000,25000,30000,32000,33000,33000,7082,0,470.0,2784.6053394697715,2.798567002173513,32872.51217100129,5994.7142050268285
1783465195,500,,Aggregated,222.100000,0.000000,400,1500,2900,3600,7000,14000,25000,30000,32000,33000,33000,7290,0,390.0,2705.9887928589833,2.798567002173513,32872.51217100129,5967.545816186557
1783465196,500,,Aggregated,222.100000,0.000000,340,1400,2800,3500,6600,14000,24000,30000,32000,33000,33000,7490,0,340.0,2635.6998875048007,2.798567002173513,32872.51217100129,5940.222830440587
1783465197,500,,Aggregated,222.100000,0.000000,270,1300,2700,3400,6300,13000,24000,30000,32000,33000,33000,7730,0,270.0,2557.4540071183674,2.798567002173513,32872.51217100129,5944.23467011643
1783465198,500,,Aggregated,219.800000,0.000000,220,1200,2600,3400,6100,13000,24000,30000,32000,33000,33000,7950,0,220.0,2488.1708277802495,2.798567002173513,32872.51217100129,5961.695471698114
1783465199,500,,Aggregated,221.400000,0.000000,190,1100,2400,3200,5900,12000,24000,30000,32000,33000,33000,8164,0,190.0,2424.336124431777,2.798567002173513,32872.51217100129,5967.2323615874575
1783465200,500,,Aggregated,223.000000,0.000000,170,1000,2200,3200,5800,11000,23000,30000,32000,33000,33000,8417,0,170.0,2353.17456718153,2.798567002173513,32872.51217100129,5974.039206368065
1783465201,500,,Aggregated,221.000000,0.000000,160,980,2000,3100,5700,11000,23000,30000,32000,33000,33000,8614,0,160.0,2299.8757522091955,2.798567002173513,32872.51217100129,5944.408985372649
1783465202,500,,Aggregated,221.700000,0.000000,140,920,1900,3000,5600,11000,23000,30000,32000,33000,33000,8846,0,140.0,2241.304785689011,2.798567002173513,32872.51217100129,5928.461790639837
1783465203,500,,Aggregated,221.500000,0.000000,140,850,1800,3000,5400,11000,23000,29000,32000,33000,33000,9072,0,140.0,2188.2450403567045,2.798567002173513,32872.51217100129,5939.241622574956
1783465204,500,,Aggregated,223.000000,0.000000,140,800,1700,2900,5200,11000,23000,29000,32000,33000,33000,9285,0,140.0,2140.3624974824984,2.798567002173513,32872.51217100129,5912.805815831987
1783465205,500,,Aggregated,220.300000,0.000000,130,720,1600,2700,5100,11000,23000,29000,32000,33000,33000,9531,0,130.0,2087.2110539417617,2.798567002173513,32872.51217100129,5903.42513902004
1783465206,500,,Aggregated,223.300000,0.000000,130,670,1500,2700,5000,11000,23000,29000,32000,33000,33000,9729,0,130.0,2046.8944082736045,2.798567002173513,32872.51217100129,5905.023640661939
1783465207,500,,Aggregated,222.000000,0.000000,130,590,1400,2600,5000,11000,23000,29000,32000,33000,33000,9960,0,130.0,2001.026664588344,2.798567002173513,32872.51217100129,5919.683634538153
1783465208,500,,Aggregated,222.600000,0.000000,130,520,1400,2400,4800,11000,23000,29000,32000,33000,33000,10180,0,130.0,1963.1295240827003,2.798567002173513,32872.51217100129,5915.034872298625
1783465209,500,,Aggregated,222.500000,0.000000,130,480,1300,2200,4700,11000,22000,29000,32000,33000,33000,10448,0,130.0,1915.9203717141843,2.798567002173513,32872.51217100129,5902.760528330781
1783465210,500,,Aggregated,216.900000,0.000000,120,430,1200,2100,4600,11000,22000,28000,32000,33000,33000,10668,0,120.0,1877.144401270597,2.798567002173513,32872.51217100129,5913.483595800525
1783465211,500,,Aggregated,218.500000,0.000000,120,380,1200,2000,4500,10000,22000,28000,32000,33000,33000,10894,0,120.0,1838.9785155915863,2.798567002173513,32872.51217100129,5932.270607673949
1783465212,500,,Aggregated,220.500000,0.000000,110,350,1100,1900,4400,10000,22000,28000,32000,33000,33000,11114,0,110.0,1804.1476783940782,2.798567002173513,32872.51217100129,5931.117959330574
1783465213,500,,Aggregated,221.400000,0.000000,120,330,1100,1800,4400,10000,22000,27000,32000,33000,33000,11314,0,120.0,1775.33269779749,2.798567002173513,32872.51217100129,5929.34337988333
1783465214,500,,Aggregated,222.100000,0.000000,120,310,1000,1700,4300,10000,22000,27000,32000,33000,33000,11558,0,120.0,1741.0710485417724,2.798567002173513,32872.51217100129,5918.874199688527
1783465215,500,,Aggregated,221.000000,0.000000,110,290,970,1600,4200,10000,22000,27000,32000,33000,33000,11774,0,110.0,1709.619469247473,2.798567002173513,32872.51217100129,5922.216154238152
1783465216,500,,Aggregated,216.300000,0.000000,110,270,930,1600,4100,10000,22000,27000,32000,33000,33000,11992,0,110.0,1679.4544343559603,2.798567002173513,32872.51217100129,5933.243495663776
1783465217,500,,Aggregated,221.000000,0.000000,110,250,870,1500,4100,9900,22000,27000,32000,33000,33000,12247,0,110.0,1646.7414612648618,2.798567002173513,32872.51217100129,5929.032661059851
1783465218,500,,Aggregated,220.300000,0.000000,110,240,830,1400,4000,9800,21000,27000,32000,33000,33000,12452,0,110.0,1620.2956491418138,2.798567002173513,32872.51217100129,5927.717153870864
1783465219,500,,Aggregated,220.100000,0.000000,100,220,780,1400,3900,9500,21000,26000,32000,33000,33000,12696,0,100.0,1589.9849327559007,2.798567002173513,32872.51217100129,5912.65138626339
1783465220,500,,Aggregated,226.600000,0.000000,100,210,730,1300,3900,9400,21000,25000,32000,33000,33000,12921,0,100.0,1563.0405962198774,2.798567002173513,32872.51217100129,5904.555761937931
1783465222,500,,Aggregated,224.500000,0.000000,99,200,690,1300,3900,8600,21000,25000,32000,33000,33000,13115,0,99,1540.3267439739982,2.798567002173513,32872.51217100129,5886.643385436523
1783465223,500,,Aggregated,223.000000,0.000000,99,200,630,1200,3800,7700,21000,25000,32000,33000,33000,13386,0,99,1511.172554724258,2.798567002173513,32872.51217100129,5871.000373524578
1783465224,500,,Aggregated,219.100000,0.000000,97,190,590,1200,3800,7700,21000,25000,32000,33000,33000,13595,0,97,1488.9094978123471,2.798567002173513,32872.51217100129,5876.571754321441
1783465225,500,,Aggregated,224.300000,0.000000,95,180,530,1100,3700,7500,20000,25000,32000,33000,33000,13838,0,95,1463.6094141497192,2.798567002173513,32872.51217100129,5886.007587801705
1783465226,500,,Aggregated,225.700000,0.000000,95,180,500,1100,3700,7300,20000,25000,32000,33000,33000,14048,0,94,1443.1182142479956,2.798567002173513,32872.51217100129,5890.348021070615
1783465227,500,,Aggregated,224.200000,0.000000,93,170,470,1000,3700,7200,20000,25000,32000,33000,33000,14263,0,93,1422.2515841417546,2.798567002173513,32872.51217100129,5888.004557246021
1783465228,500,,Aggregated,224.000000,0.000000,92,170,440,1000,3600,7000,20000,25000,32000,33000,33000,14496,0,92,1400.556718351741,2.798567002173513,32872.51217100129,5888.040562913908
1783465229,500,,Aggregated,224.200000,0.000000,93,170,410,970,3600,6700,20000,24000,32000,33000,33000,14725,0,93,1380.7071834990068,2.798567002173513,32872.51217100129,5888.900237691002
1783465230,500,,Aggregated,222.100000,0.000000,91,160,380,940,3500,6600,19000,24000,32000,33000,33000,14938,0,91,1361.561829451328,2.798567002173513,32872.51217100129,5892.037756058375
1783465231,500,,Aggregated,223.300000,0.000000,91,160,360,900,3500,6600,19000,24000,32000,33000,33000,15151,0,91,1344.040935807797,2.798567002173513,32872.51217100129,5887.273579301696
1783465232,500,,Aggregated,221.900000,0.000000,92,160,350,870,3400,6500,16000,24000,32000,33000,33000,15337,0,92,1329.5052434375602,2.798567002173513,32872.51217100129,5894.108626198083
1783465233,500,,Aggregated,220.300000,0.000000,94,170,350,830,3400,6300,15000,24000,32000,33000,33000,15564,0,94,1314.480460098041,2.798567002173513,32872.51217100129,5906.183821639681
1783465234,500,,Aggregated,219.800000,0.000000,95,170,350,800,3400,6100,15000,24000,32000,33000,33000,15793,0,95,1298.7821804056803,2.798567002173513,32872.51217100129,5902.002089533337
1783465235,500,,Aggregated,215.700000,0.000000,94,170,340,760,3300,6000,15000,24000,32000,33000,33000,16004,0,94,1282.2990942397457,2.798567002173513,32872.51217100129,5912.076730817295
1783465236,500,,Aggregated,217.400000,0.000000,93,160,320,720,3300,5900,15000,24000,32000,33000,33000,16246,0,93,1264.4810012816558,2.798567002173513,32872.51217100129,5904.598608888342
1783465237,500,,Aggregated,215.100000,0.000000,92,160,310,690,3200,5800,15000,24000,32000,33000,33000,16458,0,92,1248.95094450017,2.798567002173513,32872.51217100129,5905.024851136225
1783465238,500,,Aggregated,216.700000,0.000000,91,160,300,660,3200,5800,15000,23000,32000,33000,33000,16685,0,91,1232.6564824957024,2.798567002173513,32872.51217100129,5887.1426430925985
1783465239,500,,Aggregated,216.500000,0.000000,89,150,280,610,3200,5800,15000,23000,32000,33000,33000,16910,0,89,1216.7027555326883,2.781311995931901,32872.51217100129,5876.326434062685
1783465240,500,,Aggregated,217.900000,0.000000,87,150,270,580,3100,5800,15000,23000,32000,33000,33000,17148,0,87,1200.2308206026162,2.781311995931901,32872.51217100129,5871.012013062747
1783465241,500,,Aggregated,217.300000,0.000000,86,150,260,540,3100,5700,15000,23000,32000,33000,33000,17352,0,86,1186.4702386079168,2.781311995931901,32872.51217100129,5873.401798063624
1783465242,500,,Aggregated,218.500000,0.000000,87,150,260,520,3000,5600,14000,23000,32000,33000,33000,17601,0,87,1171.6662164972208,2.781311995931901,32872.51217100129,5872.04812226578
1783465243,500,,Aggregated,219.900000,0.000000,86,150,250,500,3000,5500,14000,23000,32000,33000,33000,17843,0,86,1156.6332953334947,2.781311995931901,32872.51217100129,5865.746118926189
1783465244,500,,Aggregated,221.500000,0.000000,85,150,240,480,3000,5400,14000,23000,32000,33000,33000,18040,0,85,1144.3909596795188,2.781311995931901,32872.51217100129,5870.688137472283
1783465245,500,,Aggregated,223.200000,0.000000,84,140,240,460,2900,5300,14000,23000,32000,33000,33000,18276,0,84,1130.3088884949375,2.781311995931901,32872.51217100129,5863.129185817465
1783465246,500,,Aggregated,222.100000,0.000000,83,140,230,440,2900,5200,14000,23000,32000,33000,33000,18500,0,83,1117.2627114710504,2.781311995931901,32872.51217100129,5859.9463783783785
1783465247,500,,Aggregated,222.800000,0.000000,82,140,230,420,2800,5200,14000,23000,32000,33000,33000,18716,0,82,1104.9340273364726,2.781311995931901,32872.51217100129,5849.160290660398
1783465248,500,,Aggregated,222.000000,0.000000,82,140,220,400,2800,5200,14000,23000,32000,33000,33000,18957,0,82,1091.6923824868059,2.781311995931901,32872.51217100129,5844.153821807248
1783465249,500,,Aggregated,222.200000,0.000000,81,130,220,380,2700,5100,14000,23000,32000,33000,33000,19195,0,81,1078.6996148058026,2.781311995931901,32872.51217100129,5842.088043761396
1783465250,500,,Aggregated,222.100000,0.000000,80,130,210,370,2700,5000,13000,23000,32000,33000,33000,19426,0,80,1066.3339610808368,2.781311995931901,32872.51217100129,5829.66992690209
1783465251,500,,Aggregated,223.500000,0.000000,79,130,210,350,2600,5000,13000,23000,32000,33000,33000,19657,0,79,1054.2936200984564,2.781311995931901,32872.51217100129,5814.979651014905
1783465252,500,,Aggregated,223.300000,0.000000,78,130,200,340,2600,5000,13000,23000,32000,33000,33000,19894,0,78,1042.2110550952762,2.781311995931901,32872.51217100129,5825.179752689253
1783465253,500,,Aggregated,223.300000,0.000000,77,130,200,330,2500,4900,12000,23000,32000,33000,33000,20104,0,77,1031.7444883356766,2.781311995931901,32872.51217100129,5831.313320732193
1783465254,500,,Aggregated,228.000000,0.000000,78,130,200,330,2400,4900,12000,23000,32000,33000,33000,20286,0,78,1024.48344452038,2.781311995931901,32872.51217100129,5836.536083998817
1783465255,500,,Aggregated,225.600000,0.000000,79,130,210,330,2300,4800,12000,23000,32000,33000,33000,20530,0,79,1014.8879060606645,2.781311995931901,32872.51217100129,5830.5275694106185
1783465256,500,,Aggregated,221.500000,0.000000,79,130,200,320,2300,4800,11000,22000,32000,33000,33000,20764,0,79,1004.3620364283619,2.781311995931901,32872.51217100129,5828.578982854941
1783465257,500,,Aggregated,223.100000,0.000000,78,130,200,310,2200,4700,11000,22000,32000,33000,33000,20985,0,78,994.5312643700014,2.781311995931901,32872.51217100129,5824.528901596378
1783465258,500,,Aggregated,225.200000,0.000000,78,130,200,300,2100,4700,11000,22000,32000,33000,33000,21217,0,78,984.2990817122833,2.781311995931901,32872.51217100129,5829.683178583212
1783465260,500,,Aggregated,222.600000,0.000000,79,130,200,320,2100,4600,11000,22000,32000,33000,33000,21398,0,79,980.586133844029,2.781311995931901,32872.51217100129,5812.000280400038
1783465261,500,,Aggregated,211.200000,0.000000,80,130,220,360,2000,4600,11000,22000,32000,33000,33000,21655,0,80,981.1829332910414,2.781311995931901,32872.51217100129,5829.798753174787
1783465262,500,,Aggregated,188.800000,0.000000,81,140,220,370,2000,4500,11000,22000,32000,33000,33000,21901,0,81,975.2976748843691,2.781311995931901,32872.51217100129,5819.749372174787
1783465263,500,,Aggregated,193.800000,0.000000,80,130,220,360,1900,4500,11000,22000,32000,33000,33000,22101,0,80,966.8149352475318,2.781311995931901,32872.51217100129,5820.7765259490525
1783465264,500,,Aggregated,192.000000,0.000000,81,140,220,370,1900,4400,11000,22000,32000,33000,33000,22272,0,81,962.2936069800936,2.781311995931901,32872.51217100129,5821.732758620689
1783465265,500,,Aggregated,193.200000,0.000000,82,140,240,400,1900,4400,11000,22000,32000,33000,33000,22493,0,82,959.030225747325,2.781311995931901,32872.51217100129,5828.994931756546
1783465266,500,,Aggregated,190.500000,0.000000,84,140,240,410,1800,4400,11000,22000,32000,33000,33000,22746,0,84,952.4356430120292,2.781311995931901,32872.51217100129,5823.102127846654
1783465267,500,,Aggregated,185.000000,0.000000,84,140,240,400,1800,4300,11000,22000,32000,33000,33000,22966,0,84,944.0589210500546,2.781311995931901,32872.51217100129,5828.042018636245
1783465268,500,,Aggregated,183.200000,0.000000,82,140,230,390,1700,4300,11000,22000,32000,33000,33000,23197,0,82,935.0037585581545,2.781311995931901,32872.51217100129,5824.942449454671
1783465269,500,,Aggregated,185.400000,0.000000,82,140,230,380,1700,4200,11000,22000,32000,33000,33000,23423,0,82,926.3674683561673,2.781311995931901,32872.51217100129,5816.046450070444
1783465270,500,,Aggregated,186.300000,0.000000,81,140,230,370,1700,4200,11000,22000,32000,33000,33000,23663,0,81,917.5693011417576,2.781311995931901,32872.51217100129,5820.118243671554
1783465272,500,,Aggregated,219.500000,0.000000,80,130,220,360,1600,4200,11000,22000,32000,33000,33000,23886,0,80,909.2999386560948,2.781311995931901,32872.51217100129,5818.976555304363
1783465273,500,,Aggregated,216.500000,0.000000,80,130,220,350,1600,4100,11000,22000,32000,33000,33000,24116,0,80,901.3774659520038,2.781311995931901,32872.51217100129,5816.061121247305
1783465274,500,,Aggregated,215.400000,0.000000,79,130,210,350,1600,4100,11000,22000,32000,33000,33000,24321,0,79,894.0097752136635,2.781311995931901,32872.51217100129,5822.393528226636
1783465275,500,,Aggregated,215.600000,0.000000,79,130,210,340,1600,4100,11000,22000,32000,33000,33000,24503,0,79,888.0245769234568,2.781311995931901,32872.51217100129,5820.012406644084
1783465276,500,,Aggregated,221.700000,0.000000,80,130,220,340,1500,4000,11000,21000,32000,33000,33000,24749,0,80,881.4765259508457,2.781311995931901,32872.51217100129,5820.2511212574245
1783465277,500,,Aggregated,220.600000,0.000000,80,130,220,340,1500,4000,11000,21000,32000,33000,33000,24990,0,80,874.4693253780505,2.781311995931901,32872.51217100129,5818.141976790716
1783465278,500,,Aggregated,224.000000,0.000000,80,130,210,330,1500,4000,11000,21000,32000,33000,33000,25218,0,80,867.0475220987971,2.781311995931901,32872.51217100129,5820.471211039733
1783465279,500,,Aggregated,222.400000,0.000000,79,130,210,330,1500,3900,11000,21000,32000,33000,33000,25439,0,79,859.8378333580911,2.781311995931901,32872.51217100129,5812.866818664255
1783465280,500,,Aggregated,223.400000,0.000000,78,130,210,320,1400,3900,11000,21000,32000,33000,33000,25678,0,78,852.2013517379269,2.781311995931901,32872.51217100129,5807.428226497391
1783465281,500,,Aggregated,223.000000,0.000000,77,130,200,310,1400,3900,11000,21000,32000,33000,33000,25910,0,77,844.86422148296,2.781311995931901,32872.51217100129,5804.214743342339
1783465282,500,,Aggregated,224.000000,0.000000,77,130,200,310,1400,3900,11000,21000,32000,33000,33000,26127,0,77,838.358803930627,2.781311995931901,32872.51217100129,5811.468174685191
1783465283,500,,Aggregated,222.200000,0.000000,76,130,200,300,1400,3900,11000,21000,32000,33000,33000,26368,0,76,830.988259179709,2.781311995931901,32872.51217100129,5809.257016080097
1783465284,500,,Aggregated,222.000000,0.000000,75,130,200,300,1300,3900,11000,21000,32000,33000,33000,26571,0,75,824.8084838614102,2.781311995931901,32872.51217100129,5802.090662752625
1783465285,500,,Aggregated,223.600000,0.000000,75,130,190,290,1300,3800,10000,21000,32000,33000,33000,26811,0,75,818.1043400880418,2.781311995931901,32872.51217100129,5802.648054902838
1783465286,500,,Aggregated,223.200000,0.000000,75,120,190,290,1300,3800,10000,21000,32000,33000,33000,27032,0,75,811.7661121799565,2.781311995931901,32872.51217100129,5803.677826279964
1783465287,500,,Aggregated,229.200000,0.000000,74,120,190,280,1300,3800,10000,21000,32000,33000,33000,27265,0,74,805.3779692051214,2.781311995931901,32872.51217100129,5809.766880616175
1783465288,500,,Aggregated,226.200000,0.000000,74,120,190,280,1300,3800,10000,21000,32000,33000,33000,27486,0,74,799.307881118776,2.781311995931901,32872.51217100129,5808.715091319217
1783465289,500,,Aggregated,226.300000,0.000000,74,120,190,280,1200,3700,10000,20000,32000,33000,33000,27739,0,74,793.6929236070408,2.781311995931901,32872.51217100129,5815.823064998738
1783465290,500,,Aggregated,224.500000,0.000000,74,120,190,270,1200,3700,10000,20000,32000,33000,33000,27944,0,74,788.2336746350443,2.6945559948217124,32872.51217100129,5814.155847409104
1783465291,500,,Aggregated,220.800000,0.000000,74,120,180,270,1200,3700,10000,20000,31000,33000,33000,28182,0,74,782.2594117559341,2.6945559948217124,32872.51217100129,5816.689198779362
1783465292,500,,Aggregated,220.000000,0.000000,73,120,180,260,1200,3700,10000,20000,31000,33000,33000,28429,0,73,776.0176246840097,2.6945559948217124,32872.51217100129,5813.615427908122
1783465293,500,,Aggregated,219.800000,0.000000,73,120,180,260,1200,3700,10000,20000,31000,33000,33000,28624,0,73,771.0889590963777,2.6945559948217124,32872.51217100129,5813.777738960313
1783465294,500,,Aggregated,224.200000,0.000000,73,120,180,260,1200,3600,10000,20000,31000,33000,33000,28879,0,73,764.8693102947717,2.6945559948217124,32872.51217100129,5809.697254060044
1783465295,500,,Aggregated,219.100000,0.000000,72,120,180,250,1100,3600,10000,20000,31000,33000,33000,29073,0,72,760.0946822520459,2.6945559948217124,32872.51217100129,5819.815602105046
1783465296,500,,Aggregated,223.900000,0.000000,73,120,180,250,1100,3600,10000,20000,31000,33000,33000,29303,0,73,754.9373713317985,2.6945559948217124,32872.51217100129,5817.970787973927
1783465297,500,,Aggregated,221.100000,0.000000,73,120,170,250,1100,3500,10000,20000,31000,33000,33000,29532,0,73,749.9580417332936,2.6945559948217124,32872.51217100129,5812.626337532169
1783465298,500,,Aggregated,220.400000,0.000000,73,120,170,250,1100,3500,10000,19000,31000,33000,33000,29755,0,73,745.3109752318471,2.6945559948217124,32872.51217100129,5812.809544614351
1783465299,500,,Aggregated,220.300000,0.000000,73,120,170,240,1100,3500,10000,19000,31000,33000,33000,29987,0,73,739.8266875185784,2.6945559948217124,32872.51217100129,5808.385433687931
1783465300,500,,Aggregated,220.200000,0.000000,72,120,170,240,1100,3500,10000,19000,31000,33000,33000,30215,0,72,734.6233092031982,2.6945559948217124,32872.51217100129,5811.952176071488
1783465301,500,,Aggregated,224.900000,0.000000,72,120,170,240,1000,3500,10000,19000,31000,33000,33000,30444,0,72,729.3620316755888,2.6945559948217124,32872.51217100129,5816.6418341873605
1783465302,500,,Aggregated,226.600000,0.000000,72,120,170,240,1000,3400,9900,16000,31000,33000,33000,30615,0,72,726.3344241001967,2.6945559948217124,32872.51217100129,5813.366780989711
1783465303,500,,Aggregated,225.600000,0.000000,73,120,170,240,1000,3400,9900,16000,31000,33000,33000,30874,0,73,721.9513088485285,2.6945559948217124,32872.51217100129,5808.912061929132
1783465304,500,,Aggregated,215.700000,0.000000,72,120,170,240,1000,3400,9800,16000,31000,33000,33000,31086,0,72,717.2749949933858,2.6945559948217124,32872.51217100129,5807.227272727273
1783465305,500,,Aggregated,220.800000,0.000000,72,120,170,240,990,3400,9700,15000,31000,33000,33000,31297,0,72,713.1188357235658,2.6945559948217124,32872.51217100129,5808.449499952072
1783465306,500,,Aggregated,218.500000,0.000000,72,120,170,230,980,3400,9600,15000,31000,33000,33000,31536,0,72,708.3479852861963,2.6945559948217124,32872.51217100129,5810.659088026383
1783465307,500,,Aggregated,219.800000,0.000000,72,120,170,230,970,3400,9500,15000,31000,33000,33000,31764,0,72,703.5378379578278,2.6945559948217124,32872.51217100129,5813.507744616547
1783465308,500,,Aggregated,221.200000,0.000000,71,120,170,230,960,3300,9400,15000,31000,33000,33000,32010,0,71,698.5307223557152,2.6945559948217124,32872.51217100129,5805.138050609185
1783465309,500,,Aggregated,219.600000,0.000000,71,120,170,230,940,3300,9400,15000,31000,33000,33000,32222,0,71,694.1863923125014,2.6945559948217124,32872.51217100129,5803.44168580473
1783465310,500,,Aggregated,222.200000,0.000000,70,120,160,220,940,3300,9400,15000,31000,33000,33000,32443,0,70,689.6563916152468,2.6945559948217124,32872.51217100129,5806.105538945227
1783465311,500,,Aggregated,222.700000,0.000000,70,120,160,220,930,3200,8700,15000,31000,33000,33000,32688,0,70,684.9534844428393,2.6945559948217124,32872.51217100129,5798.34404062653
1783465312,500,,Aggregated,219.600000,0.000000,70,110,160,220,910,3200,8600,15000,31000,33000,33000,32924,0,70,680.3879825102233,2.6945559948217124,32872.51217100129,5804.082280403353
1783465313,500,,Aggregated,221.300000,0.000000,69,110,160,220,900,3200,8500,15000,31000,33000,33000,33142,0,69,676.1305409844194,2.6945559948217124,32872.51217100129,5805.873544143383
1783465314,500,,Aggregated,228.500000,0.000000,69,110,160,210,890,3200,7900,15000,31000,33000,33000,33362,0,69,671.8386432255123,2.6945559948217124,32872.51217100129,5803.620496373119
1783465315,500,,Aggregated,226.200000,0.000000,69,110,160,210,870,3200,7700,15000,31000,33000,33000,33594,0,69,667.6987310750591,2.6945559948217124,32872.51217100129,5812.034916949456
1783465316,500,,Aggregated,225.800000,0.000000,69,110,160,210,870,3200,7700,15000,31000,33000,33000,33766,0,69,665.4844064680619,2.6945559948217124,32872.51217100129,5816.596842978143
1783465317,500,,Aggregated,226.700000,0.000000,70,110,160,220,850,3100,7700,15000,31000,33000,33000,34001,0,70,662.4866690463673,2.6945559948217124,32872.51217100129,5820.417281844651
1783465318,500,,Aggregated,220.600000,0.000000,70,120,160,220,840,3100,7600,15000,31000,33000,33000,34229,0,70,659.2567177932317,2.6945559948217124,32872.51217100129,5819.103596365655
1783465319,500,,Aggregated,222.800000,0.000000,70,120,160,220,830,3100,7600,15000,31000,33000,33000,34458,0,70,655.1780959432234,2.6945559948217124,32872.51217100129,5815.4592547449065
1783465320,500,,Aggregated,220.800000,0.000000,70,110,160,210,820,3100,7500,15000,31000,33000,33000,34682,0,70,651.1631672613355,2.6945559948217124,32872.51217100129,5814.912634796148
1783465321,500,,Aggregated,221.700000,0.000000,69,110,160,210,810,3100,7500,14000,31000,33000,33000,34925,0,69,646.9349709868442,2.6945559948217124,32872.51217100129,5813.249477451682
1783465322,500,,Aggregated,222.200000,0.000000,69,110,160,210,800,3100,7300,14000,31000,33000,33000,35141,0,69,643.1703255445343,2.6945559948217124,32872.51217100129,5815.760479212316
1783465323,500,,Aggregated,222.300000,0.000000,68,110,160,210,790,3000,7200,14000,31000,33000,33000,35370,0,68,639.1673103843802,2.6945559948217124,32872.51217100129,5813.485496183206
1783465325,500,,Aggregated,220.700000,0.000000,69,110,160,210,780,3000,7200,14000,31000,33000,33000,35582,0,69,637.8003165017864,2.6945559948217124,32872.51217100129,5815.561266932718
1783465326,500,,Aggregated,213.800000,0.000000,69,120,160,220,820,3000,7200,14000,31000,33000,33000,35797,0,69,638.5251993077513,2.6945559948217124,32872.51217100129,5820.755649914798
1783465327,500,,Aggregated,206.600000,0.000000,70,120,160,220,820,3000,7000,14000,31000,33000,33000,36063,0,70,635.9995872385434,2.6945559948217124,32872.51217100129,5814.011979036686
1783465328,500,,Aggregated,211.000000,0.000000,70,120,160,220,810,3000,7000,14000,31000,33000,33000,36268,0,70,632.6714027604658,2.6945559948217124,32872.51217100129,5814.03019190471
1783465329,500,,Aggregated,212.500000,0.000000,69,120,160,220,800,2900,6900,14000,31000,33000,33000,36455,0,69,629.8299567719248,2.6945559948217124,32872.51217100129,5814.467041558085
1783465330,500,,Aggregated,210.700000,0.000000,70,120,160,220,790,2900,6800,14000,31000,33000,33000,36709,0,70,626.7349289376322,2.6945559948217124,32872.51217100129,5810.057370127217
1783465331,500,,Aggregated,207.600000,0.000000,70,120,160,220,770,2900,6700,14000,31000,33000,33000,36929,0,70,623.3243847664315,2.6945559948217124,32872.51217100129,5809.90787727802
1783465332,500,,Aggregated,207.800000,0.000000,69,120,160,220,760,2900,6700,14000,31000,33000,33000,37149,0,69,619.9262196072435,2.6945559948217124,32872.51217100129,5812.418234676573
1783465333,500,,Aggregated,208.600000,0.000000,69,120,160,220,750,2800,6600,14000,31000,33000,33000,37387,0,69,616.5075533634017,2.6945559948217124,32872.51217100129,5810.9621793671595
1783465334,500,,Aggregated,208.100000,0.000000,70,120,160,220,740,2800,6600,14000,31000,33000,33000,37615,0,70,614.736306740941,2.6945559948217124,32872.51217100129,5813.010128937924
1783465335,500,,Aggregated,209.000000,0.000000,71,120,170,220,740,2800,6600,14000,31000,33000,33000,37882,0,71,612.3030020643188,2.6945559948217124,32872.51217100129,5813.719286204529
1783465336,500,,Aggregated,206.200000,0.000000,70,120,170,220,730,2700,6500,14000,31000,33000,33000,38073,0,70,609.3913526265485,2.6945559948217124,32872.51217100129,5818.136816116408
1783465337,500,,Aggregated,216.100000,0.000000,70,120,160,220,730,2700,6500,14000,31000,33000,33000,38322,0,70,605.8061398536245,2.6945559948217124,32872.51217100129,5811.779917540838
1783465338,500,,Aggregated,218.400000,0.000000,70,120,160,220,720,2700,6400,13000,31000,33000,33000,38539,0,70,602.6773747813016,2.6945559948217124,32872.51217100129,5811.431173616336
1783465339,500,,Aggregated,213.500000,0.000000,69,110,160,220,710,2700,6300,13000,31000,33000,33000,38760,0,69,599.4611244674275,2.6945559948217124,32872.51217100129,5808.489602683178
1783465340,500,,Aggregated,217.300000,0.000000,69,110,160,220,700,2600,6200,13000,31000,33000,33000,39004,0,69,595.9902415721093,2.6945559948217124,32872.51217100129,5809.543790380474
1783465341,500,,Aggregated,218.000000,0.000000,69,110,160,210,690,2600,6200,13000,31000,33000,33000,39207,0,69,593.0657836310003,2.6945559948217124,32872.51217100129,5808.139286351927
1783465342,500,,Aggregated,218.500000,0.000000,68,110,160,210,690,2600,6100,13000,31000,33000,33000,39439,0,68,589.924884395107,2.6945559948217124,32872.51217100129,5807.831055554147
1783465344,500,,Aggregated,218.100000,0.000000,69,110,160,220,690,2600,6100,13000,31000,33000,33000,39674,0,69,588.7431630002936,2.6945559948217124,32872.51217100129,5811.442758481625
1783465345,500,,Aggregated,213.300000,0.000000,70,120,160,220,680,2600,6000,13000,31000,33000,33000,39898,0,70,587.0410183953501,2.6945559948217124,32872.51217100129,5815.0236352699385
1783465346,500,,Aggregated,216.300000,0.000000,70,120,160,220,670,2500,6000,12000,31000,33000,33000,40126,0,70,584.3561629472846,2.6945559948217124,32872.51217100129,5813.386681951852
1783465347,500,,Aggregated,217.800000,0.000000,70,120,160,220,670,2500,5900,12000,31000,33000,33000,40360,0,70,581.3350460788592,2.6945559948217124,32872.51217100129,5810.81278493558
1783465348,500,,Aggregated,216.800000,0.000000,69,110,160,220,660,2400,5900,12000,31000,33000,33000,40595,0,69,578.2119356597069,2.6945559948217124,32872.51217100129,5806.831087572361
1783465349,500,,Aggregated,218.900000,0.000000,69,110,160,220,660,2400,5900,12000,31000,33000,33000,40795,0,69,575.5130587749663,2.6945559948217124,32872.51217100129,5810.362936634391
1783465350,500,,Aggregated,218.400000,0.000000,69,110,160,210,650,2300,5900,12000,31000,33000,33000,41038,0,69,572.5193337343864,2.6945559948217124,32872.51217100129,5812.908913689751
1783465351,500,,Aggregated,216.900000,0.000000,69,110,160,210,640,2300,5800,12000,31000,33000,33000,41261,0,69,569.7088804985281,2.6945559948217124,32872.51217100129,5809.528004653304
1783465352,500,,Aggregated,217.200000,0.000000,68,110,160,210,630,2300,5800,11000,31000,33000,33000,41472,0,68,567.0473518555358,2.6945559948217124,32872.51217100129,5810.337794174383
1783465353,500,,Aggregated,215.900000,0.000000,68,110,160,210,620,2200,5800,11000,31000,33000,33000,41716,0,68,564.281061042136,2.6945559948217124,32872.51217100129,5811.232980151501
1783465354,500,,Aggregated,217.100000,0.000000,68,110,160,210,610,2200,5800,11000,31000,33000,33000,41917,0,68,561.7458855606736,2.6945559948217124,32872.51217100129,5816.077104754634
1783465355,500,,Aggregated,223.300000,0.000000,68,110,160,210,610,2200,5800,11000,31000,33000,33000,42152,0,68,559.0860886861063,2.6945559948217124,32872.51217100129,5816.997509014994
1783465356,500,,Aggregated,227.700000,0.000000,68,110,160,200,600,2200,5800,11000,31000,33000,33000,42377,0,68,556.3037364910641,2.6945559948217124,32872.51217100129,5813.678764424098
1783465357,500,,Aggregated,223.300000,0.000000,68,110,150,200,600,2100,5800,11000,31000,33000,33000,42611,0,68,553.6313738794618,2.6945559948217124,32872.51217100129,5816.1874633310645
1783465358,500,,Aggregated,223.900000,0.000000,67,110,150,200,590,2100,5800,11000,31000,33000,33000,42847,0,67,550.7949720408833,2.6945559948217124,32872.51217100129,5815.901743412608
1783465359,500,,Aggregated,222.300000,0.000000,67,110,150,200,590,2100,5700,11000,31000,33000,33000,43062,0,67,548.2205353376233,2.6945559948217124,32872.51217100129,5814.290279132414
1783465360,500,,Aggregated,223.700000,0.000000,67,110,150,200,580,2000,5700,11000,31000,33000,33000,43210,0,67,546.5054630383421,2.6945559948217124,32872.51217100129,5813.579078916918
1783465361,500,,Aggregated,225.800000,0.000000,67,110,150,200,580,2000,5700,11000,31000,33000,33000,43445,0,67,545.1220416547075,2.6945559948217124,32872.51217100129,5814.507561284383
1783465362,500,,Aggregated,222.000000,0.000000,68,110,160,210,580,2000,5600,11000,31000,33000,33000,43694,0,68,543.8937642655028,2.6945559948217124,32872.51217100129,5814.489472238752
1783465363,500,,Aggregated,217.200000,0.000000,68,110,160,210,580,2000,5600,11000,31000,33000,33000,43890,0,68,541.7262534334226,2.6945559948217124,32872.51217100129,5817.948667122351
1783465364,500,,Aggregated,218.900000,0.000000,68,110,160,200,570,1900,5600,11000,31000,33000,33000,44146,0,68,539.0513185977854,2.6945559948217124,32872.51217100129,5820.67727540434
1783465365,500,,Aggregated,215.900000,0.000000,67,110,150,200,560,1900,5600,11000,31000,33000,33000,44356,0,67,536.6642088932016,2.6945559948217124,32872.51217100129,5818.331589863829
1783465366,500,,Aggregated,219.100000,0.000000,67,110,150,200,560,1900,5500,11000,31000,33000,33000,44573,0,67,534.2365060565778,2.6945559948217124,32872.51217100129,5820.542189217688
1783465367,500,,Aggregated,218.700000,0.000000,67,110,150,200,550,1900,5500,11000,31000,33000,33000,44817,0,67,531.7810334502062,2.6945559948217124,32872.51217100129,5817.388200905906
1783465368,500,,Aggregated,218.400000,0.000000,67,110,150,200,550,1900,5400,11000,31000,33000,33000,45054,0,67,529.1406833431195,2.6945559948217124,32872.51217100129,5814.499977804412
1783465369,500,,Aggregated,220.200000,0.000000,66,110,150,200,540,1900,5400,11000,31000,33000,33000,45274,0,66,526.7519592216254,2.6945559948217124,32872.51217100129,5814.554357909617
1783465370,500,,Aggregated,218.500000,0.000000,66,110,150,200,540,1800,5300,11000,31000,33000,33000,45507,0,66,524.3323124279293,2.6945559948217124,32872.51217100129,5813.936800931725
1783465371,500,,Aggregated,218.300000,0.000000,66,110,150,200,530,1800,5300,11000,31000,33000,33000,45729,0,66,521.9870866746448,2.6945559948217124,32872.51217100129,5813.30580157012
1783465372,500,,Aggregated,220.800000,0.000000,66,110,150,190,530,1800,5300,11000,31000,33000,33000,45964,0,66,519.5231685819078,2.6945559948217124,32872.51217100129,5813.286680880689
1783465373,500,,Aggregated,226.800000,0.000000,65,110,150,190,530,1700,5200,11000,31000,33000,33000,46190,0,65,517.2270000534297,2.6945559948217124,32872.51217100129,5810.827213682615
1783465374,500,,Aggregated,225.300000,0.000000,65,110,150,190,520,1700,5200,11000,31000,33000,33000,46410,0,65,514.9300103263715,2.6945559948217124,32872.51217100129,5810.572829131653
1783465375,500,,Aggregated,227.100000,0.000000,65,110,150,190,520,1700,5200,11000,31000,33000,33000,46640,0,65,512.5551741454527,2.6945559948217124,32872.51217100129,5809.917324185249
1783465376,500,,Aggregated,227.300000,0.000000,65,110,150,190,520,1700,5200,11000,31000,33000,33000,46810,0,65,511.19569188589935,2.6945559948217124,32872.51217100129,5809.92760093997
1783465377,500,,Aggregated,225.800000,0.000000,65,110,150,190,520,1700,5200,11000,31000,33000,33000,47055,0,65,510.0725256300885,2.6945559948217124,32872.51217100129,5814.161980660929
1783465378,500,,Aggregated,221.700000,0.000000,65,110,150,190,510,1700,5200,11000,31000,33000,33000,47283,0,65,508.06620815402556,2.6945559948217124,32872.51217100129,5812.532030539517
1783465379,500,,Aggregated,220.500000,0.000000,65,110,150,190,510,1700,5100,11000,31000,33000,33000,47503,0,65,505.86519563991425,2.6945559948217124,32872.51217100129,5814.7261436119825
1783465380,500,,Aggregated,222.800000,0.000000,65,110,150,190,510,1600,5100,11000,31000,33000,33000,47746,0,65,503.59151021312516,2.6945559948217124,32872.51217100129,5812.053554224438
1783465381,500,,Aggregated,220.600000,0.000000,65,110,150,190,500,1600,5100,11000,31000,33000,33000,47975,0,65,501.35125150526034,2.6945559948217124,32872.51217100129,5806.61315268369
1783465382,500,,Aggregated,222.000000,0.000000,64,110,150,190,500,1600,5100,11000,31000,33000,33000,48216,0,64,498.9815910316262,2.6945559948217124,32872.51217100129,5806.220673635308
1783465383,500,,Aggregated,222.000000,0.000000,64,110,150,190,500,1600,5000,11000,31000,33000,33000,48443,0,64,496.8458992484134,2.6945559948217124,32872.51217100129,5803.34597361848
1783465384,500,,Aggregated,223.600000,0.000000,64,110,140,190,490,1600,5000,11000,31000,33000,33000,48680,0,64,494.6201236104337,2.6945559948217124,32872.51217100129,5798.005587510271
1783465385,500,,Aggregated,223.300000,0.000000,63,110,140,190,490,1600,5000,11000,31000,33000,33000,48904,0,63,492.53089120433543,2.6945559948217124,32872.51217100129,5797.673912154425
1783465386,500,,Aggregated,222.400000,0.000000,63,100,140,180,490,1600,5000,11000,31000,33000,33000,49133,0,63,490.4412900104166,2.6945559948217124,32872.51217100129,5797.139844910753
1783465387,500,,Aggregated,223.900000,0.000000,63,100,140,180,480,1500,5000,11000,31000,33000,33000,49356,0,63,488.3523044514513,2.6945559948217124,32872.51217100129,5795.817327174002
1783465388,500,,Aggregated,228.500000,0.000000,63,100,140,180,480,1500,5000,11000,31000,33000,33000,49575,0,63,486.3552974991393,2.6945559948217124,32872.51217100129,5798.875844679778
1783465389,500,,Aggregated,230.100000,0.000000,62,100,140,180,480,1500,4900,11000,31000,33000,33000,49824,0,62,484.10892654254684,2.6945559948217124,32872.51217100129,5800.565430314708
1783465390,500,,Aggregated,226.800000,0.000000,62,100,140,180,470,1500,4900,11000,31000,33000,33000,50056,0,62,482.0333091865477,2.6945559948217124,32872.51217100129,5805.288856480742
1783465391,500,,Aggregated,229.400000,0.000000,62,100,140,180,470,1500,4900,11000,31000,33000,33000,50283,0,62,480.0101405941541,2.6945559948217124,32872.51217100129,5806.589861384563
1783465392,500,,Aggregated,228.600000,0.000000,62,100,140,180,470,1500,4900,11000,31000,33000,33000,50509,0,62,478.04085531501113,2.6945559948217124,32872.51217100129,5807.060840642262
1783465393,500,,Aggregated,228.100000,0.000000,62,100,140,180,460,1500,4900,11000,31000,33000,33000,50681,0,62,477.2557949506105,2.6945559948217124,32872.51217100129,5807.948698723388
1783465394,500,,Aggregated,228.500000,0.000000,62,100,140,180,460,1500,4800,11000,31000,33000,33000,50957,0,62,475.40896103443896,2.6945559948217124,32872.51217100129,5807.627430971211
1783465395,500,,Aggregated,219.400000,0.000000,62,100,140,180,460,1500,4800,11000,31000,33000,33000,51169,0,62,473.57119876952794,2.6945559948217124,32872.51217100129,5807.102405753483
1783465396,500,,Aggregated,224.400000,0.000000,62,100,140,180,460,1500,4800,11000,31000,33000,33000,51372,0,62,471.93267874137723,2.6945559948217124,32872.51217100129,5809.2020166627735
1783465397,500,,Aggregated,226.000000,0.000000,62,100,140,180,450,1400,4800,11000,31000,33000,33000,51601,0,62,470.35904267613034,2.6945559948217124,32872.51217100129,5809.1776709753685
1783465398,500,,Aggregated,223.300000,0.000000,62,100,140,180,450,1400,4800,11000,31000,33000,33000,51828,0,62,468.5666137670157,2.6945559948217124,32872.51217100129,5803.484892336189
1783465399,500,,Aggregated,223.000000,0.000000,62,100,140,180,450,1400,4800,11000,31000,33000,33000,52064,0,62,466.766006666966,2.6945559948217124,32872.51217100129,5801.652139674247
1783465400,500,,Aggregated,223.900000,0.000000,62,100,140,180,450,1400,4700,11000,31000,33000,33000,52276,0,62,464.9839146658502,2.6945559948217124,32872.51217100129,5801.8030453745505
1783465401,500,,Aggregated,221.800000,0.000000,61,100,140,180,440,1400,4700,11000,31000,33000,33000,52506,0,61,463.08742684752247,2.6945559948217124,32872.51217100129,5805.1210718775
1783465402,500,,Aggregated,222.000000,0.000000,61,100,140,170,440,1400,4700,11000,31000,33000,33000,52742,0,61,461.24075965985384,2.6945559948217124,32872.51217100129,5806.211842554321
1783465403,500,,Aggregated,221.300000,0.000000,61,100,140,170,440,1400,4700,11000,31000,33000,33000,52964,0,61,459.5344748233904,2.6945559948217124,32872.51217100129,5806.172985424062
1783465404,500,,Aggregated,219.300000,0.000000,61,100,140,170,440,1400,4600,11000,31000,33000,33000,53189,0,61,457.9214494824298,2.6945559948217124,32872.51217100129,5801.382090281825
1783465405,500,,Aggregated,229.400000,0.000000,61,100,140,170,430,1400,4600,11000,31000,33000,33000,53415,0,61,456.19527486395145,2.6945559948217124,32872.51217100129,5801.69800617804
1783465406,500,,Aggregated,222.900000,0.000000,61,100,130,170,430,1300,4600,10000,31000,33000,33000,53637,0,61,454.4412995151669,2.6945559948217124,32872.51217100129,5801.87519809087
1783465407,500,,Aggregated,222.700000,0.000000,61,100,130,170,430,1300,4600,10000,31000,33000,33000,53853,0,61,452.77729456228957,2.6945559948217124,32872.51217100129,5804.833472601341
1783465408,500,,Aggregated,223.100000,0.000000,61,100,130,170,420,1300,4600,10000,30000,33000,33000,54093,0,61,451.08074416565927,2.6945559948217124,32872.51217100129,5801.235169060692
1783465409,500,,Aggregated,222.500000,0.000000,60,99,130,170,420,1300,4500,10000,30000,33000,33000,54308,0,60,449.47525325738354,2.6945559948217124,32872.51217100129,5803.864421448037
1783465410,500,,Aggregated,222.900000,0.000000,60,99,130,170,420,1300,4500,10000,30000,33000,33000,54481,0,60,448.2941474787348,2.6945559948217124,32872.51217100129,5803.225344615554
1783465411,500,,Aggregated,224.300000,0.000000,61,100,130,170,420,1300,4500,10000,30000,33000,33000,54728,0,61,447.3862470270416,2.6945559948217124,32872.51217100129,5804.623647858501
1783465412,500,,Aggregated,224.500000,0.000000,61,100,140,170,420,1300,4500,10000,30000,33000,33000,54975,0,61,446.21978053029363,2.6945559948217124,32872.51217100129,5802.61724420191
1783465413,500,,Aggregated,217.500000,0.000000,61,100,140,170,420,1300,4500,10000,30000,33000,33000,55203,0,61,444.9957081817108,2.6945559948217124,32872.51217100129,5805.297972936253
1783465414,500,,Aggregated,220.400000,0.000000,61,100,140,170,420,1300,4400,10000,30000,33000,33000,55430,0,61,443.43789915731577,2.6945559948217124,32872.51217100129,5802.656485657586
1783465415,500,,Aggregated,216.500000,0.000000,61,100,130,170,420,1300,4400,10000,30000,33000,33000,55653,0,61,441.7984720401778,2.6945559948217124,32872.51217100129,5800.16284836397
1783465416,500,,Aggregated,218.400000,0.000000,61,100,130,170,410,1200,4400,10000,30000,33000,33000,55882,0,61,440.1857317302904,2.6945559948217124,32872.51217100129,5798.602823807309
1783465417,500,,Aggregated,217.300000,0.000000,61,100,130,170,410,1200,4400,10000,30000,33000,33000,56105,0,61,438.5527296821166,2.6945559948217124,32872.51217100129,5799.503413243026
1783465419,500,,Aggregated,219.200000,0.000000,61,100,140,170,420,1200,4400,10000,30000,33000,33000,56303,0,61,438.41034515303323,2.6945559948217124,32872.51217100129,5802.220840807772
1783465420,500,,Aggregated,217.400000,0.000000,61,100,140,170,430,1200,4400,10000,30000,33000,33000,56535,0,61,438.43396510042004,2.6945559948217124,32872.51217100129,5805.212576280181
1783465421,500,,Aggregated,206.700000,0.000000,61,100,140,170,420,1200,4400,10000,30000,33000,33000,56777,0,61,437.1196262225946,2.6945559948217124,32872.51217100129,5804.705091850573
1783465422,500,,Aggregated,208.300000,0.000000,61,100,140,170,420,1200,4300,10000,30000,33000,33000,56998,0,61,435.6249246072888,2.6945559948217124,32872.51217100129,5806.176111442507
1783465423,500,,Aggregated,216.900000,0.000000,61,100,140,170,420,1200,4300,10000,30000,33000,33000,57232,0,61,434.02287494568066,2.6945559948217124,32872.51217100129,5804.0099769359795
1783465424,500,,Aggregated,213.500000,0.000000,61,100,140,170,420,1200,4300,10000,30000,33000,33000,57450,0,61,432.6314430745898,2.6945559948217124,32872.51217100129,5808.77319408181
1783465425,500,,Aggregated,217.300000,0.000000,61,100,140,170,420,1200,4300,10000,30000,33000,33000,57666,0,61,431.21802294080027,2.6945559948217124,32872.51217100129,5810.466566087469
1783465426,500,,Aggregated,215.200000,0.000000,61,100,140,170,410,1200,4300,10000,30000,33000,33000,57813,0,61,430.39293590625294,2.6945559948217124,32872.51217100129,5810.487571999377
1783465427,500,,Aggregated,216.400000,0.000000,61,100,140,180,420,1200,4300,10000,30000,33000,33000,58046,0,61,430.30876044482255,2.6945559948217124,32872.51217100129,5810.460669124487
1783465428,500,,Aggregated,208.800000,0.000000,62,100,140,180,430,1200,4300,10000,30000,33000,33000,58281,0,62,430.00457867150766,2.6945559948217124,32872.51217100129,5813.834182666736
1783465429,500,,Aggregated,206.700000,0.000000,62,100,140,180,430,1200,4300,10000,30000,33000,33000,58505,0,62,428.56423610495006,2.6945559948217124,32872.51217100129,5811.08999230835
1783465430,500,,Aggregated,207.600000,0.000000,61,100,140,180,420,1200,4200,10000,30000,33000,33000,58722,0,61,427.13039919296205,2.6945559948217124,32872.51217100129,5812.1354347603965
1783465431,500,,Aggregated,218.800000,0.000000,61,100,140,180,420,1100,4200,10000,30000,33000,33000,58955,0,61,425.7002296162701,2.6945559948217124,32872.51217100129,5812.075600033924
1783465432,500,,Aggregated,218.100000,0.000000,61,100,140,170,420,1100,4200,10000,30000,33000,33000,59170,0,61,424.2650098914013,2.6945559948217124,32872.51217100129,5811.70998816968
1783465433,500,,Aggregated,214.300000,0.000000,61,100,140,170,420,1100,4200,10000,30000,33000,33000,59418,0,61,422.7304418891961,2.6945559948217124,32872.51217100129,5811.728836379549
1783465434,500,,Aggregated,216.000000,0.000000,61,100,140,170,410,1100,4200,10000,30000,33000,33000,59631,0,61,421.3863589831844,2.6945559948217124,32872.51217100129,5814.559591487649
1783465435,500,,Aggregated,215.400000,0.000000,61,100,140,170,410,1100,4100,10000,30000,33000,33000,59856,0,61,419.9191522706199,2.6945559948217124,32872.51217100129,5813.06301790965
1783465436,500,,Aggregated,218.000000,0.000000,61,100,130,170,410,1100,4100,10000,30000,32000,33000,60090,0,61,418.5208320949618,2.6945559948217124,32872.51217100129,5815.0116325511735
1783465437,500,,Aggregated,216.100000,0.000000,60,100,130,170,410,1100,4100,10000,30000,32000,33000,60314,0,60,417.10705053001345,2.6945559948217124,32872.51217100129,5812.156447922539
1783465438,500,,Aggregated,221.900000,0.000000,60,100,130,170,410,1100,4100,10000,30000,32000,33000,60528,0,60,415.7265909037016,2.6945559948217124,32872.51217100129,5809.82951691779
1783465439,500,,Aggregated,225.200000,0.000000,60,100,130,170,400,1100,4100,10000,30000,32000,33000,60758,0,60,414.5026339468421,2.6945559948217124,32872.51217100129,5809.665657197406
1783465440,500,,Aggregated,225.600000,0.000000,60,100,130,170,400,1100,4100,10000,30000,32000,33000,60997,0,60,413.2706760836473,2.6945559948217124,32872.51217100129,5808.763545748152
1783465441,500,,Aggregated,222.800000,0.000000,60,99,130,170,400,1100,4100,9900,30000,32000,33000,61224,0,60,411.8963743800507,2.6945559948217124,32872.51217100129,5809.96999542663
1783465442,500,,Aggregated,224.100000,0.000000,60,99,130,170,400,1100,4100,9900,30000,32000,33000,61437,0,60,410.57799538501666,2.6945559948217124,32872.51217100129,5810.897732636685
1783465443,500,,Aggregated,225.700000,0.000000,60,99,130,170,400,1100,4100,9900,30000,32000,33000,61579,0,60,410.1856325343266,2.6945559948217124,32872.51217100129,5813.279104889654
1783465444,500,,Aggregated,224.100000,0.000000,61,100,140,170,400,1100,4000,9800,30000,32000,33000,61823,0,61,409.94131461129695,2.6945559948217124,32872.51217100129,5814.405496336315
1783465445,500,,Aggregated,214.800000,0.000000,61,100,130,170,400,1100,4000,9800,30000,32000,33000,62060,0,61,408.74508314004447,2.6945559948217124,32872.51217100129,5816.1517563648085
1783465446,500,,Aggregated,215.000000,0.000000,60,100,130,170,400,1000,4000,9800,30000,32000,33000,62276,0,60,407.44589901832364,2.6945559948217124,32872.51217100129,5814.432269253003
1783465447,500,,Aggregated,217.700000,0.000000,60,100,130,170,400,1000,4000,9700,30000,32000,33000,62499,0,60,406.15255227898086,2.6945559948217124,32872.51217100129,5815.3297812765
1783465448,500,,Aggregated,218.000000,0.000000,60,99,130,170,400,1000,4000,9700,30000,32000,33000,62735,0,60,404.7930708602388,2.6945559948217124,32872.51217100129,5813.76421455328
1783465449,500,,Aggregated,216.500000,0.000000,60,99,130,170,400,1000,4000,9600,30000,32000,33000,62944,0,60,403.62404474301127,2.6945559948217124,32872.51217100129,5813.598579689883
1783465450,500,,Aggregated,216.500000,0.000000,60,99,130,170,390,1000,4000,9600,30000,32000,33000,63191,0,60,402.40932234762926,2.6945559948217124,32872.51217100129,5811.95625959393
1783465451,500,,Aggregated,218.000000,0.000000,60,99,130,170,390,1000,4000,9500,30000,32000,33000,63408,0,60,401.12933200498406,2.6945559948217124,32872.51217100129,5813.257932752965
1783465452,500,,Aggregated,215.700000,0.000000,60,99,130,170,390,1000,3900,9500,30000,32000,33000,63634,0,60,399.78818108797174,2.6945559948217124,32872.51217100129,5815.688248420655
1783465453,500,,Aggregated,216.100000,0.000000,59,98,130,170,390,1000,3900,9500,30000,32000,33000,63849,0,59,398.5444510862027,2.6945559948217124,32872.51217100129,5816.075991793137
1783465454,500,,Aggregated,217.500000,0.000000,59,98,130,170,390,1000,3900,9400,30000,32000,33000,64093,0,59,397.1325733223426,2.6945559948217124,32872.51217100129,5816.010890424852
1783465455,500,,Aggregated,224.900000,0.000000,59,98,130,170,380,1000,3900,9400,30000,32000,33000,64297,0,59,395.96649661249916,2.6945559948217124,32872.51217100129,5815.636825979439
1783465456,500,,Aggregated,223.700000,0.000000,59,98,130,160,380,990,3900,9400,30000,32000,33000,64522,0,59,394.7420989650642,2.6945559948217124,32872.51217100129,5817.650940764391
1783465457,500,,Aggregated,223.000000,0.000000,59,97,130,160,380,990,3900,9400,30000,32000,33000,64747,0,59,393.54140156620116,2.6945559948217124,32872.51217100129,5815.233632446291
1783465458,500,,Aggregated,224.200000,0.000000,59,98,130,160,380,980,3900,9400,30000,32000,33000,64993,0,59,392.49693712868674,2.6945559948217124,32872.51217100129,5815.972874001815
1783465459,500,,Aggregated,222.900000,0.000000,59,98,130,160,380,980,3900,9400,30000,32000,33000,65147,0,59,391.80489435947567,2.6945559948217124,32872.51217100129,5819.8577985172
1783465460,500,,Aggregated,223.100000,0.000000,59,98,130,170,380,970,3900,8600,30000,32000,33000,65414,0,59,391.4069615205119,2.6945559948217124,32872.51217100129,5817.340844467545
1783465461,500,,Aggregated,224.500000,0.000000,60,98,130,170,380,970,3900,8600,30000,32000,33000,65656,0,60,390.3434516900632,2.6945559948217124,32872.51217100129,5817.230824296333
1783465462,500,,Aggregated,217.300000,0.000000,59,98,130,170,380,960,3900,8600,30000,32000,33000,65873,0,59,389.1773832872764,2.6945559948217124,32872.51217100129,5816.393666600883
1783465463,500,,Aggregated,219.500000,0.000000,59,98,130,170,380,960,3900,8500,30000,32000,33000,66116,0,59,387.9926245150144,2.6945559948217124,32872.51217100129,5815.977236977434
1783465464,500,,Aggregated,219.800000,0.000000,59,98,130,160,380,950,3900,8500,30000,32000,33000,66330,0,59,386.85895122116233,2.6945559948217124,32872.51217100129,5817.123835368611
1783465465,500,,Aggregated,220.100000,0.000000,59,98,130,160,370,950,3900,8300,30000,32000,33000,66562,0,59,385.7064583541602,2.6945559948217124,32872.51217100129,5814.284111054355
1783465466,500,,Aggregated,222.500000,0.000000,59,97,130,160,370,950,3800,7900,30000,32000,33000,66781,0,59,384.52030397991274,2.6945559948217124,32872.51217100129,5812.963013431964
1783465467,500,,Aggregated,219.000000,0.000000,59,97,130,160,370,940,3800,7700,30000,32000,33000,67008,0,59,383.3696014558353,2.6945559948217124,32872.51217100129,5816.13780444126
1783465468,500,,Aggregated,220.300000,0.000000,58,97,130,160,370,940,3800,7700,30000,32000,33000,67240,0,58,382.16580663292086,2.6945559948217124,32872.51217100129,5813.836362284354
1783465469,500,,Aggregated,221.000000,0.000000,58,97,130,160,370,930,3800,7700,30000,32000,33000,67465,0,58,381.07980967778167,2.6945559948217124,32872.51217100129,5814.857896687171
1783465470,500,,Aggregated,221.500000,0.000000,58,97,130,160,370,930,3800,7700,30000,32000,33000,67690,0,58,379.9499660365717,2.6945559948217124,32872.51217100129,5815.1117594918005
1783465471,500,,Aggregated,219.900000,0.000000,58,97,130,160,370,930,3800,7700,30000,32000,33000,67934,0,58,378.82515764402956,2.6945559948217124,32872.51217100129,5813.3050607943005
1783465472,500,,Aggregated,228.100000,0.000000,58,96,130,160,360,920,3800,7700,30000,32000,33000,68157,0,58,377.67617393770917,2.6945559948217124,32872.51217100129,5811.296051762842
1783465473,500,,Aggregated,225.200000,0.000000,58,96,130,160,360,920,3800,7700,30000,32000,33000,68384,0,58,376.5430838138528,2.6945559948217124,32872.51217100129,5811.580808376229
1783465474,500,,Aggregated,225.500000,0.000000,58,96,130,160,360,910,3800,7600,30000,32000,33000,68613,0,58,375.37290581545085,2.6945559948217124,32872.51217100129,5812.115138530599
1783465475,500,,Aggregated,226.700000,0.000000,57,95,130,160,360,910,3700,7600,30000,32000,33000,68858,0,57,374.18309670821884,2.6945559948217124,32872.51217100129,5812.896627842807
1783465476,500,,Aggregated,224.300000,0.000000,57,95,130,160,360,900,3700,7600,30000,32000,33000,69067,0,57,373.13141901991526,2.6945559948217124,32872.51217100129,5811.124299593149
1783465477,500,,Aggregated,226.900000,0.000000,57,95,130,160,360,900,3700,7500,30000,32000,33000,69293,0,57,372.16375391545387,2.6945559948217124,32872.51217100129,5811.793095983721
1783465478,500,,Aggregated,227.200000,0.000000,57,95,130,160,360,890,3700,7500,30000,32000,33000,69450,0,57,372.0716210741902,2.6945559948217124,32872.51217100129,5809.931461483081
1783465479,500,,Aggregated,226.600000,0.000000,58,96,130,160,370,890,3700,7500,30000,32000,33000,69686,0,58,372.2988324278121,2.6945559948217124,32872.51217100129,5808.702034842006
1783465480,500,,Aggregated,224.500000,0.000000,58,97,130,160,370,890,3700,7500,30000,32000,33000,69932,0,58,371.5774115706469,2.6945559948217124,32872.51217100129,5808.10697534748
1783465481,500,,Aggregated,219.200000,0.000000,58,96,130,160,370,880,3700,7400,30000,32000,33000,70156,0,58,370.50205675267244,2.6945559948217124,32872.51217100129,5807.248588859114
1783465482,500,,Aggregated,219.900000,0.000000,58,96,130,160,370,880,3700,7300,30000,32000,33000,70370,0,58,369.5616165548734,2.6945559948217124,32872.51217100129,5806.998152621856
1783465484,500,,Aggregated,221.400000,0.000000,58,96,130,160,360,870,3700,7200,30000,32000,33000,70613,0,58,368.5177560920436,2.6945559948217124,32872.51217100129,5807.645631824168
1783465485,500,,Aggregated,219.000000,0.000000,58,96,130,160,360,870,3700,7200,30000,32000,33000,70841,0,58,367.4161901047615,2.6945559948217124,32872.51217100129,5806.082155813724
1783465486,500,,Aggregated,220.900000,0.000000,57,96,130,160,360,860,3700,7200,30000,32000,33000,71051,0,57,366.43150969067807,2.6945559948217124,32872.51217100129,5806.769658414379
1783465487,500,,Aggregated,220.800000,0.000000,57,95,130,160,360,860,3700,7200,30000,32000,33000,71283,0,57,365.3475521236101,2.6945559948217124,32872.51217100129,5802.142109619404
1783465488,500,,Aggregated,218.300000,0.000000,57,95,130,160,360,850,3700,7200,30000,32000,33000,71517,0,57,364.38679869869156,2.6945559948217124,32872.51217100129,5803.85122418446
1783465489,500,,Aggregated,219.100000,0.000000,57,95,130,160,360,850,3600,7100,30000,32000,33000,71735,0,57,363.4306007852842,2.6945559948217124,32872.51217100129,5804.267010524848
1783465490,500,,Aggregated,221.300000,0.000000,57,95,130,160,360,850,3600,7100,30000,32000,33000,71966,0,57,362.41807051690273,2.6945559948217124,32872.51217100129,5802.512867187283
1783465491,500,,Aggregated,226.900000,0.000000,57,95,130,160,360,850,3600,7000,30000,32000,33000,72181,0,57,361.5268132593259,2.6945559948217124,32872.51217100129,5801.925534420416
1783465492,500,,Aggregated,225.700000,0.000000,57,95,130,160,360,840,3600,7000,30000,32000,33000,72419,0,57,360.538257845805,2.6945559948217124,32872.51217100129,5802.514077797263
1783465493,500,,Aggregated,223.400000,0.000000,57,94,130,160,350,840,3600,7000,30000,32000,33000,72644,0,57,359.5042098635301,2.6945559948217124,32872.51217100129,5804.094309234073
1783465494,500,,Aggregated,225.100000,0.000000,57,94,130,160,350,840,3600,7000,30000,32000,33000,72872,0,57,358.5665985199564,2.6945559948217124,32872.51217100129,5806.511774069601
1783465495,500,,Aggregated,225.800000,0.000000,57,94,130,160,350,830,3600,6900,30000,32000,33000,73116,0,57,357.5945136334503,2.6945559948217124,32872.51217100129,5807.140612177909
1783465496,500,,Aggregated,224.100000,0.000000,57,94,130,160,350,830,3600,6800,30000,32000,33000,73320,0,57,356.709446802596,2.6945559948217124,32872.51217100129,5806.131096563012
1783465497,500,,Aggregated,225.000000,0.000000,57,95,130,160,350,830,3600,6800,30000,32000,33000,73559,0,57,356.4583800153387,2.6945559948217124,32872.51217100129,5807.4428146114005
1783465498,500,,Aggregated,226.000000,0.000000,57,95,130,160,350,820,3500,6700,30000,32000,33000,73814,0,57,355.98780515187184,2.6945559948217124,32872.51217100129,5806.645392472972
1783465499,500,,Aggregated,218.700000,0.000000,57,95,130,160,350,820,3500,6700,30000,32000,33000,74031,0,57,355.02958653634664,2.6945559948217124,32872.51217100129,5808.095068282206
1783465500,500,,Aggregated,219.300000,0.000000,57,95,130,160,350,820,3500,6700,30000,32000,33000,74240,0,57,354.20290056034867,2.6945559948217124,32872.51217100129,5807.391769935345
1783465501,500,,Aggregated,220.700000,0.000000,57,95,130,160,350,820,3500,6700,30000,32000,33000,74485,0,57,353.26256364608065,2.6945559948217124,32872.51217100129,5806.18312411895
1783465502,500,,Aggregated,218.400000,0.000000,57,94,130,160,350,810,3500,6600,30000,32000,33000,74696,0,57,352.39477654522886,2.6945559948217124,32872.51217100129,5807.606150262397
1783465503,500,,Aggregated,220.000000,0.000000,57,94,130,160,350,810,3500,6600,30000,32000,33000,74917,0,57,351.517569416107,2.6945559948217124,32872.51217100129,5809.963786590493
1783465504,500,,Aggregated,218.500000,0.000000,57,95,130,160,350,810,3500,6600,30000,32000,33000,75137,0,57,350.79414814588677,2.6945559948217124,32872.51217100129,5813.669310725741
1783465505,500,,Aggregated,218.600000,0.000000,57,95,130,160,350,800,3500,6600,30000,32000,33000,75384,0,57,350.0251077950563,2.6945559948217124,32872.51217100129,5815.012641939934
1783465506,500,,Aggregated,217.900000,0.000000,57,94,130,160,350,800,3500,6600,30000,32000,33000,75593,0,57,349.1251692910263,2.6945559948217124,32872.51217100129,5812.087494873864
1783465507,500,,Aggregated,216.000000,0.000000,57,94,130,150,340,800,3500,6600,30000,32000,33000,75825,0,57,348.1520341703208,2.6945559948217124,32872.51217100129,5809.372950873722
1783465508,500,,Aggregated,217.700000,0.000000,56,94,120,150,340,790,3500,6600,30000,32000,33000,76039,0,56,347.27216782267664,2.6945559948217124,32872.51217100129,5810.380015518353
1783465509,500,,Aggregated,224.300000,0.000000,56,94,120,150,340,790,3500,6500,30000,32000,33000,76271,0,56,346.37032989156376,2.6945559948217124,32872.51217100129,5809.703058829699
1783465510,500,,Aggregated,222.500000,0.000000,56,94,120,150,340,780,3400,6500,30000,32000,33000,76487,0,56,345.50887717632384,2.6945559948217124,32872.51217100129,5810.1563010707705
1783465511,500,,Aggregated,221.700000,0.000000,56,94,120,150,340,780,3400,6500,30000,32000,33000,76713,0,56,344.67861407523554,2.6945559948217124,32872.51217100129,5808.367212858316
1783465512,500,,Aggregated,222.400000,0.000000,56,94,120,150,340,770,3400,6400,30000,32000,33000,76938,0,56,343.81388944037514,2.6945559948217124,32872.51217100129,5809.726715017287
1783465513,500,,Aggregated,222.800000,0.000000,56,93,120,150,340,770,3400,6400,30000,32000,33000,77171,0,56,342.91353543771123,2.6945559948217124,32872.51217100129,5809.14803488357
1783465514,500,,Aggregated,223.600000,0.000000,56,93,120,150,340,770,3400,6300,30000,32000,33000,77297,0,56,342.57194334306166,2.6945559948217124,32872.51217100129,5807.591523603762
1783465515,500,,Aggregated,221.300000,0.000000,56,94,120,150,340,770,3400,6300,30000,32000,33000,77536,0,56,342.7845773422494,2.6945559948217124,32872.51217100129,5806.015386401155
1783465516,500,,Aggregated,222.000000,0.000000,57,94,130,160,350,770,3400,6300,30000,32000,33000,77782,0,57,342.67494562361014,2.6945559948217124,32872.51217100129,5805.441644596436
1783465517,500,,Aggregated,213.600000,0.000000,57,94,130,160,350,770,3400,6200,30000,32000,33000,78018,0,57,341.7932566036126,2.6945559948217124,32872.51217100129,5807.006139608809
1783465518,500,,Aggregated,215.500000,0.000000,56,94,120,150,340,760,3400,6200,30000,32000,33000,78236,0,56,340.93606120927177,2.6945559948217124,32872.51217100129,5806.4026790735725
1783465519,500,,Aggregated,216.200000,0.000000,56,94,120,150,340,760,3400,6200,30000,32000,33000,78456,0,56,340.06647478319854,2.6945559948217124,32872.51217100129,5806.9677143876825
1783465520,500,,Aggregated,217.400000,0.000000,56,94,120,150,340,760,3400,6200,30000,32000,33000,78671,0,56,339.25685876602097,2.6945559948217124,32872.51217100129,5807.9720735722185
1783465521,500,,Aggregated,216.700000,0.000000,56,94,120,150,340,760,3400,6100,30000,32000,33000,78897,0,56,338.4271375339961,2.6945559948217124,32872.51217100129,5804.622444452894
1783465522,500,,Aggregated,217.600000,0.000000,56,93,120,150,340,750,3400,6100,30000,32000,33000,79130,0,56,337.59874796055345,2.6945559948217124,32872.51217100129,5805.332566662454
1783465523,500,,Aggregated,216.100000,0.000000,56,93,120,150,340,750,3400,6100,30000,32000,33000,79358,0,56,336.7468226106826,2.6945559948217124,32872.51217100129,5806.546019304922
1783465524,500,,Aggregated,215.400000,0.000000,56,93,120,150,340,750,3400,6100,30000,32000,33000,79582,0,56,335.9129539558385,2.6945559948217124,32872.51217100129,5803.240670000754
1783465525,500,,Aggregated,218.400000,0.000000,56,93,120,150,340,740,3300,6000,30000,32000,33000,79814,0,56,335.072194850295,2.6945559948217124,32872.51217100129,5801.32399077856
1783465526,500,,Aggregated,218.400000,0.000000,55,93,120,150,340,740,3300,6000,30000,32000,33000,80050,0,55,334.1608265108119,2.6945559948217124,32872.51217100129,5801.766445971268
1783465527,500,,Aggregated,226.400000,0.000000,55,92,120,150,330,740,3300,6000,30000,32000,33000,80249,0,55,333.4076247441661,2.6945559948217124,32872.51217100129,5801.84776134282
1783465528,500,,Aggregated,224.400000,0.000000,55,93,120,150,330,740,3300,5900,30000,32000,33000,80507,0,55,332.65595125083047,2.6945559948217124,32872.51217100129,5800.081818972263
1783465529,500,,Aggregated,225.200000,0.000000,55,92,120,150,330,730,3300,5900,30000,32000,33000,80709,0,55,331.9322312459651,2.6945559948217124,32872.51217100129,5800.564534314636
1783465530,500,,Aggregated,222.100000,0.000000,56,93,120,150,330,730,3300,5900,30000,32000,33000,80926,0,56,331.3919557769892,2.6945559948217124,32872.51217100129,5799.484257222648
1783465531,500,,Aggregated,224.400000,0.000000,56,93,120,150,330,730,3300,5900,30000,32000,33000,81161,0,56,330.9350562863279,2.6945559948217124,32872.51217100129,5800.372469535861
1783465532,500,,Aggregated,223.600000,0.000000,56,93,120,150,330,730,3300,5900,30000,32000,33000,81389,0,56,330.19780742212873,2.6945559948217124,32872.51217100129,5799.757743675435
1783465533,500,,Aggregated,221.400000,0.000000,56,93,120,150,330,720,3200,5900,30000,32000,33000,81527,0,56,329.7902084766346,2.6945559948217124,32872.51217100129,5799.178664736835
1783465534,500,,Aggregated,224.900000,0.000000,56,94,120,150,330,730,3200,5900,30000,32000,33000,81793,0,56,329.86297127547135,2.6945559948217124,32872.51217100129,5799.6231706869785
1783465535,500,,Aggregated,223.600000,0.000000,56,94,120,150,330,720,3200,5900,30000,32000,33000,82030,0,56,329.26966622827774,2.6945559948217124,32872.51217100129,5801.353699865903
1783465536,500,,Aggregated,215.200000,0.000000,56,93,120,150,330,720,3200,5800,30000,32000,33000,82238,0,56,328.5152550324496,2.6945559948217124,32872.51217100129,5800.326783238892
1783465537,500,,Aggregated,220.000000,0.000000,56,93,120,150,330,720,3200,5800,30000,32000,33000,82468,0,56,327.7041145876404,2.6945559948217124,32872.51217100129,5799.295350923995
1783465538,500,,Aggregated,218.300000,0.000000,56,93,120,150,330,710,3200,5800,30000,32000,33000,82689,0,56,326.94406562499796,2.6945559948217124,32872.51217100129,5798.65075161146
1783465539,500,,Aggregated,216.300000,0.000000,56,93,120,150,330,710,3200,5800,30000,32000,33000,82917,0,56,326.25271842722725,2.6945559948217124,32872.51217100129,5798.426619390475
1783465540,500,,Aggregated,218.800000,0.000000,56,93,120,150,330,710,3200,5800,30000,32000,33000,83137,0,56,325.6136473672905,2.6945559948217124,32872.51217100129,5797.401012786124
1783465541,500,,Aggregated,217.700000,0.000000,56,93,120,150,330,710,3200,5800,30000,32000,33000,83365,0,56,324.8949753899053,2.6945559948217124,32872.51217100129,5797.520794098243
1783465542,500,,Aggregated,218.300000,0.000000,56,93,120,150,330,700,3200,5800,30000,32000,33000,83579,0,56,324.1690601711849,2.6945559948217124,32872.51217100129,5798.201737278503
1783465543,500,,Aggregated,220.200000,0.000000,56,93,120,150,330,700,3200,5800,30000,32000,33000,83803,0,56,323.6069085892321,2.6945559948217124,32872.51217100129,5798.195494194719
1783465544,500,,Aggregated,217.100000,0.000000,56,93,120,150,330,700,3200,5800,30000,32000,33000,84036,0,56,322.83053047195693,2.6945559948217124,32872.51217100129,5799.431017659099
1783465545,500,,Aggregated,217.100000,0.000000,56,93,120,150,320,700,3200,5800,30000,32000,33000,84265,0,56,322.02754286398164,2.6945559948217124,32872.51217100129,5802.430380347712
1783465546,500,,Aggregated,224.600000,0.000000,55,93,120,150,320,690,3200,5800,30000,32000,33000,84484,0,55,321.3269606746883,2.6945559948217124,32872.51217100129,5802.476788504332
1783465547,500,,Aggregated,221.000000,0.000000,56,93,120,150,320,690,3100,5800,30000,32000,33000,84712,0,56,320.6955475366339,2.6945559948217124,32872.51217100129,5803.502136651242
1783465548,500,,Aggregated,222.400000,0.000000,56,93,120,150,320,690,3100,5800,30000,32000,33000,84923,0,56,320.04571366141477,2.6945559948217124,32872.51217100129,5803.523062067991
1783465549,500,,Aggregated,223.500000,0.000000,56,93,120,150,320,690,3100,5800,30000,32000,33000,85136,0,56,319.49597319365876,2.6945559948217124,32872.51217100129,5804.652955271566
1783465550,500,,Aggregated,222.300000,0.000000,56,93,120,150,320,680,3100,5800,30000,32000,33000,85370,0,56,318.82262744380125,2.6945559948217124,32872.51217100129,5803.342099098044
1783465551,500,,Aggregated,220.300000,0.000000,56,93,120,150,320,680,3100,5800,30000,32000,33000,85508,0,56,318.51158610671797,2.6945559948217124,32872.51217100129,5802.508221452964
1783465552,500,,Aggregated,220.500000,0.000000,56,93,120,150,320,680,3100,5800,30000,32000,33000,85744,0,56,318.61338466107446,2.6945559948217124,32872.51217100129,5804.197553181563
1783465553,500,,Aggregated,222.400000,0.000000,56,94,120,150,330,680,3100,5700,30000,32000,33000,85976,0,56,318.4550650451418,2.6945559948217124,32872.51217100129,5803.659800409417
1783465554,500,,Aggregated,212.600000,0.000000,56,94,120,150,320,680,3100,5700,30000,32000,33000,86203,0,56,317.7623985207143,2.6945559948217124,32872.51217100129,5802.746470540468
1783465555,500,,Aggregated,215.000000,0.000000,56,93,120,150,320,680,3100,5700,30000,32000,33000,86431,0,56,317.1108598465137,2.6945559948217124,32872.51217100129,5803.476495701773
1783465556,500,,Aggregated,216.600000,0.000000,56,93,120,150,320,680,3100,5700,30000,32000,33000,86653,0,56,316.37744899959637,2.6945559948217124,32872.51217100129,5800.763089564123
1783465557,500,,Aggregated,215.000000,0.000000,56,93,120,150,320,680,3100,5700,30000,32000,33000,86867,0,56,315.6573323048913,2.6945559948217124,32872.51217100129,5800.210839559326
1783465558,500,,Aggregated,215.200000,0.000000,56,93,120,150,320,670,3100,5700,30000,32000,33000,87117,0,56,315.04479133413736,2.6945559948217124,32872.51217100129,5800.833017665897
1783465559,500,,Aggregated,214.800000,0.000000,56,93,120,150,320,670,3100,5600,30000,32000,33000,87334,0,56,314.3531071555291,2.6945559948217124,32872.51217100129,5801.558934664621
1783465560,500,,Aggregated,214.100000,0.000000,56,93,120,150,320,670,3100,5600,30000,32000,33000,87556,0,56,313.69465338559337,2.6945559948217124,32872.51217100129,5803.5150075380325
1783465561,500,,Aggregated,218.800000,0.000000,56,93,120,150,320,670,3100,5600,30000,32000,33000,87789,0,56,313.00014145571765,2.6945559948217124,32872.51217100129,5802.674458075613
1783465563,500,,Aggregated,217.700000,0.000000,56,93,120,150,320,670,3000,5600,30000,32000,33000,88009,0,56,312.30357069339425,2.6945559948217124,32872.51217100129,5802.128168710018
1783465564,500,,Aggregated,226.100000,0.000000,56,93,120,150,320,660,3000,5600,30000,32000,33000,88241,0,56,311.6461952931054,2.6945559948217124,32872.51217100129,5801.866241316395
1783465565,500,,Aggregated,224.100000,0.000000,55,92,120,150,320,660,3000,5600,30000,32000,33000,88468,0,55,310.92816351347153,2.6945559948217124,32872.51217100129,5802.996801103223
1783465566,500,,Aggregated,223.600000,0.000000,55,92,120,150,310,660,3000,5600,30000,32000,33000,88682,0,55,310.2604114967283,2.6945559948217124,32872.51217100129,5802.188651586568
1783465567,500,,Aggregated,225.200000,0.000000,55,92,120,150,310,660,3000,5500,30000,32000,33000,88910,0,55,309.56288444702335,2.6945559948217124,32872.51217100129,5803.533595771004
1783465568,500,,Aggregated,223.200000,0.000000,55,92,120,150,310,660,3000,5500,30000,32000,33000,89135,0,55,308.8398709830349,2.6945559948217124,32872.51217100129,5799.9751163964775
1783465569,500,,Aggregated,223.800000,0.000000,55,92,120,150,310,660,3000,5500,30000,32000,33000,89365,0,55,308.14265555822624,2.6945559948217124,32872.51217100129,5800.851317629945
1783465570,500,,Aggregated,225.300000,0.000000,55,92,120,150,310,650,3000,5500,30000,32000,33000,89593,0,55,307.5157874555366,2.6945559948217124,32872.51217100129,5801.569977565212
1783465571,500,,Aggregated,222.800000,0.000000,55,92,120,150,310,650,3000,5500,30000,32000,33000,89738,0,55,307.32383311907853,2.6945559948217124,32872.51217100129,5801.601317167755
1783465572,500,,Aggregated,223.700000,0.000000,55,92,120,150,310,650,3000,5400,30000,32000,33000,89985,0,55,307.2483046957693,2.6945559948217124,32872.51217100129,5802.344346279936
1783465573,500,,Aggregated,215.700000,0.000000,55,92,120,150,310,650,3000,5400,29000,32000,33000,90236,0,55,306.57474111721433,2.6945559948217124,32872.51217100129,5803.555354847289
1783465574,500,,Aggregated,217.800000,0.000000,55,92,120,150,310,650,3000,5400,29000,32000,33000,90438,0,55,305.986318869977,2.6945559948217124,32872.51217100129,5802.771324000973
1783465575,500,,Aggregated,221.000000,0.000000,55,92,120,150,310,640,3000,5400,29000,32000,33000,90654,0,55,305.3402227506454,2.6945559948217124,32872.51217100129,5800.389558100029
1783465576,500,,Aggregated,217.700000,0.000000,55,92,120,150,310,640,3000,5400,29000,32000,33000,90877,0,55,304.7956953636787,2.6945559948217124,32872.51217100129,5802.398318606468
1783465577,500,,Aggregated,217.500000,0.000000,55,92,120,150,310,640,2900,5300,29000,32000,33000,91100,0,55,304.1690934548307,2.6945559948217124,32872.51217100129,5801.920768386389
1783465578,500,,Aggregated,217.600000,0.000000,55,92,120,150,310,640,2900,5300,29000,32000,33000,91319,0,55,303.57184438782787,2.6945559948217124,32872.51217100129,5801.122504626638
1783465579,500,,Aggregated,216.500000,0.000000,55,92,120,150,310,640,2900,5300,29000,32000,33000,91553,0,55,302.950442932761,2.6945559948217124,32872.51217100129,5800.067829563204
1783465580,500,,Aggregated,217.600000,0.000000,55,91,120,150,310,630,2900,5300,29000,32000,33000,91787,0,55,302.29802746067634,2.6945559948217124,32872.51217100129,5800.598439866212
1783465581,500,,Aggregated,216.200000,0.000000,55,91,120,150,310,630,2900,5300,29000,32000,33000,92017,0,55,301.636285900856,2.6945559948217124,32872.51217100129,5799.07556212439
1783465582,500,,Aggregated,218.100000,0.000000,55,91,120,150,300,630,2900,5300,29000,32000,33000,92247,0,55,300.96760954559085,2.6945559948217124,32872.51217100129,5798.791375329279
1783465583,500,,Aggregated,226.500000,0.000000,54,91,120,150,300,630,2900,5200,29000,32000,33000,92474,0,54,300.30210952141294,2.6945559948217124,32872.51217100129,5799.324469580639
1783465584,500,,Aggregated,224.200000,0.000000,55,91,120,150,310,630,2900,5200,29000,32000,33000,92682,0,55,300.5912074937111,2.6945559948217124,32872.51217100129,5800.360231760213
1783465585,500,,Aggregated,222.100000,0.000000,55,92,120,150,310,650,2900,5200,29000,32000,33000,92922,0,55,301.4674086364172,2.6945559948217124,32872.51217100129,5799.294957060761
1783465586,500,,Aggregated,208.000000,0.000000,55,92,120,150,310,650,2900,5200,29000,32000,33000,93159,0,55,301.0775700879052,2.6945559948217124,32872.51217100129,5799.761966100968
1783465587,500,,Aggregated,209.600000,0.000000,55,92,120,150,310,650,2800,5200,29000,32000,33000,93379,0,55,300.46565569962394,2.6945559948217124,32872.51217100129,5798.528684179527
1783465588,500,,Aggregated,212.700000,0.000000,55,92,120,150,310,640,2800,5200,29000,32000,33000,93498,0,55,300.30414589448077,2.6945559948217124,32872.51217100129,5798.845750711245
1783465589,500,,Aggregated,213.900000,0.000000,55,92,120,150,320,650,2800,5200,29000,32000,33000,93747,0,55,300.6424813580072,2.6945559948217124,32872.51217100129,5800.936317962175
1783465590,500,,Aggregated,211.600000,0.000000,55,93,120,150,320,650,2800,5200,29000,32000,33000,93993,0,55,300.28125244633236,2.6945559948217124,32872.51217100129,5801.568744480972
1783465591,500,,Aggregated,203.300000,0.000000,55,92,120,150,320,650,2800,5200,29000,32000,33000,94213,0,55,299.6597186304132,2.6945559948217124,32872.51217100129,5799.748675872756
1783465592,500,,Aggregated,204.700000,0.000000,55,92,120,150,320,640,2800,5200,29000,32000,33000,94419,0,55,299.1687322049922,2.6945559948217124,32872.51217100129,5799.471737679916
1783465593,500,,Aggregated,204.200000,0.000000,55,93,120,150,320,640,2800,5200,29000,32000,33000,94649,0,55,298.7286403781452,2.6945559948217124,32872.51217100129,5799.592673984934
1783465594,500,,Aggregated,203.000000,0.000000,55,92,120,150,320,640,2700,5200,29000,32000,33000,94887,0,55,298.12150661569115,2.6945559948217124,32872.51217100129,5798.717569319296
1783465595,500,,Aggregated,202.300000,0.000000,55,92,120,150,320,640,2700,5100,29000,32000,33000,95110,0,55,297.5459721212298,2.6945559948217124,32872.51217100129,5797.494059510041
1783465596,500,,Aggregated,218.800000,0.000000,55,92,120,150,320,640,2700,5100,29000,32000,33000,95339,0,55,296.9222115395711,2.6945559948217124,32872.51217100129,5797.84364216113
1783465597,500,,Aggregated,219.000000,0.000000,55,92,120,150,310,640,2700,5100,29000,32000,33000,95556,0,55,296.3198327142009,2.6945559948217124,32872.51217100129,5798.59680187534
1783465598,500,,Aggregated,215.600000,0.000000,55,92,120,150,310,640,2700,5100,29000,32000,33000,95793,0,55,295.6680001405965,2.6945559948217124,32872.51217100129,5796.769816166108
1783465599,500,,Aggregated,216.000000,0.000000,55,92,120,150,310,630,2700,5100,29000,32000,33000,96018,0,55,295.0629957426646,2.6945559948217124,32872.51217100129,5795.47110958362
1783465600,500,,Aggregated,217.400000,0.000000,55,92,120,150,310,630,2700,5100,29000,32000,33000,96249,0,55,294.4989655800803,2.6945559948217124,32872.51217100129,5794.458851520535
1783465601,500,,Aggregated,226.100000,0.000000,55,91,120,150,310,630,2700,5100,29000,32000,33000,96466,0,55,293.95318987697345,2.6945559948217124,32872.51217100129,5794.246926378206
1783465602,500,,Aggregated,224.100000,0.000000,55,91,120,150,310,630,2700,5000,29000,32000,33000,96685,0,55,293.43320811291363,2.6945559948217124,32872.51217100129,5795.3791901535915
1783465603,500,,Aggregated,224.200000,0.000000,55,91,120,150,310,630,2700,5000,29000,32000,33000,96914,0,55,292.8223539352113,2.6945559948217124,32872.51217100129,5795.101584910333
1783465604,500,,Aggregated,223.700000,0.000000,55,91,120,150,310,620,2700,5000,29000,32000,33000,97135,0,55,292.2934383265455,2.6945559948217124,32872.51217100129,5796.114500437536
1783465605,500,,Aggregated,223.900000,0.000000,55,91,120,150,310,620,2600,5000,29000,32000,33000,97377,0,55,291.74878570270306,2.6945559948217124,32872.51217100129,5796.576665947811
1783465606,500,,Aggregated,224.000000,0.000000,54,91,120,150,310,620,2600,5000,29000,32000,33000,97595,0,54,291.16367375155556,2.6945559948217124,32872.51217100129,5798.2201034889085
1783465607,500,,Aggregated,222.600000,0.000000,54,91,120,150,310,620,2600,5000,29000,32000,33000,97726,0,54,290.9309320750672,2.6945559948217124,32872.51217100129,5797.196314184557
1783465608,500,,Aggregated,224.600000,0.000000,55,91,120,150,310,620,2600,5000,29000,32000,33000,97956,0,55,291.1587984908025,2.6945559948217124,32872.51217100129,5794.62210584344
1783465609,500,,Aggregated,223.300000,0.000000,55,92,120,150,310,620,2600,5000,29000,32000,33000,98213,0,55,291.11229144349517,2.6945559948217124,32872.51217100129,5795.059584780019
1783465611,500,,Aggregated,214.400000,0.000000,55,92,120,150,310,620,2600,5000,29000,32000,33000,98411,0,55,290.6138374068544,2.6945559948217124,32872.51217100129,5795.64601518123
1783465612,500,,Aggregated,216.900000,0.000000,55,92,120,150,310,620,2600,5000,29000,32000,33000,98662,0,55,289.9844595771926,2.6945559948217124,32872.51217100129,5793.509193002372
1783465613,500,,Aggregated,214.100000,0.000000,55,91,120,150,310,620,2600,5000,29000,32000,33000,98887,0,55,289.4291466096958,2.6945559948217124,32872.51217100129,5795.702660612618
1783465614,500,,Aggregated,218.500000,0.000000,55,91,120,150,310,620,2600,5000,29000,32000,33000,99117,0,55,288.84082923642757,2.6945559948217124,32872.51217100129,5795.552811323991
1783465615,500,,Aggregated,217.700000,0.000000,54,91,120,150,310,620,2600,5000,29000,32000,33000,99340,0,54,288.2673304187036,2.6945559948217124,32872.51217100129,5796.820646265352
1783465616,500,,Aggregated,218.800000,0.000000,54,91,120,150,310,610,2600,5000,29000,32000,33000,99568,0,54,287.70460167504604,2.6945559948217124,32872.51217100129,5797.01213241202
1783465617,500,,Aggregated,218.400000,0.000000,54,91,120,150,310,610,2500,4900,29000,32000,33000,99786,0,54,287.20525328620215,2.6945559948217124,32872.51217100129,5796.803509510352
1783465618,500,,Aggregated,216.800000,0.000000,54,91,120,150,310,610,2500,4900,29000,32000,33000,100012,0,54,286.6449040826495,2.6945559948217124,32872.51217100129,5796.132084149902
1783465619,500,,Aggregated,218.200000,0.000000,54,91,120,150,310,610,2500,4900,29000,32000,33000,100236,0,54,286.14791985939166,2.6945559948217124,32872.51217100129,5797.510744642644
1783465620,500,,Aggregated,226.900000,0.000000,54,91,120,150,310,610,2500,4900,29000,32000,33000,100462,0,54,285.64995482278806,2.6945559948217124,32872.51217100129,5798.198463100476
1783465621,500,,Aggregated,225.700000,0.000000,54,91,120,150,300,610,2500,4900,29000,32000,33000,100683,0,54,285.1323859353312,2.6945559948217124,32872.51217100129,5798.808299315674
1783465622,500,,Aggregated,222.100000,0.000000,54,90,120,150,300,600,2500,4900,29000,32000,33000,100921,0,54,284.5562769407952,2.6945559948217124,32872.51217100129,5799.0028239910425
1783465623,500,,Aggregated,225.100000,0.000000,54,90,120,150,300,600,2500,4900,29000,32000,33000,101149,0,54,283.9701379046358,2.6945559948217124,32872.51217100129,5798.983084360696
1783465624,500,,Aggregated,223.700000,0.000000,54,90,120,140,300,600,2400,4900,29000,32000,33000,101371,0,54,283.43203035162935,2.6945559948217124,32872.51217100129,5797.689723885529
1783465625,500,,Aggregated,224.300000,0.000000,54,90,120,140,300,600,2400,4900,29000,32000,33000,101598,0,54,282.9250596354757,2.6945559948217124,32872.51217100129,5797.629234827457
1783465626,500,,Aggregated,223.100000,0.000000,54,90,120,140,300,600,2400,4800,29000,32000,33000,101827,0,54,282.3390299396823,2.6945559948217124,32872.51217100129,5795.894006501223
1783465627,500,,Aggregated,222.900000,0.000000,54,90,120,140,300,600,2400,4800,29000,32000,33000,101966,0,54,282.0287453284632,2.6945559948217124,32872.51217100129,5795.719533962301
1783465628,500,,Aggregated,225.000000,0.000000,54,90,120,150,300,600,2400,4800,29000,32000,33000,102204,0,54,282.2165450966902,2.6945559948217124,32872.51217100129,5794.698367969942
1783465629,500,,Aggregated,218.000000,0.000000,54,91,120,150,310,600,2400,4800,29000,32000,33000,102463,0,54,282.2586253157739,2.6945559948217124,32872.51217100129,5798.0275806876625
1783465630,500,,Aggregated,216.500000,0.000000,54,90,120,150,310,600,2300,4800,29000,32000,33000,102663,0,54,281.82838375009663,2.6945559948217124,32872.51217100129,5797.105003750134
1783465631,500,,Aggregated,217.700000,0.000000,54,90,120,150,310,600,2300,4800,29000,32000,33000,102892,0,54,281.3234294339033,2.6945559948217124,32872.51217100129,5797.834097889048
1783465632,500,,Aggregated,218.200000,0.000000,54,90,120,150,300,600,2300,4800,29000,32000,33000,103130,0,54,280.814535586718,2.6945559948217124,32872.51217100129,5796.3284883157185
1783465633,500,,Aggregated,216.900000,0.000000,54,90,120,150,300,600,2300,4800,29000,32000,33000,103348,0,54,280.3190005536749,2.6945559948217124,32872.51217100129,5796.928290823238
1783465634,500,,Aggregated,217.600000,0.000000,54,91,120,150,310,600,2300,4800,29000,32000,33000,103571,0,54,280.4496380504981,2.6945559948217124,32872.51217100129,5798.162738604436
1783465635,500,,Aggregated,215.700000,0.000000,54,91,120,150,310,600,2300,4800,29000,32000,33000,103828,0,54,280.7373440884452,2.6945559948217124,32872.51217100129,5799.204116423315
1783465636,500,,Aggregated,207.700000,0.000000,54,91,120,150,310,600,2300,4800,29000,32000,33000,104034,0,54,280.3408642482753,2.6945559948217124,32872.51217100129,5798.599150277794
1783465637,500,,Aggregated,208.900000,0.000000,54,91,120,150,310,600,2200,4700,29000,32000,33000,104260,0,54,279.8120263613273,2.6945559948217124,32872.51217100129,5797.820755802801
1783465638,500,,Aggregated,208.900000,0.000000,54,91,120,150,310,600,2200,4700,29000,32000,33000,104505,0,54,279.22306939023036,2.6945559948217124,32872.51217100129,5798.0797856561885
1783465639,500,,Aggregated,214.600000,0.000000,54,91,120,150,310,600,2200,4700,29000,32000,33000,104725,0,54,278.7306142446504,2.6945559948217124,32872.51217100129,5797.217340654094
1783465640,500,,Aggregated,216.900000,0.000000,54,90,120,150,310,590,2200,4700,29000,32000,33000,104952,0,54,278.20599946509805,2.6945559948217124,32872.51217100129,5795.388815839622
1783465641,500,,Aggregated,217.000000,0.000000,54,90,120,150,310,590,2200,4700,29000,32000,33000,105197,0,54,277.6962323046098,2.6945559948217124,32872.51217100129,5795.1073794880085
1783465642,500,,Aggregated,216.100000,0.000000,54,90,120,150,310,590,2200,4700,29000,32000,33000,105420,0,54,277.1895902660695,2.6945559948217124,32872.51217100129,5795.811800417378
1783465643,500,,Aggregated,217.300000,0.000000,54,90,120,150,300,590,2200,4700,29000,32000,33000,105658,0,54,276.65099585297804,2.6945559948217124,32872.51217100129,5796.175547521248
1783465644,500,,Aggregated,218.100000,0.000000,54,90,120,150,300,590,2200,4700,29000,32000,33000,105778,0,54,276.42280942021915,2.6945559948217124,32872.51217100129,5794.548091285523
1783465645,500,,Aggregated,220.100000,0.000000,54,90,120,150,310,590,2200,4700,28000,32000,33000,106013,0,54,276.6945122727293,2.6945559948217124,32872.51217100129,5796.43746521653
1783465646,500,,Aggregated,228.300000,0.000000,54,91,120,150,310,600,2100,4600,28000,32000,33000,106275,0,54,276.72253047078635,2.6945559948217124,32872.51217100129,5794.245993883792
1783465647,500,,Aggregated,217.400000,0.000000,54,91,120,150,310,590,2100,4600,28000,32000,33000,106467,0,54,276.28024940165255,2.6945559948217124,32872.51217100129,5794.326730348371
1783465648,500,,Aggregated,218.000000,0.000000,54,91,120,150,310,590,2100,4600,28000,32000,33000,106700,0,54,275.78395263090675,2.6945559948217124,32872.51217100129,5793.654245548266
1783465649,500,,Aggregated,221.600000,0.000000,54,90,120,150,310,590,2100,4600,28000,32000,33000,106940,0,54,275.27375889663125,2.6945559948217124,32872.51217100129,5793.3047409762485
1783465650,500,,Aggregated,218.300000,0.000000,54,90,120,150,310,590,2100,4600,28000,32000,33000,107158,0,54,274.7880227672764,2.6945559948217124,32872.51217100129,5793.2840571865845
1783465651,500,,Aggregated,218.200000,0.000000,54,90,120,150,310,590,2100,4600,28000,32000,33000,107391,0,54,274.33034152978183,2.6945559948217124,32872.51217100129,5793.273440046187
1783465652,500,,Aggregated,219.800000,0.000000,54,90,120,150,310,590,2100,4600,28000,32000,33000,107612,0,54,273.84453132748877,2.6945559948217124,32872.51217100129,5792.652473701818
1783465653,500,,Aggregated,219.200000,0.000000,54,90,120,150,310,590,2000,4600,28000,32000,33000,107848,0,54,273.3555889345075,2.6945559948217124,32872.51217100129,5792.529940286329
1783465654,500,,Aggregated,217.800000,0.000000,54,90,120,150,300,590,2000,4600,28000,32000,33000,108055,0,54,272.8829914568207,2.6945559948217124,32872.51217100129,5792.013039655731
1783465655,500,,Aggregated,215.300000,0.000000,53,90,120,140,300,590,2000,4600,28000,32000,33000,108291,0,53,272.37887960691864,2.6945559948217124,32872.51217100129,5791.601989084966
1783465656,500,,Aggregated,217.500000,0.000000,53,90,120,140,300,590,2000,4500,28000,32000,33000,108529,0,53,271.8580472470015,2.6945559948217124,32872.51217100129,5791.180928599729
1783465657,500,,Aggregated,225.200000,0.000000,53,90,120,140,300,580,2000,4500,28000,32000,33000,108766,0,53,271.39836128187824,2.6945559948217124,32872.51217100129,5792.634904289944
1783465658,500,,Aggregated,225.300000,0.000000,53,90,120,140,300,580,2000,4500,28000,32000,33000,109019,0,53,270.8719749611882,2.6945559948217124,32872.51217100129,5791.297489428448
1783465659,500,,Aggregated,222.300000,0.000000,53,89,120,140,300,580,2000,4500,28000,32000,33000,109205,0,53,270.4497504848928,2.6945559948217124,32872.51217100129,5790.571677121011
1783465660,500,,Aggregated,227.400000,0.000000,53,90,120,140,300,580,2000,4500,28000,32000,33000,109438,0,53,270.04538213063705,2.6945559948217124,32872.51217100129,5790.69834061295
1783465661,500,,Aggregated,228.600000,0.000000,53,90,120,140,300,580,2000,4500,28000,32000,33000,109674,0,53,269.6224582960929,2.6945559948217124,32872.51217100129,5788.906377081168
1783465662,500,,Aggregated,224.100000,0.000000,53,89,120,140,300,580,2000,4500,28000,32000,33000,109903,0,53,269.12536825391226,2.6945559948217124,32872.51217100129,5789.230112007862
1783465663,500,,Aggregated,225.900000,0.000000,53,89,120,140,300,580,2000,4500,28000,32000,33000,110018,0,53,268.9269556256129,2.6945559948217124,32872.51217100129,5789.078123579778
1783465664,500,,Aggregated,225.100000,0.000000,53,90,120,140,300,580,2000,4500,28000,32000,33000,110294,0,53,269.1458214740853,2.6945559948217124,32872.51217100129,5789.1497814931
1783465665,500,,Aggregated,227.700000,0.000000,53,90,120,140,300,580,1900,4500,28000,32000,33000,110524,0,53,268.85928551491764,2.6945559948217124,32872.51217100129,5787.790054648764
1783465666,500,,Aggregated,215.100000,0.000000,53,90,120,140,300,580,1900,4500,28000,32000,33000,110754,0,53,268.36459051931035,2.6945559948217124,32872.51217100129,5788.418946494032
1783465667,500,,Aggregated,222.500000,0.000000,53,90,120,140,300,580,1900,4400,28000,32000,33000,110992,0,53,267.8776023972972,2.6945559948217124,32872.51217100129,5788.914795660949
1783465669,500,,Aggregated,221.000000,0.000000,53,89,120,140,300,580,1900,4400,28000,32000,33000,111198,0,53,267.4537472572866,2.6945559948217124,32872.51217100129,5788.006933577942
1783465670,500,,Aggregated,220.400000,0.000000,53,90,120,140,300,580,1900,4400,28000,32000,33000,111439,0,53,267.0568670764244,2.6945559948217124,32872.51217100129,5786.886790082467
1783465671,500,,Aggregated,216.600000,0.000000,53,89,120,140,300,580,1900,4400,28000,32000,33000,111664,0,53,266.5860686847654,2.6945559948217124,32872.51217100129,5784.540075583895
1783465672,500,,Aggregated,221.800000,0.000000,53,89,120,140,300,570,1900,4400,28000,32000,33000,111882,0,53,266.1400897111117,2.6945559948217124,32872.51217100129,5783.677651454211
1783465673,500,,Aggregated,220.300000,0.000000,53,89,120,140,300,570,1900,4400,27000,32000,33000,112122,0,53,265.7393060803646,2.6945559948217124,32872.51217100129,5784.760573304079
1783465674,500,,Aggregated,218.800000,0.000000,53,89,120,140,300,570,1900,4400,27000,32000,33000,112344,0,53,265.3353268068929,2.6945559948217124,32872.51217100129,5784.469531083102
1783465675,500,,Aggregated,219.900000,0.000000,53,89,120,140,300,570,1900,4400,27000,32000,33000,112587,0,53,264.83921850940663,2.6945559948217124,32872.51217100129,5783.008917548207
1783465676,500,,Aggregated,229.700000,0.000000,53,89,120,140,300,570,1900,4400,27000,32000,33000,112810,0,53,264.3812962629787,2.6945559948217124,32872.51217100129,5785.169851963478
1783465677,500,,Aggregated,226.400000,0.000000,53,89,120,140,300,570,1900,4400,27000,32000,33000,113019,0,53,263.96740874296904,2.6945559948217124,32872.51217100129,5786.804510745981
1783465678,500,,Aggregated,225.700000,0.000000,53,89,120,140,290,570,1900,4400,27000,32000,33000,113268,0,53,263.5024094291386,2.6945559948217124,32872.51217100129,5787.801197160717
1783465679,500,,Aggregated,223.900000,0.000000,52,89,120,140,290,570,1900,4400,27000,32000,33000,113477,0,52,263.10044226893245,2.6945559948217124,32872.51217100129,5788.822792283899
1783465680,500,,Aggregated,225.000000,0.000000,53,89,120,140,290,560,1800,4400,27000,32000,33000,113691,0,53,262.9169034824796,2.6945559948217124,32872.51217100129,5789.271630999815
1783465681,500,,Aggregated,226.200000,0.000000,53,89,120,140,290,560,1800,4300,27000,32000,33000,113931,0,53,262.75269609471167,2.6945559948217124,32872.51217100129,5790.910656449956
1783465682,500,,Aggregated,223.600000,0.000000,53,89,120,140,290,560,1800,4300,27000,32000,33000,114058,0,53,262.55888360370665,2.6945559948217124,32872.51217100129,5791.013344088095
1783465683,500,,Aggregated,223.500000,0.000000,53,89,120,140,300,560,1800,4300,27000,32000,33000,114300,0,53,262.679091314362,2.6945559948217124,32872.51217100129,5791.0897200349955
1783465684,500,,Aggregated,217.400000,0.000000,53,90,120,140,300,570,1800,4300,27000,32000,33000,114538,0,53,262.73983572368616,2.6945559948217124,32872.51217100129,5792.3083430826455
1783465685,500,,Aggregated,215.700000,0.000000,53,90,120,140,300,560,1800,4300,27000,32000,33000,114789,0,53,262.3314420955273,2.6945559948217124,32872.51217100129,5791.823833294131
1783465686,500,,Aggregated,217.200000,0.000000,53,90,120,140,300,560,1800,4300,27000,32000,33000,114993,0,53,261.9710465020518,2.6945559948217124,32872.51217100129,5791.457488716705
1783465687,500,,Aggregated,218.400000,0.000000,53,90,120,140,300,560,1800,4300,27000,32000,33000,115241,0,53,261.5492066086243,2.6945559948217124,32872.51217100129,5790.249520569936
1783465688,500,,Aggregated,216.900000,0.000000,53,90,120,140,300,560,1800,4300,27000,32000,33000,115463,0,53,261.11309618185425,2.6945559948217124,32872.51217100129,5790.617825623793
1783465689,500,,Aggregated,220.500000,0.000000,53,90,120,140,300,560,1700,4300,27000,32000,33000,115695,0,53,260.6949824712861,2.6945559948217124,32872.51217100129,5790.464021781408
1783465690,500,,Aggregated,217.400000,0.000000,53,89,120,140,300,560,1700,4300,27000,32000,33000,115918,0,53,260.26440262206427,2.6945559948217124,32872.51217100129,5791.58942528339
1783465691,500,,Aggregated,219.200000,0.000000,53,89,120,140,290,560,1700,4300,27000,32000,33000,116146,0,53,259.8320597126595,2.6945559948217124,32872.51217100129,5791.785580218001
1783465692,500,,Aggregated,221.000000,0.000000,53,89,120,140,290,560,1700,4300,27000,32000,33000,116375,0,53,259.5185644272015,2.6945559948217124,32872.51217100129,5792.550564983888
1783465693,500,,Aggregated,221.200000,0.000000,53,89,120,140,290,560,1700,4300,27000,32000,33000,116597,0,53,259.1519126261791,2.6945559948217124,32872.51217100129,5792.474266061734
1783465694,500,,Aggregated,227.500000,0.000000,53,90,120,140,290,560,1700,4300,27000,32000,33000,116834,0,53,258.987593749411,2.6945559948217124,32872.51217100129,5792.940103052194
1783465695,500,,Aggregated,227.600000,0.000000,53,90,120,140,290,550,1700,4300,27000,32000,33000,117058,0,53,258.6205544109814,2.6945559948217124,32872.51217100129,5792.367732235302
1783465696,500,,Aggregated,223.200000,0.000000,53,89,120,140,290,550,1700,4200,27000,32000,33000,117286,0,53,258.21426769265486,2.6945559948217124,32872.51217100129,5793.167112869396
1783465697,500,,Aggregated,221.700000,0.000000,53,89,120,140,290,550,1700,4200,27000,32000,33000,117515,0,53,257.8295070856375,2.6945559948217124,32872.51217100129,5793.474875547802
1783465698,500,,Aggregated,223.400000,0.000000,53,89,120,140,290,550,1700,4200,27000,32000,33000,117737,0,53,257.4129782273777,2.6945559948217124,32872.51217100129,5791.756627058614
1783465699,500,,Aggregated,220.600000,0.000000,53,89,120,140,290,550,1700,4200,27000,32000,33000,117932,0,53,257.0545557666601,2.6945559948217124,32872.51217100129,5790.771274972018
1783465700,500,,Aggregated,222.800000,0.000000,53,90,120,140,290,550,1700,4200,27000,32000,33000,118172,0,53,257.2704178131007,2.6945559948217124,32872.51217100129,5789.8979030565615
1783465701,500,,Aggregated,221.200000,0.000000,53,90,120,140,300,550,1700,4200,27000,32000,33000,118414,0,53,257.35640802002104,2.6945559948217124,32872.51217100129,5789.219416623035
1783465702,500,,Aggregated,209.000000,0.000000,53,90,120,140,300,550,1700,4200,27000,32000,33000,118639,0,53,256.98816255578447,2.6945559948217124,32872.51217100129,5787.990753462183
1783465703,500,,Aggregated,213.100000,0.000000,53,90,120,140,290,550,1700,4200,27000,32000,33000,118879,0,53,256.55052090450556,2.6945559948217124,32872.51217100129,5789.8143911035595
1783465704,500,,Aggregated,215.400000,0.000000,53,90,120,140,290,550,1700,4200,27000,32000,33000,119103,0,53,256.21337205012264,2.6945559948217124,32872.51217100129,5789.956306726111
1783465705,500,,Aggregated,214.100000,0.000000,53,90,120,140,290,550,1700,4200,27000,32000,33000,119333,0,53,255.80697977875997,2.6945559948217124,32872.51217100129,5790.137497590776
1783465706,500,,Aggregated,219.500000,0.000000,53,90,120,140,290,550,1600,4200,27000,32000,33000,119568,0,53,255.40559850306715,2.6945559948217124,32872.51217100129,5790.99946473973
1783465707,500,,Aggregated,217.300000,0.000000,53,89,120,140,290,550,1600,4100,27000,32000,33000,119772,0,53,255.0190266517772,2.6945559948217124,32872.51217100129,5791.806064856561
1783465708,500,,Aggregated,217.800000,0.000000,53,89,120,140,290,550,1600,4100,27000,32000,33000,120005,0,53,254.59960290029332,2.6945559948217124,32872.51217100129,5789.712053664431
1783465709,500,,Aggregated,219.100000,0.000000,53,89,120,140,290,550,1600,4100,27000,32000,33000,120239,0,53,254.15060180825503,2.6945559948217124,32872.51217100129,5789.030680561215
1783465710,500,,Aggregated,216.100000,0.000000,53,89,120,140,290,550,1600,4100,27000,32000,33000,120460,0,53,253.76572369041773,2.6945559948217124,32872.51217100129,5788.593499916985
1783465711,500,,Aggregated,217.600000,0.000000,53,89,120,140,290,550,1600,4100,27000,32000,33000,120700,0,53,253.3168479968498,2.6945559948217124,32872.51217100129,5787.759337199668
1783465712,500,,Aggregated,230.400000,0.000000,53,89,120,140,290,540,1600,4100,27000,32000,33000,120922,0,53,252.96329921837864,2.6945559948217124,32872.51217100129,5786.979333785415
1783465713,500,,Aggregated,225.700000,0.000000,53,89,120,140,290,540,1600,4100,27000,32000,33000,121156,0,53,252.60903089283016,2.6945559948217124,32872.51217100129,5787.173429297764
1783465714,500,,Aggregated,224.300000,0.000000,53,89,120,140,290,540,1600,4100,27000,32000,33000,121376,0,53,252.2281585426996,2.6945559948217124,32872.51217100129,5788.019336606907
1783465715,500,,Aggregated,226.400000,0.000000,52,89,120,140,290,540,1600,4100,27000,32000,33000,121608,0,52,251.82553912560576,2.6945559948217124,32872.51217100129,5787.914931583448
1783465716,500,,Aggregated,225.500000,0.000000,52,88,120,140,290,540,1600,4100,27000,32000,33000,121838,0,52,251.40240764496005,2.6945559948217124,32872.51217100129,5787.836561663848
1783465717,500,,Aggregated,226.400000,0.000000,52,88,120,140,290,540,1600,4100,27000,32000,33000,122059,0,52,250.99131166277502,2.6945559948217124,32872.51217100129,5789.256007340712
1783465718,500,,Aggregated,226.200000,0.000000,52,88,120,140,290,540,1600,4100,27000,32000,33000,122184,0,52,250.77436375843482,2.6945559948217124,32872.51217100129,5788.439681136646
1783465719,500,,Aggregated,225.700000,0.000000,52,89,120,140,290,540,1600,4100,27000,32000,33000,122426,0,52,250.97221289942166,2.6945559948217124,32872.51217100129,5788.215370917942
1783465720,500,,Aggregated,227.300000,0.000000,53,89,120,140,290,540,1600,4100,27000,32000,33000,122682,0,53,251.08560065853624,2.6945559948217124,32872.51217100129,5788.513302684991
1783465721,500,,Aggregated,214.600000,0.000000,52,89,120,140,290,540,1600,4100,27000,32000,33000,122901,0,52,250.6870733883006,2.6945559948217124,32872.51217100129,5787.238956558531
1783465723,500,,Aggregated,219.100000,0.000000,52,89,120,140,290,540,1600,4100,27000,32000,33000,123122,0,52,250.29109108460344,2.6945559948217124,32872.51217100129,5787.088424489531
1783465724,500,,Aggregated,218.300000,0.000000,52,88,120,140,290,540,1600,4100,27000,32000,33000,123354,0,52,249.87949158224689,2.6945559948217124,32872.51217100129,5787.55796326021
1783465725,500,,Aggregated,217.400000,0.000000,52,88,120,140,290,540,1600,4100,27000,32000,33000,123577,0,52,249.47444606583284,2.6945559948217124,32872.51217100129,5788.132443739531
1783465726,500,,Aggregated,217.000000,0.000000,52,88,120,140,290,540,1500,4000,27000,32000,33000,123786,0,52,249.1204171611275,2.6945559948217124,32872.51217100129,5788.4699481362995
1783465727,500,,Aggregated,216.900000,0.000000,52,88,120,140,290,540,1500,4000,27000,32000,33000,124023,0,52,248.7970327056381,2.6945559948217124,32872.51217100129,5787.979761818372
1783465728,500,,Aggregated,214.900000,0.000000,52,88,120,140,290,540,1500,4000,27000,32000,33000,124247,0,52,248.44238170422133,2.6945559948217124,32872.51217100129,5788.14369763455
1783465729,500,,Aggregated,216.000000,0.000000,52,88,120,140,290,540,1500,4000,27000,32000,33000,124480,0,52,248.04925571191748,2.6945559948217124,32872.51217100129,5787.939861825193
1783465730,500,,Aggregated,215.400000,0.000000,52,88,120,140,290,540,1500,4000,27000,32000,33000,124705,0,52,247.65440169887748,2.6945559948217124,32872.51217100129,5789.022444970129
1783465731,500,,Aggregated,228.200000,0.000000,52,88,120,140,290,540,1500,4000,27000,32000,33000,124931,0,52,247.2724274826227,2.6945559948217124,32872.51217100129,5790.251266699218
1783465732,500,,Aggregated,225.300000,0.000000,52,88,120,140,280,530,1500,4000,26000,32000,33000,125143,0,52,246.9530955654933,2.6945559948217124,32872.51217100129,5790.5172322862645
