Timestamp,User Count,Type,Name,Requests/s,Failures/s,50%,66%,75%,80%,90%,95%,98%,99%,99.9%,99.99%,100%,Total Request Count,Total Failure Count,Total Median Response Time,Total Average Response Time,Total Min Response Time,Total Max Response Time,Total Average Content Size
1783338518,0,,Aggregated,0.000000,0.000000,N/A,N/A,N/A,N/A,N/A,N/A,N/A,N/A,N/A,N/A,N/A,0,0,0,0.0,0,0,0
1783338519,50,,Aggregated,0.000000,0.000000,N/A,N/A,N/A,N/A,N/A,N/A,N/A,N/A,N/A,N/A,N/A,0,0,0,0.0,0,0,0
1783338520,100,,Aggregated,0.000000,0.000000,N/A,N/A,N/A,N/A,N/A,N/A,N/A,N/A,N/A,N/A,N/A,0,0,0,0.0,0,0,0
1783338521,150,,Aggregated,0.000000,0.000000,N/A,N/A,N/A,N/A,N/A,N/A,N/A,N/A,N/A,N/A,N/A,0,0,0,0.0,0,0,0
1783338522,200,,Aggregated,0.000000,0.000000,N/A,N/A,N/A,N/A,N/A,N/A,N/A,N/A,N/A,N/A,N/A,0,0,0,0.0,0,0,0
1783338523,250,,Aggregated,0.000000,0.000000,N/A,N/A,N/A,N/A,N/A,N/A,N/A,N/A,N/A,N/A,N/A,0,0,0,0.0,0,0,0
1783338524,300,,Aggregated,0.000000,0.000000,N/A,N/A,N/A,N/A,N/A,N/A,N/A,N/A,N/A,N/A,N/A,0,0,0,0.0,0,0,0
1783338525,350,,Aggregated,0.000000,0.000000,N/A,N/A,N/A,N/A,N/A,N/A,N/A,N/A,N/A,N/A,N/A,0,0,0,0.0,0,0,0
1783338526,400,,Aggregated,0.000000,0.000000,N/A,N/A,N/A,N/A,N/A,N/A,N/A,N/A,N/A,N/A,N/A,0,0,0,0.0,0,0,0
1783338527,450,,Aggregated,0.000000,0.000000,N/A,N/A,N/A,N/A,N/A,N/A,N/A,N/A,N/A,N/A,N/A,0,0,0,0.0,0,0,0
1783338528,500,,Aggregated,0.000000,0.000000,9100,9700,9700,9900,9900,9900,9900,9900,9900,9900,9900,63,0,9100.0,9225.207949602342,8185.37800500053,9911.437739996472,655.0
1783338529,550,,Aggregated,0.000000,0.000000,9100,9100,9700,9700,9900,9900,9900,9900,9900,9900,9900,89,0,9100.0,9144.161124752305,8185.37800500053,9911.437739996472,655.0
1783338530,600,,Aggregated,0.000000,0.000000,9100,9100,9700,9700,9900,9900,9900,9900,9900,9900,9900,89,0,9100.0,9144.161124752305,8185.37800500053,9911.437739996472,655.0
1783338531,650,,Aggregated,0.000000,0.000000,9100,9100,9700,9700,9900,9900,9900,9900,9900,9900,9900,89,0,9100.0,9144.161124752305,8185.37800500053,9911.437739996472,655.0
1783338532,700,,Aggregated,0.000000,0.000000,9100,9100,9700,9700,9900,9900,9900,9900,9900,9900,9900,89,0,9100.0,9144.161124752305,8185.37800500053,9911.437739996472,655.0
1783338533,750,,Aggregated,8.900000,0.000000,9000,9100,9700,9900,13000,13000,13000,13000,13000,13000,13000,197,0,9000.0,8087.162989354958,3995.794947986724,13399.185518006561,1029.6192893401014
1783338534,800,,Aggregated,8.900000,0.000000,9100,9700,9900,12000,13000,13000,14000,14000,14000,14000,14000,217,0,9100.0,8575.799043437446,3995.794947986724,13940.677634003805,995.0921658986175
1783338535,850,,Aggregated,8.900000,0.000000,9100,9700,9900,12000,13000,13000,14000,14000,14000,14000,14000,217,0,9100.0,8575.799043437446,3995.794947986724,13940.677634003805,995.0921658986175
1783338536,900,,Aggregated,8.900000,0.000000,9100,9700,9900,12000,13000,13000,14000,14000,14000,14000,14000,217,0,9100.0,8575.799043437446,3995.794947986724,13940.677634003805,995.0921658986175
1783338537,950,,Aggregated,8.900000,0.000000,9100,9700,9900,12000,13000,13000,14000,14000,14000,14000,14000,217,0,9100.0,8575.799043437446,3995.794947986724,13940.677634003805,995.0921658986175
1783338538,1000,,Aggregated,8.900000,0.000000,9100,9700,9900,12000,13000,13000,14000,14000,14000,14000,14000,217,0,9100.0,8575.799043437446,3995.794947986724,13940.677634003805,995.0921658986175
1783338539,1000,,Aggregated,21.700000,0.000000,9100,9900,13000,13000,14000,17000,18000,18000,18000,18000,18000,234,0,9100.0,9211.777829773437,3995.794947986724,18011.492522986373,970.3846153846154
1783338540,1000,,Aggregated,17.400000,0.000000,9100,13000,13000,14000,18000,19000,19000,20000,20000,20000,20000,269,0,9100.0,10308.356935446058,3995.794947986724,19930.909348011483,940.3234200743494
1783338541,1000,,Aggregated,13.600000,0.000000,11000,14000,18000,18000,19000,20000,20000,20000,21000,21000,21000,329,0,11000.0,11821.512707592698,3995.794947986724,20773.03985701292,894.2705167173252
1783338542,1000,,Aggregated,17.400000,0.000000,12000,17000,18000,19000,19000,20000,20000,21000,21000,21000,21000,353,0,12000.0,12340.88052020698,3995.794947986724,21483.043659012765,878.0028328611897
1783338543,1000,,Aggregated,17.400000,0.000000,12000,17000,18000,19000,19000,20000,20000,21000,21000,21000,21000,353,0,12000.0,12340.88052020698,3995.794947986724,21483.043659012765,878.0028328611897
1783338544,1000,,Aggregated,17.400000,0.000000,12000,17000,18000,19000,19000,20000,20000,21000,21000,21000,21000,353,0,12000.0,12340.88052020698,3995.794947986724,21483.043659012765,878.0028328611897
1783338545,1000,,Aggregated,17.400000,0.000000,12000,18000,18000,19000,19000,20000,21000,21000,21000,21000,21000,355,0,12000.0,12388.92881767062,3995.794947986724,21483.043659012765,876.7464788732394
1783338546,1000,,Aggregated,14.000000,0.000000,13000,18000,19000,19000,20000,22000,22000,23000,23000,23000,23000,379,0,13000.0,13008.068002575572,3995.794947986724,23031.13406698685,862.7044854881267
1783338547,1000,,Aggregated,13.600000,0.000000,13000,18000,19000,20000,22000,23000,23000,24000,25000,25000,25000,414,0,13000.0,13791.307977319171,3995.794947986724,24669.674663018668,856.7536231884058
1783338548,1000,,Aggregated,15.100000,0.000000,15000,18000,19000,20000,22000,23000,23000,24000,25000,25000,25000,480,0,15000.0,14167.503360070988,3995.794947986724,24669.674663018668,1015.8625
1783338549,1000,,Aggregated,15.100000,0.000000,15000,18000,19000,19000,22000,23000,23000,24000,25000,25000,25000,498,0,15000.0,14242.961871482084,3995.794947986724,24669.674663018668,1047.5602409638554
1783338550,1000,,Aggregated,15.100000,0.000000,15000,18000,19000,19000,22000,23000,23000,24000,25000,25000,25000,498,0,15000.0,14242.961871482084,3995.794947986724,24669.674663018668,1047.5602409638554
1783338551,1000,,Aggregated,15.100000,0.000000,15000,18000,19000,19000,22000,23000,23000,24000,25000,25000,25000,498,0,15000.0,14242.961871482084,3995.794947986724,24669.674663018668,1047.5602409638554
1783338552,1000,,Aggregated,23.500000,0.000000,15000,18000,19000,20000,22000,23000,23000,24000,27000,27000,27000,500,0,15000.0,14293.627385080092,3995.794947986724,26938.209572981577,1045.99
1783338553,1000,,Aggregated,21.500000,0.000000,15000,18000,19000,20000,23000,24000,28000,28000,28000,28000,28000,522,0,15000.0,14844.425152450101,3995.794947986724,27777.203542005736,1029.5114942528735
1783338554,1000,,Aggregated,14.600000,0.000000,15000,18000,20000,21000,23000,27000,28000,28000,28000,28000,28000,538,0,15000.0,15218.228260397716,3995.794947986724,28178.10689698672,1018.3736059479554
1783338555,1000,,Aggregated,14.900000,0.000000,18000,20000,23000,23000,27000,28000,30000,31000,31000,31000,31000,631,0,18000.0,16977.68688019629,3995.794947986724,30867.49416499515,995.5927099841522
1783338556,1000,,Aggregated,18.300000,0.000000,18000,22000,23000,26000,28000,30000,31000,31000,32000,32000,32000,677,0,18000.0,17570.258487945095,3995.794947986724,31671.081198001048,1019.8611521418021
1783338557,1000,,Aggregated,18.300000,0.000000,18000,22000,23000,26000,28000,30000,31000,31000,32000,32000,32000,677,0,18000.0,17570.258487945095,3995.794947986724,31671.081198001048,1019.8611521418021
1783338558,1000,,Aggregated,18.300000,0.000000,18000,22000,23000,26000,28000,30000,31000,31000,32000,32000,32000,677,0,18000.0,17570.258487945095,3995.794947986724,31671.081198001048,1019.8611521418021
1783338559,1000,,Aggregated,26.900000,0.000000,18000,22000,23000,26000,28000,30000,31000,31000,34000,34000,34000,680,0,18000.0,17639.940471158614,3995.794947986724,33668.73613902135,1018.2514705882353
1783338560,1000,,Aggregated,22.200000,0.000000,18000,22000,23000,27000,28000,31000,34000,34000,34000,34000,34000,700,0,18000.0,18092.10263248118,3995.794947986724,33833.572141011246,1007.8728571428571
1783338561,1000,,Aggregated,18.100000,0.000000,19000,23000,26000,27000,30000,33000,34000,34000,34000,34000,34000,729,0,19000.0,18707.963591280986,3995.794947986724,34232.990557007724,993.835390946502
1783338562,1000,,Aggregated,19.400000,0.000000,19000,23000,27000,27000,31000,33000,34000,34000,34000,34000,34000,741,0,19000.0,18936.65354331572,3995.794947986724,34232.990557007724,988.3481781376519
1783338563,1000,,Aggregated,19.400000,0.000000,19000,23000,27000,27000,31000,33000,34000,34000,34000,34000,34000,746,0,19000.0,19032.236896848426,3995.794947986724,34232.990557007724,986.1139410187668
1783338564,1000,,Aggregated,19.400000,0.000000,19000,23000,27000,27000,31000,33000,34000,34000,34000,34000,34000,746,0,19000.0,19032.236896848426,3995.794947986724,34232.990557007724,986.1139410187668
1783338565,1000,,Aggregated,19.400000,0.000000,19000,23000,27000,27000,31000,33000,34000,34000,34000,34000,34000,746,0,19000.0,19032.236896848426,3995.794947986724,34232.990557007724,986.1139410187668
1783338566,1000,,Aggregated,21.000000,0.000000,19000,23000,27000,28000,32000,34000,34000,34000,37000,37000,37000,752,0,19000.0,19174.515024917437,3995.794947986724,36956.05820798664,983.4720744680851
1783338567,1000,,Aggregated,16.000000,0.000000,19000,23000,27000,28000,33000,34000,37000,37000,38000,38000,38000,778,0,19000.0,19759.12517385726,3995.794947986724,37712.91985097923,972.4948586118252
1783338568,1000,,Aggregated,7.100000,0.000000,20000,24000,28000,30000,34000,36000,37000,37000,38000,38000,38000,810,0,20000.0,20409.934558077664,3995.794947986724,37712.91985097923,959.9518518518519
1783338569,1000,,Aggregated,8.400000,0.000000,21000,27000,30000,33000,36000,37000,37000,37000,41000,41000,41000,869,0,21000.0,21498.710565965295,3995.794947986724,40998.37693999871,953.9677790563867
1783338570,1000,,Aggregated,11.600000,0.000000,22000,27000,31000,33000,36000,37000,37000,41000,42000,42000,42000,890,0,22000.0,21856.33851614589,3995.794947986724,41730.651654012036,946.9134831460674
1783338571,1000,,Aggregated,11.600000,0.000000,22000,27000,31000,33000,36000,37000,37000,41000,42000,42000,42000,890,0,22000.0,21856.33851614589,3995.794947986724,41730.651654012036,946.9134831460674
1783338572,1000,,Aggregated,11.600000,0.000000,22000,27000,31000,33000,36000,37000,37000,41000,42000,42000,42000,890,0,22000.0,21856.33851614589,3995.794947986724,41730.651654012036,946.9134831460674
1783338573,1000,,Aggregated,16.400000,0.000000,22000,27000,31000,34000,36000,37000,37000,41000,45000,45000,45000,896,0,22000.0,21975.820855010938,3995.794947986724,44894.3671049783,944.9587053571429
1783338574,1000,,Aggregated,16.000000,0.000000,22000,28000,33000,35000,37000,40000,45000,45000,46000,46000,46000,935,0,22000.0,22907.662075037202,3995.794947986724,45997.79536901042,932.8641711229947
1783338575,1000,,Aggregated,14.700000,0.000000,22000,28000,33000,35000,37000,41000,45000,46000,46000,46000,46000,942,0,22000.0,23075.52982940104,3995.794947986724,45997.79536901042,930.7993630573249
1783338576,1000,,Aggregated,16.600000,0.000000,23000,28000,34000,36000,37000,45000,46000,46000,46000,46000,46000,954,0,22000.0,23358.54709007946,3995.794947986724,45997.79536901042,927.3301886792453
1783338577,1000,,Aggregated,16.600000,0.000000,23000,28000,34000,36000,37000,45000,46000,46000,47000,47000,47000,959,0,23000.0,23478.803208921585,3995.794947986724,46678.93098201603,925.9103232533889
1783338578,1000,,Aggregated,16.600000,0.000000,23000,28000,34000,36000,37000,45000,46000,46000,47000,47000,47000,959,0,23000.0,23478.803208921585,3995.794947986724,46678.93098201603,925.9103232533889
1783338579,1000,,Aggregated,16.600000,0.000000,23000,28000,34000,36000,37000,45000,46000,46000,47000,47000,47000,959,0,23000.0,23478.803208921585,3995.794947986724,46678.93098201603,925.9103232533889
1783338580,1000,,Aggregated,16.600000,0.000000,23000,28000,34000,36000,37000,45000,46000,47000,50000,50000,50000,966,0,23000.0,23664.8568651706,3995.794947986724,49524.04652099358,923.9472049689441
1783338581,1000,,Aggregated,11.700000,0.000000,23000,31000,35000,36000,44000,46000,50000,50000,50000,51000,51000,1005,0,23000.0,24665.420926044673,3995.794947986724,50757.478511019144,913.5104477611941
1783338582,1000,,Aggregated,7.700000,0.000000,23000,33000,36000,37000,45000,49000,50000,50000,51000,51000,51000,1044,0,23000.0,25532.76527978431,3995.794947986724,50757.478511019144,911.985632183908
1783338583,1000,,Aggregated,8.600000,0.000000,27000,36000,37000,42000,46000,49000,50000,50000,51000,51000,51000,1158,0,27000.0,27342.34365458961,3995.794947986724,50757.478511019144,961.8963730569948
1783338584,1000,,Aggregated,13.400000,0.000000,30000,36000,40000,42000,47000,49000,50000,50000,51000,51000,51000,1304,0,30000.0,28793.659462199324,3995.794947986724,50757.478511019144,1161.0444785276075
1783338585,1000,,Aggregated,21.000000,0.000000,30000,37000,39000,42000,46000,49000,50000,50000,51000,51000,51000,1357,0,30000.0,29016.099342941652,3995.794947986724,50757.478511019144,1250.4509948415623
1783338586,1000,,Aggregated,33.200000,0.000000,30000,36000,38000,42000,46000,49000,50000,50000,51000,51000,51000,1509,0,30000.0,29212.26269902503,3995.794947986724,50757.478511019144,1359.9284294234592
1783338587,1000,,Aggregated,39.100000,0.000000,31000,36000,38000,42000,45000,49000,50000,50000,51000,51000,51000,1618,0,31000.0,29324.71327415493,3995.794947986724,50757.478511019144,1395.2237330037083
1783338588,1000,,Aggregated,49.400000,0.000000,30000,36000,37000,39000,45000,49000,50000,50000,51000,51000,51000,1755,0,30000.0,28577.977259232248,3995.794947986724,50757.478511019144,1418.5726495726497
1783338589,1000,,Aggregated,56.500000,0.000000,27000,34000,37000,38000,45000,49000,50000,50000,54000,54000,54000,1943,0,27000.0,26892.397801972067,3995.794947986724,54139.62537801126,1453.1590324240865
1783338590,1000,,Aggregated,76.900000,0.000000,26000,33000,37000,38000,45000,49000,50000,54000,55000,55000,55000,2091,0,26000.0,26102.828746223677,3993.1054540211335,55295.15711800195,1509.477761836442
1783338591,1000,,Aggregated,86.700000,0.000000,23000,33000,36000,37000,45000,49000,53000,54000,55000,55000,55000,2296,0,23000.0,24665.19581161403,3993.1054540211335,55295.15711800195,1584.017857142857
1783338592,1000,,Aggregated,112.200000,0.000000,18000,30000,34000,37000,45000,50000,55000,55000,56000,57000,57000,3008,0,18000.0,21044.565236782768,2424.833427008707,56832.40545800072,2140.8311170212764
1783338593,1000,,Aggregated,118.000000,0.000000,13000,25000,32000,36000,43000,49000,55000,55000,56000,57000,57000,3538,0,13000.0,18350.359971386282,509.5961909973994,56832.40545800072,2820.5477671000567
1783338594,1000,,Aggregated,149.800000,0.000000,8000,21000,30000,34000,43000,49000,55000,55000,56000,57000,57000,3890,0,8000.0,16861.244498894033,410.0432109844405,56832.40545800072,2984.415938303342
1783338595,1000,,Aggregated,201.400000,0.000000,7400,20000,30000,33000,42000,49000,55000,55000,56000,57000,57000,4095,0,7400.0,16130.210847670112,410.0432109844405,56832.40545800072,3177.9335775335776
1783338596,1000,,Aggregated,241.700000,0.000000,7000,19000,28000,33000,42000,49000,55000,55000,56000,57000,57000,4225,0,7000.0,15730.401392353919,410.0432109844405,56832.40545800072,3226.1609467455623
1783338597,1000,,Aggregated,261.500000,0.000000,6500,18000,27000,32000,42000,49000,55000,55000,56000,57000,57000,4439,0,6500.0,15152.071043583828,410.0432109844405,56832.40545800072,3487.690921378689
1783338598,1000,,Aggregated,267.500000,0.000000,5700,16000,25000,31000,39000,48000,55000,55000,56000,57000,57000,4707,0,5700.0,14521.309459566766,410.0432109844405,56832.40545800072,3878.9301041002764
1783338599,1000,,Aggregated,273.300000,0.000000,5300,15000,23000,30000,38000,48000,55000,55000,56000,57000,57000,4908,0,5300.0,14093.124047753812,410.0432109844405,56832.40545800072,4111.307049714751
1783338600,1000,,Aggregated,273.200000,0.000000,5200,14000,23000,30000,38000,47000,55000,55000,56000,57000,57000,5061,0,5200.0,13785.986976889706,410.0432109844405,56832.40545800072,4261.062833432128
1783338601,1000,,Aggregated,292.100000,0.000000,5200,13000,22000,28000,38000,47000,54000,55000,56000,57000,57000,5215,0,5200.0,13507.986850810514,410.0432109844405,56832.40545800072,4433.870373921381
1783338602,1000,,Aggregated,286.100000,0.000000,5000,9100,20000,28000,37000,46000,54000,55000,56000,57000,57000,5411,0,5000.0,13180.190704226026,410.0432109844405,56832.40545800072,4631.162446867492
1783338603,1000,,Aggregated,293.500000,0.000000,5000,8300,20000,27000,37000,46000,54000,55000,56000,57000,57000,5640,0,5000.0,12817.941082255484,410.0432109844405,56832.40545800072,4852.436347517731
1783338604,1000,,Aggregated,272.600000,0.000000,5000,8000,19000,26000,37000,45000,54000,55000,56000,57000,57000,5806,0,5000.0,12579.580337795007,410.0432109844405,56832.40545800072,5032.426110919738
1783338605,1000,,Aggregated,232.100000,0.000000,5000,7700,19000,25000,37000,45000,54000,55000,56000,57000,57000,5998,1,5000.0,12318.059435847408,410.0432109844405,56832.40545800072,5178.489329776592
1783338606,1000,,Aggregated,198.500000,0.000000,4900,7200,18000,23000,37000,45000,54000,55000,56000,57000,57000,6184,1,4900.0,12076.401612741089,410.0432109844405,56832.40545800072,5347.331338939198
1783338607,1000,,Aggregated,189.500000,0.000000,4900,7000,17000,22000,36000,45000,51000,55000,56000,57000,57000,6366,1,4900.0,11853.903188616201,410.0432109844405,56832.40545800072,5474.992302858938
1783338608,1000,,Aggregated,190.900000,0.100000,4800,6800,15000,21000,36000,44000,50000,55000,56000,57000,57000,6598,1,4800.0,11585.562870010926,410.0432109844405,56832.40545800072,5683.327371930888
1783338609,1000,,Aggregated,195.300000,0.100000,4700,6500,14000,20000,36000,43000,50000,55000,56000,57000,57000,6851,1,4700.0,11299.620807312325,410.0432109844405,56832.40545800072,5850.7636841337035
1783338610,1000,,Aggregated,193.200000,0.100000,4600,6400,12000,19000,36000,43000,50000,55000,56000,57000,57000,7126,1,4600.0,10994.340021004708,410.0432109844405,56832.40545800072,5975.615071568903
1783338611,1000,,Aggregated,187.000000,0.100000,4500,6100,9100,19000,35000,43000,50000,55000,56000,57000,57000,7371,1,4500.0,10729.19195082116,410.0432109844405,56832.40545800072,6058.273775607109
1783338612,1000,,Aggregated,193.700000,0.100000,4500,5900,8600,18000,34000,43000,50000,55000,56000,57000,57000,7602,1,4500.0,10485.75863390227,410.0432109844405,56832.40545800072,6095.865956327282
1783338613,1000,,Aggregated,206.300000,0.100000,4400,5800,8100,18000,34000,43000,50000,55000,56000,57000,57000,7841,1,4400.0,10243.303864114685,410.0432109844405,56832.40545800072,6115.457977298814
1783338614,1000,,Aggregated,215.300000,0.100000,4300,5700,7700,15000,33000,42000,50000,55000,56000,57000,57000,8095,1,4300.0,10001.25431677916,410.0432109844405,56832.40545800072,6157.037924644843
1783338615,1000,,Aggregated,218.700000,0.100000,4200,5500,7400,15000,33000,42000,50000,55000,56000,57000,57000,8338,1,4200.0,9778.572881452175,410.0432109844405,56832.40545800072,6177.514511873351
1783338616,1000,,Aggregated,222.800000,0.100000,4200,5400,7200,14000,33000,42000,49000,55000,56000,57000,57000,8573,1,4200.0,9569.477017049787,410.0432109844405,56832.40545800072,6165.226991718185
1783338617,1000,,Aggregated,227.100000,0.100000,4100,5300,7000,13000,32000,42000,49000,55000,56000,57000,57000,8798,1,4000.0,9378.3464361315,410.0432109844405,56832.40545800072,6168.478858831552
1783338618,1000,,Aggregated,233.400000,0.000000,3900,5200,6800,9900,32000,42000,49000,55000,56000,57000,57000,9016,1,3900.0,9204.989109664579,410.0432109844405,56832.40545800072,6177.935226264419
1783338619,1000,,Aggregated,239.000000,0.000000,3800,5100,6600,9100,32000,40000,49000,55000,56000,57000,57000,9232,1,3800.0,9043.497708391893,410.0432109844405,56832.40545800072,6165.195298960139
1783338620,1000,,Aggregated,242.700000,0.000000,3700,5000,6500,8700,31000,39000,49000,55000,56000,57000,57000,9472,1,3700.0,8872.774738069596,410.0432109844405,56832.40545800072,6150.3402660472975
1783338621,1000,,Aggregated,241.800000,0.000000,3600,5000,6400,8200,30000,39000,49000,55000,56000,57000,57000,9676,1,3600.0,8734.798805845408,410.0432109844405,56832.40545800072,6148.514262091773
1783338622,1000,,Aggregated,237.900000,0.000000,3600,4900,6200,7900,30000,38000,49000,55000,56000,57000,57000,9932,1,3600.0,8569.618002660245,410.0432109844405,56832.40545800072,6146.20871929118
1783338623,1000,,Aggregated,232.900000,0.000000,3500,4800,6000,7700,30000,38000,49000,55000,56000,56000,57000,10162,1,3500.0,8426.527374072948,410.0432109844405,56832.40545800072,6156.006691596142
1783338624,1000,,Aggregated,229.200000,0.000000,3400,4700,5900,7500,28000,38000,49000,54000,56000,56000,57000,10371,1,3400.0,8300.304055888759,410.0432109844405,56832.40545800072,6148.689808118793
1783338625,1000,,Aggregated,231.700000,0.000000,3300,4600,5800,7200,28000,38000,49000,54000,56000,56000,57000,10611,1,3300.0,8160.8725521328015,410.0432109844405,56832.40545800072,6142.831118650457
1783338626,1000,,Aggregated,230.500000,0.000000,3300,4600,5800,7100,28000,37000,49000,54000,56000,56000,57000,10833,1,3300.0,8040.402207125036,410.0432109844405,56832.40545800072,6145.079663989662
1783338627,1000,,Aggregated,227.600000,0.000000,3200,4500,5700,6900,27000,37000,49000,54000,56000,56000,57000,11037,1,3200.0,7933.286317287884,410.0432109844405,56832.40545800072,6124.599166440155
1783338628,1000,,Aggregated,226.100000,0.000000,3200,4500,5600,6800,27000,37000,49000,54000,56000,56000,57000,11264,1,3200.0,7818.02943667314,410.0432109844405,56832.40545800072,6116.764293323864
1783338629,1000,,Aggregated,224.000000,0.000000,3200,4400,5500,6700,26000,37000,49000,54000,56000,56000,57000,11471,1,3200.0,7719.803000236452,410.0432109844405,56832.40545800072,6114.305465957632
1783338630,1000,,Aggregated,222.900000,0.000000,3100,4400,5400,6500,26000,37000,48000,54000,56000,56000,57000,11739,1,3100.0,7597.740045431164,410.0432109844405,56832.40545800072,6117.189624329159
1783338631,1000,,Aggregated,224.000000,0.000000,3100,4300,5300,6400,25000,37000,48000,54000,56000,56000,57000,11953,1,3100.0,7501.8427964239445,410.0432109844405,56832.40545800072,6107.330209989124
1783338632,1000,,Aggregated,221.300000,0.000000,3000,4200,5300,6300,23000,37000,48000,54000,56000,56000,57000,12179,1,3000.0,7404.235279997478,410.0432109844405,56832.40545800072,6115.946383118483
1783338633,1000,,Aggregated,226.300000,0.000000,3000,4200,5200,6200,23000,37000,48000,54000,56000,56000,57000,12429,1,3000.0,7296.955397659391,410.0432109844405,56832.40545800072,6118.858315230509
1783338634,1000,,Aggregated,226.400000,0.000000,3000,4200,5100,6000,22000,36000,47000,51000,56000,56000,57000,12706,1,3000.0,7182.245128648939,410.0432109844405,56832.40545800072,6138.321422949787
1783338635,1000,,Aggregated,223.800000,0.000000,2900,4100,5000,5900,22000,36000,47000,50000,56000,56000,57000,12960,1,2900.0,7078.790003168468,410.0432109844405,56832.40545800072,6126.221682098765
1783338636,1000,,Aggregated,225.900000,0.000000,2900,4100,5000,5800,21000,36000,46000,50000,56000,56000,57000,13194,1,2900.0,6985.402018681471,410.0432109844405,56832.40545800072,6114.118387145672
1783338638,1000,,Aggregated,233.800000,0.000000,2900,4000,4900,5800,21000,36000,46000,50000,56000,56000,57000,13424,1,2900.0,6898.01966843231,410.0432109844405,56832.40545800072,6098.319427890346
1783338639,1000,,Aggregated,235.400000,0.000000,2800,3900,4800,5700,20000,36000,46000,50000,56000,56000,57000,13676,1,2800.0,6806.329402830252,410.0432109844405,56832.40545800072,6090.386077800526
1783338640,1000,,Aggregated,237.000000,0.000000,2800,3900,4800,5700,20000,36000,46000,50000,56000,56000,57000,13852,1,2800.0,6744.709464013325,410.0432109844405,56832.40545800072,6083.301978053711
1783338641,1000,,Aggregated,239.900000,0.000000,2800,3800,4700,5600,20000,36000,46000,50000,56000,56000,57000,14105,1,2800.0,6664.969457577493,410.0432109844405,56832.40545800072,6082.739595887983
1783338642,1000,,Aggregated,237.200000,0.000000,2800,3700,4700,5500,19000,36000,45000,50000,56000,56000,57000,14362,1,2800.0,6584.961917915402,410.0432109844405,56832.40545800072,6074.510026458711
1783338643,1000,,Aggregated,234.400000,0.000000,2800,3700,4600,5400,19000,36000,45000,50000,56000,56000,57000,14594,1,2800.0,6515.632554253048,410.0432109844405,56832.40545800072,6077.068041660957
1783338644,1000,,Aggregated,239.400000,0.000000,2800,3600,4600,5400,19000,35000,45000,50000,56000,56000,57000,14803,1,2800.0,6453.137493976379,410.0432109844405,56832.40545800072,6083.05370533
1783338645,1000,,Aggregated,240.200000,0.000000,2700,3600,4500,5300,19000,35000,45000,50000,56000,56000,57000,14999,1,2700.0,6396.658233210636,410.0432109844405,56832.40545800072,6079.785585705714
1783338646,1000,,Aggregated,235.800000,0.000000,2700,3600,4500,5300,18000,34000,45000,50000,56000,56000,57000,15247,1,2700.0,6329.474084010063,410.0432109844405,56832.40545800072,6083.893880763429
1783338647,1000,,Aggregated,228.200000,0.000000,2700,3600,4500,5200,18000,34000,45000,50000,56000,56000,57000,15496,1,2700.0,6264.212830741512,410.0432109844405,56832.40545800072,6090.785041300981
1783338648,1000,,Aggregated,227.300000,0.000000,2700,3500,4400,5100,18000,34000,45000,50000,56000,56000,57000,15747,1,2700.0,6198.570994482028,410.0432109844405,56832.40545800072,6104.686733981076
1783338649,1000,,Aggregated,229.100000,0.000000,2700,3500,4400,5000,16000,34000,45000,50000,56000,56000,57000,16001,1,2700.0,6131.53359821923,410.0432109844405,56832.40545800072,6105.971939253796
1783338650,1000,,Aggregated,231.800000,0.000000,2700,3400,4300,5000,15000,33000,44000,50000,56000,56000,57000,16213,1,2700.0,6077.290365073322,410.0432109844405,56832.40545800072,6103.6134583359035
1783338651,1000,,Aggregated,231.500000,0.000000,2600,3400,4300,5000,15000,33000,44000,50000,56000,56000,57000,16440,1,2600.0,6021.600826547858,410.0432109844405,56832.40545800072,6099.1318734793185
1783338652,1000,,Aggregated,234.100000,0.000000,2600,3400,4300,5000,15000,33000,44000,49000,56000,56000,57000,16706,1,2600.0,5959.523144393582,410.0432109844405,56832.40545800072,6101.969950915839
1783338653,1000,,Aggregated,227.600000,0.000000,2600,3300,4200,4900,14000,33000,43000,49000,56000,56000,57000,16962,1,2600.0,5900.092613998428,410.0432109844405,56832.40545800072,6109.7418346893055
1783338654,1000,,Aggregated,233.200000,0.000000,2600,3300,4200,4800,14000,33000,43000,49000,56000,56000,57000,17205,1,2600.0,5842.943698366412,410.0432109844405,56832.40545800072,6108.266608544028
1783338655,1000,,Aggregated,235.200000,0.000000,2600,3300,4200,4800,13000,32000,43000,49000,56000,56000,57000,17453,1,2600.0,5785.134344808519,410.0432109844405,56832.40545800072,6099.412307339712
1783338656,1000,,Aggregated,238.700000,0.000000,2600,3300,4200,4700,13000,32000,43000,49000,56000,56000,57000,17699,1,2600.0,5729.704798189726,410.0432109844405,56832.40545800072,6085.4083846545
1783338657,1000,,Aggregated,244.700000,0.000000,2500,3200,4100,4700,11000,32000,43000,49000,56000,56000,57000,17954,1,2500.0,5674.507743722571,410.0432109844405,56832.40545800072,6079.9796145705695
1783338658,1000,,Aggregated,244.600000,0.000000,2500,3200,4100,4600,9700,32000,43000,49000,56000,56000,57000,18185,1,2500.0,5625.843153156004,410.0432109844405,56832.40545800072,6071.891394006049
1783338659,1000,,Aggregated,243.900000,0.000000,2500,3200,4000,4600,9100,32000,43000,49000,56000,56000,57000,18435,1,2500.0,5575.430732473478,410.0432109844405,56832.40545800072,6073.786872796311
1783338660,1000,,Aggregated,243.100000,0.000000,2500,3200,4000,4600,9100,31000,43000,49000,56000,56000,57000,18674,1,2500.0,5529.139304816501,410.0432109844405,56832.40545800072,6066.187158616258
1783338661,1000,,Aggregated,242.000000,0.000000,2500,3100,3900,4500,8900,31000,43000,49000,56000,56000,57000,18890,1,2500.0,5488.512576800969,410.0432109844405,56832.40545800072,6054.221863419799
1783338662,1000,,Aggregated,245.500000,0.000000,2500,3100,3900,4500,8400,31000,43000,49000,56000,56000,57000,19113,1,2500.0,5447.503536229374,410.0432109844405,56832.40545800072,6044.925757337937
1783338663,1000,,Aggregated,250.400000,0.000000,2500,3100,3800,4500,8200,30000,43000,49000,56000,56000,57000,19330,1,2500.0,5410.543640289238,410.0432109844405,56832.40545800072,6039.708898085877
1783338664,1000,,Aggregated,241.300000,0.000000,2500,3100,3800,4400,8100,30000,43000,49000,56000,56000,57000,19585,1,2500.0,5369.437362320073,410.0432109844405,56832.40545800072,6038.219964258361
1783338665,1000,,Aggregated,237.200000,0.000000,2500,3100,3800,4400,7900,30000,42000,49000,56000,56000,57000,19840,1,2500.0,5328.914374625643,410.0432109844405,56832.40545800072,6039.228780241935
1783338666,1000,,Aggregated,237.700000,0.000000,2400,3100,3700,4400,7800,30000,42000,49000,56000,56000,57000,20080,1,2400.0,5289.744656755632,410.0432109844405,56832.40545800072,6039.690189243028
1783338667,1000,,Aggregated,235.600000,0.000000,2400,3000,3700,4400,7700,30000,42000,49000,56000,56000,57000,20329,1,2400.0,5249.200113108306,410.0432109844405,56832.40545800072,6042.421860396478
1783338668,1000,,Aggregated,235.400000,0.000000,2400,3000,3700,4300,7600,30000,42000,49000,56000,56000,57000,20605,1,2400.0,5203.585527503257,410.0432109844405,56832.40545800072,6043.985683086629
1783338669,1000,,Aggregated,236.300000,0.000000,2400,3000,3600,4300,7400,28000,42000,49000,56000,56000,57000,20854,1,2400.0,5162.551308294919,410.0432109844405,56832.40545800072,6046.335283398868
1783338670,1000,,Aggregated,240.000000,0.000000,2400,3000,3600,4200,7300,28000,42000,49000,56000,56000,57000,21088,1,2400.0,5124.95600107725,410.0432109844405,56832.40545800072,6040.504030728376
1783338671,1000,,Aggregated,240.600000,0.000000,2400,3000,3600,4200,7200,28000,42000,49000,56000,56000,57000,21257,1,2400.0,5099.960792148945,410.0432109844405,56832.40545800072,6040.457402267489
1783338672,1000,,Aggregated,241.400000,0.000000,2400,3000,3600,4200,7100,28000,42000,49000,56000,56000,57000,21594,1,2400.0,5052.366510667175,410.0432109844405,56832.40545800072,6045.725896082245
1783338673,1000,,Aggregated,238.500000,0.000000,2400,3000,3500,4200,7000,27000,42000,49000,56000,56000,57000,21830,1,2400.0,5019.284507182092,410.0432109844405,56832.40545800072,6045.430737517178
1783338674,1000,,Aggregated,243.800000,0.000000,2400,2900,3500,4200,6900,27000,42000,49000,56000,56000,57000,22078,1,2400.0,4985.173258792156,410.0432109844405,56832.40545800072,6043.585741462089
1783338675,1000,,Aggregated,243.900000,0.000000,2400,2900,3500,4200,6900,27000,42000,49000,56000,56000,57000,22272,1,2400.0,4959.264622487484,410.0432109844405,56832.40545800072,6040.28591954023
1783338676,1000,,Aggregated,244.700000,0.000000,2400,2900,3500,4100,6800,27000,42000,49000,56000,56000,57000,22493,1,2400.0,4932.213971402771,410.0432109844405,56832.40545800072,6044.00195616414
1783338677,1000,,Aggregated,241.000000,0.000000,2400,2900,3500,4100,6700,27000,41000,49000,56000,56000,57000,22719,1,2400.0,4905.139906956444,410.0432109844405,56832.40545800072,6040.513006734452
1783338678,1000,,Aggregated,238.700000,0.000000,2400,2900,3500,4100,6600,26000,41000,49000,56000,56000,57000,22979,1,2400.0,4876.266652044947,410.0432109844405,56832.40545800072,6046.962356934592
1783338679,1000,,Aggregated,233.800000,0.000000,2300,2900,3400,4000,6600,26000,40000,49000,56000,56000,57000,23197,1,2300.0,4850.299577049227,410.0432109844405,56832.40545800072,6049.539983618572
1783338680,1000,,Aggregated,224.200000,0.000000,2300,2900,3400,4000,6500,26000,40000,48000,56000,56000,57000,23437,1,2300.0,4822.046045908122,410.0432109844405,56832.40545800072,6058.2887741605155
1783338681,1000,,Aggregated,232.000000,0.000000,2300,2900,3400,4000,6500,25000,39000,48000,56000,56000,57000,23705,1,2300.0,4789.047787491603,410.0432109844405,56832.40545800072,6061.573465513605
1783338682,1000,,Aggregated,228.400000,0.000000,2300,2900,3400,3900,6400,25000,39000,48000,56000,56000,57000,23943,1,2300.0,4759.827325640253,410.0432109844405,56832.40545800072,6057.537902518481
1783338683,1000,,Aggregated,235.400000,0.000000,2300,2900,3400,3900,6400,25000,39000,48000,56000,56000,57000,24182,1,2300.0,4731.893554083734,410.0432109844405,56832.40545800072,6055.315523943429
1783338684,1000,,Aggregated,231.500000,0.000000,2300,2900,3400,3900,6300,23000,39000,48000,56000,56000,57000,24376,1,2300.0,4710.070920150438,410.0432109844405,56832.40545800072,6054.4190597308825
1783338685,1000,,Aggregated,235.600000,0.000000,2300,2900,3300,3800,6200,23000,38000,48000,56000,56000,57000,24722,1,2300.0,4673.11614423634,410.0432109844405,56832.40545800072,6062.572728743629
1783338686,1000,,Aggregated,229.800000,0.000000,2300,2800,3300,3800,6200,23000,38000,48000,56000,56000,57000,24940,1,2300.0,4649.211050066244,410.0432109844405,56832.40545800072,6062.971090617482
1783338687,1000,,Aggregated,235.500000,0.000000,2300,2800,3300,3800,6100,23000,38000,48000,56000,56000,57000,25194,1,2300.0,4622.2983806383345,410.0432109844405,56832.40545800072,6064.599865047234
1783338688,1000,,Aggregated,238.300000,0.000000,2300,2800,3300,3800,6000,22000,38000,47000,56000,56000,57000,25415,1,2300.0,4599.273955185806,410.0432109844405,56832.40545800072,6060.01971276805
1783338689,1000,,Aggregated,241.200000,0.000000,2300,2800,3300,3700,6000,22000,38000,47000,56000,56000,57000,25636,1,2300.0,4577.085479008661,410.0432109844405,56832.40545800072,6055.774418786082
1783338690,1000,,Aggregated,246.900000,0.000000,2300,2800,3300,3700,5900,22000,38000,47000,56000,56000,57000,25906,1,2300.0,4550.934860347415,410.0432109844405,56832.40545800072,6060.3775187215315
1783338691,1000,,Aggregated,235.800000,0.000000,2300,2800,3300,3700,5900,22000,38000,46000,56000,56000,57000,26148,1,2300.0,4528.403751323706,410.0432109844405,56832.40545800072,6063.878919993881
1783338692,1000,,Aggregated,239.500000,0.000000,2300,2800,3200,3700,5900,21000,38000,46000,56000,56000,57000,26372,1,2300.0,4506.38209303739,410.0432109844405,56832.40545800072,6063.651107234946
1783338693,1000,,Aggregated,239.000000,0.000000,2300,2800,3200,3700,5800,21000,38000,46000,56000,56000,57000,26602,1,2300.0,4484.084720086596,410.0432109844405,56832.40545800072,6054.167205473273
1783338694,1000,,Aggregated,240.200000,0.000000,2300,2800,3200,3600,5800,21000,38000,46000,56000,56000,57000,26838,1,2300.0,4462.668499780898,410.0432109844405,56832.40545800072,6051.261271331694
1783338695,1000,,Aggregated,236.000000,0.000000,2300,2800,3200,3600,5800,20000,37000,46000,56000,56000,57000,27045,1,2300.0,4444.719257057673,410.0432109844405,56832.40545800072,6050.257311887594
1783338696,1000,,Aggregated,237.700000,0.000000,2300,2800,3200,3600,5700,20000,37000,46000,56000,56000,57000,27299,1,2300.0,4423.938095543935,410.0432109844405,56832.40545800072,6051.9441737792595
1783338697,1000,,Aggregated,236.900000,0.000000,2300,2800,3200,3600,5700,20000,37000,46000,56000,56000,57000,27545,1,2300.0,4403.571523517984,410.0432109844405,56832.40545800072,6049.741876928662
1783338698,1000,,Aggregated,233.000000,0.000000,2300,2800,3200,3600,5700,20000,37000,46000,56000,56000,57000,27773,1,2300.0,4386.011548013014,410.0432109844405,56832.40545800072,6055.515140604184
1783338699,1000,,Aggregated,234.100000,0.000000,2300,2800,3200,3600,5600,20000,37000,46000,56000,56000,57000,28007,1,2300.0,4365.94681443819,410.0432109844405,56832.40545800072,6053.0472738958115
1783338700,1000,,Aggregated,234.800000,0.000000,2300,2800,3200,3600,5600,20000,37000,46000,56000,56000,57000,28128,1,2300.0,4356.366039582715,410.0432109844405,56832.40545800072,6053.044013083049
1783338701,1000,,Aggregated,234.600000,0.000000,2300,2800,3200,3600,5600,20000,37000,46000,56000,56000,57000,28248,1,2300.0,4349.102777416792,410.0432109844405,56832.40545800072,6054.091794109318
1783338702,1000,,Aggregated,233.500000,0.000000,2300,2800,3200,3600,5500,19000,37000,45000,56000,56000,57000,28424,1,2300.0,4341.628128674705,410.0432109844405,56832.40545800072,6049.778285955531
1783338703,1000,,Aggregated,217.900000,0.000000,2300,2800,3200,3600,5500,19000,37000,45000,56000,56000,57000,28637,1,2300.0,4333.187814855309,410.0432109844405,56832.40545800072,6032.951670915249
1783338704,1000,,Aggregated,203.300000,0.000000,2300,2800,3200,3600,5500,19000,37000,45000,56000,56000,57000,28881,1,2300.0,4325.839943755219,410.0432109844405,56832.40545800072,6035.8786745611305
1783338705,1000,,Aggregated,203.200000,0.000000,2300,2800,3200,3600,5500,19000,37000,45000,56000,56000,57000,29140,1,2300.0,4315.157568634095,410.0432109844405,56832.40545800072,6046.362525737817
1783338707,1000,,Aggregated,202.100000,0.000000,2300,2800,3200,3600,5400,19000,37000,45000,56000,56000,57000,29377,1,2300.0,4299.8812276492645,410.0432109844405,56832.40545800072,6049.9948939646665
1783338708,1000,,Aggregated,207.700000,0.000000,2300,2800,3200,3600,5400,19000,37000,45000,56000,56000,57000,29721,1,2300.0,4274.314905635963,410.0432109844405,56832.40545800072,6045.560983816157
1783338709,1000,,Aggregated,199.900000,0.000000,2300,2800,3200,3600,5400,19000,37000,45000,56000,56000,57000,29928,1,2300.0,4257.974147889201,410.0432109844405,56832.40545800072,6040.1280740443735
1783338710,1000,,Aggregated,207.300000,0.000000,2300,2800,3200,3600,5300,18000,37000,45000,56000,56000,57000,30161,1,2300.0,4241.318495817515,410.0432109844405,56832.40545800072,6031.843108650243
1783338711,1000,,Aggregated,206.900000,0.000000,2300,2800,3200,3600,5300,18000,37000,45000,56000,56000,57000,30402,1,2300.0,4224.149179989087,410.0432109844405,56832.40545800072,6032.500098677719
1783338712,1000,,Aggregated,206.100000,0.000000,2300,2800,3200,3600,5300,18000,37000,45000,56000,56000,57000,30600,1,2300.0,4211.753205883432,410.0432109844405,56832.40545800072,6033.718300653595
1783338713,1000,,Aggregated,219.700000,0.000000,2300,2800,3200,3500,5300,18000,37000,45000,56000,56000,57000,30849,1,2300.0,4196.66651744793,410.0432109844405,56832.40545800072,6028.440241174754
1783338714,1000,,Aggregated,229.300000,0.000000,2300,2800,3200,3500,5300,18000,37000,45000,55000,56000,57000,31064,1,2300.0,4183.625877299869,410.0432109844405,56832.40545800072,6021.028103270667
1783338715,1000,,Aggregated,229.300000,0.000000,2300,2800,3200,3500,5200,18000,37000,45000,55000,56000,57000,31195,1,2300.0,4176.158239105853,410.0432109844405,56832.40545800072,6025.611924987978
1783338716,1000,,Aggregated,232.900000,0.000000,2300,2800,3200,3500,5200,17000,36000,45000,55000,56000,57000,31626,1,2300.0,4148.382028723308,268.5514439945109,56832.40545800072,6036.641813697591
1783338717,1000,,Aggregated,222.200000,0.000000,2300,2800,3200,3500,5100,16000,36000,45000,55000,56000,57000,31853,1,2300.0,4131.7596228241755,268.5514439945109,56832.40545800072,6032.412143283207
1783338718,1000,,Aggregated,235.000000,0.000000,2300,2800,3100,3500,5100,16000,36000,45000,55000,56000,57000,32085,1,2300.0,4115.141553893485,268.5514439945109,56832.40545800072,6031.049026024622
1783338719,1000,,Aggregated,237.800000,0.000000,2300,2700,3100,3500,5100,15000,36000,44000,55000,56000,57000,32317,1,2300.0,4099.572576770626,268.5514439945109,56832.40545800072,6034.51496116595
1783338720,1000,,Aggregated,230.300000,0.000000,2300,2700,3100,3500,5100,15000,36000,44000,55000,56000,57000,32531,1,2300.0,4086.098890807882,268.5514439945109,56832.40545800072,6036.313823737358
1783338721,1000,,Aggregated,231.600000,0.000000,2300,2700,3100,3500,5000,15000,36000,44000,55000,56000,57000,32776,1,2300.0,4071.095425911076,268.5514439945109,56832.40545800072,6037.321271662192
1783338722,1000,,Aggregated,231.600000,0.000000,2300,2700,3100,3500,5000,15000,36000,44000,55000,56000,57000,32870,1,2300.0,4065.6066441243847,268.5514439945109,56832.40545800072,6040.6758746577425
1783338723,1000,,Aggregated,229.300000,0.000000,2200,2700,3100,3400,5000,15000,36000,44000,55000,56000,57000,33308,1,2200.0,4041.675250003775,268.5514439945109,56832.40545800072,6034.644169568873
1783338724,1000,,Aggregated,229.300000,0.000000,2200,2700,3100,3400,5000,15000,36000,43000,55000,56000,57000,33530,1,2200.0,4026.9591867104086,268.5514439945109,56832.40545800072,6035.702505219207
1783338725,1000,,Aggregated,239.000000,0.000000,2200,2700,3100,3400,5000,15000,36000,43000,55000,56000,57000,33749,1,2200.0,4013.4859761819403,268.5514439945109,56832.40545800072,6032.351832646893
1783338726,1000,,Aggregated,238.600000,0.000000,2200,2700,3100,3400,5000,14000,36000,43000,55000,56000,57000,33994,1,2200.0,3998.616465285381,268.5514439945109,56832.40545800072,6031.0939871742075
1783338727,1000,,Aggregated,243.200000,0.000000,2200,2700,3100,3400,5000,14000,36000,43000,55000,56000,57000,34228,1,2200.0,3984.9491320091242,268.5514439945109,56832.40545800072,6029.122794203576
1783338728,1000,,Aggregated,229.600000,0.000000,2200,2700,3100,3400,4900,13000,36000,43000,55000,56000,57000,34522,1,2200.0,3967.9898018875074,268.5514439945109,56832.40545800072,6034.277040727652
1783338729,1000,,Aggregated,232.700000,0.000000,2200,2700,3100,3400,4900,13000,36000,43000,55000,56000,57000,34665,1,2200.0,3959.9207269689823,268.5514439945109,56832.40545800072,6033.752026539738
1783338730,1000,,Aggregated,236.300000,0.000000,2200,2700,3100,3400,4900,13000,36000,43000,55000,56000,57000,35062,1,2200.0,3938.195586944335,268.5514439945109,56832.40545800072,6031.41209856825
1783338731,1000,,Aggregated,238.200000,0.000000,2200,2700,3100,3400,4900,13000,36000,43000,55000,56000,57000,35298,1,2200.0,3923.855401112774,268.5514439945109,56832.40545800072,6028.692362173494
1783338732,1000,,Aggregated,228.200000,0.000000,2200,2700,3100,3400,4800,13000,36000,43000,55000,56000,57000,35521,1,2200.0,3912.292430164939,268.5514439945109,56832.40545800072,6032.656428591537
1783338733,1000,,Aggregated,241.500000,0.000000,2200,2700,3100,3400,4800,12000,36000,43000,55000,56000,57000,35756,1,2200.0,3900.0619911321464,268.5514439945109,56832.40545800072,6033.197057836447
1783338734,1000,,Aggregated,244.100000,0.000000,2200,2700,3000,3400,4800,9900,36000,43000,55000,56000,57000,35983,1,2200.0,3888.5473129916345,268.5514439945109,56832.40545800072,6032.549759608704
1783338735,1000,,Aggregated,233.700000,0.000000,2200,2700,3000,3300,4800,9800,36000,43000,55000,56000,57000,36235,1,2200.0,3876.044200417718,268.5514439945109,56832.40545800072,6031.04868221333
1783338736,1000,,Aggregated,236.100000,0.000000,2200,2700,3000,3300,4700,9700,36000,43000,55000,56000,57000,36446,1,2200.0,3865.7266884108485,268.5514439945109,56832.40545800072,6033.848625363552
1783338737,1000,,Aggregated,236.900000,0.000000,2200,2700,3000,3300,4700,9200,36000,43000,55000,56000,57000,36711,1,2200.0,3855.57375088701,268.5514439945109,56832.40545800072,6039.707281196372
1783338739,1000,,Aggregated,239.400000,0.000000,2200,2700,3000,3300,4700,9100,35000,43000,55000,56000,57000,36987,1,2200.0,3840.4037216910733,268.5514439945109,56832.40545800072,6037.780274150377
1783338740,1000,,Aggregated,234.600000,0.000000,2200,2700,3000,3300,4700,9100,35000,43000,55000,56000,57000,37242,1,2200.0,3826.0528797497363,268.5514439945109,56832.40545800072,6040.163390795338
1783338741,1000,,Aggregated,238.100000,0.000000,2200,2700,3000,3300,4700,9000,35000,43000,55000,56000,57000,37486,1,2200.0,3812.2907676508953,268.5514439945109,56832.40545800072,6040.639812196553
1783338742,1000,,Aggregated,250.200000,0.000000,2200,2700,3000,3300,4700,8900,34000,43000,55000,56000,57000,37713,1,2200.0,3799.281435728993,268.5514439945109,56832.40545800072,6039.00925410336
1783338743,1000,,Aggregated,240.200000,0.000000,2200,2700,3000,3300,4600,8600,34000,43000,55000,56000,57000,37925,1,2200.0,3788.861529516872,268.5514439945109,56832.40545800072,6038.793355306526
1783338744,1000,,Aggregated,239.500000,0.000000,2200,2700,3000,3300,4600,8500,34000,43000,55000,56000,57000,38153,1,2200.0,3778.9772357910306,268.5514439945109,56832.40545800072,6038.7594160354365
1783338745,1000,,Aggregated,238.500000,0.000000,2200,2700,3000,3300,4600,8300,34000,43000,55000,56000,57000,38383,1,2200.0,3769.3890323501523,268.5514439945109,56832.40545800072,6035.760180288148
1783338746,1000,,Aggregated,236.400000,0.000000,2200,2700,3000,3300,4600,8200,34000,43000,55000,56000,57000,38609,1,2200.0,3762.4814755246416,268.5514439945109,56832.40545800072,6034.306327540211
1783338747,1000,,Aggregated,238.400000,0.000000,2200,2700,3000,3300,4600,8200,34000,43000,55000,56000,57000,38860,1,2200.0,3751.6135660609984,268.5514439945109,56832.40545800072,6036.183865156973
1783338748,1000,,Aggregated,232.000000,0.000000,2200,2700,3000,3300,4600,8100,34000,43000,55000,56000,57000,39120,1,2200.0,3739.939430160611,268.5514439945109,56832.40545800072,6036.504396728016
1783338749,1000,,Aggregated,238.500000,0.000000,2200,2700,3000,3300,4600,8000,34000,43000,55000,56000,57000,39370,1,2200.0,3727.8264524310744,268.5514439945109,56832.40545800072,6035.707518415037
1783338750,1000,,Aggregated,240.000000,0.000000,2200,2600,3000,3300,4500,8000,34000,43000,55000,56000,57000,39578,1,2200.0,3717.9045737975,268.5514439945109,56832.40545800072,6034.217140835818
1783338751,1000,,Aggregated,235.300000,0.000000,2200,2600,3000,3300,4500,7900,34000,42000,55000,56000,57000,39827,1,2200.0,3706.6126002510136,268.5514439945109,56832.40545800072,6030.448313957868
1783338752,1000,,Aggregated,232.000000,0.000000,2200,2600,3000,3300,4500,7800,34000,42000,55000,56000,57000,40028,1,2200.0,3698.5476430544936,268.5514439945109,56832.40545800072,6033.034875587089
1783338753,1000,,Aggregated,231.500000,0.000000,2200,2600,3000,3300,4500,7800,33000,42000,55000,56000,57000,40243,1,2200.0,3690.901033518131,268.5514439945109,56832.40545800072,6035.314042193673
1783338754,1000,,Aggregated,230.100000,0.000000,2200,2600,3000,3300,4500,7700,33000,42000,55000,56000,57000,40329,1,2200.0,3688.3843996215924,268.5514439945109,56832.40545800072,6036.487837536264
1783338755,1000,,Aggregated,229.600000,0.000000,2200,2600,3000,3300,4500,7700,33000,42000,55000,56000,57000,40807,1,2200.0,3673.285558250495,268.5514439945109,56832.40545800072,6043.457519543215
1783338756,1000,,Aggregated,218.400000,0.000000,2200,2600,3000,3200,4500,7700,33000,42000,55000,56000,57000,41036,1,2200.0,3663.5920863161573,268.5514439945109,56832.40545800072,6041.280680378204
1783338757,1000,,Aggregated,236.000000,0.000000,2200,2600,3000,3200,4500,7600,33000,42000,55000,56000,57000,41271,1,2200.0,3652.8572383656297,268.5514439945109,56832.40545800072,6037.53659954932
1783338758,1000,,Aggregated,237.500000,0.000000,2200,2600,3000,3200,4400,7500,33000,42000,55000,56000,57000,41516,1,2200.0,3641.5168707162206,268.5514439945109,56832.40545800072,6036.978153001252
1783338759,1000,,Aggregated,236.400000,0.000000,2200,2600,3000,3200,4400,7400,33000,42000,55000,56000,57000,41753,1,2200.0,3631.8319277306,268.5514439945109,56832.40545800072,6038.263933130554
1783338760,1000,,Aggregated,232.900000,0.000000,2200,2600,3000,3200,4400,7400,33000,42000,55000,56000,57000,41980,1,2200.0,3622.5430157364567,268.5514439945109,56832.40545800072,6033.884444973797
1783338761,1000,,Aggregated,232.800000,0.000000,2200,2600,2900,3200,4400,7300,33000,42000,55000,56000,57000,42215,1,2200.0,3614.1245127973857,268.5514439945109,56832.40545800072,6033.788511192704
1783338762,1000,,Aggregated,232.800000,0.000000,2200,2600,2900,3200,4400,7300,33000,42000,55000,56000,57000,42388,1,2200.0,3608.282557670531,268.5514439945109,56832.40545800072,6035.294658865717
1783338763,1000,,Aggregated,233.400000,0.000000,2200,2600,2900,3200,4400,7200,33000,42000,55000,56000,57000,42752,1,2200.0,3596.453970636172,268.5514439945109,56832.40545800072,6033.850813997006
1783338764,1000,,Aggregated,238.100000,0.000000,2200,2600,2900,3200,4400,7100,33000,42000,55000,56000,57000,42994,1,2200.0,3586.945844752242,268.5514439945109,56832.40545800072,6033.477322417081
1783338765,1000,,Aggregated,242.100000,0.000000,2200,2600,2900,3200,4400,7100,33000,42000,55000,56000,57000,43244,1,2200.0,3577.6151410187094,268.5514439945109,56832.40545800072,6032.080450467117
1783338766,1000,,Aggregated,249.700000,0.000000,2200,2600,2900,3200,4400,7100,32000,42000,55000,56000,57000,43476,1,2200.0,3568.6782883564288,268.5514439945109,56832.40545800072,6029.917080688196
1783338767,1000,,Aggregated,234.600000,0.000000,2200,2600,2900,3200,4300,7000,32000,42000,55000,56000,57000,43698,1,2200.0,3560.65671192492,268.5514439945109,56832.40545800072,6028.46313332418
1783338768,1000,,Aggregated,234.600000,0.000000,2200,2600,2900,3200,4300,7000,32000,42000,55000,56000,57000,43952,1,2200.0,3552.417831201452,268.5514439945109,56832.40545800072,6029.311339643247
1783338769,1000,,Aggregated,234.000000,0.000000,2100,2600,2900,3200,4300,6900,32000,42000,55000,56000,57000,44210,1,2100.0,3543.5878172009616,268.5514439945109,56832.40545800072,6025.0902284551
1783338771,1000,,Aggregated,234.100000,0.000000,2100,2600,2900,3200,4300,6900,32000,42000,55000,56000,57000,44456,1,2100.0,3534.925178070153,268.5514439945109,56832.40545800072,6019.889778657549
1783338772,1000,,Aggregated,238.400000,0.000000,2100,2600,2900,3200,4300,6800,32000,42000,55000,56000,57000,44875,1,2100.0,3520.6354765829255,265.92444101697765,56832.40545800072,6018.313849582173
1783338773,1000,,Aggregated,232.200000,0.000000,2100,2600,2900,3200,4300,6800,32000,42000,55000,56000,57000,45109,1,2100.0,3511.4124403610704,265.92444101697765,56832.40545800072,6016.921213061695
1783338774,1000,,Aggregated,240.200000,0.000000,2100,2600,2900,3200,4300,6700,32000,41000,55000,56000,57000,45342,1,2100.0,3502.48865746735,265.92444101697765,56832.40545800072,6009.852322350139
1783338775,1000,,Aggregated,236.600000,0.000000,2100,2600,2900,3200,4300,6700,32000,41000,55000,56000,57000,45551,1,2100.0,3495.223438665749,265.92444101697765,56832.40545800072,6008.259928431868
1783338776,1000,,Aggregated,242.300000,0.000000,2100,2600,2900,3100,4200,6700,32000,41000,55000,56000,57000,45826,1,2100.0,3486.0755681200885,265.92444101697765,56832.40545800072,6009.572404311963
1783338777,1000,,Aggregated,237.300000,0.000000,2100,2600,2900,3100,4200,6600,32000,41000,55000,56000,57000,46089,1,2100.0,3477.381805577431,265.92444101697765,56832.40545800072,6008.293866215366
1783338778,1000,,Aggregated,240.100000,0.000000,2100,2600,2900,3100,4200,6600,32000,40000,55000,56000,57000,46325,1,2100.0,3469.299461653474,265.92444101697765,56832.40545800072,6005.525310307609
1783338780,1000,,Aggregated,241.300000,0.000000,2100,2600,2900,3100,4200,6600,31000,40000,55000,56000,57000,46522,1,2100.0,3462.6130791608275,265.92444101697765,56832.40545800072,6004.816645887967
1783338781,1000,,Aggregated,242.300000,0.000000,2100,2600,2900,3100,4200,6500,31000,40000,55000,56000,57000,46972,1,2100.0,3449.1779935364316,265.92444101697765,56832.40545800072,6002.1337818274715
1783338782,1000,,Aggregated,224.400000,0.000000,2100,2600,2900,3100,4200,6500,31000,39000,55000,56000,57000,47190,1,2100.0,3441.761305192464,265.92444101697765,56832.40545800072,6002.569018859928
1783338783,1000,,Aggregated,249.200000,0.000000,2100,2600,2900,3100,4200,6500,31000,39000,55000,56000,57000,47476,1,2100.0,3433.120171356595,265.92444101697765,56832.40545800072,6008.663788019209
1783338784,1000,,Aggregated,238.000000,0.000000,2100,2600,2900,3100,4200,6400,31000,39000,55000,56000,57000,47727,1,2100.0,3424.9768872661707,265.92444101697765,56832.40545800072,6006.682716282188
1783338785,1000,,Aggregated,237.600000,0.000000,2100,2600,2900,3100,4200,6400,31000,39000,55000,56000,57000,47971,1,2100.0,3417.961026933949,265.92444101697765,56832.40545800072,6006.225365324884
1783338786,1000,,Aggregated,238.500000,0.000000,2100,2600,2900,3100,4200,6400,31000,39000,55000,56000,57000,48181,1,2100.0,3411.890895551965,265.92444101697765,56832.40545800072,6009.763848820075
1783338787,1000,,Aggregated,242.000000,0.000000,2100,2600,2900,3100,4200,6400,30000,39000,55000,56000,57000,48436,1,2100.0,3404.995928100079,265.92444101697765,56832.40545800072,6008.801779668015
1783338788,1000,,Aggregated,241.600000,0.000000,2100,2600,2900,3100,4200,6400,30000,39000,55000,56000,57000,48573,1,2100.0,3401.08811898603,265.92444101697765,56832.40545800072,6010.694315772137
1783338789,1000,,Aggregated,238.500000,0.000000,2100,2600,2900,3100,4200,6300,30000,38000,55000,56000,57000,49061,1,2100.0,3388.6329677879867,265.92444101697765,56832.40545800072,6019.602168728726
1783338790,1000,,Aggregated,234.000000,0.000000,2100,2600,2900,3100,4200,6200,30000,38000,55000,56000,57000,49306,1,2100.0,3380.3494198660233,265.92444101697765,56832.40545800072,6019.54861477305
1783338791,1000,,Aggregated,233.500000,0.000000,2100,2600,2900,3100,4100,6200,30000,38000,55000,56000,57000,49532,1,2100.0,3372.379969261185,265.92444101697765,56832.40545800072,6017.164015182105
1783338792,1000,,Aggregated,256.900000,0.000000,2100,2500,2900,3100,4100,6200,30000,38000,55000,56000,57000,49762,1,2100.0,3364.826127046919,265.92444101697765,56832.40545800072,6013.997749286605
1783338793,1000,,Aggregated,238.300000,0.000000,2100,2500,2900,3100,4100,6200,30000,38000,55000,56000,57000,49972,1,2100.0,3359.1149033686243,265.92444101697765,56832.40545800072,6014.843392299688
1783338794,1000,,Aggregated,239.700000,0.000000,2100,2500,2900,3100,4100,6100,30000,38000,55000,56000,57000,50193,1,2100.0,3353.5863958079262,265.92444101697765,56832.40545800072,6011.246568246568
1783338795,1000,,Aggregated,240.300000,0.000000,2100,2500,2900,3100,4100,6100,30000,38000,55000,56000,57000,50474,1,2100.0,3347.3972591366182,265.92444101697765,56832.40545800072,6014.724808812458
1783338797,1000,,Aggregated,235.000000,0.000000,2100,2500,2900,3100,4100,6100,30000,38000,55000,56000,57000,50705,1,2100.0,3341.647508179165,265.92444101697765,56832.40545800072,6017.322039246623
1783338798,1000,,Aggregated,239.000000,0.000000,2100,2500,2800,3100,4100,6000,30000,38000,55000,56000,57000,51120,1,2100.0,3331.091976099163,265.92444101697765,56832.40545800072,6017.691412363068
1783338799,1000,,Aggregated,235.500000,0.000000,2100,2500,2800,3100,4100,6000,30000,38000,55000,56000,57000,51343,1,2100.0,3323.7663756300235,265.92444101697765,56832.40545800072,6016.864402158035
1783338800,1000,,Aggregated,247.100000,0.000000,2100,2500,2800,3100,4100,6000,30000,38000,55000,56000,57000,51578,1,2100.0,3316.827904442577,265.92444101697765,56832.40545800072,6014.123133894296
1783338801,1000,,Aggregated,245.000000,0.000000,2100,2500,2800,3100,4000,6000,28000,38000,55000,56000,57000,51803,1,2100.0,3310.8616321107784,265.92444101697765,56832.40545800072,6010.772445611258
1783338802,1000,,Aggregated,236.600000,0.000000,2100,2500,2800,3100,4000,5900,28000,38000,55000,56000,57000,52049,1,2100.0,3304.843361933045,265.92444101697765,56832.40545800072,6010.177159983861
1783338803,1000,,Aggregated,236.500000,0.000000,2100,2500,2800,3100,4000,5900,28000,38000,55000,56000,57000,52277,1,2100.0,3299.371223213812,265.92444101697765,56832.40545800072,6012.796660099088
1783338804,1000,,Aggregated,235.500000,0.000000,2100,2500,2800,3100,4000,5900,28000,38000,55000,56000,57000,52523,1,2100.0,3293.8426503605115,265.92444101697765,56832.40545800072,6013.613274184643
1783338805,1000,,Aggregated,240.100000,0.000000,2100,2500,2800,3100,4000,5900,28000,38000,55000,56000,57000,52748,1,2100.0,3288.668716485102,265.92444101697765,56832.40545800072,6014.600022749678
1783338806,1000,,Aggregated,240.600000,0.000000,2100,2500,2800,3100,4000,5900,28000,38000,55000,56000,57000,52929,1,2100.0,3286.497163250531,265.92444101697765,56832.40545800072,6015.366472066353
1783338807,1000,,Aggregated,239.800000,0.000000,2100,2500,2800,3000,4000,5800,28000,38000,55000,56000,57000,53237,1,2100.0,3278.4969217325624,265.92444101697765,56832.40545800072,6018.051580667581
1783338808,1000,,Aggregated,225.300000,0.000000,2100,2500,2800,3000,4000,5800,28000,38000,55000,56000,57000,53489,1,2100.0,3272.102212785156,265.92444101697765,56832.40545800072,6018.907569780703
1783338809,1000,,Aggregated,243.200000,0.000000,2100,2500,2800,3000,4000,5800,28000,37000,55000,56000,57000,53707,1,2100.0,3266.4638179279486,265.92444101697765,56832.40545800072,6016.706183551492
1783338810,1000,,Aggregated,230.900000,0.000000,2100,2500,2800,3000,4000,5800,28000,37000,55000,56000,57000,53932,1,2100.0,3260.7589263444784,265.92444101697765,56832.40545800072,6012.952606986576
1783338811,1000,,Aggregated,236.800000,0.000000,2100,2500,2800,3000,4000,5800,28000,37000,55000,56000,57000,54165,1,2100.0,3255.42314766383,265.92444101697765,56832.40545800072,6011.732465614326
1783338812,1000,,Aggregated,232.300000,0.000000,2100,2500,2800,3000,3900,5800,27000,37000,55000,56000,57000,54410,1,2100.0,3250.0847678616674,265.92444101697765,56832.40545800072,6015.034534092998
1783338813,1000,,Aggregated,234.500000,0.000000,2100,2500,2800,3000,3900,5800,27000,37000,55000,56000,57000,54652,1,2100.0,3245.0055135081197,265.92444101697765,56832.40545800072,6016.915666398302
1783338814,1000,,Aggregated,234.900000,0.000000,2100,2500,2800,3000,3900,5700,27000,37000,55000,56000,57000,54903,1,2100.0,3239.620230450111,265.92444101697765,56832.40545800072,6015.732072928619
1783338815,1000,,Aggregated,232.200000,0.000000,2100,2500,2800,3000,3900,5700,27000,37000,55000,56000,57000,55154,1,2100.0,3236.189512638964,265.92444101697765,56832.40545800072,6021.57921456286
1783338816,1000,,Aggregated,235.300000,0.000000,2100,2500,2800,3000,3900,5700,27000,37000,55000,56000,57000,55391,1,2100.0,3230.0766020110573,265.92444101697765,56832.40545800072,6013.97894964886
1783338817,1000,,Aggregated,228.800000,0.000000,2100,2500,2800,3000,3900,5700,27000,37000,55000,56000,57000,55673,1,2100.0,3222.643856988255,265.92444101697765,56832.40545800072,6014.385554936864
1783338818,1000,,Aggregated,254.200000,0.000000,2100,2500,2800,3000,3900,5700,27000,37000,55000,56000,57000,55909,1,2100.0,3216.3262144766895,265.92444101697765,56832.40545800072,6014.874814430593
1783338819,1000,,Aggregated,234.200000,0.000000,2100,2500,2800,3000,3900,5700,27000,37000,55000,56000,57000,56154,1,2100.0,3210.1292999920656,265.92444101697765,56832.40545800072,6011.8283648537945
1783338820,1000,,Aggregated,242.300000,0.000000,2100,2500,2800,3000,3900,5600,27000,37000,55000,56000,57000,56397,1,2100.0,3204.333128678195,265.92444101697765,56832.40545800072,6011.579711686792
1783338821,1000,,Aggregated,237.700000,0.000000,2100,2500,2800,3000,3900,5600,27000,37000,55000,56000,57000,56640,1,2100.0,3198.710116669649,265.92444101697765,56832.40545800072,6013.4027189265535
1783338822,1000,,Aggregated,244.400000,0.000000,2100,2500,2800,3000,3900,5600,26000,37000,55000,56000,57000,56853,1,2100.0,3194.012379852234,265.92444101697765,56832.40545800072,6011.2052310344225
1783338823,1000,,Aggregated,243.400000,0.000000,2100,2500,2800,3000,3900,5600,26000,37000,55000,56000,57000,57109,1,2100.0,3188.722852032031,265.92444101697765,56832.40545800072,6009.205291635294
1783338824,1000,,Aggregated,243.100000,0.000000,2100,2500,2800,3000,3900,5600,26000,37000,55000,56000,57000,57195,1,2100.0,3187.0248402931043,265.92444101697765,56832.40545800072,6009.335274062418
1783338825,1000,,Aggregated,242.300000,0.000000,2100,2500,2800,3000,3900,5500,26000,37000,55000,56000,57000,57635,1,2100.0,3179.6005754944977,265.92444101697765,56832.40545800072,6010.55566929817
1783338826,1000,,Aggregated,243.100000,0.000000,2100,2500,2800,3000,3900,5500,26000,37000,55000,56000,57000,57878,1,2100.0,3173.8289799163836,265.92444101697765,56832.40545800072,6012.666125298041
1783338827,1000,,Aggregated,238.700000,0.000000,2100,2500,2800,3000,3800,5500,26000,37000,55000,56000,57000,58091,1,2100.0,3168.861827684216,265.92444101697765,56832.40545800072,6012.742421373362
1783338828,1000,,Aggregated,235.700000,0.000000,2100,2500,2800,3000,3800,5500,26000,37000,55000,56000,57000,58336,1,2100.0,3163.581131144796,265.92444101697765,56832.40545800072,6011.081716264399
1783338829,1000,,Aggregated,242.500000,0.000000,2100,2500,2800,3000,3800,5500,26000,37000,55000,56000,57000,58573,1,2100.0,3158.619373198513,265.92444101697765,56832.40545800072,6008.281443668585
1783338830,1000,,Aggregated,234.300000,0.000000,2100,2500,2800,3000,3800,5500,25000,37000,55000,56000,57000,58811,1,2100.0,3154.4124949373886,265.92444101697765,56832.40545800072,6007.474639098128
1783338831,1000,,Aggregated,237.200000,0.000000,2100,2500,2800,3000,3800,5400,25000,37000,55000,56000,57000,59067,1,2100.0,3149.8333861563424,265.92444101697765,56832.40545800072,6007.8414850931995
1783338832,1000,,Aggregated,235.700000,0.000000,2100,2500,2800,3000,3800,5400,25000,37000,55000,56000,57000,59317,1,2100.0,3145.034341216678,265.92444101697765,56832.40545800072,6005.227725609859
1783338834,1000,,Aggregated,235.000000,0.000000,2100,2500,2800,3000,3800,5400,25000,37000,55000,56000,57000,59513,1,2100.0,3141.2114801747985,265.92444101697765,56832.40545800072,6006.620570295566
1783338835,1000,,Aggregated,238.900000,0.000000,2100,2500,2800,3000,3800,5400,25000,37000,55000,56000,57000,59979,1,2100.0,3133.3799616078477,265.92444101697765,56832.40545800072,6011.111739108688
1783338836,1000,,Aggregated,232.800000,0.000000,2100,2500,2800,3000,3800,5400,25000,37000,55000,56000,57000,60195,1,2100.0,3128.511657850051,265.92444101697765,56832.40545800072,6009.529828058809
1783338837,1000,,Aggregated,253.700000,0.000000,2100,2500,2800,3000,3800,5400,25000,37000,55000,56000,57000,60413,1,2100.0,3123.864287355036,265.92444101697765,56832.40545800072,6011.897124791022
1783338838,1000,,Aggregated,238.300000,0.000000,2100,2500,2800,3000,3800,5300,24000,37000,55000,56000,57000,60663,1,2100.0,3118.5395363226958,265.92444101697765,56832.40545800072,6009.62636203287
1783338839,1000,,Aggregated,237.600000,0.000000,2100,2500,2800,3000,3800,5300,23000,37000,55000,56000,57000,60902,1,2100.0,3113.9096290191583,265.92444101697765,56832.40545800072,6006.9592788414175
1783338840,1000,,Aggregated,239.400000,0.000000,2100,2500,2800,3000,3800,5300,23000,37000,55000,56000,57000,61148,1,2100.0,3109.229965868999,265.92444101697765,56832.40545800072,6005.80738536011
1783338841,1000,,Aggregated,239.600000,0.000000,2100,2500,2800,3000,3800,5300,23000,37000,55000,56000,57000,61395,1,2100.0,3104.207748591461,265.92444101697765,56832.40545800072,6007.9007248147245
1783338842,1000,,Aggregated,241.100000,0.000000,2100,2500,2800,3000,3800,5300,23000,37000,55000,56000,57000,61662,1,2100.0,3098.951753116432,265.92444101697765,56832.40545800072,6008.91612338231
1783338843,1000,,Aggregated,242.000000,0.000000,2100,2500,2800,3000,3800,5300,23000,37000,55000,56000,57000,61861,1,2100.0,3094.397994416115,265.92444101697765,56832.40545800072,6007.536929567902
1783338844,1000,,Aggregated,242.100000,0.000000,2100,2500,2800,3000,3800,5300,23000,37000,55000,56000,57000,62254,1,2100.0,3086.213389082524,236.74729801132344,56832.40545800072,6007.263549330163
1783338845,1000,,Aggregated,244.900000,0.000000,2100,2500,2800,3000,3700,5300,23000,37000,55000,56000,57000,62471,1,2100.0,3081.404000617522,236.74729801132344,56832.40545800072,6004.241359991036
1783338846,1000,,Aggregated,237.600000,0.000000,2100,2500,2800,3000,3700,5200,23000,37000,55000,56000,57000,62761,1,2100.0,3075.13147506485,236.74729801132344,56832.40545800072,6003.173834068928
1783338847,1000,,Aggregated,242.300000,0.000000,2100,2500,2800,3000,3700,5200,23000,36000,55000,56000,57000,62975,1,2100.0,3070.682046681652,236.74729801132344,56832.40545800072,6002.223818975784
1783338848,1000,,Aggregated,244.500000,0.000000,2100,2500,2700,3000,3700,5200,23000,36000,55000,56000,57000,63227,1,2100.0,3066.1009433215054,236.74729801132344,56832.40545800072,6003.852958388031
1783338849,1000,,Aggregated,248.600000,0.000000,2100,2500,2700,2900,3700,5200,23000,36000,55000,56000,57000,63493,1,2100.0,3060.942674573151,236.74729801132344,56832.40545800072,6003.852030932544
1783338850,1000,,Aggregated,248.700000,0.000000,2100,2500,2700,2900,3700,5200,22000,36000,55000,56000,57000,63706,1,2100.0,3057.085552747296,236.74729801132344,56832.40545800072,6002.654004332402
1783338851,1000,,Aggregated,249.400000,0.000000,2100,2500,2700,2900,3700,5200,22000,36000,55000,56000,57000,63942,1,2100.0,3053.1908948062505,236.74729801132344,56832.40545800072,6004.12717775484
1783338853,1000,,Aggregated,250.500000,0.000000,2100,2500,2700,2900,3700,5200,22000,36000,55000,56000,57000,64189,1,2100.0,3049.307471386428,236.74729801132344,56832.40545800072,6003.430618953404
1783338854,1000,,Aggregated,244.900000,0.000000,2100,2500,2700,2900,3700,5100,22000,36000,55000,56000,57000,64545,1,2100.0,3043.6531617231626,236.74729801132344,56832.40545800072,6004.797071810365
1783338855,1000,,Aggregated,242.000000,0.000000,2000,2500,2700,2900,3700,5100,22000,36000,55000,56000,57000,64760,1,2000.0,3039.9412846669356,236.74729801132344,56832.40545800072,6002.899691167388
1783338856,1000,,Aggregated,257.000000,0.000000,2000,2500,2700,2900,3700,5100,22000,36000,55000,56000,57000,65005,1,2000.0,3036.085422586106,236.74729801132344,56832.40545800072,6002.2715791093
1783338857,1000,,Aggregated,239.400000,0.000000,2000,2500,2700,2900,3700,5100,22000,36000,55000,56000,57000,65262,1,2000.0,3031.852905342927,236.74729801132344,56832.40545800072,6004.393889246422
1783338858,1000,,Aggregated,240.000000,0.000000,2000,2400,2700,2900,3700,5100,21000,36000,55000,56000,57000,65498,1,2000.0,3028.084176851541,236.74729801132344,56832.40545800072,6006.235717121133
1783338859,1000,,Aggregated,237.300000,0.000000,2000,2400,2700,2900,3700,5100,21000,36000,55000,56000,57000,65739,1,2000.0,3024.3345213831235,236.74729801132344,56832.40545800072,6006.129299198345
1783338860,1000,,Aggregated,238.900000,0.000000,2000,2400,2700,2900,3700,5100,21000,36000,55000,56000,57000,65981,1,2000.0,3020.5373579751513,236.74729801132344,56832.40545800072,6003.528561252482
1783338861,1000,,Aggregated,237.700000,0.000000,2000,2400,2700,2900,3700,5000,21000,36000,55000,56000,57000,66199,1,2000.0,3017.3070882372313,236.74729801132344,56832.40545800072,6004.491230985363
1783338862,1000,,Aggregated,234.900000,0.000000,2000,2400,2700,2900,3700,5000,21000,36000,55000,56000,57000,66430,1,2000.0,3013.8812364857013,236.74729801132344,56832.40545800072,6007.888469065181
1783338863,1000,,Aggregated,234.900000,0.000000,2000,2400,2700,2900,3700,5000,21000,36000,55000,56000,57000,66534,1,2000.0,3012.534300950104,236.74729801132344,56832.40545800072,6007.612964799952
1783338864,1000,,Aggregated,237.600000,0.000000,2000,2400,2700,2900,3700,5000,21000,36000,55000,56000,57000,67001,1,2000.0,3007.2493189359784,236.74729801132344,56832.40545800072,6012.971657139446
1783338865,1000,,Aggregated,234.500000,0.000000,2000,2400,2700,2900,3700,5000,21000,36000,55000,56000,57000,67206,1,2000.0,3003.41208541924,236.74729801132344,56832.40545800072,6012.399250066958
1783338866,1000,,Aggregated,233.400000,0.000000,2000,2400,2700,2900,3700,5000,21000,36000,55000,56000,57000,67430,1,2000.0,2999.8107387092455,236.74729801132344,56832.40545800072,6010.885273617085
1783338867,1000,,Aggregated,238.500000,0.000000,2000,2400,2700,2900,3700,5000,20000,36000,55000,56000,57000,67663,1,2000.0,2996.0776518151197,236.74729801132344,56832.40545800072,6008.031361305292
1783338868,1000,,Aggregated,237.100000,0.000000,2000,2400,2700,2900,3600,5000,20000,36000,55000,56000,57000,67900,1,2000.0,2993.0477069773797,236.74729801132344,56832.40545800072,6007.8102209131075
1783338869,1000,,Aggregated,234.400000,0.000000,2000,2400,2700,2900,3600,5000,20000,36000,55000,56000,57000,68100,1,2000.0,2990.865024526092,236.74729801132344,56832.40545800072,6008.486446402349
1783338870,1000,,Aggregated,233.700000,0.000000,2000,2400,2700,2900,3600,5000,20000,36000,55000,56000,57000,68369,1,2000.0,2988.095468211296,236.74729801132344,56832.40545800072,6009.674223697874
1783338871,1000,,Aggregated,233.400000,0.000000,2000,2400,2700,2900,3600,5000,20000,36000,55000,56000,57000,68624,1,2000.0,2984.4760238427834,236.74729801132344,56832.40545800072,6008.783559687573
1783338872,1000,,Aggregated,228.800000,0.000000,2000,2400,2700,2900,3600,5000,20000,36000,55000,56000,57000,68870,1,2000.0,2980.5183754074847,236.74729801132344,56832.40545800072,6007.721170320894
1783338874,1000,,Aggregated,233.400000,0.000000,2000,2400,2700,2900,3600,5000,20000,36000,55000,56000,57000,68940,1,2000.0,2979.5737685405775,236.74729801132344,56832.40545800072,6007.7159994197855
1783338875,1000,,Aggregated,238.200000,0.000000,2000,2400,2700,2900,3600,5000,20000,36000,55000,56000,57000,69461,1,2000.0,2972.0541027738227,236.74729801132344,56832.40545800072,6004.86899123249
1783338876,1000,,Aggregated,214.700000,0.000000,2000,2400,2700,2900,3600,5000,20000,36000,55000,56000,57000,69689,1,2000.0,2967.1833008919607,236.74729801132344,56832.40545800072,6004.838970282254
1783338877,1000,,Aggregated,239.800000,0.000000,2000,2400,2700,2900,3600,4900,20000,36000,55000,56000,57000,69900,1,2000.0,2963.1307804014277,236.74729801132344,56832.40545800072,6002.837424892704
1783338878,1000,,Aggregated,240.800000,0.000000,2000,2400,2700,2900,3600,4900,20000,36000,55000,56000,57000,70111,1,2000.0,2959.6337958585564,236.74729801132344,56832.40545800072,6000.233358531472
1783338879,1000,,Aggregated,240.400000,0.000000,2000,2400,2700,2900,3600,4900,20000,36000,55000,56000,57000,70347,1,2000.0,2956.5923923048217,236.74729801132344,56832.40545800072,5998.035381750466
1783338880,1000,,Aggregated,238.100000,0.000000,2000,2400,2700,2900,3600,4900,20000,36000,55000,56000,57000,70584,1,2000.0,2954.138804094798,236.74729801132344,56832.40545800072,6000.53349200952
1783338881,1000,,Aggregated,238.300000,0.000000,2000,2400,2700,2900,3600,4900,20000,36000,55000,56000,57000,70838,1,2000.0,2951.41094758033,236.74729801132344,56832.40545800072,6002.48036364663
1783338882,1000,,Aggregated,243.100000,0.000000,2000,2400,2700,2900,3600,4900,19000,36000,55000,56000,57000,71076,1,2000.0,2948.3314829906603,236.74729801132344,56832.40545800072,6002.614665991333
1783338883,1000,,Aggregated,241.200000,0.000000,2000,2400,2700,2900,3600,4900,19000,36000,55000,56000,57000,71336,1,2000.0,2944.835253712994,236.74729801132344,56832.40545800072,6002.274111248178
1783338884,1000,,Aggregated,237.000000,0.000000,2000,2400,2700,2900,3600,4900,19000,36000,55000,56000,57000,71534,1,2000.0,2942.8301704032115,236.74729801132344,56832.40545800072,6001.985643190651
1783338885,1000,,Aggregated,240.400000,0.000000,2000,2400,2700,2900,3600,4900,19000,36000,55000,56000,57000,71802,1,2000.0,2939.167979120835,236.74729801132344,56832.40545800072,6002.439904180942
1783338886,1000,,Aggregated,247.200000,0.000000,2000,2400,2700,2900,3600,4800,19000,36000,55000,56000,57000,72042,1,2000.0,2936.0643736393963,236.74729801132344,56832.40545800072,5999.406693317786
1783338887,1000,,Aggregated,232.400000,0.000000,2000,2400,2700,2900,3600,4800,19000,36000,55000,56000,57000,72285,1,2000.0,2932.9656241345942,236.74729801132344,56832.40545800072,5999.394563187383
1783338888,1000,,Aggregated,233.400000,0.000000,2000,2400,2700,2900,3600,4800,19000,36000,55000,56000,57000,72512,1,2000.0,2930.0151326536843,236.74729801132344,56832.40545800072,5998.146954986761
1783338889,1000,,Aggregated,234.100000,0.000000,2000,2400,2700,2900,3600,4800,19000,36000,55000,56000,57000,72764,1,2000.0,2926.7505203408286,236.74729801132344,56832.40545800072,5997.149332087296
1783338890,1000,,Aggregated,236.900000,0.000000,2000,2400,2700,2900,3600,4800,19000,36000,55000,56000,57000,73001,1,2000.0,2923.9706879987775,236.74729801132344,56832.40545800072,5997.357912905302
1783338891,1000,,Aggregated,237.000000,0.000000,2000,2400,2700,2900,3600,4800,19000,36000,55000,56000,57000,73222,1,2000.0,2921.2413920732947,236.74729801132344,56832.40545800072,5996.2440386769
1783338892,1000,,Aggregated,236.600000,0.000000,2000,2400,2700,2900,3600,4800,19000,36000,55000,56000,57000,73460,1,2000.0,2918.5804193343174,236.74729801132344,56832.40545800072,5996.993316090389
1783338893,1000,,Aggregated,234.200000,0.000000,2000,2400,2700,2900,3600,4800,19000,35000,55000,56000,57000,73696,1,2000.0,2915.714425620283,236.74729801132344,56832.40545800072,5998.3909031697785
1783338894,1000,,Aggregated,233.800000,0.000000,2000,2400,2700,2900,3600,4800,19000,35000,55000,56000,57000,73905,1,2000.0,2914.314404004444,236.74729801132344,56832.40545800072,5999.73750084568
1783338895,1000,,Aggregated,231.500000,0.000000,2000,2400,2700,2900,3600,4700,19000,35000,55000,56000,57000,74214,1,2000.0,2910.043645406173,236.74729801132344,56832.40545800072,5999.702252944188
1783338896,1000,,Aggregated,234.700000,0.000000,2000,2400,2700,2900,3600,4700,19000,35000,55000,56000,57000,74463,1,2000.0,2906.3313296097085,236.74729801132344,56832.40545800072,5998.085317540255
1783338897,1000,,Aggregated,239.200000,0.000000,2000,2400,2700,2900,3600,4700,19000,35000,55000,56000,57000,74694,1,2000.0,2903.1116056280393,236.74729801132344,56832.40545800072,5997.655139636383
1783338898,1000,,Aggregated,239.900000,0.000000,2000,2400,2700,2900,3600,4700,19000,35000,55000,56000,57000,74892,1,2000.0,2900.2729356826108,236.74729801132344,56832.40545800072,5995.88624953266
1783338899,1000,,Aggregated,239.700000,0.000000,2000,2400,2700,2900,3600,4700,19000,35000,55000,56000,57000,75125,1,2000.0,2897.80113698783,236.74729801132344,56832.40545800072,5997.753996672213
1783338900,1000,,Aggregated,236.700000,0.000000,2000,2400,2700,2900,3600,4700,18000,35000,55000,56000,57000,75380,1,2000.0,2895.1654915838517,236.74729801132344,56832.40545800072,5997.055107455559
1783338901,1000,,Aggregated,235.400000,0.000000,2000,2400,2700,2900,3600,4700,18000,34000,55000,56000,57000,75639,1,2000.0,2892.554540446395,236.74729801132344,56832.40545800072,5995.719853514721
1783338902,1000,,Aggregated,236.000000,0.000000,2000,2400,2700,2900,3600,4700,18000,34000,55000,56000,57000,75868,1,2000.0,2890.0396258847995,236.74729801132344,56832.40545800072,5997.166367902146
1783338903,1000,,Aggregated,239.000000,0.000000,2000,2400,2700,2900,3600,4700,18000,34000,55000,56000,57000,76091,1,2000.0,2887.366778898148,236.74729801132344,56832.40545800072,5999.368979248531
1783338904,1000,,Aggregated,238.900000,0.000000,2000,2400,2700,2900,3600,4700,18000,34000,55000,56000,57000,76234,1,2000.0,2885.823937560498,236.74729801132344,56832.40545800072,5999.085854080857
1783338905,1000,,Aggregated,237.300000,0.000000,2000,2400,2700,2900,3600,4700,18000,34000,55000,56000,57000,76776,1,2000.0,2881.3057875875165,236.74729801132344,56832.40545800072,6002.234578514119
1783338907,1000,,Aggregated,247.400000,0.000000,2000,2400,2700,2900,3600,4700,18000,34000,55000,56000,57000,77023,1,2000.0,2876.500657192024,236.74729801132344,56832.40545800072,6004.607221219636
1783338908,1000,,Aggregated,207.900000,0.000000,2000,2400,2700,2900,3600,4700,18000,34000,55000,56000,57000,77264,1,2000.0,2872.2847991571743,236.74729801132344,56832.40545800072,6005.577487575068
1783338909,1000,,Aggregated,239.900000,0.000000,2000,2400,2700,2900,3500,4600,18000,34000,55000,56000,57000,77495,1,2000.0,2868.111315110989,236.74729801132344,56832.40545800072,6003.661358797342
1783338910,1000,,Aggregated,243.300000,0.000000,2000,2400,2700,2900,3500,4600,18000,34000,55000,56000,57000,77706,1,2000.0,2864.8909684085183,236.74729801132344,56832.40545800072,6001.785048773582
1783338911,1000,,Aggregated,243.600000,0.000000,2000,2400,2700,2900,3500,4600,18000,34000,55000,56000,57000,77935,1,2000.0,2862.0982555874184,236.74729801132344,56832.40545800072,6000.439609931353
1783338912,1000,,Aggregated,241.400000,0.000000,2000,2400,2700,2900,3500,4600,18000,34000,55000,56000,57000,78210,1,2000.0,2859.4395853241867,236.74729801132344,56832.40545800072,6001.414409922005
1783338913,1000,,Aggregated,237.300000,0.000000,2000,2400,2700,2900,3500,4600,18000,34000,55000,56000,57000,78444,1,2000.0,2857.132177743073,236.74729801132344,56832.40545800072,6001.350823517414
1783338914,1000,,Aggregated,241.700000,0.000000,2000,2400,2700,2900,3500,4600,18000,34000,55000,56000,57000,78673,1,2000.0,2854.9042231963485,236.74729801132344,56832.40545800072,6001.973103860282
1783338915,1000,,Aggregated,243.200000,0.000000,2000,2400,2700,2900,3500,4600,18000,34000,55000,56000,57000,78768,1,2000.0,2854.011485651357,236.74729801132344,56832.40545800072,6001.209767926061
1783338916,1000,,Aggregated,242.400000,0.000000,2000,2400,2700,2900,3500,4600,17000,34000,55000,56000,57000,79315,1,2000.0,2850.6729285557517,236.74729801132344,56832.40545800072,6004.994616402951
1783338917,1000,,Aggregated,253.300000,0.000000,2000,2400,2700,2900,3500,4600,17000,34000,55000,56000,57000,79557,1,2000.0,2846.8083542983672,236.74729801132344,56832.40545800072,6003.395263773144
1783338918,1000,,Aggregated,238.800000,0.000000,2000,2400,2700,2900,3500,4600,16000,34000,55000,56000,57000,79810,1,2000.0,2842.8857025978796,236.74729801132344,56832.40545800072,6001.617466482897
1783338919,1000,,Aggregated,236.300000,0.000000,2000,2400,2700,2900,3500,4600,16000,34000,55000,56000,57000,79997,1,2000.0,2840.0535015676337,236.74729801132344,56832.40545800072,6000.141267797542
1783338920,1000,,Aggregated,236.200000,0.000000,2000,2400,2700,2900,3500,4600,16000,34000,55000,56000,57000,80251,1,2000.0,2836.802279221121,236.74729801132344,56832.40545800072,5998.6284906107085
1783338921,1000,,Aggregated,237.400000,0.000000,2000,2400,2700,2900,3500,4600,16000,33000,55000,56000,57000,80505,1,2000.0,2834.101653376637,236.74729801132344,56832.40545800072,5999.106092789268
1783338922,1000,,Aggregated,235.600000,0.000000,2000,2400,2700,2900,3500,4600,15000,33000,55000,56000,57000,80719,1,2000.0,2832.291541047062,236.74729801132344,56832.40545800072,6000.015634485066
1783338923,1000,,Aggregated,239.500000,0.000000,2000,2400,2700,2900,3500,4600,15000,33000,55000,56000,57000,80968,1,2000.0,2830.0922432373827,236.74729801132344,56832.40545800072,6002.911928169153
1783338924,1000,,Aggregated,236.000000,0.000000,2000,2400,2700,2900,3500,4600,15000,33000,55000,56000,57000,81211,1,2000.0,2827.537531699073,236.74729801132344,56832.40545800072,6003.541416803142
1783338926,1000,,Aggregated,236.400000,0.000000,2000,2400,2700,2900,3500,4600,15000,33000,55000,56000,57000,81344,1,2000.0,2826.033962249107,236.74729801132344,56832.40545800072,6002.663773603462
1783338927,1000,,Aggregated,253.000000,0.000000,2000,2400,2700,2900,3500,4500,15000,33000,55000,56000,57000,81854,1,2000.0,2821.4027605126025,236.74729801132344,56832.40545800072,6003.8651501453805
1783338928,1000,,Aggregated,218.000000,0.000000,2000,2400,2700,2900,3500,4500,15000,33000,55000,56000,57000,82086,1,2000.0,2817.556123331975,236.74729801132344,56832.40545800072,6002.873535072972
1783338929,1000,,Aggregated,241.600000,0.000000,2000,2400,2700,2900,3500,4500,15000,33000,55000,56000,57000,82316,1,2000.0,2814.3985347002485,236.74729801132344,56832.40545800072,6001.794450653579
1783338930,1000,,Aggregated,240.700000,0.000000,2000,2400,2700,2900,3500,4500,15000,33000,55000,56000,57000,82506,1,2000.0,2811.9755796311865,236.74729801132344,56832.40545800072,5999.627602841006
1783338931,1000,,Aggregated,240.100000,0.000000,2000,2400,2700,2900,3500,4500,15000,33000,55000,56000,57000,82729,1,2000.0,2809.6872147779086,236.74729801132344,56832.40545800072,5998.536474513169
1783338932,1000,,Aggregated,239.100000,0.000000,2000,2400,2700,2900,3500,4500,15000,33000,55000,56000,57000,82970,1,2000.0,2808.205599582798,236.74729801132344,56832.40545800072,5998.276280583344
1783338933,1000,,Aggregated,235.000000,0.000000,2000,2400,2700,2900,3500,4500,15000,33000,55000,56000,57000,83221,1,2000.0,2806.6658648764937,236.74729801132344,56832.40545800072,6000.440477764026
1783338934,1000,,Aggregated,234.400000,0.000000,2000,2400,2700,2900,3500,4500,15000,33000,55000,56000,57000,83467,1,2000.0,2804.9921508281427,236.74729801132344,56832.40545800072,6002.003067080403
1783338935,1000,,Aggregated,234.100000,0.000000,2000,2400,2700,2900,3500,4500,15000,33000,55000,56000,57000,83693,1,2000.0,2803.078921202399,236.74729801132344,56832.40545800072,6001.587540176598
1783338937,1000,,Aggregated,232.700000,0.000000,2000,2400,2700,2900,3500,4500,15000,33000,55000,56000,57000,83932,1,2000.0,2800.8892940175683,236.74729801132344,56832.40545800072,6000.345029309441
1783338938,1000,,Aggregated,253.200000,0.000000,2000,2400,2700,2900,3500,4500,15000,33000,55000,56000,57000,84475,1,2000.0,2796.6412499419175,236.74729801132344,56832.40545800072,6003.0897898786625
1783338939,1000,,Aggregated,213.000000,0.000000,2000,2400,2700,2900,3500,4500,14000,33000,55000,56000,57000,84710,1,2000.0,2792.3671869313325,236.74729801132344,56832.40545800072,6002.8589304686575
1783338940,1000,,Aggregated,240.400000,0.000000,2000,2400,2700,2900,3500,4500,14000,33000,55000,56000,57000,84951,1,2000.0,2788.799936709844,236.74729801132344,56832.40545800072,6001.83837741757
1783338941,1000,,Aggregated,239.300000,0.000000,2000,2400,2700,2900,3500,4500,14000,33000,55000,56000,57000,85161,1,2000.0,2785.7931915380495,236.74729801132344,56832.40545800072,5998.502542243516
1783338942,1000,,Aggregated,245.000000,0.000000,2000,2400,2700,2800,3500,4500,14000,33000,55000,56000,57000,85402,1,2000.0,2783.261098309478,236.74729801132344,56832.40545800072,5998.591520104916
1783338943,1000,,Aggregated,244.400000,0.000000,2000,2400,2700,2800,3500,4500,14000,33000,55000,56000,57000,85643,1,2000.0,2781.0514123411062,236.74729801132344,56832.40545800072,5997.943614772953
1783338944,1000,,Aggregated,243.400000,0.000000,2000,2400,2700,2800,3500,4500,14000,33000,55000,56000,57000,85857,1,2000.0,2779.6057937873197,236.74729801132344,56832.40545800072,5998.609746438846
1783338945,1000,,Aggregated,244.400000,0.000000,2000,2400,2700,2800,3500,4500,14000,33000,55000,56000,57000,86085,1,2000.0,2778.0979045037557,236.74729801132344,56832.40545800072,5998.85178602544
1783338946,1000,,Aggregated,242.500000,0.000000,2000,2400,2700,2800,3500,4500,13000,33000,55000,56000,57000,86356,1,2000.0,2775.9787199093257,236.74729801132344,56832.40545800072,6000.590265876141
1783338948,1000,,Aggregated,238.400000,0.000000,2000,2400,2700,2800,3500,4500,13000,33000,55000,56000,57000,86579,1,2000.0,2773.852389465144,236.74729801132344,56832.40545800072,6001.1917324062415
1783338949,1000,,Aggregated,262.300000,0.000000,2000,2400,2700,2800,3500,4400,13000,32000,55000,56000,57000,87070,1,2000.0,2769.613456624471,236.74729801132344,56832.40545800072,6002.136797978638
1783338950,1000,,Aggregated,214.200000,0.000000,2000,2400,2700,2800,3500,4400,13000,32000,55000,56000,57000,87293,1,2000.0,2766.4163853044192,236.74729801132344,56832.40545800072,6000.659617609659
1783338951,1000,,Aggregated,239.900000,0.000000,2000,2400,2700,2800,3500,4400,13000,32000,55000,56000,57000,87522,1,2000.0,2763.551983156024,236.74729801132344,56832.40545800072,6000.351431640045
1783338952,1000,,Aggregated,238.800000,0.000000,2000,2400,2700,2800,3500,4400,13000,32000,55000,56000,57000,87776,1,2000.0,2760.5566261205977,236.74729801132344,56832.40545800072,6001.347669066715
1783338953,1000,,Aggregated,239.400000,0.000000,2000,2400,2700,2800,3500,4400,13000,32000,55000,56000,57000,88012,1,2000.0,2757.985348910823,236.74729801132344,56832.40545800072,6000.254283506794
1783338954,1000,,Aggregated,242.000000,0.000000,2000,2400,2700,2800,3400,4400,13000,32000,55000,56000,57000,88256,1,2000.0,2755.8231003436526,236.74729801132344,56832.40545800072,6000.901740391588
1783338955,1000,,Aggregated,241.300000,0.000000,2000,2400,2700,2800,3400,4400,13000,32000,55000,56000,57000,88487,1,2000.0,2753.885306352192,236.74729801132344,56832.40545800072,6001.335348695288
1783338956,1000,,Aggregated,242.300000,0.000000,2000,2400,2700,2800,3400,4400,13000,32000,55000,56000,57000,88715,1,2000.0,2752.2992489086355,236.74729801132344,56832.40545800072,6001.91976554134
1783338957,1000,,Aggregated,244.200000,0.000000,2000,2400,2700,2800,3400,4400,12000,32000,55000,56000,57000,88987,1,2000.0,2750.1765683925328,236.74729801132344,56832.40545800072,6004.581489431041
1783338958,1000,,Aggregated,244.200000,0.000000,2000,2400,2700,2800,3400,4400,12000,32000,55000,56000,57000,89124,1,2000.0,2749.0288847917695,236.74729801132344,56832.40545800072,6005.699968583098
1783338959,1000,,Aggregated,240.900000,0.000000,2000,2400,2700,2800,3400,4400,11000,32000,55000,56000,57000,89694,1,2000.0,2745.927992789649,236.74729801132344,56832.40545800072,6010.035754899994
1783338960,1000,,Aggregated,254.500000,0.000000,2000,2400,2700,2800,3400,4400,9900,32000,55000,56000,57000,89954,1,2000.0,2741.669050766146,236.74729801132344,56832.40545800072,6008.485281366032
1783338961,1000,,Aggregated,209.800000,0.000000,2000,2400,2700,2800,3400,4400,9900,32000,55000,56000,57000,90191,1,2000.0,2738.025338665454,236.74729801132344,56832.40545800072,6007.652526305285
1783338962,1000,,Aggregated,243.600000,0.000000,2000,2400,2700,2800,3400,4400,9900,32000,55000,56000,57000,90436,1,2000.0,2734.450910301605,236.74729801132344,56832.40545800072,6004.934461939935
1783338963,1000,,Aggregated,246.500000,0.000000,2000,2400,2700,2800,3400,4400,9700,32000,55000,56000,57000,90666,1,2000.0,2731.5520891406336,236.74729801132344,56832.40545800072,6002.33574879227
1783338964,1000,,Aggregated,246.200000,0.000000,2000,2400,2700,2800,3400,4400,9700,32000,55000,56000,57000,90908,1,2000.0,2729.4349212409,236.74729801132344,56832.40545800072,6002.47021164254
1783338965,1000,,Aggregated,246.200000,0.000000,2000,2400,2700,2800,3400,4400,9500,32000,55000,56000,57000,91184,1,2000.0,2727.1734893301445,236.74729801132344,56832.40545800072,6001.130615020179
1783338966,1000,,Aggregated,244.800000,0.000000,2000,2400,2600,2800,3400,4400,9300,32000,55000,56000,57000,91423,1,2000.0,2725.156111426893,236.74729801132344,56832.40545800072,6000.3204007744225
1783338967,1000,,Aggregated,246.800000,0.000000,2000,2400,2600,2800,3400,4400,9200,32000,55000,56000,57000,91681,1,2000.0,2722.3881950863533,236.74729801132344,56832.40545800072,5999.199659689576
1783338969,1000,,Aggregated,250.500000,0.000000,2000,2400,2600,2800,3400,4400,9100,32000,55000,56000,57000,91818,1,2000.0,2720.971005231567,236.74729801132344,56832.40545800072,5997.979404909713
1783338970,1000,,Aggregated,257.200000,0.000000,2000,2400,2600,2800,3400,4400,9100,32000,55000,56000,57000,92339,1,2000.0,2717.209857886177,236.74729801132344,56832.40545800072,6001.240277672489
1783338971,1000,,Aggregated,266.100000,0.000000,2000,2400,2600,2800,3400,4300,9100,32000,55000,56000,57000,92582,1,2000.0,2714.028224089372,236.74729801132344,56832.40545800072,6002.489306776695
1783338972,1000,,Aggregated,251.000000,0.000000,2000,2400,2600,2800,3400,4300,9100,31000,55000,56000,57000,92843,1,2000.0,2710.6707536546774,236.74729801132344,56832.40545800072,6002.748457072693
1783338973,1000,,Aggregated,246.800000,0.000000,2000,2400,2600,2800,3400,4300,9100,31000,55000,56000,57000,93083,1,2000.0,2707.536347533895,236.74729801132344,56832.40545800072,6001.280932071377
1783338974,1000,,Aggregated,249.500000,0.000000,2000,2400,2600,2800,3400,4300,9100,31000,55000,56000,57000,93295,1,2000.0,2705.3949840692826,236.74729801132344,56832.40545800072,5999.793879629134
1783338975,1000,,Aggregated,249.300000,0.000000,2000,2400,2600,2800,3400,4300,9100,31000,55000,56000,57000,93537,1,2000.0,2703.11246853967,236.74729801132344,56832.40545800072,5997.923463442275
1783338976,1000,,Aggregated,251.400000,0.000000,2000,2400,2600,2800,3400,4300,9000,31000,55000,56000,57000,93786,1,2000.0,2701.123758502094,236.74729801132344,56832.40545800072,5995.301548205489
1783338977,1000,,Aggregated,249.400000,0.000000,2000,2400,2600,2800,3400,4300,8900,31000,55000,56000,57000,94045,1,2000.0,2699.389053837047,236.74729801132344,56832.40545800072,5996.646094954543
1783338978,1000,,Aggregated,246.200000,0.000000,2000,2400,2600,2800,3400,4300,8900,31000,55000,56000,57000,94316,1,2000.0,2697.072945384286,236.74729801132344,56832.40545800072,5998.499045761058
1783338979,1000,,Aggregated,244.100000,0.000000,2000,2400,2600,2800,3400,4300,8700,31000,55000,56000,57000,94553,1,2000.0,2694.853574816561,236.74729801132344,56832.40545800072,5996.80876333908
1783338980,1000,,Aggregated,244.100000,0.000000,2000,2400,2600,2800,3400,4300,8700,31000,55000,56000,57000,94573,1,2000.0,2694.63472069002,236.74729801132344,56832.40545800072,5996.722669260783
1783338981,1000,,Aggregated,259.500000,0.000000,2000,2400,2600,2800,3400,4300,8600,31000,55000,56000,57000,95117,1,2000.0,2691.100249636471,236.74729801132344,56832.40545800072,5997.281558501635
1783338982,1000,,Aggregated,233.700000,0.000000,2000,2400,2600,2800,3400,4300,8500,31000,55000,56000,57000,95391,1,2000.0,2687.1699012162703,236.74729801132344,56832.40545800072,5999.40477613192
1783338983,1000,,Aggregated,241.500000,0.000000,2000,2400,2600,2800,3400,4300,8400,31000,55000,56000,57000,95615,1,2000.0,2684.3536258801164,236.74729801132344,56832.40545800072,5997.391340270878
1783338984,1000,,Aggregated,243.600000,0.000000,2000,2400,2600,2800,3400,4300,8300,31000,55000,56000,57000,95817,1,2000.0,2682.046085986404,236.74729801132344,56832.40545800072,5995.387165116837
1783338985,1000,,Aggregated,247.600000,0.000000,2000,2400,2600,2800,3400,4300,8300,31000,55000,56000,57000,96033,1,2000.0,2680.136218987132,236.74729801132344,56832.40545800072,5993.987254381306
1783338986,1000,,Aggregated,244.900000,0.000000,2000,2400,2600,2800,3400,4300,8300,31000,55000,56000,57000,96264,1,2000.0,2678.806333917775,236.74729801132344,56832.40545800072,5993.364830050694
1783338987,1000,,Aggregated,242.700000,0.000000,2000,2400,2600,2800,3400,4300,8200,31000,55000,56000,57000,96539,1,2000.0,2677.6322636724085,236.74729801132344,56832.40545800072,5995.042936015497
1783338988,1000,,Aggregated,240.100000,0.000000,2000,2400,2600,2800,3400,4300,8200,30000,55000,56000,57000,96798,1,2000.0,2676.085048155176,236.74729801132344,56832.40545800072,5995.028833240356
1783338989,1000,,Aggregated,240.600000,0.000000,2000,2400,2600,2800,3400,4300,8200,30000,55000,56000,57000,97018,1,2000.0,2674.4502100840846,236.74729801132344,56832.40545800072,5993.627625801398
1783338991,1000,,Aggregated,239.700000,0.000000,2000,2400,2600,2800,3400,4300,8100,30000,55000,56000,57000,97224,1,2000.0,2673.030577314927,236.74729801132344,56832.40545800072,5992.889708302477
1783338992,1000,,Aggregated,247.300000,0.000000,2000,2400,2600,2800,3400,4300,8100,30000,55000,56000,57000,97757,1,2000.0,2671.5377926771434,236.74729801132344,56832.40545800072,5997.6352077089105
1783338993,1000,,Aggregated,236.300000,0.000000,2000,2400,2600,2800,3400,4300,8100,30000,55000,56000,57000,98007,1,2000.0,2668.3894936425527,236.74729801132344,56832.40545800072,5996.684808227984
1783338994,1000,,Aggregated,207.200000,0.000000,2000,2400,2600,2800,3400,4200,8000,30000,55000,56000,57000,98257,1,2000.0,2665.6059366608006,236.74729801132344,56832.40545800072,5996.490133018513
1783338995,1000,,Aggregated,232.900000,0.000000,2000,2400,2600,2800,3400,4200,8000,30000,55000,56000,57000,98483,1,2000.0,2663.1464915563724,236.74729801132344,56832.40545800072,5993.424672278465
1783338996,1000,,Aggregated,236.700000,0.000000,2000,2400,2600,2800,3400,4200,8000,30000,55000,56000,57000,98726,1,2000.0,2660.861952691775,236.74729801132344,56832.40545800072,5991.156909020927
1783338997,1000,,Aggregated,240.900000,0.000000,2000,2400,2600,2800,3400,4200,8000,30000,55000,56000,57000,98958,1,2000.0,2658.903549560695,236.74729801132344,56832.40545800072,5990.545443521494
1783338999,1000,,Aggregated,242.300000,0.000000,2000,2400,2600,2800,3400,4200,7900,30000,55000,56000,57000,99219,1,2000.0,2657.1788352363897,236.74729801132344,56832.40545800072,5992.2704623106465
1783339000,1000,,Aggregated,238.500000,0.000000,2000,2400,2600,2800,3400,4200,7900,30000,55000,56000,57000,99457,1,2000.0,2655.276866453697,236.74729801132344,56832.40545800072,5992.3310878067905
1783339001,1000,,Aggregated,239.600000,0.000000,2000,2400,2600,2800,3400,4200,7900,30000,55000,56000,57000,99687,1,2000.0,2653.589312450524,236.74729801132344,56832.40545800072,5991.476150350597
1783339002,1000,,Aggregated,239.600000,0.000000,2000,2400,2600,2800,3400,4200,7900,30000,55000,56000,57000,99887,1,2000.0,2652.1712875253615,236.74729801132344,56832.40545800072,5991.325708050096
1783339003,1000,,Aggregated,246.000000,0.000000,2000,2400,2600,2800,3400,4200,7800,30000,55000,56000,57000,100347,1,2000.0,2649.744054447765,236.74729801132344,56832.40545800072,5994.009905627473
1783339004,1000,,Aggregated,266.300000,0.000000,2000,2400,2600,2800,3400,4200,7800,30000,55000,56000,57000,100609,1,2000.0,2647.0750718162662,236.74729801132344,56832.40545800072,5994.244023894483
1783339005,1000,,Aggregated,243.200000,0.000000,2000,2400,2600,2800,3400,4200,7700,30000,55000,56000,57000,100814,1,2000.0,2645.0259220660873,236.74729801132344,56832.40545800072,5992.133007320412
1783339006,1000,,Aggregated,241.200000,0.000000,2000,2400,2600,2800,3400,4200,7700,30000,55000,56000,57000,101048,1,2000.0,2643.0080736523882,236.74729801132344,56832.40545800072,5991.847676351833
1783339007,1000,,Aggregated,241.200000,0.000000,2000,2300,2600,2800,3400,4200,7700,30000,55000,56000,57000,101279,1,2000.0,2641.3771235515005,236.74729801132344,56832.40545800072,5989.470749118771
1783339008,1000,,Aggregated,241.900000,0.000000,2000,2300,2600,2800,3400,4200,7700,30000,55000,56000,57000,101502,1,2000.0,2640.1353579569213,236.74729801132344,56832.40545800072,5988.134913597762
1783339009,1000,,Aggregated,239.200000,0.000000,2000,2400,2600,2800,3400,4200,7700,30000,55000,56000,57000,101723,1,2000.0,2639.165264061159,236.74729801132344,56832.40545800072,5988.035685144952
1783339010,1000,,Aggregated,237.600000,0.000000,2000,2400,2600,2800,3400,4200,7700,30000,55000,56000,57000,102010,1,2000.0,2637.9655285855615,236.74729801132344,56832.40545800072,5990.369777472797
1783339011,1000,,Aggregated,233.900000,0.000000,2000,2400,2600,2800,3400,4200,7700,30000,55000,56000,57000,102275,1,2000.0,2636.2525449413793,236.74729801132344,56832.40545800072,5990.928907357615
1783339012,1000,,Aggregated,235.400000,0.000000,2000,2300,2600,2800,3400,4200,7700,30000,55000,56000,57000,102498,1,2000.0,2634.508900728417,236.74729801132344,56832.40545800072,5991.327957618685
1783339013,1000,,Aggregated,238.800000,0.000000,2000,2300,2600,2800,3400,4200,7700,30000,55000,56000,57000,102572,1,2000.0,2633.852821900472,236.74729801132344,56832.40545800072,5991.22930234372
1783339014,1000,,Aggregated,245.400000,0.000000,2000,2400,2600,2800,3400,4200,7600,30000,55000,56000,57000,102994,1,2000.0,2631.896447153572,236.74729801132344,56832.40545800072,5991.483435928307
1783339015,1000,,Aggregated,236.600000,0.000000,2000,2300,2600,2800,3400,4200,7600,30000,54000,56000,57000,103208,1,2000.0,2630.5847986418617,236.74729801132344,56832.40545800072,5991.824480660414
1783339017,1000,,Aggregated,232.000000,0.000000,2000,2300,2600,2800,3400,4200,7600,30000,54000,56000,57000,103451,1,2000.0,2629.3882123517938,236.74729801132344,56832.40545800072,5992.1644063373
1783339018,1000,,Aggregated,230.400000,0.000000,2000,2300,2600,2800,3400,4200,7500,28000,54000,56000,57000,103660,1,2000.0,2628.429871323825,236.74729801132344,56832.40545800072,5991.573847192745
1783339019,1000,,Aggregated,233.200000,0.000000,2000,2300,2600,2800,3400,4200,7500,28000,54000,56000,57000,103879,1,2000.0,2627.34682369127,236.74729801132344,56832.40545800072,5992.104361805562
1783339020,1000,,Aggregated,232.400000,0.000000,2000,2400,2600,2800,3400,4200,7500,28000,54000,56000,57000,104083,1,2000.0,2626.735383802862,236.74729801132344,56832.40545800072,5991.904441647532
1783339021,1000,,Aggregated,231.800000,0.000000,2000,2400,2600,2800,3400,4200,7400,28000,54000,56000,57000,104333,1,2000.0,2625.9876857815143,236.74729801132344,56832.40545800072,5991.999146962131
1783339022,1000,,Aggregated,227.400000,0.000000,2000,2400,2600,2800,3400,4200,7400,28000,54000,56000,57000,104606,1,2000.0,2625.0058724211026,236.74729801132344,56832.40545800072,5992.078781331855
1783339023,1000,,Aggregated,225.100000,0.000000,2000,2400,2600,2800,3400,4200,7400,28000,54000,56000,57000,104827,1,2000.0,2623.7845106532477,236.74729801132344,56832.40545800072,5992.484331326853
1783339024,1000,,Aggregated,225.800000,0.000000,2000,2400,2600,2800,3400,4200,7400,28000,54000,56000,57000,105063,1,2000.0,2622.5544211885126,236.74729801132344,56832.40545800072,5992.534250878045
1783339025,1000,,Aggregated,225.300000,0.000000,2000,2400,2600,2800,3400,4200,7300,28000,54000,56000,57000,105284,1,2000.0,2621.2935098719654,236.74729801132344,56832.40545800072,5990.845997492496
1783339026,1000,,Aggregated,248.100000,0.000000,2000,2400,2600,2800,3400,4200,7300,28000,54000,56000,57000,105497,1,2000.0,2620.9499217727466,236.74729801132344,56832.40545800072,5991.913552044134
1783339027,1000,,Aggregated,227.900000,0.000000,2000,2400,2600,2800,3400,4200,7300,28000,54000,56000,57000,105735,1,2000.0,2619.6910692500455,236.74729801132344,56832.40545800072,5993.97099352154
1783339028,1000,,Aggregated,213.900000,0.000000,2000,2400,2600,2800,3400,4200,7300,28000,54000,56000,57000,105939,1,2000.0,2618.9647286404756,236.74729801132344,56832.40545800072,5991.1646607953635
1783339029,1000,,Aggregated,225.500000,0.000000,2000,2400,2600,2800,3400,4200,7200,28000,54000,56000,57000,106165,1,2000.0,2618.554652222844,236.74729801132344,56832.40545800072,5992.014722366128
1783339030,1000,,Aggregated,224.900000,0.000000,2000,2400,2600,2800,3400,4200,7200,28000,54000,56000,57000,106394,1,2000.0,2618.0662812937944,236.74729801132344,56832.40545800072,5991.611867210557
1783339031,1000,,Aggregated,224.400000,0.000000,2000,2400,2600,2800,3400,4200,7200,28000,54000,56000,57000,106662,1,2000.0,2617.2753195307637,236.74729801132344,56832.40545800072,5992.068046727044
1783339032,1000,,Aggregated,225.700000,0.000000,2000,2400,2600,2800,3400,4200,7200,28000,54000,56000,57000,106927,1,2000.0,2615.7286515934798,236.74729801132344,56832.40545800072,5991.865094877814
1783339033,1000,,Aggregated,229.600000,0.000000,2000,2400,2600,2800,3400,4200,7200,28000,54000,56000,57000,107148,1,2000.0,2614.4022112080693,236.74729801132344,56832.40545800072,5992.514325979019
1783339034,1000,,Aggregated,227.500000,0.000000,2000,2400,2600,2800,3400,4200,7200,28000,54000,56000,57000,107376,1,2000.0,2612.877249786603,236.74729801132344,56832.40545800072,5992.321990016391
1783339035,1000,,Aggregated,227.600000,0.000000,2000,2400,2600,2800,3400,4200,7100,28000,54000,56000,57000,107606,1,2000.0,2611.6250110775363,236.74729801132344,56832.40545800072,5992.436044458487
1783339036,1000,,Aggregated,226.800000,0.000000,2000,2400,2600,2800,3400,4200,7100,28000,54000,56000,57000,107855,1,2000.0,2610.3389102113815,236.74729801132344,56832.40545800072,5992.254258031617
1783339037,1000,,Aggregated,227.200000,0.000000,2000,2400,2600,2800,3400,4200,7100,28000,54000,56000,57000,108073,1,2000.0,2609.295996202329,236.74729801132344,56832.40545800072,5991.800366418995
1783339038,1000,,Aggregated,227.200000,0.000000,2000,2400,2600,2800,3400,4200,7100,28000,54000,56000,57000,108108,1,2000.0,2609.1749348998064,236.74729801132344,56832.40545800072,5991.63529063529
1783339039,1000,,Aggregated,230.900000,0.000000,2000,2400,2600,2800,3400,4200,7100,27000,54000,56000,57000,108599,1,2000.0,2608.231751815056,236.74729801132344,56832.40545800072,5994.533080415105
1783339040,1000,,Aggregated,220.100000,0.000000,2000,2400,2600,2800,3400,4200,7100,27000,54000,56000,57000,108795,1,2000.0,2606.8371292972643,236.74729801132344,56832.40545800072,5991.027096833494
1783339041,1000,,Aggregated,239.000000,0.000000,2000,2400,2600,2800,3400,4200,7000,27000,54000,56000,57000,109039,1,2000.0,2605.3465124197674,236.74729801132344,56832.40545800072,5991.176092957566
1783339042,1000,,Aggregated,234.900000,0.000000,2000,2400,2600,2800,3400,4200,7000,27000,54000,56000,57000,109263,1,2000.0,2603.945635625392,236.74729801132344,56832.40545800072,5990.5550186247865
1783339043,1000,,Aggregated,231.500000,0.000000,2000,2400,2600,2800,3300,4200,7000,27000,54000,56000,57000,109493,1,2000.0,2602.701026482449,236.74729801132344,56832.40545800072,5989.919684363384
1783339044,1000,,Aggregated,226.800000,0.000000,2000,2400,2600,2800,3300,4200,7000,27000,54000,56000,57000,109705,1,2000.0,2601.8474317640794,236.74729801132344,56832.40545800072,5989.649833644775
1783339045,1000,,Aggregated,229.500000,0.000000,2000,2400,2600,2800,3300,4200,7000,27000,54000,56000,57000,109913,1,2000.0,2601.313464442016,236.74729801132344,56832.40545800072,5988.2260879058895
1783339046,1000,,Aggregated,227.800000,0.000000,2000,2400,2600,2800,3300,4200,7000,27000,54000,56000,57000,110125,1,2000.0,2600.9915467322617,236.74729801132344,56832.40545800072,5987.00573893303
1783339047,1000,,Aggregated,226.100000,0.000000,2000,2400,2600,2800,3300,4200,6900,27000,54000,56000,57000,110352,1,2000.0,2600.628648725673,236.74729801132344,56832.40545800072,5986.2203947368425
1783339048,1000,,Aggregated,221.400000,0.000000,2000,2400,2600,2800,3400,4100,6900,27000,54000,56000,57000,110582,1,2000.0,2600.229909283644,236.74729801132344,56832.40545800072,5987.172559729432
1783339049,1000,,Aggregated,222.100000,0.000000,2000,2400,2600,2800,3400,4100,6900,27000,54000,56000,57000,110831,1,2000.0,2599.653950494299,236.74729801132344,56832.40545800072,5986.956591567341
1783339051,1000,,Aggregated,222.100000,0.000000,2000,2400,2600,2800,3400,4100,6900,27000,54000,56000,57000,110914,1,2000.0,2599.4355227533565,236.74729801132344,56832.40545800072,5986.975395351354
1783339052,1000,,Aggregated,222.800000,0.000000,2000,2400,2600,2800,3400,4200,6900,27000,54000,56000,57000,111533,1,2000.0,2598.723196173609,236.74729801132344,56832.40545800072,5987.671021132759
1783339053,1000,,Aggregated,198.000000,0.000000,2000,2400,2600,2800,3400,4200,6900,27000,54000,56000,57000,111777,1,2000.0,2595.735276359209,236.74729801132344,56832.40545800072,5987.358016407668
1783339054,1000,,Aggregated,231.800000,0.000000,2000,2400,2600,2800,3400,4100,6900,27000,54000,56000,57000,112004,1,2000.0,2593.1196374141814,236.74729801132344,56832.40545800072,5985.657985429092
1783339055,1000,,Aggregated,231.700000,0.000000,2000,2400,2600,2800,3400,4100,6800,27000,54000,56000,57000,112229,1,2000.0,2590.767652831702,236.74729801132344,56832.40545800072,5984.4032558429635
1783339056,1000,,Aggregated,233.300000,0.000000,2000,2400,2600,2800,3300,4100,6800,27000,54000,56000,57000,112450,1,2000.0,2589.0927996512005,236.74729801132344,56832.40545800072,5982.4029257447755
1783339057,1000,,Aggregated,236.000000,0.000000,2000,2400,2600,2800,3300,4100,6800,27000,54000,56000,57000,112747,1,2000.0,2587.246732652021,236.74729801132344,56832.40545800072,5982.743363459782
1783339058,1000,,Aggregated,235.900000,0.000000,2000,2400,2600,2800,3300,4100,6800,27000,54000,56000,57000,112996,1,2000.0,2585.9035557696748,236.74729801132344,56832.40545800072,5985.514850083189
1783339059,1000,,Aggregated,239.300000,0.000000,2000,2400,2600,2800,3300,4100,6800,27000,54000,56000,57000,113228,1,2000.0,2584.393808424308,236.74729801132344,56832.40545800072,5985.971588299713
1783339060,1000,,Aggregated,244.100000,0.000000,2000,2400,2600,2800,3300,4100,6700,27000,54000,56000,57000,113466,1,2000.0,2582.94487448871,236.74729801132344,56832.40545800072,5985.793039324555
1783339061,1000,,Aggregated,246.400000,0.000000,2000,2300,2600,2800,3300,4100,6700,26000,54000,56000,57000,113697,1,2000.0,2581.551163808825,236.74729801132344,56832.40545800072,5984.649076053018
1783339063,1000,,Aggregated,246.400000,0.000000,2000,2300,2600,2800,3300,4100,6700,26000,54000,56000,57000,113828,1,2000.0,2580.9228468856363,236.74729801132344,56832.40545800072,5984.088879713252
1783339064,1000,,Aggregated,236.800000,0.000000,2000,2400,2600,2800,3300,4100,6700,26000,54000,56000,57000,114391,1,2000.0,2580.6710913745883,236.74729801132344,56832.40545800072,5988.659055345263
1783339065,1000,,Aggregated,212.700000,0.000000,2000,2400,2600,2800,3300,4100,6700,26000,54000,56000,57000,114620,1,2000.0,2578.2669628622157,236.74729801132344,56832.40545800072,5988.366620136102
1783339066,1000,,Aggregated,241.500000,0.000000,2000,2300,2600,2800,3300,4100,6700,26000,54000,56000,57000,114849,1,2000.0,2576.2353591180968,236.74729801132344,56832.40545800072,5989.08717533457
1783339067,1000,,Aggregated,237.300000,0.000000,2000,2300,2600,2800,3300,4100,6600,26000,54000,56000,57000,115077,1,2000.0,2574.1936801023,236.74729801132344,56832.40545800072,5987.261251162266
1783339068,1000,,Aggregated,243.000000,0.000000,2000,2300,2600,2800,3300,4100,6600,26000,54000,56000,57000,115321,1,2000.0,2572.606430395464,236.74729801132344,56832.40545800072,5987.178657833352
1783339069,1000,,Aggregated,239.500000,0.000000,2000,2300,2600,2800,3300,4100,6600,26000,54000,56000,57000,115559,1,2000.0,2571.339199921322,236.74729801132344,56832.40545800072,5986.443556970898
1783339070,1000,,Aggregated,233.000000,0.000000,2000,2300,2600,2800,3300,4100,6600,26000,54000,56000,57000,115795,1,2000.0,2570.118830450099,236.74729801132344,56832.40545800072,5986.180465477784
1783339071,1000,,Aggregated,234.300000,0.000000,2000,2300,2600,2800,3300,4100,6600,26000,54000,56000,57000,116014,1,2000.0,2569.227802422797,236.74729801132344,56832.40545800072,5987.01158480873
1783339072,1000,,Aggregated,233.600000,0.000000,2000,2300,2600,2800,3300,4100,6600,26000,54000,56000,57000,116260,1,2000.0,2568.2507041874137,236.74729801132344,56832.40545800072,5986.148787201101
1783339073,1000,,Aggregated,235.900000,0.000000,2000,2300,2600,2800,3300,4100,6600,26000,54000,56000,57000,116490,1,2000.0,2567.329359447967,236.74729801132344,56832.40545800072,5986.178066786849
1783339075,1000,,Aggregated,235.700000,0.000000,2000,2300,2600,2800,3300,4100,6600,26000,54000,56000,57000,116669,1,2000.0,2566.538546093188,236.74729801132344,56832.40545800072,5986.1464913558875
1783339076,1000,,Aggregated,230.100000,0.000000,2000,2400,2600,2800,3300,4100,6500,26000,54000,56000,57000,117168,1,2000.0,2566.487991519854,236.74729801132344,56832.40545800072,5988.755556124539
1783339077,1000,,Aggregated,213.000000,0.000000,2000,2300,2600,2800,3300,4100,6500,26000,54000,56000,57000,117421,1,2000.0,2564.560179176643,236.74729801132344,56832.40545800072,5987.410565401419
1783339078,1000,,Aggregated,233.900000,0.000000,2000,2300,2600,2800,3300,4100,6500,25000,54000,56000,57000,117698,1,2000.0,2562.3958545160854,236.74729801132344,56832.40545800072,5988.525947764618
1783339079,1000,,Aggregated,232.200000,0.000000,2000,2300,2600,2800,3300,4100,6500,25000,54000,56000,57000,117927,1,2000.0,2560.4386456366196,236.74729801132344,56832.40545800072,5987.540758265707
1783339080,1000,,Aggregated,239.000000,0.000000,2000,2300,2600,2800,3300,4100,6500,25000,54000,56000,57000,118115,1,2000.0,2559.2439009159857,236.74729801132344,56832.40545800072,5987.521567963426
1783339081,1000,,Aggregated,238.800000,0.000000,2000,2300,2600,2800,3300,4100,6500,25000,54000,56000,57000,118342,1,2000.0,2558.0086598950047,236.74729801132344,56832.40545800072,5985.085269811225
1783339082,1000,,Aggregated,234.200000,0.000000,2000,2300,2600,2800,3300,4100,6500,25000,54000,56000,57000,118597,1,2000.0,2557.2816817414773,236.74729801132344,56832.40545800072,5985.328962789952
1783339083,1000,,Aggregated,232.500000,0.000000,2000,2300,2600,2800,3300,4100,6500,25000,54000,56000,57000,118825,1,2000.0,2556.8390926780235,236.74729801132344,56832.40545800072,5985.160900483905
1783339084,1000,,Aggregated,234.600000,0.000000,2000,2300,2600,2800,3300,4100,6500,25000,54000,56000,57000,119060,1,2000.0,2556.2329172905456,236.74729801132344,56832.40545800072,5986.1406937678485
1783339085,1000,,Aggregated,231.800000,0.000000,2000,2300,2600,2800,3300,4100,6400,25000,54000,56000,57000,119274,1,2000.0,2555.5278708755845,236.74729801132344,56832.40545800072,5984.804970068917
1783339086,1000,,Aggregated,234.700000,0.000000,2000,2300,2600,2800,3300,4100,6400,25000,54000,56000,57000,119464,1,2000.0,2555.1342916150747,236.74729801132344,56832.40545800072,5983.141766557289
1783339087,1000,,Aggregated,234.700000,0.000000,2000,2300,2600,2800,3300,4100,6400,25000,54000,56000,57000,119481,1,2000.0,2555.142484227712,236.74729801132344,56832.40545800072,5983.232614390573
1783339088,1000,,Aggregated,227.200000,0.000000,2000,2400,2600,2800,3300,4100,6400,25000,54000,56000,57000,120122,1,2000.0,2555.9514792800333,236.74729801132344,56832.40545800072,5988.141631008475
1783339089,1000,,Aggregated,213.600000,0.000000,2000,2300,2600,2800,3300,4100,6400,25000,54000,56000,57000,120391,1,2000.0,2553.0603810692255,125.12144399806857,56832.40545800072,5989.642224086518
1783339090,1000,,Aggregated,203.600000,0.000000,2000,2300,2600,2800,3300,4100,6400,25000,54000,56000,57000,120615,1,2000.0,2550.556540911345,125.12144399806857,56832.40545800072,5986.375384487833
1783339091,1000,,Aggregated,227.800000,0.000000,2000,2300,2600,2800,3300,4100,6400,25000,54000,56000,57000,120828,1,2000.0,2548.360270722675,125.12144399806857,56832.40545800072,5983.083780249611
1783339092,1000,,Aggregated,235.800000,0.000000,2000,2300,2600,2800,3300,4100,6400,25000,54000,56000,57000,121073,1,2000.0,2546.4813567587034,125.12144399806857,56832.40545800072,5982.509386898813
1783339093,1000,,Aggregated,236.400000,0.000000,2000,2300,2600,2800,3300,4100,6400,24000,54000,56000,57000,121298,1,2000.0,2545.4517527009316,125.12144399806857,56832.40545800072,5982.786806047915
1783339094,1000,,Aggregated,233.400000,0.000000,2000,2300,2600,2800,3300,4100,6400,24000,54000,56000,57000,121533,1,2000.0,2544.5382362677274,125.12144399806857,56832.40545800072,5981.735002015914
1783339095,1000,,Aggregated,235.400000,0.000000,2000,2300,2600,2800,3300,4100,6400,23000,54000,56000,57000,121814,1,2000.0,2543.328748721302,125.12144399806857,56832.40545800072,5981.250537705026
1783339096,1000,,Aggregated,233.100000,0.000000,2000,2300,2600,2800,3300,4100,6300,23000,54000,56000,57000,122050,1,2000.0,2542.0931255420833,125.12144399806857,56832.40545800072,5981.486636624334
1783339097,1000,,Aggregated,236.000000,0.000000,2000,2300,2600,2800,3300,4100,6300,23000,54000,56000,57000,122301,1,2000.0,2540.724623364566,125.12144399806857,56832.40545800072,5980.988536479669
1783339099,1000,,Aggregated,244.800000,0.000000,2000,2300,2600,2800,3300,4100,6300,23000,54000,56000,57000,122502,1,2000.0,2539.5394079609136,125.12144399806857,56832.40545800072,5980.766681360305
1783339100,1000,,Aggregated,266.400000,0.000000,2000,2300,2600,2800,3300,4100,6300,23000,54000,56000,57000,123090,1,2000.0,2538.19911351914,125.12144399806857,56832.40545800072,5981.910252660655
1783339102,1000,,Aggregated,207.400000,0.000000,2000,2300,2600,2800,3300,4100,6300,23000,54000,56000,57000,123348,1,2000.0,2535.5435486016227,125.12144399806857,56832.40545800072,5984.819713331388
1783339103,1000,,Aggregated,245.000000,0.000000,2000,2300,2600,2800,3300,4000,6200,23000,54000,56000,57000,123611,1,2000.0,2532.8277651555545,125.12144399806857,56832.40545800072,5985.152785755313
1783339104,1000,,Aggregated,248.200000,0.000000,2000,2300,2600,2800,3300,4000,6200,23000,54000,56000,57000,123836,1,2000.0,2530.6906389781057,125.12144399806857,56832.40545800072,5982.972067896249
1783339105,1000,,Aggregated,250.100000,0.000000,2000,2300,2600,2800,3300,4000,6200,23000,54000,56000,57000,124052,1,2000.0,2529.129675889069,125.12144399806857,56832.40545800072,5981.1197642923935
1783339106,1000,,Aggregated,250.200000,0.000000,2000,2300,2600,2800,3300,4000,6200,23000,54000,56000,57000,124269,1,2000.0,2528.0679163023,125.12144399806857,56832.40545800072,5981.515711883092
1783339107,1000,,Aggregated,247.000000,0.000000,2000,2300,2600,2800,3300,4000,6200,23000,54000,56000,57000,124462,1,2000.0,2527.7461981636925,125.12144399806857,56832.40545800072,5981.216997959216
1783339108,1000,,Aggregated,240.800000,0.000000,2000,2300,2600,2800,3300,4000,6200,23000,54000,56000,57000,124717,1,2000.0,2527.5627502974644,125.12144399806857,56832.40545800072,5980.342046393034
1783339109,1000,,Aggregated,237.100000,0.000000,2000,2300,2600,2800,3300,4000,6200,23000,54000,56000,57000,125001,1,2000.0,2527.0331499931135,125.12144399806857,56832.40545800072,5981.649074807401
1783339110,1000,,Aggregated,237.800000,0.000000,2000,2300,2600,2800,3300,4000,6200,23000,54000,56000,57000,125238,1,2000.0,2526.065694691317,125.12144399806857,56832.40545800072,5982.28770820358
1783339111,1000,,Aggregated,237.800000,0.000000,2000,2300,2600,2800,3300,4000,6200,23000,54000,56000,57000,125429,1,2000.0,2525.0515605846035,125.12144399806857,56832.40545800072,5983.7184303470485
1783339112,1000,,Aggregated,272.600000,0.000000,2000,2300,2600,2800,3300,4000,6100,23000,54000,56000,57000,125884,1,2000.0,2522.456903115975,125.12144399806857,56832.40545800072,5984.279598678148
1783339113,1000,,Aggregated,233.900000,0.000000,2000,2300,2600,2800,3300,4000,6100,23000,53000,56000,57000,126148,1,2000.0,2520.3187902962295,125.12144399806857,56832.40545800072,5985.125519231379
