Timestamp,User Count,Type,Name,Requests/s,Failures/s,50%,66%,75%,80%,90%,95%,98%,99%,99.9%,99.99%,100%,Total Request Count,Total Failure Count,Total Median Response Time,Total Average Response Time,Total Min Response Time,Total Max Response Time,Total Average Content Size
1783337916,0,,Aggregated,0.000000,0.000000,N/A,N/A,N/A,N/A,N/A,N/A,N/A,N/A,N/A,N/A,N/A,0,0,0,0.0,0,0,0
1783337917,50,,Aggregated,0.000000,0.000000,N/A,N/A,N/A,N/A,N/A,N/A,N/A,N/A,N/A,N/A,N/A,0,0,0,0.0,0,0,0
1783337918,100,,Aggregated,0.000000,0.000000,N/A,N/A,N/A,N/A,N/A,N/A,N/A,N/A,N/A,N/A,N/A,0,0,0,0.0,0,0,0
1783337919,150,,Aggregated,0.000000,0.000000,3000,3000,3000,3000,3000,3000,3000,3000,3000,3000,3000,9,0,2961.776728014229,2946.2303715602807,2922.3758640000597,2961.776728014229,655.0
1783337920,200,,Aggregated,0.000000,0.000000,3000,3000,3000,3000,3000,3000,3000,3000,3000,3000,3000,14,0,3000.0,2977.00441800615,2922.3758640000597,3036.7029730114155,655.0
1783337921,250,,Aggregated,0.000000,0.000000,3000,4900,4900,4900,4900,4900,4900,4900,4900,4900,4900,26,0,3000.0,3850.04884792747,2922.3758640000597,4892.827228002716,655.0
1783337922,300,,Aggregated,0.000000,0.000000,4900,5300,5300,5300,5300,5300,5300,5300,5300,5300,5300,45,0,4900.0,4457.893966047817,2922.3758640000597,5311.586418014485,655.0
1783337923,350,,Aggregated,0.000000,0.000000,4900,5300,5300,5300,5300,5300,5300,5300,5300,5300,5300,45,0,4900.0,4457.893966047817,2922.3758640000597,5311.586418014485,655.0
1783337924,400,,Aggregated,0.000000,0.000000,4900,5300,5300,5300,5300,5300,5300,5300,5300,5300,5300,45,0,4900.0,4457.893966047817,2922.3758640000597,5311.586418014485,655.0
1783337925,450,,Aggregated,0.000000,0.000000,4900,5300,5300,5300,5300,5300,5300,5300,5300,5300,5300,45,0,4900.0,4457.893966047817,2922.3758640000597,5311.586418014485,655.0
1783337926,500,,Aggregated,5.625000,0.000000,5300,6500,8600,8600,8600,8600,9400,9400,9400,9400,9400,82,0,5300.0,6088.552557598521,2922.3758640000597,9447.428654995747,775.0
1783337927,500,,Aggregated,5.625000,0.000000,5300,6500,8600,8600,8600,8600,9400,9400,9400,9400,9400,82,0,5300.0,6088.552557598521,2922.3758640000597,9447.428654995747,775.0
1783337928,500,,Aggregated,5.000000,0.000000,8000,8600,9400,10000,10000,10000,10000,10000,11000,11000,11000,112,0,8000.0,7088.1785213769035,2922.3758640000597,11029.516884998884,786.7857142857143
1783337929,500,,Aggregated,5.000000,0.000000,8000,8600,9400,10000,10000,10000,10000,10000,11000,11000,11000,112,0,8000.0,7088.1785213769035,2922.3758640000597,11029.516884998884,786.7857142857143
1783337930,500,,Aggregated,5.000000,0.000000,8000,8600,9400,10000,10000,10000,10000,10000,11000,11000,11000,112,0,8000.0,7088.1785213769035,2922.3758640000597,11029.516884998884,786.7857142857143
1783337931,500,,Aggregated,11.200000,0.000000,8600,9700,10000,10000,13000,13000,13000,13000,14000,14000,14000,168,0,8600.0,7691.581637519232,2922.3758640000597,13990.719587018248,972.0178571428571
1783337932,500,,Aggregated,9.800000,0.000000,8600,9800,10000,11000,13000,13000,13000,14000,14000,14000,14000,253,0,8600.0,8071.629421850814,2922.3758640000597,14331.921967997914,1107.7509881422925
1783337933,500,,Aggregated,9.800000,0.000000,8600,9800,10000,11000,13000,13000,13000,14000,14000,14000,14000,253,0,8600.0,8071.629421850814,2922.3758640000597,14331.921967997914,1107.7509881422925
1783337934,500,,Aggregated,9.800000,0.000000,8600,9800,10000,11000,13000,13000,13000,14000,14000,14000,14000,253,0,8600.0,8071.629421850814,2922.3758640000597,14331.921967997914,1107.7509881422925
1783337935,500,,Aggregated,9.800000,0.000000,8600,9800,10000,11000,13000,13000,13000,14000,14000,14000,14000,253,0,8600.0,8071.629421850814,2922.3758640000597,14331.921967997914,1107.7509881422925
1783337936,500,,Aggregated,20.800000,0.000000,8600,10000,10000,12000,13000,13000,13000,14000,17000,17000,17000,255,0,8600.0,8138.99741454995,2922.3758640000597,16828.30785497208,1104.2
1783337937,500,,Aggregated,20.800000,0.000000,9400,10000,13000,13000,17000,17000,18000,19000,19000,19000,19000,291,0,9400.0,9264.824826279442,2922.3758640000597,18829.12396499887,1048.6288659793815
1783337938,500,,Aggregated,20.800000,0.000000,9700,11000,13000,13000,17000,18000,18000,18000,19000,19000,19000,307,0,9700.0,9710.166287101729,2922.3758640000597,18829.12396499887,1028.114006514658
1783337939,500,,Aggregated,17.600000,0.000000,9700,11000,13000,13000,17000,18000,18000,18000,19000,19000,19000,308,0,9700.0,9735.22553398784,2922.3758640000597,18829.12396499887,1026.9025974025974
1783337940,500,,Aggregated,19.400000,0.000000,10000,13000,17000,18000,19000,20000,21000,21000,22000,22000,22000,363,0,10000.0,11217.397027008694,2922.3758640000597,21645.90300800046,970.5537190082645
1783337941,500,,Aggregated,19.500000,0.000000,10000,14000,18000,18000,20000,20000,21000,21000,22000,22000,22000,381,0,10000.0,11639.302583050163,2922.3758640000597,21645.90300800046,955.6456692913385
1783337942,500,,Aggregated,21.600000,0.000000,10000,16000,18000,18000,20000,20000,21000,21000,22000,22000,22000,384,0,10000.0,11703.028258333603,2922.3758640000597,21645.90300800046,953.296875
1783337943,500,,Aggregated,21.600000,0.000000,10000,16000,18000,18000,20000,20000,21000,21000,22000,22000,22000,384,0,10000.0,11703.028258333603,2922.3758640000597,21645.90300800046,953.296875
1783337944,500,,Aggregated,21.600000,0.000000,10000,16000,18000,18000,20000,20000,21000,21000,22000,22000,22000,384,0,10000.0,11703.028258333603,2922.3758640000597,21645.90300800046,953.296875
1783337945,500,,Aggregated,13.100000,0.000000,13000,17000,19000,20000,22000,23000,24000,24000,25000,25000,25000,427,0,13000.0,12788.86093498824,2922.3758640000597,24820.865588000743,951.8758782201405
1783337946,500,,Aggregated,13.100000,0.000000,14000,17000,19000,20000,22000,23000,24000,24000,25000,25000,25000,535,0,14000.0,13584.903315891705,2922.3758640000597,24820.865588000743,1217.5308411214953
1783337947,500,,Aggregated,13.100000,0.000000,14000,16000,18000,19000,22000,23000,24000,24000,25000,25000,25000,629,0,14000.0,13516.420734556208,2922.3758640000597,24820.865588000743,1307.993640699523
1783337948,500,,Aggregated,21.600000,0.000000,13000,15000,17000,18000,21000,23000,24000,24000,25000,25000,25000,732,0,13000.0,12779.438932461573,2634.5412449736614,24820.865588000743,1356.2581967213114
1783337949,500,,Aggregated,30.100000,0.000000,11000,15000,16000,18000,21000,23000,24000,24000,27000,27000,27000,807,0,11000.0,12025.051029079244,2585.4691779823042,26997.475590993417,1513.4696406443618
1783337950,500,,Aggregated,38.900000,0.000000,10000,15000,16000,18000,21000,23000,24000,24000,29000,29000,29000,873,0,10000.0,11511.14290803999,2585.4691779823042,28806.803708983352,1685.9931271477662
1783337951,500,,Aggregated,44.000000,0.000000,9700,14000,16000,17000,22000,24000,28000,28000,29000,29000,29000,1063,0,9700.0,10919.88283820609,1504.93467997876,29360.14670098666,1923.5729068673566
1783337952,500,,Aggregated,51.500000,0.000000,9200,14000,16000,18000,22000,27000,28000,29000,29000,29000,29000,1139,0,9200.0,10849.710196719056,1504.93467997876,29433.258078002837,1954.8586479367866
1783337953,500,,Aggregated,57.400000,0.000000,8600,14000,16000,19000,24000,28000,29000,29000,29000,29000,29000,1337,0,8600.0,11043.002900171297,1394.256634026533,29433.258078002837,2229.857890800299
1783337954,500,,Aggregated,68.000000,0.000000,6000,13000,15000,18000,24000,28000,29000,29000,29000,29000,29000,1534,0,6000.0,10084.635531171543,966.8000050005503,29433.258078002837,2641.6955671447195
1783337955,500,,Aggregated,80.700000,0.000000,4900,10000,15000,16000,23000,28000,29000,29000,29000,29000,29000,1818,0,4900.0,9150.106052530418,671.8363620166201,29486.606695019873,3100.2794279427944
1783337956,500,,Aggregated,98.900000,0.000000,4200,8200,13000,15000,22000,28000,29000,29000,29000,29000,29000,2086,0,4200.0,8214.038556614174,515.572414995404,29486.606695019873,3738.003355704698
1783337957,500,,Aggregated,123.800000,0.000000,3700,5800,10000,14000,21000,28000,29000,29000,29000,29000,29000,2409,0,3700.0,7312.738428623151,345.47641800600104,29486.606695019873,4390.620589456206
1783337958,500,,Aggregated,142.300000,0.000000,3300,5200,9400,13000,20000,27000,29000,29000,29000,29000,29000,2645,0,3300.0,6783.633467549729,345.47641800600104,29486.606695019873,4992.77202268431
1783337959,500,,Aggregated,165.100000,0.000000,3000,4600,8100,10000,19000,27000,29000,29000,29000,29000,29000,2900,0,3000.0,6303.074376332493,258.90083899139427,29486.606695019873,5510.7044827586205
1783337960,500,,Aggregated,178.500000,0.000000,2700,4200,6500,9900,18000,24000,29000,29000,29000,29000,29000,3149,0,2700.0,5913.954046872835,128.4017880097963,29486.606695019873,5966.348682121308
1783337961,500,,Aggregated,197.100000,0.000000,2400,3900,5700,8700,17000,24000,28000,29000,29000,29000,29000,3383,0,2400.0,5582.825266397459,39.19619001680985,29486.606695019873,6257.461129175288
1783337962,500,,Aggregated,213.100000,0.000000,2100,3600,5100,8000,16000,23000,28000,29000,29000,29000,29000,3639,0,2100.0,5253.800649030665,6.9210020010359585,29486.606695019873,6350.7048639736195
1783337963,500,,Aggregated,227.500000,0.000000,2000,3300,4700,6500,15000,23000,28000,29000,29000,29000,29000,3887,0,2000.0,4936.701262554339,2.9049489821773022,29486.606695019873,6342.5165937741185
1783337964,500,,Aggregated,239.900000,0.000000,1800,3200,4300,5800,15000,22000,28000,29000,29000,29000,29000,4082,0,1800.0,4704.300583333624,2.9049489821773022,29486.606695019873,6369.035766780989
1783337965,500,,Aggregated,252.800000,0.000000,1700,3000,4100,5300,15000,22000,28000,29000,29000,29000,29000,4320,0,1700.0,4451.285981130017,2.9049489821773022,29486.606695019873,6332.300694444444
1783337966,500,,Aggregated,255.900000,0.000000,1500,2800,3900,5100,15000,21000,28000,29000,29000,29000,29000,4544,0,1500.0,4235.645612184927,2.9049489821773022,29486.606695019873,6317.869718309859
1783337967,500,,Aggregated,251.400000,0.000000,1400,2600,3700,4800,14000,21000,28000,29000,29000,29000,29000,4766,0,1400.0,4044.136439549174,2.9049489821773022,29486.606695019873,6305.738564834242
1783337968,500,,Aggregated,249.000000,0.000000,1300,2400,3500,4500,14000,20000,28000,29000,29000,29000,29000,4976,0,1300.0,3874.60843547982,2.9049489821773022,29486.606695019873,6273.9859324758845
1783337969,500,,Aggregated,238.900000,0.000000,1200,2300,3400,4200,13000,20000,28000,29000,29000,29000,29000,5194,0,1200.0,3718.6967563531794,2.9049489821773022,29486.606695019873,6245.082017712745
1783337970,500,,Aggregated,235.000000,0.000000,1100,2100,3300,4000,13000,20000,28000,29000,29000,29000,29000,5446,0,1100.0,3551.9282629834065,2.9049489821773022,29486.606695019873,6212.024237972824
1783337971,500,,Aggregated,231.000000,0.000000,1000,2000,3100,3900,10000,19000,28000,29000,29000,29000,29000,5646,0,1000.0,3427.875948629211,2.8957869799342006,29486.606695019873,6206.487070492384
1783337972,500,,Aggregated,227.900000,0.000000,900,1900,3000,3800,10000,19000,28000,29000,29000,29000,29000,5882,0,900.0,3292.590646383974,2.882826025597751,29486.606695019873,6182.907854471268
1783337973,500,,Aggregated,226.200000,0.000000,810,1800,2900,3700,10000,18000,28000,29000,29000,29000,29000,6097,0,810.0,3177.4021943714265,2.882826025597751,29486.606695019873,6147.044940134492
1783337974,500,,Aggregated,224.100000,0.000000,730,1700,2700,3500,9900,18000,28000,28000,29000,29000,29000,6325,0,730.0,3064.195760124195,2.882826025597751,29486.606695019873,6137.8954940711465
1783337975,500,,Aggregated,221.300000,0.000000,670,1500,2500,3400,9600,17000,27000,28000,29000,29000,29000,6568,0,670.0,2954.306160131612,2.882826025597751,29486.606695019873,6130.408800243606
1783337976,500,,Aggregated,220.800000,0.000000,540,1500,2400,3300,8600,17000,27000,28000,29000,29000,29000,6783,0,540.0,2861.836932933112,2.882826025597751,29486.606695019873,6132.704555506413
1783337977,500,,Aggregated,223.400000,0.000000,440,1400,2300,3100,8300,17000,27000,28000,29000,29000,29000,7021,0,440.0,2766.059962199012,2.882826025597751,29486.606695019873,6130.20908702464
1783337978,500,,Aggregated,223.500000,0.000000,350,1300,2100,3000,8100,16000,27000,28000,29000,29000,29000,7249,0,350.0,2680.1774937749983,2.882826025597751,29486.606695019873,6115.895157952821
1783337979,500,,Aggregated,222.800000,0.000000,280,1200,2000,2900,7500,16000,27000,28000,29000,29000,29000,7461,0,280.0,2605.6924315161373,2.882826025597751,29486.606695019873,6131.790242594827
1783337980,500,,Aggregated,222.900000,0.000000,230,1200,2000,2800,6900,15000,25000,28000,29000,29000,29000,7704,0,230.0,2526.3707811196778,2.882826025597751,29486.606695019873,6153.361760124611
1783337981,500,,Aggregated,224.700000,0.000000,200,1100,1900,2700,6300,15000,24000,28000,29000,29000,29000,7939,0,200.0,2453.032878125679,2.882826025597751,29486.606695019873,6152.823277490867
1783337982,500,,Aggregated,225.400000,0.000000,170,1000,1800,2600,5800,15000,24000,28000,29000,29000,29000,8157,0,170.0,2388.1257909890614,2.882826025597751,29486.606695019873,6149.537329900699
1783337983,500,,Aggregated,226.200000,0.000000,160,990,1700,2500,5700,15000,24000,28000,29000,29000,29000,8377,0,160.0,2326.6870348268817,2.882826025597751,29486.606695019873,6176.08487525367
1783337984,500,,Aggregated,227.100000,0.000000,140,910,1700,2300,5300,15000,24000,28000,29000,29000,29000,8601,0,140.0,2267.587393431551,2.882826025597751,29486.606695019873,6159.086966631787
1783337985,500,,Aggregated,226.000000,0.000000,140,840,1600,2300,5300,15000,23000,28000,29000,29000,29000,8835,0,140.0,2209.3326857157613,2.882826025597751,29486.606695019873,6167.208715336729
1783337986,500,,Aggregated,227.800000,0.000000,130,800,1500,2100,5200,15000,23000,28000,29000,29000,29000,9035,0,130.0,2161.7328314570996,2.882826025597751,29486.606695019873,6177.272163807415
1783337987,500,,Aggregated,226.000000,0.000000,130,740,1500,2100,4900,15000,23000,28000,29000,29000,29000,9270,0,130.0,2108.683987096648,2.882826025597751,29486.606695019873,6161.051024811219
1783337988,500,,Aggregated,225.900000,0.000000,120,690,1400,2000,4900,14000,23000,28000,29000,29000,29000,9494,0,120.0,2059.7409876274464,2.882826025597751,29486.606695019873,6162.4730356014325
1783337989,500,,Aggregated,224.500000,0.000000,110,660,1400,2000,4700,14000,23000,28000,29000,29000,29000,9719,0,110.0,2013.4660212227616,2.7405369910411537,29486.606695019873,6149.653668072847
1783337990,500,,Aggregated,223.400000,0.000000,110,560,1300,1900,4500,14000,23000,28000,29000,29000,29000,9936,0,110.0,1970.0350636714047,2.7405369910411537,29486.606695019873,6142.295289855072
1783337991,500,,Aggregated,224.500000,0.000000,110,470,1200,1800,4300,13000,22000,28000,29000,29000,29000,10185,0,110.0,1923.058969700587,2.7405369910411537,29486.606695019873,6137.92793323515
1783337992,500,,Aggregated,223.500000,0.000000,100,420,1200,1800,4200,13000,22000,28000,29000,29000,29000,10401,0,100.0,1883.6031070683316,2.7405369910411537,29486.606695019873,6129.7481011441205
1783337993,500,,Aggregated,222.700000,0.000000,97,360,1100,1700,4200,13000,22000,28000,29000,29000,29000,10625,0,97,1844.3932534604203,2.7405369910411537,29486.606695019873,6143.661364705882
1783337994,500,,Aggregated,223.300000,0.000000,94,310,1100,1600,4100,13000,22000,28000,29000,29000,29000,10844,0,94,1808.0525283645395,2.7405369910411537,29486.606695019873,6148.404832165253
1783337995,500,,Aggregated,224.100000,0.000000,93,270,1100,1500,4000,11000,22000,28000,29000,29000,29000,11078,0,93,1771.8298679367522,2.7405369910411537,29486.606695019873,6149.713847264849
1783337996,500,,Aggregated,223.200000,0.000000,90,240,1000,1500,3900,10000,22000,28000,29000,29000,29000,11298,0,90,1738.1109113953012,2.7405369910411537,29486.606695019873,6130.429722074704
1783337997,500,,Aggregated,223.600000,0.000000,88,220,950,1500,3900,10000,21000,28000,29000,29000,29000,11535,0,88,1703.4584010967362,2.7405369910411537,29486.606695019873,6119.009276116169
1783337998,500,,Aggregated,222.200000,0.000000,85,200,900,1400,3800,10000,21000,28000,29000,29000,29000,11747,0,85,1673.11487829753,2.7405369910411537,29486.606695019873,6114.776368434494
1783337999,500,,Aggregated,224.300000,0.000000,84,190,850,1400,3700,10000,21000,28000,29000,29000,29000,11974,0,84,1642.4690176241952,2.7405369910411537,29486.606695019873,6109.16844830466
1783338000,500,,Aggregated,225.400000,0.000000,84,180,810,1400,3700,10000,21000,28000,29000,29000,29000,12198,0,84,1614.1572687980063,2.7405369910411537,29486.606695019873,6111.554353172652
1783338001,500,,Aggregated,224.000000,0.000000,83,170,770,1300,3500,10000,20000,28000,29000,29000,29000,12443,0,83,1584.0195687601154,2.7405369910411537,29486.606695019873,6109.522221329262
1783338002,500,,Aggregated,224.700000,0.000000,81,160,730,1200,3500,9800,20000,28000,29000,29000,29000,12673,0,81,1555.7238843383798,2.7405369910411537,29486.606695019873,6114.848970251716
1783338003,500,,Aggregated,223.900000,0.000000,79,160,700,1200,3400,9700,20000,27000,29000,29000,29000,12889,0,79,1530.3069496880548,2.7405369910411537,29486.606695019873,6105.261928776476
1783338004,500,,Aggregated,224.600000,0.000000,77,150,680,1200,3400,9700,20000,27000,29000,29000,29000,13116,0,77,1504.579813744149,2.7405369910411537,29486.606695019873,6091.238944800244
1783338005,500,,Aggregated,224.500000,0.000000,77,150,620,1100,3300,9200,20000,27000,29000,29000,29000,13327,0,77,1482.2688773538812,2.7405369910411537,29486.606695019873,6078.254595933068
1783338006,500,,Aggregated,224.700000,0.000000,78,150,540,1100,3300,8600,20000,27000,29000,29000,29000,13577,0,78,1457.0095957420092,2.7405369910411537,29486.606695019873,6099.272593356412
1783338007,500,,Aggregated,225.200000,0.000000,76,140,480,1100,3200,8600,19000,27000,29000,29000,29000,13782,0,76,1435.912957114294,2.7405369910411537,29486.606695019873,6083.856624582789
1783338009,500,,Aggregated,226.300000,0.000000,74,140,440,1000,3100,8500,19000,27000,29000,29000,29000,14008,0,74,1413.2763618845127,2.7405369910411537,29486.606695019873,6086.676541976014
1783338010,500,,Aggregated,223.500000,0.000000,73,140,410,990,3100,8200,19000,27000,29000,29000,29000,14239,0,73,1390.7736901904002,2.7405369910411537,29486.606695019873,6085.564014326849
1783338011,500,,Aggregated,224.700000,0.000000,71,130,360,940,3000,8100,19000,27000,29000,29000,29000,14463,0,71,1369.6179911298545,2.737190021434799,29486.606695019873,6074.713268339902
1783338012,500,,Aggregated,224.800000,0.000000,70,130,320,900,3000,7800,19000,27000,29000,29000,29000,14704,0,70,1347.7976597274226,2.737190021434799,29486.606695019873,6074.292029379761
1783338013,500,,Aggregated,225.000000,0.000000,69,130,300,860,2900,7500,19000,27000,29000,29000,29000,14921,0,69,1328.8170809523344,2.737190021434799,29486.606695019873,6066.564238321828
1783338014,500,,Aggregated,224.500000,0.000000,68,120,270,830,2900,7500,18000,27000,29000,29000,29000,15158,0,68,1308.7714061200381,2.737190021434799,29486.606695019873,6069.8116506135375
1783338015,500,,Aggregated,223.500000,0.000000,67,120,250,800,2800,7100,18000,27000,29000,29000,29000,15363,0,67,1291.8500583580474,2.737190021434799,29486.606695019873,6061.092625138319
1783338016,500,,Aggregated,225.000000,0.000000,68,120,250,770,2800,6500,18000,24000,29000,29000,29000,15586,0,68,1275.55862156208,2.737190021434799,29486.606695019873,6058.56833055306
1783338017,500,,Aggregated,223.400000,0.000000,68,120,240,730,2700,6300,18000,24000,29000,29000,29000,15836,0,68,1256.8274511080965,2.737190021434799,29486.606695019873,6063.297802475373
1783338018,500,,Aggregated,224.300000,0.000000,66,120,230,710,2700,5900,18000,24000,29000,29000,29000,16035,0,66,1241.464609402563,2.737190021434799,29486.606695019873,6067.067789211101
1783338019,500,,Aggregated,225.100000,0.000000,66,120,220,690,2600,5900,18000,24000,29000,29000,29000,16272,0,65,1223.8353820746102,2.737190021434799,29486.606695019873,6065.249139626352
1783338020,500,,Aggregated,223.200000,0.000000,64,120,210,660,2500,5800,17000,24000,29000,29000,29000,16496,0,64,1207.680092375408,2.737190021434799,29486.606695019873,6062.634578079535
1783338021,500,,Aggregated,225.200000,0.000000,63,110,200,600,2500,5700,17000,24000,29000,29000,29000,16730,0,63,1191.1762813675878,2.737190021434799,29486.606695019873,6065.472145845786
1783338022,500,,Aggregated,223.500000,0.000000,62,110,200,540,2400,5600,17000,24000,29000,29000,29000,16949,0,62,1176.2531344499246,2.737190021434799,29486.606695019873,6064.499970499734
1783338023,500,,Aggregated,225.000000,0.000000,61,110,190,480,2300,5300,17000,24000,29000,29000,29000,17184,0,61,1160.7054190130143,2.737190021434799,29486.606695019873,6053.7072858473
1783338024,500,,Aggregated,223.800000,0.000000,61,110,180,460,2300,5300,17000,24000,29000,29000,29000,17398,0,61,1146.9820338278432,2.737190021434799,29486.606695019873,6058.056673180826
1783338025,500,,Aggregated,224.900000,0.000000,61,110,180,430,2300,5300,16000,23000,29000,29000,29000,17626,0,61,1133.372368075442,2.737190021434799,29486.606695019873,6057.535175309203
1783338026,500,,Aggregated,223.000000,0.000000,61,110,180,400,2200,5200,16000,23000,29000,29000,29000,17861,0,61,1119.4402386762065,2.737190021434799,29486.606695019873,6059.243155478417
1783338027,500,,Aggregated,223.000000,0.000000,61,110,170,370,2100,5200,16000,23000,29000,29000,29000,18049,0,61,1108.5359534578702,2.737190021434799,29486.606695019873,6054.353592996842
1783338028,500,,Aggregated,225.700000,0.000000,63,110,180,360,2100,5000,16000,23000,29000,29000,29000,18292,0,63,1096.722698987528,2.737190021434799,29486.606695019873,6047.378908812596
1783338029,500,,Aggregated,222.000000,0.000000,62,110,180,340,2100,4900,16000,23000,29000,29000,29000,18520,0,62,1084.1420153818935,2.737190021434799,29486.606695019873,6038.49055075594
1783338030,500,,Aggregated,223.300000,0.000000,62,110,170,320,2000,4900,16000,23000,29000,29000,29000,18754,0,62,1071.4118488777774,2.737190021434799,29486.606695019873,6042.075877146209
1783338031,500,,Aggregated,221.000000,0.000000,61,110,170,300,2000,4900,16000,23000,29000,29000,29000,18971,0,61,1059.4865299634562,2.737190021434799,29486.606695019873,6033.43946022877
1783338032,500,,Aggregated,222.900000,0.000000,61,110,160,290,2000,4700,15000,23000,29000,29000,29000,19199,0,61,1047.4563786058516,2.737190021434799,29486.606695019873,6037.9435387259755
1783338033,500,,Aggregated,221.100000,0.000000,60,110,160,280,2000,4700,15000,23000,29000,29000,29000,19431,0,60,1035.4743808643266,2.737190021434799,29486.606695019873,6034.8613555658485
1783338034,500,,Aggregated,220.700000,0.000000,60,110,160,260,1900,4600,15000,23000,29000,29000,29000,19649,0,60,1024.9440515078666,2.737190021434799,29486.606695019873,6037.566695506132
1783338035,500,,Aggregated,222.800000,0.000000,61,110,160,260,1900,4500,15000,23000,29000,29000,29000,19883,0,61,1013.9161167957496,2.737190021434799,29486.606695019873,6046.815822561987
1783338036,500,,Aggregated,221.800000,0.000000,60,110,150,250,1800,4400,15000,23000,29000,29000,29000,20098,0,60,1003.5059923500298,2.737190021434799,29486.606695019873,6039.275699074535
1783338037,500,,Aggregated,223.300000,0.000000,60,100,150,240,1800,4300,15000,22000,29000,29000,29000,20344,0,60,992.1687122071371,2.737190021434799,29486.606695019873,6047.286767597326
1783338038,500,,Aggregated,221.500000,0.000000,59,100,150,230,1800,4300,15000,22000,29000,29000,29000,20557,0,59,982.226389790617,2.737190021434799,29486.606695019873,6045.862625869533
1783338039,500,,Aggregated,222.500000,0.000000,60,100,150,240,1800,4200,15000,22000,29000,29000,29000,20735,0,60,975.1807758562601,2.737190021434799,29486.606695019873,6040.202459609356
1783338040,500,,Aggregated,225.500000,0.000000,61,110,160,240,1700,4200,15000,22000,29000,29000,29000,20976,0,61,966.7308701475383,2.737190021434799,29486.606695019873,6034.442219679634
1783338041,500,,Aggregated,220.500000,0.000000,61,110,150,240,1700,4200,15000,22000,29000,29000,29000,21198,0,61,957.24762848583,2.737190021434799,29486.606695019873,6034.386498726295
1783338042,500,,Aggregated,221.000000,0.000000,61,110,150,240,1700,4200,15000,22000,29000,29000,29000,21401,0,61,949.1917679185937,2.737190021434799,29486.606695019873,6034.909069669641
1783338043,500,,Aggregated,220.900000,0.000000,62,110,160,240,1700,4100,15000,22000,29000,29000,29000,21635,0,62,940.5260626654506,2.737190021434799,29486.606695019873,6038.570788074879
1783338044,500,,Aggregated,220.600000,0.000000,62,110,150,230,1600,4000,15000,22000,29000,29000,29000,21865,0,62,931.2015101560114,2.6651020161807537,29486.606695019873,6038.55101760805
1783338045,500,,Aggregated,216.800000,0.000000,61,110,150,230,1600,4000,15000,22000,29000,29000,29000,22069,0,61,922.8970432824348,2.6651020161807537,29486.606695019873,6034.932756355068
1783338046,500,,Aggregated,219.700000,0.000000,61,110,150,220,1500,3900,15000,22000,29000,29000,29000,22307,0,61,913.5910677066854,2.6651020161807537,29486.606695019873,6037.2711704846015
1783338047,500,,Aggregated,217.200000,0.000000,60,100,150,220,1500,3900,15000,22000,29000,29000,29000,22550,0,60,904.2756100522865,2.6651020161807537,29486.606695019873,6041.932062084257
1783338048,500,,Aggregated,218.100000,0.000000,60,100,150,210,1500,3900,15000,21000,29000,29000,29000,22762,0,60,896.1937150413014,2.6651020161807537,29486.606695019873,6047.506765662069
1783338049,500,,Aggregated,219.100000,0.000000,59,100,140,210,1500,3900,15000,21000,29000,29000,29000,23004,0,59,887.2970561475921,2.6651020161807537,29486.606695019873,6039.035819857416
1783338050,500,,Aggregated,218.600000,0.000000,59,100,140,210,1500,3900,15000,21000,29000,29000,29000,23159,0,59,881.964819034039,2.6651020161807537,29486.606695019873,6029.527052117967
1783338051,500,,Aggregated,225.400000,0.000000,60,100,150,210,1400,3800,15000,21000,29000,29000,29000,23410,0,60,875.150047125317,2.6651020161807537,29486.606695019873,6040.290773173857
1783338052,500,,Aggregated,223.300000,0.000000,61,110,150,220,1400,3800,14000,21000,29000,29000,29000,23645,0,61,868.1601909782825,2.6651020161807537,29486.606695019873,6048.840093042927
1783338053,500,,Aggregated,219.300000,0.000000,61,100,150,210,1400,3700,14000,21000,29000,29000,29000,23861,0,61,860.7220712627822,2.6651020161807537,29486.606695019873,6043.929508402833
1783338054,500,,Aggregated,219.800000,0.000000,61,100,150,210,1400,3700,14000,21000,29000,29000,29000,24095,0,61,853.0728338351287,2.6651020161807537,29486.606695019873,6039.615978418759
1783338055,500,,Aggregated,223.400000,0.000000,61,100,150,210,1400,3700,14000,21000,29000,29000,29000,24318,0,61,845.904076091634,2.6651020161807537,29486.606695019873,6038.380664528333
1783338056,500,,Aggregated,220.800000,0.000000,60,100,150,200,1300,3700,14000,20000,29000,29000,29000,24550,0,60,838.2712783677225,2.6651020161807537,29486.606695019873,6034.977270875764
1783338057,500,,Aggregated,223.200000,0.000000,61,100,150,200,1300,3600,14000,20000,29000,29000,29000,24763,0,61,832.0534177380999,2.6651020161807537,29486.606695019873,6036.074708234059
1783338058,500,,Aggregated,222.700000,0.000000,61,100,140,200,1300,3500,14000,20000,29000,29000,29000,24997,0,61,825.0179679010007,2.6651020161807537,29486.606695019873,6027.315437852542
1783338059,500,,Aggregated,220.600000,0.000000,61,100,140,200,1300,3500,13000,20000,29000,29000,29000,25224,0,61,818.0778571781095,2.6651020161807537,29486.606695019873,6025.312044084998
1783338060,500,,Aggregated,222.000000,0.000000,60,100,140,190,1200,3500,13000,20000,29000,29000,29000,25469,0,60,810.7832036151218,2.6651020161807537,29486.606695019873,6025.539086732891
1783338061,500,,Aggregated,220.100000,0.000000,60,100,140,190,1200,3400,13000,20000,29000,29000,29000,25703,0,60,803.6769978821299,2.6651020161807537,29486.606695019873,6018.7287476170095
1783338062,500,,Aggregated,222.000000,0.000000,60,100,140,190,1200,3400,13000,20000,29000,29000,29000,25920,0,60,797.2813812199148,2.6651020161807537,29486.606695019873,6020.456983024691
1783338063,500,,Aggregated,226.800000,0.000000,60,100,140,190,1200,3400,13000,20000,29000,29000,29000,26086,0,60,793.6114156027069,2.6651020161807537,29486.606695019873,6022.750824196887
1783338064,500,,Aggregated,227.100000,0.000000,61,100,140,190,1200,3400,13000,20000,29000,29000,29000,26361,0,61,787.0875164803828,2.6651020161807537,29486.606695019873,6016.0268578582
1783338065,500,,Aggregated,217.300000,0.000000,60,100,140,190,1100,3300,13000,20000,29000,29000,29000,26559,0,60,781.5268203071436,2.6651020161807537,29486.606695019873,6019.645016755149
1783338066,500,,Aggregated,223.300000,0.000000,60,100,140,190,1100,3300,13000,20000,29000,29000,29000,26796,0,60,775.0659358724555,2.6651020161807537,29486.606695019873,6017.037916106881
1783338067,500,,Aggregated,223.100000,0.000000,60,100,140,190,1100,3300,13000,20000,29000,29000,29000,27026,0,60,768.9359573007208,2.6651020161807537,29486.606695019873,6013.460778509583
1783338068,500,,Aggregated,223.500000,0.000000,59,100,140,180,1100,3300,13000,20000,29000,29000,29000,27248,0,59,762.9364108132074,2.6651020161807537,29486.606695019873,6007.532773047563
1783338069,500,,Aggregated,223.500000,0.000000,59,100,140,180,1100,3200,11000,19000,29000,29000,29000,27473,0,59,757.0853767833166,2.6651020161807537,29486.606695019873,6011.0214028318715
1783338070,500,,Aggregated,222.800000,0.000000,59,100,140,180,1100,3200,11000,19000,29000,29000,29000,27706,0,58,751.0427442775232,2.6651020161807537,29486.606695019873,6007.783259943694
1783338071,500,,Aggregated,222.700000,0.000000,58,99,140,180,1000,3200,11000,19000,29000,29000,29000,27939,0,58,745.2661603182302,2.6651020161807537,29486.606695019873,6012.4137943376645
1783338072,500,,Aggregated,221.400000,0.000000,58,98,130,180,1000,3100,11000,19000,29000,29000,29000,28180,0,58,739.2284239790616,2.6651020161807537,29486.606695019873,6005.895990063875
1783338073,500,,Aggregated,223.200000,0.000000,58,98,130,170,1000,3100,10000,19000,29000,29000,29000,28404,0,58,733.7502016115704,2.6651020161807537,29486.606695019873,6002.3771651880015
1783338074,500,,Aggregated,221.900000,0.000000,57,97,130,170,980,3100,10000,19000,29000,29000,29000,28624,0,57,728.3632549308998,2.6651020161807537,29486.606695019873,6001.658433482392
1783338075,500,,Aggregated,231.100000,0.000000,57,97,130,170,950,3100,10000,19000,29000,29000,29000,28842,0,57,723.2061445921273,2.6651020161807537,29486.606695019873,6002.456903127384
1783338076,500,,Aggregated,227.300000,0.000000,57,97,130,170,930,3000,10000,19000,29000,29000,29000,29027,0,57,718.9106315800444,2.6651020161807537,29486.606695019873,6000.196713404761
1783338077,500,,Aggregated,225.400000,0.000000,58,98,130,170,910,3000,10000,19000,29000,29000,29000,29264,0,58,715.1425985229972,2.6651020161807537,29486.606695019873,5998.468903772553
1783338078,500,,Aggregated,226.100000,0.000000,58,98,130,180,890,3000,10000,19000,29000,29000,29000,29515,0,58,710.5055273056537,2.6651020161807537,29486.606695019873,6001.885177028629
1783338079,500,,Aggregated,220.100000,0.000000,58,98,130,180,870,3000,10000,19000,29000,29000,29000,29719,0,58,705.8301341003496,2.6651020161807537,29486.606695019873,6003.407954507217
1783338080,500,,Aggregated,221.600000,0.000000,57,97,130,170,850,2900,10000,19000,29000,29000,29000,29937,0,57,700.9632335767517,2.6651020161807537,29486.606695019873,6002.139960583892
1783338081,500,,Aggregated,222.800000,0.000000,57,97,130,170,840,2900,10000,18000,29000,29000,29000,30178,0,57,695.8735159013229,2.6651020161807537,29486.606695019873,6002.010305520578
1783338082,500,,Aggregated,222.400000,0.000000,57,97,130,170,820,2900,10000,18000,29000,29000,29000,30391,0,57,691.2684759879278,2.6651020161807537,29486.606695019873,6007.19156987266
1783338083,500,,Aggregated,218.900000,0.000000,57,96,130,170,800,2800,10000,18000,29000,29000,29000,30624,0,57,686.4628345943801,2.6651020161807537,29486.606695019873,6007.342998955068
1783338084,500,,Aggregated,220.600000,0.000000,56,96,130,170,790,2800,10000,18000,29000,29000,29000,30847,0,56,681.749620104082,2.6651020161807537,29486.606695019873,5999.199403507634
1783338085,500,,Aggregated,219.300000,0.000000,56,95,130,170,780,2800,10000,18000,29000,29000,29000,31067,0,56,677.2075211788393,2.6651020161807537,29486.606695019873,6002.246402935591
1783338086,500,,Aggregated,217.900000,0.000000,56,95,130,170,770,2800,9900,18000,29000,29000,29000,31276,0,56,673.1719665781403,2.6651020161807537,29486.606695019873,6005.2020079294025
1783338087,500,,Aggregated,219.200000,0.000000,57,96,130,170,740,2700,9900,18000,29000,29000,29000,31526,0,57,668.8160668590002,2.6651020161807537,29486.606695019873,6008.286557127451
1783338088,500,,Aggregated,218.700000,0.000000,56,95,130,160,730,2700,9800,18000,29000,29000,29000,31736,0,56,664.628670529204,2.6651020161807537,29486.606695019873,6006.451978825309
1783338089,500,,Aggregated,224.400000,0.000000,56,96,130,160,720,2700,9700,18000,29000,29000,29000,31944,0,56,660.925361967569,2.6651020161807537,29486.606695019873,6006.520222890058
1783338090,500,,Aggregated,224.500000,0.000000,57,96,130,170,710,2700,9700,18000,29000,29000,29000,32126,0,57,658.1628083393846,2.6651020161807537,29486.606695019873,6007.179854323601
1783338091,500,,Aggregated,221.400000,0.000000,58,98,130,170,690,2600,9700,18000,29000,29000,29000,32393,0,58,654.9242627601407,2.6651020161807537,29486.606695019873,6009.101194702559
1783338092,500,,Aggregated,221.100000,0.000000,58,98,130,170,690,2600,9700,18000,29000,29000,29000,32627,0,58,650.8681960896512,2.6651020161807537,29486.606695019873,6003.730591228124
1783338093,500,,Aggregated,217.900000,0.000000,57,97,130,170,680,2500,9600,17000,29000,29000,29000,32826,0,57,647.0334539572294,2.6651020161807537,29486.606695019873,6003.997898007677
1783338094,500,,Aggregated,220.300000,0.000000,57,97,130,170,660,2500,9400,17000,29000,29000,29000,33055,0,57,642.8043470465078,2.6651020161807537,29486.606695019873,6004.953774013009
1783338095,500,,Aggregated,219.500000,0.000000,57,96,130,170,650,2500,9300,17000,29000,29000,29000,33298,0,57,638.5586131722783,2.6651020161807537,29486.606695019873,6002.852753919155
1783338096,500,,Aggregated,217.900000,0.000000,56,96,130,160,620,2500,9000,17000,29000,29000,29000,33512,0,56,634.6391133082899,2.6651020161807537,29486.606695019873,5993.348293148722
1783338097,500,,Aggregated,218.200000,0.000000,56,95,130,160,600,2400,8800,17000,29000,29000,29000,33749,0,56,630.4141987638291,2.6651020161807537,29486.606695019873,5994.202998607366
1783338098,500,,Aggregated,219.300000,0.000000,56,95,130,160,580,2400,8600,17000,29000,29000,29000,33954,0,56,626.9851134477174,2.6651020161807537,29486.606695019873,5994.7623844024265
1783338099,500,,Aggregated,219.700000,0.000000,56,95,130,160,570,2400,8600,17000,29000,29000,29000,34190,0,56,623.0512640077776,2.6651020161807537,29486.606695019873,5990.750833577069
1783338100,500,,Aggregated,218.100000,0.000000,55,94,130,160,550,2300,8600,17000,29000,29000,29000,34414,0,55,619.2666163980906,2.6651020161807537,29486.606695019873,5990.50662521067
1783338101,500,,Aggregated,219.500000,0.000000,55,94,130,160,530,2300,8600,17000,29000,29000,29000,34638,0,55,615.4329088277321,2.6651020161807537,29486.606695019873,5993.701108609042
1783338102,500,,Aggregated,220.400000,0.000000,54,93,120,160,510,2300,8600,17000,29000,29000,29000,34875,0,54,611.4297975934325,2.6651020161807537,29486.606695019873,5990.455799283154
1783338103,500,,Aggregated,224.600000,0.000000,54,93,120,160,500,2300,8300,17000,29000,29000,29000,35087,0,54,607.9923997016836,2.6651020161807537,29486.606695019873,5989.466412061447
1783338104,500,,Aggregated,222.500000,0.000000,54,93,120,160,490,2300,8200,16000,29000,29000,29000,35338,0,54,604.3193393044086,2.6651020161807537,29486.606695019873,5989.833946459901
1783338105,500,,Aggregated,223.300000,0.000000,54,93,120,160,480,2200,8200,16000,29000,29000,29000,35483,0,54,602.0893095243704,2.6651020161807537,29486.606695019873,5992.075162753995
1783338106,500,,Aggregated,225.300000,0.000000,55,94,130,160,490,2200,8100,16000,29000,29000,29000,35728,0,55,600.2076863503495,2.6651020161807537,29486.606695019873,5985.384096506941
1783338107,500,,Aggregated,226.000000,0.000000,55,94,130,160,480,2200,8100,16000,29000,29000,29000,35971,0,55,597.3576658403518,2.6651020161807537,29486.606695019873,5988.425898640571
1783338108,500,,Aggregated,217.100000,0.000000,55,94,130,160,480,2100,8100,16000,29000,29000,29000,36185,0,55,593.982079381043,2.6651020161807537,29486.606695019873,5987.944921928976
1783338109,500,,Aggregated,220.200000,0.000000,54,94,130,160,470,2100,8000,16000,29000,29000,29000,36431,0,54,590.2167050368711,2.6651020161807537,29486.606695019873,5989.91254700667
1783338110,500,,Aggregated,221.300000,0.000000,54,93,120,160,460,2100,7800,16000,29000,29000,29000,36668,0,54,586.598117998784,2.6651020161807537,29486.606695019873,5992.973900949057
1783338111,500,,Aggregated,221.100000,0.000000,54,93,120,160,460,2100,7700,16000,29000,29000,29000,36881,0,54,583.4528212225688,2.6651020161807537,29486.606695019873,5990.894986578455
1783338112,500,,Aggregated,222.900000,0.000000,54,92,120,160,450,2100,7500,16000,29000,29000,29000,37120,0,54,579.9569073682027,2.6651020161807537,29486.606695019873,5989.153340517241
1783338113,500,,Aggregated,224.400000,0.000000,53,92,120,150,450,2000,7500,16000,29000,29000,29000,37345,0,53,576.6782996822232,2.6651020161807537,29486.606695019873,5988.031034944437
1783338114,500,,Aggregated,222.300000,0.000000,53,91,120,150,440,2000,7500,16000,29000,29000,29000,37569,0,53,573.6113825854742,2.6651020161807537,29486.606695019873,5989.041709920413
1783338115,500,,Aggregated,223.000000,0.000000,53,91,120,150,440,2000,7500,16000,29000,29000,29000,37802,0,53,570.409943449097,2.6651020161807537,29486.606695019873,5988.613618327073
1783338116,500,,Aggregated,223.400000,0.000000,53,91,120,150,430,2000,7400,16000,29000,29000,29000,38010,0,53,567.4633186573627,2.6651020161807537,29486.606695019873,5984.2151012891345
1783338117,500,,Aggregated,222.000000,0.000000,52,90,120,150,420,2000,7100,15000,29000,29000,29000,38241,0,52,564.2426080451726,2.6651020161807537,29486.606695019873,5984.687926570958
1783338119,500,,Aggregated,230.100000,0.000000,53,90,120,150,420,2000,6900,15000,29000,29000,29000,38474,0,53,561.3020191070173,2.6651020161807537,29486.606695019873,5989.387508447263
1783338120,500,,Aggregated,226.000000,0.000000,52,90,120,150,410,2000,6700,15000,29000,29000,29000,38695,0,52,558.3203494520045,2.6651020161807537,29486.606695019873,5989.01511823233
1783338121,500,,Aggregated,225.000000,0.000000,52,90,120,150,410,2000,6600,15000,29000,29000,29000,38848,0,52,556.7113095888432,2.6651020161807537,29486.606695019873,5986.762304365733
1783338122,500,,Aggregated,224.900000,0.000000,53,91,120,150,420,1900,6500,15000,29000,29000,29000,39096,0,53,555.003499775991,2.6651020161807537,29486.606695019873,5989.6903263761
1783338123,500,,Aggregated,216.600000,0.000000,53,92,120,150,410,1900,6500,15000,29000,29000,29000,39324,0,53,552.4196535387106,2.6651020161807537,29486.606695019873,5986.614611941816
1783338124,500,,Aggregated,219.700000,0.000000,53,91,120,150,410,1900,6400,15000,29000,29000,29000,39543,0,53,549.5934241574486,2.6651020161807537,29486.606695019873,5988.117947550768
1783338125,500,,Aggregated,218.900000,0.000000,53,91,120,150,400,1900,6200,15000,29000,29000,29000,39781,0,53,546.5070941473097,2.6651020161807537,29486.606695019873,5987.638923103995
1783338126,500,,Aggregated,218.200000,0.000000,53,91,120,150,400,1900,5900,15000,29000,29000,29000,40012,0,53,543.6723926528807,2.6651020161807537,29486.606695019873,5990.132735179446
1783338127,500,,Aggregated,219.900000,0.000000,53,90,120,150,390,1800,5900,15000,29000,29000,29000,40232,0,52,540.9947261620367,2.6651020161807537,29486.606695019873,5987.782486577848
1783338128,500,,Aggregated,219.200000,0.000000,52,90,120,150,390,1800,5900,15000,29000,29000,29000,40460,0,52,538.2110622822083,2.6651020161807537,29486.606695019873,5986.901779535344
1783338129,500,,Aggregated,219.200000,0.000000,52,90,120,150,390,1800,5900,15000,29000,29000,29000,40675,0,52,535.583244158108,2.6651020161807537,29486.606695019873,5985.611555009219
1783338130,500,,Aggregated,219.800000,0.000000,52,90,120,150,380,1800,5800,15000,29000,29000,29000,40910,0,52,532.8304306739668,2.6651020161807537,29486.606695019873,5983.891053532144
1783338131,500,,Aggregated,220.100000,0.000000,52,89,120,150,380,1800,5800,15000,29000,29000,29000,41156,0,52,529.965071673995,2.6651020161807537,29486.606695019873,5979.048789969871
1783338132,500,,Aggregated,220.300000,0.000000,51,89,120,150,370,1800,5800,15000,29000,29000,29000,41381,0,51,527.2157001714812,2.6651020161807537,29486.606695019873,5978.900727386965
1783338133,500,,Aggregated,227.700000,0.000000,51,89,120,150,370,1800,5700,15000,29000,29000,29000,41591,0,51,524.7188793680134,2.6651020161807537,29486.606695019873,5976.963886417735
1783338134,500,,Aggregated,226.000000,0.000000,51,88,120,150,370,1700,5700,15000,29000,29000,29000,41834,0,51,521.9900046878444,2.6651020161807537,29486.606695019873,5979.818233972367
1783338135,500,,Aggregated,225.800000,0.000000,51,88,120,140,360,1700,5700,15000,29000,29000,29000,42035,0,51,519.6335346402553,2.6634490059223026,29486.606695019873,5973.957916022362
1783338136,500,,Aggregated,227.000000,0.000000,51,88,120,140,360,1700,5700,15000,29000,29000,29000,42270,0,51,517.0018707769183,2.6634490059223026,29486.606695019873,5971.0396025550035
1783338137,500,,Aggregated,222.700000,0.000000,51,89,120,150,360,1700,5500,15000,29000,29000,29000,42513,0,51,515.465141400232,2.6634490059223026,29486.606695019873,5974.351351351352
1783338138,500,,Aggregated,224.800000,0.000000,51,89,120,150,360,1700,5300,15000,29000,29000,29000,42736,0,51,513.3542049859086,2.6634490059223026,29486.606695019873,5974.320315424934
1783338139,500,,Aggregated,218.700000,0.000000,51,88,120,150,360,1700,5300,15000,29000,29000,29000,42956,0,51,510.89008784353206,2.6634490059223026,29486.606695019873,5972.609158208399
1783338140,500,,Aggregated,222.600000,0.000000,51,88,120,150,350,1700,5300,15000,29000,29000,29000,43186,0,51,508.4235982254651,2.6634490059223026,29486.606695019873,5976.573797063863
1783338141,500,,Aggregated,219.200000,0.000000,51,88,120,140,350,1600,5300,15000,29000,29000,29000,43427,0,51,505.90884823561674,2.6634490059223026,29486.606695019873,5975.188408133189
1783338142,500,,Aggregated,218.100000,0.000000,51,88,120,140,350,1600,5300,15000,29000,29000,29000,43629,0,51,503.6996342863929,2.6634490059223026,29486.606695019873,5974.036283206125
1783338143,500,,Aggregated,219.900000,0.000000,51,88,120,140,350,1600,5300,15000,29000,29000,29000,43879,0,51,501.17299002840275,2.6634490059223026,29486.606695019873,5975.508603204266
1783338144,500,,Aggregated,218.500000,0.000000,50,87,120,140,340,1600,5300,15000,29000,29000,29000,44079,0,50,499.0721524288066,2.6634490059223026,29486.606695019873,5976.688218879739
1783338145,500,,Aggregated,219.400000,0.000000,51,88,120,140,340,1500,5200,15000,29000,29000,29000,44312,0,51,497.00641469397135,2.6634490059223026,29486.606695019873,5974.234428597219
1783338146,500,,Aggregated,217.900000,0.000000,51,88,120,140,340,1500,5200,15000,29000,29000,29000,44531,0,51,494.8053965885764,2.6634490059223026,29486.606695019873,5973.8323415149
1783338147,500,,Aggregated,220.100000,0.000000,50,87,120,140,330,1500,5200,15000,29000,29000,29000,44772,0,50,492.35927632435056,2.6634490059223026,29486.606695019873,5971.510922004824
1783338148,500,,Aggregated,219.900000,0.000000,50,87,120,140,330,1500,5200,15000,29000,29000,29000,44994,0,50,490.0889667475625,2.6634490059223026,29486.606695019873,5968.801684669067
1783338149,500,,Aggregated,226.200000,0.000000,50,87,120,140,330,1500,5200,15000,29000,29000,29000,45216,0,50,488.0049624841829,2.6634490059223026,29486.606695019873,5970.082559271054
1783338150,500,,Aggregated,223.000000,0.000000,50,87,120,140,330,1500,5100,15000,29000,29000,29000,45444,0,50,485.9439962540429,2.6634490059223026,29486.606695019873,5970.079658480768
1783338151,500,,Aggregated,223.800000,0.000000,50,87,110,140,320,1500,5100,15000,29000,29000,29000,45672,0,50,483.67530627353244,2.6634490059223026,29486.606695019873,5971.7089245051675
1783338152,500,,Aggregated,225.300000,0.000000,50,86,110,140,320,1500,5000,15000,29000,29000,29000,45911,0,50,481.35084620986294,2.6634490059223026,29486.606695019873,5970.047875236872
1783338153,500,,Aggregated,223.000000,0.000000,50,86,110,140,320,1500,5000,15000,29000,29000,29000,46071,0,50,479.81801338247476,2.6634490059223026,29486.606695019873,5968.326930172994
1783338154,500,,Aggregated,225.000000,0.000000,50,87,120,140,320,1500,4900,15000,29000,29000,29000,46320,0,50,478.6252211692267,2.6634490059223026,29486.606695019873,5968.475798791019
1783338155,500,,Aggregated,223.400000,0.000000,51,88,120,140,330,1500,4900,15000,29000,29000,29000,46553,0,51,477.4821060691779,2.6634490059223026,29486.606695019873,5969.6388632311555
1783338156,500,,Aggregated,219.100000,0.000000,50,87,120,140,330,1500,4900,15000,29000,29000,29000,46774,0,50,475.4517736388242,2.6634490059223026,29486.606695019873,5971.638538504298
1783338157,500,,Aggregated,220.400000,0.000000,50,87,120,140,320,1400,4900,14000,29000,29000,29000,47013,0,50,473.2530283105363,2.6634490059223026,29486.606695019873,5968.9456958713545
1783338158,500,,Aggregated,220.400000,0.000000,50,87,120,140,320,1400,4900,14000,29000,29000,29000,47228,0,50,471.3008369956904,2.6634490059223026,29486.606695019873,5970.059562124164
1783338159,500,,Aggregated,219.900000,0.000000,50,87,120,140,320,1400,4900,14000,29000,29000,29000,47494,0,50,469.03693893720504,2.6634490059223026,29486.606695019873,5966.837010990862
1783338160,500,,Aggregated,218.100000,0.000000,50,87,110,140,320,1400,4800,14000,29000,29000,29000,47691,0,50,467.1871159023198,2.6634490059223026,29486.606695019873,5965.228365939066
1783338161,500,,Aggregated,221.700000,0.000000,50,86,110,140,320,1400,4800,14000,29000,29000,29000,47920,0,50,465.1852759078645,2.6634490059223026,29486.606695019873,5966.8283180300505
1783338162,500,,Aggregated,222.700000,0.000000,50,86,110,140,310,1400,4700,14000,29000,29000,29000,48170,0,50,463.14430965788335,2.6634490059223026,29486.606695019873,5963.581503010172
1783338163,500,,Aggregated,222.100000,0.000000,50,86,110,140,310,1400,4700,14000,29000,29000,29000,48376,0,50,461.37312719938285,2.6634490059223026,29486.606695019873,5964.753410782206
1783338164,500,,Aggregated,221.800000,0.000000,50,86,110,140,310,1400,4700,14000,29000,29000,29000,48608,0,50,459.4476752592612,2.6634490059223026,29486.606695019873,5964.271231073074
1783338165,500,,Aggregated,224.800000,0.000000,50,86,110,140,310,1400,4600,14000,29000,29000,29000,48819,0,50,457.61867893011396,2.6634490059223026,29486.606695019873,5964.089186587189
1783338166,500,,Aggregated,227.800000,0.000000,50,86,110,140,300,1300,4600,14000,29000,29000,29000,49063,0,50,455.6888615148129,2.6634490059223026,29486.606695019873,5963.374742677782
1783338167,500,,Aggregated,225.900000,0.000000,49,86,110,140,300,1300,4600,14000,29000,29000,29000,49285,0,49,453.8149849970407,2.6634490059223026,29486.606695019873,5961.056224003247
1783338168,500,,Aggregated,224.700000,0.000000,49,85,110,140,300,1300,4500,14000,29000,29000,29000,49508,0,49,451.94137548925795,2.6634490059223026,29486.606695019873,5961.448129595217
1783338169,500,,Aggregated,225.500000,0.000000,49,85,110,140,300,1300,4500,14000,29000,29000,29000,49712,0,49,450.24286771182597,2.6634490059223026,29486.606695019873,5959.124818957193
1783338170,500,,Aggregated,227.700000,0.000000,50,86,110,140,300,1300,4400,14000,29000,29000,29000,49954,0,50,449.3192073447418,2.6634490059223026,29486.606695019873,5959.452296112423
1783338171,500,,Aggregated,224.000000,0.000000,50,87,110,140,310,1300,4400,14000,29000,29000,29000,50169,0,50,448.40301176768764,2.6634490059223026,29486.606695019873,5961.588251709223
1783338172,500,,Aggregated,215.900000,0.000000,50,87,120,140,310,1300,4400,13000,29000,29000,29000,50420,0,50,446.9049652477381,2.6634490059223026,29486.606695019873,5959.299067830226
1783338173,500,,Aggregated,219.000000,0.000000,50,87,110,140,310,1200,4300,13000,29000,29000,29000,50620,0,50,445.2270450076417,2.6634490059223026,29486.606695019873,5958.555511655472
1783338174,500,,Aggregated,218.100000,0.000000,50,86,110,140,300,1200,4300,13000,29000,29000,29000,50867,0,50,443.33363056144333,2.6634490059223026,29486.606695019873,5958.080307468496
1783338176,500,,Aggregated,217.400000,0.000000,50,86,110,140,300,1200,4300,13000,29000,29000,29000,51082,0,50,441.62904516690867,2.6634490059223026,29486.606695019873,5957.812321365647
1783338177,500,,Aggregated,220.300000,0.000000,50,86,110,140,300,1200,4300,13000,29000,29000,29000,51303,0,50,439.9067013555874,2.6634490059223026,29486.606695019873,5960.833518507689
1783338178,500,,Aggregated,218.800000,0.000000,50,86,110,140,300,1200,4300,13000,29000,29000,29000,51539,0,50,438.1572092850029,2.6634490059223026,29486.606695019873,5960.192669628825
1783338179,500,,Aggregated,218.100000,0.000000,50,86,110,140,300,1200,4200,13000,29000,29000,29000,51760,0,50,436.53307594060675,2.6634490059223026,29486.606695019873,5963.600714837712
1783338180,500,,Aggregated,217.800000,0.000000,50,86,110,140,300,1200,4200,13000,29000,29000,29000,52005,0,50,434.7655292306236,2.6634490059223026,29486.606695019873,5962.717007980002
1783338181,500,,Aggregated,219.100000,0.000000,50,86,110,140,290,1200,4200,13000,29000,29000,29000,52220,0,50,433.21005461376865,2.6634490059223026,29486.606695019873,5962.213213328227
1783338182,500,,Aggregated,228.100000,0.000000,49,85,110,140,290,1200,4200,13000,29000,29000,29000,52455,0,49,431.49307590203017,2.6634490059223026,29486.606695019873,5957.491297302449
1783338183,500,,Aggregated,224.600000,0.000000,49,85,110,140,290,1200,4200,13000,29000,29000,29000,52692,0,49,429.74648912059314,2.6634490059223026,29486.606695019873,5957.9334054505425
1783338184,500,,Aggregated,225.600000,0.000000,49,85,110,140,290,1100,4200,13000,29000,29000,29000,52932,0,49,427.90231568758315,2.6634490059223026,29486.606695019873,5955.05174563591
1783338185,500,,Aggregated,225.400000,0.000000,49,85,110,140,290,1100,4200,13000,29000,29000,29000,53157,0,49,426.2909272948996,2.6634490059223026,29486.606695019873,5951.75988110691
1783338186,500,,Aggregated,229.500000,0.000000,49,85,110,140,290,1100,4200,13000,29000,29000,29000,53368,0,49,424.71334106241835,2.6634490059223026,29486.606695019873,5951.168022035677
1783338187,500,,Aggregated,226.900000,0.000000,49,85,110,140,290,1100,4200,13000,29000,29000,29000,53572,0,49,423.5547922037306,2.6634490059223026,29486.606695019873,5952.377641305159
1783338188,500,,Aggregated,226.700000,0.000000,49,85,110,140,290,1100,4100,13000,29000,29000,29000,53790,0,49,422.8479448191308,2.6634490059223026,29486.606695019873,5951.579382784904
1783338189,500,,Aggregated,223.500000,0.000000,49,86,110,140,290,1100,4100,13000,29000,29000,29000,54049,0,49,421.6155239899175,2.6634490059223026,29486.606695019873,5952.287701900128
1783338190,500,,Aggregated,223.700000,0.000000,49,86,110,140,290,1100,4000,13000,29000,29000,29000,54279,0,49,420.10490486543347,2.6634490059223026,29486.606695019873,5955.644171779141
1783338191,500,,Aggregated,226.700000,0.000000,49,85,110,140,290,1100,4000,13000,29000,29000,29000,54510,0,49,418.55357500189257,2.6634490059223026,29486.606695019873,5954.400678774537
1783338192,500,,Aggregated,225.100000,0.000000,49,85,110,140,290,1100,4000,12000,29000,29000,29000,54740,0,49,416.93396695219224,2.6634490059223026,29486.606695019873,5955.147935696017
1783338193,500,,Aggregated,225.500000,0.000000,49,85,110,140,290,1100,4000,11000,29000,29000,29000,54963,0,49,415.4166231225006,2.6634490059223026,29486.606695019873,5955.145133999235
1783338194,500,,Aggregated,227.000000,0.000000,49,85,110,140,290,1100,4000,11000,29000,29000,29000,55197,0,49,413.85488889510157,2.6634490059223026,29486.606695019873,5956.668260956211
1783338195,500,,Aggregated,225.800000,0.000000,49,85,110,140,280,1100,3900,11000,29000,29000,29000,55423,0,49,412.3477208888883,2.6634490059223026,29486.606695019873,5958.660195225809
1783338196,500,,Aggregated,224.000000,0.000000,49,85,110,130,280,1000,3900,11000,29000,29000,29000,55642,0,49,410.9790604065407,2.6634490059223026,29486.606695019873,5959.264440530535
1783338197,500,,Aggregated,224.300000,0.000000,49,85,110,130,280,1000,3900,11000,29000,29000,29000,55873,0,49,409.5066683546409,2.6634490059223026,29486.606695019873,5959.270917974693
1783338198,500,,Aggregated,226.200000,0.000000,49,84,110,130,280,1000,3900,11000,29000,29000,29000,56095,0,49,408.03224976639103,2.6634490059223026,29486.606695019873,5961.691576789375
1783338199,500,,Aggregated,230.200000,0.000000,49,84,110,130,280,1000,3900,11000,29000,29000,29000,56323,0,49,406.6020248541542,2.6634490059223026,29486.606695019873,5962.43864850949
1783338200,500,,Aggregated,227.500000,0.000000,48,84,110,130,280,1000,3900,10000,29000,29000,29000,56546,0,48,405.12123264067213,2.6634490059223026,29486.606695019873,5962.52732288756
1783338201,500,,Aggregated,225.400000,0.000000,48,84,110,130,280,1000,3900,10000,29000,29000,29000,56782,0,48,403.65276599522986,2.6634490059223026,29486.606695019873,5961.418037406221
1783338202,500,,Aggregated,225.300000,0.000000,49,84,110,130,280,990,3900,10000,29000,29000,29000,57010,0,49,402.3561115874818,2.6634490059223026,29486.606695019873,5963.586563760744
1783338203,500,,Aggregated,226.200000,0.000000,48,84,110,130,270,980,3900,10000,29000,29000,29000,57233,0,48,400.89322139100085,2.6634490059223026,29486.606695019873,5964.968374888614
1783338204,500,,Aggregated,224.600000,0.000000,48,84,110,130,270,970,3900,10000,29000,29000,29000,57423,0,48,399.74321013456426,2.6634490059223026,29486.606695019873,5966.853873883288
1783338205,500,,Aggregated,225.600000,0.000000,49,84,110,130,280,960,3900,10000,29000,29000,29000,57658,0,49,399.0907537154607,2.6634490059223026,29486.606695019873,5965.61613306046
1783338206,500,,Aggregated,225.100000,0.000000,49,85,110,130,280,940,3900,10000,29000,29000,29000,57894,0,49,398.0678576202734,2.6634490059223026,29486.606695019873,5967.581821950461
1783338207,500,,Aggregated,219.900000,0.000000,49,85,110,130,280,930,3900,10000,29000,29000,29000,58128,0,49,396.85289540074075,2.6634490059223026,29486.606695019873,5969.445929672447
1783338208,500,,Aggregated,221.200000,0.000000,49,84,110,130,280,920,3800,10000,29000,29000,29000,58351,0,49,395.47911337369095,2.6634490059223026,29486.606695019873,5968.053041078988
1783338209,500,,Aggregated,218.400000,0.000000,49,84,110,130,270,910,3800,10000,29000,29000,29000,58574,0,49,394.23516586262895,2.6634490059223026,29486.606695019873,5965.325827158807
1783338210,500,,Aggregated,222.100000,0.000000,49,84,110,130,270,900,3800,10000,29000,29000,29000,58822,0,49,392.90952421752723,2.6634490059223026,29486.606695019873,5967.5483662575225
1783338211,500,,Aggregated,221.200000,0.000000,49,84,110,130,270,890,3800,10000,29000,29000,29000,59045,0,49,391.60932116250615,2.6634490059223026,29486.606695019873,5967.406943856381
1783338212,500,,Aggregated,220.400000,0.000000,49,84,110,130,270,890,3700,10000,29000,29000,29000,59262,0,49,390.30898261645467,2.6634490059223026,29486.606695019873,5965.395312341804
1783338213,500,,Aggregated,222.600000,0.000000,49,84,110,130,270,880,3700,10000,29000,29000,29000,59462,0,49,389.19729926081425,2.6634490059223026,29486.606695019873,5965.696747502607
1783338214,500,,Aggregated,220.800000,0.000000,49,85,110,130,270,870,3700,10000,29000,29000,29000,59705,0,49,388.3118014886437,2.6634490059223026,29486.606695019873,5966.531496524579
1783338215,500,,Aggregated,218.900000,0.000000,49,85,110,130,270,850,3700,10000,29000,29000,29000,59932,0,49,387.23869631762614,2.6634490059223026,29486.606695019873,5967.463708870053
1783338216,500,,Aggregated,218.100000,0.000000,49,85,110,130,270,850,3700,10000,29000,29000,29000,60151,0,49,385.95393380420853,2.6634490059223026,29486.606695019873,5967.258050572726
1783338217,500,,Aggregated,223.900000,0.000000,49,84,110,130,270,840,3700,10000,29000,29000,29000,60378,0,49,384.65732285269564,2.6634490059223026,29486.606695019873,5968.351435953493
1783338218,500,,Aggregated,222.600000,0.000000,49,84,110,130,270,830,3700,10000,29000,29000,29000,60614,0,49,383.3215818920252,2.6634490059223026,29486.606695019873,5970.919787507836
1783338219,500,,Aggregated,223.800000,0.000000,49,84,110,130,260,830,3700,10000,29000,29000,29000,60838,0,49,382.15859745514814,2.6634490059223026,29486.606695019873,5972.565386764851
1783338220,500,,Aggregated,223.600000,0.000000,49,84,110,130,260,820,3700,10000,29000,29000,29000,61065,0,49,380.98664550556316,2.6634490059223026,29486.606695019873,5970.076312126423
1783338221,500,,Aggregated,222.700000,0.000000,49,84,110,130,260,810,3700,10000,29000,29000,29000,61228,0,49,380.39499991670624,2.6634490059223026,29486.606695019873,5972.466273600314
1783338222,500,,Aggregated,224.300000,0.000000,49,85,110,130,270,800,3700,10000,29000,29000,29000,61464,0,49,380.12519636338334,2.6634490059223026,29486.606695019873,5971.5403325523885
1783338223,500,,Aggregated,216.300000,0.000000,50,85,110,140,270,800,3600,10000,29000,29000,29000,61700,0,50,379.4345463726246,2.6634490059223026,29486.606695019873,5969.375526742301
1783338224,500,,Aggregated,217.300000,0.000000,50,85,110,140,270,790,3600,10000,29000,29000,29000,61919,0,50,378.41616674182853,2.6634490059223026,29486.606695019873,5968.012580952534
1783338225,500,,Aggregated,218.900000,0.000000,50,85,110,130,270,790,3500,10000,29000,29000,29000,62141,0,50,377.2017339426953,2.6634490059223026,29486.606695019873,5970.649136640865
1783338226,500,,Aggregated,221.100000,0.000000,49,85,110,130,270,780,3500,9900,29000,29000,29000,62369,0,49,375.947210056057,2.6634490059223026,29486.606695019873,5970.488030912793
1783338227,500,,Aggregated,220.500000,0.000000,49,85,110,130,270,780,3500,9900,29000,29000,29000,62592,0,49,374.757366198064,2.6634490059223026,29486.606695019873,5973.129872827199
1783338228,500,,Aggregated,218.100000,0.000000,49,85,110,130,270,770,3500,9900,29000,29000,29000,62817,0,49,373.6524245198963,2.6634490059223026,29486.606695019873,5973.338841396438
1783338229,500,,Aggregated,220.500000,0.000000,49,85,110,130,270,760,3500,9900,28000,29000,29000,63033,0,49,372.5086388145044,2.6634490059223026,29486.606695019873,5971.225611981025
1783338230,500,,Aggregated,218.000000,0.000000,49,85,110,130,260,750,3500,9900,28000,29000,29000,63250,0,49,371.4302041246878,2.6634490059223026,29486.606695019873,5975.489233201581
1783338231,500,,Aggregated,219.900000,0.000000,49,85,110,130,260,750,3500,9800,28000,29000,29000,63489,0,49,370.42618975060805,2.6634490059223026,29486.606695019873,5977.801934193325
1783338232,500,,Aggregated,216.200000,0.000000,50,85,110,130,260,740,3500,9700,28000,29000,29000,63718,0,50,369.40978645681645,2.6634490059223026,29486.606695019873,5978.348865312784
1783338233,500,,Aggregated,221.800000,0.000000,49,85,110,130,260,730,3500,9700,28000,29000,29000,63934,0,49,368.2775964492819,2.6634490059223026,29486.606695019873,5979.083445428098
1783338234,500,,Aggregated,224.300000,0.000000,49,85,110,130,260,730,3400,9700,28000,29000,29000,64163,0,49,367.1667251803562,2.6634490059223026,29486.606695019873,5981.583872325172
1783338235,500,,Aggregated,223.500000,0.000000,50,85,110,130,260,720,3400,9700,28000,29000,29000,64386,0,50,366.29611718646885,2.6634490059223026,29486.606695019873,5982.37379243935
1783338236,500,,Aggregated,221.700000,0.000000,49,85,110,130,260,720,3400,9700,28000,29000,29000,64603,0,49,365.21221410950113,2.6634490059223026,29486.606695019873,5981.808120365928
1783338237,500,,Aggregated,221.400000,0.000000,50,85,110,130,260,710,3400,9700,28000,29000,29000,64773,0,50,364.79352438304625,2.6634490059223026,29486.606695019873,5983.2305899062885
1783338238,500,,Aggregated,224.100000,0.000000,50,86,110,130,260,710,3400,9700,28000,29000,29000,65008,0,50,364.5490240663115,2.6634490059223026,29486.606695019873,5980.396058946591
1783338239,500,,Aggregated,221.000000,0.000000,50,86,110,140,270,710,3400,9700,28000,29000,29000,65237,0,50,364.12458411662055,2.6634490059223026,29486.606695019873,5983.153455860938
1783338240,500,,Aggregated,216.300000,0.000000,50,86,110,140,270,700,3400,9700,28000,29000,29000,65465,0,50,363.1271623764164,2.6634490059223026,29486.606695019873,5981.621920109982
1783338241,500,,Aggregated,215.600000,0.000000,50,86,110,140,270,690,3400,9600,28000,29000,29000,65687,0,50,362.0383073396598,2.6634490059223026,29486.606695019873,5982.03026474036
1783338242,500,,Aggregated,219.500000,0.000000,50,86,110,140,270,690,3400,9500,28000,29000,29000,65919,0,50,360.9507786282025,2.6634490059223026,29486.606695019873,5981.813012940123
1783338243,500,,Aggregated,218.800000,0.000000,50,86,110,140,260,690,3300,9400,28000,29000,29000,66128,0,50,360.05325872922623,2.6634490059223026,29486.606695019873,5982.246234575369
1783338244,500,,Aggregated,217.300000,0.000000,50,86,110,140,260,680,3300,9400,28000,29000,29000,66375,0,50,359.0455820078498,2.6634490059223026,29486.606695019873,5979.248241054614
1783338245,500,,Aggregated,216.900000,0.000000,50,86,110,140,260,680,3300,9300,28000,29000,29000,66578,0,50,358.07165856781495,2.6634490059223026,29486.606695019873,5976.692541079636
1783338246,500,,Aggregated,217.500000,0.000000,50,86,110,130,260,680,3300,9200,28000,29000,29000,66837,0,50,356.97625744659393,2.6634490059223026,29486.606695019873,5974.7547915076975
1783338247,500,,Aggregated,220.200000,0.000000,50,86,110,130,260,670,3300,9000,28000,29000,29000,67045,0,50,355.9494169657551,2.6634490059223026,29486.606695019873,5973.220165560445
1783338248,500,,Aggregated,217.800000,0.000000,50,86,110,130,260,670,3300,8800,28000,29000,29000,67270,0,50,354.9369920097553,2.6634490059223026,29486.606695019873,5973.146632971607
1783338249,500,,Aggregated,221.200000,0.000000,50,85,110,130,260,660,3300,8800,28000,29000,29000,67493,0,50,353.94465755861023,2.6634490059223026,29486.606695019873,5973.211755293141
1783338250,500,,Aggregated,224.300000,0.000000,50,85,110,130,260,660,3300,8600,28000,29000,29000,67733,0,50,352.8644939394853,2.6634490059223026,29486.606695019873,5973.868793645638
1783338251,500,,Aggregated,226.600000,0.000000,50,85,110,130,260,650,3300,8600,28000,29000,29000,67955,0,50,351.8442033942456,2.6634490059223026,29486.606695019873,5975.487852255169
1783338252,500,,Aggregated,223.800000,0.000000,50,85,110,130,260,640,3300,8600,28000,29000,29000,68180,0,50,350.95995803484385,2.6634490059223026,29486.606695019873,5977.493722499266
1783338253,500,,Aggregated,225.100000,0.000000,50,85,110,130,260,630,3200,8600,28000,29000,29000,68391,0,50,350.08530348250076,2.6634490059223026,29486.606695019873,5978.171791610007
1783338254,500,,Aggregated,225.100000,0.000000,50,85,110,130,250,630,3200,8600,28000,29000,29000,68630,0,50,349.0805522225551,2.6634490059223026,29486.606695019873,5979.919816406819
1783338255,500,,Aggregated,225.300000,0.000000,50,85,110,130,250,620,3200,8600,28000,29000,29000,68762,0,50,348.5914349333217,2.6634490059223026,29486.606695019873,5981.0199965097
1783338256,500,,Aggregated,225.100000,0.000000,50,86,110,130,260,640,3200,8600,28000,29000,29000,69000,0,50,348.7565080411599,2.6634490059223026,29486.606695019873,5979.85831884058
1783338257,500,,Aggregated,223.500000,0.000000,51,86,110,140,260,640,3200,8600,28000,29000,29000,69260,0,51,348.54018520016416,2.6634490059223026,29486.606695019873,5979.928024833959
1783338258,500,,Aggregated,215.300000,0.000000,50,86,110,140,260,630,3200,8600,28000,29000,29000,69456,0,50,347.62562621950974,2.6634490059223026,29486.606695019873,5980.326206519235
1783338259,500,,Aggregated,214.700000,0.000000,50,86,110,140,260,620,3200,8600,28000,29000,29000,69678,0,50,346.69732558583934,2.6634490059223026,29486.606695019873,5979.274046327392
1783338260,500,,Aggregated,220.000000,0.000000,51,86,110,140,260,620,3200,8500,28000,29000,29000,69919,0,51,345.7893131794258,2.6634490059223026,29486.606695019873,5979.5521389035885
1783338261,500,,Aggregated,215.600000,0.000000,50,86,110,130,260,620,3100,8300,28000,29000,29000,70140,0,50,344.8418766535961,2.6634490059223026,29486.606695019873,5981.765255203878
1783338262,500,,Aggregated,216.900000,0.000000,50,86,110,130,260,610,3100,8200,28000,29000,29000,70370,0,50,343.866072469913,2.6634490059223026,29486.606695019873,5980.394912604803
1783338263,500,,Aggregated,217.700000,0.000000,50,86,110,130,260,610,3100,8200,28000,29000,29000,70578,0,50,343.0209249147985,2.6634490059223026,29486.606695019873,5977.911587180141
1783338264,500,,Aggregated,217.000000,0.000000,50,86,110,130,260,600,3100,8200,28000,29000,29000,70788,0,50,342.2612975757573,2.6634490059223026,29486.606695019873,5977.805772164774
1783338265,500,,Aggregated,216.700000,0.000000,51,86,110,130,260,600,3100,8200,28000,29000,29000,71048,0,51,341.45042920108233,2.6634490059223026,29486.606695019873,5978.413762526742
1783338266,500,,Aggregated,215.700000,0.000000,51,86,110,130,260,600,3100,8200,28000,29000,29000,71251,0,51,340.75792774709197,2.6634490059223026,29486.606695019873,5978.794094117978
1783338267,500,,Aggregated,214.000000,0.000000,51,86,110,130,260,590,3100,8100,28000,29000,29000,71476,0,51,339.9468553608021,2.6634490059223026,29486.606695019873,5979.892341485253
1783338268,500,,Aggregated,225.800000,0.000000,51,86,110,130,260,590,3100,8100,28000,29000,29000,71700,0,51,339.18544437634324,2.6634490059223026,29486.606695019873,5981.887740585774
1783338269,500,,Aggregated,222.700000,0.000000,51,86,110,130,260,580,3100,8100,28000,29000,29000,71926,0,51,338.3162359814546,2.6634490059223026,29486.606695019873,5982.071490142646
1783338270,500,,Aggregated,220.800000,0.000000,51,86,110,130,250,580,3100,8100,28000,29000,29000,72160,0,51,337.38170423647836,2.6634490059223026,29486.606695019873,5981.501856984479
1783338271,500,,Aggregated,222.400000,0.000000,51,86,110,130,250,580,3000,8100,28000,29000,29000,72387,0,51,336.4349319383891,2.6634490059223026,29486.606695019873,5981.124677082902
1783338272,500,,Aggregated,222.100000,0.000000,51,86,110,130,250,570,3000,8000,28000,29000,29000,72569,0,51,335.9681471826192,2.6634490059223026,29486.606695019873,5981.222849977263
1783338273,500,,Aggregated,221.600000,0.000000,51,87,110,140,250,570,3000,8000,28000,29000,29000,72823,0,51,335.33616721665464,2.6634490059223026,29486.606695019873,5982.667385304094
1783338274,500,,Aggregated,221.700000,0.000000,51,86,110,130,250,570,3000,8000,28000,29000,29000,73052,0,51,334.3915764881138,2.6634490059223026,29486.606695019873,5985.02299731698
1783338276,500,,Aggregated,222.400000,0.000000,51,86,110,130,250,560,3000,7900,28000,29000,29000,73264,0,51,333.5349783250553,2.6634490059223026,29486.606695019873,5981.902257588993
1783338277,500,,Aggregated,223.900000,0.000000,51,86,110,130,250,560,3000,7800,28000,29000,29000,73492,0,51,332.5996675461841,2.6634490059223026,29486.606695019873,5980.958920698851
1783338278,500,,Aggregated,220.100000,0.000000,51,86,110,130,250,560,3000,7700,28000,29000,29000,73732,0,51,331.66834885277865,2.6634490059223026,29486.606695019873,5982.265271523897
1783338279,500,,Aggregated,222.800000,0.000000,50,86,110,130,250,550,3000,7700,28000,29000,29000,73958,0,50,330.76930816922334,2.6634490059223026,29486.606695019873,5983.085251088456
1783338280,500,,Aggregated,223.500000,0.000000,50,86,110,130,250,550,3000,7700,28000,29000,29000,74179,0,50,329.88793770290215,2.6634490059223026,29486.606695019873,5985.345690828941
1783338281,500,,Aggregated,223.200000,0.000000,50,86,110,130,250,540,2900,7500,28000,29000,29000,74411,0,50,328.9892325940736,2.6634490059223026,29486.606695019873,5986.45006786631
1783338282,500,,Aggregated,223.800000,0.000000,50,85,110,130,250,540,2900,7500,28000,29000,29000,74651,0,50,328.130861280486,2.6634490059223026,29486.606695019873,5984.034252722669
1783338283,500,,Aggregated,223.400000,0.000000,50,85,110,130,250,540,2900,7500,28000,29000,29000,74860,0,50,327.3186581113615,2.6634490059223026,29486.606695019873,5984.865802831953
1783338284,500,,Aggregated,224.200000,0.000000,50,85,110,130,250,540,2900,7500,28000,29000,29000,75081,0,50,326.56436052663634,2.6634490059223026,29486.606695019873,5982.904250076584
1783338285,500,,Aggregated,227.300000,0.000000,50,85,110,130,250,530,2900,7500,28000,29000,29000,75321,0,50,325.7125699900872,2.6634490059223026,29486.606695019873,5981.769347194009
1783338286,500,,Aggregated,223.700000,0.000000,50,85,110,130,250,530,2900,7500,28000,29000,29000,75537,0,50,324.89388210642045,2.6634490059223026,29486.606695019873,5982.296252167812
1783338287,500,,Aggregated,224.800000,0.000000,50,85,110,130,250,530,2900,7500,28000,29000,29000,75782,0,50,324.1038038761131,2.6634490059223026,29486.606695019873,5982.695244253253
1783338288,500,,Aggregated,225.000000,0.000000,50,85,110,130,240,520,2900,7400,28000,29000,29000,76002,0,50,323.39397292840266,2.6634490059223026,29486.606695019873,5982.892647561906
1783338289,500,,Aggregated,227.200000,0.000000,50,85,110,130,240,520,2900,7300,28000,29000,29000,76234,0,50,322.729705306533,2.6634490059223026,29486.606695019873,5981.499488417242
1783338290,500,,Aggregated,224.700000,0.000000,50,85,110,130,240,520,2900,7100,28000,29000,29000,76464,0,50,321.89344510473046,2.6634490059223026,29486.606695019873,5980.293903013183
1783338291,500,,Aggregated,225.800000,0.000000,50,85,110,130,240,520,2800,7100,28000,29000,29000,76693,0,50,321.097260531118,2.6634490059223026,29486.606695019873,5979.484398836921
1783338292,500,,Aggregated,226.200000,0.000000,50,85,110,130,240,510,2800,7100,28000,29000,29000,76851,0,50,320.7195293113557,2.6634490059223026,29486.606695019873,5978.540487436729
1783338293,500,,Aggregated,226.100000,0.000000,51,86,110,130,250,520,2800,6700,28000,29000,29000,77123,0,51,320.4150540912681,2.6634490059223026,29486.606695019873,5978.662357532772
1783338294,500,,Aggregated,218.500000,0.000000,50,86,110,130,240,510,2800,6700,28000,29000,29000,77334,0,50,319.637807797579,2.6634490059223026,29486.606695019873,5978.458077947604
1783338295,500,,Aggregated,223.500000,0.000000,50,85,110,130,240,510,2800,6600,28000,29000,29000,77562,0,50,318.789181427426,2.6634490059223026,29486.606695019873,5979.322529073515
1783338296,500,,Aggregated,223.000000,0.000000,50,85,110,130,240,510,2800,6500,28000,29000,29000,77773,0,50,318.09324413596534,2.6634490059223026,29486.606695019873,5979.8549110873955
1783338297,500,,Aggregated,221.900000,0.000000,51,86,110,130,240,510,2800,6500,28000,29000,29000,78004,0,51,317.5721968281841,2.6634490059223026,29486.606695019873,5978.597879595918
1783338298,500,,Aggregated,223.500000,0.000000,51,86,110,130,240,510,2800,6500,28000,29000,29000,78229,0,51,316.8798379852171,2.6634490059223026,29486.606695019873,5979.723644684196
1783338299,500,,Aggregated,220.000000,0.000000,50,86,110,130,240,500,2700,6500,28000,29000,29000,78462,0,50,316.1006345816636,2.6634490059223026,29486.606695019873,5979.662346103846
1783338300,500,,Aggregated,220.700000,0.000000,50,85,110,130,240,500,2700,6500,28000,29000,29000,78679,0,50,315.3392070018697,2.6634490059223026,29486.606695019873,5979.648711854497
1783338301,500,,Aggregated,221.800000,0.000000,50,85,110,130,240,500,2700,6500,28000,29000,29000,78921,0,50,314.50597951925886,2.6634490059223026,29486.606695019873,5979.593770986176
1783338302,500,,Aggregated,219.700000,0.000000,50,85,110,130,240,500,2700,6300,28000,29000,29000,79139,0,50,313.75807597295096,2.6634490059223026,29486.606695019873,5979.595610255374
1783338303,500,,Aggregated,221.000000,0.000000,50,85,110,130,240,490,2700,6300,28000,29000,29000,79366,0,50,312.9326368707074,2.6634490059223026,29486.606695019873,5977.884408940857
1783338304,500,,Aggregated,227.900000,0.000000,50,85,110,130,240,490,2700,6200,28000,29000,29000,79589,0,50,312.1809935634409,2.6634490059223026,29486.606695019873,5977.731847365842
1783338305,500,,Aggregated,223.100000,0.000000,50,85,110,130,240,490,2700,6000,28000,29000,29000,79820,0,50,311.3838088798613,2.6634490059223026,29486.606695019873,5978.355311951892
1783338306,500,,Aggregated,224.100000,0.000000,50,85,110,130,240,490,2700,5900,28000,29000,29000,80055,0,50,310.54755990971984,2.6634490059223026,29486.606695019873,5978.1374554993445
1783338307,500,,Aggregated,224.900000,0.000000,50,84,110,130,240,480,2700,5900,28000,29000,29000,80270,0,50,309.80350529334976,2.6634490059223026,29486.606695019873,5976.645758066526
1783338308,500,,Aggregated,225.600000,0.000000,49,84,110,130,240,480,2600,5900,28000,29000,29000,80498,0,49,309.03110631243106,2.6634490059223026,29486.606695019873,5976.8833635618275
1783338309,500,,Aggregated,225.000000,0.000000,49,84,110,130,240,480,2600,5900,28000,29000,29000,80709,0,49,308.4332115741008,2.6634490059223026,29486.606695019873,5977.1213247593205
1783338310,500,,Aggregated,226.000000,0.000000,50,84,110,130,240,480,2600,5900,28000,29000,29000,80938,0,50,307.8230858429068,2.6634490059223026,29486.606695019873,5976.067644369765
1783338311,500,,Aggregated,223.700000,0.000000,50,85,110,130,240,480,2600,5900,28000,29000,29000,81209,0,50,307.5549827467048,2.6634490059223026,29486.606695019873,5973.935425876442
1783338312,500,,Aggregated,225.900000,0.000000,50,85,110,130,240,480,2600,5900,28000,29000,29000,81431,0,50,306.8145776451584,2.6634490059223026,29486.606695019873,5971.216011101424
1783338313,500,,Aggregated,217.900000,0.000000,50,85,110,130,240,470,2600,5800,28000,29000,29000,81667,0,50,306.0341695800869,2.6634490059223026,29486.606695019873,5972.336561891584
1783338314,500,,Aggregated,221.000000,0.000000,49,84,110,130,240,470,2500,5800,28000,29000,29000,81891,0,49,305.3071439572115,2.6634490059223026,29486.606695019873,5971.790318838456
1783338315,500,,Aggregated,220.200000,0.000000,49,84,110,130,230,470,2500,5800,28000,29000,29000,82121,0,49,304.5836095989823,2.6634490059223026,29486.606695019873,5972.308800428636
1783338316,500,,Aggregated,223.000000,0.000000,49,84,110,130,230,470,2500,5800,28000,29000,29000,82351,0,49,303.80518767065143,2.6634490059223026,29486.606695019873,5971.841082682663
1783338317,500,,Aggregated,221.500000,0.000000,49,84,110,130,230,470,2500,5800,28000,29000,29000,82570,0,49,303.0529619916979,2.6634490059223026,29486.606695019873,5971.720746033669
1783338318,500,,Aggregated,219.400000,0.000000,49,84,110,130,230,470,2500,5800,28000,29000,29000,82787,0,49,302.4208640083864,2.6634490059223026,29486.606695019873,5971.942454733231
1783338319,500,,Aggregated,222.700000,0.000000,49,84,110,130,230,460,2500,5700,28000,29000,29000,83027,0,49,301.6393255679745,2.6634490059223026,29486.606695019873,5972.592590362171
1783338320,500,,Aggregated,218.800000,0.000000,49,84,110,130,230,460,2500,5700,28000,29000,29000,83255,0,49,300.89099766703623,2.6634490059223026,29486.606695019873,5972.009524953456
1783338321,500,,Aggregated,221.200000,0.000000,49,84,110,130,230,460,2500,5700,28000,29000,29000,83476,0,49,300.20566709839784,2.6634490059223026,29486.606695019873,5974.010278403373
1783338322,500,,Aggregated,221.700000,0.000000,49,83,110,130,230,460,2500,5700,28000,29000,29000,83712,0,49,299.50719202307585,2.6634490059223026,29486.606695019873,5973.306825783639
1783338323,500,,Aggregated,227.000000,0.000000,49,83,110,130,230,460,2400,5700,28000,29000,29000,83945,0,49,298.84853351612094,2.6634490059223026,29486.606695019873,5974.825885996784
1783338324,500,,Aggregated,224.500000,0.000000,49,83,110,130,230,460,2400,5700,28000,29000,29000,84173,0,49,298.2057827185522,2.6634490059223026,29486.606695019873,5974.63010704145
1783338325,500,,Aggregated,227.200000,0.000000,49,83,110,130,230,450,2400,5700,28000,29000,29000,84397,0,49,297.54807719528935,2.6634490059223026,29486.606695019873,5974.3610673365165
1783338326,500,,Aggregated,225.200000,0.000000,49,83,110,130,230,450,2400,5700,28000,29000,29000,84626,0,49,296.98542500586063,2.6634490059223026,29486.606695019873,5974.785668707017
1783338327,500,,Aggregated,225.800000,0.000000,49,83,110,130,230,450,2400,5500,28000,29000,29000,84850,0,49,296.2935518348607,2.6634490059223026,29486.606695019873,5973.993954036535
1783338328,500,,Aggregated,228.300000,0.000000,49,83,110,130,230,450,2400,5500,28000,29000,29000,85086,0,49,295.6044370468577,2.6634490059223026,29486.606695019873,5972.2767317772605
1783338329,500,,Aggregated,225.600000,0.000000,49,83,110,130,230,450,2400,5400,28000,29000,29000,85214,0,49,295.2355927375181,2.6634490059223026,29486.606695019873,5972.296653132114
1783338330,500,,Aggregated,228.800000,0.000000,49,84,110,130,230,450,2400,5300,28000,29000,29000,85448,0,49,295.2873378200674,2.6634490059223026,29486.606695019873,5974.128546016291
1783338331,500,,Aggregated,227.600000,0.000000,49,84,110,130,230,460,2400,5300,28000,29000,29000,85687,0,49,295.2774716578155,2.6634490059223026,29486.606695019873,5974.5829355678225
1783338332,500,,Aggregated,217.100000,0.000000,49,84,110,130,230,460,2300,5300,28000,29000,29000,85924,0,49,294.6483365712177,2.6634490059223026,29486.606695019873,5974.15371723849
1783338333,500,,Aggregated,219.100000,0.000000,49,84,110,130,230,460,2300,5300,28000,29000,29000,86131,0,49,294.02880498772925,2.6634490059223026,29486.606695019873,5975.498647409179
1783338334,500,,Aggregated,220.000000,0.000000,49,84,110,130,230,450,2300,5300,28000,29000,29000,86359,0,49,293.4193768627359,2.6634490059223026,29486.606695019873,5974.324853228963
1783338335,500,,Aggregated,219.200000,0.000000,49,84,110,130,230,450,2300,5300,28000,29000,29000,86590,0,49,292.81047584458776,2.6634490059223026,29486.606695019873,5975.577826538862
1783338336,500,,Aggregated,217.900000,0.000000,49,84,110,130,230,450,2300,5300,28000,29000,29000,86820,0,49,292.1248286471277,2.6634490059223026,29486.606695019873,5975.9773554480535
1783338337,500,,Aggregated,217.400000,0.000000,49,84,110,130,230,450,2300,5300,28000,29000,29000,87044,0,49,291.57478181456963,2.6634490059223026,29486.606695019873,5979.184573319241
1783338338,500,,Aggregated,216.000000,0.000000,49,84,110,130,230,450,2300,5300,28000,29000,29000,87268,0,49,291.00670049050444,2.6634490059223026,29486.606695019873,5977.839265251868
1783338339,500,,Aggregated,216.500000,0.000000,49,84,110,130,230,450,2300,5300,28000,29000,29000,87490,0,49,290.36757091415683,2.6634490059223026,29486.606695019873,5977.268979311922
1783338340,500,,Aggregated,217.600000,0.000000,49,83,110,130,230,450,2300,5300,28000,29000,29000,87709,0,49,289.7385091754974,2.6634490059223026,29486.606695019873,5975.763251205692
1783338341,500,,Aggregated,217.000000,0.000000,49,83,110,130,230,450,2300,5300,28000,29000,29000,87947,0,49,289.1027582653499,2.6634490059223026,29486.606695019873,5974.457912151637
1783338342,500,,Aggregated,224.300000,0.000000,49,83,110,130,230,440,2300,5300,28000,29000,29000,88167,0,49,288.50202552235925,2.6634490059223026,29486.606695019873,5975.433007814715
1783338343,500,,Aggregated,224.200000,0.000000,49,83,110,130,230,440,2300,5300,28000,29000,29000,88392,0,49,287.87654290907295,2.6634490059223026,29486.606695019873,5975.589974205811
1783338344,500,,Aggregated,223.000000,0.000000,49,83,110,130,230,440,2300,5200,28000,29000,29000,88620,0,49,287.28165783077014,2.6634490059223026,29486.606695019873,5976.230015797788
1783338345,500,,Aggregated,222.900000,0.000000,49,83,110,130,230,440,2200,5200,28000,29000,29000,88837,0,49,286.6689655431248,2.6634490059223026,29486.606695019873,5974.026340376195
1783338346,500,,Aggregated,223.000000,0.000000,48,83,110,130,220,440,2200,5200,28000,29000,29000,89083,0,48,285.9891061579118,2.6634490059223026,29486.606695019873,5972.431024999158
1783338347,500,,Aggregated,223.300000,0.000000,48,83,110,130,220,440,2200,5200,28000,29000,29000,89291,0,48,285.40899707317834,2.6634490059223026,29486.606695019873,5973.148984780101
1783338349,500,,Aggregated,223.600000,0.000000,48,83,110,130,220,440,2200,5200,28000,29000,29000,89464,0,48,284.9529631145044,2.6634490059223026,29486.606695019873,5973.13924036484
1783338350,500,,Aggregated,223.000000,0.000000,49,83,110,130,230,440,2200,5200,28000,29000,29000,89705,0,49,285.0581390568429,2.6634490059223026,29486.606695019873,5972.814592274678
1783338351,500,,Aggregated,214.700000,0.000000,49,83,110,130,230,440,2200,5200,28000,29000,29000,89953,0,49,284.8232433078741,2.6634490059223026,29486.606695019873,5971.832334663658
1783338352,500,,Aggregated,218.100000,0.000000,49,83,110,130,230,440,2100,5200,28000,29000,29000,90159,0,49,284.2281776245195,2.6634490059223026,29486.606695019873,5970.915527013388
1783338353,500,,Aggregated,219.200000,0.000000,49,83,110,130,230,440,2100,5200,28000,29000,29000,90362,0,49,283.84546961580315,2.6634490059223026,29486.606695019873,5970.916513578717
1783338354,500,,Aggregated,216.400000,0.000000,49,84,110,130,230,440,2100,5200,28000,29000,29000,90620,0,49,283.32582818722466,2.6634490059223026,29486.606695019873,5969.947837122048
1783338355,500,,Aggregated,214.000000,0.000000,49,83,110,130,230,440,2100,5100,28000,29000,29000,90842,0,49,282.7150060867163,2.6634490059223026,29486.606695019873,5970.502300697915
1783338356,500,,Aggregated,217.600000,0.000000,49,83,110,130,230,440,2100,5100,28000,29000,29000,91052,0,49,282.15439534308564,2.6634490059223026,29486.606695019873,5970.576187233669
1783338357,500,,Aggregated,217.700000,0.000000,49,83,110,130,230,440,2100,5100,28000,29000,29000,91296,0,49,281.5328760130444,2.6634490059223026,29486.606695019873,5970.8261260077115
1783338358,500,,Aggregated,215.800000,0.000000,49,83,110,130,230,430,2100,5000,28000,29000,29000,91515,0,49,281.00022211208045,2.6634490059223026,29486.606695019873,5972.0580232748725
1783338359,500,,Aggregated,216.000000,0.000000,49,83,110,130,230,430,2100,5000,28000,29000,29000,91746,0,49,280.558277555907,2.6634490059223026,29486.606695019873,5973.3407886992345
1783338360,500,,Aggregated,217.400000,0.000000,49,83,110,130,230,430,2100,5000,28000,29000,29000,91961,0,49,280.0562296388068,2.6634490059223026,29486.606695019873,5973.980339491741
1783338361,500,,Aggregated,225.300000,0.000000,49,83,110,130,220,430,2100,5000,28000,29000,29000,92194,0,49,279.4880544150512,2.6634490059223026,29486.606695019873,5971.720741046055
1783338362,500,,Aggregated,222.400000,0.000000,49,83,110,130,220,430,2100,4900,28000,29000,29000,92427,0,49,278.98201482024655,2.6634490059223026,29486.606695019873,5971.7715927164145
1783338363,500,,Aggregated,222.800000,0.000000,49,83,110,130,220,430,2100,4900,28000,29000,29000,92651,0,49,278.39737930150875,2.6634490059223026,29486.606695019873,5971.098563426191
1783338364,500,,Aggregated,224.700000,0.000000,49,83,110,130,220,430,2100,4900,28000,29000,29000,92903,0,49,277.76262705173525,2.6634490059223026,29486.606695019873,5972.3583414959685
1783338365,500,,Aggregated,227.700000,0.000000,48,83,110,130,220,430,2000,4900,28000,29000,29000,93123,0,48,277.1730553951797,2.6634490059223026,29486.606695019873,5974.180331389667
1783338366,500,,Aggregated,226.500000,0.000000,48,83,110,130,220,430,2000,4900,28000,29000,29000,93350,0,48,276.5859332714971,2.6634490059223026,29486.606695019873,5972.640899839314
1783338367,500,,Aggregated,226.500000,0.000000,48,83,110,130,220,420,2000,4900,28000,29000,29000,93521,0,48,276.1440524863219,2.6634490059223026,29486.606695019873,5972.327883576951
1783338368,500,,Aggregated,228.100000,0.000000,49,83,110,130,220,430,2000,4900,28000,29000,29000,93765,0,49,276.2463642554181,2.6634490059223026,29486.606695019873,5971.653623420253
1783338369,500,,Aggregated,224.700000,0.000000,49,83,110,130,230,430,2000,4900,28000,29000,29000,94022,0,49,276.3193914687242,2.6634490059223026,29486.606695019873,5970.195082002085
1783338370,500,,Aggregated,219.100000,0.000000,49,83,110,130,230,430,2000,4900,28000,29000,29000,94220,0,49,275.8405244583483,2.6634490059223026,29486.606695019873,5970.068127786033
1783338371,500,,Aggregated,221.500000,0.000000,49,83,110,130,230,430,2000,4900,28000,29000,29000,94464,0,49,275.2263974905378,2.6634490059223026,29486.606695019873,5968.849170054201
1783338372,500,,Aggregated,223.700000,0.000000,49,83,110,130,230,430,2000,4900,28000,29000,29000,94704,0,49,274.740687717139,2.6634490059223026,29486.606695019873,5969.2799987328945
1783338373,500,,Aggregated,221.900000,0.000000,49,83,110,130,230,430,2000,4900,28000,29000,29000,94918,0,49,274.2019328298283,2.6634490059223026,29486.606695019873,5970.149139257043
1783338374,500,,Aggregated,222.400000,0.000000,49,83,110,130,220,430,2000,4800,28000,29000,29000,95143,0,49,273.65117614201483,2.6634490059223026,29486.606695019873,5971.040496936191
1783338375,500,,Aggregated,221.900000,0.000000,48,83,110,130,220,430,2000,4800,28000,29000,29000,95372,0,48,273.09832578359226,2.6634490059223026,29486.606695019873,5971.442614184457
1783338376,500,,Aggregated,220.300000,0.000000,48,83,110,130,220,430,2000,4800,28000,29000,29000,95602,0,48,272.51410075133225,2.6634490059223026,29486.606695019873,5971.386090249158
1783338377,500,,Aggregated,221.500000,0.000000,48,83,110,130,220,420,2000,4800,28000,29000,29000,95822,0,48,271.97804483466246,2.6634490059223026,29486.606695019873,5970.318705516478
1783338378,500,,Aggregated,219.700000,0.000000,48,83,110,130,220,420,2000,4700,28000,29000,29000,96057,0,48,271.4215703297119,2.6634490059223026,29486.606695019873,5971.465504856492
1783338379,500,,Aggregated,220.800000,0.000000,48,83,110,130,220,420,2000,4700,28000,29000,29000,96289,0,48,270.8744589465276,2.6634490059223026,29486.606695019873,5972.561881419477
1783338380,500,,Aggregated,226.500000,0.000000,48,83,110,130,220,420,2000,4700,28000,29000,29000,96499,0,48,270.4564435449305,2.6634490059223026,29486.606695019873,5973.511953491746
1783338381,500,,Aggregated,226.500000,0.000000,48,82,110,130,220,420,2000,4700,28000,29000,29000,96729,0,48,269.89709316009817,2.6634490059223026,29486.606695019873,5970.631382522304
1783338382,500,,Aggregated,223.700000,0.000000,48,82,110,130,220,420,2000,4700,28000,29000,29000,96975,0,48,269.3422055882673,2.6634490059223026,29486.606695019873,5968.94432585718
1783338383,500,,Aggregated,225.100000,0.000000,48,82,110,130,220,420,2000,4700,28000,29000,29000,97196,0,48,268.7934756730623,2.6634490059223026,29486.606695019873,5970.183690686859
1783338384,500,,Aggregated,224.500000,0.000000,48,82,110,130,220,420,1900,4600,28000,29000,29000,97411,0,48,268.2734875988842,2.6634490059223026,29486.606695019873,5972.581227992732
1783338385,500,,Aggregated,225.800000,0.000000,48,82,110,130,220,420,1900,4600,28000,29000,29000,97660,0,48,267.6977536510526,2.6634490059223026,29486.606695019873,5973.2909481875895
1783338386,500,,Aggregated,224.800000,0.000000,48,82,110,130,220,420,1900,4600,28000,29000,29000,97805,0,48,267.4459291779431,2.6634490059223026,29486.606695019873,5973.220039875262
1783338387,500,,Aggregated,225.700000,0.000000,48,82,110,130,220,420,1900,4600,28000,29000,29000,98057,0,48,267.5087128545217,2.6634490059223026,29486.606695019873,5972.786348756335
1783338388,500,,Aggregated,227.200000,0.000000,48,83,110,130,220,420,1900,4600,28000,29000,29000,98283,0,48,267.3245596531114,2.6634490059223026,29486.606695019873,5973.887905334595
1783338389,500,,Aggregated,221.400000,0.000000,48,83,110,130,220,420,1900,4600,28000,29000,29000,98489,0,48,266.96175343213054,2.6634490059223026,29486.606695019873,5972.172831483719
1783338390,500,,Aggregated,222.500000,0.000000,49,83,110,130,230,420,1900,4600,28000,29000,29000,98712,0,49,266.91513322735113,2.6634490059223026,29486.606695019873,5972.55014587892
1783338391,500,,Aggregated,219.700000,0.000000,49,83,110,130,230,420,1900,4600,28000,29000,29000,98948,0,49,266.613927186263,2.6634490059223026,29486.606695019873,5974.3853943485465
1783338392,500,,Aggregated,219.500000,0.000000,49,83,110,130,230,420,1900,4500,28000,29000,29000,99160,0,49,266.17785382982356,2.6634490059223026,29486.606695019873,5976.633995562727
1783338393,500,,Aggregated,220.800000,0.000000,49,83,110,130,220,420,1900,4500,28000,29000,29000,99401,0,49,265.73362004725135,2.6634490059223026,29486.606695019873,5976.56204665949
1783338394,500,,Aggregated,217.900000,0.000000,49,83,110,130,220,420,1900,4500,28000,29000,29000,99618,0,49,265.29844320367823,2.6634490059223026,29486.606695019873,5976.404173944468
1783338395,500,,Aggregated,217.600000,0.000000,49,83,110,130,220,420,1900,4400,28000,29000,29000,99837,0,49,264.8183134037776,2.6634490059223026,29486.606695019873,5977.184600899466
1783338396,500,,Aggregated,219.500000,0.000000,49,83,110,130,220,420,1900,4400,28000,29000,29000,100055,0,49,264.3782141778908,2.6634490059223026,29486.606695019873,5975.161920943481
1783338397,500,,Aggregated,216.900000,0.000000,49,83,110,130,220,420,1800,4400,28000,29000,29000,100293,0,49,263.96864213091453,2.6634490059223026,29486.606695019873,5975.053263936666
1783338398,500,,Aggregated,215.100000,0.000000,49,83,110,130,220,420,1800,4400,28000,29000,29000,100520,0,49,263.4380910822722,2.6634490059223026,29486.606695019873,5976.423219259848
1783338399,500,,Aggregated,222.500000,0.000000,49,83,110,130,220,410,1800,4400,28000,29000,29000,100748,0,49,262.935910484885,2.6634490059223026,29486.606695019873,5973.994858458729
1783338400,500,,Aggregated,222.400000,0.000000,49,83,110,130,220,410,1800,4400,28000,29000,29000,100997,0,49,262.42540910168543,2.6634490059223026,29486.606695019873,5971.5004307058625
1783338401,500,,Aggregated,221.400000,0.000000,48,83,110,130,220,410,1800,4300,28000,29000,29000,101205,0,48,261.9443174379251,2.6634490059223026,29486.606695019873,5973.379220394249
1783338402,500,,Aggregated,225.200000,0.000000,49,83,110,130,220,410,1800,4300,28000,29000,29000,101431,0,49,261.5693853157717,2.6634490059223026,29486.606695019873,5972.110133982707
1783338403,500,,Aggregated,223.500000,0.000000,49,83,110,130,220,410,1800,4300,28000,29000,29000,101659,0,49,261.14972335351854,2.6634490059223026,29486.606695019873,5971.71339478059
1783338404,500,,Aggregated,225.700000,0.000000,49,83,110,130,220,410,1800,4300,28000,29000,29000,101825,0,49,260.9305667669496,2.6634490059223026,29486.606695019873,5971.241119567886
1783338405,500,,Aggregated,225.000000,0.000000,49,83,110,130,220,420,1800,4300,28000,29000,29000,102105,0,49,261.09155925732324,2.6634490059223026,29486.606695019873,5971.224435629989
1783338406,500,,Aggregated,222.800000,0.000000,49,83,110,130,220,420,1800,4300,28000,29000,29000,102343,0,49,260.77889857127496,2.6634490059223026,29486.606695019873,5972.065182767751
1783338407,500,,Aggregated,215.400000,0.000000,49,83,110,130,220,420,1800,4300,28000,29000,29000,102538,0,49,260.3301028440286,2.6634490059223026,29486.606695019873,5971.636573758022
1783338408,500,,Aggregated,221.300000,0.000000,49,83,110,130,220,410,1800,4300,28000,29000,29000,102779,0,49,259.9315547308317,2.6634490059223026,29486.606695019873,5971.95918426916
1783338409,500,,Aggregated,219.900000,0.000000,49,83,110,130,220,410,1800,4300,28000,29000,29000,103016,0,49,259.5063215559853,2.6634490059223026,29486.606695019873,5972.532354197407
1783338410,500,,Aggregated,216.100000,0.000000,49,83,110,130,220,410,1800,4200,28000,29000,29000,103227,0,49,259.0804769971969,2.6634490059223026,29486.606695019873,5972.204830131652
1783338411,500,,Aggregated,218.600000,0.000000,49,83,110,130,220,410,1800,4200,28000,29000,29000,103455,0,49,258.5941696844083,2.6634490059223026,29486.606695019873,5971.719810545648
1783338412,500,,Aggregated,219.500000,0.000000,49,83,110,130,220,410,1800,4200,28000,29000,29000,103676,0,49,258.2302662013724,2.6634490059223026,29486.606695019873,5972.896089741116
1783338413,500,,Aggregated,216.500000,0.000000,49,83,110,130,220,410,1800,4200,28000,29000,29000,103910,0,49,257.7844710669865,2.6634490059223026,29486.606695019873,5972.425137137908
1783338414,500,,Aggregated,217.000000,0.000000,49,83,110,130,220,410,1800,4200,28000,29000,29000,104119,0,49,257.3784597689828,2.6634490059223026,29486.606695019873,5971.491197572009
1783338415,500,,Aggregated,216.900000,0.000000,49,83,110,130,220,410,1800,4200,28000,29000,29000,104361,0,49,257.01561601829155,2.6634490059223026,29486.606695019873,5970.0822433667745
1783338416,500,,Aggregated,218.700000,0.000000,49,83,110,130,220,410,1700,4200,28000,29000,29000,104602,0,49,256.561180391537,2.6634490059223026,29486.606695019873,5968.601001892889
1783338417,500,,Aggregated,225.500000,0.000000,49,83,110,130,220,410,1700,4200,28000,29000,29000,104809,0,49,256.1112743825276,2.6634490059223026,29486.606695019873,5970.49887891307
1783338418,500,,Aggregated,222.700000,0.000000,49,83,110,130,220,410,1700,4200,28000,29000,29000,105037,0,49,255.65646793276878,2.6634490059223026,29486.606695019873,5970.665270333311
1783338419,500,,Aggregated,224.500000,0.000000,49,83,110,130,220,400,1700,4200,28000,29000,29000,105269,0,49,255.2215322704723,2.6634490059223026,29486.606695019873,5969.631059476199
1783338420,500,,Aggregated,225.100000,0.000000,49,83,110,130,220,400,1700,4200,28000,29000,29000,105499,0,49,254.74907106633708,2.6634490059223026,29486.606695019873,5969.052929411653
1783338421,500,,Aggregated,225.200000,0.000000,49,83,110,130,220,400,1700,4200,28000,29000,29000,105715,0,49,254.31270763651017,2.6634490059223026,29486.606695019873,5968.465326585631
1783338423,500,,Aggregated,223.400000,0.000000,49,83,110,130,220,400,1700,4200,28000,29000,29000,105968,0,49,253.80641758301414,2.6634490059223026,29486.606695019873,5966.241280386532
1783338424,500,,Aggregated,225.100000,0.000000,49,83,110,130,220,400,1700,4200,28000,29000,29000,106136,0,49,253.48116296078257,2.6634490059223026,29486.606695019873,5966.863693751413
1783338425,500,,Aggregated,227.100000,0.000000,49,83,110,130,220,410,1700,4200,28000,29000,29000,106355,0,49,253.7960766195448,2.6634490059223026,29486.606695019873,5965.525024681491
1783338426,500,,Aggregated,220.900000,0.000000,49,83,110,130,220,410,1700,4200,28000,29000,29000,106598,0,49,254.271020709691,2.6634490059223026,29486.606695019873,5966.204675509859
1783338427,500,,Aggregated,214.600000,0.000000,49,83,110,130,220,410,1700,4200,28000,29000,29000,106829,0,49,253.90160869749292,2.6634490059223026,29486.606695019873,5967.362448398843
1783338428,500,,Aggregated,214.100000,0.000000,49,83,110,130,220,410,1700,4200,28000,29000,29000,107052,0,49,253.4846396611492,2.6634490059223026,29486.606695019873,5967.496216791839
1783338429,500,,Aggregated,213.400000,0.000000,49,83,110,130,220,410,1700,4100,28000,29000,29000,107267,0,49,253.05832252412668,2.6634490059223026,29486.606695019873,5967.937669553544
1783338430,500,,Aggregated,215.000000,0.000000,49,83,110,130,220,410,1700,4100,28000,29000,29000,107515,0,49,252.58372768843907,2.6634490059223026,29486.606695019873,5967.149811654188
1783338431,500,,Aggregated,214.100000,0.000000,49,83,110,130,220,410,1700,4100,28000,29000,29000,107742,0,49,252.1427222573334,2.6634490059223026,29486.606695019873,5966.74647769672
1783338432,500,,Aggregated,213.800000,0.000000,49,83,110,130,220,410,1700,4100,28000,29000,29000,107968,0,49,251.6766257489753,2.6634490059223026,29486.606695019873,5965.712479623592
1783338433,500,,Aggregated,215.700000,0.000000,49,83,110,130,220,410,1700,4100,28000,29000,29000,108176,0,49,251.23838129523753,2.6634490059223026,29486.606695019873,5965.751599245674
1783338434,500,,Aggregated,215.100000,0.000000,48,83,110,130,220,410,1600,4100,28000,29000,29000,108387,0,48,250.83074647615157,2.6634490059223026,29486.606695019873,5963.333850000461
1783338435,500,,Aggregated,213.600000,0.000000,48,83,110,130,220,410,1600,4000,28000,29000,29000,108634,0,48,250.36714330279227,2.6634490059223026,29486.606695019873,5961.820884805862
1783338436,500,,Aggregated,217.800000,0.000000,48,83,110,130,220,410,1600,4000,28000,29000,29000,108852,0,48,249.93762650528672,2.6634490059223026,29486.606695019873,5961.595735494066
1783338437,500,,Aggregated,226.100000,0.000000,48,82,110,130,220,410,1600,4000,28000,29000,29000,109081,0,48,249.5003341210868,2.6634490059223026,29486.606695019873,5960.950128803366
1783338438,500,,Aggregated,224.500000,0.000000,48,82,110,130,220,410,1600,4000,28000,29000,29000,109318,0,48,249.1010250733407,2.6634490059223026,29486.606695019873,5958.871997292304
1783338439,500,,Aggregated,224.200000,0.000000,48,82,110,130,220,410,1600,4000,28000,29000,29000,109537,0,48,248.66522781026035,2.6634490059223026,29486.606695019873,5958.534312606699
1783338440,500,,Aggregated,224.700000,0.000000,48,82,110,130,220,400,1600,4000,28000,29000,29000,109756,0,48,248.25224221806099,2.6634490059223026,29486.606695019873,5958.673739932214
1783338441,500,,Aggregated,224.800000,0.000000,48,82,110,130,220,400,1600,4000,28000,29000,29000,109968,0,48,247.82471064523892,2.6634490059223026,29486.606695019873,5958.523852393423
1783338442,500,,Aggregated,225.400000,0.000000,48,82,110,130,220,400,1600,4000,28000,29000,29000,110208,0,48,247.4430236872229,2.6634490059223026,29486.606695019873,5958.824069033101
1783338443,500,,Aggregated,220.300000,0.000000,48,82,110,130,220,400,1600,4000,28000,29000,29000,110390,0,48,247.11852805192834,2.6634490059223026,29486.606695019873,5959.986719811577
1783338444,500,,Aggregated,223.300000,0.000000,48,82,110,130,220,410,1500,4000,28000,29000,29000,110631,0,48,247.28879029345686,2.6634490059223026,29486.606695019873,5959.423995082752
1783338445,500,,Aggregated,223.000000,0.000000,49,83,110,130,220,410,1500,3900,28000,29000,29000,110873,0,49,247.57335835356514,2.6634490059223026,29486.606695019873,5960.310048433794
1783338446,500,,Aggregated,213.500000,0.000000,49,83,110,130,220,410,1500,3900,28000,29000,29000,111107,0,49,247.26078821527588,2.6634490059223026,29486.606695019873,5961.269370966726
1783338447,500,,Aggregated,216.100000,0.000000,48,83,110,130,220,410,1500,3900,28000,29000,29000,111322,0,48,246.85784394379658,2.6634490059223026,29486.606695019873,5960.089155782325
1783338448,500,,Aggregated,217.900000,0.000000,48,83,110,130,220,410,1500,3900,28000,29000,29000,111541,0,48,246.43519857539692,2.6634490059223026,29486.606695019873,5960.5094987493385
1783338449,500,,Aggregated,216.800000,0.000000,49,83,110,130,220,410,1500,3900,28000,29000,29000,111760,0,49,246.19249460428193,2.6634490059223026,29486.606695019873,5960.581773443092
1783338450,500,,Aggregated,217.100000,0.000000,49,83,110,130,220,410,1500,3900,28000,29000,29000,111994,0,49,245.8393217616725,2.6634490059223026,29486.606695019873,5960.577664874904
1783338451,500,,Aggregated,215.900000,0.000000,48,83,110,130,220,410,1500,3900,28000,29000,29000,112226,0,48,245.39977480627928,2.6634490059223026,29486.606695019873,5961.916222622209
1783338452,500,,Aggregated,214.700000,0.000000,48,83,110,130,220,410,1500,3900,28000,29000,29000,112451,0,48,244.99265776735194,2.6634490059223026,29486.606695019873,5960.579416812656
1783338453,500,,Aggregated,218.200000,0.000000,48,82,110,130,220,410,1500,3900,28000,29000,29000,112674,0,48,244.56949727751754,2.6634490059223026,29486.606695019873,5962.127376324618
1783338454,500,,Aggregated,217.600000,0.000000,48,82,110,130,220,410,1500,3900,28000,29000,29000,112915,0,48,244.12556341999996,2.6634490059223026,29486.606695019873,5963.242571846079
1783338455,500,,Aggregated,215.800000,0.000000,48,82,110,130,220,400,1500,3900,28000,29000,29000,113146,0,48,243.70529123178054,2.6634490059223026,29486.606695019873,5963.839905962208
1783338456,500,,Aggregated,227.000000,0.000000,48,82,110,130,220,400,1500,3900,28000,29000,29000,113367,0,48,243.27798741454825,2.6634490059223026,29486.606695019873,5964.324662379705
1783338457,500,,Aggregated,226.700000,0.000000,48,82,110,130,220,400,1500,3900,28000,29000,29000,113597,0,48,242.85795467741366,2.6634490059223026,29486.606695019873,5964.368275570658
1783338458,500,,Aggregated,225.600000,0.000000,48,82,110,130,220,400,1500,3900,28000,29000,29000,113818,0,48,242.44336826190133,2.6634490059223026,29486.606695019873,5964.63008487234
1783338459,500,,Aggregated,224.600000,0.000000,48,82,110,130,220,400,1500,3900,28000,29000,29000,114048,0,48,242.099682553162,2.6634490059223026,29486.606695019873,5964.135556958474
1783338460,500,,Aggregated,225.100000,0.000000,48,82,110,130,220,400,1500,3900,28000,29000,29000,114293,0,48,241.73382469793478,2.6634490059223026,29486.606695019873,5964.901717515509
1783338462,500,,Aggregated,226.800000,0.000000,48,82,110,130,220,400,1500,3900,28000,29000,29000,114464,0,48,241.41345433046217,2.6634490059223026,29486.606695019873,5965.935761462119
1783338463,500,,Aggregated,227.000000,0.000000,48,82,110,130,220,410,1500,3900,28000,29000,29000,114702,0,48,241.62663997131548,2.6634490059223026,29486.606695019873,5964.9675332601
1783338464,500,,Aggregated,218.800000,0.000000,48,83,110,130,220,410,1500,3900,28000,29000,29000,114947,0,48,242.00218918496117,2.6634490059223026,29486.606695019873,5965.517969151
1783338465,500,,Aggregated,218.000000,0.000000,48,82,110,130,220,410,1500,3900,28000,29000,29000,115179,0,48,241.6333129220053,2.6634490059223026,29486.606695019873,5964.238159733979
1783338466,500,,Aggregated,218.400000,0.000000,48,82,110,130,220,410,1500,3900,28000,29000,29000,115372,0,48,241.27539282552854,2.6634490059223026,29486.606695019873,5964.367723537774
1783338467,500,,Aggregated,217.100000,0.000000,48,82,110,130,220,410,1500,3900,28000,29000,29000,115616,0,48,240.96979005033793,2.6634490059223026,29486.606695019873,5966.0621194298365
1783338468,500,,Aggregated,214.400000,0.000000,48,82,110,130,220,410,1500,3900,28000,29000,29000,115842,0,48,240.5474239782261,2.6634490059223026,29486.606695019873,5965.695827074809
1783338469,500,,Aggregated,217.700000,0.000000,48,82,110,130,220,410,1500,3900,28000,29000,29000,116069,0,48,240.15106704873463,2.6634490059223026,29486.606695019873,5965.973317595568
1783338470,500,,Aggregated,216.900000,0.000000,48,82,110,130,220,410,1500,3900,28000,29000,29000,116294,0,48,239.82096065672013,2.6634490059223026,29486.606695019873,5964.9783135845355
1783338471,500,,Aggregated,218.700000,0.000000,48,82,110,130,220,410,1500,3800,28000,29000,29000,116518,0,48,239.5621020649552,2.6634490059223026,29486.606695019873,5966.398504952024
1783338472,500,,Aggregated,216.200000,0.000000,48,82,110,130,220,410,1500,3800,28000,29000,29000,116745,0,48,239.22730309204022,2.6634490059223026,29486.606695019873,5966.379964880723
1783338473,500,,Aggregated,214.900000,0.000000,48,82,110,130,220,410,1500,3800,28000,29000,29000,116971,0,48,238.8209100408366,2.6634490059223026,29486.606695019873,5965.64460421814
1783338474,500,,Aggregated,223.300000,0.000000,48,82,110,130,220,400,1400,3800,28000,29000,29000,117187,0,48,238.46227514196647,2.6634490059223026,29486.606695019873,5966.552219956138
1783338475,500,,Aggregated,224.400000,0.000000,48,82,110,130,220,400,1400,3800,28000,29000,29000,117422,0,48,238.09496253854238,2.6634490059223026,29486.606695019873,5967.3599155183865
1783338476,500,,Aggregated,223.700000,0.000000,48,82,110,130,220,400,1400,3800,28000,29000,29000,117643,0,48,237.7633665708073,2.6634490059223026,29486.606695019873,5967.3422473075325
1783338477,500,,Aggregated,223.700000,0.000000,48,82,110,130,220,400,1400,3800,28000,29000,29000,117878,0,48,237.39823711471564,2.6634490059223026,29486.606695019873,5967.100196813655
1783338478,500,,Aggregated,224.500000,0.000000,48,82,110,130,220,400,1400,3800,28000,29000,29000,118097,0,48,237.02923665494887,2.6634490059223026,29486.606695019873,5966.102652903969
1783338479,500,,Aggregated,224.800000,0.000000,48,82,110,130,220,400,1400,3800,28000,29000,29000,118326,0,48,236.62637768880478,2.6634490059223026,29486.606695019873,5965.075942734479
1783338480,500,,Aggregated,222.800000,0.000000,48,82,110,120,220,400,1400,3700,28000,29000,29000,118512,0,48,236.33914059095676,2.6634490059223026,29486.606695019873,5962.952578641825
1783338481,500,,Aggregated,223.700000,0.000000,48,82,110,130,220,410,1400,3700,28000,29000,29000,118755,0,48,236.63166117977872,2.6634490059223026,29486.606695019873,5963.117140330934
1783338482,500,,Aggregated,224.200000,0.000000,48,82,110,130,220,410,1400,3700,28000,29000,29000,119024,0,48,236.79172701146578,2.6634490059223026,29486.606695019873,5962.715435542412
1783338483,500,,Aggregated,214.600000,0.000000,48,82,110,130,220,410,1400,3700,28000,29000,29000,119212,0,48,236.45977290047725,2.6634490059223026,29486.606695019873,5963.398827299266
1783338484,500,,Aggregated,217.100000,0.000000,48,82,110,130,220,410,1400,3700,28000,29000,29000,119451,0,48,236.0793050813936,2.6634490059223026,29486.606695019873,5962.30185599116
1783338485,500,,Aggregated,218.700000,0.000000,48,82,110,130,220,410,1400,3700,28000,29000,29000,119687,0,48,235.70476435763786,2.6634490059223026,29486.606695019873,5962.526205853602
1783338486,500,,Aggregated,217.000000,0.000000,48,82,110,130,220,410,1400,3700,28000,29000,29000,119900,0,48,235.38046737857076,2.6634490059223026,29486.606695019873,5961.7506255212675
1783338487,500,,Aggregated,217.300000,0.000000,48,82,110,130,220,410,1400,3700,28000,29000,29000,120130,0,48,234.99395720644776,2.6634490059223026,29486.606695019873,5962.381761425123
1783338488,500,,Aggregated,218.600000,0.000000,48,82,110,130,220,410,1400,3700,28000,29000,29000,120370,0,48,234.6716068018465,2.6634490059223026,29486.606695019873,5962.265273739304
1783338489,500,,Aggregated,217.100000,0.000000,48,82,110,130,220,410,1400,3700,28000,29000,29000,120592,0,48,234.3011166170892,2.6634490059223026,29486.606695019873,5962.841150325063
1783338490,500,,Aggregated,218.300000,0.000000,48,82,110,130,220,400,1400,3700,28000,29000,29000,120816,0,48,233.932310630437,2.6634490059223026,29486.606695019873,5963.062806250828
1783338491,500,,Aggregated,218.300000,0.000000,48,82,110,130,220,400,1400,3700,28000,29000,29000,121040,0,48,233.58711695440147,2.6634490059223026,29486.606695019873,5963.963788830139
1783338492,500,,Aggregated,218.700000,0.000000,48,82,110,120,220,400,1400,3700,28000,29000,29000,121275,0,48,233.235960031633,2.6634490059223026,29486.606695019873,5963.041682127397
1783338493,500,,Aggregated,228.700000,0.000000,48,82,110,120,220,400,1400,3700,28000,29000,29000,121504,0,48,232.93349034033548,2.6634490059223026,29486.606695019873,5961.986518962339
1783338494,500,,Aggregated,224.400000,0.000000,48,82,110,120,220,400,1400,3700,28000,29000,29000,121725,0,48,232.6660350039222,2.6634490059223026,29486.606695019873,5962.961445882112
1783338495,500,,Aggregated,225.400000,0.000000,48,82,110,120,220,400,1400,3700,28000,29000,29000,121963,0,48,232.2711320895058,2.6634490059223026,29486.606695019873,5961.659642678517
1783338496,500,,Aggregated,226.900000,0.000000,48,82,110,120,220,400,1400,3700,28000,29000,29000,122191,0,48,231.95858133562402,2.6634490059223026,29486.606695019873,5961.20237169677
1783338497,500,,Aggregated,226.800000,0.000000,48,82,110,120,220,400,1400,3700,28000,29000,29000,122412,0,48,231.65684405707833,2.6634490059223026,29486.606695019873,5959.883197725713
1783338498,500,,Aggregated,225.200000,0.000000,48,82,110,120,220,400,1400,3700,28000,29000,29000,122644,0,48,231.26888137973455,2.6634490059223026,29486.606695019873,5960.973614689671
1783338499,500,,Aggregated,226.800000,0.000000,47,81,110,120,220,400,1400,3700,28000,29000,29000,122813,0,47,230.98135695870275,2.6634490059223026,29486.606695019873,5960.175168752494
1783338500,500,,Aggregated,225.100000,0.000000,48,82,110,130,220,400,1300,3600,28000,29000,29000,123072,0,48,231.175258164361,2.6634490059223026,29486.606695019873,5961.219538156526
1783338501,500,,Aggregated,225.200000,0.000000,48,82,110,130,220,400,1300,3600,28000,29000,29000,123317,0,48,231.12699727826887,2.6634490059223026,29486.606695019873,5961.003219345264
1783338502,500,,Aggregated,214.100000,0.000000,48,82,110,130,220,400,1300,3600,28000,29000,29000,123528,0,48,230.81403230593878,2.6634490059223026,29486.606695019873,5961.309209248106
1783338503,500,,Aggregated,218.600000,0.000000,48,82,110,130,220,400,1300,3600,28000,29000,29000,123757,0,48,230.44411861041962,2.6634490059223026,29486.606695019873,5960.531905265965
1783338504,500,,Aggregated,221.200000,0.000000,48,82,110,130,220,400,1300,3600,28000,29000,29000,123989,0,48,230.13327577225024,2.6634490059223026,29486.606695019873,5961.445902459089
1783338505,500,,Aggregated,217.900000,0.000000,48,82,110,120,220,400,1300,3500,28000,29000,29000,124205,0,48,229.78289980051125,2.6634490059223026,29486.606695019873,5960.60722998269
1783338507,500,,Aggregated,217.600000,0.000000,48,82,110,120,220,400,1300,3500,28000,29000,29000,124422,0,48,229.50247443294057,2.6634490059223026,29486.606695019873,5961.681776534697
1783338508,500,,Aggregated,218.300000,0.000000,48,82,110,120,220,400,1300,3500,28000,29000,29000,124660,0,48,229.17759179736487,2.6634490059223026,29486.606695019873,5961.737165089042
1783338509,500,,Aggregated,215.500000,0.000000,48,82,110,120,220,400,1300,3500,28000,29000,29000,124881,0,48,228.854196860976,2.6634490059223026,29486.606695019873,5960.858849624843
1783338510,500,,Aggregated,219.100000,0.000000,48,82,110,120,220,400,1300,3500,28000,29000,29000,125093,0,48,228.6542904225438,2.6634490059223026,29486.606695019873,5961.99495575292
1783338511,500,,Aggregated,216.700000,0.000000,48,82,110,120,220,400,1300,3500,28000,29000,29000,125330,0,48,228.30809769907782,2.6634490059223026,29486.606695019873,5962.749844410756
1783338512,500,,Aggregated,226.800000,0.000000,48,82,110,120,220,400,1300,3500,28000,29000,29000,125525,0,48,228.0413570673217,2.6634490059223026,29486.606695019873,5961.081457876917
1783338513,500,,Aggregated,223.100000,0.000000,48,82,110,120,220,400,1300,3500,28000,29000,29000,125759,0,48,227.87154396214717,2.6634490059223026,29486.606695019873,5961.069402587489
1783338514,500,,Aggregated,218.800000,0.000000,48,82,110,120,220,400,1300,3500,28000,29000,29000,126000,0,48,227.51567362487938,2.6634490059223026,29486.606695019873,5960.655015873016
