Timestamp,User Count,Type,Name,Requests/s,Failures/s,50%,66%,75%,80%,90%,95%,98%,99%,99.9%,99.99%,100%,Total Request Count,Total Failure Count,Total Median Response Time,Total Average Response Time,Total Min Response Time,Total Max Response Time,Total Average Content Size
1783316914,0,,Aggregated,0.000000,0.000000,N/A,N/A,N/A,N/A,N/A,N/A,N/A,N/A,N/A,N/A,N/A,0,0,0,0.0,0,0,0
1783316915,50,,Aggregated,0.000000,0.000000,10,16,31,72,860,910,950,950,950,950,950,112,0,10,171.17639456150104,2.9625330062117428,954.1810239898041,4962.392857142857
1783316916,100,,Aggregated,0.000000,0.000000,30,51,72,120,910,1100,1100,1100,1300,1300,1300,380,0,30,185.2572459397427,2.9625330062117428,1251.46678899182,6344.507894736842
1783316917,150,,Aggregated,0.000000,0.000000,34,51,68,85,980,1100,1700,1700,1900,1900,1900,639,0,34,203.01283670298562,2.9625330062117428,1866.3231969985645,6467.183098591549
1783316918,200,,Aggregated,148.000000,0.000000,32,51,68,86,1100,1400,1700,1800,2000,2000,2000,890,0,32,222.60798616547353,2.9625330062117428,1964.9249060021248,6318.083146067415
1783316919,250,,Aggregated,158.666667,0.000000,34,54,70,89,1100,1600,1900,2000,2600,2700,2700,1141,0,34,233.92182341936973,2.9625330062117428,2709.818017989164,6399.6652059596845
1783316920,300,,Aggregated,172.250000,0.000000,37,56,76,96,1100,1700,2100,2400,3000,3000,3000,1390,0,36,249.93225714137773,2.9625330062117428,2978.4423100063577,6355.51654676259
1783316921,350,,Aggregated,197.600000,0.000000,41,64,83,110,1100,1800,2400,2800,3600,3600,3600,1665,0,41,269.7935041125658,2.9625330062117428,3611.2173970032018,6326.016816816817
1783316922,400,,Aggregated,207.166667,0.000000,48,78,120,160,1300,2100,2800,3200,3800,3900,3900,1916,0,48,312.0747508317793,2.9625330062117428,3903.510643984191,6131.2531315240085
1783316923,450,,Aggregated,211.142857,0.000000,58,110,180,260,1300,2300,3000,3500,4000,4200,4200,2171,0,58,352.87120629013566,2.9625330062117428,4207.652837008936,6050.315522800553
1783316924,500,,Aggregated,219.500000,0.000000,68,160,290,390,1400,2400,3400,3700,4300,4600,4600,2393,0,68,394.0067295911514,2.9625330062117428,4583.3965789934155,6028.2766402005855
1783316925,550,,Aggregated,222.333333,0.000000,81,230,410,550,1600,2700,3600,3900,4800,5300,5300,2614,0,81,463.69677098686526,2.9625330062117428,5255.49137298367,5919.98622800306
1783316926,600,,Aggregated,224.500000,0.000000,110,330,540,710,1700,3000,3700,4100,5300,5900,5900,2865,0,110.0,535.2570870120902,2.9625330062117428,5921.71269498067,5798.579406631763
1783316927,650,,Aggregated,247.200000,0.000000,150,490,720,860,1900,3300,4000,4600,5800,6300,6300,3150,0,150.0,618.6005747726368,2.9625330062117428,6258.778940013144,5642.451428571429
1783316928,700,,Aggregated,242.100000,0.000000,210,630,810,960,2000,3400,4100,4600,5900,6300,6300,3397,0,210.0,673.3365902708247,2.9625330062117428,6258.778940013144,5523.792169561378
1783316929,750,,Aggregated,249.200000,0.000000,310,750,950,1100,2100,3400,4200,4800,6300,6600,6600,3686,0,300.0,745.9467950423054,2.9625330062117428,6621.005041000899,5517.294628323386
1783316930,800,,Aggregated,255.700000,0.000000,410,830,1100,1200,2200,3500,4500,5100,6700,7200,7200,3919,0,410.0,815.811894045134,2.9625330062117428,7167.953858006513,5437.981372799183
1783316931,850,,Aggregated,250.200000,0.000000,480,910,1200,1300,2400,3700,4700,5300,6700,7200,7200,4128,0,480.0,884.7349324154525,2.9625330062117428,7167.953858006513,5363.372093023256
1783316932,900,,Aggregated,251.700000,0.000000,590,1000,1300,1500,2700,3900,4900,5500,6900,7400,7400,4393,0,590.0,979.0939706052703,2.9625330062117428,7356.324627995491,5337.878215342591
1783316933,950,,Aggregated,252.200000,0.000000,690,1100,1500,1700,2900,4000,5100,5800,7000,7400,7400,4638,0,690.0,1050.1410470293201,2.9625330062117428,7356.324627995491,5249.641871496335
1783316934,1000,,Aggregated,247.700000,0.000000,750,1300,1600,1800,3100,4200,5300,5800,7100,7400,7400,4902,0,750.0,1132.130104113017,2.9625330062117428,7356.324627995491,5246.25050999592
1783316935,1050,,Aggregated,248.400000,0.000000,820,1400,1700,1900,3300,4300,5500,6000,7000,7400,7400,5140,0,820.0,1206.7083556352475,2.9625330062117428,7356.324627995491,5207.150194552529
1783316936,1100,,Aggregated,248.700000,0.000000,900,1500,1800,2100,3400,4400,5500,6200,7100,7600,7600,5394,0,900.0,1288.47311247967,2.9625330062117428,7578.382587991655,5197.843344456804
1783316937,1150,,Aggregated,250.200000,0.000000,980,1700,2000,2200,3600,4600,5800,6300,7100,7800,7800,5655,0,980.0,1376.1118375299804,2.9625330062117428,7768.522900994867,5170.242440318302
1783316938,1200,,Aggregated,249.100000,0.000000,1100,1800,2200,2300,3700,4700,5900,6400,7200,7800,7800,5929,0,1100.0,1456.3939286108878,2.9625330062117428,7768.522900994867,5124.288412885816
1783316939,1250,,Aggregated,250.600000,0.000000,1100,1800,2300,2500,3900,4900,6100,6500,7300,7800,7800,6142,0,1100.0,1532.757406555506,2.9625330062117428,7814.8110280162655,5091.249104526213
1783316940,1300,,Aggregated,249.400000,0.000000,1200,1900,2400,2600,4000,5200,6200,6500,7400,7900,7900,6380,0,1200.0,1612.668436035791,2.9625330062117428,7921.722344006412,5061.953134796238
1783316941,1350,,Aggregated,247.500000,0.000000,1300,2100,2500,2800,4100,5300,6200,6600,7700,8000,8000,6645,0,1300.0,1700.1859886301402,2.9625330062117428,7957.1756679797545,5056.777426636569
1783316942,1400,,Aggregated,245.800000,0.000000,1400,2200,2700,2900,4300,5400,6300,6700,7800,8600,8600,6851,0,1400.0,1765.116619264094,2.9625330062117428,8562.884702987503,5016.485038680485
1783316943,1450,,Aggregated,245.800000,0.000000,1600,2300,2900,3100,4500,5700,6400,6800,7800,8600,8600,7169,0,1600.0,1867.7378017953718,2.9625330062117428,8562.884702987503,4975.128190821593
1783316944,1500,,Aggregated,246.600000,0.000000,1600,2400,3000,3200,4600,5800,6500,6900,7800,8600,8600,7397,0,1600.0,1942.4431100219128,2.9625330062117428,8562.884702987503,4986.223468973908
1783316945,1550,,Aggregated,247.200000,0.000000,1700,2600,3100,3400,4800,6000,6600,7000,8300,9300,9300,7627,0,1700.0,2028.0341873445595,2.9625330062117428,9283.581671013962,4995.305362527862
1783316946,1600,,Aggregated,246.400000,0.000000,1800,2700,3200,3500,5000,6200,6800,7200,8600,9500,9500,7893,0,1800.0,2121.62850696453,2.9625330062117428,9454.907250998076,4972.370201444318
1783316947,1650,,Aggregated,247.000000,0.000000,1900,2900,3400,3700,5200,6300,6900,7400,8600,9500,9500,8181,0,1900.0,2211.7116692465415,2.9625330062117428,9454.907250998076,4947.873976286518
1783316948,1700,,Aggregated,241.900000,0.000000,1900,3000,3500,3800,5300,6400,7100,7500,8700,9500,9500,8401,0,1900.0,2284.940695323628,2.9625330062117428,9454.907250998076,4930.116771812879
1783316949,1750,,Aggregated,246.000000,0.000000,2100,3100,3700,3900,5400,6500,7300,7700,9000,9500,9500,8682,0,2100.0,2369.6046626357515,2.9625330062117428,9454.907250998076,4921.883897719419
1783316950,1800,,Aggregated,246.000000,0.000000,2200,3200,3800,4000,5500,6600,7400,7800,9200,9900,9900,8930,0,2200.0,2443.3014711541923,2.9625330062117428,9896.138105017599,4891.435050391938
1783316951,1850,,Aggregated,245.800000,0.000000,2200,3300,3800,4100,5700,6800,7700,8100,9200,9900,9900,9134,0,2200.0,2517.7890524858785,2.9625330062117428,9896.138105017599,4872.803262535582
1783316952,1900,,Aggregated,248.200000,0.000000,2300,3500,4000,4200,5800,6900,7900,8400,9500,9900,9900,9419,0,2300.0,2609.982964044631,2.9625330062117428,9896.138105017599,4871.286548465867
1783316953,1950,,Aggregated,248.800000,0.000000,2400,3600,4000,4400,5900,7100,8200,8600,9600,10000,10000,9617,0,2400.0,2682.5932948317222,2.9625330062117428,9965.5537949875,4884.805448684621
1783316954,2000,,Aggregated,247.200000,0.000000,2500,3700,4100,4500,6100,7300,8400,8700,9600,10000,10000,9916,0,2500.0,2781.9002788810685,2.9625330062117428,9965.5537949875,4878.8158531665995
1783316955,2000,,Aggregated,246.200000,0.000000,2600,3800,4300,4700,6300,7500,8600,8900,9600,10000,10000,10183,0,2600.0,2863.4974641485055,2.9625330062117428,10152.092794014607,4869.099577727585
1783316956,2000,,Aggregated,244.700000,0.000000,2700,3900,4500,4800,6300,7600,8700,9000,9700,10000,10000,10457,0,2700.0,2944.1080424669526,2.9625330062117428,10197.905389999505,4855.66701730898
1783316958,2000,,Aggregated,249.000000,0.000000,2800,3900,4600,4900,6400,7800,8800,9200,9900,10000,10000,10640,0,2800.0,3009.322189090759,2.9625330062117428,10440.956502978224,4844.402443609022
1783316959,2000,,Aggregated,253.900000,0.000000,3000,4000,4800,5000,6600,8100,9000,9600,10000,11000,11000,10995,0,3000.0,3126.8392512737882,2.9625330062117428,10654.555790009908,4839.905502501137
1783316960,2000,,Aggregated,244.000000,0.000000,3000,4100,4800,5200,6700,8300,9300,9800,11000,11000,11000,11210,0,3000.0,3204.293818107603,2.9625330062117428,10761.330092995195,4839.019268510258
1783316961,2000,,Aggregated,251.600000,0.000000,3200,4400,4900,5400,6900,8500,9600,10000,11000,11000,11000,11642,0,3200.0,3332.843201727398,2.9625330062117428,10947.258207015693,4841.160024050851
1783316962,2000,,Aggregated,242.900000,0.000000,3400,4500,5100,5500,7200,8800,9700,10000,11000,11000,11000,12238,0,3400.0,3468.0377947410966,2.9625330062117428,10947.258207015693,4865.482268344501
1783316963,2000,,Aggregated,255.500000,0.000000,3500,4500,5100,5500,7300,8800,9700,10000,11000,11000,11000,13002,0,3500.0,3544.8489455448466,2.9625330062117428,10947.258207015693,4898.637132748808
1783316965,2000,,Aggregated,291.600000,0.000000,3300,4500,5000,5400,7200,8700,9700,10000,11000,11000,11000,14117,0,3300.0,3510.1129214351927,2.9625330062117428,10947.258207015693,5214.097400297514
1783316967,2000,,Aggregated,387.300000,0.000000,3000,4200,4900,5300,6900,8700,9600,10000,11000,11000,11000,15299,0,3000.0,3401.774275664076,2.9625330062117428,10947.258207015693,5467.68442381855
1783316968,2000,,Aggregated,432.200000,0.000000,2900,4000,4800,5200,6700,8600,9600,9900,11000,11000,11000,16171,0,2900.0,3326.4991674937655,2.9625330062117428,10947.258207015693,5629.123059798405
1783316969,2000,,Aggregated,457.600000,0.000000,2700,3900,4700,5100,6600,8500,9500,9900,11000,11000,11000,16964,0,2700.0,3263.798522162128,2.9625330062117428,10947.258207015693,5786.914406979486
1783316971,2000,,Aggregated,524.500000,0.000000,2500,3800,4600,5000,6400,8400,9500,9900,11000,11000,11000,17712,0,2500.0,3196.0363422953483,2.9625330062117428,10947.258207015693,5916.2003161698285
1783316972,2000,,Aggregated,612.700000,0.000000,2300,3700,4500,4900,6300,8300,9500,9900,11000,11000,11000,18663,0,2300.0,3106.4701835705896,2.9625330062117428,10947.258207015693,6047.159459893907
1783316973,2000,,Aggregated,621.100000,0.000000,2300,3700,4500,4900,6300,8300,9400,9900,11000,11000,11000,18838,0,2300.0,3088.2601764135798,2.9625330062117428,10947.258207015693,6041.866971016031
1783316974,2000,,Aggregated,652.300000,0.000000,2300,3500,4400,4900,6100,8200,9400,9800,11000,11000,11000,19748,0,2300.0,3025.7288953969496,2.9625330062117428,10947.258207015693,6063.472047802309
1783316975,2000,,Aggregated,649.700000,0.000000,2200,3400,4300,4800,6000,8100,9400,9800,11000,11000,11000,20236,0,2200.0,2984.5758135768897,2.9625330062117428,10947.258207015693,6010.0481814587865
1783316976,2000,,Aggregated,623.400000,0.000000,2200,3400,4200,4800,6000,8100,9300,9800,11000,11000,11000,20501,0,2200.0,2967.844810795287,2.9625330062117428,10947.258207015693,6004.947807424028
1783316977,2000,,Aggregated,626.700000,0.000000,2200,3200,4100,4700,5900,8000,9300,9800,11000,11000,11000,21397,0,2200.0,2928.7129177230336,2.9625330062117428,10947.258207015693,6024.114969388232
1783316978,2000,,Aggregated,594.700000,0.000000,2200,3100,4000,4700,5800,7900,9300,9800,11000,11000,11000,21920,0,2200.0,2894.6821990713006,2.9625330062117428,10947.258207015693,5990.726322992701
1783316979,2000,,Aggregated,569.100000,0.000000,2100,3100,4000,4600,5800,7800,9300,9800,11000,11000,11000,22327,0,2100.0,2873.588325026598,2.9625330062117428,10947.258207015693,5982.115734312715
1783316980,2000,,Aggregated,563.900000,0.000000,2100,3000,4000,4500,5800,7800,9200,9800,11000,11000,11000,22788,0,2100.0,2857.449511371121,2.9625330062117428,10947.258207015693,5956.943040196595
1783316981,2000,,Aggregated,554.900000,0.000000,2100,3000,3900,4500,5700,7700,9200,9800,11000,11000,11000,23440,0,2100.0,2825.6113280788272,2.9625330062117428,10947.258207015693,5979.089718430034
1783316982,2000,,Aggregated,507.200000,0.000000,2100,2900,3900,4500,5700,7600,9200,9700,11000,11000,11000,23888,0,2100.0,2805.1422537332437,2.9625330062117428,10947.258207015693,5963.342054588078
1783316984,2000,,Aggregated,493.400000,0.000000,2100,2900,3800,4400,5700,7600,9200,9700,11000,11000,11000,24189,0,2100.0,2793.6195372666375,2.9625330062117428,10947.258207015693,5958.071106701394
1783316985,2000,,Aggregated,508.700000,0.000000,2100,2800,3700,4300,5600,7500,9100,9700,11000,11000,11000,25143,0,2100.0,2762.3246820539184,2.9625330062117428,10947.258207015693,5962.654814461282
1783316986,2000,,Aggregated,474.100000,0.000000,2100,2700,3700,4200,5600,7400,9100,9700,11000,11000,11000,25660,0,2100.0,2735.677647435957,2.9625330062117428,10947.258207015693,5960.146141855027
1783316987,2000,,Aggregated,487.100000,0.000000,2000,2700,3600,4100,5500,7400,9100,9700,11000,11000,11000,26178,0,2000.0,2708.273428380058,2.9625330062117428,10947.258207015693,5957.152838261135
1783316988,2000,,Aggregated,505.500000,0.000000,2000,2600,3600,4100,5500,7300,9100,9700,11000,11000,11000,26660,0,2000.0,2688.4129468893348,2.9625330062117428,10947.258207015693,5949.345311327832
1783316989,2000,,Aggregated,527.800000,0.000000,2000,2600,3500,4000,5500,7300,9000,9700,11000,11000,11000,27374,0,2000.0,2652.872195844333,2.9625330062117428,10947.258207015693,5947.52275882224
1783316990,2000,,Aggregated,474.500000,0.000000,2000,2500,3400,4000,5400,7200,9000,9700,11000,11000,11000,27788,0,2000.0,2634.5854107561813,2.9625330062117428,10947.258207015693,5941.184252195192
1783316991,2000,,Aggregated,513.700000,0.000000,2000,2500,3400,4000,5400,7200,9000,9700,11000,11000,11000,28290,0,2000.0,2616.8720363361945,2.9625330062117428,10947.258207015693,5937.541251325557
1783316992,2000,,Aggregated,527.000000,0.000000,2000,2500,3300,3900,5400,7100,9000,9700,11000,11000,11000,28742,0,2000.0,2606.03381689388,2.9625330062117428,10947.258207015693,5918.742084754019
1783316993,2000,,Aggregated,517.200000,0.000000,1900,2400,3200,3900,5300,7000,8900,9600,11000,11000,11000,29415,0,1900.0,2585.186368825646,2.9625330062117428,10947.258207015693,5937.03056263811
1783316994,2000,,Aggregated,488.600000,0.000000,1900,2400,3200,3900,5300,7000,8900,9600,11000,11000,11000,29769,0,1900.0,2574.8609572259957,2.9625330062117428,10947.258207015693,5921.73516073768
1783316995,2000,,Aggregated,522.700000,0.000000,1900,2400,3100,3800,5300,6900,8900,9600,11000,11000,11000,30203,0,1900.0,2565.0220214866004,2.9625330062117428,10947.258207015693,5913.247657517465
1783316996,2000,,Aggregated,536.300000,0.000000,1900,2400,3100,3800,5300,6900,8900,9600,11000,11000,11000,30595,0,1900.0,2560.0385664149458,2.9625330062117428,10947.258207015693,5900.146036934139
1783316997,2000,,Aggregated,499.700000,0.000000,1900,2400,3100,3800,5200,6800,8900,9600,11000,11000,11000,31310,0,1900.0,2553.4442858320854,2.9625330062117428,10947.258207015693,5920.173554774832
1783316998,2000,,Aggregated,484.900000,0.000000,1900,2400,3100,3700,5200,6800,8900,9600,11000,11000,11000,31796,0,1900.0,2542.9814393500064,2.9625330062117428,10947.258207015693,5912.840168574663
1783316999,2000,,Aggregated,477.100000,0.000000,1900,2400,3000,3700,5200,6700,8800,9600,10000,11000,11000,32386,0,1900.0,2528.3667424468504,2.9625330062117428,10947.258207015693,5923.249243500278
1783317001,2000,,Aggregated,477.600000,0.000000,1900,2400,3000,3600,5100,6700,8800,9600,10000,11000,11000,32764,0,1900.0,2517.090789326171,2.9625330062117428,10947.258207015693,5922.522036381394
1783317002,2000,,Aggregated,485.800000,0.000000,1900,2300,2900,3500,5100,6600,8800,9500,10000,11000,11000,33625,0,1900.0,2499.1444925685737,2.9625330062117428,10947.258207015693,5930.848862453531
1783317003,2000,,Aggregated,471.000000,0.000000,1900,2300,2900,3500,5000,6500,8800,9500,10000,11000,11000,34104,0,1900.0,2483.376230140901,2.9625330062117428,10947.258207015693,5907.496598639455
1783317004,2000,,Aggregated,518.900000,0.000000,1900,2300,2900,3400,5000,6500,8800,9500,10000,11000,11000,34619,0,1900.0,2470.5120214564304,2.9625330062117428,10947.258207015693,5906.468875473006
1783317005,2000,,Aggregated,518.900000,0.000000,1900,2300,2900,3400,5000,6500,8800,9500,10000,11000,11000,34939,0,1900.0,2462.902172946312,2.9625330062117428,10947.258207015693,5897.298978219182
1783317006,2000,,Aggregated,494.900000,0.000000,1900,2300,2800,3400,5000,6400,8700,9500,10000,11000,11000,35890,0,1900.0,2453.023926610485,2.9625330062117428,10947.258207015693,5917.864558372806
1783317007,2000,,Aggregated,499.700000,0.000000,1900,2300,2800,3300,4900,6400,8700,9500,10000,11000,11000,36311,0,1900.0,2441.5095520863515,2.9625330062117428,10947.258207015693,5894.118063396767
1783317008,2000,,Aggregated,493.100000,0.000000,1900,2300,2800,3300,4900,6300,8700,9500,10000,11000,11000,36719,0,1900.0,2434.7900859556303,2.9625330062117428,10947.258207015693,5887.950897355592
1783317009,2000,,Aggregated,525.000000,0.000000,1900,2300,2800,3300,4900,6300,8700,9500,10000,11000,11000,37194,0,1900.0,2427.2547737380523,2.9625330062117428,10947.258207015693,5876.457923320966
1783317010,2000,,Aggregated,496.400000,0.000000,1900,2300,2800,3200,4900,6300,8700,9400,10000,11000,11000,37627,0,1900.0,2425.4047276754004,2.9625330062117428,10947.258207015693,5870.149626597921
1783317011,2000,,Aggregated,493.100000,0.000000,1900,2300,2800,3200,4900,6200,8700,9400,10000,11000,11000,38179,0,1900.0,2423.929015875849,2.9625330062117428,10947.258207015693,5901.966185599414
1783317012,2000,,Aggregated,484.700000,0.000000,1900,2300,2800,3200,4900,6200,8600,9400,10000,11000,11000,38484,0,1900.0,2420.098216766291,2.9625330062117428,10947.258207015693,5874.688961646399
1783317013,2000,,Aggregated,500.100000,0.000000,1900,2300,2800,3200,4900,6100,8600,9400,10000,11000,11000,39027,0,1900.0,2418.3137344932215,2.9625330062117428,10947.258207015693,5868.617649319702
1783317014,2000,,Aggregated,467.200000,0.000000,1900,2300,2800,3200,4900,6100,8600,9400,10000,11000,11000,39516,0,1900.0,2416.644836426491,2.9625330062117428,10947.258207015693,5867.918868306509
1783317016,2000,,Aggregated,455.800000,0.000000,1900,2300,2800,3200,4800,6000,8600,9400,10000,11000,11000,39936,0,1900.0,2414.066738363162,2.9625330062117428,10947.258207015693,5868.365384615385
1783317017,2000,,Aggregated,461.900000,0.000000,1900,2300,2800,3200,4800,6000,8500,9300,10000,11000,11000,40775,0,1900.0,2414.2400379918754,2.9625330062117428,10947.258207015693,5895.024868179031
1783317018,2000,,Aggregated,461.100000,0.000000,1900,2300,2700,3200,4800,5900,8500,9300,10000,11000,11000,41283,0,1900.0,2402.829183732829,2.9625330062117428,10947.258207015693,5864.629048276531
1783317019,2000,,Aggregated,430.500000,0.000000,1900,2300,2700,3100,4800,5900,8500,9300,10000,11000,11000,41876,0,1900.0,2390.587121929631,2.9625330062117428,10947.258207015693,5874.600845352947
1783317020,2000,,Aggregated,466.900000,0.000000,1900,2300,2700,3100,4700,5900,8500,9300,10000,11000,11000,42306,0,1900.0,2380.658590753164,2.9625330062117428,10947.258207015693,5873.345884744481
1783317021,2000,,Aggregated,480.500000,0.000000,1900,2300,2700,3100,4700,5900,8500,9300,10000,11000,11000,42716,0,1900.0,2377.0225099127124,2.9625330062117428,10947.258207015693,5857.616279614196
1783317022,2000,,Aggregated,482.400000,0.000000,1900,2200,2700,3100,4700,5800,8400,9300,10000,11000,11000,43510,0,1900.0,2365.256047206658,2.9625330062117428,10947.258207015693,5872.187979774764
1783317023,2000,,Aggregated,461.600000,0.000000,1900,2200,2600,3000,4700,5800,8400,9300,10000,11000,11000,44018,0,1900.0,2354.5618598807187,2.9625330062117428,10947.258207015693,5860.41476214276
1783317024,2000,,Aggregated,476.800000,0.000000,1900,2200,2600,3000,4600,5800,8400,9300,10000,11000,11000,44449,0,1900.0,2346.9667912901914,2.9625330062117428,10947.258207015693,5862.751467974533
1783317025,2000,,Aggregated,509.200000,0.000000,1900,2200,2600,3000,4600,5800,8400,9300,10000,11000,11000,44961,0,1900.0,2338.616647162942,2.9625330062117428,10947.258207015693,5853.066435355086
1783317027,2000,,Aggregated,500.400000,0.000000,1900,2200,2600,3000,4600,5800,8400,9300,10000,11000,11000,45399,0,1900.0,2337.868241262038,2.9625330062117428,10947.258207015693,5848.4559571796735
1783317028,2000,,Aggregated,513.500000,0.000000,1900,2200,2600,3000,4500,5700,8300,9200,10000,11000,11000,46075,0,1900.0,2333.9688544286955,2.9625330062117428,10947.258207015693,5871.425176342919
1783317029,2000,,Aggregated,495.000000,0.000000,1900,2200,2600,3000,4500,5700,8300,9200,10000,11000,11000,46564,0,1900.0,2326.403241307474,2.9625330062117428,10947.258207015693,5854.879305901555
1783317030,2000,,Aggregated,498.700000,0.000000,1900,2200,2600,2900,4500,5700,8300,9200,10000,11000,11000,47128,0,1900.0,2318.207254066328,2.9625330062117428,10947.258207015693,5864.856369886267
1783317031,2000,,Aggregated,487.400000,0.000000,1900,2200,2600,2900,4500,5700,8300,9200,10000,11000,11000,47680,0,1900.0,2308.4892195400294,2.9625330062117428,10947.258207015693,5859.563674496644
1783317032,2000,,Aggregated,495.700000,0.000000,1900,2200,2600,2900,4500,5700,8300,9200,10000,11000,11000,47814,0,1900.0,2306.1123770255876,2.9625330062117428,10947.258207015693,5857.844794411679
1783317033,2000,,Aggregated,522.800000,0.000000,1900,2200,2500,2900,4400,5700,8200,9200,10000,11000,11000,48832,0,1900.0,2298.418670281007,2.9625330062117428,10947.258207015693,5881.2337606487545
1783317034,2000,,Aggregated,484.400000,0.000000,1800,2200,2500,2900,4400,5600,8200,9200,10000,11000,11000,49439,0,1800.0,2285.199690261292,2.9625330062117428,10947.258207015693,5862.204211250228
1783317035,2000,,Aggregated,497.200000,0.000000,1800,2200,2500,2900,4300,5600,8100,9100,10000,11000,11000,50044,0,1800.0,2272.7531574885766,2.9625330062117428,10947.258207015693,5862.424266645352
1783317037,2000,,Aggregated,515.600000,0.000000,1800,2200,2500,2800,4300,5600,8100,9100,10000,11000,11000,50576,0,1800.0,2262.238535256495,2.9625330062117428,10947.258207015693,5865.024932774439
1783317038,2000,,Aggregated,522.200000,0.000000,1800,2200,2500,2800,4200,5600,8100,9100,10000,11000,11000,51334,0,1800.0,2259.1531303332235,2.9625330062117428,10947.258207015693,5878.822125686679
1783317039,2000,,Aggregated,521.700000,0.000000,1800,2200,2500,2800,4200,5500,8000,9100,10000,11000,11000,51926,0,1800.0,2249.202125142898,2.9625330062117428,10947.258207015693,5854.942379540114
1783317040,2000,,Aggregated,487.400000,0.000000,1800,2200,2500,2800,4200,5500,8000,9100,10000,11000,11000,52365,0,1800.0,2246.317536239003,2.9625330062117428,10947.258207015693,5854.547617683567
1783317041,2000,,Aggregated,504.800000,0.000000,1800,2200,2500,2800,4100,5500,8000,9100,10000,11000,11000,52852,0,1800.0,2242.351238353076,2.9625330062117428,10947.258207015693,5851.265325815485
1783317043,2000,,Aggregated,489.300000,0.000000,1800,2200,2500,2800,4100,5500,8000,9100,10000,11000,11000,53280,0,1800.0,2239.2564780785524,2.9625330062117428,10947.258207015693,5849.1506006006
1783317045,2000,,Aggregated,467.800000,0.000000,1800,2200,2500,2900,4100,5500,7900,9100,10000,11000,11000,54247,0,1800.0,2259.1524788229417,2.9625330062117428,10947.258207015693,5887.331354729294
1783317046,2000,,Aggregated,407.300000,0.000000,1800,2200,2500,2800,4100,5500,7900,9000,10000,11000,11000,54860,0,1800.0,2249.606598096448,2.9625330062117428,10947.258207015693,5860.30127597521
1783317047,2000,,Aggregated,405.700000,0.000000,1800,2200,2500,2800,4100,5400,7900,9000,10000,11000,11000,55400,0,1800.0,2244.379916670613,2.9625330062117428,10947.258207015693,5873.203989169675
1783317048,2000,,Aggregated,423.500000,0.000000,1800,2200,2500,2800,4100,5400,7800,9000,10000,11000,11000,56014,0,1800.0,2234.5800932625666,2.9625330062117428,10947.258207015693,5867.639143785482
1783317050,2000,,Aggregated,444.300000,0.000000,1800,2200,2500,2800,4100,5400,7800,9000,10000,11000,11000,56310,0,1800.0,2229.0966876824095,2.9625330062117428,10947.258207015693,5864.279808204582
1783317051,2000,,Aggregated,463.000000,0.000000,1800,2200,2500,2800,4000,5400,7800,9000,10000,11000,11000,57229,0,1800.0,2219.952007354926,2.9625330062117428,10947.258207015693,5887.614181621206
1783317052,2000,,Aggregated,431.200000,0.000000,1800,2200,2500,2800,4000,5400,7700,9000,10000,11000,11000,57817,0,1800.0,2209.284047503055,2.9625330062117428,10947.258207015693,5870.566736427002
1783317053,2000,,Aggregated,457.500000,0.000000,1800,2100,2500,2800,4000,5300,7700,8900,10000,11000,11000,58423,0,1800.0,2200.252863429942,2.9625330062117428,10947.258207015693,5875.34029406227
1783317054,2000,,Aggregated,474.500000,0.000000,1800,2100,2400,2700,4000,5300,7700,8900,10000,11000,11000,58982,0,1800.0,2190.5483955653044,2.9625330062117428,10947.258207015693,5875.219880641552
1783317055,2000,,Aggregated,501.700000,0.000000,1800,2100,2400,2700,4000,5300,7700,8900,10000,11000,11000,59145,0,1800.0,2187.711842414554,2.9625330062117428,10947.258207015693,5872.815960774368
1783317056,2000,,Aggregated,557.100000,0.000000,1800,2100,2400,2700,3900,5300,7600,8900,10000,11000,11000,60206,0,1800.0,2177.8257279521567,2.9625330062117428,10947.258207015693,5888.0639305052655
1783317057,2000,,Aggregated,536.700000,0.000000,1800,2100,2400,2700,3900,5300,7600,8900,10000,11000,11000,60623,0,1800.0,2171.054196457637,2.9625330062117428,10947.258207015693,5876.132375501047
1783317058,2000,,Aggregated,537.100000,0.000000,1800,2100,2400,2700,3900,5300,7600,8900,10000,11000,11000,61042,0,1800.0,2166.795469092509,2.9625330062117428,10947.258207015693,5868.518659283772
1783317059,2000,,Aggregated,547.400000,0.000000,1800,2100,2400,2700,3900,5300,7600,8900,10000,11000,11000,61559,0,1800.0,2163.421924635494,2.9625330062117428,10947.258207015693,5865.241150765932
1783317060,2000,,Aggregated,524.800000,0.000000,1800,2100,2400,2700,3900,5200,7500,8900,10000,11000,11000,62123,0,1800.0,2159.285895190207,2.9625330062117428,10947.258207015693,5859.245046118185
1783317061,2000,,Aggregated,524.800000,0.000000,1800,2100,2400,2700,3900,5200,7500,8900,10000,11000,11000,62384,0,1800.0,2157.817366514718,2.9625330062117428,10947.258207015693,5865.559053603488
1783317062,2000,,Aggregated,550.700000,0.000000,1800,2100,2400,2700,3800,5200,7500,8900,10000,11000,11000,63346,0,1800.0,2154.696024806159,2.9625330062117428,10947.258207015693,5887.583588545449
1783317063,2000,,Aggregated,531.300000,0.000000,1800,2100,2400,2700,3800,5200,7400,8900,10000,11000,11000,63966,0,1800.0,2145.0354646905867,2.9625330062117428,10947.258207015693,5861.775349404371
1783317064,2000,,Aggregated,484.400000,0.000000,1800,2100,2400,2700,3800,5200,7400,8800,10000,11000,11000,64445,0,1800.0,2139.080903242467,2.9625330062117428,10947.258207015693,5865.474171774381
1783317065,2000,,Aggregated,513.900000,0.000000,1700,2100,2400,2600,3800,5200,7400,8800,10000,11000,11000,64947,0,1700.0,2132.8989853825756,2.9625330062117428,10947.258207015693,5862.382219348084
1783317066,2000,,Aggregated,513.000000,0.000000,1700,2100,2400,2600,3800,5100,7400,8800,10000,11000,11000,65459,0,1700.0,2127.841253918196,2.9625330062117428,10947.258207015693,5856.451931743534
1783317068,2000,,Aggregated,511.100000,0.000000,1700,2100,2400,2600,3800,5100,7400,8800,10000,11000,11000,66051,0,1700.0,2129.4909910895162,2.9625330062117428,10947.258207015693,5875.741911553194
1783317069,2000,,Aggregated,503.700000,0.000000,1700,2100,2400,2600,3700,5100,7300,8800,10000,11000,11000,66825,0,1700.0,2122.0680793997676,2.9625330062117428,10947.258207015693,5872.2
1783317070,2000,,Aggregated,466.700000,0.000000,1700,2100,2400,2600,3700,5100,7300,8800,10000,11000,11000,67378,0,1700.0,2113.888202717319,2.9625330062117428,10947.258207015693,5871.655852058536
1783317071,2000,,Aggregated,529.200000,0.000000,1700,2100,2300,2600,3700,5100,7300,8800,10000,11000,11000,67724,0,1700.0,2109.5495549294865,2.9625330062117428,10947.258207015693,5871.656251845727
1783317072,2000,,Aggregated,534.000000,0.000000,1700,2100,2300,2600,3700,5100,7300,8800,10000,11000,11000,68215,0,1700.0,2105.021837334198,2.9625330062117428,10947.258207015693,5856.823865718684
1783317073,2000,,Aggregated,520.700000,0.000000,1700,2100,2300,2600,3700,5000,7300,8800,10000,11000,11000,68695,0,1700.0,2102.812016314822,2.9625330062117428,10947.258207015693,5846.958410364656
1783317074,2000,,Aggregated,544.000000,0.000000,1700,2100,2300,2600,3700,5000,7200,8800,10000,11000,11000,68853,0,1700.0,2102.5161862611194,2.9625330062117428,10947.258207015693,5845.624809376498
1783317076,2000,,Aggregated,486.700000,0.000000,1700,2100,2400,2600,3700,5000,7200,8800,10000,11000,11000,69890,0,1700.0,2111.8609962813016,2.9625330062117428,10947.258207015693,5879.298969809701
1783317077,2000,,Aggregated,435.700000,0.000000,1700,2100,2400,2600,3700,5000,7200,8800,10000,11000,11000,70488,0,1700.0,2105.3737063590715,2.9625330062117428,10947.258207015693,5856.74443876972
1783317078,2000,,Aggregated,483.300000,0.000000,1700,2100,2300,2600,3700,5000,7200,8700,10000,11000,11000,70974,0,1700.0,2101.247148166707,2.9625330062117428,10947.258207015693,5863.63014625074
1783317079,2000,,Aggregated,497.300000,0.000000,1700,2100,2300,2600,3600,5000,7100,8700,10000,11000,11000,71570,0,1700.0,2094.1503646805313,2.9625330062117428,10947.258207015693,5856.009794606679
1783317080,2000,,Aggregated,541.200000,0.000000,1700,2100,2300,2600,3600,5000,7100,8700,10000,11000,11000,72138,0,1700.0,2088.2264962280387,2.9625330062117428,10947.258207015693,5856.419945105215
1783317081,2000,,Aggregated,541.200000,0.000000,1700,2100,2300,2600,3600,5000,7100,8700,10000,11000,11000,72304,0,1700.0,2086.7933244991586,2.9625330062117428,10947.258207015693,5856.6611529099355
1783317082,2000,,Aggregated,489.700000,0.000000,1700,2100,2300,2600,3600,4900,7000,8700,10000,11000,11000,73310,0,1700.0,2087.829924489081,2.9625330062117428,10947.258207015693,5868.282730868913
1783317083,2000,,Aggregated,471.300000,0.000000,1700,2100,2300,2600,3600,4900,7000,8700,10000,11000,11000,73820,0,1700.0,2082.986882145685,2.9625330062117428,10947.258207015693,5850.959983744243
1783317084,2000,,Aggregated,465.800000,0.000000,1700,2100,2300,2600,3600,4900,7000,8700,10000,11000,11000,74297,0,1700.0,2080.0941509128506,2.9625330062117428,10947.258207015693,5853.073165807502
1783317085,2000,,Aggregated,493.700000,0.000000,1700,2100,2300,2600,3500,4900,7000,8700,10000,11000,11000,74817,0,1700.0,2076.0099166358505,2.9625330062117428,10947.258207015693,5850.851932047529
1783317086,2000,,Aggregated,501.500000,0.000000,1700,2100,2300,2600,3500,4900,6900,8700,10000,11000,11000,75395,0,1700.0,2071.9310121979697,2.9625330062117428,10947.258207015693,5849.849472776709
1783317088,2000,,Aggregated,552.800000,0.000000,1700,2100,2300,2500,3500,4900,6900,8700,10000,11000,11000,75737,0,1700.0,2070.1340262749013,2.9625330062117428,10947.258207015693,5850.532474219998
1783317089,2000,,Aggregated,500.600000,0.000000,1700,2100,2300,2600,3500,4900,6900,8700,10000,11000,11000,76680,0,1700.0,2073.097693872678,2.9625330062117428,10947.258207015693,5868.680959833073
1783317090,2000,,Aggregated,484.600000,0.000000,1700,2100,2300,2500,3500,4900,6900,8600,10000,11000,11000,77311,0,1700.0,2066.0961719740817,2.9625330062117428,10947.258207015693,5852.707829416254
1783317091,2000,,Aggregated,465.800000,0.000000,1700,2100,2300,2500,3500,4900,6800,8600,10000,11000,11000,77842,0,1700.0,2061.3288260270597,2.9625330062117428,10947.258207015693,5859.549793170781
1783317092,2000,,Aggregated,490.000000,0.000000,1700,2100,2300,2500,3500,4900,6800,8600,10000,11000,11000,78359,0,1700.0,2056.371837276655,2.9625330062117428,10947.258207015693,5853.345052897561
1783317093,2000,,Aggregated,520.600000,0.000000,1700,2100,2300,2500,3500,4900,6800,8600,10000,11000,11000,79020,0,1700.0,2050.4755779009497,2.9625330062117428,10947.258207015693,5855.219488737029
1783317095,2000,,Aggregated,530.700000,0.000000,1700,2100,2300,2500,3400,4900,6800,8600,10000,11000,11000,79369,0,1700.0,2047.6571575793441,2.9625330062117428,10947.258207015693,5853.849437437791
1783317096,2000,,Aggregated,530.100000,0.000000,1700,2100,2300,2500,3400,4800,6700,8600,10000,11000,11000,80180,0,1700.0,2048.6463157491635,2.9625330062117428,10947.258207015693,5867.6972811174855
1783317097,2000,,Aggregated,498.800000,0.000000,1700,2000,2300,2500,3400,4800,6700,8600,10000,11000,11000,80777,0,1700.0,2043.3132800736144,2.9625330062117428,10947.258207015693,5850.738910828577
1783317098,2000,,Aggregated,514.800000,0.000000,1700,2000,2300,2500,3400,4800,6700,8500,10000,11000,11000,81113,0,1700.0,2042.0564066708712,2.9625330062117428,10947.258207015693,5848.921492239222
1783317099,2000,,Aggregated,506.000000,0.000000,1700,2100,2300,2500,3400,4800,6700,8500,10000,11000,11000,81392,0,1700.0,2043.4515289737622,2.9625330062117428,10947.258207015693,5852.278700609397
1783317100,2000,,Aggregated,523.400000,0.000000,1700,2100,2300,2500,3400,4800,6700,8500,10000,11000,11000,81610,0,1700.0,2044.277061354387,2.9625330062117428,10947.258207015693,5849.298321284156
1783317101,2000,,Aggregated,498.800000,0.000000,1700,2100,2300,2500,3400,4800,6700,8500,10000,11000,11000,81982,0,1700.0,2048.4333110870766,2.9625330062117428,10947.258207015693,5835.065038667024
1783317102,2000,,Aggregated,462.100000,0.000000,1700,2100,2300,2600,3400,4800,6600,8500,10000,11000,11000,82488,0,1700.0,2055.649524724112,2.9625330062117428,10947.258207015693,5829.936657453205
1783317105,2000,,Aggregated,422.000000,0.000000,1700,2100,2300,2600,3400,4800,6600,8500,10000,11000,11000,82689,0,1700.0,2058.280252985002,2.9625330062117428,10947.258207015693,5824.226559760064
1783317106,2000,,Aggregated,352.500000,0.000000,1700,2100,2400,2600,3600,4900,6900,8500,10000,11000,11000,83819,0,1700.0,2096.1359879907986,2.9625330062117428,10947.258207015693,5859.931447523831
1783317107,2000,,Aggregated,332.000000,0.000000,1700,2100,2400,2600,3600,4900,6900,8500,10000,11000,11000,84426,0,1700.0,2092.332891668706,2.9625330062117428,10947.258207015693,5842.398242247649
1783317108,2000,,Aggregated,318.700000,0.000000,1700,2100,2400,2600,3500,4900,6900,8500,10000,11000,11000,85067,0,1700.0,2087.7187136069906,2.9625330062117428,10947.258207015693,5846.707113216641
1783317109,2000,,Aggregated,359.100000,0.000000,1700,2100,2400,2600,3500,4900,6800,8500,10000,11000,11000,85561,0,1700.0,2082.335040104335,2.9625330062117428,10947.258207015693,5837.280454880144
1783317110,2000,,Aggregated,356.800000,0.000000,1700,2100,2400,2600,3500,4900,6800,8500,10000,11000,11000,86049,0,1700.0,2078.5975749594722,2.9625330062117428,10947.258207015693,5837.3410150030795
1783317112,2000,,Aggregated,399.300000,0.000000,1700,2100,2400,2600,3500,4900,6800,8500,10000,11000,11000,86511,0,1700.0,2076.5160130772806,2.9625330062117428,10947.258207015693,5839.612673532845
1783317114,2000,,Aggregated,431.000000,0.000000,1700,2100,2400,2600,3500,4900,6800,8400,10000,11000,11000,87503,0,1700.0,2084.1627897185026,2.9625330062117428,10947.258207015693,5858.325028856154
1783317115,2000,,Aggregated,390.600000,0.000000,1700,2100,2400,2600,3500,4900,6700,8400,10000,11000,11000,88015,0,1700.0,2080.617724821832,2.9625330062117428,10947.258207015693,5848.34155541669
1783317116,2000,,Aggregated,468.600000,0.000000,1700,2100,2400,2600,3500,4900,6700,8400,10000,11000,11000,88393,0,1700.0,2079.143329533992,2.9625330062117428,10947.258207015693,5844.150192888577
1783317117,2000,,Aggregated,520.900000,0.000000,1700,2100,2400,2600,3500,4900,6700,8400,10000,11000,11000,88839,0,1700.0,2077.5435962431607,2.9625330062117428,10947.258207015693,5840.332950618535
1783317118,2000,,Aggregated,507.100000,0.000000,1700,2100,2400,2600,3500,4900,6700,8400,10000,11000,11000,89397,0,1700.0,2076.3608108498697,2.9625330062117428,10947.258207015693,5837.670201460899
1783317119,2000,,Aggregated,464.500000,0.000000,1700,2100,2400,2600,3500,4900,6700,8400,10000,11000,11000,89828,0,1700.0,2076.194470999394,2.9625330062117428,10947.258207015693,5838.440786837066
1783317121,2000,,Aggregated,459.300000,0.000000,1700,2100,2400,2600,3500,4900,6700,8400,10000,11000,11000,90316,0,1700.0,2076.4294246297427,2.9625330062117428,10947.258207015693,5839.390085920546
1783317122,2000,,Aggregated,456.700000,0.000000,1700,2100,2400,2600,3500,4800,6600,8400,10000,11000,11000,91339,0,1700.0,2082.475652901859,2.9625330062117428,10947.258207015693,5861.516000832065
1783317123,2000,,Aggregated,418.800000,0.000000,1700,2100,2400,2600,3500,4800,6600,8300,10000,11000,11000,91896,0,1700.0,2077.381713245728,2.9625330062117428,10947.258207015693,5850.266953947941
1783317124,2000,,Aggregated,451.200000,0.000000,1700,2100,2400,2600,3500,4800,6600,8300,10000,11000,11000,92347,0,1700.0,2074.4837441403197,2.9625330062117428,10947.258207015693,5852.455001245303
1783317125,2000,,Aggregated,516.500000,0.000000,1700,2100,2400,2600,3400,4800,6600,8300,10000,11000,11000,92825,0,1700.0,2071.342493564201,2.9625330062117428,10947.258207015693,5852.191004578508
1783317126,2000,,Aggregated,474.900000,0.000000,1700,2100,2400,2600,3400,4800,6600,8300,10000,11000,11000,93310,0,1700.0,2068.7847400694527,2.9625330062117428,10947.258207015693,5845.174075661773
1783317127,2000,,Aggregated,467.700000,0.000000,1700,2100,2400,2600,3400,4800,6600,8300,10000,11000,11000,93802,0,1700.0,2067.7763656761476,2.9625330062117428,10947.258207015693,5842.9663333404405
1783317129,2000,,Aggregated,478.700000,0.000000,1700,2100,2400,2600,3400,4800,6500,8300,10000,11000,11000,94109,0,1700.0,2067.552407232286,2.9625330062117428,10947.258207015693,5843.820952299992
1783317130,2000,,Aggregated,479.600000,0.000000,1700,2100,2400,2600,3400,4800,6500,8300,10000,11000,11000,95133,0,1700.0,2074.2941486840855,2.9625330062117428,10947.258207015693,5864.576308956934
1783317131,2000,,Aggregated,439.700000,0.000000,1700,2100,2400,2600,3400,4800,6500,8300,10000,11000,11000,95640,0,1700.0,2070.2847769160294,2.9625330062117428,10947.258207015693,5853.82791718946
1783317132,2000,,Aggregated,463.400000,0.000000,1700,2100,2400,2600,3400,4800,6500,8300,10000,11000,11000,96068,0,1700.0,2068.5389331421025,2.9625330062117428,10947.258207015693,5851.563881833701
1783317133,2000,,Aggregated,515.700000,0.000000,1700,2100,2400,2600,3400,4800,6500,8300,10000,11000,11000,96478,0,1700.0,2067.0434200655004,2.9625330062117428,10947.258207015693,5849.775855635482
1783317134,2000,,Aggregated,486.900000,0.000000,1700,2100,2400,2600,3400,4800,6500,8200,10000,11000,11000,97014,0,1700.0,2066.070172123049,2.9625330062117428,10947.258207015693,5845.286030882141
1783317135,2000,,Aggregated,457.500000,0.000000,1700,2100,2400,2600,3400,4800,6500,8200,10000,11000,11000,97467,0,1700.0,2066.3653979804703,2.9625330062117428,10947.258207015693,5845.534827172273
1783317136,2000,,Aggregated,457.000000,0.000000,1700,2100,2400,2600,3400,4700,6400,8200,10000,11000,11000,98036,0,1700.0,2067.140004094191,2.9625330062117428,10947.258207015693,5849.736882369742
1783317138,2000,,Aggregated,457.000000,0.000000,1700,2100,2400,2600,3400,4700,6400,8200,10000,11000,11000,98174,0,1700.0,2066.9686475846984,2.9625330062117428,10947.258207015693,5850.094403813637
1783317139,2000,,Aggregated,462.800000,0.000000,1700,2100,2400,2600,3400,4700,6400,8200,10000,11000,11000,99134,0,1700.0,2070.932070669352,2.9625330062117428,10947.258207015693,5864.210381907317
1783317140,2000,,Aggregated,414.300000,0.000000,1700,2100,2400,2600,3400,4700,6400,8200,10000,11000,11000,99639,0,1700.0,2067.3811216691115,2.9625330062117428,10947.258207015693,5852.850630777105
1783317141,2000,,Aggregated,489.500000,0.000000,1700,2100,2400,2600,3400,4700,6400,8200,10000,11000,11000,100056,0,1700.0,2066.0655662615472,2.9625330062117428,10947.258207015693,5853.829105700807
1783317142,2000,,Aggregated,471.400000,0.000000,1700,2100,2400,2600,3400,4700,6400,8200,10000,11000,11000,100572,0,1700.0,2064.6590565836577,2.9625330062117428,10947.258207015693,5852.180855506503
1783317143,2000,,Aggregated,448.300000,0.000000,1700,2100,2400,2600,3400,4700,6400,8200,10000,11000,11000,101048,0,1700.0,2063.372418074492,2.9625330062117428,10947.258207015693,5844.443373446283
1783317144,2000,,Aggregated,453.400000,0.000000,1700,2100,2400,2600,3400,4700,6300,8200,10000,11000,11000,101518,0,1700.0,2063.0617363782535,2.9625330062117428,10947.258207015693,5845.207096278493
1783317146,2000,,Aggregated,470.100000,0.000000,1700,2100,2400,2600,3400,4700,6300,8100,10000,11000,11000,102017,0,1700.0,2062.624690296395,2.9625330062117428,10947.258207015693,5846.99794151955
1783317147,2000,,Aggregated,472.100000,0.000000,1700,2100,2400,2600,3400,4600,6300,8100,10000,11000,11000,103020,0,1700.0,2067.462226285937,2.9625330062117428,10947.258207015693,5866.327460687246
1783317148,2000,,Aggregated,434.200000,0.000000,1700,2100,2400,2600,3400,4600,6300,8100,10000,11000,11000,103595,0,1700.0,2062.9239786704406,2.9625330062117428,10947.258207015693,5854.941918046237
1783317149,2000,,Aggregated,450.200000,0.000000,1700,2100,2400,2600,3400,4600,6300,8100,10000,11000,11000,104022,0,1700.0,2060.698792112166,2.9625330062117428,10947.258207015693,5857.453173367172
1783317150,2000,,Aggregated,520.600000,0.000000,1700,2100,2400,2600,3300,4600,6300,8100,10000,11000,11000,104485,0,1700.0,2058.3946129668757,2.9625330062117428,10947.258207015693,5854.4890175623295
1783317151,2000,,Aggregated,484.600000,0.000000,1700,2100,2400,2600,3300,4600,6200,8100,10000,11000,11000,105048,0,1700.0,2056.22436704132,2.9625330062117428,10947.258207015693,5849.108331429442
1783317152,2000,,Aggregated,471.500000,0.000000,1700,2100,2400,2600,3300,4600,6200,8100,10000,11000,11000,105580,0,1700.0,2054.9268817649136,2.9625330062117428,10947.258207015693,5850.49486645198
1783317153,2000,,Aggregated,481.800000,0.000000,1700,2100,2400,2600,3300,4600,6200,8000,10000,11000,11000,106037,0,1700.0,2054.0377880078563,2.9625330062117428,10947.258207015693,5852.714429868819
1783317154,2000,,Aggregated,489.300000,0.000000,1700,2100,2400,2600,3300,4600,6200,8000,10000,11000,11000,106088,0,1700.0,2053.9500121000788,2.9625330062117428,10947.258207015693,5852.865441897293
1783317155,2000,,Aggregated,485.900000,0.000000,1700,2100,2400,2600,3300,4600,6200,8000,10000,11000,11000,107160,0,1700.0,2057.352636532648,2.9625330062117428,10947.258207015693,5862.960442329228
1783317156,2000,,Aggregated,464.600000,0.000000,1700,2100,2400,2600,3300,4600,6200,8000,10000,11000,11000,107637,0,1700.0,2054.246997709015,2.9625330062117428,10947.258207015693,5854.490184601949
1783317157,2000,,Aggregated,429.000000,0.000000,1700,2100,2400,2600,3300,4500,6200,8000,10000,11000,11000,108065,0,1700.0,2052.6565735648333,2.9625330062117428,10947.258207015693,5855.131189561837
1783317158,2000,,Aggregated,519.100000,0.000000,1700,2100,2400,2600,3300,4500,6200,8000,10000,11000,11000,108608,0,1700.0,2050.6963873560658,2.9625330062117428,10947.258207015693,5853.419048320566
1783317159,2000,,Aggregated,497.900000,0.000000,1700,2100,2400,2600,3300,4500,6100,8000,10000,11000,11000,109131,0,1700.0,2048.604310443857,2.9625330062117428,10947.258207015693,5849.182707021836
1783317161,2000,,Aggregated,477.000000,0.000000,1700,2100,2400,2600,3300,4500,6100,8000,10000,11000,11000,109808,0,1700.0,2048.4765096212427,2.9625330062117428,10947.258207015693,5858.340694667055
1783317163,2000,,Aggregated,486.200000,0.000000,1700,2100,2400,2600,3300,4500,6100,8000,10000,11000,11000,110081,0,1700.0,2047.6213139352863,2.9625330062117428,10947.258207015693,5853.444908749012
1783317164,2000,,Aggregated,473.100000,0.000000,1700,2100,2400,2600,3300,4500,6100,8000,10000,11000,11000,111141,0,1700.0,2052.9195992865025,2.9625330062117428,10947.258207015693,5861.3285646161185
1783317165,2000,,Aggregated,426.900000,0.000000,1700,2100,2400,2600,3300,4500,6100,7900,10000,11000,11000,111661,0,1700.0,2049.3080456233956,2.9625330062117428,10947.258207015693,5848.117113405755
1783317166,2000,,Aggregated,485.200000,0.000000,1700,2100,2400,2600,3300,4500,6000,7900,10000,11000,11000,112191,0,1700.0,2046.8739165344791,2.9625330062117428,10947.258207015693,5851.633446533145
1783317167,2000,,Aggregated,529.000000,0.000000,1700,2100,2400,2600,3300,4500,6000,7900,10000,11000,11000,112856,0,1700.0,2042.0115422558517,2.9625330062117428,10947.258207015693,5848.586685687957
1783317168,2000,,Aggregated,472.400000,0.000000,1700,2100,2400,2600,3300,4500,6000,7900,10000,11000,11000,113359,0,1700.0,2038.5368547069438,2.9625330062117428,10947.258207015693,5845.997865189354
1783317169,2000,,Aggregated,490.400000,0.000000,1700,2100,2400,2600,3300,4500,6000,7900,10000,11000,11000,113820,0,1700.0,2036.2598827167767,2.9625330062117428,10947.258207015693,5844.429142505711
1783317170,2000,,Aggregated,509.100000,0.000000,1700,2100,2300,2600,3300,4500,6000,7900,10000,11000,11000,114349,0,1700.0,2034.4286322561136,2.9625330062117428,10947.258207015693,5839.0353916518725
1783317172,2000,,Aggregated,499.600000,0.000000,1700,2100,2300,2600,3300,4500,6000,7900,10000,11000,11000,114487,0,1700.0,2033.9530379668834,2.9625330062117428,10947.258207015693,5836.649794299789
1783317173,2000,,Aggregated,485.100000,0.000000,1700,2100,2400,2600,3300,4500,6000,7800,10000,11000,11000,115498,0,1700.0,2038.2656200616743,2.9625330062117428,10947.258207015693,5851.527403071915
1783317174,2000,,Aggregated,443.700000,0.000000,1700,2100,2400,2600,3300,4400,6000,7800,10000,11000,11000,116102,0,1700.0,2034.446594266838,2.9625330062117428,10947.258207015693,5841.541653029233
1783317175,2000,,Aggregated,535.400000,0.000000,1700,2100,2400,2600,3300,4400,5900,7800,10000,11000,11000,116608,0,1700.0,2032.0582547175547,2.9625330062117428,10947.258207015693,5842.2652733946215
1783317176,2000,,Aggregated,510.900000,0.000000,1700,2100,2300,2600,3300,4400,5900,7800,10000,11000,11000,117104,0,1700.0,2029.0521998542556,2.9625330062117428,10947.258207015693,5837.625256182539
1783317177,2000,,Aggregated,504.600000,0.000000,1700,2100,2300,2600,3300,4400,5900,7800,10000,11000,11000,117628,0,1700.0,2026.4031827503325,2.9625330062117428,10947.258207015693,5832.02917672663
1783317178,2000,,Aggregated,510.100000,0.000000,1700,2100,2300,2600,3200,4400,5900,7800,10000,11000,11000,118166,0,1700.0,2024.785496336606,2.9625330062117428,10947.258207015693,5834.851082375641
1783317179,2000,,Aggregated,499.900000,0.000000,1700,2100,2300,2600,3200,4400,5900,7800,10000,11000,11000,118740,0,1700.0,2023.1419224867211,2.9625330062117428,10947.258207015693,5837.171340744484
1783317180,2000,,Aggregated,499.900000,0.000000,1700,2100,2300,2600,3200,4400,5900,7800,10000,11000,11000,118740,0,1700.0,2023.1419224867211,2.9625330062117428,10947.258207015693,5837.171340744484
1783317181,2000,,Aggregated,501.800000,0.000000,1700,2100,2300,2600,3200,4400,5900,7800,10000,11000,11000,119780,0,1700.0,2026.4953391205343,2.9625330062117428,10947.258207015693,5844.371489397228
1783317182,2000,,Aggregated,468.500000,0.000000,1700,2100,2300,2600,3200,4400,5900,7800,10000,11000,11000,120280,0,1700.0,2023.8334675586996,2.9625330062117428,10947.258207015693,5835.69641669438
1783317183,2000,,Aggregated,461.900000,0.000000,1700,2100,2300,2600,3200,4400,5900,7700,10000,11000,11000,120809,0,1700.0,2022.433704119198,2.9625330062117428,10947.258207015693,5842.160575784917
1783317184,2000,,Aggregated,545.600000,0.000000,1700,2100,2300,2600,3200,4400,5900,7700,10000,11000,11000,121377,0,1700.0,2019.8944382107702,2.9625330062117428,10947.258207015693,5838.322054425468
1783317185,2000,,Aggregated,495.000000,0.000000,1700,2100,2300,2600,3200,4300,5900,7700,10000,11000,11000,121880,0,1700.0,2017.5364900129514,2.9625330062117428,10947.258207015693,5834.458787331801
1783317186,2000,,Aggregated,488.500000,0.000000,1700,2100,2300,2500,3200,4300,5900,7700,10000,11000,11000,122405,0,1700.0,2015.9888056155635,2.9625330062117428,10947.258207015693,5835.272807483355
1783317187,2000,,Aggregated,496.400000,0.000000,1700,2100,2300,2500,3200,4300,5800,7700,10000,11000,11000,122937,0,1700.0,2014.3833984241223,2.9625330062117428,10947.258207015693,5832.965860562727
1783317189,2000,,Aggregated,488.300000,0.000000,1700,2100,2300,2500,3200,4300,5800,7700,10000,11000,11000,122968,0,1700.0,2014.4213737187101,2.9625330062117428,10947.258207015693,5833.272412334916
1783317190,2000,,Aggregated,488.300000,0.000000,1700,2100,2300,2600,3200,4300,5800,7700,10000,11000,11000,124027,0,1700.0,2017.4940002737808,2.9625330062117428,10947.258207015693,5842.078837672442
1783317191,2000,,Aggregated,432.100000,0.000000,1700,2100,2300,2600,3200,4300,5800,7700,10000,11000,11000,124410,0,1700.0,2015.6202250999634,2.9625330062117428,10947.258207015693,5837.313576079094
1783317192,2000,,Aggregated,510.100000,0.000000,1700,2100,2300,2600,3200,4300,5800,7700,10000,11000,11000,124850,0,1700.0,2015.3842126844831,2.9625330062117428,10947.258207015693,5834.1265758910695
1783317193,2000,,Aggregated,518.900000,0.000000,1700,2100,2300,2600,3200,4300,5800,7700,10000,11000,11000,125314,0,1700.0,2015.2016702887695,2.9625330062117428,10947.258207015693,5831.071173212889
1783317194,2000,,Aggregated,470.600000,0.000000,1700,2100,2300,2600,3200,4300,5800,7600,10000,11000,11000,125936,0,1700.0,2014.7103056917917,2.9625330062117428,10947.258207015693,5828.5120458010415
1783317195,2000,,Aggregated,467.600000,0.000000,1700,2100,2300,2600,3200,4300,5800,7600,10000,11000,11000,126448,0,1700.0,2014.5550695438396,2.9625330062117428,10947.258207015693,5831.832484499557
1783317196,2000,,Aggregated,472.700000,0.000000,1700,2100,2300,2600,3200,4300,5800,7600,10000,11000,11000,126956,0,1700.0,2013.4899853415634,2.9625330062117428,10947.258207015693,5830.664159236271
1783317198,2000,,Aggregated,470.500000,0.000000,1700,2100,2300,2500,3200,4200,5800,7600,10000,11000,11000,127326,0,1700.0,2012.8403496255614,2.9625330062117428,10947.258207015693,5831.0017828251885
1783317199,2000,,Aggregated,473.600000,0.000000,1700,2100,2300,2600,3200,4200,5800,7600,10000,11000,11000,128273,0,1700.0,2018.1508293896989,2.9625330062117428,10947.258207015693,5839.98274773335
1783317200,2000,,Aggregated,435.000000,0.000000,1700,2100,2300,2600,3200,4200,5800,7600,10000,11000,11000,128789,0,1700.0,2015.9296048763567,2.9625330062117428,10947.258207015693,5828.426527110235
1783317201,2000,,Aggregated,437.100000,0.000000,1700,2100,2300,2600,3200,4200,5800,7600,10000,11000,11000,129352,0,1700.0,2014.8898162071716,2.9625330062117428,10947.258207015693,5832.211655018863
1783317202,2000,,Aggregated,450.000000,0.000000,1700,2100,2300,2600,3200,4200,5800,7600,10000,11000,11000,129913,0,1700.0,2012.6715196300709,2.9625330062117428,10947.258207015693,5829.27020390569
1783317203,2000,,Aggregated,453.200000,0.000000,1700,2100,2300,2600,3200,4200,5800,7600,10000,11000,11000,130429,0,1700.0,2010.5732752640142,2.9625330062117428,10947.258207015693,5828.712149905313
1783317204,2000,,Aggregated,471.500000,0.000000,1700,2100,2300,2500,3200,4200,5700,7500,10000,11000,11000,130906,0,1700.0,2009.1370358414922,2.9625330062117428,10947.258207015693,5828.638725497685
1783317205,2000,,Aggregated,486.300000,0.000000,1700,2100,2300,2500,3200,4200,5700,7500,10000,11000,11000,131401,0,1700.0,2007.5189839331904,2.9625330062117428,10947.258207015693,5823.84942275934
1783317208,2000,,Aggregated,476.100000,0.000000,1700,2100,2300,2500,3200,4200,5700,7500,10000,11000,11000,131711,0,1700.0,2007.0160112925826,2.9625330062117428,10947.258207015693,5823.731981383484
1783317209,2000,,Aggregated,453.300000,0.000000,1700,2100,2300,2600,3200,4200,5700,7500,10000,11000,11000,132754,0,1700.0,2012.6072825984918,2.9625330062117428,10947.258207015693,5835.214675264022
1783317210,2000,,Aggregated,440.600000,0.000000,1700,2100,2300,2600,3200,4200,5700,7500,10000,11000,11000,133274,0,1700.0,2010.077638972446,2.9625330062117428,10947.258207015693,5823.866095412459
1783317211,2000,,Aggregated,535.500000,0.000000,1700,2100,2300,2600,3200,4200,5700,7500,10000,11000,11000,133849,0,1700.0,2007.972528400039,2.9625330062117428,10947.258207015693,5828.240397761657
1783317212,2000,,Aggregated,485.800000,0.000000,1700,2100,2300,2500,3200,4200,5700,7500,10000,11000,11000,134373,0,1700.0,2005.2764418086788,2.9625330062117428,10947.258207015693,5825.817411235888
1783317213,2000,,Aggregated,496.200000,0.000000,1700,2100,2300,2500,3200,4100,5700,7500,10000,11000,11000,134903,0,1700.0,2002.9644057086718,2.9625330062117428,10947.258207015693,5824.240735936191
1783317214,2000,,Aggregated,494.300000,0.000000,1700,2100,2300,2500,3200,4100,5700,7500,10000,11000,11000,135401,0,1700.0,2001.32442443847,2.9625330062117428,10947.258207015693,5822.909956351873
1783317215,2000,,Aggregated,491.100000,0.000000,1700,2100,2300,2500,3200,4100,5700,7400,10000,11000,11000,135967,0,1700.0,1999.9184634238575,2.9625330062117428,10947.258207015693,5823.412688372914
1783317217,2000,,Aggregated,495.800000,0.000000,1700,2100,2300,2500,3200,4100,5700,7400,10000,11000,11000,136363,0,1700.0,1998.708635538058,2.9625330062117428,10947.258207015693,5822.856727998064
1783317218,2000,,Aggregated,493.800000,0.000000,1700,2100,2300,2500,3200,4100,5700,7400,10000,11000,11000,137218,0,1700.0,2002.0519899042044,2.9625330062117428,10947.258207015693,5832.74251920302
1783317219,2000,,Aggregated,464.500000,0.000000,1700,2100,2300,2500,3200,4100,5700,7400,10000,11000,11000,137837,0,1700.0,1999.1559455562233,2.9625330062117428,10947.258207015693,5822.572966619993
1783317220,2000,,Aggregated,542.000000,0.000000,1700,2100,2300,2500,3200,4100,5700,7400,10000,11000,11000,138318,0,1700.0,1998.0652392466136,2.9625330062117428,10947.258207015693,5822.573743113695
1783317221,2000,,Aggregated,498.700000,0.000000,1700,2100,2300,2500,3200,4100,5700,7400,10000,11000,11000,138765,0,1700.0,1997.2408230121869,2.9625330062117428,10947.258207015693,5821.611292472886
1783317222,2000,,Aggregated,497.900000,0.000000,1700,2100,2300,2500,3200,4100,5700,7400,10000,11000,11000,139309,0,1700.0,1996.133452599783,2.9625330062117428,10947.258207015693,5818.893388079737
1783317223,2000,,Aggregated,479.400000,0.000000,1700,2100,2300,2500,3200,4100,5700,7400,10000,11000,11000,139786,0,1700.0,1995.6838342816636,2.9625330062117428,10947.258207015693,5818.179638876569
1783317224,2000,,Aggregated,480.700000,0.000000,1700,2100,2300,2500,3200,4100,5600,7400,10000,11000,11000,140253,0,1700.0,1995.6122384213058,2.9625330062117428,10947.258207015693,5819.017532601798
1783317226,2000,,Aggregated,474.600000,0.000000,1700,2100,2300,2500,3200,4100,5600,7400,10000,11000,11000,140780,0,1700.0,1995.129262304511,2.9625330062117428,10947.258207015693,5819.104361414974
1783317227,2000,,Aggregated,467.100000,0.000000,1700,2100,2300,2600,3200,4100,5600,7400,10000,11000,11000,141663,0,1700.0,2001.714319663087,2.9625330062117428,10947.258207015693,5830.9794794688805
1783317228,2000,,Aggregated,442.300000,0.000000,1700,2100,2300,2500,3200,4100,5600,7400,10000,11000,11000,142241,0,1700.0,1999.4236633056266,2.9625330062117428,10947.258207015693,5818.534339606724
1783317229,2000,,Aggregated,442.500000,0.000000,1700,2100,2300,2500,3200,4100,5600,7300,10000,11000,11000,142728,0,1700.0,1998.7409388429649,2.9625330062117428,10947.258207015693,5823.127494254806
1783317230,2000,,Aggregated,459.600000,0.000000,1700,2100,2300,2500,3200,4100,5600,7300,10000,11000,11000,143277,0,1700.0,1996.8970713279484,2.9625330062117428,10947.258207015693,5821.384465057197
1783317231,2000,,Aggregated,458.100000,0.000000,1700,2100,2300,2500,3200,4100,5600,7300,10000,11000,11000,143881,0,1700.0,1994.627585184918,2.9625330062117428,10947.258207015693,5821.792432635303
1783317232,2000,,Aggregated,455.000000,0.000000,1700,2100,2300,2500,3200,4100,5600,7300,10000,11000,11000,144382,0,1700.0,1992.9865780220337,2.9625330062117428,10947.258207015693,5822.364900056794
1783317234,2000,,Aggregated,477.700000,0.000000,1700,2100,2300,2500,3200,4100,5600,7300,10000,11000,11000,144834,0,1700.0,1991.766686232649,2.9625330062117428,10947.258207015693,5821.214120993689
1783317235,2000,,Aggregated,481.000000,0.000000,1700,2100,2300,2500,3200,4000,5600,7300,10000,11000,11000,145343,0,1700.0,1990.7042550646088,2.9625330062117428,10947.258207015693,5819.48058042011
1783317236,2000,,Aggregated,475.700000,0.000000,1700,2100,2300,2500,3200,4000,5600,7300,10000,11000,11000,145356,0,1700.0,1990.8197829759797,2.9625330062117428,10947.258207015693,5819.914437656512
1783317237,2000,,Aggregated,477.500000,0.000000,1700,2100,2300,2500,3200,4000,5600,7300,10000,11000,11000,146425,0,1700.0,1995.6152937190554,2.9625330062117428,10947.258207015693,5829.144565477207
1783317238,2000,,Aggregated,456.500000,0.000000,1700,2100,2300,2500,3200,4000,5600,7300,10000,11000,11000,146848,0,1700.0,1994.0416380136573,2.9625330062117428,10947.258207015693,5820.972611135324
1783317239,2000,,Aggregated,530.300000,0.000000,1700,2100,2300,2500,3200,4000,5600,7300,10000,11000,11000,147326,0,1700.0,1993.5256509192343,2.9625330062117428,10947.258207015693,5824.101699632109
1783317240,2000,,Aggregated,486.500000,0.000000,1700,2100,2300,2500,3200,4000,5500,7300,10000,11000,11000,147851,0,1700.0,1992.4541617197397,2.9625330062117428,10947.258207015693,5823.01445374059
1783317241,2000,,Aggregated,476.100000,0.000000,1700,2100,2300,2500,3200,4000,5500,7300,10000,11000,11000,148395,0,1700.0,1991.3412863392036,2.9625330062117428,10947.258207015693,5821.8557026854005
1783317242,2000,,Aggregated,476.200000,0.000000,1700,2100,2300,2500,3100,4000,5500,7200,10000,11000,11000,148866,0,1700.0,1990.6058146354642,2.9625330062117428,10947.258207015693,5823.680309808821
1783317243,2000,,Aggregated,478.300000,0.000000,1700,2100,2300,2500,3100,4000,5500,7200,10000,11000,11000,149383,0,1700.0,1989.6513556990483,2.9625330062117428,10947.258207015693,5822.366795418488
1783317244,2000,,Aggregated,471.000000,0.000000,1700,2100,2300,2500,3100,4000,5500,7200,10000,11000,11000,149919,0,1700.0,1988.7589610268392,2.9625330062117428,10947.258207015693,5822.997151795303
1783317246,2000,,Aggregated,472.000000,0.000000,1700,2100,2300,2500,3100,4000,5500,7200,10000,11000,11000,150033,0,1700.0,1988.5385821179198,2.9625330062117428,10947.258207015693,5822.398738944099
1783317247,2000,,Aggregated,469.600000,0.000000,1700,2100,2300,2500,3200,4000,5500,7200,10000,11000,11000,151029,0,1700.0,1993.5082425572239,2.9625330062117428,10947.258207015693,5832.901714240312
1783317248,2000,,Aggregated,468.900000,0.000000,1700,2100,2300,2500,3200,4000,5500,7200,10000,11000,11000,151546,0,1700.0,1991.4872155882622,2.9625330062117428,10947.258207015693,5822.250557586475
1783317249,2000,,Aggregated,474.300000,0.000000,1700,2100,2300,2500,3100,4000,5500,7200,10000,11000,11000,152056,0,1700.0,1990.5651172281343,2.9625330062117428,10947.258207015693,5826.253531593624
1783317250,2000,,Aggregated,472.900000,0.000000,1700,2100,2300,2500,3100,4000,5500,7200,10000,11000,11000,152656,0,1700.0,1988.3750220335542,2.9625330062117428,10947.258207015693,5823.404923488104
1783317251,2000,,Aggregated,483.600000,0.000000,1700,2100,2300,2500,3100,4000,5500,7200,10000,11000,11000,153076,0,1700.0,1986.8509001599944,2.9625330062117428,10947.258207015693,5822.922881444511
1783317252,2000,,Aggregated,485.200000,0.000000,1700,2100,2300,2500,3100,4000,5500,7200,10000,11000,11000,153521,0,1700.0,1986.1303988958525,2.9625330062117428,10947.258207015693,5821.406758684479
1783317253,2000,,Aggregated,485.500000,0.000000,1700,2100,2300,2500,3100,4000,5500,7200,10000,11000,11000,154040,0,1700.0,1985.782258950019,2.9625330062117428,10947.258207015693,5822.8292781095815
1783317254,2000,,Aggregated,469.800000,0.000000,1700,2100,2300,2500,3100,4000,5500,7100,10000,11000,11000,154612,0,1700.0,1985.431086461027,2.9625330062117428,10947.258207015693,5823.041917833028
1783317256,2000,,Aggregated,474.300000,0.000000,1700,2100,2300,2500,3100,4000,5500,7100,10000,11000,11000,154793,0,1700.0,1985.3102896575438,2.9625330062117428,10947.258207015693,5824.514661515702
1783317257,2000,,Aggregated,476.000000,0.000000,1700,2100,2300,2500,3100,4000,5500,7100,9900,11000,11000,155691,0,1700.0,1989.6670309828394,2.9625330062117428,10947.258207015693,5835.876197082683
1783317258,2000,,Aggregated,476.000000,0.000000,1700,2100,2300,2500,3100,4000,5500,7100,9900,11000,11000,156250,0,1700.0,1987.7068624325943,2.9625330062117428,10947.258207015693,5824.9144
1783317259,2000,,Aggregated,478.100000,0.000000,1700,2100,2300,2500,3100,4000,5500,7100,9900,11000,11000,156755,0,1700.0,1987.283914743641,2.9625330062117428,10947.258207015693,5827.28861599311
1783317260,2000,,Aggregated,469.400000,0.000000,1700,2100,2300,2500,3100,4000,5400,7100,9900,11000,11000,157325,0,1700.0,1986.0837097819701,2.9625330062117428,10947.258207015693,5826.5534021929125
1783317261,2000,,Aggregated,464.500000,0.000000,1700,2100,2300,2500,3100,4000,5400,7100,9900,11000,11000,157888,0,1700.0,1984.3611218989086,2.9625330062117428,10947.258207015693,5825.811106607215
1783317262,2000,,Aggregated,465.200000,0.000000,1700,2100,2300,2500,3100,4000,5400,7100,9900,11000,11000,158382,0,1700.0,1983.1557072790959,2.9625330062117428,10947.258207015693,5828.5614084933895
1783317263,2000,,Aggregated,473.300000,0.000000,1700,2100,2300,2500,3100,4000,5400,7100,9900,11000,11000,158904,0,1700.0,1981.9308296586303,2.9625330062117428,10947.258207015693,5823.732058349696
1783317266,2000,,Aggregated,489.600000,0.000000,1700,2100,2300,2500,3100,4000,5400,7100,9900,11000,11000,159225,0,1700.0,1981.3808372283172,2.9625330062117428,10947.258207015693,5825.365074579997
1783317267,2000,,Aggregated,442.700000,0.000000,1700,2100,2300,2500,3200,4000,5400,7000,9900,11000,11000,160077,0,1700.0,1989.626868535303,2.9625330062117428,10947.258207015693,5834.886998132149
1783317268,2000,,Aggregated,442.700000,0.000000,1700,2100,2300,2500,3200,4000,5400,7000,9900,11000,11000,160551,0,1700.0,1988.1162008892097,2.9625330062117428,10947.258207015693,5826.300540015322
1783317269,2000,,Aggregated,446.900000,0.000000,1700,2100,2300,2500,3100,4000,5400,7000,9900,11000,11000,160941,0,1700.0,1988.9134253249629,2.9625330062117428,10947.258207015693,5825.609527715125
1783317270,2000,,Aggregated,443.200000,0.000000,1700,2100,2300,2500,3200,4000,5400,7000,9900,11000,11000,161170,0,1700.0,1989.96119028681,2.9625330062117428,10947.258207015693,5826.565148600856
1783317271,2000,,Aggregated,431.500000,0.000000,1700,2100,2300,2500,3200,4000,5400,7000,9900,11000,11000,161659,0,1700.0,1991.4607800267813,2.9625330062117428,10947.258207015693,5821.883724382806
1783317272,2000,,Aggregated,405.900000,0.000000,1700,2100,2400,2500,3200,4000,5400,7000,9900,11000,11000,162159,0,1700.0,1993.1905747834544,2.9625330062117428,10947.258207015693,5819.7821335849385
1783317273,2000,,Aggregated,383.400000,0.000000,1700,2100,2400,2500,3200,4000,5400,7000,9900,11000,11000,162559,0,1700.0,1995.2803472096507,2.9625330062117428,10947.258207015693,5824.042563007893
1783317274,2000,,Aggregated,386.200000,0.000000,1700,2100,2400,2600,3200,4000,5400,7000,9900,11000,11000,162954,0,1700.0,1997.2470390725905,2.9625330062117428,10947.258207015693,5825.695889637566
1783317275,2000,,Aggregated,379.700000,0.000000,1700,2100,2400,2600,3200,4000,5400,7000,9900,11000,11000,163489,0,1700.0,1998.2408134818572,2.9625330062117428,10947.258207015693,5822.339735395042
1783317278,2000,,Aggregated,462.600000,0.000000,1700,2100,2400,2600,3200,4000,5400,7000,9900,11000,11000,164088,0,1700.0,1999.5757046932004,2.9625330062117428,10947.258207015693,5825.6506935303005
1783317279,2000,,Aggregated,397.700000,0.000000,1700,2100,2400,2600,3200,4100,5400,6900,9900,11000,11000,164881,0,1700.0,2009.7083968948207,2.9625330062117428,10947.258207015693,5836.406098944087
1783317280,2000,,Aggregated,360.600000,0.000000,1700,2100,2400,2600,3200,4100,5400,6900,9900,11000,11000,165317,0,1700.0,2008.7523658638863,2.9625330062117428,10947.258207015693,5828.783972610197
1783317281,2000,,Aggregated,328.200000,0.000000,1700,2100,2400,2600,3200,4000,5400,6900,9900,11000,11000,165522,0,1700.0,2009.2437865416541,2.9625330062117428,10947.258207015693,5824.214599871921
1783317282,2000,,Aggregated,383.600000,0.000000,1700,2100,2400,2600,3200,4000,5400,6900,9900,11000,11000,165882,0,1700.0,2011.6174337754096,2.9625330062117428,10947.258207015693,5826.511695060344
1783317283,2000,,Aggregated,383.300000,0.000000,1700,2100,2400,2600,3200,4100,5400,6900,9900,11000,11000,166265,0,1700.0,2013.7019229753193,2.9625330062117428,10947.258207015693,5822.853138062731
1783317284,2000,,Aggregated,358.800000,0.000000,1700,2100,2400,2600,3200,4100,5400,6900,9900,11000,11000,166794,0,1700.0,2016.2214602517918,2.9625330062117428,10947.258207015693,5818.243390050002
1783317285,2000,,Aggregated,354.200000,0.000000,1700,2100,2400,2600,3200,4100,5400,6900,9900,11000,11000,167294,0,1700.0,2019.0016997996236,2.9625330062117428,10947.258207015693,5823.220169282819
1783317286,2000,,Aggregated,355.300000,0.000000,1700,2100,2400,2600,3200,4100,5400,6900,9900,11000,11000,167819,0,1700.0,2020.5316602642379,2.9625330062117428,10947.258207015693,5827.14832051198
1783317287,2000,,Aggregated,359.100000,0.000000,1700,2100,2400,2600,3200,4100,5400,6900,9900,11000,11000,168318,0,1700.0,2020.1720938098013,2.9625330062117428,10947.258207015693,5824.969628916693
1783317290,2000,,Aggregated,434.300000,0.000000,1700,2100,2400,2600,3200,4100,5400,6900,9900,11000,11000,168884,0,1700.0,2019.467221098351,2.9625330062117428,10947.258207015693,5826.429934155989
1783317291,2000,,Aggregated,478.800000,0.000000,1700,2100,2400,2600,3200,4100,5400,6900,9900,11000,11000,169709,0,1700.0,2023.5459757213775,2.9625330062117428,10947.258207015693,5834.614057003459
1783317292,2000,,Aggregated,398.700000,0.000000,1700,2100,2400,2600,3200,4100,5400,6900,9900,11000,11000,170184,0,1700.0,2021.7994302762984,2.9625330062117428,10947.258207015693,5825.4169780942975
1783317293,2000,,Aggregated,427.900000,0.000000,1700,2100,2400,2600,3200,4100,5400,6900,9900,11000,11000,170631,0,1700.0,2021.9746929614587,2.9625330062117428,10947.258207015693,5823.959556000961
1783317294,2000,,Aggregated,442.200000,0.000000,1700,2100,2400,2600,3200,4100,5400,6800,9900,11000,11000,171134,0,1700.0,2021.8922091704221,2.9625330062117428,10947.258207015693,5823.629436581859
1783317295,2000,,Aggregated,449.000000,0.000000,1700,2100,2400,2600,3200,4000,5300,6800,9900,11000,11000,171739,0,1700.0,2020.9562988546454,2.9625330062117428,10947.258207015693,5824.152015558493
1783317296,2000,,Aggregated,459.100000,0.000000,1700,2100,2400,2600,3200,4000,5300,6800,9900,11000,11000,172177,0,1700.0,2020.3477989827372,2.9625330062117428,10947.258207015693,5825.671030393142
1783317297,2000,,Aggregated,462.900000,0.000000,1700,2100,2400,2600,3200,4000,5300,6800,9900,11000,11000,172672,0,1700.0,2019.7041407171355,2.9625330062117428,10947.258207015693,5824.835526315789
1783317300,2000,,Aggregated,427.600000,0.000000,1700,2100,2400,2600,3200,4000,5300,6800,9900,11000,11000,173710,0,1700.0,2021.8843590960057,2.9625330062117428,10947.258207015693,5834.8299752461
1783317301,2000,,Aggregated,441.800000,0.000000,1700,2100,2400,2600,3200,4000,5300,6800,9900,11000,11000,174471,0,1700.0,2023.8345142739777,2.9625330062117428,10947.258207015693,5833.380630591903
1783317302,2000,,Aggregated,466.900000,0.000000,1700,2100,2400,2600,3200,4000,5300,6800,9900,11000,11000,175011,0,1700.0,2021.6057456542344,2.9625330062117428,10947.258207015693,5827.164103970607
1783317303,2000,,Aggregated,410.600000,0.000000,1700,2100,2400,2600,3200,4000,5300,6800,9900,11000,11000,175570,0,1700.0,2020.4074271195905,2.9625330062117428,10947.258207015693,5827.508554992311
1783317304,2000,,Aggregated,455.900000,0.000000,1700,2100,2400,2600,3200,4000,5300,6700,9900,11000,11000,176067,0,1700.0,2019.0998207891982,2.9625330062117428,10947.258207015693,5828.0204524414
1783317305,2000,,Aggregated,465.500000,0.000000,1700,2100,2400,2600,3200,4000,5300,6700,9900,11000,11000,176636,0,1700.0,2017.4473033447964,2.9625330062117428,10947.258207015693,5825.770160103263
1783317306,2000,,Aggregated,471.000000,0.000000,1700,2100,2400,2600,3200,4000,5300,6700,9900,11000,11000,177149,0,1700.0,2016.3596004868998,2.9625330062117428,10947.258207015693,5828.142507154994
1783317307,2000,,Aggregated,458.600000,0.000000,1700,2100,2400,2600,3200,4000,5300,6700,9900,11000,11000,177663,0,1700.0,2015.2292690086708,2.9625330062117428,10947.258207015693,5828.098433551161
1783317308,2000,,Aggregated,464.600000,0.000000,1700,2100,2400,2600,3200,4000,5300,6700,9900,11000,11000,178248,0,1700.0,2013.6367108194233,2.9625330062117428,10947.258207015693,5827.3626295947215
1783317311,2000,,Aggregated,503.200000,0.000000,1700,2100,2400,2600,3200,4000,5300,6700,9900,11000,11000,178540,0,1700.0,2012.9570560051186,2.9625330062117428,10947.258207015693,5829.4654755236925
1783317312,2000,,Aggregated,498.000000,0.000000,1700,2100,2400,2600,3200,4000,5300,6700,9900,11000,11000,179373,0,1700.0,2016.018940051621,2.9625330062117428,10947.258207015693,5836.967821244
1783317313,2000,,Aggregated,483.000000,0.000000,1700,2100,2400,2600,3200,4000,5300,6700,9900,11000,11000,179897,0,1700.0,2014.4618547562343,2.9625330062117428,10947.258207015693,5828.602561465727
1783317314,2000,,Aggregated,468.900000,0.000000,1700,2100,2400,2600,3200,4000,5300,6700,9900,11000,11000,180371,0,1700.0,2014.6336345954337,2.9625330062117428,10947.258207015693,5829.645037173382
1783317315,2000,,Aggregated,478.700000,0.000000,1700,2100,2400,2600,3200,4000,5300,6700,9900,11000,11000,180842,0,1700.0,2014.4944275770156,2.9625330062117428,10947.258207015693,5829.751495780847
1783317316,2000,,Aggregated,463.800000,0.000000,1700,2100,2400,2600,3200,4000,5300,6700,9900,11000,11000,181346,0,1700.0,2014.0358135167085,2.9625330062117428,10947.258207015693,5827.521842224256
1783317317,2000,,Aggregated,464.500000,0.000000,1700,2100,2400,2600,3200,4000,5300,6600,9900,11000,11000,181811,0,1700.0,2013.70852742898,2.9625330062117428,10947.258207015693,5826.6509452123355
1783317318,2000,,Aggregated,461.800000,0.000000,1700,2100,2400,2600,3200,4000,5300,6600,9900,11000,11000,182305,0,1700.0,2013.5340867299687,2.9625330062117428,10947.258207015693,5827.315087353611
1783317319,2000,,Aggregated,453.500000,0.000000,1700,2100,2400,2600,3200,4000,5300,6600,9900,11000,11000,182823,0,1700.0,2013.1645346318687,2.9625330062117428,10947.258207015693,5825.213917286118
1783317321,2000,,Aggregated,445.000000,0.000000,1700,2100,2400,2600,3200,4000,5300,6600,9900,11000,11000,183424,0,1700.0,2012.6241494808821,2.9625330062117428,10947.258207015693,5825.524707780879
1783317322,2000,,Aggregated,476.800000,0.000000,1700,2100,2400,2600,3200,4000,5200,6600,9900,11000,11000,184206,0,1700.0,2016.8351134470981,2.9625330062117428,10947.258207015693,5834.643610957298
1783317323,2000,,Aggregated,486.500000,0.000000,1700,2100,2400,2600,3200,4000,5200,6600,9900,11000,11000,184667,0,1700.0,2015.3173175214042,2.9625330062117428,10947.258207015693,5826.937005528871
1783317324,2000,,Aggregated,415.700000,0.000000,1700,2100,2400,2600,3200,4000,5200,6600,9900,11000,11000,185138,0,1700.0,2015.5272252443503,2.9625330062117428,10947.258207015693,5823.934826993918
1783317325,2000,,Aggregated,451.900000,0.000000,1700,2100,2400,2600,3200,4000,5200,6600,9900,11000,11000,185536,0,1700.0,2015.908782803592,2.9625330062117428,10947.258207015693,5825.398429415316
1783317326,2000,,Aggregated,447.300000,0.000000,1700,2100,2400,2600,3200,4000,5200,6600,9900,11000,11000,186004,0,1700.0,2016.4352508492564,2.9625330062117428,10947.258207015693,5825.6549213995395
1783317327,2000,,Aggregated,445.600000,0.000000,1700,2100,2400,2600,3200,4000,5200,6600,9900,11000,11000,186463,0,1700.0,2016.587812585542,2.9625330062117428,10947.258207015693,5823.701769251808
1783317328,2000,,Aggregated,434.200000,0.000000,1700,2100,2400,2600,3200,4000,5200,6600,9900,11000,11000,187014,0,1700.0,2017.2632117465464,2.9625330062117428,10947.258207015693,5826.36631482135
1783317330,2000,,Aggregated,429.200000,0.000000,1700,2100,2400,2600,3200,4000,5200,6600,9900,11000,11000,187985,0,1700.0,2020.322423978677,2.9625330062117428,10947.258207015693,5835.35913503737
1783317333,2000,,Aggregated,458.000000,0.000000,1700,2100,2400,2600,3200,4000,5200,6600,9900,11000,11000,188294,0,1700.0,2018.9093732335896,2.9625330062117428,10947.258207015693,5832.034079683898
1783317334,2000,,Aggregated,486.900000,0.000000,1700,2100,2400,2600,3200,4000,5200,6500,9800,11000,11000,189099,0,1700.0,2021.7388134693233,2.9625330062117428,10947.258207015693,5836.824668559855
1783317335,2000,,Aggregated,392.700000,0.000000,1700,2100,2400,2600,3200,4000,5200,6500,9800,11000,11000,189674,0,1700.0,2020.154137756721,2.9625330062117428,10947.258207015693,5829.040142560393
1783317336,2000,,Aggregated,427.400000,0.000000,1700,2100,2400,2600,3200,4000,5200,6500,9800,11000,11000,190172,0,1700.0,2020.0944641078534,2.9625330062117428,10947.258207015693,5829.081189659887
1783317337,2000,,Aggregated,426.400000,0.000000,1700,2100,2400,2600,3200,3900,5200,6500,9800,11000,11000,190698,0,1700.0,2019.4301335723603,2.9625330062117428,10947.258207015693,5829.7435054379175
1783317338,2000,,Aggregated,439.200000,0.000000,1700,2100,2400,2600,3200,3900,5200,6500,9800,11000,11000,191255,0,1700.0,2018.2869204542615,2.9625330062117428,10947.258207015693,5829.450707171054
1783317339,2000,,Aggregated,445.800000,0.000000,1700,2100,2400,2600,3200,3900,5200,6500,9800,11000,11000,191838,0,1700.0,2016.8182137463277,2.9625330062117428,10947.258207015693,5828.87911154203
1783317340,2000,,Aggregated,456.800000,0.000000,1700,2100,2400,2600,3200,3900,5200,6500,9800,11000,11000,192320,0,1700.0,2015.7338716354875,2.9625330062117428,10947.258207015693,5831.157591514143
1783317341,2000,,Aggregated,462.900000,0.000000,1700,2100,2400,2600,3200,3900,5200,6500,9800,11000,11000,192714,0,1700.0,2015.1742188731162,2.9625330062117428,10947.258207015693,5829.388311176147
1783317343,2000,,Aggregated,455.100000,0.000000,1700,2100,2400,2600,3200,3900,5200,6500,9800,11000,11000,193100,0,1700.0,2014.808394831908,2.9625330062117428,10947.258207015693,5827.006224754014
1783317344,2000,,Aggregated,474.000000,0.000000,1700,2100,2400,2600,3200,3900,5200,6500,9800,11000,11000,194176,0,1700.0,2020.3638627105674,2.9625330062117428,10947.258207015693,5835.788511453527
1783317345,2000,,Aggregated,480.600000,0.000000,1700,2100,2400,2600,3200,3900,5200,6500,9800,11000,11000,194675,0,1700.0,2018.8253677230239,2.9625330062117428,10947.258207015693,5827.627317323745
1783317346,2000,,Aggregated,421.900000,0.000000,1700,2100,2400,2600,3200,3900,5200,6500,9800,11000,11000,195124,0,1700.0,2018.0809027878365,2.9625330062117428,10947.258207015693,5830.801797831123
1783317347,2000,,Aggregated,483.000000,0.000000,1700,2100,2400,2600,3200,3900,5200,6400,9800,11000,11000,195619,0,1700.0,2016.744691292485,2.9625330062117428,10947.258207015693,5829.232702344864
1783317348,2000,,Aggregated,480.500000,0.000000,1700,2100,2400,2600,3200,3900,5100,6400,9800,11000,11000,196187,0,1700.0,2015.3036818050145,2.9625330062117428,10947.258207015693,5825.058597154755
1783317349,2000,,Aggregated,470.200000,0.000000,1700,2100,2400,2600,3200,3900,5100,6400,9800,11000,11000,196578,0,1700.0,2015.1060197634476,2.9625330062117428,10947.258207015693,5826.199737508775
1783317350,2000,,Aggregated,464.900000,0.000000,1700,2100,2400,2600,3200,3900,5100,6400,9800,11000,11000,197054,0,1700.0,2015.134723630804,2.9625330062117428,10947.258207015693,5824.818948105595
1783317351,2000,,Aggregated,460.500000,0.000000,1700,2100,2400,2600,3200,3900,5100,6400,9800,11000,11000,197591,0,1700.0,2015.3599976275877,2.9625330062117428,10947.258207015693,5824.291334119469
1783317352,2000,,Aggregated,447.100000,0.000000,1700,2100,2400,2600,3200,3900,5100,6400,9800,11000,11000,198226,0,1700.0,2015.411950394372,2.9625330062117428,10947.258207015693,5825.780124706143
1783317354,2000,,Aggregated,459.500000,0.000000,1700,2100,2400,2600,3200,3900,5100,6400,9800,11000,11000,198392,0,1700.0,2015.4483407961686,2.9625330062117428,10947.258207015693,5826.9628311625465
1783317355,2000,,Aggregated,515.400000,0.000000,1700,2100,2400,2600,3200,3900,5100,6400,9800,11000,11000,199210,0,1700.0,2018.8247869319866,2.9625330062117428,10947.258207015693,5832.959389588876
1783317356,2000,,Aggregated,513.600000,0.000000,1700,2100,2400,2600,3200,3900,5100,6400,9800,11000,11000,199672,0,1700.0,2017.4993633945892,2.9625330062117428,10947.258207015693,5825.837874113547
1783317357,2000,,Aggregated,410.000000,0.000000,1700,2100,2400,2600,3200,3900,5100,6400,9800,11000,11000,200102,0,1700.0,2017.762967322304,2.9625330062117428,10947.258207015693,5824.125780851766
1783317359,2000,,Aggregated,443.500000,0.000000,1700,2100,2400,2600,3200,3900,5100,6400,9800,11000,11000,200486,0,1700.0,2018.4900235094497,2.9625330062117428,10947.258207015693,5824.454749957603
1783317360,2000,,Aggregated,437.800000,0.000000,1700,2100,2400,2600,3200,3900,5100,6400,9800,11000,11000,200911,0,1700.0,2018.934840494081,2.9625330062117428,10947.258207015693,5821.731433321222
1783317361,2000,,Aggregated,423.600000,0.000000,1700,2100,2400,2600,3200,3900,5100,6400,9800,11000,11000,201460,0,1700.0,2019.7032949357715,2.9625330062117428,10947.258207015693,5820.4246153082495
1783317362,2000,,Aggregated,426.100000,0.000000,1700,2100,2400,2600,3200,3900,5100,6400,9800,11000,11000,201882,0,1700.0,2020.4487790628013,2.9625330062117428,10947.258207015693,5821.982326309429
1783317363,2000,,Aggregated,434.000000,0.000000,1700,2100,2400,2600,3200,3900,5100,6300,9800,11000,11000,202434,0,1700.0,2020.717485035495,2.9625330062117428,10947.258207015693,5822.49183931553
1783317364,2000,,Aggregated,423.700000,0.000000,1700,2100,2400,2600,3200,3900,5100,6300,9800,11000,11000,203048,0,1700.0,2020.2576916184055,2.9625330062117428,10947.258207015693,5825.360156219219
1783317366,2000,,Aggregated,423.700000,0.000000,1700,2100,2400,2600,3200,3900,5100,6300,9800,11000,11000,203311,0,1700.0,2019.822221145326,2.9625330062117428,10947.258207015693,5826.161452159499
1783317367,2000,,Aggregated,491.900000,0.000000,1700,2100,2400,2600,3200,3900,5100,6300,9800,11000,11000,204204,0,1700.0,2023.7618291404735,2.9625330062117428,10947.258207015693,5834.356579694815
1783317368,2000,,Aggregated,407.000000,0.000000,1700,2100,2400,2600,3200,3900,5100,6300,9800,11000,11000,204680,0,1700.0,2022.511617705448,2.9625330062117428,10947.258207015693,5827.326568301739
1783317369,2000,,Aggregated,444.500000,0.000000,1700,2100,2400,2600,3200,3900,5100,6300,9800,11000,11000,205086,0,1700.0,2022.679867041921,2.9625330062117428,10947.258207015693,5825.531182040705
1783317370,2000,,Aggregated,439.700000,0.000000,1700,2100,2400,2600,3200,3900,5100,6300,9800,11000,11000,205478,0,1700.0,2023.2402835444327,2.9625330062117428,10947.258207015693,5826.150400529497
1783317371,2000,,Aggregated,441.900000,0.000000,1700,2100,2400,2600,3200,3900,5100,6300,9800,11000,11000,205928,0,1700.0,2023.3888467615004,2.9625330062117428,10947.258207015693,5822.208189270036
1783317372,2000,,Aggregated,436.000000,0.000000,1700,2100,2400,2600,3200,3900,5100,6300,9800,11000,11000,206451,0,1700.0,2024.4138561823063,2.9625330062117428,10947.258207015693,5823.008820494936
1783317373,2000,,Aggregated,430.900000,0.000000,1700,2100,2400,2600,3200,3900,5000,6300,9800,11000,11000,206902,0,1700.0,2024.9320361388952,2.9625330062117428,10947.258207015693,5823.054958386096
1783317374,2000,,Aggregated,432.500000,0.000000,1700,2100,2400,2600,3200,3900,5000,6300,9800,11000,11000,207468,0,1700.0,2025.06360067539,2.9625330062117428,10947.258207015693,5823.615637110302
1783317375,2000,,Aggregated,425.900000,0.000000,1700,2100,2400,2600,3200,3900,5000,6300,9800,11000,11000,208078,0,1700.0,2024.3495827156112,2.9625330062117428,10947.258207015693,5824.9172569901675
1783317378,2000,,Aggregated,417.300000,0.000000,1700,2100,2400,2600,3200,3900,5000,6300,9800,11000,11000,208515,0,1700.0,2023.1866854485374,2.9625330062117428,10947.258207015693,5823.380610507637
1783317379,2000,,Aggregated,507.300000,0.000000,1800,2100,2400,2600,3200,3900,5000,6300,9800,11000,11000,209266,0,1800.0,2027.7457370889624,2.9625330062117428,10947.258207015693,5830.938824271501
1783317380,2000,,Aggregated,401.600000,0.000000,1700,2100,2400,2600,3200,3900,5000,6300,9800,11000,11000,209934,0,1700.0,2025.9317183257851,2.9625330062117428,10947.258207015693,5822.852734668992
1783317381,2000,,Aggregated,436.300000,0.000000,1700,2100,2400,2600,3200,3900,5000,6300,9800,11000,11000,210451,0,1700.0,2025.943830060939,2.9625330062117428,10947.258207015693,5824.781930235542
1783317382,2000,,Aggregated,450.100000,0.000000,1700,2100,2400,2600,3200,3900,5000,6200,9800,11000,11000,210971,0,1700.0,2024.9607181626154,2.9625330062117428,10947.258207015693,5824.0575197539
1783317383,2000,,Aggregated,450.400000,0.000000,1700,2100,2400,2600,3200,3900,5000,6200,9800,11000,11000,211430,0,1700.0,2024.0322542670324,2.9625330062117428,10947.258207015693,5822.668415078277
1783317384,2000,,Aggregated,457.100000,0.000000,1700,2100,2400,2600,3200,3900,5000,6200,9800,11000,11000,211824,0,1700.0,2023.5977203661678,2.9625330062117428,10947.258207015693,5820.65292884659
1783317385,2000,,Aggregated,457.700000,0.000000,1700,2100,2400,2600,3200,3900,5000,6200,9800,11000,11000,212183,0,1700.0,2023.7078563000016,2.9625330062117428,10947.258207015693,5819.176319497792
1783317386,2000,,Aggregated,448.800000,0.000000,1700,2100,2400,2600,3200,3900,5000,6200,9800,11000,11000,212595,0,1700.0,2024.4137662100634,2.9625330062117428,10947.258207015693,5817.854587360945
1783317387,2000,,Aggregated,427.800000,0.000000,1800,2100,2400,2600,3200,3900,5000,6200,9800,11000,11000,213093,0,1800.0,2025.6677734459474,2.9625330062117428,10947.258207015693,5815.992838807469
1783317388,2000,,Aggregated,403.900000,0.000000,1800,2100,2400,2600,3200,3900,5000,6200,9800,11000,11000,213548,0,1800.0,2027.009477524423,2.9625330062117428,10947.258207015693,5815.966424410437
1783317391,2000,,Aggregated,483.100000,0.000000,1800,2100,2400,2600,3200,3900,5000,6200,9800,11000,11000,213663,0,1800.0,2027.3466129771928,2.9625330062117428,10947.258207015693,5815.9743942563755
1783317392,2000,,Aggregated,439.500000,0.000000,1800,2200,2400,2600,3200,3900,5100,6300,9800,11000,11000,214711,0,1800.0,2038.169202180336,2.9625330062117428,10947.258207015693,5826.935788105872
1783317393,2000,,Aggregated,340.100000,0.000000,1800,2200,2400,2600,3200,3900,5100,6300,9800,11000,11000,215224,0,1800.0,2037.1316328716057,2.9625330062117428,10947.258207015693,5821.715914582017
1783317394,2000,,Aggregated,395.000000,0.000000,1800,2200,2400,2600,3200,3900,5100,6300,9800,11000,11000,215729,0,1800.0,2036.8799052485115,2.9625330062117428,10947.258207015693,5823.139545448224
1783317395,2000,,Aggregated,386.500000,0.000000,1800,2200,2400,2600,3200,3900,5100,6300,9800,11000,11000,216351,0,1800.0,2035.1256086144488,2.9625330062117428,10947.258207015693,5820.935442868302
1783317396,2000,,Aggregated,391.200000,0.000000,1800,2100,2400,2600,3200,3900,5100,6200,9800,11000,11000,216990,0,1800.0,2032.9249439317118,2.9625330062117428,10947.258207015693,5822.481828655698
1783317397,2000,,Aggregated,409.300000,0.000000,1800,2100,2400,2600,3200,3900,5100,6200,9800,11000,11000,217486,0,1800.0,2031.234065962524,2.9625330062117428,10947.258207015693,5822.3854592939315
1783317398,2000,,Aggregated,439.600000,0.000000,1800,2100,2400,2600,3200,3900,5100,6200,9800,11000,11000,218041,0,1800.0,2029.6150093240865,2.9625330062117428,10947.258207015693,5822.002403217743
1783317399,2000,,Aggregated,448.200000,0.000000,1800,2100,2400,2600,3200,3900,5000,6200,9800,11000,11000,218647,0,1800.0,2028.0334700549763,2.9625330062117428,10947.258207015693,5822.563977552859
1783317402,2000,,Aggregated,527.300000,0.000000,1800,2100,2400,2600,3200,3900,5000,6200,9800,11000,11000,219001,0,1800.0,2027.2002649524063,2.9625330062117428,10947.258207015693,5820.2181085931115
1783317403,2000,,Aggregated,533.000000,0.000000,1800,2100,2400,2600,3300,4000,5100,6200,9800,11000,11000,219857,0,1800.0,2035.6807390297934,2.9625330062117428,10947.258207015693,5827.201449123749
1783317404,2000,,Aggregated,428.200000,0.000000,1800,2100,2400,2600,3300,4000,5100,6200,9800,11000,11000,220308,0,1800.0,2034.892678602249,2.9625330062117428,10947.258207015693,5821.72102692594
1783317405,2000,,Aggregated,389.400000,0.000000,1800,2100,2400,2600,3300,4000,5100,6200,9800,11000,11000,220723,0,1800.0,2035.579314172785,2.9625330062117428,10947.258207015693,5822.0805262704835
1783317406,2000,,Aggregated,427.900000,0.000000,1800,2100,2400,2600,3300,4000,5100,6200,9800,11000,11000,221026,0,1800.0,2036.333824259299,2.9625330062117428,10947.258207015693,5822.486286681205
1783317407,2000,,Aggregated,420.200000,0.000000,1800,2100,2400,2600,3300,4000,5100,6200,9800,11000,11000,221535,0,1800.0,2036.9632537883328,2.9625330062117428,10947.258207015693,5820.426654930372
1783317408,2000,,Aggregated,393.600000,0.000000,1800,2100,2400,2600,3300,4000,5100,6200,9800,11000,11000,221978,0,1800.0,2037.3746664521655,2.9625330062117428,10947.258207015693,5817.672683779474
1783317409,2000,,Aggregated,368.500000,0.000000,1800,2100,2400,2600,3300,4000,5100,6200,9800,11000,11000,222545,0,1800.0,2038.3965157049627,2.9625330062117428,10947.258207015693,5822.408411781887
1783317410,2000,,Aggregated,371.400000,0.000000,1800,2100,2400,2600,3300,4000,5100,6200,9800,11000,11000,223121,0,1800.0,2038.1563687443522,2.9625330062117428,10947.258207015693,5825.130099811313
1783317411,2000,,Aggregated,355.100000,0.000000,1800,2100,2400,2600,3300,4000,5100,6200,9800,11000,11000,223736,0,1800.0,2036.9506956883206,2.9625330062117428,10947.258207015693,5826.0829504415915
1783317414,2000,,Aggregated,475.800000,0.000000,1800,2100,2400,2600,3300,4000,5000,6200,9800,11000,11000,224198,0,1800.0,2035.7177790568303,2.9625330062117428,10947.258207015693,5825.96448674832
1783317415,2000,,Aggregated,519.100000,0.000000,1800,2200,2400,2600,3300,4000,5000,6200,9800,11000,11000,224989,0,1800.0,2040.2516011196674,2.9625330062117428,10947.258207015693,5831.011156100965
1783317416,2000,,Aggregated,433.000000,0.000000,1800,2200,2400,2600,3300,4000,5000,6200,9800,11000,11000,225453,0,1800.0,2039.0096386755822,2.9625330062117428,10947.258207015693,5824.773221026112
1783317418,2000,,Aggregated,426.800000,0.000000,1800,2200,2400,2600,3300,4000,5000,6200,9800,11000,11000,225879,0,1800.0,2039.5486045266066,2.9625330062117428,10947.258207015693,5822.578114831392
1783317419,2000,,Aggregated,440.800000,0.000000,1800,2200,2400,2600,3300,4000,5000,6200,9800,11000,11000,226412,0,1800.0,2040.2059471217854,2.9625330062117428,10947.258207015693,5822.719091744254
1783317420,2000,,Aggregated,429.700000,0.000000,1800,2200,2400,2600,3300,4000,5000,6100,9800,11000,11000,227031,0,1800.0,2039.9714734773722,2.9625330062117428,10947.258207015693,5822.613911756544
1783317421,2000,,Aggregated,437.800000,0.000000,1800,2200,2400,2600,3300,4000,5000,6100,9800,11000,11000,227582,0,1800.0,2039.268050987492,2.9625330062117428,10947.258207015693,5825.9017057588035
1783317422,2000,,Aggregated,441.600000,0.000000,1800,2200,2400,2600,3300,4000,5000,6100,9800,11000,11000,228077,0,1800.0,2038.1382493023457,2.9625330062117428,10947.258207015693,5825.760769389285
1783317423,2000,,Aggregated,438.800000,0.000000,1800,2200,2400,2600,3300,3900,5000,6100,9800,11000,11000,228601,0,1800.0,2037.0978695264641,2.9625330062117428,10947.258207015693,5824.790604590531
1783317424,2000,,Aggregated,430.800000,0.000000,1800,2200,2400,2600,3300,3900,5000,6100,9800,11000,11000,229112,0,1800.0,2036.129833303431,2.9625330062117428,10947.258207015693,5822.918472188275
1783317426,2000,,Aggregated,486.100000,0.000000,1800,2100,2400,2600,3300,3900,5000,6100,9800,11000,11000,229486,0,1800.0,2035.6281356164031,2.9625330062117428,10947.258207015693,5821.808663709333
1783317427,2000,,Aggregated,528.100000,0.000000,1800,2200,2400,2600,3300,4000,5000,6100,9800,11000,11000,230375,0,1800.0,2040.8927707083878,2.9625330062117428,10947.258207015693,5827.623726532827
1783317428,2000,,Aggregated,445.600000,0.000000,1800,2200,2400,2600,3300,4000,5000,6100,9800,11000,11000,230963,0,1800.0,2039.3422583173938,2.9625330062117428,10947.258207015693,5820.7393738391
1783317429,2000,,Aggregated,403.300000,0.000000,1800,2200,2400,2600,3300,4000,5000,6100,9800,11000,11000,231373,0,1800.0,2039.3026435374964,2.9625330062117428,10947.258207015693,5821.02525791687
1783317430,2000,,Aggregated,467.100000,0.000000,1800,2200,2400,2600,3300,4000,5000,6100,9800,11000,11000,231904,0,1800.0,2038.5956367894676,2.9625330062117428,10947.258207015693,5820.05375500207
1783317431,2000,,Aggregated,462.300000,0.000000,1800,2200,2400,2600,3300,4000,5000,6100,9800,11000,11000,232428,0,1800.0,2037.8876307943033,2.9625330062117428,10947.258207015693,5818.408504999397
1783317432,2000,,Aggregated,447.300000,0.000000,1800,2200,2400,2600,3300,3900,5000,6100,9800,11000,11000,232932,0,1800.0,2037.2246049826495,2.9625330062117428,10947.258207015693,5818.664794875758
1783317433,2000,,Aggregated,441.800000,0.000000,1800,2200,2400,2600,3300,3900,5000,6100,9800,11000,11000,233479,0,1800.0,2036.6734445614748,2.9625330062117428,10947.258207015693,5821.951151923728
1783317434,2000,,Aggregated,443.800000,0.000000,1800,2200,2400,2600,3300,3900,5000,6100,9800,11000,11000,234037,0,1800.0,2035.7935929239304,2.9625330062117428,10947.258207015693,5822.731640723476
1783317435,2000,,Aggregated,446.000000,0.000000,1800,2100,2400,2600,3300,3900,5000,6000,9800,11000,11000,234655,0,1800.0,2034.5187770926216,2.9625330062117428,10947.258207015693,5823.194101979502
1783317438,2000,,Aggregated,449.600000,0.000000,1800,2100,2400,2600,3300,3900,5000,6000,9800,11000,11000,234865,0,1800.0,2033.944215017871,2.9625330062117428,10947.258207015693,5823.717041704809
1783317439,2000,,Aggregated,537.900000,0.000000,1800,2200,2400,2600,3300,3900,5000,6000,9800,11000,11000,235680,0,1800.0,2036.7268308822988,2.9625330062117428,10947.258207015693,5829.072454175152
1783317440,2000,,Aggregated,431.700000,0.000000,1800,2200,2400,2600,3300,3900,5000,6000,9800,11000,11000,236190,0,1800.0,2035.6805120137308,2.9625330062117428,10947.258207015693,5823.125924044201
1783317441,2000,,Aggregated,455.900000,0.000000,1800,2200,2400,2600,3300,3900,5000,6000,9800,11000,11000,236649,0,1800.0,2035.9108260210592,2.9625330062117428,10947.258207015693,5822.886414056261
1783317442,2000,,Aggregated,458.400000,0.000000,1800,2200,2400,2600,3300,3900,5000,6000,9800,11000,11000,237099,0,1800.0,2036.2217187853753,2.9625330062117428,10947.258207015693,5825.188149254109
1783317443,2000,,Aggregated,459.700000,0.000000,1800,2200,2400,2600,3300,3900,5000,6000,9800,11000,11000,237671,0,1800.0,2035.6663142679408,2.9625330062117428,10947.258207015693,5822.654501390578
1783317444,2000,,Aggregated,444.400000,0.000000,1800,2200,2400,2600,3300,3900,5000,6000,9700,11000,11000,238206,0,1800.0,2035.1967081307164,2.9625330062117428,10947.258207015693,5824.416202782466
1783317445,2000,,Aggregated,453.100000,0.000000,1800,2200,2400,2600,3300,3900,5000,6000,9700,11000,11000,238668,0,1800.0,2034.8090674857392,2.9625330062117428,10947.258207015693,5826.151905575946
1783317446,2000,,Aggregated,450.300000,0.000000,1800,2200,2400,2600,3300,3900,5000,6000,9700,11000,11000,239230,0,1800.0,2034.044782343683,2.9625330062117428,10947.258207015693,5825.166433975672
1783317447,2000,,Aggregated,442.500000,0.000000,1800,2200,2400,2600,3300,3900,5000,6000,9700,11000,11000,239713,0,1800.0,2033.62749792999,2.9625330062117428,10947.258207015693,5825.579117528044
1783317449,2000,,Aggregated,464.600000,0.000000,1800,2200,2400,2600,3300,3900,5000,6000,9700,11000,11000,239979,0,1800.0,2033.3919082044752,2.9625330062117428,10947.258207015693,5824.506565157784
1783317450,2000,,Aggregated,511.200000,0.000000,1800,2200,2400,2600,3300,3900,5000,6000,9700,11000,11000,240918,0,1800.0,2038.6756723636206,2.9625330062117428,10947.258207015693,5830.660224640749
1783317451,2000,,Aggregated,439.800000,0.000000,1800,2200,2400,2600,3300,3900,5000,6000,9700,11000,11000,241394,0,1800.0,2037.429459523401,2.9625330062117428,10947.258207015693,5824.391182050921
1783317452,2000,,Aggregated,393.200000,0.000000,1800,2200,2400,2600,3300,3900,5000,6000,9700,11000,11000,241878,0,1800.0,2037.4122348562648,2.9625330062117428,10947.258207015693,5823.769267978071
1783317453,2000,,Aggregated,451.100000,0.000000,1800,2200,2400,2600,3300,3900,5000,6000,9700,11000,11000,242401,0,1800.0,2036.918267378411,2.9625330062117428,10947.258207015693,5823.1717814695485
1783317454,2000,,Aggregated,453.300000,0.000000,1800,2200,2400,2600,3300,3900,5000,6000,9700,11000,11000,243005,0,1800.0,2035.7960974443808,2.9625330062117428,10947.258207015693,5822.025892471348
1783317455,2000,,Aggregated,438.900000,0.000000,1800,2200,2400,2600,3300,3900,5000,6000,9700,11000,11000,243387,0,1800.0,2035.3673062448079,2.9625330062117428,10947.258207015693,5822.370069066959
1783317456,2000,,Aggregated,441.000000,0.000000,1800,2200,2400,2600,3300,3900,5000,6000,9700,11000,11000,243889,0,1800.0,2035.115476545983,2.9625330062117428,10947.258207015693,5822.5033806362735
1783317457,2000,,Aggregated,452.700000,0.000000,1800,2200,2400,2600,3300,3900,5000,6000,9700,11000,11000,244428,0,1800.0,2034.7960910542354,2.9625330062117428,10947.258207015693,5822.074025889015
1783317458,2000,,Aggregated,439.400000,0.000000,1800,2200,2400,2600,3300,3900,5000,6000,9700,11000,11000,244988,0,1800.0,2034.388772813068,2.9625330062117428,10947.258207015693,5822.582620373243
1783317461,2000,,Aggregated,501.300000,0.000000,1800,2200,2400,2600,3300,3900,5000,5900,9700,11000,11000,245330,0,1800.0,2034.1629760360217,2.9625330062117428,10947.258207015693,5823.2532588758
1783317462,2000,,Aggregated,532.600000,0.000000,1800,2200,2500,2600,3300,3900,5000,5900,9700,11000,11000,246188,0,1800.0,2039.164419768962,2.9625330062117428,10947.258207015693,5829.548844785286
1783317463,2000,,Aggregated,424.300000,0.000000,1800,2200,2400,2600,3300,3900,5000,5900,9700,11000,11000,246763,0,1800.0,2037.7390000614546,2.9625330062117428,10947.258207015693,5823.190470208257
1783317464,2000,,Aggregated,385.600000,0.000000,1800,2200,2400,2600,3300,3900,5000,5900,9700,11000,11000,247160,0,1800.0,2037.8093791402039,2.9625330062117428,10947.258207015693,5824.268587150024
1783317465,2000,,Aggregated,453.700000,0.000000,1800,2200,2400,2600,3300,3900,5000,5900,9700,11000,11000,247538,0,1800.0,2037.9094132820953,2.9625330062117428,10947.258207015693,5824.176429477494
1783317466,2000,,Aggregated,441.700000,0.000000,1800,2200,2400,2600,3300,3900,4900,5900,9700,11000,11000,248171,0,1800.0,2037.544036965549,2.9625330062117428,10947.258207015693,5820.789008385347
1783317467,2000,,Aggregated,419.400000,0.000000,1800,2200,2400,2600,3300,3900,4900,5900,9700,11000,11000,248752,0,1800.0,2037.4959252178653,2.9625330062117428,10947.258207015693,5823.41657956519
1783317468,2000,,Aggregated,424.000000,0.000000,1800,2200,2400,2600,3300,3900,4900,5900,9700,11000,11000,249249,0,1800.0,2036.9456523808428,2.9625330062117428,10947.258207015693,5823.385778879755
1783317469,2000,,Aggregated,433.900000,0.000000,1800,2200,2400,2600,3300,3900,4900,5900,9700,11000,11000,249796,0,1800.0,2035.9161184134236,2.9625330062117428,10947.258207015693,5822.956504507678
1783317470,2000,,Aggregated,437.000000,0.000000,1800,2200,2400,2600,3300,3900,4900,5900,9700,11000,11000,250455,0,1800.0,2034.2615300349428,2.9625330062117428,10947.258207015693,5824.387754287197
1783317473,2000,,Aggregated,431.700000,0.000000,1800,2200,2400,2600,3300,3900,4900,5900,9700,11000,11000,250822,0,1800.0,2033.3139830134758,2.9625330062117428,10947.258207015693,5823.80761256987
1783317474,2000,,Aggregated,549.200000,0.000000,1800,2200,2500,2700,3300,3900,4900,5900,9700,11000,11000,251617,0,1800.0,2037.6376699074435,2.9625330062117428,10947.258207015693,5827.502760147367
1783317475,2000,,Aggregated,436.600000,0.000000,1800,2200,2400,2600,3300,3900,4900,5900,9700,11000,11000,252127,0,1800.0,2036.466724111996,2.9625330062117428,10947.258207015693,5821.384234929222
1783317476,2000,,Aggregated,394.300000,0.000000,1800,2200,2400,2600,3300,3900,4900,5900,9700,11000,11000,252587,0,1800.0,2036.9403143163493,2.9625330062117428,10947.258207015693,5821.340460910498
1783317477,2000,,Aggregated,455.400000,0.000000,1800,2200,2500,2700,3300,3900,4900,5900,9700,11000,11000,253161,0,1800.0,2036.9723342313582,2.9625330062117428,10947.258207015693,5822.957228799065
1783317478,2000,,Aggregated,452.300000,0.000000,1800,2200,2400,2600,3300,3900,4900,5900,9700,11000,11000,253776,0,1800.0,2036.0191028713903,2.9625330062117428,10947.258207015693,5822.742698285102
1783317479,2000,,Aggregated,438.400000,0.000000,1800,2200,2400,2600,3300,3900,4900,5900,9700,11000,11000,254320,0,1800.0,2035.0325912763528,2.9625330062117428,10947.258207015693,5825.324952815351
1783317480,2000,,Aggregated,441.100000,0.000000,1800,2200,2400,2600,3300,3900,4900,5900,9700,11000,11000,254837,0,1800.0,2033.8452404569634,2.9625330062117428,10947.258207015693,5826.661964314444
1783317481,2000,,Aggregated,452.800000,0.000000,1800,2200,2400,2600,3300,3900,4900,5900,9700,11000,11000,255307,0,1800.0,2032.8568200057655,2.9625330062117428,10947.258207015693,5824.9411767009915
1783317482,2000,,Aggregated,447.700000,0.000000,1800,2200,2400,2600,3300,3900,4900,5900,9700,11000,11000,255666,0,1800.0,2032.4514105586832,2.9625330062117428,10947.258207015693,5822.855729741146
1783317485,2000,,Aggregated,441.000000,0.000000,1800,2200,2400,2600,3300,3900,4900,5900,9700,11000,11000,256202,0,1800.0,2032.3128673889275,2.9625330062117428,10947.258207015693,5821.364427287843
1783317486,2000,,Aggregated,538.000000,0.000000,1800,2200,2500,2700,3300,3900,4900,5900,9700,11000,11000,257181,0,1800.0,2037.6376038572198,2.9625330062117428,10947.258207015693,5828.156387913571
1783317487,2000,,Aggregated,441.200000,0.000000,1800,2200,2500,2700,3300,3900,4900,5900,9700,11000,11000,257698,0,1800.0,2036.4604654695383,2.9625330062117428,10947.258207015693,5822.725178309494
1783317488,2000,,Aggregated,410.900000,0.000000,1800,2200,2400,2700,3300,3900,4900,5900,9700,11000,11000,258185,0,1800.0,2036.0825643177293,2.9625330062117428,10947.258207015693,5824.066014679396
1783317489,2000,,Aggregated,471.400000,0.000000,1800,2200,2400,2600,3300,3900,4900,5900,9700,11000,11000,258766,0,1800.0,2034.9182866435062,2.9625330062117428,10947.258207015693,5822.207136949985
1783317490,2000,,Aggregated,457.300000,0.000000,1800,2200,2400,2600,3300,3900,4900,5900,9700,11000,11000,259243,0,1800.0,2033.9908695305953,2.9625330062117428,10947.258207015693,5820.682124493236
1783317491,2000,,Aggregated,446.300000,0.000000,1800,2200,2400,2600,3300,3900,4900,5800,9700,11000,11000,259660,0,1800.0,2033.6088639018437,2.9625330062117428,10947.258207015693,5820.318693676346
1783317492,2000,,Aggregated,449.100000,0.000000,1800,2200,2400,2600,3300,3900,4900,5800,9700,11000,11000,260131,0,1800.0,2033.5206390514195,2.9625330062117428,10947.258207015693,5820.488519246072
1783317493,2000,,Aggregated,444.800000,0.000000,1800,2200,2400,2600,3300,3900,4900,5800,9700,11000,11000,260598,0,1800.0,2033.5609898326825,2.9625330062117428,10947.258207015693,5819.781383586981
1783317494,2000,,Aggregated,439.700000,0.000000,1800,2200,2400,2600,3300,3900,4900,5800,9700,11000,11000,261117,0,1800.0,2033.6489801678945,2.9625330062117428,10947.258207015693,5820.782924895736
1783317495,2000,,Aggregated,451.000000,0.000000,1800,2200,2400,2600,3300,3900,4900,5800,9700,11000,11000,261643,0,1800.0,2033.5387123049534,2.9625330062117428,10947.258207015693,5821.119085930065
1783317497,2000,,Aggregated,501.500000,0.000000,1800,2200,2400,2600,3300,3900,4900,5800,9700,11000,11000,261791,0,1800.0,2033.476091700829,2.9625330062117428,10947.258207015693,5820.792193008927
1783317498,2000,,Aggregated,545.100000,0.000000,1800,2200,2500,2700,3300,3900,4900,5800,9700,11000,11000,262725,0,1800.0,2037.1780345201867,2.9625330062117428,10947.258207015693,5826.385608526025
1783317499,2000,,Aggregated,443.100000,0.000000,1800,2200,2500,2700,3300,3900,4900,5800,9700,11000,11000,263213,0,1800.0,2036.2012468435044,2.9625330062117428,10947.258207015693,5820.331431198307
1783317501,2000,,Aggregated,444.100000,0.000000,1800,2200,2500,2700,3300,3900,4900,5800,9700,11000,11000,263717,0,1800.0,2036.0829146394337,2.9625330062117428,10947.258207015693,5823.037441651467
1783317502,2000,,Aggregated,435.200000,0.000000,1800,2200,2500,2700,3300,3900,4900,5800,9700,11000,11000,264381,0,1800.0,2034.9132680664536,2.9625330062117428,10947.258207015693,5823.962788551371
1783317503,2000,,Aggregated,434.700000,0.000000,1800,2200,2400,2600,3300,3900,4900,5800,9700,11000,11000,264935,0,1800.0,2033.581729354668,2.9625330062117428,10947.258207015693,5823.316198312794
1783317504,2000,,Aggregated,463.300000,0.000000,1800,2200,2400,2600,3300,3900,4900,5800,9700,11000,11000,265455,0,1800.0,2032.4967521972058,2.9625330062117428,10947.258207015693,5823.575803808555
1783317505,2000,,Aggregated,470.400000,0.000000,1800,2200,2400,2600,3300,3900,4900,5800,9700,11000,11000,265913,0,1800.0,2031.571422526724,2.9625330062117428,10947.258207015693,5822.406689405933
1783317506,2000,,Aggregated,467.700000,0.000000,1800,2200,2400,2600,3300,3900,4900,5800,9700,11000,11000,266427,0,1800.0,2030.8117982964586,2.9625330062117428,10947.258207015693,5820.74426766056
1783317507,2000,,Aggregated,465.800000,0.000000,1800,2200,2400,2600,3200,3900,4900,5800,9700,11000,11000,266951,0,1800.0,2030.3603218925855,2.9625330062117428,10947.258207015693,5820.5080969915825
1783317509,2000,,Aggregated,465.800000,0.000000,1800,2100,2400,2600,3200,3900,4900,5800,9700,11000,11000,267110,0,1800.0,2030.2333476797407,2.9625330062117428,10947.258207015693,5820.283104339036
1783317510,2000,,Aggregated,531.900000,0.000000,1800,2200,2500,2700,3300,3900,4900,5800,9700,11000,11000,268108,0,1800.0,2034.3981139781542,2.9625330062117428,10947.258207015693,5825.971440613484
1783317511,2000,,Aggregated,437.100000,0.000000,1800,2200,2400,2600,3300,3900,4900,5800,9700,11000,11000,268658,0,1800.0,2033.174863831108,2.9625330062117428,10947.258207015693,5819.337648609012
