Timestamp,User Count,Type,Name,Requests/s,Failures/s,50%,66%,75%,80%,90%,95%,98%,99%,99.9%,99.99%,100%,Total Request Count,Total Failure Count,Total Median Response Time,Total Average Response Time,Total Min Response Time,Total Max Response Time,Total Average Content Size
1783444325,0,,Aggregated,0.000000,0.000000,N/A,N/A,N/A,N/A,N/A,N/A,N/A,N/A,N/A,N/A,N/A,0,0,0,0.0,0,0,0
1783444326,50,,Aggregated,0.000000,0.000000,N/A,N/A,N/A,N/A,N/A,N/A,N/A,N/A,N/A,N/A,N/A,0,0,0,0.0,0,0,0
1783444327,100,,Aggregated,0.000000,0.000000,N/A,N/A,N/A,N/A,N/A,N/A,N/A,N/A,N/A,N/A,N/A,0,0,0,0.0,0,0,0
1783444328,150,,Aggregated,0.000000,0.000000,2300,2300,2300,2300,2300,2300,2300,2300,2300,2300,2300,2,0,2255.6303099991055,2254.7999159996834,2253.9695220002613,2255.6303099991055,655.0
1783444329,200,,Aggregated,0.000000,0.000000,3700,3700,3700,3700,3700,3700,3700,3700,3700,3700,3700,6,0,3700.0,3239.8816341659162,2253.9695220002613,3738.2636010006536,655.0
1783444330,200,,Aggregated,0.000000,0.000000,3700,3700,3700,3700,3700,3700,3700,3700,3700,3700,3700,6,0,3700.0,3239.8816341659162,2253.9695220002613,3738.2636010006536,655.0
1783444331,200,,Aggregated,0.666667,0.000000,5000,5100,5100,5200,5200,5200,5200,5200,5200,5200,5200,13,0,5000.0,4248.247366537936,2253.9695220002613,5207.945434001886,655.0
1783444332,200,,Aggregated,0.666667,0.000000,5000,5100,5100,5200,5200,5200,5200,5200,5200,5200,5200,13,0,5000.0,4248.247366537936,2253.9695220002613,5207.945434001886,655.0
1783444333,200,,Aggregated,2.166667,0.000000,7800,7800,7800,7800,7800,7800,7800,7800,7800,7800,7800,38,0,7800.0,6194.579356657892,2253.9695220002613,7827.957985999092,672.1578947368421
1783444334,200,,Aggregated,1.857143,0.000000,7300,7800,7800,8000,8300,8300,8300,8300,8300,8300,8300,85,0,7300.0,5691.108403529252,1167.158788000961,8264.069320997805,770.4470588235295
1783444335,200,,Aggregated,1.625000,0.000000,1500,7300,7800,7800,8200,8300,8300,8300,8400,8400,8400,179,0,1500.0,3780.7823847540735,136.95430900042993,8398.24496899746,1409.463687150838
1783444336,200,,Aggregated,7.666667,0.000000,1100,2300,5200,7800,8100,8200,8300,8300,8400,8400,8400,258,0,1000.0,2875.669088337145,136.95430900042993,8398.24496899746,2572.2248062015506
1783444337,200,,Aggregated,15.800000,0.000000,1200,1200,4000,7300,8100,8200,8400,11000,11000,11000,11000,335,0,1200.0,2619.235931420794,88.0296229988744,10848.279760000878,3619.2358208955225
1783444338,200,,Aggregated,24.300000,0.000000,1100,1200,2300,5200,8200,11000,11000,12000,12000,12000,12000,433,0,1100.0,2622.897820175462,88.0296229988744,11979.799532997276,4385.697459584296
1783444339,200,,Aggregated,30.800000,0.000000,970,1200,1500,3700,8100,8400,11000,12000,12000,12000,12000,520,0,950.0,2374.9342857518277,88.0296229988744,12152.590719997534,4906.701923076923
1783444340,200,,Aggregated,38.400000,0.000000,950,1200,1500,3700,8200,11000,13000,13000,14000,14000,14000,631,0,950.0,2490.2993131885137,88.0296229988744,13591.338156998972,5462.5546751188585
1783444341,200,,Aggregated,46.600000,0.000000,930,1200,1300,2000,8200,11000,13000,13000,14000,14000,14000,689,0,930.0,2349.9599467140115,10.636896000505658,13591.338156998972,5677.261248185777
1783444342,200,,Aggregated,54.200000,0.000000,920,1200,1300,1500,8000,11000,13000,13000,14000,14000,14000,787,0,920.0,2152.6774518423813,4.166086997429375,13591.338156998972,5737.604828462516
1783444343,200,,Aggregated,62.400000,0.000000,900,1100,1200,1500,7800,11000,13000,13000,16000,16000,16000,873,0,900.0,2107.904948507412,3.386961001524469,16075.520089998463,5747.90950744559
1783444344,200,,Aggregated,73.000000,0.000000,770,1100,1300,1900,11000,16000,16000,17000,17000,18000,18000,1094,0,760.0,2671.7765996361854,3.386961001524469,17887.95581299928,5433.933272394881
1783444345,200,,Aggregated,78.900000,0.000000,580,920,1200,1300,8200,15000,16000,17000,17000,18000,18000,1399,0,580.0,2216.1651607305007,3.386961001524469,17887.95581299928,6060.466761972838
1783444346,200,,Aggregated,83.500000,0.000000,520,880,1100,1200,8100,15000,16000,17000,17000,18000,18000,1531,0,520.0,2047.0177772279462,3.026598998985719,17887.95581299928,6280.6107119529715
1783444347,200,,Aggregated,107.500000,0.000000,490,800,1100,1200,7800,13000,16000,17000,17000,18000,18000,1609,0,490.0,1949.1729409751258,3.026598998985719,17887.95581299928,6229.935363579863
1783444348,200,,Aggregated,121.300000,0.000000,460,710,970,1200,7800,13000,16000,17000,17000,18000,18000,1705,0,460.0,1840.684879385896,3.026598998985719,17887.95581299928,6240.174780058651
1783444349,200,,Aggregated,124.700000,0.000000,420,680,940,1100,7300,13000,16000,17000,17000,18000,18000,1802,0,420.0,1743.1051718185042,3.026598998985719,17887.95581299928,6235.195893451721
1783444351,200,,Aggregated,126.600000,0.000000,340,640,920,1100,5200,13000,16000,17000,17000,18000,18000,1920,0,340.0,1640.3377948400769,3.026598998985719,17887.95581299928,6234.6546875
1783444352,200,,Aggregated,125.400000,0.000000,300,600,900,1100,4000,12000,16000,17000,17000,18000,18000,2016,0,300.0,1562.850550502959,3.026598998985719,17887.95581299928,6216.658234126984
1783444353,200,,Aggregated,128.000000,0.000000,280,580,870,980,3200,12000,16000,17000,17000,18000,18000,2108,0,270.0,1496.376286513738,3.026598998985719,17887.95581299928,6187.276565464896
1783444354,200,,Aggregated,127.000000,0.000000,260,540,790,950,2000,11000,16000,17000,17000,18000,18000,2199,0,260.0,1435.2302187821538,3.026598998985719,17887.95581299928,6162.405638926785
1783444355,200,,Aggregated,130.400000,0.000000,240,520,740,930,1900,11000,16000,16000,17000,18000,18000,2282,0,240.0,1384.1036966730708,3.026598998985719,17887.95581299928,6081.3698510078875
1783444356,200,,Aggregated,129.300000,0.000000,220,490,700,920,1500,11000,16000,16000,17000,18000,18000,2380,0,220.0,1328.830020355863,3.026598998985719,17887.95581299928,6069.344537815126
1783444357,200,,Aggregated,104.600000,0.000000,210,470,670,910,1500,11000,16000,16000,17000,18000,18000,2475,0,210.0,1279.3328156549428,3.026598998985719,17887.95581299928,6033.444848484848
1783444358,200,,Aggregated,92.300000,0.000000,190,440,650,900,1500,8300,16000,16000,17000,18000,18000,2566,0,190.0,1235.2543132607072,3.026598998985719,17887.95581299928,6025.83982852689
1783444359,200,,Aggregated,91.300000,0.000000,170,410,620,850,1300,8300,16000,16000,17000,18000,18000,2659,0,170.0,1192.9096757957748,3.026598998985719,17887.95581299928,6021.299360661903
1783444360,200,,Aggregated,92.400000,0.000000,160,370,600,780,1300,8200,16000,16000,17000,18000,18000,2752,0,160.0,1153.4696170937389,3.026598998985719,17887.95581299928,6050.79324127907
1783444361,200,,Aggregated,92.200000,0.000000,140,340,580,750,1200,8200,16000,16000,17000,18000,18000,2842,0,140.0,1117.882994094645,3.026598998985719,17887.95581299928,6032.969387755102
1783444362,200,,Aggregated,94.200000,0.000000,130,310,560,700,1200,8200,16000,16000,17000,18000,18000,2936,0,130.0,1082.87811365803,3.026598998985719,17887.95581299928,6021.010217983651
1783444363,200,,Aggregated,91.900000,0.000000,130,300,530,690,1200,8100,16000,16000,17000,18000,18000,3026,0,130.0,1051.6374883932524,3.026598998985719,17887.95581299928,6001.385327164574
1783444364,200,,Aggregated,91.700000,0.000000,110,280,510,670,1200,8000,16000,16000,17000,18000,18000,3126,0,110.0,1018.92161696001,3.026598998985719,17887.95581299928,6034.155150351888
1783444365,200,,Aggregated,91.800000,0.000000,100,260,490,650,1200,7800,16000,16000,17000,18000,18000,3211,0,100.0,992.7012693350898,2.992805999383563,17887.95581299928,6044.819370912488
1783444366,200,,Aggregated,92.400000,0.000000,92,250,470,630,1200,7800,15000,16000,17000,18000,18000,3302,0,92,966.1107336823095,2.992805999383563,17887.95581299928,6008.425802543913
1783444367,200,,Aggregated,92.200000,0.000000,82,240,460,610,1200,7800,15000,16000,17000,18000,18000,3392,0,82,941.1065252326085,2.992805999383563,17887.95581299928,5987.5209316037735
1783444368,200,,Aggregated,91.600000,0.000000,71,230,450,590,1200,7800,15000,16000,17000,18000,18000,3486,0,71,917.0704330123424,2.992805999383563,17887.95581299928,5992.495983935743
1783444369,200,,Aggregated,91.600000,0.000000,52,220,420,580,1200,7300,15000,16000,17000,18000,18000,3578,0,50,894.0121036663004,2.992805999383563,17887.95581299928,5947.141140301845
1783444370,200,,Aggregated,91.500000,0.000000,41,210,390,560,1100,7300,15000,16000,17000,18000,18000,3677,0,41,870.6678554745702,2.992805999383563,17887.95581299928,5926.183029643731
1783444371,200,,Aggregated,91.200000,0.000000,29,200,370,540,1100,6000,15000,16000,17000,18000,18000,3765,0,29,850.8062414066425,2.992805999383563,17887.95581299928,5921.315272244356
1783444372,200,,Aggregated,92.400000,0.000000,22,190,340,520,1100,5100,15000,16000,17000,18000,18000,3852,0,22,832.293048820613,2.992805999383563,17887.95581299928,5916.5490654205605
1783444373,200,,Aggregated,91.700000,0.000000,20,190,330,510,1100,4100,14000,16000,17000,18000,18000,3948,0,20,812.9650031036005,2.992805999383563,17887.95581299928,5926.1106889564335
1783444374,200,,Aggregated,91.000000,0.000000,17,180,310,490,1100,4000,13000,16000,17000,18000,18000,4034,0,17,795.9452859809196,2.992805999383563,17887.95581299928,5958.659395141299
1783444375,200,,Aggregated,91.100000,0.000000,16,170,300,480,1000,3700,13000,16000,17000,18000,18000,4125,0,16,778.9029933255856,2.992805999383563,17887.95581299928,5947.61696969697
1783444376,200,,Aggregated,90.200000,0.000000,16,160,290,470,980,3200,13000,16000,17000,18000,18000,4215,0,16,762.7513153831621,2.992805999383563,17887.95581299928,5917.789086595492
1783444377,200,,Aggregated,91.100000,0.000000,15,160,270,460,960,2200,13000,16000,17000,18000,18000,4301,0,15,747.9609975540618,2.992805999383563,17887.95581299928,5933.522901650779
1783444378,200,,Aggregated,90.500000,0.000000,14,150,270,440,950,2000,13000,16000,17000,18000,18000,4395,0,14,732.7943541777004,2.992805999383563,17887.95581299928,5920.387485779294
1783444379,200,,Aggregated,90.200000,0.000000,14,140,260,420,940,1900,13000,16000,17000,18000,18000,4488,0,14,718.0072840026753,2.992805999383563,17887.95581299928,5939.947638146167
1783444380,200,,Aggregated,90.900000,0.000000,13,140,250,400,930,1900,13000,16000,17000,18000,18000,4579,0,13,704.363022754752,2.992805999383563,17887.95581299928,5913.520419305525
1783444381,200,,Aggregated,90.500000,0.000000,13,130,250,370,930,1500,13000,16000,17000,18000,18000,4672,0,13,691.0392978439656,2.992805999383563,17887.95581299928,5909.20783390411
1783444382,200,,Aggregated,89.600000,0.000000,13,130,240,360,920,1500,13000,16000,17000,18000,18000,4752,0,13,680.0083872323228,2.992805999383563,17887.95581299928,5891.649410774411
1783444383,200,,Aggregated,89.800000,0.000000,13,130,240,340,910,1500,13000,16000,17000,18000,18000,4861,0,13,667.1956225258131,2.992805999383563,17887.95581299928,5890.879654392101
1783444384,200,,Aggregated,89.100000,0.000000,13,130,230,330,910,1500,12000,16000,17000,18000,18000,4944,0,13,656.6461210736205,2.992805999383563,17887.95581299928,5882.564927184466
1783444385,200,,Aggregated,90.200000,0.000000,12,130,230,330,900,1500,12000,16000,17000,18000,18000,5030,0,12,646.0726637041657,2.992805999383563,17887.95581299928,5891.439960238568
1783444386,200,,Aggregated,90.400000,0.000000,12,120,220,310,900,1500,12000,16000,17000,18000,18000,5125,0,12,634.7257490569701,2.992805999383563,17887.95581299928,5876.205658536585
1783444387,200,,Aggregated,89.700000,0.000000,12,120,220,300,880,1400,12000,16000,17000,18000,18000,5213,0,12,625.0301438770322,2.992805999383563,17887.95581299928,5871.176865528487
1783444388,200,,Aggregated,90.800000,0.000000,12,120,220,300,850,1300,12000,16000,17000,18000,18000,5312,0,12,614.0768766504093,2.992805999383563,17887.95581299928,5864.992281626506
1783444389,200,,Aggregated,90.900000,0.000000,12,110,210,290,830,1300,12000,16000,17000,18000,18000,5402,0,12,604.4686964785193,2.992805999383563,17887.95581299928,5865.194187338023
1783444390,200,,Aggregated,91.300000,0.000000,12,110,210,280,800,1300,11000,16000,17000,18000,18000,5487,0,12,595.5529850317048,2.992805999383563,17887.95581299928,5862.8279569892475
1783444391,200,,Aggregated,91.300000,0.000000,12,100,210,280,760,1300,11000,16000,17000,18000,18000,5577,0,12,586.4371575685748,2.992805999383563,17887.95581299928,5855.35180204411
1783444392,200,,Aggregated,91.500000,0.000000,11,97,200,270,750,1200,11000,16000,17000,18000,18000,5667,0,11,577.6743773659692,2.992805999383563,17887.95581299928,5876.069348861832
1783444393,200,,Aggregated,90.200000,0.000000,11,95,200,270,720,1200,11000,16000,17000,18000,18000,5757,0,11,569.3162277342284,2.992805999383563,17887.95581299928,5858.10144172312
1783444394,200,,Aggregated,91.900000,0.000000,11,89,190,260,700,1200,11000,16000,17000,18000,18000,5859,0,11,559.8787018922949,2.992805999383563,17887.95581299928,5859.8690902884455
1783444395,200,,Aggregated,90.200000,0.000000,11,82,190,260,700,1200,11000,16000,17000,18000,18000,5945,0,11,552.0227993683669,2.992805999383563,17887.95581299928,5874.185870479394
1783444396,200,,Aggregated,90.500000,0.000000,11,77,180,250,690,1200,11000,16000,17000,18000,18000,6037,0,11,544.2907671209118,2.992805999383563,17887.95581299928,5880.409640549942
1783444397,200,,Aggregated,91.100000,0.000000,11,73,180,250,680,1200,11000,16000,17000,18000,18000,6125,0,11,536.8365459867656,2.992805999383563,17887.95581299928,5879.003918367347
1783444398,200,,Aggregated,89.600000,0.000000,11,68,180,240,670,1200,11000,16000,17000,18000,18000,6219,0,11,529.0782628940232,2.992805999383563,17887.95581299928,5870.482553465187
1783444399,200,,Aggregated,91.200000,0.000000,11,61,170,240,660,1200,8300,16000,17000,18000,18000,6304,0,11,522.1546546857434,2.992805999383563,17887.95581299928,5844.341687817259
1783444400,200,,Aggregated,89.700000,0.000000,11,54,170,230,660,1200,8300,16000,17000,18000,18000,6396,0,11,514.9925610137507,2.992805999383563,17887.95581299928,5867.469981238274
1783444401,200,,Aggregated,90.200000,0.000000,11,50,160,230,640,1200,8300,16000,17000,18000,18000,6488,0,11,508.0753672373529,2.992805999383563,17887.95581299928,5883.305795314427
1783444402,200,,Aggregated,89.300000,0.000000,11,47,160,230,630,1200,8300,16000,17000,18000,18000,6575,0,11,501.6098978676725,2.992805999383563,17887.95581299928,5874.96258555133
1783444403,200,,Aggregated,90.800000,0.000000,11,44,160,220,620,1200,8300,15000,17000,18000,18000,6670,0,11,494.8486929391205,2.992805999383563,17887.95581299928,5862.134632683658
1783444404,200,,Aggregated,90.400000,0.000000,11,42,150,220,610,1200,8200,15000,17000,18000,18000,6751,0,11,489.3149773870445,2.992805999383563,17887.95581299928,5859.080580654718
1783444405,200,,Aggregated,89.800000,0.000000,11,40,150,220,610,1200,8200,15000,17000,18000,18000,6835,0,11,483.8309419236206,2.992805999383563,17887.95581299928,5864.64447695684
1783444406,200,,Aggregated,89.500000,0.000000,11,38,150,210,590,1200,8200,15000,17000,18000,18000,6947,0,11,476.49181500747983,2.9650399992533494,17887.95581299928,5842.699438606593
1783444407,200,,Aggregated,89.900000,0.000000,11,35,140,210,590,1200,8200,15000,17000,18000,18000,7027,0,11,471.3128462070502,2.9650399992533494,17887.95581299928,5842.271381813007
1783444408,200,,Aggregated,90.200000,0.000000,11,32,140,210,580,1200,8200,15000,17000,18000,18000,7115,0,11,465.65069626857826,2.9650399992533494,17887.95581299928,5832.525087842586
1783444409,200,,Aggregated,88.300000,0.000000,11,31,140,200,570,1100,8200,15000,17000,18000,18000,7206,0,11,460.0577429861121,2.9650399992533494,17887.95581299928,5831.251179572579
1783444410,200,,Aggregated,88.600000,0.000000,11,29,130,200,560,1100,8200,15000,17000,18000,18000,7287,0,11,455.22380413653514,2.9650399992533494,17887.95581299928,5839.501303691505
1783444411,200,,Aggregated,88.400000,0.000000,10,27,130,200,560,1100,8200,15000,17000,18000,18000,7383,0,10,449.63923644181267,2.9650399992533494,17887.95581299928,5832.9332249762965
1783444412,200,,Aggregated,88.200000,0.000000,10,25,130,190,550,1100,8100,15000,17000,18000,18000,7482,0,10,443.9568964729888,2.9650399992533494,17887.95581299928,5836.927024859663
1783444413,200,,Aggregated,88.300000,0.000000,10,24,130,190,530,1100,8100,15000,17000,18000,18000,7573,0,10,438.82323487375146,2.9650399992533494,17887.95581299928,5843.0187508253
1783444414,200,,Aggregated,88.400000,0.000000,10,23,130,180,530,1100,8100,15000,17000,18000,18000,7666,0,10,433.835934866149,2.9650399992533494,17887.95581299928,5855.008348552048
1783444415,200,,Aggregated,89.600000,0.000000,10,22,120,180,520,1100,8100,15000,17000,18000,18000,7752,0,10,429.21550222547575,2.9650399992533494,17887.95581299928,5868.731295149639
1783444416,200,,Aggregated,90.400000,0.000000,10,21,120,180,510,1100,7800,14000,17000,18000,18000,7854,0,10,423.84915534949073,2.9650399992533494,17887.95581299928,5874.38222561752
1783444417,200,,Aggregated,89.300000,0.000000,10,20,120,180,510,1100,7800,13000,17000,18000,18000,7937,0,10,419.63538766144455,2.9532970002037473,17887.95581299928,5881.938389819831
1783444418,200,,Aggregated,91.000000,0.000000,10,20,120,180,490,1100,7800,13000,17000,18000,18000,8027,0,10,415.5489137014932,2.9532970002037473,17887.95581299928,5875.788962252398
1783444419,200,,Aggregated,90.400000,0.000000,10,20,110,170,490,1000,7800,13000,17000,18000,18000,8129,0,10,410.62901051997784,2.9532970002037473,17887.95581299928,5879.989297576578
1783444420,200,,Aggregated,90.400000,0.000000,10,19,110,170,480,1000,7800,13000,17000,18000,18000,8218,0,10,406.3968328346225,2.9532970002037473,17887.95581299928,5888.0451448040885
1783444421,200,,Aggregated,90.500000,0.000000,10,19,110,170,480,1000,7800,13000,17000,18000,18000,8311,0,10,402.1497441248878,2.9532970002037473,17887.95581299928,5882.150403080255
1783444422,200,,Aggregated,91.900000,0.000000,10,18,110,160,470,980,7800,13000,17000,18000,18000,8397,0,10,398.28653342359416,2.9532970002037473,17887.95581299928,5874.20388233893
1783444423,200,,Aggregated,92.100000,0.000000,10,18,100,160,470,980,7800,13000,17000,18000,18000,8490,0,10,394.06021342696494,2.9532970002037473,17887.95581299928,5874.380447585395
1783444424,200,,Aggregated,91.000000,0.000000,10,18,100,160,460,960,7800,13000,17000,18000,18000,8586,0,10,389.94902543127756,2.9532970002037473,17887.95581299928,5870.739110179362
1783444425,200,,Aggregated,90.800000,0.000000,10,17,97,160,460,950,7800,13000,17000,18000,18000,8670,0,10,386.3409242029914,2.9532970002037473,17887.95581299928,5868.9113033448675
1783444426,200,,Aggregated,91.200000,0.000000,10,17,96,150,450,950,7800,13000,17000,18000,18000,8773,0,10,382.13129640965826,2.9532970002037473,17887.95581299928,5859.175310612105
1783444427,200,,Aggregated,91.800000,0.000000,10,17,95,150,440,950,7800,13000,17000,18000,18000,8851,0,10,379.1044557125675,2.9532970002037473,17887.95581299928,5854.860015817422
1783444428,200,,Aggregated,89.500000,0.000000,10,17,93,150,440,940,7300,13000,17000,18000,18000,8956,0,10,374.9888654781074,2.9532970002037473,17887.95581299928,5841.96717284502
1783444429,200,,Aggregated,91.500000,0.000000,10,16,90,150,430,940,7300,13000,17000,18000,18000,9053,0,10,371.1317137243931,2.9532970002037473,17887.95581299928,5841.982768143157
1783444430,200,,Aggregated,92.300000,0.000000,10,16,87,140,420,930,7300,13000,17000,18000,18000,9149,0,10,367.41411029871693,2.9532970002037473,17887.95581299928,5836.841184828943
1783444431,200,,Aggregated,92.400000,0.000000,9,16,86,140,410,930,7300,13000,17000,18000,18000,9228,0,9,364.4941330433425,2.9532970002037473,17887.95581299928,5850.0082358040745
1783444432,200,,Aggregated,91.900000,0.000000,10,17,85,140,410,930,7300,13000,17000,18000,18000,9324,0,10,361.68201463008944,2.9532970002037473,17887.95581299928,5844.429107679108
1783444433,200,,Aggregated,92.100000,0.000000,10,16,84,140,400,920,6000,13000,17000,18000,18000,9404,0,9,358.8185348439988,2.9532970002037473,17887.95581299928,5835.9301361122925
1783444434,200,,Aggregated,91.800000,0.000000,9,16,84,140,390,920,5200,13000,17000,18000,18000,9496,0,9,355.7387443138123,2.9532970002037473,17887.95581299928,5825.418702611626
1783444435,200,,Aggregated,92.000000,0.000000,9,16,82,140,380,920,5200,13000,17000,18000,18000,9591,0,9,352.62485648680786,2.9532970002037473,17887.95581299928,5819.626733395892
1783444436,200,,Aggregated,89.400000,0.000000,9,16,80,140,370,910,5100,13000,17000,18000,18000,9675,0,9,349.69638893612165,2.9532970002037473,17887.95581299928,5814.363204134367
1783444437,200,,Aggregated,90.100000,0.000000,9,16,78,130,360,910,5000,13000,17000,18000,18000,9777,0,9,346.32186930612505,2.9532970002037473,17887.95581299928,5824.972895571239
1783444438,200,,Aggregated,91.300000,0.000000,9,16,76,130,360,910,4100,12000,17000,18000,18000,9870,0,9,343.25047511975373,2.9532970002037473,17887.95581299928,5841.435663627153
1783444439,200,,Aggregated,91.700000,0.000000,9,16,74,130,350,910,4100,12000,17000,18000,18000,9966,0,9,340.3313355270896,2.924170999904163,17887.95581299928,5843.351695765603
1783444440,200,,Aggregated,91.200000,0.000000,9,15,73,130,340,900,4000,12000,17000,17000,18000,10056,0,9,337.58410175377594,2.924170999904163,17887.95581299928,5832.946400159109
1783444441,200,,Aggregated,90.000000,0.000000,9,15,72,130,340,900,3700,12000,17000,17000,18000,10151,0,9,334.914644261353,2.924170999904163,17887.95581299928,5825.156831839227
1783444442,200,,Aggregated,90.800000,0.000000,9,15,70,130,340,900,3700,12000,17000,17000,18000,10244,0,9,332.26101375253825,2.924170999904163,17887.95581299928,5816.790804373291
1783444443,200,,Aggregated,90.600000,0.000000,9,15,69,130,340,890,3700,12000,17000,17000,18000,10338,0,9,329.6512566343597,2.924170999904163,17887.95581299928,5809.393886631844
1783444444,200,,Aggregated,92.300000,0.000000,9,15,67,130,330,880,3200,12000,17000,17000,18000,10425,0,9,327.1677324884398,2.924170999904163,17887.95581299928,5815.601151079137
1783444445,200,,Aggregated,91.500000,0.000000,9,15,66,130,330,870,3200,12000,17000,17000,18000,10520,0,9,324.72993397366713,2.924170999904163,17887.95581299928,5814.5434410646385
1783444446,200,,Aggregated,93.700000,0.000000,9,15,64,130,330,850,2300,12000,17000,17000,18000,10614,0,9,322.08909988194415,2.924170999904163,17887.95581299928,5819.679103071415
1783444447,200,,Aggregated,92.400000,0.000000,9,15,62,130,320,840,2300,12000,17000,17000,18000,10706,0,9,319.5984573806232,2.924170999904163,17887.95581299928,5831.188118811881
1783444448,200,,Aggregated,93.200000,0.000000,9,15,61,130,320,830,2200,12000,17000,17000,18000,10788,0,9,317.40600915850615,2.924170999904163,17887.95581299928,5825.692343344457
1783444449,200,,Aggregated,91.500000,0.000000,9,15,58,130,310,810,2100,12000,17000,17000,18000,10897,0,9,314.6282219355763,2.924170999904163,17887.95581299928,5825.893181609617
1783444450,200,,Aggregated,91.900000,0.000000,9,15,57,120,310,800,2000,11000,17000,17000,18000,10980,0,9,312.40030598852235,2.924170999904163,17887.95581299928,5832.272131147541
1783444451,200,,Aggregated,93.200000,0.000000,9,15,55,120,310,770,2000,11000,17000,17000,18000,11075,0,9,310.02806814907257,2.924170999904163,17887.95581299928,5835.22835214447
1783444452,200,,Aggregated,92.200000,0.000000,9,14,54,120,310,760,1900,11000,17000,17000,18000,11169,0,9,307.6003763512382,2.924170999904163,17887.95581299928,5837.896499238965
1783444453,200,,Aggregated,92.000000,0.000000,9,14,53,120,300,750,1900,11000,17000,17000,18000,11266,0,9,305.2372136847138,2.924170999904163,17887.95581299928,5840.428812355761
1783444454,200,,Aggregated,92.200000,0.000000,9,14,52,120,300,750,1900,11000,17000,17000,18000,11353,0,9,303.1715051007653,2.924170999904163,17887.95581299928,5849.680260724038
1783444455,200,,Aggregated,92.700000,0.000000,9,14,52,120,300,730,1900,11000,17000,17000,18000,11443,0,9,301.11929021462805,2.924170999904163,17887.95581299928,5842.2811325701305
1783444456,200,,Aggregated,92.400000,0.000000,9,14,52,120,290,710,1600,11000,17000,17000,18000,11542,0,9,298.9820189577198,2.924170999904163,17887.95581299928,5844.546265811818
1783444457,200,,Aggregated,93.100000,0.000000,9,14,50,120,290,700,1600,11000,17000,17000,18000,11636,0,9,296.9793089785147,2.924170999904163,17887.95581299928,5841.741320041251
1783444458,200,,Aggregated,92.900000,0.000000,9,15,52,120,290,700,1500,11000,17000,17000,18000,11715,0,9,295.920412753138,2.924170999904163,17887.95581299928,5841.9561246265475
1783444459,200,,Aggregated,93.500000,0.000000,9,14,52,120,290,700,1500,11000,17000,17000,18000,11797,0,9,294.24066872866103,2.924170999904163,17887.95581299928,5834.219038738663
1783444460,200,,Aggregated,93.200000,0.000000,9,15,54,120,300,700,1500,11000,17000,17000,18000,11898,0,9,293.34473994141865,2.924170999904163,17887.95581299928,5833.967977811397
1783444461,200,,Aggregated,91.900000,0.000000,9,15,54,120,300,700,1500,11000,17000,17000,18000,11989,0,9,291.56400595537707,2.924170999904163,17887.95581299928,5830.976561848361
1783444462,200,,Aggregated,89.800000,0.000000,9,15,53,120,290,700,1500,11000,17000,17000,18000,12082,0,9,289.5305689930502,2.924170999904163,17887.95581299928,5840.225790432048
1783444463,200,,Aggregated,92.100000,0.000000,9,15,52,120,290,690,1500,11000,17000,17000,18000,12161,0,9,287.8016473712707,2.9018969980825204,17887.95581299928,5832.610805032481
1783444464,200,,Aggregated,91.000000,0.000000,9,15,52,120,290,690,1500,11000,17000,17000,18000,12259,0,9,285.8947083932643,2.9018969980825204,17887.95581299928,5832.476792560567
1783444465,200,,Aggregated,90.500000,0.000000,9,15,51,120,290,690,1500,11000,17000,17000,18000,12348,0,9,284.0878403301761,2.9018969980825204,17887.95581299928,5836.735098801425
1783444466,200,,Aggregated,89.900000,0.000000,9,15,50,120,290,680,1500,11000,17000,17000,18000,12437,0,9,282.38706494596767,2.9018969980825204,17887.95581299928,5832.633834526011
1783444467,200,,Aggregated,89.900000,0.000000,9,15,50,120,280,680,1500,8400,17000,17000,18000,12542,0,9,280.3906746992508,2.9018969980825204,17887.95581299928,5825.563865412215
1783444468,200,,Aggregated,88.800000,0.000000,9,15,48,120,280,670,1500,8300,17000,17000,18000,12631,0,9,278.6393119400698,2.9018969980825204,17887.95581299928,5825.918850447312
1783444469,200,,Aggregated,88.900000,0.000000,9,15,48,120,280,670,1500,8300,17000,17000,18000,12716,0,9,277.05563757982134,2.9018969980825204,17887.95581299928,5827.95250078641
1783444470,200,,Aggregated,89.300000,0.000000,9,14,47,110,280,670,1500,8300,17000,17000,18000,12804,0,9,275.36668327280637,2.9018969980825204,17887.95581299928,5829.154639175258
1783444472,200,,Aggregated,92.200000,0.000000,9,15,57,130,300,680,1400,8300,17000,17000,18000,12960,0,9,276.5307386241526,2.9018969980825204,17887.95581299928,5821.788271604938
1783444473,200,,Aggregated,87.100000,0.000000,9,15,57,130,300,690,1400,8300,17000,17000,18000,13034,0,9,275.76285304618955,2.9018969980825204,17887.95581299928,5815.239297222648
1783444474,200,,Aggregated,78.900000,0.000000,9,15,55,120,290,680,1300,8300,17000,17000,18000,13124,0,9,274.0607236152886,2.9018969980825204,17887.95581299928,5808.766001219141
1783444478,200,,Aggregated,75.100000,0.000000,9,15,65,130,320,690,1400,8300,17000,17000,18000,13251,0,9,276.5000963737873,2.9018969980825204,17887.95581299928,5813.808316353483
1783444479,200,,Aggregated,65.900000,0.000000,9,16,69,140,330,730,1500,8300,17000,17000,18000,13309,0,9,281.144995939518,2.9018969980825204,17887.95581299928,5812.317454354196
1783444480,200,,Aggregated,65.400000,0.000000,9,16,75,140,340,750,1600,8300,17000,17000,18000,13423,0,9,283.21980820711076,2.9018969980825204,17887.95581299928,5811.01661327572
1783444481,200,,Aggregated,64.500000,0.000000,9,16,73,140,340,750,1600,8300,17000,17000,18000,13500,0,9,281.76749571155807,2.9018969980825204,17887.95581299928,5820.219259259259
1783444482,200,,Aggregated,65.900000,0.000000,9,16,74,140,340,740,1600,8200,17000,17000,18000,13608,0,9,280.39295022993895,2.9018969980825204,17887.95581299928,5821.984126984127
1783444483,200,,Aggregated,67.900000,0.000000,9,16,73,140,340,740,1600,8200,17000,17000,18000,13694,0,9,278.87942378435713,2.9018969980825204,17887.95581299928,5821.163721337813
1783444484,200,,Aggregated,75.400000,0.000000,9,16,72,140,340,730,1500,8200,17000,17000,18000,13783,0,9,277.3979204341555,2.9018969980825204,17887.95581299928,5824.326634259595
1783444485,200,,Aggregated,69.400000,0.000000,9,16,71,140,340,730,1500,8200,17000,17000,18000,13873,0,9,275.9891258282982,2.9018969980825204,17887.95581299928,5820.219563180278
1783444486,200,,Aggregated,71.000000,0.000000,9,16,70,140,340,720,1500,8200,17000,17000,18000,13971,0,9,274.3908179587702,2.9018969980825204,17887.95581299928,5823.412640469544
1783444487,200,,Aggregated,72.200000,0.000000,9,16,68,140,330,720,1500,8200,17000,17000,18000,14057,0,9,272.81811574895056,2.9018969980825204,17887.95581299928,5829.323682151241
1783444488,200,,Aggregated,81.200000,0.000000,9,16,67,140,330,720,1500,8200,17000,17000,18000,14152,0,9,271.1793772997449,2.9018969980825204,17887.95581299928,5828.836842849068
1783444489,200,,Aggregated,90.500000,0.000000,9,16,66,140,330,710,1500,8200,17000,17000,18000,14244,0,9,269.60097392010573,2.9018969980825204,17887.95581299928,5831.106852007863
1783444490,200,,Aggregated,89.600000,0.000000,9,16,65,130,330,710,1500,8200,17000,17000,18000,14341,0,9,268.0412915372691,2.9018969980825204,17887.95581299928,5826.790809566975
1783444491,200,,Aggregated,90.900000,0.000000,9,16,69,140,330,700,1500,8200,17000,17000,18000,14470,0,9,267.0479661912236,2.9018969980825204,17887.95581299928,5828.664132688321
1783444492,200,,Aggregated,90.900000,0.000000,9,16,69,140,330,700,1500,8200,17000,17000,18000,14553,0,9,265.6905461948748,2.9018969980825204,17887.95581299928,5825.717446574589
1783444493,200,,Aggregated,85.800000,0.000000,9,16,67,140,320,700,1500,8200,17000,17000,18000,14639,0,9,264.32291561609554,2.9018969980825204,17887.95581299928,5820.6290730241135
1783444494,200,,Aggregated,90.900000,0.000000,9,16,67,140,320,700,1500,8200,17000,17000,18000,14731,0,9,262.94586243344133,2.9018969980825204,17887.95581299928,5813.852420066526
1783444495,200,,Aggregated,89.600000,0.000000,9,16,65,130,320,700,1500,8200,17000,17000,18000,14823,0,9,261.5307382519756,2.9018969980825204,17887.95581299928,5812.913715172367
1783444497,200,,Aggregated,89.400000,0.000000,9,15,64,130,310,690,1500,8100,17000,17000,18000,14914,0,9,260.06817590291183,2.9018969980825204,17887.95581299928,5813.120356711815
1783444498,200,,Aggregated,88.600000,0.000000,9,15,62,130,310,690,1500,8100,17000,17000,18000,15011,0,9,258.662641064022,2.9018969980825204,17887.95581299928,5814.715208846846
1783444499,200,,Aggregated,88.500000,0.000000,9,15,61,130,310,690,1500,8100,17000,17000,18000,15093,0,9,257.3555400404858,2.9018969980825204,17887.95581299928,5812.942754919499
1783444500,200,,Aggregated,89.800000,0.000000,9,15,60,130,310,680,1500,8100,17000,17000,18000,15191,0,9,255.90932020584899,2.9018969980825204,17887.95581299928,5807.949641234942
1783444501,200,,Aggregated,87.800000,0.000000,9,15,59,130,310,680,1500,8100,17000,17000,18000,15304,0,9,254.27495405534884,2.9018969980825204,17887.95581299928,5800.520256142185
1783444502,200,,Aggregated,88.000000,0.000000,9,15,58,130,300,680,1500,8100,17000,17000,18000,15380,0,9,253.20206335930297,2.8543380030896515,17887.95581299928,5796.432964889467
1783444503,200,,Aggregated,95.000000,0.000000,9,15,57,130,300,670,1500,8100,17000,17000,18000,15468,0,9,251.99954933165543,2.8543380030896515,17887.95581299928,5791.7971942073955
1783444504,200,,Aggregated,89.300000,0.000000,9,15,57,130,300,670,1500,8100,17000,17000,18000,15563,0,9,250.73443580319037,2.8543380030896515,17887.95581299928,5777.652252136478
1783444505,200,,Aggregated,89.400000,0.000000,9,15,56,130,300,670,1500,8000,17000,17000,18000,15656,0,9,249.4865564581685,2.8543380030896515,17887.95581299928,5777.738375063874
1783444506,200,,Aggregated,91.200000,0.000000,9,15,56,130,300,670,1400,7800,17000,17000,18000,15754,0,9,248.27334030729267,2.8543380030896515,17887.95581299928,5780.927320045703
1783444507,200,,Aggregated,90.300000,0.000000,9,15,55,130,300,660,1400,7800,17000,17000,18000,15848,0,9,246.93172487273415,2.8543380030896515,17887.95581299928,5788.366860171631
1783444508,200,,Aggregated,91.200000,0.000000,9,15,54,130,300,660,1400,7800,17000,17000,18000,15939,0,9,245.70831204706042,2.8543380030896515,17887.95581299928,5787.502227241358
1783444509,200,,Aggregated,91.300000,0.000000,9,15,54,130,300,660,1400,7800,17000,17000,18000,16039,0,9,244.3755293378071,2.8543380030896515,17887.95581299928,5791.617619552341
1783444510,200,,Aggregated,90.400000,0.000000,9,15,53,130,290,650,1400,7800,17000,17000,18000,16133,0,9,243.14621269944237,2.8543380030896515,17887.95581299928,5795.707865864997
1783444512,200,,Aggregated,92.600000,0.000000,9,15,59,130,300,650,1400,7800,17000,17000,18000,16283,0,9,243.06876219143166,2.8543380030896515,17887.95581299928,5787.962169133452
1783444513,200,,Aggregated,84.200000,0.000000,9,15,58,130,300,640,1400,7800,17000,17000,18000,16366,0,9,242.03103743450345,2.8543380030896515,17887.95581299928,5788.229194671881
1783444514,200,,Aggregated,90.400000,0.000000,9,15,57,130,300,640,1300,7800,17000,17000,18000,16462,0,9,240.757975130427,2.8543380030896515,17887.95581299928,5780.225731988823
1783444515,200,,Aggregated,89.500000,0.000000,9,15,56,130,290,630,1300,7800,17000,17000,18000,16542,0,9,239.70527137776978,2.8543380030896515,17887.95581299928,5786.965481803893
1783444516,200,,Aggregated,87.800000,0.000000,9,15,55,130,290,630,1300,7800,17000,17000,18000,16642,0,9,238.44055450787425,2.8543380030896515,17887.95581299928,5789.223230380964
1783444517,200,,Aggregated,88.600000,0.000000,9,15,54,130,290,630,1300,7800,17000,17000,18000,16733,0,9,237.2958855617673,2.8543380030896515,17887.95581299928,5790.17498356541
1783444518,200,,Aggregated,88.400000,0.000000,9,15,54,130,290,620,1300,7800,17000,17000,18000,16822,0,9,236.2820728037708,2.8543380030896515,17887.95581299928,5786.712043752229
1783444519,200,,Aggregated,88.800000,0.000000,9,15,53,130,290,620,1300,7800,17000,17000,18000,16909,0,9,235.1933270063298,2.8543380030896515,17887.95581299928,5789.509078005795
1783444520,200,,Aggregated,87.600000,0.000000,9,15,53,130,290,610,1300,7800,17000,17000,18000,17006,0,9,234.03146557944444,2.8543380030896515,17887.95581299928,5790.583441138422
1783444521,200,,Aggregated,86.600000,0.000000,9,15,52,120,290,610,1300,7800,17000,17000,18000,17092,0,9,232.93924919424495,2.8543380030896515,17887.95581299928,5789.72975661128
1783444522,200,,Aggregated,86.200000,0.000000,9,15,51,120,280,610,1300,7800,17000,17000,18000,17170,0,9,231.9974464443236,2.8543380030896515,17887.95581299928,5794.429178800233
1783444523,200,,Aggregated,92.900000,0.000000,9,15,51,120,280,600,1300,7800,17000,17000,18000,17285,0,9,230.78235419479583,2.8543380030896515,17887.95581299928,5794.722071159966
1783444524,200,,Aggregated,87.900000,0.000000,9,15,50,120,280,600,1300,7800,17000,17000,18000,17365,0,9,229.8401179308403,2.8543380030896515,17887.95581299928,5792.949553699971
1783444525,200,,Aggregated,91.200000,0.000000,9,15,49,120,280,600,1300,7800,17000,17000,18000,17460,0,9,228.70166527967064,2.8543380030896515,17887.95581299928,5797.064547537228
1783444526,200,,Aggregated,90.900000,0.000000,9,15,48,120,280,600,1300,7800,17000,17000,18000,17554,0,9,227.6024128932464,2.8543380030896515,17887.95581299928,5789.98496069272
1783444527,200,,Aggregated,91.200000,0.000000,9,15,47,120,280,590,1300,7800,17000,17000,18000,17637,0,9,226.69552331581625,2.8543380030896515,17887.95581299928,5791.2662017349885
1783444528,200,,Aggregated,89.700000,0.000000,9,15,47,120,280,590,1200,7800,17000,17000,18000,17725,0,9,225.76651674319106,2.8543380030896515,17887.95581299928,5786.263582510578
1783444529,200,,Aggregated,89.500000,0.000000,9,15,46,120,270,590,1200,7300,17000,17000,18000,17824,0,9,224.6457446932256,2.8543380030896515,17887.95581299928,5788.047183572711
1783444530,200,,Aggregated,90.600000,0.000000,9,14,46,120,270,590,1200,7300,17000,17000,18000,17915,0,9,223.65082416288206,2.8543380030896515,17887.95581299928,5787.382082054144
1783444531,200,,Aggregated,90.600000,0.000000,9,14,46,120,270,580,1200,7300,17000,17000,18000,18002,0,9,222.73199835113044,2.8543380030896515,17887.95581299928,5789.997778024664
1783444532,200,,Aggregated,90.500000,0.000000,8,14,45,120,270,580,1200,7300,17000,17000,18000,18086,0,8,221.87017200398367,2.8543380030896515,17887.95581299928,5794.172564414464
1783444533,200,,Aggregated,90.700000,0.000000,8,14,44,120,270,580,1200,7300,17000,17000,18000,18176,0,8,220.9187227662323,2.8543380030896515,17887.95581299928,5796.218034771126
1783444534,200,,Aggregated,90.900000,0.000000,8,14,44,120,270,580,1200,7300,17000,17000,18000,18267,0,8,219.9922988513204,2.8543380030896515,17887.95581299928,5794.216729621722
1783444535,200,,Aggregated,88.400000,0.000000,8,14,43,120,270,570,1200,7300,17000,17000,18000,18362,0,8,218.97653529147624,2.8543380030896515,17887.95581299928,5792.802200196057
1783444536,200,,Aggregated,90.300000,0.000000,8,14,43,120,270,570,1200,7300,17000,17000,18000,18455,0,8,218.13332280190102,2.8543380030896515,17887.95581299928,5798.007315090761
1783444537,200,,Aggregated,89.400000,0.000000,8,14,42,110,270,570,1200,7300,17000,17000,18000,18542,0,8,217.2893886849888,2.8543380030896515,17887.95581299928,5799.527936576421
1783444538,200,,Aggregated,89.900000,0.000000,8,14,43,120,270,560,1200,7300,17000,17000,18000,18630,0,8,216.69625541175802,2.8543380030896515,17887.95581299928,5804.463553408481
1783444539,200,,Aggregated,90.500000,0.000000,8,14,43,110,270,560,1200,6000,17000,17000,18000,18720,0,8,215.92038917719273,2.8543380030896515,17887.95581299928,5808.938835470086
1783444540,200,,Aggregated,88.800000,0.000000,8,14,42,110,270,560,1200,6000,17000,17000,18000,18812,0,8,214.94951434903587,2.8543380030896515,17887.95581299928,5813.94763980438
1783444541,200,,Aggregated,89.500000,0.000000,8,14,42,110,270,560,1200,5200,17000,17000,18000,18912,0,8,214.00782707085713,2.8543380030896515,17887.95581299928,5815.977263113367
1783444542,200,,Aggregated,89.300000,0.000000,8,14,42,110,270,560,1200,5200,17000,17000,18000,19011,0,8,213.20859081642467,2.8543380030896515,17887.95581299928,5813.876176950187
1783444543,200,,Aggregated,91.000000,0.000000,8,14,42,110,270,550,1200,5200,17000,17000,18000,19093,0,8,212.4532389142638,2.8543380030896515,17887.95581299928,5809.290263447337
1783444544,200,,Aggregated,91.700000,0.000000,8,14,41,110,270,550,1200,5200,17000,17000,18000,19192,0,8,211.4960576842979,2.8543380030896515,17887.95581299928,5811.3407148812
1783444545,200,,Aggregated,91.600000,0.000000,8,14,41,110,270,550,1200,5100,17000,17000,18000,19282,0,8,210.77514216865777,2.77425999956904,17887.95581299928,5811.183020433565
1783444546,200,,Aggregated,91.300000,0.000000,8,14,40,110,260,540,1200,5100,17000,17000,18000,19381,0,8,209.93037379449117,2.77425999956904,17887.95581299928,5808.306072958052
1783444547,200,,Aggregated,91.500000,0.000000,8,14,40,110,260,540,1200,5000,17000,17000,18000,19466,0,8,209.19633613993796,2.77425999956904,17887.95581299928,5809.8087434501185
1783444548,200,,Aggregated,91.400000,0.000000,8,14,40,110,260,540,1200,5000,17000,17000,18000,19552,0,8,208.41881706045558,2.77425999956904,17887.95581299928,5812.334134615385
1783444549,200,,Aggregated,91.300000,0.000000,8,14,38,110,260,530,1200,4100,17000,17000,18000,19643,0,8,207.5336169396748,2.77425999956904,17887.95581299928,5814.740874611821
1783444550,200,,Aggregated,92.800000,0.000000,8,14,39,110,260,530,1200,4100,17000,17000,18000,19729,0,8,206.940642079276,2.77425999956904,17887.95581299928,5814.723250038015
1783444551,200,,Aggregated,92.300000,0.000000,8,14,39,110,260,540,1200,4100,17000,17000,18000,19816,0,8,206.46871785244426,2.77425999956904,17887.95581299928,5814.974061364554
1783444552,200,,Aggregated,90.300000,0.000000,8,14,40,110,260,530,1200,4100,17000,17000,18000,19914,0,8,205.88888425715848,2.77425999956904,17887.95581299928,5809.834136788189
1783444553,200,,Aggregated,90.000000,0.000000,8,14,40,110,260,530,1200,4100,17000,17000,18000,19997,0,8,205.22391604265906,2.77425999956904,17887.95581299928,5807.39685952893
1783444554,200,,Aggregated,88.400000,0.000000,8,14,39,110,260,530,1200,4000,17000,17000,18000,20087,0,8,204.41283580828562,2.77425999956904,17887.95581299928,5809.221088266043
1783444555,200,,Aggregated,90.400000,0.000000,8,14,38,110,260,530,1200,4000,17000,17000,18000,20175,0,8,203.63719827018696,2.77425999956904,17887.95581299928,5809.453135068154
1783444556,200,,Aggregated,88.600000,0.000000,8,14,39,110,260,520,1200,4000,17000,17000,18000,20273,0,8,203.07019167311412,2.77425999956904,17887.95581299928,5799.889113599369
1783444557,200,,Aggregated,89.100000,0.000000,8,14,39,110,260,520,1200,3700,17000,17000,18000,20369,0,8,202.28426481236454,2.77425999956904,17887.95581299928,5805.314399332318
1783444558,200,,Aggregated,88.700000,0.000000,8,14,38,110,260,520,1200,3700,17000,17000,18000,20450,0,8,201.62786120718982,2.77425999956904,17887.95581299928,5805.953202933985
1783444559,200,,Aggregated,88.800000,0.000000,8,14,38,110,260,520,1200,3700,17000,17000,18000,20535,0,8,201.01419078173993,2.77425999956904,17887.95581299928,5798.264475286097
1783444560,200,,Aggregated,89.500000,0.000000,8,14,38,100,260,510,1200,3700,17000,17000,18000,20639,0,8,200.15705776079358,2.77425999956904,17887.95581299928,5796.569988856049
1783444561,200,,Aggregated,88.400000,0.000000,8,14,37,100,260,510,1200,3200,17000,17000,18000,20736,0,8,199.33618082966788,2.77425999956904,17887.95581299928,5797.618296682099
1783444562,200,,Aggregated,90.700000,0.000000,8,14,36,100,260,510,1200,3200,17000,17000,18000,20809,0,8,198.70776731294043,2.77425999956904,17887.95581299928,5803.179874092941
1783444563,200,,Aggregated,89.800000,0.000000,8,14,39,110,260,510,1200,3200,17000,17000,18000,20896,0,8,198.93821718223538,2.77425999956904,17887.95581299928,5798.212289433384
1783444564,200,,Aggregated,90.700000,0.000000,8,14,39,110,260,510,1200,3200,17000,17000,18000,20998,0,8,198.36270097552182,2.77425999956904,17887.95581299928,5802.176207257834
1783444565,200,,Aggregated,86.300000,0.000000,8,14,39,110,260,510,1200,3200,17000,17000,18000,21085,0,8,197.68862409599308,2.77425999956904,17887.95581299928,5804.422812425895
1783444566,200,,Aggregated,91.000000,0.000000,8,14,39,110,260,510,1200,2700,17000,17000,18000,21180,0,8,196.96937132667685,2.77425999956904,17887.95581299928,5802.00642115203
1783444567,200,,Aggregated,89.700000,0.000000,8,14,38,110,260,510,1200,2700,17000,17000,18000,21272,0,8,196.2626815765337,2.77425999956904,17887.95581299928,5796.282860097781
1783444568,200,,Aggregated,90.800000,0.000000,8,14,38,110,260,500,1200,2600,17000,17000,18000,21358,0,8,195.67089808900772,2.77425999956904,17887.95581299928,5795.365858226426
1783444569,200,,Aggregated,89.700000,0.000000,8,14,38,100,260,500,1200,2500,17000,17000,18000,21445,0,8,194.99224150035135,2.77425999956904,17887.95581299928,5793.501095826533
1783444570,200,,Aggregated,89.900000,0.000000,8,14,38,100,260,500,1200,2500,17000,17000,18000,21539,0,8,194.31027660471898,2.77425999956904,17887.95581299928,5794.322902641719
1783444571,200,,Aggregated,90.400000,0.000000,8,14,38,100,250,500,1200,2400,17000,17000,18000,21629,0,8,193.6955755087179,2.77425999956904,17887.95581299928,5791.895603125434
1783444572,200,,Aggregated,90.000000,0.000000,8,14,37,100,250,490,1200,2300,17000,17000,18000,21721,0,8,192.95384448920598,2.77425999956904,17887.95581299928,5791.581188711385
1783444573,200,,Aggregated,89.700000,0.000000,8,14,36,100,250,490,1200,2300,17000,17000,18000,21813,0,8,192.3341976913789,2.77425999956904,17887.95581299928,5797.224911749874
1783444574,200,,Aggregated,89.600000,0.000000,8,14,36,100,250,490,1200,2300,17000,17000,18000,21920,0,8,191.60765192408996,2.77425999956904,17887.95581299928,5800.1924270073
1783444575,200,,Aggregated,93.600000,0.000000,8,14,36,100,250,490,1100,2200,16000,17000,18000,22003,0,8,190.9653582914621,2.77425999956904,17887.95581299928,5798.35826932691
1783444576,200,,Aggregated,90.200000,0.000000,8,14,36,100,250,490,1100,2200,16000,17000,18000,22102,0,8,190.26718748593316,2.77425999956904,17887.95581299928,5795.735363315537
1783444577,200,,Aggregated,91.400000,0.000000,8,14,36,100,250,490,1100,2200,16000,17000,18000,22200,0,8,189.64735348531988,2.77425999956904,17887.95581299928,5788.116351351351
1783444578,200,,Aggregated,91.300000,0.000000,8,14,35,100,250,490,1100,2200,16000,17000,18000,22293,0,8,188.99016354717085,2.77425999956904,17887.95581299928,5788.366168752524
1783444579,200,,Aggregated,92.100000,0.000000,8,14,35,100,250,480,1100,2200,16000,17000,18000,22382,0,8,188.34421167684218,2.77425999956904,17887.95581299928,5791.474577785721
1783444580,200,,Aggregated,92.200000,0.000000,8,14,34,99,250,480,1100,2200,16000,17000,18000,22481,0,8,187.63860388559627,2.77425999956904,17887.95581299928,5789.448022774787
1783444581,200,,Aggregated,93.200000,0.000000,8,14,34,98,250,480,1100,2200,16000,17000,18000,22576,0,8,186.96760375983675,2.77425999956904,17887.95581299928,5788.555590007087
1783444582,200,,Aggregated,92.900000,0.000000,8,14,34,98,250,480,1100,2200,16000,17000,18000,22673,0,8,186.3202203744578,2.77425999956904,17887.95581299928,5782.255810876372
1783444583,200,,Aggregated,94.000000,0.000000,8,14,33,97,250,480,1100,2200,16000,17000,18000,22766,0,8,185.63164519806233,2.77425999956904,17887.95581299928,5783.224765000439
1783444584,200,,Aggregated,95.100000,0.000000,8,14,33,97,250,470,1100,2200,16000,17000,18000,22862,0,8,184.98773785355996,2.77425999956904,17887.95581299928,5779.37752602572
1783444585,200,,Aggregated,93.900000,0.000000,8,14,33,96,250,470,1100,2100,16000,17000,18000,22953,0,8,184.3616034981514,2.77425999956904,17887.95581299928,5776.008626323356
1783444586,200,,Aggregated,93.700000,0.000000,8,14,33,95,250,470,1100,2100,16000,17000,18000,23045,0,8,183.7172986040386,2.77425999956904,17887.95581299928,5778.895769147321
1783444587,200,,Aggregated,95.200000,0.000000,8,14,32,94,240,470,1100,2100,16000,17000,18000,23138,0,8,183.04660984955785,2.77425999956904,17887.95581299928,5781.321678623909
1783444588,200,,Aggregated,94.200000,0.000000,8,14,32,94,240,470,1100,2100,16000,17000,18000,23231,0,8,182.45801243932956,2.77425999956904,17887.95581299928,5783.801816538246
1783444589,200,,Aggregated,93.200000,0.000000,8,14,32,93,240,470,1100,2100,16000,17000,18000,23330,0,8,181.78604836211252,2.77425999956904,17887.95581299928,5786.746378054007
1783444590,200,,Aggregated,93.100000,0.000000,8,14,32,93,240,460,1100,2100,16000,17000,18000,23431,0,8,181.18020853822256,2.77425999956904,17887.95581299928,5784.960095599847
1783444591,200,,Aggregated,92.400000,0.000000,8,14,32,92,240,460,1100,2100,16000,17000,18000,23540,0,8,180.48389112264547,2.77425999956904,17887.95581299928,5783.5983007646555
1783444592,200,,Aggregated,91.600000,0.000000,8,14,32,91,240,460,1100,2100,16000,17000,18000,23635,0,8,179.85992102763313,2.77425999956904,17887.95581299928,5783.131584514491
1783444593,200,,Aggregated,91.800000,0.000000,8,14,32,91,240,460,1100,2100,16000,17000,18000,23720,0,8,179.27646460632823,2.77425999956904,17887.95581299928,5783.138111298483
1783444594,200,,Aggregated,93.100000,0.000000,8,14,32,90,240,450,1100,2100,16000,17000,18000,23812,0,8,178.71784736746693,2.77425999956904,17887.95581299928,5777.635603897194
1783444596,200,,Aggregated,93.000000,0.000000,8,14,31,89,240,450,1100,2000,16000,17000,18000,23909,0,8,178.04741722054925,2.77425999956904,17887.95581299928,5777.982391568029
1783444597,200,,Aggregated,91.600000,0.000000,8,14,31,88,240,450,1100,2000,16000,17000,18000,23992,0,8,177.54387327163622,2.77425999956904,17887.95581299928,5781.837862620873
1783444598,200,,Aggregated,92.900000,0.000000,8,14,31,87,240,450,1100,2000,16000,17000,18000,24083,0,8,176.97204692912456,2.77425999956904,17887.95581299928,5779.41240709214
1783444599,200,,Aggregated,92.500000,0.000000,8,14,31,87,240,450,1100,2000,16000,17000,18000,24173,0,8,176.42151096364177,2.77425999956904,17887.95581299928,5778.331237330906
1783444600,200,,Aggregated,92.200000,0.000000,8,14,31,86,240,450,1100,1900,16000,17000,18000,24273,0,8,175.78801609298853,2.77425999956904,17887.95581299928,5779.268487619989
1783444601,200,,Aggregated,91.700000,0.000000,8,14,31,86,240,450,1100,1900,16000,17000,18000,24362,0,8,175.24558172034838,2.77425999956904,17887.95581299928,5776.896806501929
1783444602,200,,Aggregated,94.000000,0.000000,8,14,30,85,240,440,1100,1900,16000,17000,18000,24447,0,8,174.69958380619815,2.77425999956904,17887.95581299928,5779.409907146071
1783444603,200,,Aggregated,92.900000,0.000000,8,14,30,85,230,440,1000,1900,16000,17000,18000,24542,0,8,174.09116260293015,2.77425999956904,17887.95581299928,5779.393529459701
1783444604,200,,Aggregated,89.800000,0.000000,8,14,30,84,230,440,1000,1900,16000,17000,18000,24641,0,8,173.53878004630923,2.77425999956904,17887.95581299928,5777.379327137697
1783444605,200,,Aggregated,90.400000,0.000000,8,14,29,84,230,440,1000,1900,16000,17000,18000,24734,0,8,173.00947324755967,2.77425999956904,17887.95581299928,5778.486496320854
1783444606,200,,Aggregated,91.700000,0.000000,8,13,29,84,230,440,1000,1900,16000,17000,18000,24823,0,8,172.487425638889,2.77425999956904,17887.95581299928,5779.025178262095
1783444607,200,,Aggregated,91.500000,0.000000,8,13,29,83,230,440,1000,1900,16000,17000,18000,24908,0,8,171.99581631693135,2.77425999956904,17887.95581299928,5776.6612333386865
1783444608,200,,Aggregated,90.500000,0.000000,8,13,29,83,230,440,1000,1800,16000,17000,18000,25003,0,8,171.41988640955617,2.77425999956904,17887.95581299928,5772.790025196977
1783444609,200,,Aggregated,91.000000,0.000000,8,13,29,82,230,430,1000,1800,16000,17000,18000,25090,0,8,170.93962382017236,2.77425999956904,17887.95581299928,5777.269509764847
1783444610,200,,Aggregated,91.900000,0.000000,8,13,28,82,230,430,1000,1800,16000,17000,18000,25185,0,8,170.40179046397162,2.77425999956904,17887.95581299928,5773.017153067302
1783444611,200,,Aggregated,91.400000,0.000000,8,13,28,81,230,430,1000,1700,16000,17000,18000,25270,0,8,169.90404949244632,2.77425999956904,17887.95581299928,5773.448674317372
1783444612,200,,Aggregated,90.600000,0.000000,8,13,28,81,230,430,990,1700,16000,17000,18000,25366,0,8,169.43541713833815,2.77425999956904,17887.95581299928,5768.505834581723
1783444613,200,,Aggregated,89.600000,0.000000,8,13,28,80,230,430,980,1700,16000,17000,18000,25460,0,8,168.97610152796938,2.77425999956904,17887.95581299928,5766.260526315789
1783444614,200,,Aggregated,91.000000,0.000000,8,13,28,80,230,430,980,1700,16000,17000,18000,25534,0,8,168.59074514964774,2.77425999956904,17887.95581299928,5766.389833163625
1783444615,200,,Aggregated,89.800000,0.000000,8,13,28,81,230,420,980,1600,16000,17000,18000,25639,0,8,168.23129517883353,2.77425999956904,17887.95581299928,5764.855376574749
1783444616,200,,Aggregated,88.600000,0.000000,8,13,28,80,230,420,980,1600,16000,17000,18000,25722,0,8,167.78718997648377,2.77425999956904,17887.95581299928,5760.262343519166
1783444617,200,,Aggregated,89.700000,0.000000,8,13,28,80,230,420,970,1600,16000,17000,18000,25809,0,8,167.32385509283856,2.77425999956904,17887.95581299928,5760.841334418226
1783444618,200,,Aggregated,90.100000,0.000000,8,13,28,79,230,420,970,1600,16000,17000,18000,25900,0,8,166.87628038942333,2.77425999956904,17887.95581299928,5765.723822393822
1783444619,200,,Aggregated,89.700000,0.000000,8,13,28,78,230,420,970,1600,16000,17000,18000,25990,0,8,166.40715376464289,2.77425999956904,17887.95581299928,5761.3899191996925
1783444620,200,,Aggregated,88.400000,0.000000,8,13,27,78,230,420,960,1600,16000,17000,18000,26092,0,8,165.8775703185681,2.77425999956904,17887.95581299928,5761.621569829833
1783444621,200,,Aggregated,89.100000,0.000000,8,13,27,78,230,420,950,1600,16000,17000,18000,26153,0,8,165.53342571334306,2.77425999956904,17887.95581299928,5763.515543149925
1783444622,200,,Aggregated,88.900000,0.000000,8,13,27,77,230,420,950,1600,16000,17000,18000,26271,0,8,165.0155419819595,2.77425999956904,17887.95581299928,5763.447413497774
1783444623,200,,Aggregated,89.100000,0.000000,8,13,27,76,230,410,950,1600,16000,17000,18000,26362,0,8,164.52702406942012,2.77425999956904,17887.95581299928,5766.546316667931
1783444624,200,,Aggregated,90.200000,0.000000,8,13,27,76,230,410,950,1600,16000,17000,18000,26450,0,8,164.07541819951157,2.77425999956904,17887.95581299928,5762.733534971645
1783444625,200,,Aggregated,90.400000,0.000000,8,13,27,75,220,410,950,1600,16000,17000,18000,26538,0,8,163.59143230100653,2.77425999956904,17887.95581299928,5760.924184188711
1783444626,200,,Aggregated,90.800000,0.000000,8,13,27,74,220,410,950,1600,16000,17000,18000,26630,0,8,163.1009724949718,2.77425999956904,17887.95581299928,5759.194404806609
1783444627,200,,Aggregated,89.000000,0.000000,8,13,27,73,220,410,950,1600,16000,17000,18000,26719,0,8,162.6410776089335,2.77425999956904,17887.95581299928,5766.868370822262
1783444628,200,,Aggregated,89.600000,0.000000,8,13,27,73,220,410,950,1600,16000,17000,18000,26813,0,8,162.1779597386751,2.77425999956904,17887.95581299928,5768.402416738149
1783444629,200,,Aggregated,89.600000,0.000000,8,13,27,72,220,410,940,1600,16000,17000,18000,26907,0,8,161.6739461215712,2.77425999956904,17887.95581299928,5769.144720704649
1783444630,200,,Aggregated,91.400000,0.000000,8,13,26,72,220,400,940,1600,16000,17000,18000,26997,0,8,161.191720355117,2.77425999956904,17887.95581299928,5766.999703670778
1783444631,200,,Aggregated,91.700000,0.000000,8,13,26,71,220,400,940,1600,16000,17000,18000,27093,0,8,160.70501268213488,2.77425999956904,17887.95581299928,5766.356549662274
1783444632,200,,Aggregated,90.900000,0.000000,8,13,26,70,220,400,940,1600,16000,17000,18000,27177,0,8,160.25268358513105,2.77425999956904,17887.95581299928,5767.617581042794
1783444633,200,,Aggregated,92.400000,0.000000,8,13,26,70,220,400,940,1600,16000,17000,18000,27276,0,8,159.7535970780579,2.77425999956904,17887.95581299928,5765.707141809649
1783444634,200,,Aggregated,90.500000,0.000000,8,13,26,69,220,400,930,1600,16000,17000,18000,27374,0,8,159.26283447205725,2.77425999956904,17887.95581299928,5765.567838094542
1783444635,200,,Aggregated,90.900000,0.000000,8,13,25,69,220,400,930,1500,16000,17000,18000,27459,0,8,158.8546985662284,2.77425999956904,17887.95581299928,5762.549728686406
1783444636,200,,Aggregated,91.600000,0.000000,8,13,25,69,220,390,930,1500,16000,17000,18000,27553,0,8,158.41768819145034,2.77425999956904,17887.95581299928,5762.283744056908
1783444637,200,,Aggregated,92.100000,0.000000,8,13,25,68,220,390,930,1500,16000,17000,18000,27641,0,8,158.00075611544517,2.77425999956904,17887.95581299928,5759.7571723164865
1783444638,200,,Aggregated,92.100000,0.000000,8,13,25,68,220,390,930,1500,16000,17000,18000,27736,0,8,157.5653569897606,2.77425999956904,17887.95581299928,5761.704932218056
1783444639,200,,Aggregated,93.500000,0.000000,8,13,25,67,220,390,930,1500,16000,17000,18000,27816,0,8,157.19271665811118,2.77425999956904,17887.95581299928,5763.512115329307
1783444640,200,,Aggregated,91.000000,0.000000,8,13,25,67,220,390,930,1500,16000,17000,18000,27915,0,8,156.68905136288814,2.77425999956904,17887.95581299928,5763.391295002687
1783444641,200,,Aggregated,90.100000,0.000000,8,13,25,66,220,380,930,1500,16000,17000,18000,28004,0,8,156.23491652949633,2.77425999956904,17887.95581299928,5759.316490501357
1783444642,200,,Aggregated,91.200000,0.000000,8,13,25,66,220,380,920,1500,16000,17000,18000,28097,0,8,155.78531256340563,2.77425999956904,17887.95581299928,5756.76645193437
1783444643,200,,Aggregated,90.900000,0.000000,8,13,25,65,210,380,920,1500,16000,17000,18000,28189,0,8,155.3444050608044,2.77425999956904,17887.95581299928,5763.2533257653695
1783444644,200,,Aggregated,90.300000,0.000000,8,13,24,65,210,380,920,1500,16000,17000,18000,28276,0,8,154.94785706822128,2.77425999956904,17887.95581299928,5762.406387042014
1783444645,200,,Aggregated,90.900000,0.000000,8,13,24,65,210,380,920,1500,16000,17000,18000,28367,0,8,154.53663248954922,2.77425999956904,17887.95581299928,5764.942115838827
1783444646,200,,Aggregated,90.300000,0.000000,8,13,25,65,210,380,920,1500,16000,17000,18000,28480,0,8,154.0554119851488,2.77425999956904,17887.95581299928,5767.824087078651
1783444647,200,,Aggregated,91.200000,0.000000,8,13,25,64,210,380,920,1500,16000,17000,18000,28567,0,8,153.6874026017793,2.77425999956904,17887.95581299928,5768.575524206252
1783444648,200,,Aggregated,91.200000,0.000000,8,13,25,64,210,370,920,1500,16000,17000,18000,28668,0,8,153.24163897167682,2.77425999956904,17887.95581299928,5772.959990233013
1783444649,200,,Aggregated,90.200000,0.000000,8,13,24,64,210,370,920,1500,16000,17000,18000,28746,0,8,152.90575698632983,2.77425999956904,17887.95581299928,5773.212760036179
1783444650,200,,Aggregated,90.600000,0.000000,8,13,24,64,210,370,910,1500,16000,17000,18000,28830,0,8,152.54018168137614,2.77425999956904,17887.95581299928,5770.422441900798
1783444651,200,,Aggregated,91.500000,0.000000,8,13,24,63,210,370,910,1500,16000,17000,18000,28923,0,8,152.11453299678686,2.77425999956904,17887.95581299928,5770.066314006154
1783444652,200,,Aggregated,91.300000,0.000000,8,13,24,63,210,370,910,1500,16000,17000,18000,29024,0,8,151.64527564808625,2.77425999956904,17887.95581299928,5768.424062844542
1783444653,200,,Aggregated,90.500000,0.000000,8,13,24,63,210,370,910,1500,16000,17000,18000,29119,0,8,151.23875103588963,2.77425999956904,17887.95581299928,5769.253957896905
1783444654,200,,Aggregated,92.100000,0.000000,8,13,24,62,210,370,910,1500,16000,17000,18000,29214,0,8,150.84471039032854,2.77425999956904,17887.95581299928,5769.535017457383
1783444655,200,,Aggregated,90.700000,0.000000,8,13,24,62,210,370,910,1500,16000,17000,18000,29292,0,8,150.5071285355072,2.77425999956904,17887.95581299928,5769.641642769357
1783444656,200,,Aggregated,92.100000,0.000000,8,13,24,62,210,370,910,1500,16000,17000,18000,29384,0,8,150.12760810842886,2.77425999956904,17887.95581299928,5769.076742444868
1783444657,200,,Aggregated,90.900000,0.000000,8,13,24,61,210,360,910,1500,16000,17000,18000,29486,0,8,149.69205890076904,2.77425999956904,17887.95581299928,5769.892050464628
1783444658,200,,Aggregated,89.200000,0.000000,8,13,23,61,210,360,910,1500,16000,17000,18000,29577,0,8,149.34803732559348,2.77425999956904,17887.95581299928,5769.2388342293
1783444659,200,,Aggregated,90.300000,0.000000,8,13,23,61,210,370,900,1500,16000,17000,18000,29660,0,8,149.1767493332124,2.77425999956904,17887.95581299928,5763.602596089008
1783444660,200,,Aggregated,90.900000,0.000000,8,13,23,61,210,360,900,1500,16000,17000,18000,29746,0,8,148.82381403217536,2.77425999956904,17887.95581299928,5765.538660660257
1783444661,200,,Aggregated,90.100000,0.000000,8,13,23,61,210,360,900,1500,16000,17000,18000,29839,0,8,148.4671802884171,2.77425999956904,17887.95581299928,5760.59010020443
1783444662,200,,Aggregated,89.800000,0.000000,8,13,23,60,210,360,900,1500,16000,17000,18000,29929,0,8,148.0847287623731,2.77425999956904,17887.95581299928,5764.233853453173
1783444663,200,,Aggregated,90.500000,0.000000,8,13,23,60,210,360,900,1500,16000,17000,18000,30027,0,8,147.75135645635697,2.77425999956904,17887.95581299928,5765.351017417657
1783444664,200,,Aggregated,90.300000,0.000000,8,13,23,60,210,360,900,1500,16000,17000,18000,30120,0,8,147.3781302756651,2.77425999956904,17887.95581299928,5767.933997343957
1783444665,200,,Aggregated,90.800000,0.000000,8,13,23,59,200,360,900,1500,16000,17000,18000,30214,0,8,147.01431289081387,2.77425999956904,17887.95581299928,5767.46365923082
1783444666,200,,Aggregated,89.600000,0.000000,8,13,23,59,200,360,900,1500,16000,17000,18000,30302,0,8,146.6665778321242,2.77425999956904,17887.95581299928,5767.598376344796
1783444667,200,,Aggregated,90.200000,0.000000,8,13,23,59,200,360,900,1500,16000,17000,18000,30393,0,8,146.30891801773564,2.77425999956904,17887.95581299928,5768.5808903365905
1783444668,200,,Aggregated,91.400000,0.000000,8,13,23,59,200,360,900,1500,16000,17000,18000,30484,0,8,145.94274933561883,2.77425999956904,17887.95581299928,5768.452302847395
1783444669,200,,Aggregated,91.200000,0.000000,8,13,23,58,200,360,890,1500,16000,17000,18000,30564,0,8,145.61210617101858,2.77425999956904,17887.95581299928,5766.618996204686
1783444670,200,,Aggregated,91.300000,0.000000,8,13,23,59,200,350,890,1500,16000,17000,18000,30674,0,8,145.2698718673791,2.77425999956904,17887.95581299928,5768.215426745778
1783444671,200,,Aggregated,91.300000,0.000000,8,13,23,58,200,350,890,1500,16000,17000,18000,30763,0,8,144.91166750781719,2.77425999956904,17887.95581299928,5769.613301693593
1783444672,200,,Aggregated,91.700000,0.000000,8,13,22,58,200,350,880,1500,16000,17000,18000,30852,0,8,144.54491307318818,2.77425999956904,17887.95581299928,5769.959840528977
1783444673,200,,Aggregated,92.900000,0.000000,8,13,22,58,200,350,880,1500,16000,17000,18000,30948,0,8,144.17964066808867,2.77425999956904,17887.95581299928,5769.214327258627
1783444674,200,,Aggregated,91.600000,0.000000,8,13,22,57,200,350,880,1500,16000,17000,18000,31037,0,8,143.87960756319922,2.77425999956904,17887.95581299928,5767.500886039244
1783444675,200,,Aggregated,90.800000,0.000000,8,13,22,57,200,350,870,1500,16000,17000,18000,31112,0,8,143.60274730403106,2.77425999956904,17887.95581299928,5767.834276163539
1783444676,200,,Aggregated,91.200000,0.000000,8,13,22,57,200,350,870,1500,16000,17000,18000,31217,0,8,143.2275059766484,2.77425999956904,17887.95581299928,5767.152993561201
1783444677,200,,Aggregated,90.700000,0.000000,8,13,22,57,200,350,870,1500,16000,17000,18000,31308,0,8,142.89728724814853,2.77425999956904,17887.95581299928,5769.465951194583
1783444678,200,,Aggregated,90.000000,0.000000,8,13,22,56,200,350,860,1500,16000,17000,18000,31394,0,8,142.60476606676596,2.77425999956904,17887.95581299928,5771.937886220297
1783444679,200,,Aggregated,89.400000,0.000000,8,13,22,56,200,350,860,1500,16000,17000,18000,31480,0,8,142.28748614993813,2.77425999956904,17887.95581299928,5774.628526048285
1783444680,200,,Aggregated,90.700000,0.000000,8,13,22,56,200,350,850,1400,16000,17000,18000,31579,0,8,141.94677149491918,2.77425999956904,17887.95581299928,5766.895880173533
1783444681,200,,Aggregated,90.200000,0.000000,8,13,22,56,200,350,850,1400,16000,17000,18000,31665,0,8,141.70072409224883,2.77425999956904,17887.95581299928,5763.962387494079
1783444682,200,,Aggregated,88.900000,0.000000,8,13,22,56,200,350,840,1400,16000,17000,18000,31757,0,8,141.3476157360912,2.77425999956904,17887.95581299928,5766.013697767421
1783444683,200,,Aggregated,88.600000,0.000000,8,13,22,56,200,340,840,1400,16000,17000,18000,31839,0,8,141.12241029847308,2.77425999956904,17887.95581299928,5761.543515813939
1783444684,200,,Aggregated,89.000000,0.000000,8,13,22,56,200,340,840,1400,16000,17000,18000,31930,0,8,140.8018930005037,2.77425999956904,17887.95581299928,5762.960569996868
1783444685,200,,Aggregated,90.400000,0.000000,8,13,22,55,200,340,830,1400,16000,17000,18000,32014,0,8,140.51185294405826,2.77425999956904,17887.95581299928,5762.109420878366
1783444686,200,,Aggregated,88.600000,0.000000,8,13,22,55,200,340,830,1400,16000,17000,18000,32109,0,8,140.16417701485835,2.77425999956904,17887.95581299928,5766.675760690149
1783444687,200,,Aggregated,89.200000,0.000000,8,13,22,54,200,340,830,1400,16000,17000,18000,32202,0,8,139.8348473727756,2.77425999956904,17887.95581299928,5770.94987888951
1783444688,200,,Aggregated,89.100000,0.000000,8,13,21,54,200,340,830,1400,16000,17000,18000,32292,0,8,139.53748334018132,2.77425999956904,17887.95581299928,5770.219992567819
1783444689,200,,Aggregated,88.900000,0.000000,8,13,21,54,200,340,830,1400,16000,17000,18000,32390,0,8,139.1802327023811,2.77425999956904,17887.95581299928,5769.768848410003
1783444690,200,,Aggregated,89.000000,0.000000,8,13,21,54,200,340,820,1400,16000,17000,18000,32487,0,8,138.84268740838326,2.77425999956904,17887.95581299928,5772.346600178533
1783444691,200,,Aggregated,88.800000,0.000000,8,13,21,54,200,340,820,1400,16000,17000,18000,32576,0,8,138.54971793968426,2.77425999956904,17887.95581299928,5772.4305316797645
1783444692,200,,Aggregated,91.400000,0.000000,8,13,21,54,200,340,820,1400,16000,17000,18000,32656,0,8,138.29615304385473,2.77425999956904,17887.95581299928,5769.534113179814
1783444693,200,,Aggregated,89.800000,0.000000,8,13,21,54,200,340,820,1400,16000,17000,18000,32747,0,8,138.03159037872584,2.77425999956904,17887.95581299928,5769.019268940667
1783444694,200,,Aggregated,90.300000,0.000000,8,13,21,53,200,340,810,1400,16000,17000,18000,32847,0,8,137.7383107039962,2.77425999956904,17887.95581299928,5766.31780680123
1783444696,200,,Aggregated,90.600000,0.000000,8,13,21,53,200,340,800,1300,16000,17000,18000,32954,0,8,137.4376139445034,2.77425999956904,17887.95581299928,5768.484766644414
1783444697,200,,Aggregated,89.000000,0.000000,8,13,21,53,200,340,800,1300,16000,17000,18000,33053,0,8,137.10361474922496,2.77425999956904,17887.95581299928,5766.553081414698
1783444698,200,,Aggregated,91.100000,0.000000,8,13,21,53,200,330,800,1300,16000,17000,18000,33136,0,8,136.85799007324766,2.77425999956904,17887.95581299928,5768.748400531144
1783444699,200,,Aggregated,92.000000,0.000000,8,13,21,53,200,330,790,1300,16000,17000,18000,33232,0,8,136.54842325852022,2.77425999956904,17887.95581299928,5767.163787915262
1783444700,200,,Aggregated,89.600000,0.000000,8,13,21,53,200,330,780,1300,16000,17000,18000,33316,0,8,136.31650745411008,2.77425999956904,17887.95581299928,5769.48103013567
1783444701,200,,Aggregated,91.300000,0.000000,8,13,21,52,200,330,780,1300,16000,17000,18000,33414,0,8,136.02440586108028,2.77425999956904,17887.95581299928,5770.604776441013
1783444702,200,,Aggregated,89.400000,0.000000,8,13,21,52,200,330,780,1300,16000,17000,18000,33500,0,8,135.7387099009299,2.77425999956904,17887.95581299928,5773.04104477612
1783444703,200,,Aggregated,90.200000,0.000000,8,13,21,52,190,330,770,1300,16000,17000,18000,33596,0,8,135.4356945604587,2.77425999956904,17887.95581299928,5768.910941778783
1783444704,200,,Aggregated,89.100000,0.000000,8,13,21,52,190,330,770,1300,16000,17000,18000,33689,0,8,135.1785834179752,2.77425999956904,17887.95581299928,5770.144943453352
1783444705,200,,Aggregated,90.100000,0.000000,8,13,21,52,200,330,760,1300,16000,17000,18000,33763,0,8,135.021951700565,2.77425999956904,17887.95581299928,5766.945769037112
1783444706,200,,Aggregated,90.300000,0.000000,8,13,21,52,200,330,760,1300,16000,17000,18000,33859,0,8,134.76841026144209,2.77425999956904,17887.95581299928,5767.412563867805
1783444707,200,,Aggregated,90.900000,0.000000,8,13,20,52,200,330,760,1300,16000,17000,18000,33943,0,8,134.57608597540514,2.77425999956904,17887.95581299928,5766.717320213299
1783444708,200,,Aggregated,89.300000,0.000000,8,13,20,52,190,330,750,1300,16000,17000,18000,34036,0,8,134.2866679512629,2.77425999956904,17887.95581299928,5766.063697261723
1783444709,200,,Aggregated,88.400000,0.000000,8,13,20,51,190,330,750,1300,16000,17000,18000,34135,0,8,133.9909129127648,2.77425999956904,17887.95581299928,5766.159923831844
1783444710,200,,Aggregated,89.200000,0.000000,8,13,20,51,190,330,750,1300,16000,17000,18000,34232,0,8,133.67017332721394,2.77425999956904,17887.95581299928,5767.639577003973
1783444711,200,,Aggregated,89.700000,0.000000,8,13,20,50,190,330,750,1300,16000,17000,18000,34322,0,8,133.3852858530153,2.77425999956904,17887.95581299928,5765.709049589184
1783444712,200,,Aggregated,90.300000,0.000000,8,13,20,50,190,330,750,1300,16000,17000,18000,34414,0,8,133.12130194340085,2.77425999956904,17887.95581299928,5765.076567675946
1783444713,200,,Aggregated,90.400000,0.000000,8,13,20,50,190,330,750,1300,16000,17000,18000,34503,0,8,132.83452775025938,2.77425999956904,17887.95581299928,5763.741413790105
1783444714,200,,Aggregated,91.000000,0.000000,8,13,20,50,190,330,740,1300,16000,17000,18000,34600,0,8,132.52633615726035,2.77425999956904,17887.95581299928,5764.518208092485
1783444715,200,,Aggregated,91.000000,0.000000,8,13,20,50,190,320,740,1300,16000,17000,18000,34686,0,8,132.2747616954169,2.77425999956904,17887.95581299928,5763.827942109208
1783444716,200,,Aggregated,91.100000,0.000000,8,13,20,49,190,320,740,1300,16000,17000,18000,34774,0,8,131.9837986968777,2.77425999956904,17887.95581299928,5761.348881348134
1783444717,200,,Aggregated,91.200000,0.000000,8,13,20,49,190,320,740,1300,16000,17000,18000,34867,0,8,131.69860628095986,2.77425999956904,17887.95581299928,5761.285800326957
1783444718,200,,Aggregated,91.000000,0.000000,8,13,20,49,190,320,730,1300,16000,17000,18000,34957,0,8,131.48682909460834,2.77425999956904,17887.95581299928,5759.709586062877
1783444719,200,,Aggregated,91.800000,0.000000,8,13,20,49,190,320,730,1300,16000,17000,18000,35062,0,8,131.21906546207413,2.77425999956904,17887.95581299928,5762.180594375677
1783444720,200,,Aggregated,91.400000,0.000000,8,13,20,49,190,320,730,1300,16000,17000,18000,35156,0,8,130.97875613230326,2.77425999956904,17887.95581299928,5761.280691773808
1783444721,200,,Aggregated,91.300000,0.000000,8,13,20,49,190,320,730,1300,16000,17000,18000,35247,0,8,130.72350712038616,2.77425999956904,17887.95581299928,5758.890033194314
1783444722,200,,Aggregated,91.700000,0.000000,8,13,20,49,190,320,730,1300,16000,17000,18000,35323,0,8,130.5238487055816,2.77425999956904,17887.95581299928,5755.074738838717
1783444723,200,,Aggregated,91.500000,0.000000,8,13,20,49,190,320,730,1200,16000,17000,18000,35453,0,8,130.25913896139298,2.77425999956904,17887.95581299928,5754.845118889798
1783444724,200,,Aggregated,91.300000,0.000000,8,13,20,49,190,320,720,1200,16000,17000,18000,35534,0,8,130.00327283486888,2.77425999956904,17887.95581299928,5755.086621264141
1783444725,200,,Aggregated,91.000000,0.000000,8,13,20,49,190,320,720,1200,16000,17000,18000,35623,0,8,129.776229165377,2.77425999956904,17887.95581299928,5754.879824832271
1783444726,200,,Aggregated,90.300000,0.000000,8,13,20,48,190,320,720,1200,16000,17000,18000,35717,0,8,129.5164706789549,2.77425999956904,17887.95581299928,5754.302684995941
1783444727,200,,Aggregated,92.300000,0.000000,8,13,20,48,190,320,720,1200,16000,17000,18000,35813,0,8,129.2606290413596,2.77425999956904,17887.95581299928,5750.328176918996
1783444728,200,,Aggregated,91.600000,0.000000,8,13,20,48,190,320,720,1200,16000,17000,18000,35908,0,8,129.04655141629186,2.77425999956904,17887.95581299928,5749.027375515206
1783444729,200,,Aggregated,91.400000,0.000000,8,13,20,48,190,320,720,1200,16000,17000,18000,36001,0,8,128.82333410450332,2.77425999956904,17887.95581299928,5745.774256270659
1783444730,200,,Aggregated,91.900000,0.000000,8,13,20,48,190,320,720,1200,16000,17000,18000,36084,0,8,128.59013043413282,2.77425999956904,17887.95581299928,5742.818146546946
1783444731,200,,Aggregated,91.600000,0.000000,7,13,20,48,190,320,710,1200,16000,17000,18000,36171,0,7,128.35152699550005,2.77425999956904,17887.95581299928,5742.3693290204865
1783444732,200,,Aggregated,90.800000,0.000000,7,13,20,48,190,310,710,1200,16000,17000,18000,36273,0,7,128.083414328019,2.77425999956904,17887.95581299928,5741.970722024646
1783444733,200,,Aggregated,90.600000,0.000000,7,13,20,48,190,310,710,1200,16000,17000,18000,36364,0,7,127.86002435439553,2.77425999956904,17887.95581299928,5740.322709272908
1783444734,200,,Aggregated,91.000000,0.000000,7,13,20,47,190,310,710,1200,16000,17000,18000,36456,0,7,127.60566706142245,2.77425999956904,17887.95581299928,5743.117566381391
1783444735,200,,Aggregated,91.500000,0.000000,7,13,20,47,190,310,710,1200,16000,17000,18000,36537,0,7,127.37153124386764,2.77425999956904,17887.95581299928,5741.6254481758215
1783444736,200,,Aggregated,91.400000,0.000000,7,13,20,47,190,310,700,1200,16000,17000,18000,36636,0,7,127.13608085203613,2.77425999956904,17887.95581299928,5740.891281799323
1783444737,200,,Aggregated,90.300000,0.000000,7,13,20,47,190,310,700,1200,16000,17000,18000,36715,0,7,126.92744811883989,2.77425999956904,17887.95581299928,5738.806291706387
1783444738,200,,Aggregated,91.500000,0.000000,7,12,20,47,190,310,700,1200,16000,17000,18000,36812,0,7,126.64690937004808,2.77425999956904,17887.95581299928,5737.847767032489
1783444739,200,,Aggregated,90.000000,0.000000,7,12,20,46,190,310,700,1200,16000,17000,18000,36896,0,7,126.41049049404282,2.77425999956904,17887.95581299928,5739.979347354727
1783444740,200,,Aggregated,90.900000,0.000000,7,12,20,46,190,310,700,1200,16000,17000,18000,36999,0,7,126.16773042915149,2.77425999956904,17887.95581299928,5740.044244439039
1783444741,200,,Aggregated,89.900000,0.000000,7,13,20,46,190,310,700,1200,16000,17000,18000,37110,0,7,125.89210709547783,2.77425999956904,17887.95581299928,5740.7897062786315
1783444742,200,,Aggregated,90.200000,0.000000,7,12,20,46,190,310,700,1200,16000,17000,18000,37204,0,7,125.64057134811226,2.77425999956904,17887.95581299928,5744.959197935706
1783444743,200,,Aggregated,90.700000,0.000000,7,12,20,46,190,310,700,1200,16000,17000,18000,37297,0,7,125.40882099756453,2.77425999956904,17887.95581299928,5741.398879266429
1783444744,200,,Aggregated,90.800000,0.000000,7,12,20,46,190,310,700,1200,16000,17000,18000,37392,0,7,125.16198262227596,2.77425999956904,17887.95581299928,5737.41075631151
1783444745,200,,Aggregated,91.500000,0.000000,7,12,20,46,190,310,700,1200,16000,17000,18000,37480,0,7,124.97660075936868,2.77425999956904,17887.95581299928,5737.257070437567
1783444746,200,,Aggregated,91.500000,0.000000,7,12,20,46,190,310,700,1200,16000,17000,18000,37578,0,7,124.89514383852674,2.77425999956904,17887.95581299928,5734.992575443079
1783444747,200,,Aggregated,91.800000,0.000000,7,12,20,46,190,310,700,1200,16000,17000,18000,37664,0,7,124.7124867949274,2.77425999956904,17887.95581299928,5735.868362361937
1783444748,200,,Aggregated,91.400000,0.000000,7,12,20,46,190,310,700,1200,16000,17000,18000,37750,0,7,124.50135327406957,2.77425999956904,17887.95581299928,5735.282172185431
1783444749,200,,Aggregated,92.800000,0.000000,7,12,20,46,190,310,690,1200,16000,17000,18000,37845,0,7,124.25888009356875,2.77425999956904,17887.95581299928,5731.786154049412
1783444750,200,,Aggregated,92.100000,0.000000,7,12,20,46,190,310,690,1200,16000,17000,18000,37943,0,7,124.03404576536148,2.77425999956904,17887.95581299928,5733.03839970482
1783444751,200,,Aggregated,91.700000,0.000000,7,12,19,46,190,310,690,1200,16000,17000,18000,38033,0,7,123.8254982634057,2.77425999956904,17887.95581299928,5730.294270764862
1783444752,200,,Aggregated,92.000000,0.000000,7,12,20,46,190,310,690,1200,16000,17000,18000,38116,0,7,123.68064907401386,2.77425999956904,17887.95581299928,5727.9640833245885
1783444753,200,,Aggregated,92.500000,0.000000,7,12,20,46,190,310,690,1200,16000,17000,18000,38225,0,7,123.50736569705951,2.77425999956904,17887.95581299928,5724.536455199477
1783444754,200,,Aggregated,92.400000,0.000000,7,12,20,46,190,310,690,1200,16000,17000,18000,38313,0,7,123.28105505596254,2.77425999956904,17887.95581299928,5725.260303291311
1783444756,200,,Aggregated,91.800000,0.000000,7,13,20,47,190,310,690,1200,16000,17000,18000,38437,0,7,123.15256074530106,2.77425999956904,17887.95581299928,5728.064677264095
1783444757,200,,Aggregated,90.100000,0.000000,7,12,20,47,190,310,690,1200,16000,17000,18000,38514,0,7,122.97839974103276,2.77425999956904,17887.95581299928,5727.615802046009
1783444758,200,,Aggregated,91.900000,0.000000,7,13,20,47,190,310,690,1200,16000,17000,18000,38610,0,7,122.77007784126165,2.77425999956904,17887.95581299928,5727.354467754468
1783444759,200,,Aggregated,90.100000,0.000000,7,13,20,47,190,310,690,1200,16000,17000,18000,38691,0,7,122.59814249314101,2.77425999956904,17887.95581299928,5726.8602775839345
1783444760,200,,Aggregated,91.000000,0.000000,7,13,20,47,190,310,680,1200,16000,17000,18000,38790,0,7,122.36066349250092,2.77425999956904,17887.95581299928,5729.348079401908
1783444762,200,,Aggregated,90.200000,0.000000,8,13,20,50,190,310,690,1200,16000,17000,18000,38960,0,8,123.54029759066047,2.77425999956904,17887.95581299928,5727.1393223819305
1783444763,200,,Aggregated,82.700000,0.000000,8,13,20,50,190,310,690,1200,16000,17000,18000,39017,0,8,123.4257412938758,2.77425999956904,17887.95581299928,5729.588615219007
1783444764,200,,Aggregated,82.700000,0.000000,8,13,20,49,190,310,690,1200,16000,17000,18000,39110,0,8,123.20767142720872,2.77425999956904,17887.95581299928,5728.504627972386
1783444765,200,,Aggregated,85.000000,0.000000,8,13,20,50,190,310,690,1200,16000,17000,18000,39206,0,8,123.00570951319001,2.77425999956904,17887.95581299928,5728.742717951334
1783444766,200,,Aggregated,82.400000,0.000000,8,13,20,49,190,310,690,1200,16000,17000,18000,39306,0,8,122.79908088231112,2.77425999956904,17887.95581299928,5728.165216506386
1783444767,200,,Aggregated,85.400000,0.000000,7,13,20,49,190,310,690,1200,16000,17000,18000,39384,0,7,122.64915755901215,2.77425999956904,17887.95581299928,5723.60260511883
1783444768,200,,Aggregated,84.300000,0.000000,7,13,20,49,190,310,690,1200,16000,17000,18000,39469,0,7,122.47200374415677,2.77425999956904,17887.95581299928,5722.4115888418755
1783444769,200,,Aggregated,84.900000,0.000000,7,13,20,49,190,310,690,1200,16000,17000,18000,39576,0,7,122.25476186380999,2.77425999956904,17887.95581299928,5721.229154032747
1783444770,200,,Aggregated,83.300000,0.000000,7,13,20,49,190,310,680,1200,16000,17000,18000,39658,0,7,122.0844546381097,2.77425999956904,17887.95581299928,5719.075722426749
1783444771,200,,Aggregated,85.200000,0.000000,7,13,20,49,190,310,680,1200,16000,17000,18000,39742,0,7,121.91247946553165,2.77425999956904,17887.95581299928,5720.554476372603
1783444772,200,,Aggregated,85.100000,0.000000,8,13,20,50,190,310,680,1200,16000,17000,18000,39848,0,8,121.7911733331706,2.77425999956904,17887.95581299928,5717.730275045172
1783444773,200,,Aggregated,90.500000,0.000000,8,13,20,50,190,310,680,1200,16000,17000,18000,39939,0,8,121.57506244530876,2.77425999956904,17887.95581299928,5721.036405518415
1783444774,200,,Aggregated,92.300000,0.000000,7,13,20,49,190,310,680,1200,16000,17000,18000,40024,0,7,121.34628317954633,2.77425999956904,17887.95581299928,5721.611807915251
1783444775,200,,Aggregated,90.100000,0.000000,7,13,20,49,190,310,680,1200,16000,17000,18000,40107,0,7,121.16629829354372,2.77425999956904,17887.95581299928,5721.168598997681
1783444776,200,,Aggregated,91.400000,0.000000,8,13,20,49,190,310,680,1200,16000,17000,18000,40208,0,8,121.14132534418874,2.77425999956904,17887.95581299928,5722.854979108635
1783444777,200,,Aggregated,90.200000,0.000000,8,13,20,50,190,310,680,1200,16000,17000,18000,40297,0,8,121.04533112194737,2.77425999956904,17887.95581299928,5722.321934635333
1783444778,200,,Aggregated,88.900000,0.000000,8,13,20,50,190,310,680,1200,16000,17000,18000,40381,0,8,120.96630401508374,2.77425999956904,17887.95581299928,5719.999950471756
1783444779,200,,Aggregated,89.800000,0.000000,8,13,20,50,190,310,670,1200,16000,17000,18000,40472,0,8,120.91695344233293,2.77425999956904,17887.95581299928,5718.925207550899
1783444780,200,,Aggregated,91.200000,0.000000,8,13,20,50,190,310,670,1200,16000,17000,18000,40574,0,8,120.67349557781144,2.77425999956904,17887.95581299928,5717.956129541086
1783444781,200,,Aggregated,88.900000,0.000000,8,13,20,50,190,310,670,1200,16000,17000,18000,40655,0,8,120.48976781326091,2.77425999956904,17887.95581299928,5717.772500307466
1783444782,200,,Aggregated,90.300000,0.000000,8,13,20,49,190,310,670,1200,16000,17000,18000,40751,0,8,120.24684783190862,2.77425999956904,17887.95581299928,5720.5173615371405
1783444783,200,,Aggregated,91.700000,0.000000,7,13,20,49,190,310,670,1200,16000,17000,18000,40845,0,7,120.01693303251567,2.77425999956904,17887.95581299928,5720.807491737055
1783444784,200,,Aggregated,88.800000,0.000000,7,13,20,49,190,310,670,1200,16000,17000,18000,40932,0,7,119.88717225491372,2.77425999956904,17887.95581299928,5720.896071533275
1783444785,200,,Aggregated,90.100000,0.000000,7,13,20,49,190,310,670,1200,16000,17000,18000,41025,0,7,119.65219976322034,2.77425999956904,17887.95581299928,5722.480999390616
1783444786,200,,Aggregated,91.000000,0.000000,7,13,20,49,190,310,670,1200,16000,17000,18000,41114,0,7,119.52607608048635,2.77425999956904,17887.95581299928,5721.504086199348
1783444787,200,,Aggregated,89.600000,0.000000,7,13,20,49,190,310,670,1200,16000,17000,18000,41204,0,7,119.33475723085456,2.77425999956904,17887.95581299928,5720.125400446558
1783444788,200,,Aggregated,90.300000,0.000000,7,13,20,49,190,310,670,1200,16000,17000,18000,41295,0,7,119.18168947628337,2.77425999956904,17887.95581299928,5721.953723211042
1783444789,200,,Aggregated,90.900000,0.000000,7,13,20,48,190,310,670,1200,16000,17000,18000,41395,0,7,118.9871945859433,2.77425999956904,17887.95581299928,5721.603188790917
1783444790,200,,Aggregated,89.900000,0.000000,7,13,20,48,190,310,670,1200,16000,17000,18000,41486,0,7,118.81436737617764,2.77425999956904,17887.95581299928,5717.415706503399
1783444791,200,,Aggregated,91.600000,0.000000,7,13,20,48,190,310,670,1200,16000,17000,18000,41577,0,7,118.60101505974777,2.77425999956904,17887.95581299928,5717.762224306708
1783444792,200,,Aggregated,90.700000,0.000000,7,13,20,48,190,310,660,1200,16000,17000,18000,41661,0,7,118.44448846062562,2.77425999956904,17887.95581299928,5716.694654473008
1783444793,200,,Aggregated,89.800000,0.000000,7,13,20,48,190,310,660,1200,16000,17000,18000,41765,0,7,118.24526129168196,2.77425999956904,17887.95581299928,5715.571746677841
1783444794,200,,Aggregated,91.700000,0.000000,7,13,20,48,190,310,660,1200,16000,17000,18000,41848,0,7,118.05162681597909,2.77425999956904,17887.95581299928,5714.622873255592
1783444795,200,,Aggregated,91.000000,0.000000,7,13,20,48,190,310,660,1200,16000,17000,18000,41947,0,7,117.84070623417868,2.77425999956904,17887.95581299928,5718.076835053758
1783444796,200,,Aggregated,90.600000,0.000000,7,13,20,47,190,310,660,1200,16000,17000,18000,42035,0,7,117.61989005336245,2.77425999956904,17887.95581299928,5718.124015701202
1783444797,200,,Aggregated,92.100000,0.000000,7,13,20,47,190,310,660,1200,16000,17000,18000,42128,0,7,117.40345969661713,2.77425999956904,17887.95581299928,5720.296548613748
1783444798,200,,Aggregated,92.300000,0.000000,7,13,20,48,190,310,660,1200,16000,17000,18000,42226,0,7,117.2522039573034,2.77425999956904,17887.95581299928,5719.187183252025
1783444799,200,,Aggregated,91.000000,0.000000,7,13,20,48,190,300,660,1200,16000,17000,18000,42312,0,7,117.06749194611703,2.77425999956904,17887.95581299928,5715.939118926073
1783444800,200,,Aggregated,92.400000,0.000000,7,13,20,47,190,300,660,1200,16000,17000,18000,42397,0,7,116.87202011012874,2.77425999956904,17887.95581299928,5717.203410618676
1783444801,200,,Aggregated,91.800000,0.000000,7,13,20,47,190,300,650,1200,16000,17000,18000,42502,0,7,116.63632430227088,2.77425999956904,17887.95581299928,5715.97802456355
1783444802,200,,Aggregated,91.100000,0.000000,7,13,20,47,190,300,650,1200,16000,17000,18000,42585,0,7,116.45279355900277,2.77425999956904,17887.95581299928,5717.844851473524
1783444803,200,,Aggregated,90.600000,0.000000,7,13,20,47,190,300,650,1200,16000,17000,18000,42674,0,7,116.27623973890712,2.77425999956904,17887.95581299928,5716.275694802456
1783444804,200,,Aggregated,91.800000,0.000000,7,13,20,47,190,300,650,1200,16000,17000,18000,42783,0,7,116.04342812580086,2.77425999956904,17887.95581299928,5712.674403384522
1783444805,200,,Aggregated,90.700000,0.000000,7,13,20,47,190,300,650,1200,16000,17000,18000,42856,0,7,115.87957415085793,2.77425999956904,17887.95581299928,5713.305371476573
1783444806,200,,Aggregated,91.000000,0.000000,7,13,20,47,190,300,650,1200,16000,17000,18000,42955,0,7,115.64665881979238,2.77425999956904,17887.95581299928,5713.4640204865555
1783444807,200,,Aggregated,91.300000,0.000000,7,13,20,47,190,300,650,1200,16000,17000,18000,43044,0,7,115.45943678986998,2.77425999956904,17887.95581299928,5714.652030480439
1783444808,200,,Aggregated,90.400000,0.000000,7,13,20,47,190,300,650,1200,16000,17000,18000,43147,0,7,115.2652249908949,2.77425999956904,17887.95581299928,5712.478805015412
1783444809,200,,Aggregated,91.500000,0.000000,7,12,20,47,190,300,640,1200,16000,17000,18000,43225,0,7,115.09002195810648,2.77425999956904,17887.95581299928,5711.7203470214
1783444810,200,,Aggregated,90.400000,0.000000,7,12,20,46,180,300,640,1200,16000,17000,18000,43315,0,7,114.90587124183654,2.77425999956904,17887.95581299928,5709.935057139559
1783444811,200,,Aggregated,91.000000,0.000000,7,12,20,46,180,300,640,1200,16000,17000,18000,43423,0,7,114.67117344907376,2.77425999956904,17887.95581299928,5708.761117380191
1783444812,200,,Aggregated,90.400000,0.000000,7,12,20,46,180,300,640,1200,16000,17000,18000,43497,0,7,114.50287072800728,2.77425999956904,17887.95581299928,5711.564751592064
1783444813,200,,Aggregated,91.600000,0.000000,7,12,20,46,180,300,640,1200,16000,17000,18000,43604,0,7,114.26080088854586,2.77425999956904,17887.95581299928,5708.500344005137
1783444814,200,,Aggregated,91.100000,0.000000,7,12,19,46,180,300,640,1200,16000,17000,18000,43693,0,7,114.0587350254536,2.77425999956904,17887.95581299928,5710.986222049299
1783444815,200,,Aggregated,90.800000,0.000000,7,12,19,46,180,300,630,1200,16000,17000,18000,43785,0,7,113.86211463385065,2.77425999956904,17887.95581299928,5709.619778462944
1783444816,200,,Aggregated,91.800000,0.000000,7,12,19,45,180,300,630,1200,16000,17000,18000,43886,0,7,113.6894372610432,2.77425999956904,17887.95581299928,5708.705555302375
1783444817,200,,Aggregated,90.700000,0.000000,7,12,19,45,180,300,630,1200,16000,17000,18000,43976,0,7,113.50248355860326,2.77425999956904,17887.95581299928,5709.932213025287
1783444818,200,,Aggregated,91.800000,0.000000,7,12,19,45,180,300,630,1200,16000,17000,18000,44075,0,7,113.32390989402401,2.77425999956904,17887.95581299928,5708.1307543959165
1783444819,200,,Aggregated,91.600000,0.000000,7,12,19,45,180,300,630,1200,16000,17000,18000,44159,0,7,113.18325963233116,2.77425999956904,17887.95581299928,5709.148101179828
1783444820,200,,Aggregated,92.600000,0.000000,7,12,19,45,180,300,630,1200,16000,17000,18000,44243,0,7,113.00686540845132,2.77425999956904,17887.95581299928,5710.7570011075195
1783444821,200,,Aggregated,92.300000,0.000000,7,12,19,45,180,300,630,1200,16000,17000,18000,44338,0,7,112.80570082755432,2.77425999956904,17887.95581299928,5712.953268077044
1783444822,200,,Aggregated,92.800000,0.000000,7,12,19,45,180,300,620,1200,16000,17000,18000,44427,0,7,112.6349063737841,2.77425999956904,17887.95581299928,5711.472978143922
1783444823,200,,Aggregated,91.900000,0.000000,7,12,19,45,180,300,620,1100,16000,17000,18000,44527,0,7,112.44858561396723,2.77425999956904,17887.95581299928,5709.792979540503
1783444824,200,,Aggregated,90.700000,0.000000,7,12,19,45,180,300,620,1100,16000,17000,18000,44622,0,7,112.26546491199719,2.77425999956904,17887.95581299928,5707.611133521581
1783444826,200,,Aggregated,91.500000,0.000000,7,12,20,47,180,300,620,1100,16000,17000,18000,44768,0,7,112.60826237560624,2.77425999956904,17887.95581299928,5705.940180486062
1783444827,200,,Aggregated,91.600000,0.000000,7,12,20,46,180,300,620,1100,16000,17000,18000,44844,0,7,112.45673894757704,2.77425999956904,17887.95581299928,5706.2924137008295
1783444828,200,,Aggregated,82.900000,0.000000,7,12,20,46,180,300,620,1100,16000,17000,18000,44937,0,7,112.28270688675545,2.77425999956904,17887.95581299928,5705.211785388433
1783444829,200,,Aggregated,89.000000,0.000000,7,12,20,46,180,300,620,1100,16000,17000,18000,45032,0,7,112.08714873232606,2.77425999956904,17887.95581299928,5706.695261147628
1783444830,200,,Aggregated,87.600000,0.000000,7,12,20,46,180,300,620,1100,16000,17000,18000,45128,0,7,111.89704313905152,2.77425999956904,17887.95581299928,5707.927140577912
1783444831,200,,Aggregated,88.400000,0.000000,7,12,19,46,180,300,620,1100,16000,17000,18000,45229,0,7,111.69719370673944,2.77425999956904,17887.95581299928,5707.700833536006
1783444832,200,,Aggregated,88.300000,0.000000,7,12,19,46,180,300,620,1100,16000,17000,18000,45317,0,7,111.51703778229239,2.77425999956904,17887.95581299928,5708.413575479401
1783444833,200,,Aggregated,90.300000,0.000000,7,12,19,46,180,300,620,1100,16000,17000,18000,45409,0,7,111.34361890370072,2.77425999956904,17887.95581299928,5708.229513973001
1783444834,200,,Aggregated,90.700000,0.000000,7,12,19,46,180,300,620,1100,16000,17000,18000,45508,0,7,111.12684216590769,2.77425999956904,17887.95581299928,5708.07192142041
1783444835,200,,Aggregated,90.000000,0.000000,7,12,19,46,180,300,620,1100,16000,17000,18000,45595,0,7,110.94190829308336,2.77425999956904,17887.95581299928,5708.496128961509
1783444836,200,,Aggregated,89.700000,0.000000,7,12,19,45,180,290,610,1100,16000,17000,18000,45686,0,7,110.77387375618581,2.77425999956904,17887.95581299928,5709.039092938756
1783444837,200,,Aggregated,90.000000,0.000000,7,12,19,45,180,290,610,1100,16000,17000,18000,45773,0,7,110.59576974231791,2.77425999956904,17887.95581299928,5709.698927315229
1783444838,200,,Aggregated,98.700000,0.000000,7,12,19,45,180,290,610,1100,16000,17000,18000,45862,0,7,110.41588293249553,2.77425999956904,17887.95581299928,5708.639614495661
1783444839,200,,Aggregated,92.500000,0.000000,7,12,19,45,180,290,610,1100,16000,17000,18000,45953,0,7,110.25876269214366,2.77425999956904,17887.95581299928,5709.032185058647
1783444840,200,,Aggregated,92.200000,0.000000,7,12,19,45,180,290,610,1100,16000,17000,18000,46046,0,7,110.08322899263909,2.77425999956904,17887.95581299928,5711.56482647787
1783444841,200,,Aggregated,91.100000,0.000000,7,12,19,45,180,290,610,1100,16000,17000,18000,46145,0,7,109.91197105929251,2.77425999956904,17887.95581299928,5713.078405027631
1783444842,200,,Aggregated,91.600000,0.000000,7,12,19,45,180,290,610,1100,16000,17000,18000,46233,0,7,109.7512263947839,2.77425999956904,17887.95581299928,5714.488330845933
1783444843,200,,Aggregated,90.600000,0.000000,7,12,19,44,180,290,610,1100,16000,17000,18000,46333,0,7,109.57333645952262,2.77425999956904,17887.95581299928,5714.196404290678
1783444844,200,,Aggregated,90.800000,0.000000,7,12,19,44,180,290,610,1100,16000,17000,18000,46408,0,7,109.43301514105474,2.77425999956904,17887.95581299928,5715.936023961386
1783444845,200,,Aggregated,91.500000,0.000000,7,12,19,44,180,290,610,1100,16000,17000,18000,46502,0,7,109.24976323960442,2.77425999956904,17887.95581299928,5712.709496365747
1783444846,200,,Aggregated,91.300000,0.000000,7,12,19,44,180,290,600,1100,16000,17000,18000,46593,0,7,109.08972464443293,2.77425999956904,17887.95581299928,5711.419419226064
1783444847,200,,Aggregated,89.600000,0.000000,7,12,19,44,180,290,600,1100,16000,17000,18000,46687,0,7,108.92375695617761,2.77425999956904,17887.95581299928,5715.731317068991
1783444848,200,,Aggregated,89.700000,0.000000,7,12,19,44,180,290,600,1100,16000,17000,18000,46776,0,7,108.74996079034266,2.77425999956904,17887.95581299928,5715.291410124851
1783444849,200,,Aggregated,89.900000,0.000000,7,12,19,44,180,290,600,1100,16000,17000,18000,46869,0,7,108.62276934967868,2.77425999956904,17887.95581299928,5716.524461797777
1783444850,200,,Aggregated,91.100000,0.000000,7,12,19,44,180,290,600,1100,16000,17000,18000,46960,0,7,108.51400418594771,2.77425999956904,17887.95581299928,5715.474488926746
1783444851,200,,Aggregated,90.700000,0.000000,7,12,19,44,180,290,600,1100,16000,17000,18000,47051,0,7,108.37342589602986,2.77425999956904,17887.95581299928,5717.46383711292
1783444852,200,,Aggregated,90.800000,0.000000,7,12,19,44,180,290,600,1100,16000,17000,18000,47147,0,7,108.19198055730098,2.77425999956904,17887.95581299928,5716.71868835769
1783444853,200,,Aggregated,90.500000,0.000000,7,12,19,44,180,290,600,1100,16000,17000,18000,47229,0,7,108.04384979656724,2.77425999956904,17887.95581299928,5716.77164454043
1783444854,200,,Aggregated,90.200000,0.000000,7,12,19,43,180,290,600,1100,16000,17000,18000,47337,0,7,107.84564070932024,2.77425999956904,17887.95581299928,5719.6731943300165
1783444855,200,,Aggregated,90.300000,0.000000,7,12,19,43,180,290,590,1100,16000,17000,18000,47426,0,7,107.70160348357655,2.77425999956904,17887.95581299928,5721.326318896808
1783444856,200,,Aggregated,89.500000,0.000000,7,12,19,43,180,290,590,1100,16000,17000,18000,47515,0,7,107.54708171815449,2.77425999956904,17887.95581299928,5723.153277912238
1783444857,200,,Aggregated,92.200000,0.000000,7,12,19,43,180,290,590,1100,16000,17000,18000,47615,0,7,107.37915141745485,2.77425999956904,17887.95581299928,5722.228352409955
1783444858,200,,Aggregated,92.000000,0.000000,7,12,19,43,180,290,590,1100,16000,17000,18000,47700,0,7,107.23499818513841,2.77425999956904,17887.95581299928,5721.263354297694
1783444859,200,,Aggregated,91.400000,0.000000,7,12,19,43,180,290,590,1100,16000,17000,18000,47780,0,7,107.09536737524307,2.77425999956904,17887.95581299928,5721.400418585182
1783444860,200,,Aggregated,91.500000,0.000000,7,12,19,43,180,290,590,1100,16000,17000,18000,47876,0,7,106.93437558992198,2.77425999956904,17887.95581299928,5720.81291252402
1783444861,200,,Aggregated,91.900000,0.000000,7,12,19,43,180,290,590,1100,16000,17000,18000,47963,0,7,106.78532553979333,2.77425999956904,17887.95581299928,5720.9492525488395
1783444862,200,,Aggregated,90.500000,0.000000,7,12,19,43,180,290,590,1100,16000,17000,18000,48061,0,7,106.61677870787334,2.77425999956904,17887.95581299928,5721.542518882254
1783444864,200,,Aggregated,91.200000,0.000000,7,12,18,43,180,290,590,1100,16000,17000,18000,48153,0,7,106.44393044637026,2.77425999956904,17887.95581299928,5722.598903495109
1783444865,200,,Aggregated,91.100000,0.000000,7,12,18,42,180,290,590,1100,16000,17000,18000,48243,0,7,106.29024429623118,2.77425999956904,17887.95581299928,5722.308811641067
1783444866,200,,Aggregated,91.500000,0.000000,7,12,18,42,180,280,590,1100,16000,17000,18000,48327,0,7,106.15069263432639,2.77425999956904,17887.95581299928,5724.84878018499
1783444867,200,,Aggregated,90.200000,0.000000,7,12,18,42,180,280,590,1100,16000,17000,18000,48425,0,7,106.0032926436984,2.77425999956904,17887.95581299928,5722.6611874032005
1783444868,200,,Aggregated,89.300000,0.000000,7,12,18,42,180,280,590,1100,16000,17000,18000,48521,0,7,105.85081131774062,2.77425999956904,17887.95581299928,5723.59137280765
1783444869,200,,Aggregated,90.500000,0.000000,7,12,18,42,180,280,580,1100,16000,17000,18000,48616,0,7,105.68568829570702,2.77425999956904,17887.95581299928,5723.675189238111
1783444870,200,,Aggregated,90.200000,0.000000,7,12,18,42,180,280,580,1100,16000,17000,18000,48709,0,7,105.53246974820017,2.77425999956904,17887.95581299928,5723.214662588022
1783444871,200,,Aggregated,90.600000,0.000000,7,12,18,42,180,280,580,1100,16000,17000,18000,48805,0,7,105.39822551908834,2.77425999956904,17887.95581299928,5724.700133183075
1783444872,200,,Aggregated,92.100000,0.000000,7,12,18,42,180,280,580,1100,16000,17000,18000,48902,0,7,105.25098034234048,2.77425999956904,17887.95581299928,5725.328718661814
1783444873,200,,Aggregated,92.200000,0.000000,7,12,18,42,180,280,580,1100,16000,17000,18000,49003,0,7,105.09052542362959,2.77425999956904,17887.95581299928,5727.912923698549
1783444874,200,,Aggregated,93.200000,0.000000,7,12,18,42,180,280,580,1100,16000,17000,18000,49093,0,7,104.95030737199005,2.77425999956904,17887.95581299928,5725.987554233801
1783444875,200,,Aggregated,93.600000,0.000000,7,12,18,42,180,280,580,1100,16000,17000,18000,49180,0,7,104.85208098070619,2.77425999956904,17887.95581299928,5725.092740951606
1783444876,200,,Aggregated,92.800000,0.000000,7,12,18,42,180,280,580,1100,16000,17000,18000,49275,0,7,104.72026980956153,2.77425999956904,17887.95581299928,5723.233871131405
1783444877,200,,Aggregated,93.000000,0.000000,7,12,18,42,170,280,580,1100,16000,17000,18000,49372,0,7,104.5708732599481,2.77425999956904,17887.95581299928,5721.934193469983
1783444878,200,,Aggregated,93.700000,0.000000,7,12,18,41,170,280,580,1100,16000,17000,18000,49463,0,7,104.42910948578036,2.77425999956904,17887.95581299928,5723.690677880436
1783444879,200,,Aggregated,93.700000,0.000000,7,12,18,41,170,280,580,1100,16000,17000,18000,49549,0,7,104.30587094052676,2.77425999956904,17887.95581299928,5723.218531150982
1783444880,200,,Aggregated,93.100000,0.000000,7,12,18,41,170,280,580,1000,16000,17000,18000,49644,0,7,104.15595499391998,2.77425999956904,17887.95581299928,5724.922770123278
1783444881,200,,Aggregated,92.500000,0.000000,7,12,18,41,170,280,580,1000,16000,17000,18000,49738,0,7,104.00489037593363,2.77425999956904,17887.95581299928,5726.340102135188
1783444882,200,,Aggregated,92.800000,0.000000,7,12,18,41,170,280,570,1000,16000,17000,18000,49828,0,7,103.86554730037689,2.77425999956904,17887.95581299928,5725.342859436461
1783444883,200,,Aggregated,92.400000,0.000000,7,12,18,41,170,280,570,1000,16000,17000,18000,49915,0,7,103.7281734210995,2.77425999956904,17887.95581299928,5724.618351197035
1783444884,200,,Aggregated,92.100000,0.000000,7,12,18,41,170,280,570,1000,16000,17000,18000,50015,0,7,103.57071538548769,2.77425999956904,17887.95581299928,5725.394401679496
1783444885,200,,Aggregated,91.100000,0.000000,7,12,18,41,170,280,570,1000,16000,17000,18000,50100,0,7,103.4335716813608,2.77425999956904,17887.95581299928,5725.02
1783444886,200,,Aggregated,91.100000,0.000000,7,12,18,42,170,280,570,1000,16000,17000,18000,50241,0,7,103.51416548178132,2.77425999956904,17887.95581299928,5725.004179853108
1783444887,200,,Aggregated,91.200000,0.000000,7,12,18,42,170,280,570,1000,16000,17000,18000,50324,0,7,103.42897083761615,2.77425999956904,17887.95581299928,5724.418488196487
1783444888,200,,Aggregated,87.200000,0.000000,7,12,18,42,170,280,570,1000,16000,17000,18000,50404,0,7,103.35013154105202,2.77425999956904,17887.95581299928,5725.386913737005
1783444889,200,,Aggregated,89.600000,0.000000,7,12,18,42,170,280,570,1000,16000,17000,18000,50499,0,7,103.2383747478397,2.77425999956904,17887.95581299928,5724.839580981801
1783444890,200,,Aggregated,88.200000,0.000000,7,12,18,42,170,280,570,1000,16000,17000,18000,50597,0,7,103.11724758003778,2.77425999956904,17887.95581299928,5727.129197383244
1783444891,200,,Aggregated,89.400000,0.000000,7,12,18,42,170,280,570,1000,16000,17000,18000,50683,0,7,102.98674383681241,2.77425999956904,17887.95581299928,5727.2660260836965
1783444892,200,,Aggregated,88.400000,0.000000,7,12,18,42,170,280,570,1000,16000,17000,18000,50780,0,7,102.85817818084192,2.77425999956904,17887.95581299928,5730.070066955494
1783444893,200,,Aggregated,88.500000,0.000000,7,12,18,42,170,280,570,1000,16000,17000,18000,50881,0,7,102.72549046713223,2.77425999956904,17887.95581299928,5733.161730311905
1783444894,200,,Aggregated,87.700000,0.000000,7,12,18,42,170,280,560,1000,16000,17000,18000,50967,0,7,102.59368752546067,2.77425999956904,17887.95581299928,5732.989816940373
1783444895,200,,Aggregated,88.000000,0.000000,7,12,18,42,170,280,560,1000,16000,17000,18000,51045,0,7,102.50333944112391,2.77425999956904,17887.95581299928,5733.14859437751
1783444896,200,,Aggregated,89.900000,0.000000,7,12,18,42,170,280,560,1000,16000,17000,18000,51146,0,7,102.39422784489857,2.77425999956904,17887.95581299928,5732.532768935987
1783444897,200,,Aggregated,88.500000,0.000000,7,12,18,42,170,280,560,1000,16000,17000,18000,51228,0,7,102.2636371602286,2.77425999956904,17887.95581299928,5732.186031076755
1783444898,200,,Aggregated,92.300000,0.000000,7,12,18,42,170,280,560,1000,16000,17000,18000,51323,0,7,102.15874129092609,2.77425999956904,17887.95581299928,5732.702160824581
1783444899,200,,Aggregated,89.200000,0.000000,7,12,18,42,170,280,560,1000,16000,17000,18000,51407,0,7,102.09720309837623,2.77425999956904,17887.95581299928,5732.42830742895
1783444900,200,,Aggregated,90.000000,0.000000,7,12,18,42,170,280,560,1000,16000,17000,18000,51506,0,7,102.00587702955434,2.77425999956904,17887.95581299928,5732.5131829301445
1783444901,200,,Aggregated,89.700000,0.000000,7,12,18,42,170,280,560,1000,16000,17000,18000,51594,0,7,101.88455024137009,2.77425999956904,17887.95581299928,5732.215819668953
1783444902,200,,Aggregated,90.100000,0.000000,7,12,18,42,170,280,560,1000,16000,17000,18000,51693,0,7,101.78984663127008,2.77425999956904,17887.95581299928,5731.7163445727665
1783444904,200,,Aggregated,90.200000,0.000000,7,12,18,42,170,280,560,990,16000,17000,18000,51783,0,7,101.65651939864917,2.77425999956904,17887.95581299928,5731.498619237974
1783444905,200,,Aggregated,90.500000,0.000000,7,12,18,42,170,280,560,990,16000,17000,18000,51870,0,7,101.57931951384678,2.77425999956904,17887.95581299928,5731.650048197416
1783444906,200,,Aggregated,89.000000,0.000000,7,12,18,42,170,280,560,980,16000,17000,18000,51971,0,7,101.4812426417854,2.77425999956904,17887.95581299928,5732.506955802274
1783444907,200,,Aggregated,89.700000,0.000000,7,12,18,41,170,280,560,980,16000,17000,18000,52055,0,7,101.34825903556269,2.77425999956904,17887.95581299928,5733.292440687734
1783444908,200,,Aggregated,91.000000,0.000000,7,12,18,41,170,280,560,980,16000,17000,18000,52144,0,7,101.22100454766088,2.77425999956904,17887.95581299928,5733.507747775391
1783444909,200,,Aggregated,90.500000,0.000000,7,12,18,41,170,280,560,980,16000,17000,18000,52229,0,7,101.10093268138863,2.77425999956904,17887.95581299928,5735.187424610848
1783444910,200,,Aggregated,90.900000,0.000000,7,12,18,41,170,280,560,980,16000,17000,18000,52327,0,7,100.95272897582997,2.77425999956904,17887.95581299928,5733.757926118447
1783444911,200,,Aggregated,89.900000,0.000000,7,12,18,41,170,280,560,980,16000,17000,18000,52414,0,7,100.83084383501081,2.77425999956904,17887.95581299928,5736.167016445987
1783444912,200,,Aggregated,90.900000,0.000000,7,12,18,41,170,280,550,980,16000,17000,18000,52507,0,7,100.70291155918743,2.77425999956904,17887.95581299928,5735.784847734588
1783444913,200,,Aggregated,90.200000,0.000000,7,12,18,41,170,280,550,980,16000,17000,18000,52597,0,7,100.57163271544508,2.77425999956904,17887.95581299928,5735.331121546857
1783444914,200,,Aggregated,90.400000,0.000000,7,12,18,41,170,280,550,970,16000,17000,18000,52682,0,7,100.50961291878217,2.77425999956904,17887.95581299928,5736.343988459056
1783444915,200,,Aggregated,89.400000,0.000000,7,12,18,41,170,280,550,970,16000,17000,18000,52777,0,7,100.40297491866303,2.77425999956904,17887.95581299928,5733.692631259829
1783444916,200,,Aggregated,89.500000,0.000000,7,12,18,41,170,280,550,970,16000,17000,18000,52867,0,7,100.26168083663333,2.77425999956904,17887.95581299928,5735.573193107231
1783444917,200,,Aggregated,90.500000,0.000000,7,12,18,41,170,280,550,970,16000,17000,18000,52963,0,7,100.13178387860015,2.77425999956904,17887.95581299928,5735.120914600759
1783444918,200,,Aggregated,88.800000,0.000000,7,12,18,41,170,280,550,960,16000,17000,18000,53049,0,7,100.03541902967625,2.77425999956904,17887.95581299928,5735.89272182322
1783444919,200,,Aggregated,89.400000,0.000000,7,12,18,41,170,270,550,960,16000,17000,18000,53150,0,7,99.91637425573424,2.77425999956904,17887.95581299928,5735.861204139229
1783444920,200,,Aggregated,90.000000,0.000000,7,12,18,41,170,270,550,960,16000,17000,18000,53245,0,7,99.77966594901443,2.77425999956904,17887.95581299928,5736.465452155132
1783444921,200,,Aggregated,91.200000,0.000000,7,12,18,41,170,270,550,950,16000,17000,18000,53375,0,7,99.8086941165207,2.77425999956904,17887.95581299928,5734.919213114754
