Timestamp,User Count,Type,Name,Requests/s,Failures/s,50%,66%,75%,80%,90%,95%,98%,99%,99.9%,99.99%,100%,Total Request Count,Total Failure Count,Total Median Response Time,Total Average Response Time,Total Min Response Time,Total Max Response Time,Total Average Content Size
1783443123,0,,Aggregated,0.000000,0.000000,N/A,N/A,N/A,N/A,N/A,N/A,N/A,N/A,N/A,N/A,N/A,0,0,0,0.0,0,0,0
1783443124,50,,Aggregated,0.000000,0.000000,880,880,880,880,880,880,880,880,880,880,880,2,0,88.36462900217157,482.9783445002249,88.36462900217157,877.5920599982783,736.5
1783443125,50,,Aggregated,0.000000,0.000000,75,100,110,880,1500,1800,1800,1800,1800,1800,1800,19,0,75,342.484481210321,23.977124998054933,1799.7854929999448,3420.7368421052633
1783443126,50,,Aggregated,0.000000,0.000000,50,88,110,1500,2800,2900,3000,3000,3000,3000,3000,50,0,50,584.9269185999583,23.75774900065153,2968.826710999565,2954.92
1783443127,50,,Aggregated,2.500000,0.000000,60,88,170,2300,3800,3900,3900,3900,4000,4000,4000,122,0,58,828.7811636230009,8.432272999925772,3961.0125469989725,3654.9754098360654
1783443128,50,,Aggregated,7.333333,0.000000,86,130,150,180,3800,4000,4000,4100,4200,4200,4200,317,0,86,628.2040016372626,7.829625999875134,4153.0730510021385,6553.01261829653
1783443129,50,,Aggregated,15.000000,0.000000,82,120,150,170,3700,4000,4000,4100,4200,4200,4200,334,0,82,596.6198695718986,3.8433539994002786,4153.0730510021385,6635.835329341317
1783443130,50,,Aggregated,41.000000,0.000000,80,110,140,160,3700,4000,4000,4100,4200,4200,4200,353,0,80,565.7972025552953,3.8433539994002786,4153.0730510021385,6542.150141643059
1783443131,50,,Aggregated,53.000000,0.000000,76,110,140,160,3700,4000,4000,4100,4200,4200,4200,380,0,76,527.7507250684721,3.8433539994002786,4153.0730510021385,6596.065789473684
1783443133,50,,Aggregated,48.428571,0.000000,70,100,130,150,2900,4000,4000,4000,4200,4200,4200,411,0,70,489.0644495304589,3.5291289968881756,4153.0730510021385,6432.576642335766
1783443134,50,,Aggregated,42.222222,0.000000,66,94,130,150,2800,3900,4000,4000,4200,4200,4200,436,0,64,461.5511109977387,3.5291289968881756,4153.0730510021385,6409.626146788991
1783443135,50,,Aggregated,41.100000,0.000000,60,92,120,140,2100,3900,4000,4000,4200,4200,4200,457,0,60,441.0121094661406,3.5291289968881756,4153.0730510021385,6345.29102844639
1783443136,50,,Aggregated,43.400000,0.000000,56,88,120,140,1400,3900,4000,4000,4200,4200,4200,481,0,56,419.5713172890377,3.262588998040883,4153.0730510021385,6260.507276507276
1783443137,50,,Aggregated,45.100000,0.000000,52,86,110,130,880,3900,4000,4000,4200,4200,4200,499,0,52,404.94106714433514,3.262588998040883,4153.0730510021385,6254.895791583166
1783443138,50,,Aggregated,45.700000,0.000000,48,80,100,130,220,3900,4000,4000,4200,4200,4200,530,0,47,381.8158222094699,3.262588998040883,4153.0730510021385,6171.058490566038
1783443139,50,,Aggregated,45.700000,0.000000,46,78,100,130,210,3800,4000,4000,4200,4200,4200,547,0,46,370.4207955941845,3.2467290002387017,4153.0730510021385,6197.595978062157
1783443140,50,,Aggregated,43.800000,0.000000,41,76,98,120,200,3800,4000,4000,4200,4200,4200,565,0,41,359.016727054913,3.2467290002387017,4153.0730510021385,6091.481415929204
1783443141,50,,Aggregated,22.900000,0.000000,39,75,95,120,190,3800,4000,4000,4200,4200,4200,596,0,39,341.3201288373095,3.2467290002387017,4153.0730510021385,6106.125838926175
1783443142,50,,Aggregated,22.600000,0.000000,37,71,93,110,180,3800,4000,4000,4200,4200,4200,621,0,37,327.81802484708567,3.2467290002387017,4153.0730510021385,6128.964573268921
1783443143,50,,Aggregated,23.100000,0.000000,33,69,91,110,170,3800,4000,4000,4200,4200,4200,642,0,32,317.4998701496041,3.2467290002387017,4153.0730510021385,6034.023364485981
1783443144,50,,Aggregated,23.900000,0.000000,29,67,88,110,170,3700,4000,4000,4200,4200,4200,671,0,29,304.72861348143596,3.1998390004446264,4153.0730510021385,6117.803278688524
1783443145,50,,Aggregated,22.800000,0.000000,25,66,88,100,170,3700,4000,4000,4200,4200,4200,684,0,24,299.142545823157,3.1283569987863302,4153.0730510021385,6155.526315789473
1783443146,50,,Aggregated,22.800000,0.000000,22,62,86,100,160,3700,4000,4000,4200,4200,4200,709,0,22,289.38257297465583,3.1283569987863302,4153.0730510021385,6109.046544428773
1783443147,50,,Aggregated,22.500000,0.000000,17,60,82,98,160,3700,4000,4000,4200,4200,4200,731,0,17,281.1336094870585,3.1283569987863302,4153.0730510021385,6044.11901504788
1783443148,50,,Aggregated,23.000000,0.000000,17,60,82,96,160,3700,4000,4000,4200,4200,4200,757,0,17,272.59563038051647,3.1283569987863302,4153.0730510021385,6039.733157199472
1783443149,50,,Aggregated,23.100000,0.000000,15,58,80,95,150,2900,4000,4000,4200,4200,4200,782,0,15,264.3951507187412,3.1283569987863302,4153.0730510021385,5978.675191815857
1783443150,50,,Aggregated,22.800000,0.000000,14,56,79,94,150,2900,4000,4000,4200,4200,4200,803,0,14,257.97164208351444,3.1283569987863302,4153.0730510021385,6076.819427148194
1783443151,50,,Aggregated,23.400000,0.000000,14,54,77,93,150,2900,4000,4000,4200,4200,4200,822,0,13,252.50701871782815,3.1283569987863302,4153.0730510021385,6116.805352798054
1783443152,50,,Aggregated,23.400000,0.000000,13,52,76,92,150,2800,4000,4000,4200,4200,4200,847,0,13,245.40451852545095,3.1283569987863302,4153.0730510021385,6120.540731995277
1783443153,50,,Aggregated,22.400000,0.000000,12,50,75,90,150,2800,4000,4000,4200,4200,4200,870,0,12,239.27427077248268,3.1283569987863302,4153.0730510021385,6130.632183908046
1783443154,50,,Aggregated,22.800000,0.000000,12,50,75,90,150,2300,4000,4000,4200,4200,4200,888,0,12,235.17390786267381,3.1283569987863302,4153.0730510021385,6156.853603603604
1783443155,50,,Aggregated,23.000000,0.000000,12,48,74,88,150,2100,4000,4000,4200,4200,4200,913,0,12,229.00837997048956,3.1283569987863302,4153.0730510021385,6183.446878422782
1783443156,50,,Aggregated,21.700000,0.000000,12,47,73,87,140,1800,4000,4000,4200,4200,4200,935,0,12,224.00009905994372,3.1283569987863302,4153.0730510021385,6168.891978609626
1783443157,50,,Aggregated,22.700000,0.000000,12,45,71,86,140,1500,4000,4000,4200,4200,4200,953,0,12,220.0223341773808,3.1283569987863302,4153.0730510021385,6246.754459601259
1783443158,50,,Aggregated,22.400000,0.000000,12,41,71,86,140,880,4000,4000,4200,4200,4200,983,0,12,214.37249976098278,3.1283569987863302,4153.0730510021385,6275.857578840285
1783443159,50,,Aggregated,22.200000,0.000000,11,40,70,84,140,260,4000,4000,4100,4200,4200,1001,0,11,210.71246445559314,3.1283569987863302,4153.0730510021385,6305.535464535465
1783443160,50,,Aggregated,22.500000,0.000000,11,39,69,82,140,250,4000,4000,4100,4200,4200,1022,0,11,206.6481110489638,3.1283569987863302,4153.0730510021385,6278.316046966732
1783443161,50,,Aggregated,21.500000,0.000000,11,38,68,82,140,230,4000,4000,4100,4200,4200,1050,0,11,201.77545051242174,3.1283569987863302,4153.0730510021385,6222.888571428572
1783443162,50,,Aggregated,22.100000,0.000000,11,38,67,80,140,220,3900,4000,4100,4200,4200,1072,0,11,198.2927913526537,3.1283569987863302,4153.0730510021385,6237.833022388059
1783443163,50,,Aggregated,22.600000,0.000000,11,37,67,81,140,220,3900,4000,4100,4200,4200,1098,0,11,194.77291771133585,3.1283569987863302,4153.0730510021385,6181.157559198543
1783443164,50,,Aggregated,22.100000,0.000000,11,35,67,80,140,220,3900,4000,4100,4200,4200,1124,0,11,190.58610517174372,2.9571489976660814,4153.0730510021385,6164.537366548043
1783443165,50,,Aggregated,22.400000,0.000000,11,34,66,80,140,210,3900,4000,4100,4200,4200,1144,0,11,187.53270193884146,2.9571489976660814,4153.0730510021385,6144.692307692308
1783443166,50,,Aggregated,23.300000,0.000000,11,32,64,79,140,210,3900,4000,4100,4200,4200,1170,0,11,184.00951391712834,2.9571489976660814,4153.0730510021385,6149.647863247863
1783443167,50,,Aggregated,23.300000,0.000000,11,30,62,77,140,210,3900,4000,4100,4200,4200,1194,0,11,180.5750772563011,2.9571489976660814,4153.0730510021385,6154.380234505863
1783443168,50,,Aggregated,23.400000,0.000000,11,29,62,77,140,200,3900,4000,4100,4200,4200,1215,0,11,177.99201011031025,2.9571489976660814,4153.0730510021385,6135.895473251029
1783443169,50,,Aggregated,23.800000,0.000000,11,28,62,77,140,200,3900,4000,4100,4200,4200,1240,0,11,174.80063897260004,2.9571489976660814,4153.0730510021385,6120.976612903226
1783443170,50,,Aggregated,23.100000,0.000000,10,24,60,76,130,190,3900,4000,4100,4200,4200,1263,0,10,171.87413092162973,2.9571489976660814,4153.0730510021385,6106.274742676168
1783443171,50,,Aggregated,24.000000,0.000000,10,23,59,76,130,190,3900,4000,4100,4200,4200,1287,0,10,169.06295681508917,2.9571489976660814,4153.0730510021385,6086.845376845376
1783443172,50,,Aggregated,23.700000,0.000000,10,21,58,75,130,190,3900,4000,4100,4200,4200,1309,0,10,166.42665032393165,2.9571489976660814,4153.0730510021385,6083.954163483575
1783443173,50,,Aggregated,23.800000,0.000000,10,18,57,75,130,190,3900,4000,4100,4200,4200,1328,0,10,164.2960361265309,2.9571489976660814,4153.0730510021385,6130.451054216867
1783443174,50,,Aggregated,23.900000,0.000000,10,17,57,75,130,180,3800,4000,4100,4200,4200,1354,0,10,161.49113479100157,2.9571489976660814,4153.0730510021385,6141.87223042836
1783443175,50,,Aggregated,23.200000,0.000000,9,17,56,74,130,180,3800,4000,4100,4200,4200,1377,0,9,159.05079897023384,2.9571489976660814,4153.0730510021385,6104.366013071895
1783443176,50,,Aggregated,22.800000,0.000000,9,16,55,73,130,180,3800,4000,4100,4200,4200,1396,0,9,157.02710600144096,2.9571489976660814,4153.0730510021385,6093.938395415473
1783443177,50,,Aggregated,23.500000,0.000000,8,16,54,72,130,170,3800,4000,4100,4200,4200,1422,0,8,154.54440439381113,2.9571489976660814,4153.0730510021385,6062.560478199719
1783443178,50,,Aggregated,22.500000,0.000000,8,15,53,72,130,170,3800,4000,4100,4200,4200,1442,0,8,152.58844342233073,2.9571489976660814,4153.0730510021385,6101.415395284327
1783443179,50,,Aggregated,23.000000,0.000000,8,15,52,71,120,170,3800,4000,4100,4200,4200,1467,0,8,150.18370025902325,2.9571489976660814,4153.0730510021385,6069.263803680981
1783443180,50,,Aggregated,22.900000,0.000000,8,15,52,70,120,170,3800,4000,4100,4200,4200,1483,0,8,148.71773841805307,2.9571489976660814,4153.0730510021385,6065.672285906945
1783443181,50,,Aggregated,22.500000,0.000000,8,14,50,69,120,170,3800,4000,4100,4200,4200,1510,0,8,146.1582556887296,2.9571489976660814,4153.0730510021385,6062.999337748344
1783443182,50,,Aggregated,22.300000,0.000000,8,14,50,69,120,170,3800,4000,4100,4200,4200,1530,0,8,144.5672000392103,2.9571489976660814,4153.0730510021385,6050.160130718954
1783443183,50,,Aggregated,22.100000,0.000000,8,14,49,68,120,170,3800,4000,4100,4200,4200,1548,0,8,142.99985782880438,2.9571489976660814,4153.0730510021385,6040.540051679586
1783443184,50,,Aggregated,22.000000,0.000000,8,14,49,68,120,170,3800,4000,4100,4200,4200,1572,0,8,141.23984990202945,2.9571489976660814,4153.0730510021385,6014.797073791348
1783443185,50,,Aggregated,22.000000,0.000000,8,14,49,68,120,160,3800,4000,4100,4200,4200,1594,0,8,139.65396699999087,2.9571489976660814,4153.0730510021385,5998.214554579674
1783443186,50,,Aggregated,22.100000,0.000000,7,13,48,67,120,160,3800,4000,4100,4200,4200,1617,0,7,137.86499437229094,2.9571489976660814,4153.0730510021385,6008.0383426097715
1783443187,50,,Aggregated,21.500000,0.000000,7,13,48,67,120,160,3800,4000,4100,4200,4200,1642,0,7,136.35606903349387,2.9571489976660814,4153.0730510021385,5989.351400730816
1783443188,50,,Aggregated,21.500000,0.000000,7,13,47,67,120,160,3700,4000,4100,4200,4200,1665,0,7,134.77854548828537,2.9571489976660814,4153.0730510021385,5959.24024024024
1783443189,50,,Aggregated,22.100000,0.000000,7,13,47,67,120,160,3700,4000,4100,4200,4200,1684,0,7,133.47984911816982,2.9571489976660814,4153.0730510021385,5958.372327790974
1783443190,50,,Aggregated,22.500000,0.000000,7,13,46,67,110,160,3700,4000,4100,4200,4200,1708,0,7,131.85153605737966,2.9571489976660814,4153.0730510021385,5968.830796252927
1783443191,50,,Aggregated,22.100000,0.000000,7,13,45,67,110,160,3700,4000,4100,4200,4200,1731,0,7,130.34966638590961,2.9571489976660814,4153.0730510021385,5983.57712305026
1783443192,50,,Aggregated,22.300000,0.000000,7,13,44,66,110,160,3700,4000,4100,4200,4200,1752,0,7,129.01166308961885,2.9571489976660814,4153.0730510021385,5979.695205479452
1783443193,50,,Aggregated,22.000000,0.000000,7,13,41,66,110,160,3700,4000,4100,4200,4200,1768,0,7,127.94550096493174,2.9571489976660814,4153.0730510021385,5977.657239819005
1783443194,50,,Aggregated,22.100000,0.000000,7,13,40,64,110,160,3700,4000,4100,4200,4200,1799,0,7,125.99078584657994,2.9571489976660814,4153.0730510021385,5971.049471928849
1783443195,50,,Aggregated,21.700000,0.000000,7,13,40,64,110,160,3700,4000,4100,4200,4200,1817,0,7,125.00589080737252,2.9571489976660814,4153.0730510021385,5982.805173362685
1783443196,50,,Aggregated,22.200000,0.000000,7,13,39,63,110,160,3700,4000,4100,4200,4200,1840,0,7,123.54750011738518,2.9571489976660814,4153.0730510021385,5959.429891304348
1783443197,50,,Aggregated,22.400000,0.000000,7,12,39,62,110,160,3700,4000,4100,4200,4200,1860,0,7,122.36494373923716,2.9571489976660814,4153.0730510021385,5952.248924731182
1783443198,50,,Aggregated,22.300000,0.000000,7,12,38,62,110,160,3700,4000,4100,4200,4200,1887,0,7,120.99712696501217,2.9571489976660814,4153.0730510021385,5959.935877053525
1783443199,50,,Aggregated,21.800000,0.000000,7,12,38,61,100,160,3000,4000,4100,4200,4200,1908,0,7,119.79789846644155,2.9571489976660814,4153.0730510021385,5974.407756813417
1783443200,50,,Aggregated,21.100000,0.000000,7,12,37,61,100,160,3000,4000,4100,4200,4200,1934,0,7,118.5688628464138,2.9571489976660814,4153.0730510021385,5985.599793174767
1783443201,50,,Aggregated,21.900000,0.000000,7,12,37,60,100,150,2900,4000,4100,4200,4200,1957,0,7,117.30574498056349,2.9571489976660814,4153.0730510021385,5970.419519672969
1783443202,50,,Aggregated,21.500000,0.000000,7,12,36,59,100,150,2900,4000,4100,4200,4200,1978,0,7,116.21202697268264,2.9571489976660814,4153.0730510021385,5975.117290192114
1783443203,50,,Aggregated,22.400000,0.000000,7,12,35,59,100,150,2900,4000,4100,4200,4200,2006,0,7,114.84773757674866,2.9571489976660814,4153.0730510021385,5951.742771684945
1783443204,50,,Aggregated,22.100000,0.000000,7,12,35,58,100,150,2900,4000,4100,4200,4200,2026,0,7,113.8297039056997,2.9571489976660814,4153.0730510021385,5952.385488647581
1783443205,50,,Aggregated,23.000000,0.000000,7,12,34,57,100,150,2900,4000,4100,4200,4200,2053,0,7,112.55439661419992,2.9571489976660814,4153.0730510021385,5970.173404773503
1783443206,50,,Aggregated,22.500000,0.000000,7,12,34,57,100,150,2900,4000,4100,4200,4200,2072,0,7,111.72747396329522,2.9571489976660814,4153.0730510021385,5968.066602316602
1783443207,50,,Aggregated,22.500000,0.000000,7,12,33,57,100,150,2900,4000,4100,4200,4200,2094,0,7,110.76003907016909,2.9571489976660814,4153.0730510021385,5975.114613180515
1783443208,50,,Aggregated,22.700000,0.000000,7,12,32,56,100,150,2800,3900,4100,4200,4200,2117,0,7,109.75546334620928,2.9571489976660814,4153.0730510021385,5973.121870571564
1783443209,50,,Aggregated,22.800000,0.000000,7,12,31,56,100,150,2800,3900,4100,4200,4200,2140,0,7,108.67205873361013,2.9571489976660814,4153.0730510021385,5950.459345794393
1783443210,50,,Aggregated,23.200000,0.000000,7,12,29,55,100,150,2800,3900,4100,4200,4200,2165,0,7,107.51791248310346,2.9571489976660814,4153.0730510021385,5966.848036951501
1783443211,50,,Aggregated,22.800000,0.000000,7,12,29,55,99,150,2800,3900,4100,4200,4200,2183,0,7,106.7504385029393,2.9571489976660814,4153.0730510021385,5985.009619789281
1783443212,50,,Aggregated,23.100000,0.000000,7,12,29,54,97,150,2300,3900,4100,4200,4200,2217,0,7,105.40007727511686,2.9571489976660814,4153.0730510021385,5986.603067207939
1783443213,50,,Aggregated,22.800000,0.000000,7,12,28,53,96,150,2300,3900,4100,4200,4200,2240,0,7,104.44477711336536,2.9571489976660814,4153.0730510021385,6026.314732142857
1783443214,50,,Aggregated,22.900000,0.000000,7,12,28,53,96,150,2100,3900,4100,4200,4200,2265,0,7,103.5201366551581,2.9571489976660814,4153.0730510021385,6037.6538631346575
1783443215,50,,Aggregated,22.600000,0.000000,7,12,26,52,95,150,2100,3900,4100,4200,4200,2291,0,7,102.58373144432015,2.9571489976660814,4153.0730510021385,6031.628982976866
1783443216,50,,Aggregated,23.200000,0.000000,7,12,26,53,95,140,1800,3900,4100,4200,4200,2310,0,7,101.92997130344138,2.9571489976660814,4153.0730510021385,6015.39696969697
1783443217,50,,Aggregated,23.200000,0.000000,7,12,24,52,95,140,1800,3900,4100,4200,4200,2333,0,7,101.03103434716766,2.9571489976660814,4153.0730510021385,6029.303900557223
1783443218,50,,Aggregated,23.200000,0.000000,7,12,24,52,95,140,1500,3900,4100,4200,4200,2359,0,7,100.16259775580198,2.9571489976660814,4153.0730510021385,5995.690546841882
1783443219,50,,Aggregated,23.200000,0.000000,7,12,23,51,94,140,1500,3900,4100,4200,4200,2382,0,7,99.29065931483048,2.9571489976660814,4153.0730510021385,5964.367758186398
1783443220,50,,Aggregated,23.300000,0.000000,7,12,22,51,94,140,1400,3900,4100,4200,4200,2408,0,7,98.36329136209484,2.9571489976660814,4153.0730510021385,5979.128737541529
1783443221,50,,Aggregated,23.600000,0.000000,7,12,21,50,94,140,1400,3900,4100,4200,4200,2429,0,7,97.60675240589673,2.9571489976660814,4153.0730510021385,5982.2416632359
1783443222,50,,Aggregated,23.600000,0.000000,7,12,20,49,93,140,880,3900,4100,4200,4200,2452,0,7,96.75415043227031,2.9571489976660814,4153.0730510021385,6013.909053833605
1783443223,50,,Aggregated,24.100000,0.000000,7,12,19,49,93,140,880,3900,4100,4200,4200,2474,0,7,96.01953998178195,2.9571489976660814,4153.0730510021385,6009.160468876314
1783443224,50,,Aggregated,23.600000,0.000000,7,12,18,48,93,140,880,3900,4100,4200,4200,2498,0,7,95.29902915008736,2.9571489976660814,4153.0730510021385,6021.881905524419
1783443225,50,,Aggregated,23.600000,0.000000,7,11,17,48,93,140,260,3900,4100,4200,4200,2523,0,7,94.46472135747725,2.9571489976660814,4153.0730510021385,6013.856520015855
1783443226,50,,Aggregated,23.300000,0.000000,7,11,17,47,93,140,260,3900,4100,4200,4200,2543,0,7,93.95792429449993,2.9571489976660814,4153.0730510021385,6022.773495871019
1783443227,50,,Aggregated,23.100000,0.000000,7,11,17,47,92,140,250,3900,4100,4200,4200,2569,0,7,93.19504506536295,2.9571489976660814,4153.0730510021385,6061.5375632541845
1783443228,50,,Aggregated,23.200000,0.000000,7,11,17,47,92,140,250,3900,4100,4200,4200,2588,0,7,92.64835691380078,2.9571489976660814,4153.0730510021385,6073.153400309119
1783443229,50,,Aggregated,22.900000,0.000000,7,11,17,46,92,140,240,3900,4100,4200,4200,2616,0,7,91.77259387458076,2.9571489976660814,4153.0730510021385,6062.000382262997
1783443230,50,,Aggregated,23.000000,0.000000,7,11,17,46,91,140,240,3900,4100,4200,4200,2634,0,7,91.2667483788548,2.9571489976660814,4153.0730510021385,6059.450645406227
1783443231,50,,Aggregated,22.900000,0.000000,6,11,17,46,91,140,230,3900,4100,4200,4200,2658,0,6,90.63238671967927,2.9571489976660814,4153.0730510021385,6042.2001504890895
1783443233,50,,Aggregated,22.600000,0.000000,6,11,17,46,91,140,240,3900,4100,4200,4200,2691,0,6,90.01353533925072,2.9571489976660814,4153.0730510021385,6039.982162764772
1783443234,50,,Aggregated,22.400000,0.000000,6,11,17,46,92,140,230,3800,4100,4200,4200,2709,0,6,89.57217926870906,2.9571489976660814,4153.0730510021385,6033.112956810632
1783443235,50,,Aggregated,23.400000,0.000000,6,11,17,46,91,140,230,3800,4100,4200,4200,2738,0,6,88.75025643021797,2.9571489976660814,4153.0730510021385,6020.569758948137
1783443236,50,,Aggregated,22.700000,0.000000,6,11,16,45,90,140,230,3800,4100,4200,4200,2757,0,6,88.19646206671663,2.9571489976660814,4153.0730510021385,6039.868335146899
1783443237,50,,Aggregated,23.100000,0.000000,6,11,16,44,90,140,230,3800,4100,4200,4200,2778,0,6,87.58158794346346,2.9571489976660814,4153.0730510021385,6055.678545716342
1783443238,50,,Aggregated,22.700000,0.000000,6,11,16,44,90,140,220,3800,4100,4200,4200,2806,0,6,86.91391363077227,2.9571489976660814,4153.0730510021385,6041.290092658589
1783443239,50,,Aggregated,22.600000,0.000000,6,11,16,44,90,140,220,3800,4100,4200,4200,2827,0,6,86.39531538625462,2.9571489976660814,4153.0730510021385,6033.69508312699
1783443240,50,,Aggregated,22.900000,0.000000,6,11,16,41,90,140,220,3800,4100,4200,4200,2853,0,6,85.7216384608963,2.9571489976660814,4153.0730510021385,6047.049071153172
1783443241,50,,Aggregated,22.400000,0.000000,6,11,15,40,89,140,220,3800,4100,4200,4200,2873,0,6,85.17922910578909,2.9571489976660814,4153.0730510021385,6037.105116602854
1783443242,50,,Aggregated,23.100000,0.000000,6,11,15,40,89,140,220,3800,4100,4200,4200,2897,0,6,84.61437854917223,2.9571489976660814,4153.0730510021385,6041.126682775285
1783443243,50,,Aggregated,22.100000,0.000000,6,11,15,40,88,140,220,3800,4100,4200,4200,2914,0,6,84.2051768633988,2.9571489976660814,4153.0730510021385,6043.920041180508
1783443244,50,,Aggregated,23.100000,0.000000,6,11,15,39,88,130,220,3800,4100,4200,4200,2938,0,6,83.5916575340157,2.9571489976660814,4153.0730510021385,6055.000340367597
1783443245,50,,Aggregated,22.400000,0.000000,6,11,15,39,88,130,210,3800,4100,4200,4200,2962,0,6,82.99662082442768,2.9571489976660814,4153.0730510021385,6049.2920324105335
1783443246,50,,Aggregated,22.500000,0.000000,6,11,15,39,87,130,210,3800,4100,4200,4200,2987,0,6,82.42331906961898,2.9571489976660814,4153.0730510021385,6058.171074656846
1783443247,50,,Aggregated,21.400000,0.000000,6,11,15,39,87,130,210,3800,4100,4200,4200,3008,0,6,81.94862823236622,2.9571489976660814,4153.0730510021385,6053.962433510638
1783443248,50,,Aggregated,22.600000,0.000000,6,11,15,39,86,130,210,3800,4100,4200,4200,3032,0,6,81.40527106199279,2.9571489976660814,4153.0730510021385,6048.6721635883905
1783443249,50,,Aggregated,22.700000,0.000000,6,11,14,38,86,130,210,3800,4100,4200,4200,3056,0,6,80.8675150824456,2.9571489976660814,4153.0730510021385,6051.818062827225
1783443250,50,,Aggregated,22.700000,0.000000,6,11,14,38,86,130,210,3800,4100,4200,4200,3075,0,6,80.43315622697412,2.9571489976660814,4153.0730510021385,6067.139837398374
1783443251,50,,Aggregated,23.200000,0.000000,6,11,14,38,85,130,210,3800,4100,4200,4200,3100,0,6,79.9026179748222,2.9571489976660814,4153.0730510021385,6083.470322580645
1783443252,50,,Aggregated,22.100000,0.000000,6,11,14,37,84,130,200,3800,4100,4200,4200,3124,0,6,79.39658712770459,2.9571489976660814,4153.0730510021385,6077.440460947503
1783443253,50,,Aggregated,22.800000,0.000000,6,11,14,37,84,130,200,3800,4100,4200,4200,3145,0,6,78.99748125753322,2.9571489976660814,4153.0730510021385,6066.178696343402
1783443254,50,,Aggregated,22.800000,0.000000,6,11,14,37,84,130,200,3800,4100,4200,4200,3172,0,6,78.45009983163607,2.9571489976660814,4153.0730510021385,6032.100882723834
1783443255,50,,Aggregated,23.000000,0.000000,6,11,14,37,84,130,200,3800,4100,4200,4200,3194,0,6,78.02277603473536,2.9571489976660814,4153.0730510021385,6027.858171571697
1783443256,50,,Aggregated,22.900000,0.000000,6,11,14,37,84,130,200,3800,4100,4200,4200,3213,0,6,77.62469034981117,2.9571489976660814,4153.0730510021385,6018.020852785558
1783443257,50,,Aggregated,23.900000,0.000000,6,11,14,37,84,130,200,3800,4100,4200,4200,3236,0,6,77.1896510142008,2.9571489976660814,4153.0730510021385,6019.644313967861
1783443258,50,,Aggregated,23.000000,0.000000,6,11,14,37,83,130,190,3800,4100,4200,4200,3258,0,6,76.80591303958057,2.9571489976660814,4153.0730510021385,6003.782995702885
1783443259,50,,Aggregated,22.700000,0.000000,6,11,14,37,82,130,190,3800,4100,4200,4200,3282,0,6,76.30983438298702,2.9571489976660814,4153.0730510021385,5989.219683120049
1783443260,50,,Aggregated,22.900000,0.000000,6,11,14,37,82,130,190,3700,4100,4200,4200,3302,0,6,75.91769979859536,2.9571489976660814,4153.0730510021385,6003.430042398546
1783443261,50,,Aggregated,22.400000,0.000000,6,11,14,36,82,130,190,3700,4100,4200,4200,3330,0,6,75.44565389308137,2.9571489976660814,4153.0730510021385,5984.664864864865
1783443262,50,,Aggregated,22.900000,0.000000,6,11,14,35,82,130,190,3700,4100,4200,4200,3350,0,6,75.05217994864637,2.9571489976660814,4153.0730510021385,5979.219402985074
1783443263,50,,Aggregated,22.900000,0.000000,6,11,14,35,81,130,190,3700,4100,4200,4200,3378,0,6,74.54035917494633,2.9571489976660814,4153.0730510021385,5965.79899348727
1783443264,50,,Aggregated,22.500000,0.000000,6,11,14,34,81,130,190,3700,4100,4200,4200,3396,0,6,74.17415448173428,2.9571489976660814,4153.0730510021385,5968.435217903416
1783443265,50,,Aggregated,22.600000,0.000000,6,11,14,34,81,130,190,3700,4100,4200,4200,3418,0,6,73.77540903363366,2.9571489976660814,4153.0730510021385,5977.896430661205
1783443266,50,,Aggregated,22.800000,0.000000,6,11,13,33,80,120,190,3700,4100,4200,4200,3445,0,6,73.26648156515455,2.9571489976660814,4153.0730510021385,5972.957619738751
1783443267,50,,Aggregated,22.100000,0.000000,6,11,13,32,80,120,190,3700,4100,4200,4200,3463,0,6,72.94804264162636,2.9571489976660814,4153.0730510021385,5997.285301761479
1783443268,50,,Aggregated,22.500000,0.000000,6,11,13,32,80,120,190,3700,4100,4200,4200,3488,0,6,72.52501675485716,2.9571489976660814,4153.0730510021385,6021.826834862385
1783443269,50,,Aggregated,23.100000,0.000000,6,11,13,32,80,120,190,3700,4100,4200,4200,3508,0,6,72.19869426850975,2.9571489976660814,4153.0730510021385,6013.181870011403
1783443270,50,,Aggregated,22.400000,0.000000,6,11,13,31,80,120,190,3700,4100,4200,4200,3532,0,6,71.78510685813022,2.9571489976660814,4153.0730510021385,6003.691392978482
1783443271,50,,Aggregated,22.900000,0.000000,6,11,13,31,79,120,180,3700,4100,4200,4200,3557,0,6,71.40245272137379,2.9571489976660814,4153.0730510021385,6014.172898509981
1783443272,50,,Aggregated,23.000000,0.000000,6,11,13,31,79,120,180,3700,4100,4200,4200,3580,0,6,71.01009719578883,2.9571489976660814,4153.0730510021385,6011.4787709497205
1783443273,50,,Aggregated,22.900000,0.000000,6,11,13,30,78,120,180,3700,4100,4200,4200,3607,0,6,70.55650300968497,2.9571489976660814,4153.0730510021385,6020.3967285833105
1783443274,50,,Aggregated,23.000000,0.000000,6,11,13,30,78,120,180,3700,4100,4200,4200,3631,0,6,70.21787559017591,2.9571489976660814,4153.0730510021385,6013.69567612228
1783443275,50,,Aggregated,22.700000,0.000000,6,11,13,29,78,120,180,3700,4100,4200,4200,3650,0,6,69.89352302902063,2.9571489976660814,4153.0730510021385,6015.9783561643835
1783443276,50,,Aggregated,23.100000,0.000000,6,11,13,28,77,120,180,3700,4100,4200,4200,3672,0,6,69.53347926985796,2.9571489976660814,4153.0730510021385,6029.303921568628
1783443277,50,,Aggregated,23.200000,0.000000,6,11,13,28,77,120,180,3700,4100,4200,4200,3698,0,6,69.13585723361867,2.9571489976660814,4153.0730510021385,6022.804488912926
1783443278,50,,Aggregated,22.800000,0.000000,6,11,13,28,77,120,180,3700,4100,4200,4200,3715,0,6,68.94942164735191,2.9571489976660814,4153.0730510021385,6005.7485868102285
1783443279,50,,Aggregated,23.000000,0.000000,6,11,13,28,77,120,180,3700,4100,4200,4200,3734,0,6,68.6721129193661,2.9571489976660814,4153.0730510021385,5999.359400107123
1783443280,50,,Aggregated,22.900000,0.000000,6,11,13,28,77,120,180,3700,4100,4200,4200,3766,0,6,68.18225380905677,2.9571489976660814,4153.0730510021385,6001.83775889538
1783443281,50,,Aggregated,22.400000,0.000000,6,11,13,26,77,120,180,3700,4100,4200,4200,3785,0,6,67.86811086602359,2.9571489976660814,4153.0730510021385,5998.2182298546895
1783443282,50,,Aggregated,22.700000,0.000000,6,11,13,25,76,120,180,3000,4100,4200,4200,3811,0,6,67.45708008656446,2.9571489976660814,4153.0730510021385,6001.452899501443
1783443283,50,,Aggregated,22.800000,0.000000,6,11,13,25,76,120,180,3000,4100,4200,4200,3835,0,6,67.11354819293005,2.9571489976660814,4153.0730510021385,6009.003129074315
1783443284,50,,Aggregated,22.900000,0.000000,6,11,13,24,76,120,180,3000,4100,4200,4200,3858,0,6,66.91774256321754,2.9571489976660814,4153.0730510021385,6010.741057542768
1783443285,50,,Aggregated,23.400000,0.000000,6,11,13,24,76,120,180,3000,4100,4200,4200,3877,0,6,66.6568106662101,2.9571489976660814,4153.0730510021385,6001.976528243487
1783443286,50,,Aggregated,22.900000,0.000000,6,11,13,24,76,120,180,2900,4100,4200,4200,3904,0,6,66.27142248768,2.9571489976660814,4153.0730510021385,6003.6880122950815
1783443287,50,,Aggregated,22.900000,0.000000,6,11,13,24,76,120,180,2900,4100,4200,4200,3929,0,6,65.92499422267976,2.9571489976660814,4153.0730510021385,5999.6200050903535
1783443288,50,,Aggregated,23.200000,0.000000,6,11,13,23,76,120,180,2900,4100,4200,4200,3952,0,6,65.59702840559387,2.9571489976660814,4153.0730510021385,5990.590334008097
1783443289,50,,Aggregated,22.600000,0.000000,6,11,13,23,75,120,180,2900,4100,4200,4200,3972,0,6,65.32726142620882,2.9571489976660814,4153.0730510021385,5995.351711983887
1783443290,50,,Aggregated,23.500000,0.000000,6,11,13,22,75,120,180,2900,4100,4200,4200,3999,0,6,65.01126980267611,2.9571489976660814,4153.0730510021385,5996.71567891973
1783443291,50,,Aggregated,23.900000,0.000000,6,11,13,22,75,120,170,2900,4000,4200,4200,4023,0,6,64.7114965023385,2.9571489976660814,4153.0730510021385,5982.166542381307
1783443292,50,,Aggregated,23.100000,0.000000,6,11,13,22,75,120,170,2900,4000,4200,4200,4044,0,6,64.46262782243197,2.9571489976660814,4153.0730510021385,5986.76137487636
1783443293,50,,Aggregated,23.200000,0.000000,6,11,13,21,75,120,170,2900,4000,4200,4200,4071,0,6,64.08926267794563,2.9571489976660814,4153.0730510021385,5974.0872021616315
1783443294,50,,Aggregated,23.300000,0.000000,6,11,12,21,75,120,170,2900,4000,4200,4200,4098,0,6,63.75097648314152,2.9571489976660814,4153.0730510021385,5969.210590531967
1783443295,50,,Aggregated,22.500000,0.000000,6,10,12,21,75,120,170,2900,4000,4200,4200,4119,0,6,63.492395625612495,2.9571489976660814,4153.0730510021385,5967.218014081088
1783443296,50,,Aggregated,23.300000,0.000000,6,11,12,21,75,120,170,2900,4000,4200,4200,4142,0,6,63.279569540775476,2.9571489976660814,4153.0730510021385,5964.406084017382
1783443298,50,,Aggregated,23.300000,0.000000,6,11,13,23,75,120,170,2900,4000,4200,4200,4178,0,6,63.08557174052006,2.9571489976660814,4153.0730510021385,5975.849688846338
1783443299,50,,Aggregated,22.800000,0.000000,6,11,13,23,75,120,170,2900,4000,4200,4200,4196,0,6,62.91236808553244,2.9571489976660814,4153.0730510021385,5971.637988560534
1783443300,50,,Aggregated,23.200000,0.000000,6,11,13,23,75,120,170,2800,4000,4200,4200,4223,0,6,62.61655575275802,2.9571489976660814,4153.0730510021385,5955.559554818849
1783443301,50,,Aggregated,22.700000,0.000000,6,11,13,23,75,120,170,2800,4000,4200,4200,4243,0,6,62.43697934289551,2.9571489976660814,4153.0730510021385,5972.616073532878
1783443302,50,,Aggregated,23.400000,0.000000,6,11,13,23,75,120,170,2800,4000,4200,4200,4271,0,6,62.19356616223398,2.9571489976660814,4153.0730510021385,5953.986420042144
1783443303,50,,Aggregated,22.900000,0.000000,6,11,13,23,75,110,170,2800,4000,4200,4200,4292,0,6,61.9534412113007,2.9571489976660814,4153.0730510021385,5955.2618825722275
1783443304,50,,Aggregated,23.200000,0.000000,6,11,13,23,75,110,170,2800,4000,4200,4200,4316,0,6,61.70697024117287,2.9571489976660814,4153.0730510021385,5962.033364226136
1783443305,50,,Aggregated,23.500000,0.000000,6,11,13,22,75,110,170,2800,4000,4200,4200,4343,0,6,61.40397878675967,2.9571489976660814,4153.0730510021385,5949.154271241077
1783443306,50,,Aggregated,22.900000,0.000000,6,11,13,22,75,110,170,2800,4000,4200,4200,4362,0,6,61.175019889708175,2.9571489976660814,4153.0730510021385,5940.011921137093
1783443307,50,,Aggregated,22.500000,0.000000,6,11,12,21,75,110,170,2800,4000,4200,4200,4382,0,6,60.95396133224647,2.9571489976660814,4153.0730510021385,5942.572797809219
1783443308,50,,Aggregated,23.100000,0.000000,6,11,12,21,74,110,170,2300,4000,4200,4200,4408,0,6,60.65788129829952,2.9571489976660814,4153.0730510021385,5952.302404718694
1783443309,50,,Aggregated,23.700000,0.000000,6,11,12,21,74,110,170,2300,4000,4200,4200,4430,0,6,60.40653291780977,2.9571489976660814,4153.0730510021385,5950.010158013544
1783443310,50,,Aggregated,23.000000,0.000000,6,11,12,20,73,110,170,2300,4000,4200,4200,4455,0,6,60.11766508280511,2.9571489976660814,4153.0730510021385,5946.358024691358
1783443311,50,,Aggregated,23.300000,0.000000,6,11,12,20,73,110,170,2300,4000,4200,4200,4484,0,6,59.807569374644515,2.9571489976660814,4153.0730510021385,5953.608385370205
1783443312,50,,Aggregated,23.100000,0.000000,6,11,12,19,73,110,170,2100,4000,4200,4200,4504,0,6,59.589244466008275,2.9571489976660814,4153.0730510021385,5959.266873889876
1783443313,50,,Aggregated,24.200000,0.000000,6,11,12,18,73,110,170,2100,4000,4200,4200,4529,0,6,59.31708365287877,2.9571489976660814,4153.0730510021385,5957.616471627291
1783443314,50,,Aggregated,23.100000,0.000000,6,10,12,18,73,110,170,2100,4000,4200,4200,4553,0,6,59.075637985039734,2.9571489976660814,4153.0730510021385,5947.682187568636
1783443315,50,,Aggregated,23.200000,0.000000,6,10,12,18,72,110,170,2100,4000,4200,4200,4571,0,6,58.87963120518103,2.9571489976660814,4153.0730510021385,5934.087508203894
1783443316,50,,Aggregated,23.600000,0.000000,6,10,12,18,72,110,170,2100,4000,4200,4200,4594,0,6,58.62964952000324,2.9571489976660814,4153.0730510021385,5934.813016978668
1783443317,50,,Aggregated,23.100000,0.000000,6,10,12,17,72,110,170,1800,4000,4200,4200,4618,0,6,58.38877096056365,2.9571489976660814,4153.0730510021385,5936.207232568211
1783443318,50,,Aggregated,23.100000,0.000000,6,10,12,17,71,110,170,1800,4000,4200,4200,4635,0,6,58.206841549272134,2.9571489976660814,4153.0730510021385,5929.182092772384
1783443319,50,,Aggregated,23.100000,0.000000,6,10,12,17,71,110,170,1800,4000,4200,4200,4663,0,6,57.947181796456306,2.9571489976660814,4153.0730510021385,5916.649367360069
1783443320,50,,Aggregated,22.400000,0.000000,6,10,12,17,71,110,170,1800,4000,4200,4200,4685,0,6,57.74741622110481,2.9571489976660814,4153.0730510021385,5907.165635005336
1783443321,50,,Aggregated,23.100000,0.000000,6,10,12,17,71,110,160,1500,4000,4200,4200,4707,0,6,57.517499651982206,2.9571489976660814,4153.0730510021385,5908.756320373911
1783443322,50,,Aggregated,23.300000,0.000000,6,10,12,17,71,110,160,1500,4000,4200,4200,4733,0,6,57.298263591354676,2.9571489976660814,4153.0730510021385,5905.582717092753
1783443323,50,,Aggregated,22.100000,0.000000,6,10,12,17,71,110,160,1500,4000,4200,4200,4751,0,6,57.12442662552931,2.9571489976660814,4153.0730510021385,5913.855609345401
1783443324,50,,Aggregated,23.000000,0.000000,6,10,12,17,70,110,160,1500,4000,4200,4200,4772,0,6,56.923563358107444,2.9571489976660814,4153.0730510021385,5905.744132439228
1783443325,50,,Aggregated,22.600000,0.000000,6,10,12,17,70,110,160,1500,4000,4200,4200,4794,0,6,56.711612467438215,2.9571489976660814,4153.0730510021385,5913.410930329579
1783443326,50,,Aggregated,22.000000,0.000000,6,10,12,17,71,110,160,1400,4000,4200,4200,4818,0,6,56.54173211226532,2.9571489976660814,4153.0730510021385,5906.102324616023
1783443327,50,,Aggregated,22.100000,0.000000,6,10,12,17,70,110,160,1400,4000,4200,4200,4839,0,6,56.34152492475411,2.9571489976660814,4153.0730510021385,5912.057656540607
1783443328,50,,Aggregated,22.400000,0.000000,6,10,12,17,70,110,160,1400,4000,4200,4200,4864,0,6,56.11501673640714,2.9571489976660814,4153.0730510021385,5905.0291940789475
1783443329,50,,Aggregated,22.100000,0.000000,6,10,12,17,70,110,160,1400,4000,4200,4200,4882,0,6,56.021824947332846,2.9571489976660814,4153.0730510021385,5907.960671855797
1783443330,50,,Aggregated,22.700000,0.000000,6,10,12,17,71,110,170,880,4000,4200,4200,4909,0,6,56.09351492969834,2.9571489976660814,4153.0730510021385,5903.764717865146
1783443331,50,,Aggregated,21.600000,0.000000,6,10,12,17,71,110,170,880,4000,4200,4200,4930,0,6,55.93092684358707,2.9571489976660814,4153.0730510021385,5912.479716024341
1783443332,50,,Aggregated,22.100000,0.000000,6,10,12,17,71,110,170,880,4000,4200,4200,4952,0,6,55.819998729379236,2.9571489976660814,4153.0730510021385,5906.112075928918
1783443333,50,,Aggregated,22.400000,0.000000,6,10,12,17,70,110,170,880,4000,4200,4200,4982,0,6,55.56204300238555,2.9571489976660814,4153.0730510021385,5918.330188679245
1783443334,50,,Aggregated,22.300000,0.000000,6,10,12,16,70,110,170,880,4000,4200,4200,4996,0,6,55.432849116672394,2.9571489976660814,4153.0730510021385,5921.197558046437
1783443335,50,,Aggregated,22.100000,0.000000,6,10,12,16,70,110,170,480,4000,4200,4200,5018,0,6,55.301654132702346,2.9571489976660814,4153.0730510021385,5921.076325229175
1783443336,50,,Aggregated,22.500000,0.000000,6,10,12,16,70,110,170,480,4000,4200,4200,5043,0,6,55.139689373964565,2.9571489976660814,4153.0730510021385,5917.612928812215
1783443337,50,,Aggregated,22.500000,0.000000,6,10,12,16,70,110,170,480,4000,4200,4200,5063,0,6,55.03820601123625,2.9571489976660814,4153.0730510021385,5915.425439462769
1783443338,50,,Aggregated,22.600000,0.000000,6,10,12,16,70,110,170,480,4000,4200,4200,5092,0,6,54.8749309351707,2.9571489976660814,4153.0730510021385,5918.51413982718
1783443339,50,,Aggregated,22.700000,0.000000,6,10,12,16,70,110,170,620,4000,4200,4200,5113,0,6,54.99122449674902,2.9571489976660814,4153.0730510021385,5913.802464306669
1783443340,50,,Aggregated,22.600000,0.000000,6,10,12,16,71,110,170,620,4000,4200,4200,5136,0,6,55.02031248751549,2.9571489976660814,4153.0730510021385,5897.061915887851
1783443341,50,,Aggregated,23.300000,0.000000,6,10,12,16,71,110,170,620,4000,4200,4200,5164,0,6,54.826545060976294,2.9571489976660814,4153.0730510021385,5906.921959721147
1783443342,50,,Aggregated,22.700000,0.000000,6,10,12,16,71,110,170,620,4000,4200,4200,5179,0,6,54.786093685050126,2.9571489976660814,4153.0730510021385,5909.204479629272
1783443343,50,,Aggregated,22.800000,0.000000,6,10,12,16,71,110,170,480,4000,4200,4200,5208,0,6,54.584996032811794,2.9571489976660814,4153.0730510021385,5904.547235023041
1783443344,50,,Aggregated,22.300000,0.000000,6,10,12,16,71,110,170,480,4000,4200,4200,5223,0,6,54.50955031244114,2.9571489976660814,4153.0730510021385,5906.168677005552
1783443345,50,,Aggregated,23.400000,0.000000,6,10,12,16,71,110,180,480,4000,4200,4200,5252,0,6,54.34926244457016,2.9571489976660814,4153.0730510021385,5896.9476389946685
1783443346,50,,Aggregated,22.300000,0.000000,6,10,12,16,71,110,180,480,4000,4200,4200,5277,0,6,54.184995975909324,2.9571489976660814,4153.0730510021385,5902.329353799507
1783443347,50,,Aggregated,23.000000,0.000000,6,10,12,16,71,110,180,480,4000,4200,4200,5299,0,6,54.05161480144727,2.9571489976660814,4153.0730510021385,5902.29137573127
1783443348,50,,Aggregated,22.800000,0.000000,6,10,12,16,71,110,170,440,4000,4200,4200,5321,0,6,53.88585917663415,2.9571489976660814,4153.0730510021385,5898.611539184364
1783443349,50,,Aggregated,23.100000,0.000000,6,10,12,16,71,110,170,440,4000,4200,4200,5338,0,6,53.77312548180392,2.9571489976660814,4153.0730510021385,5898.653053578119
1783443350,50,,Aggregated,22.900000,0.000000,6,10,12,16,71,110,170,440,4000,4200,4200,5364,0,6,53.58998488681599,2.9571489976660814,4153.0730510021385,5890.486390753169
1783443351,50,,Aggregated,22.800000,0.000000,6,10,12,16,71,110,170,440,4000,4200,4200,5388,0,6,53.45364054006428,2.9571489976660814,4153.0730510021385,5889.369339272457
1783443352,50,,Aggregated,22.100000,0.000000,6,10,12,16,71,110,170,400,4000,4200,4200,5409,0,6,53.28577257420296,2.9571489976660814,4153.0730510021385,5900.4254021075985
1783443353,50,,Aggregated,22.600000,0.000000,6,10,12,16,71,110,170,440,4000,4200,4200,5435,0,6,53.22540481579835,2.9571489976660814,4153.0730510021385,5894.011407543699
1783443354,50,,Aggregated,23.200000,0.000000,6,10,12,16,71,110,170,440,4000,4200,4200,5454,0,6,53.087634573683296,2.9571489976660814,4153.0730510021385,5907.587825449212
1783443355,50,,Aggregated,22.700000,0.000000,6,10,12,16,71,110,170,440,4000,4200,4200,5479,0,6,52.956118193622075,2.9571489976660814,4153.0730510021385,5903.106588793576
1783443356,50,,Aggregated,23.300000,0.000000,6,10,12,16,71,110,170,400,4000,4200,4200,5506,0,6,52.77318276968088,2.9571489976660814,4153.0730510021385,5905.918815837268
1783443357,50,,Aggregated,22.300000,0.000000,6,10,12,16,71,110,170,400,4000,4200,4200,5521,0,6,52.67158518852695,2.9571489976660814,4153.0730510021385,5901.238905995291
1783443359,50,,Aggregated,22.600000,0.000000,6,10,12,17,73,110,180,400,4000,4200,4200,5563,0,6,52.903327895712074,2.9571489976660814,4153.0730510021385,5894.958475642639
1783443360,50,,Aggregated,20.900000,0.000000,6,10,12,16,73,110,180,400,4000,4200,4200,5585,0,6,52.729740327455175,2.9571489976660814,4153.0730510021385,5902.669113697404
1783443361,50,,Aggregated,22.200000,0.000000,6,10,12,16,73,110,170,360,4000,4200,4200,5608,0,6,52.55671862193893,2.9571489976660814,4153.0730510021385,5896.813837375178
1783443362,50,,Aggregated,21.800000,0.000000,6,10,12,16,73,110,170,360,4000,4200,4200,5635,0,6,52.44857654886133,2.9571489976660814,4153.0730510021385,5905.087133984029
1783443363,50,,Aggregated,21.600000,0.000000,6,10,12,16,73,110,170,360,4000,4200,4200,5658,0,6,52.30374485044905,2.9571489976660814,4153.0730510021385,5905.712265818311
1783443364,50,,Aggregated,21.800000,0.000000,6,10,12,16,73,110,170,360,4000,4200,4200,5679,0,6,52.17775584765738,2.9571489976660814,4153.0730510021385,5919.381581264307
1783443365,50,,Aggregated,21.800000,0.000000,6,10,12,16,73,110,170,360,4000,4200,4200,5703,0,6,52.039794235815236,2.9571489976660814,4153.0730510021385,5916.814834297738
1783443366,50,,Aggregated,22.100000,0.000000,6,10,12,16,73,110,180,360,4000,4200,4200,5726,0,6,51.98347356738887,2.9571489976660814,4153.0730510021385,5909.95826056584
1783443367,50,,Aggregated,22.600000,0.000000,6,10,12,16,73,110,180,360,4000,4200,4200,5746,0,6,51.86891179078731,2.9571489976660814,4153.0730510021385,5912.067003132614
1783443368,50,,Aggregated,21.700000,0.000000,6,10,12,16,73,110,170,360,4000,4200,4200,5770,0,6,51.740057652835326,2.9571489976660814,4153.0730510021385,5909.331889081456
1783443369,50,,Aggregated,21.900000,0.000000,6,10,12,16,73,110,170,360,4000,4200,4200,5793,0,6,51.61665473241011,2.9571489976660814,4153.0730510021385,5905.569135163128
1783443370,50,,Aggregated,24.100000,0.000000,6,10,12,16,73,110,170,340,4000,4200,4200,5815,0,6,51.46448639516039,2.9571489976660814,4153.0730510021385,5916.904041272571
1783443371,50,,Aggregated,22.600000,0.000000,6,10,12,16,73,110,170,340,4000,4200,4200,5836,0,6,51.33899982022907,2.9571489976660814,4153.0730510021385,5912.774160383825
1783443372,50,,Aggregated,23.300000,0.000000,6,10,12,16,73,110,170,340,4000,4200,4200,5858,0,6,51.200761543506964,2.9571489976660814,4153.0730510021385,5914.603106862411
1783443373,50,,Aggregated,22.600000,0.000000,6,10,12,16,73,110,170,340,4000,4200,4200,5882,0,6,51.064176622553326,2.9571489976660814,4153.0730510021385,5912.096395783747
1783443374,50,,Aggregated,22.300000,0.000000,6,10,12,16,73,110,170,330,4000,4200,4200,5910,0,6,50.935656616388144,2.9571489976660814,4153.0730510021385,5905.200846023688
1783443375,50,,Aggregated,22.300000,0.000000,6,10,12,16,73,110,170,330,4000,4200,4200,5929,0,6,50.82857619258583,2.9571489976660814,4153.0730510021385,5905.756114015854
1783443376,50,,Aggregated,22.500000,0.000000,6,10,12,15,73,110,170,330,4000,4200,4200,5957,0,6,50.669954374320504,2.9571489976660814,4153.0730510021385,5899.494879973141
1783443377,50,,Aggregated,22.500000,0.000000,6,10,12,15,73,110,170,330,4000,4200,4200,5976,0,6,50.575315656765554,2.9571489976660814,4153.0730510021385,5893.151439089692
1783443378,50,,Aggregated,23.200000,0.000000,6,10,12,15,73,110,170,330,4000,4200,4200,5999,0,6,50.50612651855705,2.9571489976660814,4153.0730510021385,5894.543757292882
1783443379,50,,Aggregated,23.000000,0.000000,6,10,12,15,73,110,170,320,4000,4200,4200,6026,0,6,50.36978697092867,2.9571489976660814,4153.0730510021385,5893.430965814802
1783443380,50,,Aggregated,22.300000,0.000000,6,10,12,15,73,110,170,320,4000,4200,4200,6049,0,6,50.2483274202048,2.9571489976660814,4153.0730510021385,5898.093403868408
1783443381,50,,Aggregated,23.100000,0.000000,6,10,12,15,73,110,170,320,4000,4200,4200,6075,0,6,50.16005339535996,2.9571489976660814,4153.0730510021385,5892.8910288065845
1783443382,50,,Aggregated,23.200000,0.000000,6,10,12,15,73,110,170,320,4000,4200,4200,6092,0,6,50.03756698519662,2.9571489976660814,4153.0730510021385,5892.468811556139
1783443383,50,,Aggregated,24.000000,0.000000,6,10,12,15,73,110,170,290,4000,4200,4200,6118,0,6,49.97255315099872,2.9571489976660814,4153.0730510021385,5904.509480222295
1783443384,50,,Aggregated,23.600000,0.000000,6,10,12,15,73,110,180,290,4000,4200,4200,6142,0,6,49.929710431262826,2.9571489976660814,4153.0730510021385,5904.450016281342
1783443385,50,,Aggregated,23.300000,0.000000,6,10,12,15,73,110,180,290,4000,4200,4200,6166,0,6,49.798573042947964,2.9571489976660814,4153.0730510021385,5904.670937398638
1783443386,50,,Aggregated,22.900000,0.000000,6,10,12,15,73,110,180,290,4000,4200,4200,6194,0,6,49.67920407455678,2.9571489976660814,4153.0730510021385,5900.385372941556
1783443387,50,,Aggregated,23.200000,0.000000,6,10,12,15,73,110,180,290,4000,4200,4200,6211,0,6,49.65602484186274,2.9571489976660814,4153.0730510021385,5894.328610529706
1783443388,50,,Aggregated,22.700000,0.000000,6,10,12,15,73,110,180,290,4000,4200,4200,6230,0,6,49.61188680671163,2.9571489976660814,4153.0730510021385,5890.39823434992
1783443389,50,,Aggregated,23.200000,0.000000,6,10,12,15,73,110,180,290,4000,4200,4200,6258,0,6,49.44361760240071,2.9571489976660814,4153.0730510021385,5889.486896772131
1783443390,50,,Aggregated,22.800000,0.000000,6,10,12,15,73,110,180,290,4000,4200,4200,6276,0,6,49.3325661325401,2.9571489976660814,4153.0730510021385,5887.874442319949
1783443391,50,,Aggregated,22.200000,0.000000,6,10,12,15,73,110,180,290,4000,4200,4200,6296,0,6,49.25740519072627,2.9571489976660814,4153.0730510021385,5882.166137229988
1783443392,50,,Aggregated,22.400000,0.000000,6,10,12,15,73,110,180,280,4000,4200,4200,6320,0,6,49.15962457813689,2.9571489976660814,4153.0730510021385,5882.606329113924
1783443393,50,,Aggregated,21.600000,0.000000,6,10,12,15,73,110,180,280,4000,4200,4200,6341,0,6,49.05874717202792,2.9571489976660814,4153.0730510021385,5888.036271881407
1783443394,50,,Aggregated,21.800000,0.000000,6,10,12,15,73,110,180,280,4000,4200,4200,6362,0,6,48.94557915023761,2.9571489976660814,4153.0730510021385,5890.2978623074505
1783443395,50,,Aggregated,22.000000,0.000000,6,10,12,15,73,110,180,280,4000,4200,4200,6386,0,6,48.813345406954454,2.9571489976660814,4153.0730510021385,5884.248355778265
1783443396,50,,Aggregated,22.000000,0.000000,6,10,12,15,73,110,180,270,4000,4200,4200,6411,0,6,48.73413565228506,2.9571489976660814,4153.0730510021385,5884.761191701763
1783443397,50,,Aggregated,21.600000,0.000000,6,10,12,15,73,110,180,270,4000,4200,4200,6430,0,6,48.72351251800997,2.9571489976660814,4153.0730510021385,5892.1841368584755
1783443398,50,,Aggregated,22.000000,0.000000,6,10,12,15,73,110,180,270,4000,4200,4200,6453,0,6,48.665593618594635,2.9571489976660814,4153.0730510021385,5879.220672555401
1783443399,50,,Aggregated,22.000000,0.000000,6,10,12,15,73,110,180,270,4000,4200,4200,6475,0,6,48.54326823240049,2.9571489976660814,4153.0730510021385,5879.461312741313
1783443400,50,,Aggregated,22.000000,0.000000,6,10,12,15,73,110,180,270,4000,4200,4200,6495,0,6,48.46043107032986,2.9571489976660814,4153.0730510021385,5878.0989992301775
1783443401,50,,Aggregated,22.200000,0.000000,6,10,12,15,74,110,180,260,4000,4200,4200,6519,0,6,48.36899420858881,2.9571489976660814,4153.0730510021385,5881.753336401289
1783443402,50,,Aggregated,21.800000,0.000000,6,10,12,15,74,110,180,290,4000,4200,4200,6546,0,6,48.436255143567706,2.9571489976660814,4153.0730510021385,5882.144210204705
1783443403,50,,Aggregated,22.100000,0.000000,6,10,12,15,74,120,180,290,4000,4200,4200,6568,0,6,48.36005856893993,2.9571489976660814,4153.0730510021385,5884.291869671133
1783443404,50,,Aggregated,22.100000,0.000000,6,10,12,15,74,110,180,290,4000,4200,4200,6591,0,6,48.23072446317608,2.9571489976660814,4153.0730510021385,5894.053406159915
1783443405,50,,Aggregated,22.400000,0.000000,6,10,12,15,74,110,180,280,4000,4200,4200,6611,0,6,48.151508497777954,2.9571489976660814,4153.0730510021385,5895.80169414612
1783443406,50,,Aggregated,22.400000,0.000000,6,10,12,15,74,120,180,290,4000,4200,4200,6630,0,6,48.11571363224816,2.9571489976660814,4153.0730510021385,5898.384615384615
1783443407,50,,Aggregated,22.600000,0.000000,6,10,12,15,74,120,180,290,4000,4200,4200,6649,0,6,48.08102647026767,2.9571489976660814,4153.0730510021385,5896.00120318845
1783443408,50,,Aggregated,22.100000,0.000000,6,10,12,15,74,120,180,290,4000,4200,4200,6676,0,6,47.96062182546583,2.9571489976660814,4153.0730510021385,5895.42570401438
1783443409,50,,Aggregated,21.700000,0.000000,6,10,12,15,74,120,180,290,4000,4200,4200,6697,0,6,47.84500879913582,2.9571489976660814,4153.0730510021385,5909.416753770345
1783443410,50,,Aggregated,22.000000,0.000000,6,10,12,15,73,120,180,280,4000,4200,4200,6721,0,6,47.715648161554704,2.9571489976660814,4153.0730510021385,5905.098794822199
1783443411,50,,Aggregated,22.200000,0.000000,6,10,12,15,73,120,180,280,4000,4200,4200,6744,0,6,47.587309642765405,2.9571489976660814,4153.0730510021385,5910.110765124555
1783443412,50,,Aggregated,22.200000,0.000000,6,10,12,15,73,120,180,280,4000,4200,4200,6769,0,6,47.487033876470115,2.9571489976660814,4153.0730510021385,5910.546757275816
1783443413,50,,Aggregated,22.200000,0.000000,6,10,12,15,73,110,180,280,4000,4200,4200,6792,0,6,47.34574458507466,2.9571489976660814,4153.0730510021385,5910.9246171967025
1783443414,50,,Aggregated,22.400000,0.000000,6,10,12,14,73,110,180,270,4000,4200,4200,6813,0,6,47.26174854731069,2.9571489976660814,4153.0730510021385,5920.930867459269
1783443415,50,,Aggregated,22.300000,0.000000,6,10,12,14,73,110,180,270,4000,4200,4200,6841,0,6,47.1104323471485,2.9571489976660814,4153.0730510021385,5928.088875895337
1783443416,50,,Aggregated,22.400000,0.000000,6,10,12,14,73,110,180,270,4000,4200,4200,6863,0,6,47.0018713512821,2.9571489976660814,4153.0730510021385,5933.506921171499
1783443417,50,,Aggregated,22.400000,0.000000,6,10,12,14,73,110,180,270,4000,4200,4200,6885,0,6,46.9209659449303,2.9571489976660814,4153.0730510021385,5938.447639796659
1783443418,50,,Aggregated,23.000000,0.000000,6,10,12,14,73,110,180,270,4000,4200,4200,6905,0,6,46.822590390131204,2.9571489976660814,4153.0730510021385,5942.7981173063
1783443419,50,,Aggregated,23.200000,0.000000,6,10,12,14,73,110,180,270,4000,4200,4200,6926,0,6,46.72980535126464,2.9571489976660814,4153.0730510021385,5939.6739820964485
1783443420,50,,Aggregated,23.400000,0.000000,6,10,12,14,73,110,180,270,4000,4200,4200,6950,0,6,46.60367587566294,2.9571489976660814,4153.0730510021385,5939.119424460431
1783443421,50,,Aggregated,22.700000,0.000000,6,10,12,14,73,110,180,270,4000,4200,4200,6972,0,6,46.57110929114478,2.9571489976660814,4153.0730510021385,5934.289156626506
1783443422,50,,Aggregated,22.600000,0.000000,6,10,12,14,73,110,180,270,4000,4200,4200,6993,0,6,46.50184141425348,2.9571489976660814,4153.0730510021385,5930.485628485629
1783443423,50,,Aggregated,23.000000,0.000000,6,10,12,14,73,110,180,260,4000,4200,4200,7018,0,6,46.41103014275835,2.9571489976660814,4153.0730510021385,5928.182815616985
1783443424,50,,Aggregated,23.000000,0.000000,6,10,12,14,73,110,180,260,4000,4200,4200,7045,0,6,46.29569803745558,2.9571489976660814,4153.0730510021385,5916.918665720369
1783443425,50,,Aggregated,22.400000,0.000000,6,10,12,14,72,110,180,260,4000,4200,4200,7070,0,6,46.19391052742206,2.9571489976660814,4153.0730510021385,5915.251343705799
1783443426,50,,Aggregated,22.600000,0.000000,6,10,12,14,73,110,180,270,4000,4200,4200,7092,0,6,46.16035197784408,2.9571489976660814,4153.0730510021385,5913.966864072194
1783443427,50,,Aggregated,23.000000,0.000000,6,10,12,14,73,110,180,260,4000,4200,4200,7115,0,6,46.07781990525239,2.9571489976660814,4153.0730510021385,5911.073787772312
1783443428,50,,Aggregated,22.800000,0.000000,6,10,12,14,73,110,180,260,4000,4200,4200,7138,0,6,45.99784198176924,2.9571489976660814,4153.0730510021385,5903.954889324741
1783443429,50,,Aggregated,22.700000,0.000000,6,10,12,14,73,120,180,260,4000,4200,4200,7160,0,6,46.06129977106953,2.9571489976660814,4153.0730510021385,5900.256843575419
1783443430,50,,Aggregated,22.900000,0.000000,6,10,12,14,73,120,180,260,4000,4200,4200,7180,0,6,45.97040439552279,2.9571489976660814,4153.0730510021385,5897.011142061281
1783443431,50,,Aggregated,23.200000,0.000000,6,10,12,14,73,120,180,260,4000,4200,4200,7205,0,6,45.87367436680676,2.9571489976660814,4153.0730510021385,5893.641221374046
1783443433,50,,Aggregated,23.500000,0.000000,6,10,12,14,73,120,180,260,4000,4200,4200,7223,0,6,45.80234950530752,2.9571489976660814,4153.0730510021385,5900.060501176797
1783443434,50,,Aggregated,22.900000,0.000000,6,10,12,14,73,120,180,260,4000,4200,4200,7251,0,6,45.7103286376831,2.9571489976660814,4153.0730510021385,5895.168252654807
1783443435,50,,Aggregated,22.900000,0.000000,6,10,12,14,73,120,180,260,4000,4200,4200,7273,0,6,45.625507064325525,2.9571489976660814,4153.0730510021385,5897.707273477245
1783443436,50,,Aggregated,23.300000,0.000000,6,10,12,14,73,120,180,260,4000,4200,4200,7296,0,6,45.53184466554799,2.9571489976660814,4153.0730510021385,5896.192023026316
1783443437,50,,Aggregated,22.700000,0.000000,6,10,12,14,73,110,180,260,4000,4200,4200,7319,0,6,45.41342302183923,2.9571489976660814,4153.0730510021385,5908.678644623583
1783443438,50,,Aggregated,22.700000,0.000000,6,10,12,14,73,110,180,260,4000,4200,4200,7345,0,6,45.30873792727407,2.9571489976660814,4153.0730510021385,5905.582573179034
1783443439,50,,Aggregated,22.500000,0.000000,6,10,12,14,73,110,180,260,4000,4200,4200,7361,0,6,45.25429781834294,2.9571489976660814,4153.0730510021385,5909.800163021328
1783443440,50,,Aggregated,22.900000,0.000000,6,10,12,14,73,120,180,260,4000,4200,4200,7394,0,6,45.18245382767482,2.9571489976660814,4153.0730510021385,5912.135244793076
1783443441,50,,Aggregated,22.300000,0.000000,6,10,12,14,73,110,180,260,4000,4200,4200,7414,0,6,45.101007786865836,2.9571489976660814,4153.0730510021385,5908.8398974912325
1783443442,50,,Aggregated,22.300000,0.000000,6,10,12,14,73,110,180,260,4000,4200,4200,7433,0,6,45.048188637269945,2.9571489976660814,4153.0730510021385,5904.612135073322
1783443443,50,,Aggregated,23.300000,0.000000,6,10,12,14,73,110,180,260,4000,4200,4200,7458,0,6,44.98027647450115,2.9571489976660814,4153.0730510021385,5899.3598820059
1783443444,50,,Aggregated,23.300000,0.000000,6,10,12,14,73,110,180,260,4000,4200,4200,7481,0,6,44.8799705159498,2.9571489976660814,4153.0730510021385,5898.6131533217485
1783443445,50,,Aggregated,23.400000,0.000000,6,10,12,14,73,110,180,260,4000,4200,4200,7501,0,6,44.823515773605834,2.9571489976660814,4153.0730510021385,5896.715637914945
1783443446,50,,Aggregated,23.000000,0.000000,6,10,12,14,73,110,180,260,4000,4200,4200,7527,0,6,44.710471840684235,2.9571489976660814,4153.0730510021385,5895.245250431779
1783443447,50,,Aggregated,22.800000,0.000000,6,10,12,14,73,110,180,260,4000,4200,4200,7549,0,6,44.63297239830693,2.9571489976660814,4153.0730510021385,5888.909524440323
1783443448,50,,Aggregated,22.800000,0.000000,6,10,12,14,72,110,180,260,4000,4200,4200,7573,0,6,44.53282267143983,2.9571489976660814,4153.0730510021385,5893.52739997359
1783443449,50,,Aggregated,22.900000,0.000000,6,10,12,14,72,110,180,260,4000,4200,4200,7596,0,6,44.4388873758299,2.9571489976660814,4153.0730510021385,5899.916666666667
1783443450,50,,Aggregated,22.800000,0.000000,6,10,12,14,72,110,180,260,4000,4200,4200,7625,0,6,44.3341033831867,2.9571489976660814,4153.0730510021385,5900.403934426229
1783443451,50,,Aggregated,23.100000,0.000000,6,10,12,14,72,110,180,260,4000,4200,4200,7641,0,6,44.273128571365554,2.9571489976660814,4153.0730510021385,5902.479256641801
1783443452,50,,Aggregated,22.900000,0.000000,6,10,12,14,72,110,180,260,4000,4200,4200,7672,0,6,44.18377136180909,2.9571489976660814,4153.0730510021385,5899.162799791449
1783443453,50,,Aggregated,22.600000,0.000000,6,10,12,14,72,110,180,260,4000,4200,4200,7692,0,6,44.09187650608282,2.9571489976660814,4153.0730510021385,5897.1475559022365
1783443454,50,,Aggregated,23.500000,0.000000,6,10,12,14,72,110,180,250,4000,4200,4200,7714,0,6,44.02662979865141,2.9571489976660814,4153.0730510021385,5906.563780140005
1783443455,50,,Aggregated,23.400000,0.000000,6,10,12,14,72,110,180,250,4000,4200,4200,7736,0,6,43.93263727065518,2.9571489976660814,4153.0730510021385,5902.2967942088935
1783443456,50,,Aggregated,23.000000,0.000000,6,10,12,14,72,110,180,250,4000,4200,4200,7760,0,6,43.83151978038691,2.9571489976660814,4153.0730510021385,5902.87306701031
1783443457,50,,Aggregated,23.500000,0.000000,6,10,12,14,72,110,180,250,4000,4200,4200,7779,0,6,43.76754588427886,2.9571489976660814,4153.0730510021385,5896.680164545572
1783443458,50,,Aggregated,23.400000,0.000000,6,10,12,14,72,110,180,250,4000,4200,4200,7805,0,6,43.7141004803075,2.9571489976660814,4153.0730510021385,5899.03933376041
1783443459,50,,Aggregated,22.900000,0.000000,6,10,12,14,72,110,180,250,4000,4200,4200,7827,0,6,43.62333529140089,2.9571489976660814,4153.0730510021385,5898.66142838891
1783443460,50,,Aggregated,23.000000,0.000000,6,10,12,14,71,110,180,250,4000,4200,4200,7851,0,6,43.564280089263306,2.9571489976660814,4153.0730510021385,5896.504649089288
1783443461,50,,Aggregated,23.000000,0.000000,6,10,12,14,71,110,180,250,4000,4200,4200,7868,0,6,43.5025181771502,2.9571489976660814,4153.0730510021385,5901.3868835790545
1783443462,50,,Aggregated,22.500000,0.000000,6,10,12,14,71,110,180,250,4000,4200,4200,7896,0,6,43.400727585588434,2.9571489976660814,4153.0730510021385,5898.90349544073
1783443463,50,,Aggregated,22.900000,0.000000,6,10,12,14,71,110,180,250,4000,4200,4200,7916,0,6,43.33956016142034,2.9571489976660814,4153.0730510021385,5901.405760485093
1783443465,50,,Aggregated,22.700000,0.000000,6,10,12,14,71,110,180,250,4000,4200,4200,7954,0,6,43.43318939788734,2.9571489976660814,4153.0730510021385,5901.852401307518
1783443466,50,,Aggregated,20.500000,0.000000,6,10,12,14,72,110,180,250,4000,4200,4200,7978,0,6,43.36007622045584,2.9571489976660814,4153.0730510021385,5898.018551015292
1783443467,50,,Aggregated,21.900000,0.000000,6,10,12,14,72,110,180,250,4000,4200,4200,8000,0,6,43.29911205272385,2.9571489976660814,4153.0730510021385,5900.482625
1783443468,50,,Aggregated,21.800000,0.000000,6,10,12,14,71,110,180,250,4000,4200,4200,8026,0,6,43.207609028133085,2.9571489976660814,4153.0730510021385,5897.604784450536
1783443469,50,,Aggregated,22.100000,0.000000,6,10,12,14,71,110,180,250,4000,4200,4200,8048,0,6,43.122047788616094,2.9571489976660814,4153.0730510021385,5896.891277335984
1783443470,50,,Aggregated,22.200000,0.000000,6,10,12,14,72,110,180,250,4000,4200,4200,8081,0,6,43.12367618905942,2.9571489976660814,4153.0730510021385,5894.792476178691
1783443471,50,,Aggregated,22.200000,0.000000,6,10,12,14,71,110,180,250,4000,4200,4200,8101,0,6,43.04384317106324,2.9571489976660814,4153.0730510021385,5900.977163313171
1783443472,50,,Aggregated,22.400000,0.000000,6,10,12,14,72,110,180,250,4000,4200,4200,8127,0,6,42.98241742792964,2.9571489976660814,4153.0730510021385,5898.181247692875
1783443473,50,,Aggregated,22.500000,0.000000,6,10,12,14,72,110,180,250,4000,4200,4200,8147,0,6,42.944503705509646,2.9306859978532884,4153.0730510021385,5893.588069227937
1783443474,50,,Aggregated,22.000000,0.000000,6,10,12,14,72,110,180,250,4000,4200,4200,8169,0,6,42.87129439781974,2.9306859978532884,4153.0730510021385,5892.605826906598
1783443475,50,,Aggregated,22.300000,0.000000,6,10,12,14,72,110,180,250,4000,4200,4200,8194,0,6,42.79758342955637,2.9306859978532884,4153.0730510021385,5886.312911886746
1783443476,50,,Aggregated,24.400000,0.000000,6,10,12,14,72,110,180,250,4000,4200,4200,8217,0,6,42.767163754994044,2.9306859978532884,4153.0730510021385,5885.799683582816
1783443477,50,,Aggregated,22.500000,0.000000,6,10,12,14,72,110,180,250,4000,4200,4200,8237,0,6,42.73817900750147,2.9306859978532884,4153.0730510021385,5882.251669297074
1783443478,50,,Aggregated,23.200000,0.000000,6,10,12,14,72,110,180,250,4000,4200,4200,8262,0,6,42.643411388741924,2.9306859978532884,4153.0730510021385,5889.854151537158
1783443479,50,,Aggregated,23.200000,0.000000,6,10,12,14,72,110,180,250,4000,4200,4200,8283,0,6,42.6141795804397,2.9306859978532884,4153.0730510021385,5891.0080888566945
1783443480,50,,Aggregated,22.600000,0.000000,6,10,12,14,72,110,180,250,4000,4200,4200,8306,0,6,42.5743550468082,2.9306859978532884,4153.0730510021385,5891.431856489285
1783443481,50,,Aggregated,22.900000,0.000000,6,10,12,14,73,110,180,250,4000,4200,4200,8330,0,6,42.50965360213458,2.9306859978532884,4153.0730510021385,5892.34693877551
1783443482,50,,Aggregated,22.200000,0.000000,6,10,12,14,72,110,170,250,4000,4200,4200,8353,0,6,42.40880679106709,2.9306859978532884,4153.0730510021385,5890.603016880163
1783443483,50,,Aggregated,22.600000,0.000000,6,10,12,14,72,110,180,250,4000,4200,4200,8381,0,6,42.37781437021746,2.9306859978532884,4153.0730510021385,5891.2653621286245
1783443484,50,,Aggregated,22.700000,0.000000,6,10,12,14,72,110,180,250,4000,4200,4200,8399,0,6,42.304028046885875,2.9306859978532884,4153.0730510021385,5888.623407548518
1783443485,50,,Aggregated,22.800000,0.000000,6,10,12,14,72,110,170,250,4000,4200,4200,8421,0,6,42.22700457080848,2.9306859978532884,4153.0730510021385,5891.73839211495
1783443486,50,,Aggregated,22.800000,0.000000,6,10,12,14,72,110,170,250,4000,4200,4200,8450,0,6,42.159891272164224,2.9306859978532884,4153.0730510021385,5894.998934911243
1783443487,50,,Aggregated,23.000000,0.000000,6,10,12,14,72,110,170,250,4000,4200,4200,8475,0,6,42.06883243372153,2.9306859978532884,4153.0730510021385,5888.97191740413
1783443488,50,,Aggregated,21.600000,0.000000,6,10,12,14,72,110,170,250,4000,4200,4200,8495,0,6,42.052176146296446,2.9306859978532884,4153.0730510021385,5878.851912889935
1783443489,50,,Aggregated,22.700000,0.000000,6,10,12,14,72,110,170,250,4000,4200,4200,8518,0,6,41.97094432575566,2.9306859978532884,4153.0730510021385,5881.34820380371
1783443490,50,,Aggregated,22.500000,0.000000,6,10,12,14,72,110,170,250,4000,4200,4200,8543,0,6,41.88764011047582,2.9306859978532884,4153.0730510021385,5877.563970502166
1783443491,50,,Aggregated,22.200000,0.000000,6,10,12,14,72,110,170,250,4000,4200,4200,8567,0,6,41.81158151310724,2.9306859978532884,4153.0730510021385,5871.355783821641
1783443492,50,,Aggregated,23.200000,0.000000,6,10,12,14,72,110,170,250,4000,4200,4200,8588,0,6,41.755380319605585,2.9306859978532884,4153.0730510021385,5867.603283651607
1783443493,50,,Aggregated,22.700000,0.000000,6,10,12,14,72,110,170,240,4000,4200,4200,8608,0,6,41.686002919932456,2.9306859978532884,4153.0730510021385,5863.802393122676
1783443494,50,,Aggregated,23.100000,0.000000,6,10,12,14,72,110,170,240,4000,4200,4200,8635,0,6,41.674903115667696,2.9306859978532884,4153.0730510021385,5857.876780544297
1783443495,50,,Aggregated,22.800000,0.000000,6,10,12,14,72,110,170,240,4000,4200,4200,8653,0,6,41.60653929594269,2.9306859978532884,4153.0730510021385,5854.018143996302
1783443496,50,,Aggregated,22.600000,0.000000,6,10,12,14,72,110,170,240,4000,4200,4200,8676,0,6,41.52932304988468,2.9306859978532884,4153.0730510021385,5856.685569386814
1783443497,50,,Aggregated,23.400000,0.000000,6,10,12,14,72,110,170,240,4000,4200,4200,8700,0,6,41.497356061815594,2.9306859978532884,4153.0730510021385,5854.446666666667
1783443498,50,,Aggregated,23.200000,0.000000,6,10,12,14,72,110,170,240,4000,4200,4200,8720,0,6,41.472388159380195,2.9306859978532884,4153.0730510021385,5860.199082568807
1783443499,50,,Aggregated,22.400000,0.000000,6,10,12,14,72,110,170,240,4000,4200,4200,8741,0,6,41.39959058663751,2.9306859978532884,4153.0730510021385,5857.0678412081
1783443500,50,,Aggregated,22.900000,0.000000,6,10,12,14,72,110,170,240,4000,4200,4200,8767,0,6,41.31842269177554,2.9306859978532884,4153.0730510021385,5855.64503250827
1783443501,50,,Aggregated,22.800000,0.000000,6,10,12,14,72,110,170,240,4000,4200,4200,8791,0,6,41.2314015969508,2.9306859978532884,4153.0730510021385,5855.874758275509
1783443502,50,,Aggregated,22.100000,0.000000,6,10,12,14,72,110,170,240,4000,4200,4200,8810,0,6,41.168546724833604,2.9306859978532884,4153.0730510021385,5851.056867196367
1783443503,50,,Aggregated,22.400000,0.000000,6,10,12,14,72,110,170,240,4000,4200,4200,8833,0,6,41.12379553059951,2.9306859978532884,4153.0730510021385,5850.821125325484
1783443504,50,,Aggregated,22.000000,0.000000,6,10,12,14,72,110,170,240,4000,4200,4200,8862,0,6,41.02285676470159,2.9306859978532884,4153.0730510021385,5854.321259309411
1783443505,50,,Aggregated,22.300000,0.000000,6,10,12,14,72,110,170,240,4000,4200,4200,8881,0,6,40.99117779887129,2.9306859978532884,4153.0730510021385,5850.4855309086815
1783443506,50,,Aggregated,22.500000,0.000000,6,10,12,14,72,110,170,240,4000,4200,4200,8908,0,6,40.906347128846726,2.9306859978532884,4153.0730510021385,5853.932308037719
1783443507,50,,Aggregated,22.300000,0.000000,6,10,12,14,72,110,170,240,4000,4200,4200,8932,0,6,40.85010583103063,2.9306859978532884,4153.0730510021385,5858.6328929691
1783443508,50,,Aggregated,22.700000,0.000000,6,10,12,14,72,110,170,240,4000,4200,4200,8949,0,6,40.80391707808271,2.9306859978532884,4153.0730510021385,5860.441501843781
1783443509,50,,Aggregated,23.200000,0.000000,6,10,12,14,72,110,170,240,4000,4200,4200,8979,0,6,40.7162830422955,2.9306859978532884,4153.0730510021385,5862.348368415191
1783443510,50,,Aggregated,23.100000,0.000000,6,10,12,14,71,110,170,240,4000,4200,4200,8997,0,6,40.6609631513585,2.9306859978532884,4153.0730510021385,5865.438479493165
1783443511,50,,Aggregated,22.900000,0.000000,6,10,12,14,71,110,170,240,4000,4200,4200,9024,0,6,40.60192984505476,2.9306859978532884,4153.0730510021385,5865.3252437943265
1783443512,50,,Aggregated,23.400000,0.000000,6,10,12,14,71,110,170,240,4000,4200,4200,9048,0,6,40.55048524621759,2.9306859978532884,4153.0730510021385,5861.397988505747
1783443513,50,,Aggregated,23.400000,0.000000,6,10,12,14,71,110,170,240,4000,4200,4200,9070,0,6,40.48462887141918,2.9306859978532884,4153.0730510021385,5862.849944873208
1783443514,50,,Aggregated,23.600000,0.000000,6,10,12,14,71,110,170,240,4000,4200,4200,9090,0,6,40.42698343836905,2.9306859978532884,4153.0730510021385,5861.237623762377
1783443515,50,,Aggregated,23.400000,0.000000,6,10,12,14,71,110,170,240,4000,4200,4200,9114,0,6,40.378299625277926,2.9306859978532884,4153.0730510021385,5855.98551678736
1783443516,50,,Aggregated,23.700000,0.000000,6,10,12,14,71,110,170,240,4000,4200,4200,9141,0,6,40.29799722314709,2.9306859978532884,4153.0730510021385,5858.723990810633
1783443517,50,,Aggregated,22.900000,0.000000,6,10,12,14,71,110,170,240,4000,4200,4200,9160,0,6,40.23619364943031,2.9306859978532884,4153.0730510021385,5862.87019650655
1783443518,50,,Aggregated,23.300000,0.000000,6,10,12,14,71,110,170,240,4000,4200,4200,9185,0,6,40.208447204874844,2.9306859978532884,4153.0730510021385,5863.5616766467065
1783443519,50,,Aggregated,23.900000,0.000000,6,10,12,14,71,110,170,240,4000,4200,4200,9211,0,6,40.16098312211357,2.9306859978532884,4153.0730510021385,5871.413418738465
1783443520,50,,Aggregated,23.000000,0.000000,6,10,12,14,71,110,170,240,4000,4200,4200,9241,0,6,40.11738325200539,2.9306859978532884,4153.0730510021385,5873.265122822206
1783443521,50,,Aggregated,23.300000,0.000000,6,10,12,14,71,110,170,240,4000,4200,4200,9258,0,6,40.06358688969354,2.9306859978532884,4153.0730510021385,5868.651112551307
1783443522,50,,Aggregated,23.300000,0.000000,6,10,12,14,72,110,170,240,4000,4200,4200,9278,0,6,40.04681702929371,2.9306859978532884,4153.0730510021385,5871.170079758569
1783443523,50,,Aggregated,24.000000,0.000000,6,10,12,14,71,110,170,240,4000,4200,4200,9298,0,6,39.98023464732164,2.9306859978532884,4153.0730510021385,5865.625510862551
1783443524,50,,Aggregated,23.200000,0.000000,6,10,12,14,71,110,170,240,4000,4200,4200,9323,0,6,39.90798511785968,2.9306859978532884,4153.0730510021385,5866.840823769173
1783443525,50,,Aggregated,23.000000,0.000000,6,10,12,14,72,110,170,240,4000,4200,4200,9346,0,6,39.86445282643007,2.9306859978532884,4153.0730510021385,5862.721164134389
1783443526,50,,Aggregated,22.600000,0.000000,6,10,12,14,72,110,170,240,4000,4200,4200,9373,0,6,39.815998614937946,2.9306859978532884,4153.0730510021385,5861.081830790568
1783443527,50,,Aggregated,23.000000,0.000000,6,10,12,14,72,110,170,240,4000,4200,4200,9393,0,6,39.835148975281136,2.9306859978532884,4153.0730510021385,5853.819972319812
1783443528,50,,Aggregated,23.400000,0.000000,6,10,12,14,72,110,170,240,4000,4200,4200,9419,0,6,39.805051142989434,2.9306859978532884,4153.0730510021385,5853.468308737658
1783443529,50,,Aggregated,22.400000,0.000000,6,10,12,13,72,110,170,240,4000,4200,4200,9436,0,6,39.75282999457517,2.9306859978532884,4153.0730510021385,5856.855341246291
1783443530,50,,Aggregated,23.100000,0.000000,6,10,12,14,72,110,170,240,4000,4200,4200,9460,0,6,39.706319191099986,2.9306859978532884,4153.0730510021385,5850.0029598308665
1783443531,50,,Aggregated,23.300000,0.000000,6,10,12,13,72,110,170,240,4000,4200,4200,9486,0,6,39.64932905585277,2.9306859978532884,4153.0730510021385,5844.0056925996205
1783443532,50,,Aggregated,22.700000,0.000000,6,10,12,13,72,110,170,230,4000,4200,4200,9507,0,6,39.59665629197607,2.9306859978532884,4153.0730510021385,5851.740927737456
1783443533,50,,Aggregated,22.400000,0.000000,6,10,12,13,72,110,170,230,4000,4200,4200,9527,0,6,39.532277094029205,2.9306859978532884,4153.0730510021385,5854.021727721213
1783443534,50,,Aggregated,22.800000,0.000000,6,10,12,13,72,110,170,230,4000,4200,4200,9555,0,6,39.441745277531545,2.9306859978532884,4153.0730510021385,5856.695552066981
1783443535,50,,Aggregated,23.000000,0.000000,6,10,12,13,72,110,170,230,4000,4200,4200,9579,0,6,39.37487410186873,2.9306859978532884,4153.0730510021385,5860.955110136758
1783443536,50,,Aggregated,22.900000,0.000000,6,10,12,13,72,110,170,230,4000,4200,4200,9600,0,6,39.36413932727091,2.9306859978532884,4153.0730510021385,5858.2128125
1783443537,50,,Aggregated,23.000000,0.000000,6,10,12,13,72,110,170,230,4000,4200,4200,9623,0,6,39.309143662038636,2.9306859978532884,4153.0730510021385,5858.013613218331
1783443538,50,,Aggregated,23.100000,0.000000,6,10,12,13,72,110,170,230,4000,4200,4200,9649,0,6,39.313841992620574,2.9306859978532884,4153.0730510021385,5858.10747227692
1783443539,50,,Aggregated,22.600000,0.000000,6,10,12,13,72,110,170,230,4000,4200,4200,9678,0,6,39.228984501529,2.9306859978532884,4153.0730510021385,5855.144864641455
1783443540,50,,Aggregated,23.300000,0.000000,6,10,12,13,72,110,170,230,4000,4200,4200,9697,0,6,39.182619346891244,2.9306859978532884,4153.0730510021385,5850.922347117666
1783443541,50,,Aggregated,23.200000,0.000000,6,10,12,13,72,110,170,230,4000,4200,4200,9717,0,6,39.166599143028414,2.9306859978532884,4153.0730510021385,5850.031285376145
1783443542,50,,Aggregated,23.900000,0.000000,6,10,12,13,72,110,170,230,4000,4200,4200,9746,0,6,39.1122900103423,2.9306859978532884,4153.0730510021385,5849.357993022779
1783443543,50,,Aggregated,22.900000,0.000000,6,10,12,13,72,110,170,230,4000,4200,4200,9762,0,6,39.083205714381606,2.9306859978532884,4153.0730510021385,5847.569965171071
1783443544,50,,Aggregated,23.000000,0.000000,6,10,12,13,72,110,170,230,4000,4200,4200,9783,0,6,39.030114702421905,2.9306859978532884,4153.0730510021385,5847.651436164776
1783443545,50,,Aggregated,23.700000,0.000000,6,10,12,13,72,110,170,230,4000,4200,4200,9808,0,6,38.97808782400046,2.9306859978532884,4153.0730510021385,5844.692088091354
1783443546,50,,Aggregated,23.100000,0.000000,6,10,12,13,72,110,170,230,4000,4200,4200,9836,0,6,38.91321976502445,2.9306859978532884,4153.0730510021385,5848.3341805612035
1783443547,50,,Aggregated,23.400000,0.000000,6,10,12,13,72,110,170,230,4000,4200,4200,9855,0,6,38.86334713858628,2.9306859978532884,4153.0730510021385,5840.687468290208
1783443548,50,,Aggregated,22.800000,0.000000,6,10,12,13,72,110,170,230,4000,4200,4200,9880,0,6,38.79997915382164,2.9306859978532884,4153.0730510021385,5843.269331983805
1783443549,50,,Aggregated,23.900000,0.000000,6,10,12,13,71,110,170,230,4000,4200,4200,9902,0,6,38.73152260207662,2.9306859978532884,4153.0730510021385,5839.930721066451
1783443550,50,,Aggregated,22.700000,0.000000,6,10,12,13,71,110,170,230,4000,4200,4200,9926,0,6,38.669750962600006,2.9306859978532884,4153.0730510021385,5844.392806770099
1783443551,50,,Aggregated,22.900000,0.000000,6,10,12,13,71,110,170,230,4000,4200,4200,9950,0,6,38.611792982791556,2.9306859978532884,4153.0730510021385,5843.018994974875
1783443552,50,,Aggregated,22.500000,0.000000,6,10,12,13,71,110,170,230,4000,4200,4200,9974,0,6,38.532714413251554,2.9306859978532884,4153.0730510021385,5844.19981953078
1783443553,50,,Aggregated,22.900000,0.000000,6,10,12,13,71,110,170,230,4000,4200,4200,9998,0,6,38.463835014280264,2.9306859978532884,4153.0730510021385,5842.092318463693
1783443554,50,,Aggregated,23.100000,0.000000,6,10,12,13,71,110,170,230,4000,4100,4200,10014,0,6,38.51868520239336,2.9306859978532884,4153.0730510021385,5839.716696624725
1783443555,50,,Aggregated,22.700000,0.000000,6,10,12,13,71,110,170,230,4000,4100,4200,10044,0,6,38.44712640529225,2.9306859978532884,4153.0730510021385,5843.343588211867
1783443556,50,,Aggregated,23.700000,0.000000,6,10,12,13,71,110,170,230,4000,4100,4200,10065,0,6,38.40186686783496,2.9306859978532884,4153.0730510021385,5836.692200695479
1783443557,50,,Aggregated,22.500000,0.000000,6,10,12,13,71,110,170,230,4000,4100,4200,10083,0,6,38.39421924434777,2.9306859978532884,4153.0730510021385,5832.643855995239
1783443558,50,,Aggregated,23.500000,0.000000,6,10,12,13,71,110,170,230,4000,4100,4200,10105,0,6,38.34296134633954,2.9306859978532884,4153.0730510021385,5836.5344878772885
1783443559,50,,Aggregated,22.500000,0.000000,6,10,12,13,71,110,170,240,4000,4100,4200,10129,0,6,38.441114830759076,2.9306859978532884,4153.0730510021385,5831.971961694146
1783443560,50,,Aggregated,22.700000,0.000000,6,10,12,13,71,110,170,240,4000,4100,4200,10151,0,6,38.381940010320164,2.9306859978532884,4153.0730510021385,5835.948576494927
1783443561,50,,Aggregated,22.300000,0.000000,6,10,12,13,71,110,170,240,4000,4100,4200,10174,0,6,38.3189972468794,2.9306859978532884,4153.0730510021385,5831.337920188716
1783443562,50,,Aggregated,22.500000,0.000000,6,10,11,13,71,110,170,240,4000,4100,4200,10197,0,6,38.26036220768384,2.9306859978532884,4153.0730510021385,5837.207708149455
1783443563,50,,Aggregated,22.500000,0.000000,6,10,11,13,71,110,170,230,4000,4100,4200,10218,0,6,38.19702953520792,2.9306859978532884,4153.0730510021385,5833.880407124682
1783443565,50,,Aggregated,22.400000,0.000000,6,10,12,13,71,110,170,230,4000,4100,4200,10248,0,6,38.1403215343241,2.9306859978532884,4153.0730510021385,5837.071233411398
1783443566,50,,Aggregated,22.300000,0.000000,6,10,12,13,71,110,170,230,4000,4100,4200,10268,0,6,38.09777594319699,2.9306859978532884,4153.0730510021385,5840.902123100896
1783443567,50,,Aggregated,23.400000,0.000000,6,10,12,13,71,110,170,230,4000,4100,4200,10291,0,6,38.04055659923555,2.9306859978532884,4153.0730510021385,5839.769312991934
1783443568,50,,Aggregated,22.300000,0.000000,6,10,12,13,70,110,170,230,4000,4100,4200,10311,0,6,38.000218401777964,2.9306859978532884,4153.0730510021385,5841.939579090292
1783443569,50,,Aggregated,22.300000,0.000000,6,10,12,13,70,110,170,230,4000,4100,4200,10336,0,6,37.941619711854536,2.9306859978532884,4153.0730510021385,5842.597426470588
1783443570,50,,Aggregated,22.500000,0.000000,6,10,11,13,70,110,170,230,4000,4100,4200,10358,0,6,37.88747656659008,2.9306859978532884,4153.0730510021385,5843.970457617301
1783443571,50,,Aggregated,22.600000,0.000000,6,10,11,13,70,110,170,230,4000,4100,4200,10380,0,6,37.82893798533111,2.9306859978532884,4153.0730510021385,5846.88612716763
1783443572,50,,Aggregated,22.900000,0.000000,6,10,11,13,70,110,170,230,4000,4100,4200,10407,0,6,37.77521332225753,2.9306859978532884,4153.0730510021385,5852.8145479004515
1783443573,50,,Aggregated,22.900000,0.000000,6,10,11,13,70,110,170,230,4000,4100,4200,10425,0,6,37.73930358529856,2.9306859978532884,4153.0730510021385,5855.010839328537
1783443574,50,,Aggregated,23.200000,0.000000,6,10,11,13,70,110,170,230,4000,4100,4200,10446,0,6,37.7082587366204,2.9306859978532884,4153.0730510021385,5852.329504116408
1783443575,50,,Aggregated,22.800000,0.000000,6,10,11,13,70,110,170,230,4000,4100,4200,10469,0,6,37.68728294877644,2.9306859978532884,4153.0730510021385,5845.824911643901
1783443576,50,,Aggregated,22.500000,0.000000,6,10,11,13,70,110,170,230,4000,4100,4200,10490,0,6,37.63605459330252,2.9306859978532884,4153.0730510021385,5843.563870352717
1783443577,50,,Aggregated,22.500000,0.000000,6,10,12,13,70,110,170,230,4000,4100,4200,10518,0,6,37.59783362566515,2.9306859978532884,4153.0730510021385,5840.817360714965
1783443578,50,,Aggregated,22.100000,0.000000,6,10,12,13,70,110,170,230,4000,4100,4200,10536,0,6,37.55681239186891,2.9306859978532884,4153.0730510021385,5846.619400151861
1783443579,50,,Aggregated,22.100000,0.000000,6,10,12,13,70,110,170,230,4000,4100,4200,10558,0,6,37.50231121242045,2.9306859978532884,4153.0730510021385,5844.815021784429
1783443580,50,,Aggregated,22.500000,0.000000,6,10,12,13,70,110,170,230,4000,4100,4200,10582,0,6,37.47628016837398,2.9306859978532884,4153.0730510021385,5838.691457191458
1783443581,50,,Aggregated,22.500000,0.000000,6,10,12,13,70,110,170,230,4000,4100,4200,10603,0,6,37.44172198884642,2.9306859978532884,4153.0730510021385,5840.746581156276
1783443582,50,,Aggregated,22.100000,0.000000,6,10,12,13,70,110,170,230,4000,4100,4200,10625,0,6,37.38014648524504,2.9306859978532884,4153.0730510021385,5836.388423529412
1783443583,50,,Aggregated,22.300000,0.000000,6,10,12,13,70,110,170,230,4000,4100,4200,10646,0,6,37.330548590242515,2.9306859978532884,4153.0730510021385,5836.725436783769
1783443584,50,,Aggregated,21.700000,0.000000,6,10,12,13,70,110,170,230,4000,4100,4200,10671,0,6,37.28321986887184,2.9306859978532884,4153.0730510021385,5840.73751288539
1783443585,50,,Aggregated,22.000000,0.000000,6,10,12,13,70,110,170,230,4000,4100,4200,10694,0,6,37.22806868877259,2.9306859978532884,4153.0730510021385,5841.337946512062
1783443586,50,,Aggregated,22.700000,0.000000,6,10,12,13,70,110,170,230,4000,4100,4200,10721,0,6,37.16446081034625,2.9306859978532884,4153.0730510021385,5843.036657028262
1783443587,50,,Aggregated,22.400000,0.000000,6,10,12,13,70,110,170,230,4000,4100,4200,10742,0,6,37.12504067396409,2.9306859978532884,4153.0730510021385,5842.742040588345
1783443588,50,,Aggregated,22.800000,0.000000,6,10,12,13,70,110,170,230,4000,4100,4200,10767,0,6,37.0699290479925,2.9306859978532884,4153.0730510021385,5845.987461688493
1783443589,50,,Aggregated,22.100000,0.000000,6,10,12,13,70,110,170,230,4000,4100,4200,10785,0,6,37.037404894273536,2.9306859978532884,4153.0730510021385,5851.646267964766
1783443590,50,,Aggregated,23.000000,0.000000,6,10,12,13,69,110,170,230,4000,4100,4200,10811,0,6,36.98302701551596,2.9306859978532884,4153.0730510021385,5853.290444917214
1783443591,50,,Aggregated,23.000000,0.000000,6,10,12,13,69,110,170,230,4000,4100,4200,10832,0,6,36.9361090649688,2.9306859978532884,4153.0730510021385,5849.067577548006
1783443592,50,,Aggregated,23.000000,0.000000,6,10,12,13,69,110,170,230,4000,4100,4200,10859,0,6,36.88677018120721,2.9306859978532884,4153.0730510021385,5847.12561009301
1783443593,50,,Aggregated,22.900000,0.000000,6,10,12,13,69,110,170,230,4000,4100,4200,10883,0,6,36.81911313155709,2.9306859978532884,4153.0730510021385,5846.8046494532755
1783443594,50,,Aggregated,23.500000,0.000000,6,10,12,13,69,110,170,230,4000,4100,4200,10906,0,6,36.77485609689525,2.9306859978532884,4153.0730510021385,5848.656886117733
1783443595,50,,Aggregated,23.600000,0.000000,6,10,12,13,69,110,170,230,4000,4100,4200,10929,0,6,36.770910103278524,2.9306859978532884,4153.0730510021385,5844.8477445328945
1783443596,50,,Aggregated,23.300000,0.000000,6,10,12,13,69,110,170,230,4000,4100,4200,10948,0,6,36.72772182185955,2.9306859978532884,4153.0730510021385,5850.054073803434
1783443597,50,,Aggregated,23.100000,0.000000,6,10,12,13,69,110,170,230,4000,4100,4200,10970,0,6,36.676356787485304,2.9306859978532884,4153.0730510021385,5851.704102096627
1783443598,50,,Aggregated,22.900000,0.000000,6,10,12,13,69,110,170,230,4000,4100,4200,10993,0,6,36.65017519391614,2.9306859978532884,4153.0730510021385,5848.630855999272
1783443599,50,,Aggregated,22.800000,0.000000,6,10,12,13,69,110,170,230,4000,4100,4200,11024,0,6,36.60471544282582,2.9306859978532884,4153.0730510021385,5855.210087082729
1783443600,50,,Aggregated,22.400000,0.000000,6,10,12,13,69,110,170,230,4000,4100,4200,11045,0,6,36.59071563238624,2.9306859978532884,4153.0730510021385,5855.056767768221
1783443601,50,,Aggregated,23.500000,0.000000,6,10,12,13,69,110,170,230,4000,4100,4200,11067,0,6,36.53933300919073,2.9306859978532884,4153.0730510021385,5856.1440318062705
1783443602,50,,Aggregated,23.400000,0.000000,6,10,12,13,69,110,170,230,4000,4100,4200,11091,0,6,36.49970311384997,2.9306859978532884,4153.0730510021385,5856.561897033631
1783443603,50,,Aggregated,23.400000,0.000000,6,10,12,13,69,110,170,230,4000,4100,4200,11116,0,6,36.44707958561592,2.9306859978532884,4153.0730510021385,5849.783825116949
1783443604,50,,Aggregated,23.100000,0.000000,6,10,12,13,69,110,170,230,4000,4100,4200,11141,0,6,36.45004105634218,2.9306859978532884,4153.0730510021385,5847.096310923615
1783443605,50,,Aggregated,22.900000,0.000000,6,10,12,13,69,110,170,230,4000,4100,4200,11156,0,6,36.41334322218568,2.9306859978532884,4153.0730510021385,5847.968806023664
1783443606,50,,Aggregated,23.200000,0.000000,6,10,12,13,69,110,170,230,4000,4100,4200,11187,0,6,36.370005292008436,2.9306859978532884,4153.0730510021385,5845.635916689014
1783443607,50,,Aggregated,23.200000,0.000000,6,10,12,13,69,110,170,230,4000,4100,4200,11210,0,6,36.331577048681005,2.9306859978532884,4153.0730510021385,5844.767618198038
1783443608,50,,Aggregated,24.000000,0.000000,6,10,12,13,69,110,170,230,4000,4100,4200,11233,0,6,36.27716773201442,2.9306859978532884,4153.0730510021385,5846.091872162378
1783443609,50,,Aggregated,24.000000,0.000000,6,10,12,13,69,110,160,230,4000,4100,4200,11256,0,6,36.22965978018005,2.9306859978532884,4153.0730510021385,5849.892768301351
1783443610,50,,Aggregated,24.200000,0.000000,6,10,11,13,69,110,170,230,4000,4100,4200,11279,0,6,36.20466994057077,2.9306859978532884,4153.0730510021385,5845.832875254899
1783443611,50,,Aggregated,23.000000,0.000000,6,10,11,13,69,110,170,230,4000,4100,4200,11299,0,6,36.15930755542067,2.9306859978532884,4153.0730510021385,5849.576068678644
1783443612,50,,Aggregated,23.300000,0.000000,6,10,11,13,69,110,160,230,4000,4100,4200,11322,0,6,36.12452415409887,2.9306859978532884,4153.0730510021385,5847.80886769122
1783443613,50,,Aggregated,23.100000,0.000000,6,10,11,13,69,110,160,230,4000,4100,4200,11350,0,6,36.070807141295354,2.9306859978532884,4153.0730510021385,5847.794185022027
1783443614,50,,Aggregated,23.000000,0.000000,6,10,11,13,69,110,160,230,4000,4100,4200,11373,0,6,36.02945035212385,2.9306859978532884,4153.0730510021385,5843.920689351974
1783443615,50,,Aggregated,23.800000,0.000000,6,10,11,13,69,110,160,230,4000,4100,4200,11398,0,6,35.97498730318539,2.9306859978532884,4153.0730510021385,5847.6974907878575
1783443616,50,,Aggregated,23.500000,0.000000,6,10,11,13,69,110,160,230,4000,4100,4200,11419,0,6,35.93392473585438,2.9306859978532884,4153.0730510021385,5848.409142656975
1783443617,50,,Aggregated,23.800000,0.000000,6,10,11,13,69,110,160,230,4000,4100,4200,11442,0,6,35.88365262469197,2.9306859978532884,4153.0730510021385,5852.184058730991
1783443618,50,,Aggregated,22.900000,0.000000,6,10,11,13,69,110,160,230,4000,4100,4200,11465,0,6,35.84727737232719,2.9306859978532884,4153.0730510021385,5852.523244657654
1783443619,50,,Aggregated,23.300000,0.000000,6,10,11,13,69,110,160,230,4000,4100,4200,11490,0,6,35.80762688517968,2.9306859978532884,4153.0730510021385,5860.035770234987
1783443620,50,,Aggregated,23.100000,0.000000,6,10,11,13,69,110,160,220,4000,4100,4200,11510,0,6,35.76848674723952,2.9306859978532884,4153.0730510021385,5857.3308427454385
1783443621,50,,Aggregated,23.400000,0.000000,6,10,11,13,69,110,160,220,4000,4100,4200,11532,0,6,35.73918379550219,2.9306859978532884,4153.0730510021385,5856.751387443635
1783443622,50,,Aggregated,22.700000,0.000000,6,10,11,13,69,110,160,220,4000,4100,4200,11559,0,6,35.673179818819364,2.9306859978532884,4153.0730510021385,5856.470455921793
1783443623,50,,Aggregated,23.200000,0.000000,6,10,11,13,69,110,160,220,4000,4100,4200,11583,0,6,35.630060700745766,2.9306859978532884,4153.0730510021385,5852.126219459553
1783443624,50,,Aggregated,23.400000,0.000000,6,10,11,13,68,110,160,220,4000,4100,4200,11603,0,6,35.59317969747014,2.9306859978532884,4153.0730510021385,5853.815220201672
1783443625,50,,Aggregated,22.600000,0.000000,6,10,11,13,69,110,160,220,4000,4100,4200,11620,0,6,35.57189316237008,2.9306859978532884,4153.0730510021385,5854.029862306368
1783443626,50,,Aggregated,22.700000,0.000000,6,10,11,13,68,110,160,220,4000,4100,4200,11648,0,6,35.519349839433616,2.9306859978532884,4153.0730510021385,5848.484460851649
1783443627,50,,Aggregated,22.100000,0.000000,6,10,11,13,68,110,160,220,4000,4100,4200,11668,0,6,35.48552834356636,2.9306859978532884,4153.0730510021385,5851.564021254714
1783443628,50,,Aggregated,22.400000,0.000000,6,10,11,13,68,110,160,220,4000,4100,4200,11692,0,6,35.44661393018512,2.9306859978532884,4153.0730510021385,5852.406346219637
1783443629,50,,Aggregated,22.300000,0.000000,6,10,11,13,68,110,160,220,4000,4100,4200,11716,0,6,35.418669241440774,2.9306859978532884,4153.0730510021385,5852.033458518265
1783443630,50,,Aggregated,22.100000,0.000000,6,10,11,13,68,110,160,220,4000,4100,4200,11740,0,6,35.38409778924253,2.9306859978532884,4153.0730510021385,5851.527768313458
1783443631,50,,Aggregated,22.500000,0.000000,6,10,11,13,68,110,160,220,4000,4100,4200,11759,0,6,35.34682053071722,2.9306859978532884,4153.0730510021385,5848.046177396037
1783443632,50,,Aggregated,23.100000,0.000000,6,10,11,13,68,110,160,220,4000,4100,4200,11784,0,6,35.309636778488034,2.9306859978532884,4153.0730510021385,5850.8219619823485
1783443633,50,,Aggregated,22.500000,0.000000,6,10,11,13,68,110,160,220,4000,4100,4200,11806,0,6,35.25550556460331,2.9306859978532884,4153.0730510021385,5850.5826698289
1783443634,50,,Aggregated,22.600000,0.000000,6,10,11,13,68,110,160,220,4000,4100,4200,11837,0,6,35.20912972085089,2.9306859978532884,4153.0730510021385,5850.932584269663
1783443635,50,,Aggregated,22.400000,0.000000,6,10,11,13,68,110,160,220,4000,4100,4200,11856,0,6,35.1759853640099,2.9306859978532884,4153.0730510021385,5847.992493252362
1783443636,50,,Aggregated,23.400000,0.000000,6,10,11,13,68,110,160,220,4000,4100,4200,11884,0,6,35.141635224225304,2.9306859978532884,4153.0730510021385,5849.435796028273
1783443637,50,,Aggregated,23.500000,0.000000,6,10,11,13,68,110,160,220,4000,4100,4200,11901,0,6,35.11736894997829,2.9306859978532884,4153.0730510021385,5849.8752205697
1783443638,50,,Aggregated,23.300000,0.000000,6,10,11,13,68,110,160,220,4000,4100,4200,11925,0,6,35.10567482521529,2.9306859978532884,4153.0730510021385,5849.280503144654
1783443639,50,,Aggregated,23.400000,0.000000,6,10,11,13,68,110,160,220,4000,4100,4200,11954,0,6,35.04496321596924,2.9306859978532884,4153.0730510021385,5851.87987284591
1783443640,50,,Aggregated,23.800000,0.000000,6,10,11,13,68,110,160,220,4000,4100,4200,11971,0,6,35.020085916773674,2.9306859978532884,4153.0730510021385,5848.75173335561
1783443641,50,,Aggregated,23.800000,0.000000,6,10,11,13,68,100,160,220,4000,4100,4200,11992,0,6,34.97865212155634,2.9306859978532884,4153.0730510021385,5847.731487658439
1783443642,50,,Aggregated,22.900000,0.000000,6,10,11,13,68,100,160,220,4000,4100,4200,12018,0,6,34.94398425991877,2.9306859978532884,4153.0730510021385,5845.685887834914
1783443643,50,,Aggregated,23.200000,0.000000,6,10,11,13,68,100,160,220,4000,4100,4200,12042,0,6,34.8993022665425,2.9306859978532884,4153.0730510021385,5845.3081714001
1783443644,50,,Aggregated,23.100000,0.000000,6,10,11,13,68,100,160,220,4000,4100,4200,12067,0,6,34.855116525291834,2.9306859978532884,4153.0730510021385,5848.673158200049
1783443645,50,,Aggregated,23.700000,0.000000,6,10,11,13,68,100,160,220,4000,4100,4200,12087,0,6,34.81793158473494,2.9306859978532884,4153.0730510021385,5843.678580292877
1783443646,50,,Aggregated,22.500000,0.000000,6,10,11,13,68,100,160,220,4000,4100,4200,12114,0,6,34.80243299006827,2.9306859978532884,4153.0730510021385,5837.949562489682
1783443647,50,,Aggregated,23.100000,0.000000,6,10,11,13,68,100,160,220,4000,4100,4200,12139,0,6,34.753963468464725,2.9306859978532884,4153.0730510021385,5838.279265178351
1783443648,50,,Aggregated,23.200000,0.000000,6,10,11,13,68,100,160,220,4000,4100,4200,12162,0,6,34.70766893016777,2.9306859978532884,4153.0730510021385,5836.644713040619
1783443649,50,,Aggregated,23.700000,0.000000,6,10,11,13,68,100,160,220,4000,4100,4200,12186,0,6,34.66319116565831,2.9306859978532884,4153.0730510021385,5838.849827671098
1783443650,50,,Aggregated,23.400000,0.000000,6,10,11,13,68,100,160,220,4000,4100,4200,12207,0,6,34.621319070508996,2.9306859978532884,4153.0730510021385,5841.724338494307
1783443651,50,,Aggregated,23.200000,0.000000,6,10,11,13,68,100,160,220,4000,4100,4200,12232,0,6,34.57565515587897,2.9306859978532884,4153.0730510021385,5844.848103335514
1783443652,50,,Aggregated,23.800000,0.000000,6,10,11,13,68,100,160,220,4000,4100,4200,12253,0,6,34.54313613104617,2.9306859978532884,4153.0730510021385,5848.956582061536
1783443653,50,,Aggregated,23.700000,0.000000,6,10,11,13,67,100,160,220,4000,4100,4200,12271,0,6,34.50825847410245,2.9306859978532884,4153.0730510021385,5850.473474044496
1783443654,50,,Aggregated,23.400000,0.000000,6,10,11,13,67,100,160,220,4000,4100,4200,12300,0,6,34.44679984948822,2.9306859978532884,4153.0730510021385,5856.453089430895
1783443655,50,,Aggregated,23.000000,0.000000,6,10,11,13,67,100,160,220,4000,4100,4200,12325,0,6,34.422908480787925,2.9306859978532884,4153.0730510021385,5853.321622718053
1783443656,50,,Aggregated,23.200000,0.000000,6,10,11,13,67,100,160,220,4000,4100,4200,12348,0,6,34.37138146466728,2.9306859978532884,4153.0730510021385,5849.02664399093
1783443657,50,,Aggregated,23.000000,0.000000,6,10,11,13,67,100,160,220,4000,4100,4200,12367,0,6,34.3287299062602,2.9306859978532884,4153.0730510021385,5851.404867793321
1783443658,50,,Aggregated,23.200000,0.000000,6,10,11,13,67,100,160,220,4000,4100,4200,12393,0,6,34.29121710729617,2.9306859978532884,4153.0730510021385,5848.824336318889
1783443659,50,,Aggregated,22.100000,0.000000,6,10,11,13,67,100,160,210,4000,4100,4200,12414,0,6,34.256005817280275,2.9306859978532884,4153.0730510021385,5848.227323989045
1783443660,50,,Aggregated,21.800000,0.000000,6,10,11,13,67,100,160,210,4000,4100,4200,12436,0,6,34.22480908272158,2.9306859978532884,4153.0730510021385,5848.2540205853975
1783443661,50,,Aggregated,22.300000,0.000000,6,10,11,13,67,100,160,210,4000,4100,4200,12463,0,6,34.19050973928602,2.9306859978532884,4153.0730510021385,5848.682339725588
1783443662,50,,Aggregated,22.100000,0.000000,6,10,11,13,67,100,160,210,4000,4100,4200,12487,0,6,34.14074786824097,2.9306859978532884,4153.0730510021385,5850.561624089052
1783443663,50,,Aggregated,21.900000,0.000000,6,10,11,13,67,100,160,210,4000,4100,4200,12508,0,6,34.10764648734554,2.9306859978532884,4153.0730510021385,5847.092820594819
1783443664,50,,Aggregated,22.500000,0.000000,6,10,11,13,67,100,160,210,4000,4100,4200,12528,0,6,34.08390637681329,2.9306859978532884,4153.0730510021385,5850.9778895274585
1783443665,50,,Aggregated,23.000000,0.000000,6,10,11,13,67,100,160,210,4000,4100,4200,12555,0,6,34.03407722952694,2.9306859978532884,4153.0730510021385,5850.8743130227
1783443666,50,,Aggregated,22.600000,0.000000,6,10,11,13,67,100,160,210,4000,4100,4200,12578,0,6,34.00120327673015,2.9306859978532884,4153.0730510021385,5852.1863571315
1783443667,50,,Aggregated,22.800000,0.000000,6,10,11,13,67,100,160,210,4000,4100,4200,12604,0,6,33.947529494900024,2.9306859978532884,4153.0730510021385,5850.606950174548
1783443668,50,,Aggregated,22.700000,0.000000,6,10,11,13,66,100,160,210,4000,4100,4200,12623,0,6,33.9174891299791,2.9306859978532884,4153.0730510021385,5849.813435791809
1783443669,50,,Aggregated,22.900000,0.000000,6,10,11,13,66,100,160,210,4000,4100,4200,12648,0,6,33.87813143759788,2.9306859978532884,4153.0730510021385,5850.787476280835
1783443670,50,,Aggregated,23.900000,0.000000,6,10,11,13,66,100,160,210,4000,4100,4200,12668,0,6,33.840031737664795,2.9306859978532884,4153.0730510021385,5853.390827281339
1783443671,50,,Aggregated,22.900000,0.000000,6,10,11,13,66,100,160,210,4000,4100,4200,12693,0,6,33.8105652308153,2.9306859978532884,4153.0730510021385,5850.329709288584
1783443672,50,,Aggregated,23.300000,0.000000,6,10,11,13,66,100,160,210,4000,4100,4200,12717,0,6,33.77412485851559,2.9306859978532884,4153.0730510021385,5853.647479751514
1783443673,50,,Aggregated,23.400000,0.000000,6,10,11,13,66,100,160,210,4000,4100,4200,12742,0,6,33.7610765389845,2.9306859978532884,4153.0730510021385,5850.214958405274
1783443674,50,,Aggregated,22.900000,0.000000,6,10,11,13,66,100,160,210,4000,4100,4200,12761,0,6,33.728783013144394,2.9306859978532884,4153.0730510021385,5849.408353577306
1783443675,50,,Aggregated,22.700000,0.000000,6,10,11,13,66,100,160,210,4000,4100,4200,12785,0,6,33.71546791910362,2.9306859978532884,4153.0730510021385,5851.12068830661
1783443676,50,,Aggregated,23.200000,0.000000,6,10,11,13,66,100,160,210,4000,4100,4200,12806,0,6,33.70182874127292,2.9306859978532884,4153.0730510021385,5848.9570513821645
1783443677,50,,Aggregated,22.400000,0.000000,6,10,11,13,66,100,160,210,4000,4100,4200,12831,0,6,33.69424929551427,2.9306859978532884,4153.0730510021385,5850.939209726444
1783443678,50,,Aggregated,22.700000,0.000000,6,10,11,13,66,100,160,210,4000,4100,4200,12854,0,6,33.701178744417064,2.9306859978532884,4153.0730510021385,5849.060136922359
1783443679,50,,Aggregated,23.200000,0.000000,6,10,11,13,67,100,160,210,4000,4100,4200,12875,0,6,33.68924653085237,2.9306859978532884,4153.0730510021385,5846.672077669903
1783443680,50,,Aggregated,22.600000,0.000000,6,10,11,13,66,100,160,210,4000,4100,4200,12895,0,6,33.660527310951835,2.9306859978532884,4153.0730510021385,5844.293447072509
1783443681,50,,Aggregated,23.200000,0.000000,6,10,11,13,67,100,160,210,4000,4100,4200,12918,0,6,33.64615696963333,2.9306859978532884,4153.0730510021385,5844.203669298653
1783443682,50,,Aggregated,22.600000,0.000000,6,10,11,13,66,100,160,210,4000,4100,4200,12941,0,6,33.62356591621402,2.9306859978532884,4153.0730510021385,5842.830847693378
1783443683,50,,Aggregated,22.500000,0.000000,6,10,11,13,66,100,160,210,4000,4100,4200,12961,0,6,33.62308675825413,2.9306859978532884,4153.0730510021385,5841.661600185171
1783443684,50,,Aggregated,22.500000,0.000000,6,10,11,13,67,100,160,220,4000,4100,4200,12983,0,6,33.659077786083216,2.9306859978532884,4153.0730510021385,5838.656550874221
1783443685,50,,Aggregated,22.200000,0.000000,6,10,11,13,67,100,160,220,4000,4100,4200,13005,0,6,33.70646043757859,2.9306859978532884,4153.0730510021385,5839.546405228758
1783443686,50,,Aggregated,22.000000,0.000000,6,10,11,13,67,100,160,220,4000,4100,4200,13031,0,6,33.675346495719175,2.9306859978532884,4153.0730510021385,5837.787353234595
1783443687,50,,Aggregated,22.700000,0.000000,6,10,11,13,67,100,160,220,4000,4100,4200,13048,0,6,33.65277366184175,2.9306859978532884,4153.0730510021385,5838.329169221337
1783443688,50,,Aggregated,22.200000,0.000000,6,10,11,13,67,100,160,220,4000,4100,4200,13074,0,6,33.62424978665355,2.9306859978532884,4153.0730510021385,5835.252409362092
1783443689,50,,Aggregated,21.900000,0.000000,6,10,11,13,67,100,160,220,4000,4100,4200,13103,0,6,33.601919100489134,2.9306859978532884,4153.0730510021385,5838.554071586659
1783443690,50,,Aggregated,21.200000,0.000000,6,10,11,13,67,100,160,220,4000,4100,4200,13123,0,6,33.5685015577011,2.9306859978532884,4153.0730510021385,5835.072315781453
1783443691,50,,Aggregated,22.000000,0.000000,6,10,11,13,67,100,160,220,4000,4100,4200,13140,0,6,33.55306713841048,2.9306859978532884,4153.0730510021385,5829.82397260274
1783443692,50,,Aggregated,22.800000,0.000000,6,10,11,13,67,100,160,220,4000,4100,4200,13171,0,6,33.527582167315785,2.9306859978532884,4153.0730510021385,5829.451977830081
1783443693,50,,Aggregated,22.700000,0.000000,6,10,11,13,67,100,160,220,4000,4100,4200,13187,0,6,33.50119530254917,2.9306859978532884,4153.0730510021385,5830.006749071054
1783443694,50,,Aggregated,22.500000,0.000000,6,10,11,13,67,100,160,220,4000,4100,4200,13208,0,6,33.46895076504498,2.9306859978532884,4153.0730510021385,5828.0542095699575
1783443695,50,,Aggregated,23.100000,0.000000,6,10,11,13,67,100,160,220,4000,4100,4200,13234,0,6,33.4433978808912,2.9306859978532884,4153.0730510021385,5824.756838446426
1783443696,50,,Aggregated,22.400000,0.000000,6,10,11,13,67,100,160,220,4000,4100,4200,13255,0,6,33.413337064332026,2.9306859978532884,4153.0730510021385,5821.716786118446
1783443697,50,,Aggregated,22.300000,0.000000,6,10,11,13,67,100,160,220,4000,4100,4200,13277,0,6,33.43966879744798,2.9306859978532884,4153.0730510021385,5820.126158017624
1783443698,50,,Aggregated,22.200000,0.000000,6,10,11,13,67,100,160,220,4000,4100,4200,13297,0,6,33.44647686934826,2.9306859978532884,4153.0730510021385,5822.304579980447
1783443699,50,,Aggregated,22.300000,0.000000,6,10,11,13,67,100,160,220,4000,4100,4200,13322,0,6,33.432748624059485,2.9306859978532884,4153.0730510021385,5822.309413001051
1783443700,50,,Aggregated,23.100000,0.000000,6,10,11,13,67,100,160,220,4000,4100,4200,13341,0,6,33.40673986932903,2.9306859978532884,4153.0730510021385,5829.522524548384
1783443701,50,,Aggregated,22.000000,0.000000,6,10,11,13,67,100,160,220,4000,4100,4200,13369,0,6,33.363518176656484,2.9306859978532884,4153.0730510021385,5831.547684942778
1783443702,50,,Aggregated,21.600000,0.000000,6,10,11,13,67,100,160,220,4000,4100,4200,13392,0,6,33.35133010317498,2.9306859978532884,4153.0730510021385,5828.035020908005
1783443703,50,,Aggregated,22.100000,0.000000,6,10,11,13,67,100,160,220,4000,4100,4200,13412,0,6,33.32156701742647,2.9306859978532884,4153.0730510021385,5825.028705636743
1783443704,50,,Aggregated,22.200000,0.000000,6,10,11,13,67,100,160,220,4000,4100,4200,13432,0,6,33.29664800124547,2.9306859978532884,4153.0730510021385,5824.310601548541
1783443705,50,,Aggregated,21.700000,0.000000,6,10,11,13,67,100,160,220,4000,4100,4200,13460,0,6,33.24941544678593,2.9306859978532884,4153.0730510021385,5834.805497771174
1783443706,50,,Aggregated,22.400000,0.000000,6,10,11,13,67,100,160,220,4000,4100,4200,13480,0,6,33.217436962443784,2.9306859978532884,4153.0730510021385,5831.302893175074
1783443707,50,,Aggregated,22.400000,0.000000,6,10,11,13,67,100,160,220,4000,4100,4200,13503,0,6,33.193591342127924,2.921090999734588,4153.0730510021385,5832.710138487743
1783443708,50,,Aggregated,22.800000,0.000000,6,10,11,13,67,100,160,220,4000,4100,4200,13528,0,6,33.160798385700375,2.921090999734588,4153.0730510021385,5836.762566528681
1783443709,50,,Aggregated,22.600000,0.000000,6,10,11,13,67,100,160,220,4000,4100,4200,13554,0,6,33.13913442421102,2.921090999734588,4153.0730510021385,5836.800575475874
1783443710,50,,Aggregated,22.300000,0.000000,6,10,11,13,67,100,160,220,4000,4100,4200,13574,0,6,33.110054638923145,2.921090999734588,4153.0730510021385,5835.829527036983
1783443711,50,,Aggregated,23.100000,0.000000,6,10,11,13,67,100,160,220,4000,4100,4200,13597,0,6,33.08431887517425,2.921090999734588,4153.0730510021385,5836.197984849599
1783443712,50,,Aggregated,22.900000,0.000000,6,10,11,13,67,100,160,220,4000,4100,4200,13624,0,6,33.048738600611415,2.921090999734588,4153.0730510021385,5836.959556664709
1783443713,50,,Aggregated,22.600000,0.000000,6,10,11,13,67,100,160,220,4000,4100,4200,13646,0,6,33.020967554721395,2.921090999734588,4153.0730510021385,5833.278250036641
1783443714,50,,Aggregated,23.000000,0.000000,6,10,11,13,67,100,160,220,4000,4100,4200,13666,0,6,33.00342253078635,2.921090999734588,4153.0730510021385,5831.9709498024295
1783443715,50,,Aggregated,23.200000,0.000000,6,10,11,13,67,100,160,220,4000,4100,4200,13685,0,6,32.96739801108732,2.921090999734588,4153.0730510021385,5831.912020460358
1783443716,50,,Aggregated,23.200000,0.000000,6,10,11,13,66,100,160,220,4000,4100,4200,13707,0,6,32.93198530208801,2.921090999734588,4153.0730510021385,5830.1210330488075
1783443717,50,,Aggregated,23.200000,0.000000,6,10,11,13,67,100,160,220,4000,4100,4200,13729,0,6,32.9188476000226,2.921090999734588,4153.0730510021385,5831.076480442858
1783443718,50,,Aggregated,22.600000,0.000000,6,10,11,13,66,100,160,220,4000,4100,4200,13753,0,6,32.89169388545772,2.921090999734588,4153.0730510021385,5833.097651421508
1783443719,50,,Aggregated,22.400000,0.000000,6,10,11,13,67,100,160,220,4000,4100,4200,13774,0,6,32.91963515795633,2.921090999734588,4153.0730510021385,5832.744228256135
