Timestamp,User Count,Type,Name,Requests/s,Failures/s,50%,66%,75%,80%,90%,95%,98%,99%,99.9%,99.99%,100%,Total Request Count,Total Failure Count,Total Median Response Time,Total Average Response Time,Total Min Response Time,Total Max Response Time,Total Average Content Size
1783331585,0,,Aggregated,0.000000,0.000000,N/A,N/A,N/A,N/A,N/A,N/A,N/A,N/A,N/A,N/A,N/A,0,0,0,0.0,0,0,0
1783331586,50,,Aggregated,0.000000,0.000000,200,200,720,720,720,720,720,720,720,720,720,3,0,200.0,322.98322032632615,50.53610700997524,722.4396919773426,1243.3333333333333
1783331587,100,,Aggregated,0.000000,0.000000,200,720,720,1100,1100,1100,1100,1100,1100,1100,1100,5,0,200.0,416.5116129908711,50.53610700997524,1057.038606988499,2227.0
1783331588,100,,Aggregated,0.000000,0.000000,2900,2900,3000,3000,3000,3000,3000,3000,3000,3000,3000,18,0,2900.0,2184.2358823859186,50.53610700997524,2991.8199020030443,1100.7222222222222
1783331589,100,,Aggregated,2.500000,0.000000,370,500,1100,2900,2900,3000,3000,3000,3000,3000,3000,57,0,370.0,940.5535160662942,50.53610700997524,2991.8199020030443,2604.4210526315787
1783331590,100,,Aggregated,1.666667,0.000000,280,390,500,650,2900,3000,3000,3000,3000,3000,3000,81,0,280.0,726.7411802690563,50.53610700997524,2991.8199020030443,5304.3456790123455
1783331591,100,,Aggregated,4.500000,0.000000,240,370,1800,3000,5500,5600,5900,5900,5900,5900,5900,194,0,240.0,1366.766483823291,4.3959250033367425,5882.105244003469,3708.8041237113403
1783331592,100,,Aggregated,13.000000,0.000000,250,330,440,500,5400,5600,5900,5900,6100,6100,6100,311,0,250.0,1034.896262493913,4.3959250033367425,6050.104738009395,5346.299035369775
1783331593,100,,Aggregated,13.666667,0.000000,230,330,390,460,5300,5500,5800,5900,6100,6100,6100,353,0,230.0,929.9655520893427,4.083500010892749,6050.104738009395,6354.781869688385
1783331594,100,,Aggregated,29.428571,0.000000,170,260,360,490,5600,7600,7700,7800,7900,7900,7900,578,0,160.0,1198.0591216604455,4.083500010892749,7927.464632986812,5545.809688581315
1783331595,100,,Aggregated,40.625000,0.000000,150,230,300,370,5500,7600,7700,7700,7900,7900,7900,697,0,150.0,1012.4877492852618,3.92736800131388,7927.464632986812,6367.868005738881
1783331596,100,,Aggregated,39.222222,0.000000,140,210,290,350,5400,7500,7700,7700,7900,7900,7900,739,0,140.0,955.5493315991914,3.562987985787913,7927.464632986812,6337.787550744249
1783331597,100,,Aggregated,60.800000,0.000000,130,200,270,330,5400,7400,7700,7700,7900,7900,7900,781,0,130.0,904.9368257282264,3.27540299622342,7927.464632986812,6302.1728553137
1783331598,100,,Aggregated,70.300000,0.000000,110,190,250,330,5300,7300,7700,7700,7900,7900,7900,822,0,110.0,860.5327163195907,3.27540299622342,7927.464632986812,6227.953771289538
1783331599,100,,Aggregated,73.800000,0.000000,110,180,240,300,3000,7300,7700,7700,7900,7900,7900,876,0,100.0,808.3081792060408,3.249847999541089,7927.464632986812,6185.374429223744
1783331600,100,,Aggregated,78.400000,0.000000,93,170,230,290,2900,7100,7700,7700,7900,7900,7900,920,0,92,770.3003931287916,3.2146260200534016,7927.464632986812,6180.822826086956
1783331601,100,,Aggregated,80.900000,0.000000,85,160,220,270,2900,5900,7700,7700,7900,7900,7900,961,0,85,737.7031647123428,3.1464360072277486,7927.464632986812,6128.78459937565
1783331602,100,,Aggregated,81.600000,0.000000,77,150,210,260,720,5900,7700,7700,7800,7900,7900,1017,0,77,698.0584277389086,3.1317959947045892,7927.464632986812,6080.589970501475
1783331603,100,,Aggregated,84.400000,0.000000,73,140,210,250,520,5900,7700,7700,7800,7900,7900,1059,0,73,670.8230124536132,3.1317959947045892,7927.464632986812,6040.790368271954
1783331604,100,,Aggregated,76.200000,0.000000,68,140,200,240,500,5700,7700,7700,7800,7900,7900,1108,0,68,641.7873166492066,3.1317959947045892,7927.464632986812,6032.5117328519855
1783331605,100,,Aggregated,69.500000,0.000000,64,130,190,230,490,5600,7700,7700,7800,7900,7900,1152,0,64,617.8211040332321,3.1317959947045892,7927.464632986812,5962.063368055556
1783331606,100,,Aggregated,71.100000,0.000000,59,110,180,220,460,5600,7700,7700,7800,7900,7900,1199,0,59,594.1257530427839,3.1317959947045892,7927.464632986812,5911.793160967473
1783331607,100,,Aggregated,50.500000,0.000000,55,110,170,220,440,5600,7700,7700,7800,7900,7900,1236,0,55,576.7128530682161,3.1317959947045892,7927.464632986812,5864.528317152103
1783331608,100,,Aggregated,45.100000,0.000000,51,110,160,210,400,5500,7700,7700,7800,7900,7900,1284,0,51,555.5806262191282,3.1317959947045892,7927.464632986812,5886.3169781931465
1783331609,100,,Aggregated,45.800000,0.000000,47,95,160,200,390,5500,7600,7700,7800,7900,7900,1331,0,47,536.4311898919758,3.1317959947045892,7927.464632986812,5834.51615326822
1783331610,100,,Aggregated,45.000000,0.000000,43,91,160,200,380,5500,7600,7700,7800,7900,7900,1369,0,43,522.0008688197192,3.1317959947045892,7927.464632986812,5831.4324324324325
1783331611,100,,Aggregated,46.000000,0.000000,40,85,150,190,360,5500,7600,7700,7800,7900,7900,1420,0,39,503.7216708805202,3.1317959947045892,7927.464632986812,5792.178169014084
1783331612,100,,Aggregated,45.300000,0.000000,33,81,140,180,350,5400,7600,7700,7800,7900,7900,1463,0,33,489.44109689006814,3.1317959947045892,7927.464632986812,5784.44087491456
1783331613,100,,Aggregated,44.700000,0.000000,27,76,130,180,340,5400,7600,7700,7800,7900,7900,1519,0,27,471.83984749245536,3.1317959947045892,7927.464632986812,5772.493745885451
1783331614,100,,Aggregated,45.600000,0.000000,22,74,130,170,330,5400,7600,7700,7800,7900,7900,1559,0,22,459.9750251911177,3.1317959947045892,7927.464632986812,5752.798588838999
1783331615,100,,Aggregated,44.500000,0.000000,17,71,120,160,330,5300,7600,7700,7800,7900,7900,1604,0,16,447.3398404620015,3.1317959947045892,7927.464632986812,5739.233167082294
1783331616,100,,Aggregated,45.700000,0.000000,15,68,110,160,330,5300,7600,7700,7800,7900,7900,1650,0,15,435.28305115636834,3.1317959947045892,7927.464632986812,5737.727272727273
1783331617,100,,Aggregated,44.900000,0.000000,14,67,110,160,310,5200,7600,7700,7800,7900,7900,1697,0,14,423.7484666192842,3.1317959947045892,7927.464632986812,5715.834413671185
1783331618,100,,Aggregated,45.200000,0.000000,13,65,110,150,300,3000,7600,7700,7800,7900,7900,1748,0,13,411.78095556688174,3.1317959947045892,7927.464632986812,5761.216247139588
1783331619,100,,Aggregated,45.000000,0.000000,13,63,100,140,300,3000,7500,7700,7800,7900,7900,1788,0,13,402.90544754750005,3.1317959947045892,7927.464632986812,5819.7829977628635
1783331620,100,,Aggregated,46.100000,0.000000,13,61,96,140,290,2900,7500,7700,7800,7900,7900,1832,0,13,393.69729027942503,3.1317959947045892,7927.464632986812,5846.093340611354
1783331621,100,,Aggregated,46.200000,0.000000,12,57,91,140,280,2900,7500,7700,7800,7900,7900,1887,0,12,382.4908759003043,3.0117400165181607,7927.464632986812,5853.308956014838
1783331622,100,,Aggregated,45.500000,0.000000,12,55,86,130,270,2900,7400,7700,7800,7900,7900,1925,0,12,375.13315380089796,3.0117400165181607,7927.464632986812,5848.84
1783331623,100,,Aggregated,46.000000,0.000000,12,53,84,130,260,2400,7400,7700,7800,7900,7900,1973,0,12,366.5279715072046,3.0117400165181607,7927.464632986812,5845.786619361379
1783331624,100,,Aggregated,46.500000,0.000000,12,51,81,120,260,720,7300,7700,7800,7900,7900,2023,0,12,357.8250499405707,3.0117400165181607,7927.464632986812,5846.304003954523
1783331625,100,,Aggregated,46.000000,0.000000,12,49,78,110,250,650,7300,7700,7800,7900,7900,2060,0,12,351.5261021945388,3.0117400165181607,7927.464632986812,5883.733009708738
1783331626,100,,Aggregated,45.300000,0.000000,11,47,76,110,250,520,7300,7700,7800,7900,7900,2105,0,11,344.2173232174824,3.0117400165181607,7927.464632986812,5917.656057007126
1783331628,100,,Aggregated,46.100000,0.000000,11,45,75,110,240,510,7300,7700,7800,7900,7900,2156,0,11,336.46091118030847,3.0117400165181607,7927.464632986812,5916.883580705009
1783331629,100,,Aggregated,45.400000,0.000000,11,44,74,110,240,500,7200,7700,7800,7900,7900,2206,0,11,329.3945328127068,3.0117400165181607,7927.464632986812,5917.29601087942
1783331630,100,,Aggregated,45.400000,0.000000,11,43,73,100,240,490,7200,7700,7800,7900,7900,2246,0,11,323.71218623189674,3.0117400165181607,7927.464632986812,5923.325467497773
1783331631,100,,Aggregated,45.700000,0.000000,11,42,71,99,230,490,7100,7700,7800,7900,7900,2293,0,11,317.4081052397307,3.0117400165181607,7927.464632986812,5933.296554731793
1783331632,100,,Aggregated,45.700000,0.000000,11,41,70,96,230,460,6100,7700,7800,7900,7900,2333,0,11,312.2364047979388,3.0117400165181607,7927.464632986812,5893.541791684526
1783331633,100,,Aggregated,45.900000,0.000000,11,39,68,93,230,460,5900,7700,7800,7900,7900,2385,0,11,305.65969682206105,3.0117400165181607,7927.464632986812,5884.022222222222
1783331634,100,,Aggregated,45.900000,0.000000,11,38,67,89,220,460,5900,7700,7800,7900,7900,2420,0,11,301.4247910568658,3.0117400165181607,7927.464632986812,5890.351239669421
1783331635,100,,Aggregated,44.400000,0.000000,11,36,66,86,220,440,5900,7700,7800,7900,7900,2469,0,11,295.67389819869976,3.0117400165181607,7927.464632986812,5885.144187930337
1783331636,100,,Aggregated,44.600000,0.000000,11,35,64,85,210,430,5900,7700,7800,7900,7900,2514,0,11,290.65377536893504,3.0117400165181607,7927.464632986812,5874.310262529833
1783331637,100,,Aggregated,44.600000,0.000000,11,34,63,83,210,400,5900,7700,7800,7900,7900,2561,0,11,285.58803888387183,3.0117400165181607,7927.464632986812,5862.338539632956
1783331638,100,,Aggregated,45.200000,0.000000,11,32,61,81,210,390,5900,7600,7800,7900,7900,2603,0,11,281.102337973736,3.0117400165181607,7927.464632986812,5846.715712639262
1783331639,100,,Aggregated,45.500000,0.000000,11,30,59,78,210,390,5900,7600,7800,7900,7900,2645,0,11,276.8203803412383,3.0117400165181607,7927.464632986812,5847.854064272212
1783331640,100,,Aggregated,44.600000,0.000000,10,27,57,77,200,390,5800,7600,7800,7900,7900,2699,0,10,271.48713199392216,3.0117400165181607,7927.464632986812,5850.3931085587255
1783331641,100,,Aggregated,43.500000,0.000000,10,27,56,76,200,380,5800,7600,7800,7900,7900,2740,0,10,267.65149670276395,3.0117400165181607,7927.464632986812,5851.6802919708025
1783331642,100,,Aggregated,44.900000,0.000000,10,24,55,75,190,370,5700,7600,7800,7900,7900,2788,0,10,263.2661541436736,3.0117400165181607,7927.464632986812,5879.579985652797
1783331643,100,,Aggregated,44.600000,0.000000,10,21,53,74,190,360,5600,7600,7800,7900,7900,2838,0,10,258.82256482932314,3.0117400165181607,7927.464632986812,5884.261451726568
1783331644,100,,Aggregated,45.200000,0.000000,10,20,52,72,180,360,5600,7600,7800,7900,7900,2887,0,10,254.72431972477585,3.0117400165181607,7927.464632986812,5884.683754762729
1783331645,100,,Aggregated,45.200000,0.000000,10,19,51,71,180,350,5600,7600,7800,7900,7900,2926,0,10,251.4895076502067,3.0117400165181607,7927.464632986812,5898.58031442242
1783331646,100,,Aggregated,46.600000,0.000000,9,17,50,70,180,340,5600,7600,7800,7900,7900,2978,0,9,247.26822783434528,3.0117400165181607,7927.464632986812,5903.338817998657
1783331647,100,,Aggregated,45.400000,0.000000,9,17,49,68,180,340,5600,7600,7800,7900,7900,3023,0,9,243.7822824183684,3.0117400165181607,7927.464632986812,5884.8613959642735
1783331648,100,,Aggregated,46.300000,0.000000,9,17,49,68,170,340,5600,7600,7800,7900,7900,3073,0,9,240.1052708771647,3.0117400165181607,7927.464632986812,5864.205011389522
1783331649,100,,Aggregated,45.700000,0.000000,9,16,48,67,170,330,5600,7600,7800,7900,7900,3115,0,9,237.0727287042108,3.0117400165181607,7927.464632986812,5837.207383627609
1783331650,100,,Aggregated,46.500000,0.000000,9,16,47,66,160,330,5500,7600,7800,7900,7900,3165,0,9,233.53918037931973,3.0117400165181607,7927.464632986812,5849.609794628752
1783331651,100,,Aggregated,47.100000,0.000000,9,16,46,65,160,330,5500,7600,7800,7900,7900,3212,0,9,230.27854452879836,3.0117400165181607,7927.464632986812,5838.685865504359
1783331652,100,,Aggregated,46.400000,0.000000,8,15,45,64,160,330,5500,7600,7800,7900,7900,3258,0,8,227.17412273864085,3.0117400165181607,7927.464632986812,5857.6080417434005
1783331653,100,,Aggregated,47.100000,0.000000,8,15,45,63,160,330,5500,7600,7800,7900,7900,3306,0,8,224.08351583288504,3.0117400165181607,7927.464632986812,5862.061101028433
1783331654,100,,Aggregated,46.800000,0.000000,8,15,44,62,160,330,5500,7600,7800,7900,7900,3350,0,8,221.27413143419466,3.0117400165181607,7927.464632986812,5862.653134328359
1783331655,100,,Aggregated,46.600000,0.000000,8,15,43,61,160,310,5500,7600,7800,7900,7900,3400,0,8,218.2002730846066,3.0117400165181607,7927.464632986812,5855.365882352941
1783331656,100,,Aggregated,45.900000,0.000000,8,14,43,59,150,310,5500,7600,7800,7900,7900,3452,0,8,215.12990213956508,3.0117400165181607,7927.464632986812,5860.809385863267
1783331657,100,,Aggregated,47.300000,0.000000,8,14,42,57,150,300,5500,7500,7800,7900,7900,3501,0,8,212.269146392923,3.0117400165181607,7927.464632986812,5865.996286775207
1783331658,100,,Aggregated,47.400000,0.000000,8,14,42,57,150,300,5500,7500,7800,7900,7900,3535,0,8,210.332059677958,3.0117400165181607,7927.464632986812,5861.78189533239
1783331659,100,,Aggregated,47.700000,0.000000,8,14,41,56,140,300,5500,7500,7800,7900,7900,3595,0,8,207.0584876480142,3.0117400165181607,7927.464632986812,5843.969958275383
1783331660,100,,Aggregated,46.500000,0.000000,8,14,41,56,140,290,5500,7500,7800,7900,7900,3639,0,8,204.74973672235194,3.0117400165181607,7927.464632986812,5848.009343226161
1783331661,100,,Aggregated,47.200000,0.000000,7,14,40,55,140,290,5400,7500,7800,7900,7900,3690,0,7,202.0270928858021,3.0117400165181607,7927.464632986812,5836.925474254743
1783331662,100,,Aggregated,47.300000,0.000000,7,14,40,54,140,280,5400,7500,7800,7900,7900,3723,0,7,200.36545015512615,3.0117400165181607,7927.464632986812,5841.576416868117
1783331663,100,,Aggregated,47.600000,0.000000,7,14,39,53,140,280,5400,7500,7800,7900,7900,3776,0,7,197.78491333329578,3.0117400165181607,7927.464632986812,5837.267478813559
1783331664,100,,Aggregated,46.100000,0.000000,7,13,39,53,130,280,5400,7400,7800,7900,7900,3821,0,7,195.58065487267473,3.0117400165181607,7927.464632986812,5837.802669458257
1783331665,100,,Aggregated,46.900000,0.000000,7,13,39,52,130,270,5400,7400,7800,7900,7900,3860,0,7,193.7248658229385,3.0117400165181607,7927.464632986812,5837.911658031088
1783331666,100,,Aggregated,47.100000,0.000000,7,13,38,51,130,270,5400,7400,7800,7900,7900,3914,0,7,191.26960034636548,3.0117400165181607,7927.464632986812,5850.686509964231
1783331667,100,,Aggregated,45.700000,0.000000,7,13,38,51,130,260,5400,7400,7800,7900,7900,3962,0,7,189.13265414681916,3.0117400165181607,7927.464632986812,5840.7897526501765
1783331668,100,,Aggregated,45.700000,0.000000,7,13,37,50,120,260,5300,7300,7800,7900,7900,4005,0,7,187.220756691314,3.0117400165181607,7927.464632986812,5846.83720349563
1783331669,100,,Aggregated,45.900000,0.000000,7,13,37,50,120,260,5300,7300,7800,7900,7900,4045,0,7,185.50282403802538,3.0117400165181607,7927.464632986812,5835.554017305315
1783331670,100,,Aggregated,46.500000,0.000000,7,13,37,49,120,250,5300,7300,7800,7900,7900,4090,0,7,183.5969687449179,3.0117400165181607,7927.464632986812,5836.584841075794
1783331671,100,,Aggregated,45.500000,0.000000,7,13,36,49,110,250,5300,7300,7800,7900,7900,4144,0,7,181.38199399078238,3.0117400165181607,7927.464632986812,5835.4090250965255
1783331672,100,,Aggregated,45.200000,0.000000,7,13,36,49,110,250,5300,7300,7800,7900,7900,4195,0,7,179.36169570386832,3.0117400165181607,7927.464632986812,5832.364004767581
1783331673,100,,Aggregated,44.700000,0.000000,7,13,35,48,110,250,5200,7300,7800,7900,7900,4236,0,7,177.72917152423574,3.0117400165181607,7927.464632986812,5823.088526912181
1783331674,100,,Aggregated,47.300000,0.000000,7,13,34,48,110,250,5200,7300,7800,7900,7900,4290,0,7,175.65248786188343,3.0117400165181607,7927.464632986812,5821.79627039627
1783331675,100,,Aggregated,46.100000,0.000000,7,13,33,47,110,240,3000,7300,7800,7900,7900,4344,0,7,173.63850238821323,3.0117400165181607,7927.464632986812,5813.328038674033
1783331676,100,,Aggregated,46.700000,0.000000,7,13,32,47,110,240,3000,7300,7800,7900,7900,4382,0,7,172.18698496453138,3.0117400165181607,7927.464632986812,5810.173208580557
1783331677,100,,Aggregated,48.000000,0.000000,7,12,31,46,110,240,3000,7200,7800,7900,7900,4431,0,7,170.4039717103304,3.0117400165181607,7927.464632986812,5800.907470097043
1783331678,100,,Aggregated,46.800000,0.000000,7,12,31,46,110,240,3000,7200,7800,7900,7900,4474,0,7,168.89630360269402,3.0117400165181607,7927.464632986812,5810.997317836388
1783331679,100,,Aggregated,46.600000,0.000000,7,12,31,46,100,240,3000,7100,7800,7900,7900,4521,0,7,167.2907033829679,3.0117400165181607,7927.464632986812,5814.992921919929
1783331680,100,,Aggregated,47.200000,0.000000,7,12,30,46,100,230,2900,7100,7800,7900,7900,4562,0,7,165.9046765191596,3.0117400165181607,7927.464632986812,5807.426128890837
1783331681,100,,Aggregated,47.500000,0.000000,7,12,29,45,99,230,2900,6100,7800,7900,7900,4616,0,7,164.085710077652,3.0117400165181607,7927.464632986812,5818.107452339688
1783331682,100,,Aggregated,46.700000,0.000000,7,12,29,45,97,230,2900,6100,7800,7900,7900,4661,0,7,162.6410832985409,3.0117400165181607,7927.464632986812,5837.682471572624
1783331683,100,,Aggregated,47.600000,0.000000,7,12,28,45,97,230,2900,5900,7800,7900,7900,4702,0,7,161.3510644382134,3.0117400165181607,7927.464632986812,5824.92960442365
1783331684,100,,Aggregated,46.400000,0.000000,7,12,27,44,95,230,2900,5900,7800,7900,7900,4753,0,7,159.73101625022406,3.0117400165181607,7927.464632986812,5833.523669261519
1783331685,100,,Aggregated,45.700000,0.000000,7,12,27,44,94,220,2900,5900,7800,7900,7900,4804,0,7,158.22075621196248,3.0117400165181607,7927.464632986812,5819.751457119068
1783331686,100,,Aggregated,45.900000,0.000000,7,12,27,44,93,220,2900,5900,7800,7900,7900,4850,0,7,156.86582344212118,3.0117400165181607,7927.464632986812,5806.3226804123715
1783331687,100,,Aggregated,46.100000,0.000000,7,12,27,43,92,220,2900,5900,7800,7900,7900,4899,0,7,155.43390462079554,3.0117400165181607,7927.464632986812,5814.459685650133
1783331688,100,,Aggregated,45.900000,0.000000,7,12,26,43,90,220,2400,5900,7800,7900,7900,4941,0,7,154.23537851796152,3.0117400165181607,7927.464632986812,5804.615867233353
1783331689,100,,Aggregated,46.500000,0.000000,7,12,26,43,90,210,1800,5900,7800,7900,7900,4988,0,7,152.97910395915207,3.0117400165181607,7927.464632986812,5810.558740978348
1783331690,100,,Aggregated,46.300000,0.000000,7,12,25,43,89,210,1100,5900,7800,7900,7900,5024,0,7,151.95881610853363,3.0117400165181607,7927.464632986812,5807.434116242038
1783331691,100,,Aggregated,46.000000,0.000000,7,12,24,43,88,210,720,5900,7800,7900,7900,5074,0,7,150.56902979528743,3.0117400165181607,7927.464632986812,5820.551832873472
1783331692,100,,Aggregated,46.500000,0.000000,7,12,23,42,87,210,650,5900,7800,7900,7900,5122,0,7,149.24158231167036,3.0117400165181607,7927.464632986812,5822.620460757516
1783331693,100,,Aggregated,45.700000,0.000000,7,12,22,42,86,210,650,5900,7800,7900,7900,5166,0,7,148.07496622772751,3.0117400165181607,7927.464632986812,5821.55439411537
1783331694,100,,Aggregated,46.100000,0.000000,7,12,21,42,86,210,650,5900,7800,7900,7900,5212,0,7,146.8951477276367,3.0117400165181607,7927.464632986812,5801.334996162702
1783331695,100,,Aggregated,46.800000,0.000000,7,12,21,42,85,210,520,5900,7800,7900,7900,5256,0,7,145.79725253013643,3.0117400165181607,7927.464632986812,5798.25799086758
1783331696,100,,Aggregated,46.000000,0.000000,7,12,20,41,85,200,510,5800,7800,7900,7900,5306,0,7,144.5404813131086,3.0117400165181607,7927.464632986812,5785.771956275914
1783331697,100,,Aggregated,45.400000,0.000000,7,12,20,41,84,200,510,5800,7800,7900,7900,5348,0,7,143.48810446211158,3.0117400165181607,7927.464632986812,5787.009162303665
1783331698,100,,Aggregated,45.400000,0.000000,7,12,19,41,84,200,510,5800,7800,7900,7900,5392,0,7,142.42487447354668,3.0117400165181607,7927.464632986812,5806.173775964392
1783331699,100,,Aggregated,45.300000,0.000000,7,12,19,41,83,200,500,5800,7800,7900,7900,5437,0,7,141.37155043523683,3.0117400165181607,7927.464632986812,5793.542026853044
1783331700,100,,Aggregated,45.000000,0.000000,7,12,19,41,82,200,500,5800,7800,7900,7900,5488,0,7,140.14693812544309,3.0117400165181607,7927.464632986812,5804.0991253644315
1783331701,100,,Aggregated,45.200000,0.000000,7,12,19,40,81,200,500,5700,7800,7900,7900,5528,0,7,139.21073522979987,3.0117400165181607,7927.464632986812,5801.708936324168
1783331702,100,,Aggregated,45.900000,0.000000,7,12,18,40,80,190,500,5700,7800,7900,7900,5578,0,7,138.02915166501182,3.0117400165181607,7927.464632986812,5798.467909645034
1783331703,100,,Aggregated,44.800000,0.000000,7,12,18,40,79,190,490,5600,7800,7900,7900,5624,0,7,137.02878176464554,3.0117400165181607,7927.464632986812,5800.4893314367
1783331704,100,,Aggregated,45.000000,0.000000,7,12,17,39,78,190,490,5600,7800,7900,7900,5673,0,7,135.93776733763795,3.0117400165181607,7927.464632986812,5783.27093248722
1783331705,100,,Aggregated,45.900000,0.000000,7,12,17,39,78,190,490,5600,7800,7900,7900,5716,0,7,134.99242931480984,3.0117400165181607,7927.464632986812,5789.921273617914
1783331706,100,,Aggregated,44.800000,0.000000,7,12,17,39,77,180,490,5600,7800,7900,7900,5764,0,7,133.96441809966996,3.0117400165181607,7927.464632986812,5780.031575294934
1783331707,100,,Aggregated,45.400000,0.000000,7,12,17,38,76,180,460,5600,7800,7900,7900,5810,0,7,133.0180306639302,3.0117400165181607,7927.464632986812,5778.447504302926
1783331708,100,,Aggregated,46.100000,0.000000,7,12,17,38,76,180,460,5600,7800,7900,7900,5858,0,7,132.07302509978592,3.0117400165181607,7927.464632986812,5785.692898600205
1783331709,100,,Aggregated,46.300000,0.000000,7,12,17,38,76,180,460,5600,7800,7900,7900,5898,0,7,131.29538169033316,3.0117400165181607,7927.464632986812,5782.3285859613425
1783331710,100,,Aggregated,45.200000,0.000000,7,12,17,38,75,180,460,5600,7800,7900,7900,5948,0,7,130.2937206681764,3.0117400165181607,7927.464632986812,5792.927202420982
1783331711,100,,Aggregated,46.300000,0.000000,7,12,17,38,75,180,460,5600,7800,7900,7900,5991,0,7,129.4493068191175,3.0117400165181607,7927.464632986812,5777.680854615256
1783331712,100,,Aggregated,45.800000,0.000000,7,12,17,38,74,180,460,5600,7700,7900,7900,6039,0,7,128.50936873179555,3.0117400165181607,7927.464632986812,5782.035436330519
1783331713,100,,Aggregated,46.200000,0.000000,6,12,16,37,74,180,460,5600,7700,7900,7900,6087,0,6,127.60509347925205,3.0117400165181607,7927.464632986812,5774.4468539510435
1783331714,100,,Aggregated,46.300000,0.000000,6,12,16,37,74,170,440,5600,7700,7900,7900,6136,0,6,126.69144253605693,3.0117400165181607,7927.464632986812,5777.862125162973
1783331715,100,,Aggregated,46.100000,0.000000,6,12,16,37,74,170,440,5600,7700,7900,7900,6179,0,6,125.89601655820593,3.0117400165181607,7927.464632986812,5789.80174785564
1783331716,100,,Aggregated,46.500000,0.000000,6,11,16,37,73,170,430,5600,7700,7900,7900,6226,0,6,125.02925461165262,3.0117400165181607,7927.464632986812,5788.724863475747
1783331717,100,,Aggregated,46.000000,0.000000,6,11,16,36,73,170,430,5600,7700,7900,7900,6274,0,6,124.14718182757368,3.0117400165181607,7927.464632986812,5784.256136436085
1783331718,100,,Aggregated,45.900000,0.000000,6,11,16,36,72,160,420,5500,7700,7900,7900,6317,0,6,123.3806462867149,3.0117400165181607,7927.464632986812,5775.819851195188
1783331719,100,,Aggregated,45.900000,0.000000,6,11,16,36,71,160,400,5500,7700,7900,7900,6365,0,6,122.5357144429145,3.0117400165181607,7927.464632986812,5778.981932443048
1783331720,100,,Aggregated,46.300000,0.000000,6,11,16,35,71,160,400,5500,7700,7900,7900,6410,0,6,121.76321906804681,3.0117400165181607,7927.464632986812,5784.928861154446
1783331721,100,,Aggregated,46.000000,0.000000,6,11,15,35,70,160,390,5500,7700,7900,7900,6461,0,6,120.8813804839994,3.0117400165181607,7927.464632986812,5784.511995047206
1783331722,100,,Aggregated,46.300000,0.000000,6,11,15,35,70,160,390,5500,7700,7900,7900,6507,0,6,120.08689690196441,3.0117400165181607,7927.464632986812,5793.213616105732
1783331723,100,,Aggregated,47.300000,0.000000,6,11,15,35,70,160,390,5500,7700,7900,7900,6549,0,6,119.39501361263005,3.0117400165181607,7927.464632986812,5796.603603603604
1783331724,100,,Aggregated,46.600000,0.000000,6,11,15,34,69,160,390,5500,7700,7900,7900,6605,0,6,118.4868586834414,3.0117400165181607,7927.464632986812,5815.349583648751
1783331725,100,,Aggregated,44.600000,0.000000,6,11,15,34,69,160,390,5500,7700,7900,7900,6644,0,6,117.86207236093553,3.0117400165181607,7927.464632986812,5813.009331727875
1783331726,100,,Aggregated,47.700000,0.000000,6,11,15,34,69,160,390,5500,7700,7900,7900,6688,0,6,117.17989637980011,3.0117400165181607,7927.464632986812,5814.418211722488
1783331727,100,,Aggregated,46.400000,0.000000,6,11,15,33,68,160,390,5500,7700,7900,7900,6732,0,6,116.52835253848235,3.0117400165181607,7927.464632986812,5810.345811051693
1783331728,100,,Aggregated,45.800000,0.000000,6,11,15,33,68,160,380,5500,7700,7900,7900,6778,0,6,115.79820486235515,3.0117400165181607,7927.464632986812,5811.4545588669225
1783331729,100,,Aggregated,45.100000,0.000000,6,11,15,33,68,160,380,5500,7700,7900,7900,6830,0,6,115.00955993793005,3.0117400165181607,7927.464632986812,5804.589311859444
1783331730,100,,Aggregated,46.600000,0.000000,6,11,15,32,67,150,370,5500,7700,7900,7900,6882,0,6,114.22830173756138,3.0117400165181607,7927.464632986812,5810.274774774774
1783331731,100,,Aggregated,46.300000,0.000000,6,11,15,32,67,150,370,5500,7700,7900,7900,6927,0,6,113.56092979325406,3.0117400165181607,7927.464632986812,5810.323516673885
1783331732,100,,Aggregated,46.400000,0.000000,6,11,15,32,67,150,370,5500,7700,7900,7900,6979,0,6,112.81891320373268,3.0117400165181607,7927.464632986812,5807.335291589053
1783331733,100,,Aggregated,46.200000,0.000000,6,11,15,32,67,150,360,5500,7700,7900,7900,7022,0,6,112.21408173736904,2.989158994751051,7927.464632986812,5808.310737681572
1783331734,100,,Aggregated,46.400000,0.000000,6,11,15,32,66,150,360,5500,7700,7900,7900,7067,0,6,111.57168417952434,2.989158994751051,7927.464632986812,5794.6702985708225
1783331735,100,,Aggregated,48.200000,0.000000,6,11,15,31,66,150,360,5500,7700,7900,7900,7114,0,6,110.90181819283376,2.989158994751051,7927.464632986812,5797.739808827664
1783331736,100,,Aggregated,45.400000,0.000000,6,11,15,31,66,140,360,5500,7700,7900,7900,7156,0,6,110.3376904922841,2.989158994751051,7927.464632986812,5794.251816657351
1783331737,100,,Aggregated,47.200000,0.000000,6,11,15,31,66,140,360,5500,7700,7900,7900,7216,0,6,109.54863597044196,2.989158994751051,7927.464632986812,5787.280072062084
1783331738,100,,Aggregated,47.600000,0.000000,6,11,15,31,66,140,360,5500,7700,7900,7900,7257,0,6,109.01162486713052,2.989158994751051,7927.464632986812,5792.563593771531
1783331739,100,,Aggregated,47.700000,0.000000,6,11,15,31,65,140,350,5400,7700,7900,7900,7304,0,6,108.41693392794616,2.989158994751051,7927.464632986812,5791.870892661555
1783331740,100,,Aggregated,47.300000,0.000000,6,11,15,31,64,140,350,5400,7700,7900,7900,7356,0,6,107.72440078069175,2.989158994751051,7927.464632986812,5797.895187601957
1783331741,100,,Aggregated,46.800000,0.000000,6,11,14,31,64,140,350,5400,7700,7900,7900,7395,0,6,107.21870030342123,2.989158994751051,7927.464632986812,5798.503718728871
1783331742,100,,Aggregated,47.000000,0.000000,6,11,14,31,64,140,340,5400,7700,7900,7900,7443,0,6,106.61356627526992,2.989158994751051,7927.464632986812,5788.091361010345
1783331743,100,,Aggregated,46.000000,0.000000,6,11,14,31,64,140,340,5400,7700,7900,7900,7490,0,6,106.05299219436485,2.989158994751051,7927.464632986812,5781.438317757009
1783331744,100,,Aggregated,46.300000,0.000000,6,11,14,31,63,140,340,5400,7700,7900,7900,7534,0,6,105.525710029689,2.936158998636529,7927.464632986812,5768.258826652509
1783331745,100,,Aggregated,46.000000,0.000000,6,11,14,31,63,140,340,5400,7700,7900,7900,7581,0,6,104.97714166320463,2.936158998636529,7927.464632986812,5769.912148793035
1783331746,100,,Aggregated,46.900000,0.000000,6,11,14,30,63,130,340,5400,7700,7900,7900,7634,0,6,104.32911246629658,2.936158998636529,7927.464632986812,5774.315037987949
1783331747,100,,Aggregated,46.100000,0.000000,6,11,14,30,63,130,340,5400,7700,7900,7900,7673,0,6,103.85589896307926,2.936158998636529,7927.464632986812,5770.443894174377
1783331748,100,,Aggregated,46.900000,0.000000,6,11,14,30,63,130,330,5400,7700,7900,7900,7716,0,6,103.33097927875096,2.936158998636529,7927.464632986812,5772.097330222913
1783331749,100,,Aggregated,46.700000,0.000000,6,11,14,30,62,130,330,5400,7700,7900,7900,7767,0,6,102.7508555458815,2.936158998636529,7927.464632986812,5768.1784472769405
1783331750,100,,Aggregated,45.400000,0.000000,6,11,14,30,62,130,330,5400,7700,7900,7900,7810,0,6,102.26641310688655,2.936158998636529,7927.464632986812,5762.309987195903
1783331751,100,,Aggregated,46.400000,0.000000,6,11,14,30,62,130,330,5400,7700,7900,7900,7850,0,6,101.80437119602401,2.936158998636529,7927.464632986812,5757.547388535032
1783331752,100,,Aggregated,45.700000,0.000000,6,11,14,29,61,130,330,5400,7700,7900,7900,7894,0,6,101.30923765389242,2.936158998636529,7927.464632986812,5756.784393210033
1783331753,100,,Aggregated,45.600000,0.000000,6,11,14,29,61,130,330,5400,7700,7900,7900,7944,0,6,100.7412601288885,2.936158998636529,7927.464632986812,5768.090256797583
1783331754,100,,Aggregated,45.800000,0.000000,6,11,14,29,61,130,330,5400,7700,7900,7900,7988,0,6,100.29958736114264,2.936158998636529,7927.464632986812,5762.47458688032
1783331755,100,,Aggregated,45.500000,0.000000,6,11,14,29,61,130,330,5300,7700,7900,7900,8034,0,6,99.79915550632171,2.936158998636529,7927.464632986812,5757.682474483446
1783331756,100,,Aggregated,45.000000,0.000000,6,11,14,29,61,120,330,5300,7700,7900,7900,8081,0,6,99.29091732965024,2.936158998636529,7927.464632986812,5766.701769582973
1783331757,100,,Aggregated,45.000000,0.000000,6,11,14,29,60,120,330,5300,7700,7900,7900,8130,0,6,98.76175572286857,2.936158998636529,7927.464632986812,5767.135793357934
1783331758,100,,Aggregated,45.000000,0.000000,6,11,14,28,60,120,330,5300,7700,7900,7900,8170,0,6,98.3299565862762,2.936158998636529,7927.464632986812,5763.370746634027
1783331759,100,,Aggregated,45.200000,0.000000,6,11,14,28,60,120,330,5300,7700,7900,7900,8218,0,6,97.83936787392307,2.936158998636529,7927.464632986812,5771.781942078364
1783331760,100,,Aggregated,45.800000,0.000000,6,11,14,28,60,120,330,5300,7700,7900,7900,8260,0,6,97.40558405167248,2.936158998636529,7927.464632986812,5780.853026634382
1783331761,100,,Aggregated,44.500000,0.000000,6,11,14,28,60,120,330,5300,7700,7900,7900,8300,0,6,96.99189651093701,2.936158998636529,7927.464632986812,5779.992289156627
1783331762,100,,Aggregated,45.200000,0.000000,6,11,14,28,59,120,330,5300,7700,7900,7900,8345,0,6,96.544064387879,2.936158998636529,7927.464632986812,5777.951108448173
1783331763,100,,Aggregated,46.000000,0.000000,6,11,14,27,59,120,330,5300,7700,7900,7900,8398,0,6,96.00313698213385,2.936158998636529,7927.464632986812,5782.212431531317
1783331764,100,,Aggregated,43.600000,0.000000,6,11,14,27,59,110,320,5200,7700,7900,7900,8445,0,6,95.53054137514309,2.936158998636529,7927.464632986812,5773.952634695086
1783331765,100,,Aggregated,45.200000,0.000000,6,11,14,28,60,120,310,5200,7700,7900,7900,8508,0,6,95.14780227764824,2.936158998636529,7927.464632986812,5772.116596144805
1783331766,100,,Aggregated,45.300000,0.000000,6,11,14,28,60,110,310,5200,7700,7900,7900,8555,0,6,94.70359592707767,2.936158998636529,7927.464632986812,5775.610520163647
1783331767,100,,Aggregated,44.800000,0.000000,6,11,14,28,60,110,310,3000,7700,7900,7900,8601,0,6,94.25791125684715,2.936158998636529,7927.464632986812,5778.15056388792
1783331768,100,,Aggregated,45.400000,0.000000,6,11,14,28,59,110,310,3000,7700,7900,7900,8643,0,6,93.83932480830909,2.936158998636529,7927.464632986812,5781.832234177948
1783331769,100,,Aggregated,45.200000,0.000000,6,11,14,27,59,110,310,3000,7700,7900,7900,8696,0,6,93.33761045413328,2.936158998636529,7927.464632986812,5780.803702851886
1783331770,100,,Aggregated,45.700000,0.000000,6,11,14,27,59,110,300,3000,7700,7900,7900,8740,0,6,92.92175315460483,2.936158998636529,7927.464632986812,5778.865560640732
1783331771,100,,Aggregated,45.900000,0.000000,6,11,14,27,59,110,300,3000,7700,7900,7900,8793,0,6,92.44255756116662,2.936158998636529,7927.464632986812,5773.698168998067
1783331772,100,,Aggregated,45.700000,0.000000,6,11,14,27,59,110,300,3000,7700,7900,7900,8831,0,6,92.11278384785831,2.936158998636529,7927.464632986812,5767.333484316612
1783331773,100,,Aggregated,45.600000,0.000000,6,11,14,27,58,110,300,3000,7700,7900,7900,8878,0,6,91.69080144700354,2.936158998636529,7927.464632986812,5760.280468574003
1783331774,100,,Aggregated,48.300000,0.000000,6,11,14,27,58,110,300,3000,7700,7900,7900,8915,0,6,91.36971782203983,2.936158998636529,7927.464632986812,5755.933482893999
1783331775,100,,Aggregated,46.300000,0.000000,6,11,14,27,58,110,300,3000,7700,7900,7900,8970,0,6,90.87068337197374,2.936158998636529,7927.464632986812,5760.983946488294
1783331776,100,,Aggregated,46.000000,0.000000,6,11,14,27,58,110,290,3000,7700,7900,7900,9012,0,6,90.51305401215616,2.936158998636529,7927.464632986812,5760.199289835775
1783331777,100,,Aggregated,46.000000,0.000000,6,11,14,27,58,110,290,3000,7700,7900,7900,9056,0,6,90.14624508927548,2.936158998636529,7927.464632986812,5753.254858657244
1783331778,100,,Aggregated,45.700000,0.000000,6,11,14,27,58,110,290,2900,7700,7900,7900,9106,0,6,89.721585902666,2.936158998636529,7927.464632986812,5745.581265099934
1783331779,100,,Aggregated,45.400000,0.000000,6,11,14,27,57,110,290,2900,7700,7900,7900,9144,0,6,89.40768630344618,2.936158998636529,7927.464632986812,5747.411854768154
1783331780,100,,Aggregated,45.200000,0.000000,6,11,14,26,57,110,290,2900,7700,7900,7900,9191,0,6,89.00801697342817,2.936158998636529,7927.464632986812,5759.384724186704
1783331781,100,,Aggregated,45.800000,0.000000,6,11,14,26,57,110,290,2900,7700,7900,7900,9233,0,6,88.65340934448596,2.936158998636529,7927.464632986812,5755.613126827683
1783331783,100,,Aggregated,44.800000,0.000000,6,11,14,26,57,110,280,2900,7700,7900,7900,9278,0,6,88.28740783946161,2.936158998636529,7927.464632986812,5752.1954084932095
1783331784,100,,Aggregated,43.800000,0.000000,6,11,14,25,57,110,280,2900,7700,7900,7900,9329,0,6,87.85200979594705,2.936158998636529,7927.464632986812,5752.430056812092
1783331785,100,,Aggregated,43.800000,0.000000,6,11,14,25,57,110,280,2900,7700,7900,7900,9377,0,6,87.46921590916568,2.936158998636529,7927.464632986812,5751.668444065266
1783331786,100,,Aggregated,45.000000,0.000000,6,11,13,24,57,100,280,2900,7700,7900,7900,9427,0,6,87.07142349191444,2.936158998636529,7927.464632986812,5744.489339132279
1783331787,100,,Aggregated,46.000000,0.000000,6,11,13,24,56,100,280,2900,7700,7900,7900,9465,0,6,86.76421086395091,2.936158998636529,7927.464632986812,5757.246698362388
1783331788,100,,Aggregated,45.500000,0.000000,6,11,13,24,56,100,280,2900,7700,7900,7900,9507,0,6,86.4526093974131,2.936158998636529,7927.464632986812,5751.089512990428
1783331789,100,,Aggregated,45.200000,0.000000,6,11,13,24,56,100,280,2900,7700,7900,7900,9554,0,6,86.09161753017567,2.936158998636529,7927.464632986812,5748.054846137743
1783331790,100,,Aggregated,44.900000,0.000000,6,11,13,24,56,100,270,2900,7700,7900,7900,9601,0,6,85.76808337676039,2.936158998636529,7927.464632986812,5745.790959275076
1783331791,100,,Aggregated,44.600000,0.000000,6,11,13,24,56,100,270,2900,7700,7900,7900,9646,0,6,85.41318458472715,2.936158998636529,7927.464632986812,5740.193655401203
1783331792,100,,Aggregated,45.400000,0.000000,6,11,13,23,56,100,270,2900,7700,7900,7900,9696,0,6,85.04788243907129,2.936158998636529,7927.464632986812,5743.625
1783331793,100,,Aggregated,45.400000,0.000000,6,11,13,23,56,99,270,2900,7700,7900,7900,9739,0,6,84.72806230158524,2.936158998636529,7927.464632986812,5743.325700790636
1783331794,100,,Aggregated,46.000000,0.000000,6,11,13,23,56,99,270,2900,7700,7900,7900,9782,0,6,84.41099146628096,2.936158998636529,7927.464632986812,5742.422715191167
1783331795,100,,Aggregated,45.800000,0.000000,6,11,13,23,56,99,270,2400,7700,7900,7900,9829,0,6,84.07726981505257,2.936158998636529,7927.464632986812,5741.246210194323
1783331796,100,,Aggregated,45.000000,0.000000,6,11,13,23,55,98,260,2400,7700,7900,7900,9872,0,6,83.78443140457891,2.936158998636529,7927.464632986812,5741.107374392221
1783331797,100,,Aggregated,44.700000,0.000000,6,11,13,23,55,97,260,1800,7700,7900,7900,9924,0,6,83.4173191688874,2.936158998636529,7927.464632986812,5740.242543329303
1783331798,100,,Aggregated,44.400000,0.000000,6,11,13,23,55,97,260,1800,7700,7900,7900,9971,0,6,83.07858092148369,2.936158998636529,7927.464632986812,5738.16618192759
1783331799,100,,Aggregated,45.700000,0.000000,6,11,13,22,55,97,260,1100,7700,7800,7900,10010,0,6,82.80253209611604,2.936158998636529,7927.464632986812,5748.174525474526
1783331800,100,,Aggregated,46.400000,0.000000,6,11,13,22,55,95,260,1100,7700,7800,7900,10067,0,6,82.40789682925333,2.936158998636529,7927.464632986812,5757.067348763286
1783331801,100,,Aggregated,45.500000,0.000000,6,11,13,22,55,95,260,720,7700,7800,7900,10109,0,6,82.12312050587938,2.936158998636529,7927.464632986812,5750.117222277178
1783331802,100,,Aggregated,46.600000,0.000000,6,11,13,22,55,95,260,720,7700,7800,7900,10145,0,6,81.87919397603862,2.936158998636529,7927.464632986812,5744.81665845244
1783331803,100,,Aggregated,46.200000,0.000000,6,11,13,22,55,94,260,720,7700,7800,7900,10191,0,6,81.58917209783631,2.936158998636529,7927.464632986812,5746.426749092337
1783331804,100,,Aggregated,44.800000,0.000000,6,11,13,22,55,94,250,650,7700,7800,7900,10238,0,6,81.27387304463961,2.936158998636529,7927.464632986812,5748.130396561828
1783331805,100,,Aggregated,45.000000,0.000000,6,11,13,22,54,93,250,650,7700,7800,7900,10285,0,6,80.95725292562226,2.936158998636529,7927.464632986812,5751.926300437531
1783331806,100,,Aggregated,45.600000,0.000000,6,11,13,21,54,93,250,650,7700,7800,7900,10334,0,6,80.62914638079504,2.936158998636529,7927.464632986812,5744.347493710084
1783331807,100,,Aggregated,45.800000,0.000000,6,11,13,21,54,93,250,650,7700,7800,7900,10374,0,6,80.36550283054167,2.936158998636529,7927.464632986812,5745.998746867168
1783331808,100,,Aggregated,45.800000,0.000000,6,11,13,22,55,93,250,650,7700,7800,7900,10439,0,6,80.06089508286752,2.936158998636529,7927.464632986812,5744.446402912156
1783331809,100,,Aggregated,44.600000,0.000000,6,11,13,22,55,93,250,650,7700,7800,7900,10485,0,6,79.8003854775344,2.936158998636529,7927.464632986812,5748.805340963281
1783331810,100,,Aggregated,45.400000,0.000000,6,11,13,22,55,93,250,520,7700,7800,7900,10531,0,6,79.50177660810236,2.936158998636529,7927.464632986812,5748.22666413446
1783331811,100,,Aggregated,45.400000,0.000000,6,11,13,22,55,92,250,520,7700,7800,7900,10575,0,6,79.23946083195554,2.936158998636529,7927.464632986812,5748.797730496454
1783331812,100,,Aggregated,45.200000,0.000000,6,11,13,22,54,92,250,510,7700,7800,7900,10628,0,6,78.90666162033537,2.936158998636529,7927.464632986812,5746.743225442228
1783331813,100,,Aggregated,44.500000,0.000000,6,11,13,22,54,91,250,510,7700,7800,7900,10663,0,6,78.70092107389029,2.936158998636529,7927.464632986812,5743.183438056832
1783331814,100,,Aggregated,46.400000,0.000000,6,11,13,22,54,91,250,510,7700,7800,7900,10717,0,6,78.36706026320891,2.936158998636529,7927.464632986812,5739.8711393113745
1783331815,100,,Aggregated,46.200000,0.000000,6,11,13,21,54,91,240,510,7700,7800,7900,10762,0,6,78.09599516035149,2.936158998636529,7927.464632986812,5743.628043114662
1783331816,100,,Aggregated,46.200000,0.000000,6,11,13,21,54,91,240,500,7700,7800,7900,10806,0,6,77.83330810787066,2.936158998636529,7927.464632986812,5739.773366648158
1783331817,100,,Aggregated,46.300000,0.000000,6,11,13,21,54,90,240,500,7700,7800,7900,10852,0,6,77.54847858954302,2.936158998636529,7927.464632986812,5738.113988204939
1783331818,100,,Aggregated,45.700000,0.000000,6,11,13,21,54,90,240,500,7700,7800,7900,10901,0,6,77.24968257579023,2.936158998636529,7927.464632986812,5741.524722502522
1783331819,100,,Aggregated,46.600000,0.000000,6,11,13,21,54,89,240,500,7700,7800,7900,10947,0,6,76.97881733275524,2.936158998636529,7927.464632986812,5739.360646752535
1783331820,100,,Aggregated,45.400000,0.000000,6,11,13,21,54,89,240,500,7700,7800,7900,10991,0,6,76.71214080235106,2.936158998636529,7927.464632986812,5735.191247384223
1783331821,100,,Aggregated,46.300000,0.000000,6,11,13,20,54,89,240,500,7700,7800,7900,11039,0,6,76.42888841568735,2.936158998636529,7927.464632986812,5738.343962315427
1783331822,100,,Aggregated,45.700000,0.000000,6,11,13,20,53,89,240,500,7700,7800,7900,11085,0,6,76.17001901441104,2.936158998636529,7927.464632986812,5737.647631935048
1783331823,100,,Aggregated,46.600000,0.000000,6,11,13,20,53,88,240,500,7700,7800,7900,11128,0,6,75.93623161311567,2.936158998636529,7927.464632986812,5729.421728971963
1783331824,100,,Aggregated,46.300000,0.000000,6,11,13,20,53,88,240,500,7700,7800,7900,11181,0,6,75.64457820945259,2.936158998636529,7927.464632986812,5736.163133887845
1783331825,100,,Aggregated,45.800000,0.000000,6,11,13,20,53,88,240,490,7700,7800,7900,11224,0,6,75.40385759327694,2.936158998636529,7927.464632986812,5738.990555951533
1783331826,100,,Aggregated,46.300000,0.000000,6,11,13,20,53,88,240,490,7700,7800,7900,11266,0,6,75.1755879348438,2.936158998636529,7927.464632986812,5739.870406532931
1783331827,100,,Aggregated,45.900000,0.000000,6,11,13,19,53,87,240,490,7700,7800,7900,11318,0,6,74.87630811865937,2.936158998636529,7927.464632986812,5743.486393355716
1783331828,100,,Aggregated,45.900000,0.000000,6,11,13,19,53,87,230,490,7700,7800,7900,11357,0,6,74.64582050091549,2.936158998636529,7927.464632986812,5750.410935986616
1783331829,100,,Aggregated,45.800000,0.000000,6,11,13,19,53,87,230,490,7700,7800,7900,11407,0,6,74.38046972929286,2.936158998636529,7927.464632986812,5751.432629087402
1783331830,100,,Aggregated,45.900000,0.000000,6,11,13,19,53,86,230,490,7700,7800,7900,11455,0,6,74.1299711657026,2.936158998636529,7927.464632986812,5755.208991706679
1783331831,100,,Aggregated,45.700000,0.000000,6,11,13,19,53,86,230,490,7700,7800,7900,11503,0,6,73.87161788646759,2.936158998636529,7927.464632986812,5769.627227679735
1783331832,100,,Aggregated,45.600000,0.000000,6,11,13,19,53,86,230,490,7700,7800,7900,11541,0,6,73.68174037024389,2.936158998636529,7927.464632986812,5771.311498137076
1783331833,100,,Aggregated,45.600000,0.000000,6,11,13,19,53,86,230,490,7700,7800,7900,11592,0,6,73.42699940051533,2.936158998636529,7927.464632986812,5764.11516563147
1783331834,100,,Aggregated,45.800000,0.000000,6,11,13,19,52,86,230,460,7700,7800,7900,11627,0,6,73.24772205142565,2.936158998636529,7927.464632986812,5766.998623892664
1783331835,100,,Aggregated,45.600000,0.000000,6,11,13,19,52,85,230,460,7700,7800,7900,11674,0,6,73.00077648336729,2.936158998636529,7927.464632986812,5776.7901319170805
1783331836,100,,Aggregated,44.800000,0.000000,6,11,13,19,52,85,230,460,7700,7800,7900,11727,0,6,72.7608793946374,2.936158998636529,7927.464632986812,5774.389102072141
1783331837,100,,Aggregated,44.700000,0.000000,6,11,13,19,52,85,230,460,7700,7800,7900,11769,0,6,72.539744817565,2.936158998636529,7927.464632986812,5778.7964143087775
1783331838,100,,Aggregated,45.400000,0.000000,6,11,13,19,52,85,230,460,7700,7800,7900,11816,0,6,72.29265283952809,2.936158998636529,7927.464632986812,5784.438473256601
1783331839,100,,Aggregated,45.000000,0.000000,6,11,13,18,52,85,230,460,7700,7800,7900,11857,0,6,72.08065758697363,2.936158998636529,7927.464632986812,5787.268533355824
1783331840,100,,Aggregated,44.800000,0.000000,6,11,13,18,52,85,230,460,7700,7800,7900,11905,0,6,71.84076936578788,2.936158998636529,7927.464632986812,5788.571272574549
1783331841,100,,Aggregated,45.100000,0.000000,6,11,13,18,52,84,230,460,7700,7800,7900,11949,0,6,71.62175114258469,2.936158998636529,7927.464632986812,5790.897313582726
1783331842,100,,Aggregated,45.100000,0.000000,6,11,13,18,52,84,220,460,7700,7800,7900,12001,0,6,71.35965085648674,2.936158998636529,7927.464632986812,5795.311640696608
1783331843,100,,Aggregated,44.700000,0.000000,6,11,13,18,52,84,220,460,7700,7800,7900,12041,0,6,71.17035565938913,2.936158998636529,7927.464632986812,5791.688647122332
1783331844,100,,Aggregated,45.200000,0.000000,6,11,13,18,52,84,220,460,7700,7800,7900,12088,0,6,70.9413978780253,2.936158998636529,7927.464632986812,5792.638567174057
1783331845,100,,Aggregated,45.600000,0.000000,6,11,13,18,52,84,220,460,7700,7800,7900,12150,0,6,70.78676979509738,2.936158998636529,7927.464632986812,5789.538271604938
1783331846,100,,Aggregated,45.600000,0.000000,6,11,13,18,52,84,220,460,7700,7800,7900,12196,0,6,70.55789288443322,2.936158998636529,7927.464632986812,5791.03943916038
1783331847,100,,Aggregated,45.700000,0.000000,6,11,13,18,52,84,220,440,7700,7800,7900,12241,0,6,70.34295695617521,2.936158998636529,7927.464632986812,5787.174168777061
1783331848,100,,Aggregated,45.400000,0.000000,6,11,13,18,52,84,220,440,7700,7800,7900,12289,0,6,70.14276090500454,2.936158998636529,7927.464632986812,5791.634876719017
1783331849,100,,Aggregated,45.800000,0.000000,6,11,13,18,52,83,220,440,7700,7800,7900,12336,0,6,69.92575005297796,2.936158998636529,7927.464632986812,5789.7627269779505
1783331850,100,,Aggregated,46.100000,0.000000,6,11,13,18,52,83,220,440,7700,7800,7900,12377,0,6,69.74415150518108,2.936158998636529,7927.464632986812,5784.032318009211
1783331851,100,,Aggregated,46.000000,0.000000,6,11,13,18,52,83,220,430,7700,7800,7900,12419,0,6,69.55269628526457,2.936158998636529,7927.464632986812,5781.881632981722
1783331852,100,,Aggregated,45.900000,0.000000,6,11,13,18,52,83,210,430,7700,7800,7900,12475,0,6,69.30102390434756,2.936158998636529,7927.464632986812,5781.851623246493
1783331853,100,,Aggregated,45.900000,0.000000,6,11,13,18,51,82,210,430,7700,7800,7900,12514,0,6,69.11832879669166,2.936158998636529,7927.464632986812,5789.996404027489
1783331854,100,,Aggregated,44.600000,0.000000,6,11,13,18,51,82,210,430,7700,7800,7900,12559,0,6,68.91171138830993,2.936158998636529,7927.464632986812,5791.033442153038
1783331855,100,,Aggregated,45.800000,0.000000,6,11,13,18,51,82,210,420,7700,7800,7900,12611,0,6,68.67819417935698,2.936158998636529,7927.464632986812,5798.308619459202
1783331856,100,,Aggregated,45.200000,0.000000,6,11,13,18,51,82,210,420,7700,7800,7900,12666,0,6,68.44441220178086,2.936158998636529,7927.464632986812,5803.1256118743095
1783331857,100,,Aggregated,45.700000,0.000000,6,11,13,18,51,82,210,400,7700,7800,7900,12706,0,6,68.25678939782757,2.936158998636529,7927.464632986812,5809.974893750984
1783331858,100,,Aggregated,46.200000,0.000000,6,11,13,18,51,82,210,400,7700,7800,7900,12756,0,6,68.04301789382964,2.936158998636529,7927.464632986812,5809.342583882095
1783331859,100,,Aggregated,46.800000,0.000000,6,11,13,18,51,82,210,400,7700,7800,7900,12796,0,6,67.86099389674459,2.936158998636529,7927.464632986812,5807.8737886839635
1783331860,100,,Aggregated,46.400000,0.000000,6,11,13,18,51,81,210,400,7700,7800,7900,12846,0,6,67.62326584078565,2.936158998636529,7927.464632986812,5804.686050132337
1783331861,100,,Aggregated,46.500000,0.000000,6,11,13,18,51,81,210,400,7700,7800,7900,12893,0,6,67.43528846837401,2.936158998636529,7927.464632986812,5802.687504847591
1783331862,100,,Aggregated,45.800000,0.000000,6,11,13,18,51,81,210,390,7700,7800,7900,12947,0,6,67.20133343152806,2.936158998636529,7927.464632986812,5797.664864447363
1783331863,100,,Aggregated,46.600000,0.000000,6,11,13,18,51,81,210,390,7700,7800,7900,12985,0,6,67.03929220107311,2.936158998636529,7927.464632986812,5792.740315748941
1783331864,100,,Aggregated,46.900000,0.000000,6,11,13,18,51,81,210,390,7700,7800,7900,13033,0,6,66.87219536054067,2.936158998636529,7927.464632986812,5788.882528964935
1783331866,100,,Aggregated,47.100000,0.000000,6,11,13,18,51,81,210,390,7700,7800,7900,13079,0,6,66.6705292694281,2.936158998636529,7927.464632986812,5788.371740958789
1783331867,100,,Aggregated,47.000000,0.000000,6,11,13,18,51,80,210,390,7700,7800,7900,13123,0,6,66.49678410902486,2.936158998636529,7927.464632986812,5787.925093347558
1783331868,100,,Aggregated,46.800000,0.000000,6,11,13,17,51,80,210,390,7700,7800,7900,13173,0,6,66.30306074916149,2.936158998636529,7927.464632986812,5788.066575571244
1783331869,100,,Aggregated,46.500000,0.000000,6,11,13,17,50,80,210,390,7700,7800,7900,13216,0,6,66.11856465531906,2.936158998636529,7927.464632986812,5792.111682808717
1783331870,100,,Aggregated,45.600000,0.000000,6,11,13,17,51,80,200,390,7700,7800,7900,13263,0,6,65.94014225573085,2.936158998636529,7927.464632986812,5788.558395536455
1783331871,100,,Aggregated,46.300000,0.000000,6,11,13,17,50,80,200,390,7700,7800,7900,13305,0,6,65.78304524920539,2.936158998636529,7927.464632986812,5782.891243893273
1783331872,100,,Aggregated,46.600000,0.000000,6,11,13,17,50,80,200,390,7700,7800,7900,13347,0,6,65.61785206890006,2.936158998636529,7927.464632986812,5782.765640218776
1783331873,100,,Aggregated,45.900000,0.000000,6,11,13,17,50,80,200,390,7700,7800,7900,13392,0,6,65.47300971606624,2.936158998636529,7927.464632986812,5776.910170250896
1783331874,100,,Aggregated,45.200000,0.000000,6,11,13,17,50,79,200,390,7700,7800,7900,13444,0,6,65.27356625278557,2.936158998636529,7927.464632986812,5781.423162749182
1783331875,100,,Aggregated,45.200000,0.000000,6,11,13,17,50,79,200,390,7700,7800,7900,13484,0,6,65.10708908020788,2.936158998636529,7927.464632986812,5777.197048353604
1783331876,100,,Aggregated,45.800000,0.000000,6,11,13,17,50,79,200,380,7700,7800,7900,13528,0,6,64.94118093877026,2.936158998636529,7927.464632986812,5774.00436132466
1783331877,100,,Aggregated,45.100000,0.000000,6,11,13,17,50,79,200,380,7700,7800,7900,13577,0,6,64.74600805602908,2.936158998636529,7927.464632986812,5775.846505118951
1783331878,100,,Aggregated,45.100000,0.000000,6,11,13,17,50,78,200,380,7700,7800,7900,13625,0,6,64.56943705958024,2.936158998636529,7927.464632986812,5777.840293577981
1783331879,100,,Aggregated,45.200000,0.000000,6,11,13,17,50,78,200,380,7700,7800,7900,13672,0,6,64.37830733746165,2.936158998636529,7927.464632986812,5781.653964306612
1783331880,100,,Aggregated,45.200000,0.000000,6,11,13,17,50,78,200,370,7700,7800,7900,13708,0,6,64.23256679229546,2.936158998636529,7927.464632986812,5781.2661219725705
1783331881,100,,Aggregated,45.500000,0.000000,6,11,13,17,50,78,200,370,7700,7800,7900,13757,0,6,64.05345368763153,2.936158998636529,7927.464632986812,5778.661990259504
1783331882,100,,Aggregated,44.400000,0.000000,6,11,13,17,50,78,200,370,7700,7800,7900,13804,0,6,63.88193762813872,2.936158998636529,7927.464632986812,5774.4234279918865
1783331883,100,,Aggregated,45.100000,0.000000,6,11,13,17,50,78,200,370,7700,7800,7900,13844,0,6,63.73125023634487,2.936158998636529,7927.464632986812,5780.698569777521
1783331884,100,,Aggregated,45.500000,0.000000,6,11,13,17,50,78,200,370,7700,7800,7900,13890,0,6,63.55981439956909,2.936158998636529,7927.464632986812,5782.920806335494
1783331885,100,,Aggregated,45.000000,0.000000,6,11,13,17,50,78,190,370,7700,7800,7900,13941,0,6,63.37354181242821,2.936158998636529,7927.464632986812,5780.701312674844
1783331886,100,,Aggregated,44.600000,0.000000,6,11,13,17,50,78,190,370,7700,7800,7900,13986,0,6,63.20366737702116,2.936158998636529,7927.464632986812,5780.098455598456
1783331887,100,,Aggregated,45.600000,0.000000,6,11,13,17,50,77,190,360,7700,7800,7900,14030,0,6,63.034680463440125,2.936158998636529,7927.464632986812,5778.188382038489
1783331888,100,,Aggregated,45.700000,0.000000,6,11,13,17,50,77,190,360,7700,7800,7900,14081,0,6,62.84811608700926,2.936158998636529,7927.464632986812,5777.899438960301
1783331889,100,,Aggregated,45.200000,0.000000,6,11,13,17,50,77,190,360,7700,7800,7900,14132,0,6,62.66792582170154,2.936158998636529,7927.464632986812,5786.896476082649
1783331890,100,,Aggregated,45.500000,0.000000,6,11,13,17,50,77,190,360,7700,7800,7900,14174,0,6,62.521219068110405,2.936158998636529,7927.464632986812,5787.100677296458
1783331891,100,,Aggregated,45.200000,0.000000,6,11,13,17,49,77,190,360,7700,7800,7900,14225,0,6,62.33755939819536,2.936158998636529,7927.464632986812,5787.4602460456945
1783331892,100,,Aggregated,46.200000,0.000000,6,11,13,17,49,76,190,360,7700,7800,7900,14275,0,6,62.17269109374674,2.936158998636529,7927.464632986812,5788.1650437828375
1783331893,100,,Aggregated,46.100000,0.000000,6,11,13,17,49,76,190,360,7700,7800,7900,14314,0,6,62.03367353327728,2.936158998636529,7927.464632986812,5787.051697638675
1783331894,100,,Aggregated,46.800000,0.000000,6,11,13,17,49,76,190,360,7700,7800,7900,14364,0,6,61.864788470075624,2.936158998636529,7927.464632986812,5790.8431495405175
1783331895,100,,Aggregated,46.700000,0.000000,6,11,13,17,49,76,180,360,7700,7800,7900,14415,0,6,61.70487177871874,2.936158998636529,7927.464632986812,5792.695039889005
1783331896,100,,Aggregated,46.900000,0.000000,6,11,13,17,49,76,180,360,7700,7800,7900,14461,0,6,61.552740031130384,2.936158998636529,7927.464632986812,5789.474586819722
1783331897,100,,Aggregated,46.700000,0.000000,6,11,13,17,49,76,180,360,7700,7800,7900,14507,0,6,61.412738533202344,2.936158998636529,7927.464632986812,5784.567105535259
1783331898,100,,Aggregated,46.500000,0.000000,6,11,13,17,49,76,180,360,7700,7800,7900,14555,0,6,61.24097810656169,2.936158998636529,7927.464632986812,5784.541257299897
1783331899,100,,Aggregated,47.300000,0.000000,6,11,13,17,49,76,180,360,7700,7800,7900,14599,0,6,61.093928363453756,2.936158998636529,7927.464632986812,5778.188780053429
1783331900,100,,Aggregated,47.200000,0.000000,6,11,13,17,49,76,180,350,7700,7800,7900,14642,0,6,60.95609524464554,2.936158998636529,7927.464632986812,5772.906706734053
1783331901,100,,Aggregated,47.100000,0.000000,6,11,13,17,49,76,180,350,7700,7800,7900,14692,0,6,60.78458457337619,2.936158998636529,7927.464632986812,5774.240743261639
1783331902,100,,Aggregated,46.300000,0.000000,6,11,13,17,49,76,180,350,7700,7800,7900,14730,0,6,60.66146523015035,2.936158998636529,7927.464632986812,5772.922403258656
1783331903,100,,Aggregated,46.400000,0.000000,6,11,13,17,49,76,180,350,7700,7800,7900,14776,0,6,60.512008886582876,2.936158998636529,7927.464632986812,5775.467650243639
1783331904,100,,Aggregated,45.600000,0.000000,6,11,13,17,49,75,180,340,7700,7800,7900,14823,0,6,60.3559455889627,2.936158998636529,7927.464632986812,5782.595156176213
1783331905,100,,Aggregated,46.400000,0.000000,6,11,13,17,49,75,180,340,7700,7800,7900,14868,0,6,60.198863503243686,2.936158998636529,7927.464632986812,5781.6949825127795
1783331906,100,,Aggregated,45.500000,0.000000,6,11,13,17,49,75,180,340,7700,7800,7900,14913,0,6,60.0600294386934,2.936158998636529,7927.464632986812,5780.030912626567
1783331907,100,,Aggregated,44.900000,0.000000,6,11,13,17,49,75,180,340,7700,7800,7900,14965,0,6,59.90252572550453,2.936158998636529,7927.464632986812,5779.121617106582
1783331908,100,,Aggregated,45.900000,0.000000,6,11,13,16,49,75,180,340,7700,7800,7900,15008,0,6,59.75753211002149,2.936158998636529,7927.464632986812,5779.707755863539
1783331909,100,,Aggregated,45.800000,0.000000,6,11,13,16,49,75,180,340,7700,7800,7900,15051,0,6,59.63040028391937,2.936158998636529,7927.464632986812,5779.190219918943
1783331910,100,,Aggregated,44.900000,0.000000,6,11,13,16,49,75,180,340,7700,7800,7900,15095,0,6,59.49509097689893,2.936158998636529,7927.464632986812,5777.992249089102
1783331911,100,,Aggregated,44.700000,0.000000,6,11,13,16,49,75,180,340,7700,7800,7900,15142,0,6,59.3603774819231,2.936158998636529,7927.464632986812,5780.365407475895
1783331912,100,,Aggregated,45.600000,0.000000,6,11,13,16,49,75,180,340,7700,7800,7900,15187,0,6,59.22129069725183,2.936158998636529,7927.464632986812,5778.49726739975
1783331913,100,,Aggregated,44.800000,0.000000,6,11,13,16,49,74,180,340,7700,7800,7900,15230,0,6,59.09127995208394,2.936158998636529,7927.464632986812,5777.703479973736
1783331914,100,,Aggregated,45.600000,0.000000,6,11,13,17,49,75,170,340,7700,7800,7900,15279,0,6,58.96026501978556,2.936158998636529,7927.464632986812,5776.178283919105
1783331915,100,,Aggregated,44.900000,0.000000,6,11,13,16,49,74,170,340,7700,7800,7900,15327,0,6,58.810153794825204,2.936158998636529,7927.464632986812,5777.4071899262735
1783331916,100,,Aggregated,45.400000,0.000000,6,11,13,16,49,74,170,340,7700,7800,7900,15370,0,6,58.697129369443495,2.936158998636529,7927.464632986812,5778.839232270657
1783331917,100,,Aggregated,45.800000,0.000000,6,11,13,16,49,74,170,330,7700,7800,7900,15416,0,6,58.57128479399429,2.936158998636529,7927.464632986812,5777.881421899326
1783331918,100,,Aggregated,45.400000,0.000000,6,11,13,16,49,74,170,330,7700,7800,7900,15463,0,6,58.43472732654469,2.936158998636529,7927.464632986812,5780.670697794736
1783331919,100,,Aggregated,44.600000,0.000000,6,11,13,16,49,74,170,330,7700,7800,7900,15507,0,6,58.29496358762131,2.936158998636529,7927.464632986812,5779.458760559747
1783331920,100,,Aggregated,45.000000,0.000000,6,11,13,16,49,74,170,330,7700,7800,7900,15554,0,6,58.14660944010078,2.936158998636529,7927.464632986812,5782.8594573743085
1783331921,100,,Aggregated,45.600000,0.000000,6,11,13,16,49,74,170,330,7700,7800,7900,15596,0,6,58.02700644238016,2.936158998636529,7927.464632986812,5779.16683765068
1783331922,100,,Aggregated,45.000000,0.000000,6,11,13,16,49,74,170,330,7700,7800,7900,15643,0,6,57.908710541155926,2.936158998636529,7927.464632986812,5782.8206226427155
1783331923,100,,Aggregated,45.600000,0.000000,6,11,13,16,48,74,170,330,7700,7800,7900,15692,0,6,57.76197123562453,2.936158998636529,7927.464632986812,5785.807099158807
1783331924,100,,Aggregated,45.000000,0.000000,6,11,13,16,48,74,170,330,7700,7800,7900,15740,0,6,57.618384364762505,2.936158998636529,7927.464632986812,5781.369440914867
1783331925,100,,Aggregated,45.900000,0.000000,6,11,13,16,48,74,160,330,7700,7800,7900,15783,0,6,57.499894783460235,2.936158998636529,7927.464632986812,5782.204904010644
1783331926,100,,Aggregated,45.900000,0.000000,6,11,13,16,48,74,160,330,7700,7800,7900,15824,0,6,57.38028131302602,2.936158998636529,7927.464632986812,5782.38264661274
1783331927,100,,Aggregated,45.600000,0.000000,6,11,13,16,48,74,160,330,7700,7800,7900,15875,0,6,57.23599229015843,2.936158998636529,7927.464632986812,5782.41051968504
1783331928,100,,Aggregated,45.500000,0.000000,6,11,13,16,48,74,160,330,7700,7800,7900,15924,0,6,57.0990117789616,2.936158998636529,7927.464632986812,5781.208929917107
1783331929,100,,Aggregated,46.300000,0.000000,6,11,13,16,48,73,160,330,7700,7800,7900,15972,0,6,56.97061902093305,2.936158998636529,7927.464632986812,5779.477648384674
1783331930,100,,Aggregated,45.500000,0.000000,6,11,13,16,48,73,160,330,7700,7800,7900,16019,0,6,56.836164627961466,2.936158998636529,7927.464632986812,5776.681128659717
1783331931,100,,Aggregated,46.400000,0.000000,6,11,13,16,48,73,160,330,7700,7800,7900,16060,0,6,56.720496052698884,2.936158998636529,7927.464632986812,5779.720610211706
1783331932,100,,Aggregated,47.000000,0.000000,6,11,13,16,48,73,160,330,7700,7800,7900,16103,0,6,56.611083286052065,2.936158998636529,7927.464632986812,5777.665341861765
1783331933,100,,Aggregated,46.300000,0.000000,6,11,13,16,48,73,160,330,7700,7800,7900,16153,0,6,56.48852112228593,2.936158998636529,7927.464632986812,5777.653315173652
1783331934,100,,Aggregated,46.000000,0.000000,6,11,13,16,48,73,160,330,7700,7800,7900,16198,0,6,56.364540202830234,2.936158998636529,7927.464632986812,5774.724348685023
1783331935,100,,Aggregated,46.200000,0.000000,6,11,13,16,48,73,160,330,7700,7800,7900,16241,0,6,56.25953293975665,2.936158998636529,7927.464632986812,5775.54713379718
1783331936,100,,Aggregated,45.600000,0.000000,6,11,13,16,48,73,160,330,7700,7800,7900,16288,0,6,56.12915259360678,2.936158998636529,7927.464632986812,5773.586198428291
1783331937,100,,Aggregated,45.800000,0.000000,6,11,13,16,48,73,160,330,7700,7800,7900,16337,0,6,55.98857840593456,2.936158998636529,7927.464632986812,5768.733855665055
1783331938,100,,Aggregated,45.800000,0.000000,6,11,13,16,48,73,160,330,7700,7800,7900,16380,0,6,55.88085093197964,2.936158998636529,7927.464632986812,5765.961172161172
1783331939,100,,Aggregated,45.900000,0.000000,6,11,13,16,48,73,160,330,7700,7800,7900,16432,0,6,55.74880629082895,2.936158998636529,7927.464632986812,5765.9625121713725
1783331940,100,,Aggregated,46.100000,0.000000,6,11,13,16,48,73,160,330,7700,7800,7900,16476,0,6,55.626033097711044,2.936158998636529,7927.464632986812,5767.071376547706
1783331941,100,,Aggregated,45.200000,0.000000,6,11,13,16,48,73,160,330,7700,7800,7900,16511,0,6,55.52169346180382,2.936158998636529,7927.464632986812,5766.372842347526
1783331942,100,,Aggregated,45.200000,0.000000,6,11,13,16,48,73,160,330,7700,7800,7900,16562,0,6,55.39112145501936,2.936158998636529,7927.464632986812,5771.449039971018
1783331943,100,,Aggregated,44.800000,0.000000,6,11,13,16,48,73,160,330,7700,7800,7900,16608,0,6,55.26605454696418,2.936158998636529,7927.464632986812,5769.914137764933
1783331944,100,,Aggregated,46.100000,0.000000,6,11,13,16,48,72,160,330,7700,7800,7900,16655,0,6,55.14903737544219,2.936158998636529,7927.464632986812,5770.952026418493
1783331945,100,,Aggregated,45.200000,0.000000,6,11,13,16,48,72,160,330,7700,7800,7900,16703,0,6,55.02763119840256,2.936158998636529,7927.464632986812,5770.093875351733
1783331946,100,,Aggregated,45.200000,0.000000,6,11,13,16,48,72,160,330,7700,7800,7900,16745,0,6,54.92300862281242,2.936158998636529,7927.464632986812,5773.188295013437
1783331947,100,,Aggregated,45.400000,0.000000,6,11,13,16,48,72,160,330,7700,7800,7900,16794,0,6,54.79548137137285,2.936158998636529,7927.464632986812,5769.501012266285
1783331948,100,,Aggregated,46.000000,0.000000,6,11,13,16,48,72,160,320,7700,7800,7900,16835,0,6,54.69105384542807,2.936158998636529,7927.464632986812,5771.871161271161
1783331949,100,,Aggregated,45.300000,0.000000,6,11,13,16,48,72,160,320,7700,7800,7900,16882,0,6,54.5903711829562,2.936158998636529,7927.464632986812,5769.02404928326
1783331950,100,,Aggregated,44.700000,0.000000,6,11,13,16,48,72,160,310,7700,7800,7900,16921,0,6,54.49220127112624,2.936158998636529,7927.464632986812,5763.025471307842
1783331951,100,,Aggregated,45.000000,0.000000,6,11,13,16,48,72,160,310,7700,7800,7900,16973,0,6,54.379278038212234,2.936158998636529,7927.464632986812,5759.147587344606
1783331952,100,,Aggregated,44.700000,0.000000,6,11,13,16,48,72,160,310,7700,7800,7900,17015,0,6,54.2744675778213,2.936158998636529,7927.464632986812,5757.9553335292385
1783331953,100,,Aggregated,45.700000,0.000000,6,11,13,16,48,71,160,310,7700,7800,7900,17064,0,6,54.16333999001071,2.936158998636529,7927.464632986812,5759.350796999531
1783331954,100,,Aggregated,44.400000,0.000000,6,11,13,16,48,71,160,310,7700,7800,7900,17109,0,6,54.047274050122404,2.936158998636529,7927.464632986812,5761.211292302297
1783331955,100,,Aggregated,44.700000,0.000000,6,11,13,16,48,71,160,310,7700,7800,7900,17162,0,6,53.93090690505907,2.936158998636529,7927.464632986812,5758.066833702365
1783331956,100,,Aggregated,46.200000,0.000000,6,11,13,16,48,71,160,310,7700,7800,7900,17209,0,6,53.81462755724005,2.936158998636529,7927.464632986812,5754.745307687837
1783331957,100,,Aggregated,45.700000,0.000000,6,11,13,16,47,71,160,310,7700,7800,7900,17261,0,6,53.6884827940705,2.936158998636529,7927.464632986812,5761.550663345113
1783331958,100,,Aggregated,45.900000,0.000000,6,11,13,16,47,71,160,310,7700,7800,7900,17297,0,6,53.595281684485045,2.936158998636529,7927.464632986812,5759.597560270568
1783331959,100,,Aggregated,45.800000,0.000000,6,11,13,16,47,71,160,310,7700,7800,7900,17347,0,6,53.48435340586836,2.936158998636529,7927.464632986812,5757.073845621721
1783331960,100,,Aggregated,47.200000,0.000000,6,11,13,16,47,71,150,310,7700,7800,7900,17396,0,6,53.36047132700727,2.936158998636529,7927.464632986812,5757.928661761324
1783331961,100,,Aggregated,46.600000,0.000000,6,11,13,16,47,71,150,300,7700,7800,7900,17444,0,6,53.24538158161386,2.936158998636529,7927.464632986812,5758.149736299014
1783331962,100,,Aggregated,46.800000,0.000000,6,11,13,16,47,71,150,300,7700,7800,7900,17489,0,6,53.141354696352444,2.936158998636529,7927.464632986812,5759.409171479216
1783331963,100,,Aggregated,47.300000,0.000000,6,11,13,16,47,71,150,300,7700,7800,7900,17532,0,6,53.03415476434885,2.936158998636529,7927.464632986812,5763.1274811772755
1783331964,100,,Aggregated,47.300000,0.000000,6,11,13,16,47,71,150,300,7700,7800,7900,17582,0,6,52.92180913033376,2.936158998636529,7927.464632986812,5760.468661130702
1783331965,100,,Aggregated,47.700000,0.000000,6,11,13,16,47,70,150,300,7700,7800,7900,17626,0,6,52.81828602317568,2.936158998636529,7927.464632986812,5758.1021785997955
1783331966,100,,Aggregated,46.000000,0.000000,6,11,13,16,47,70,150,300,7700,7800,7900,17679,0,6,52.71445367126583,2.936158998636529,7927.464632986812,5757.3873522258045
1783331967,100,,Aggregated,47.300000,0.000000,6,11,13,16,47,70,150,300,7700,7800,7900,17717,0,6,52.62317406808744,2.936158998636529,7927.464632986812,5759.266636563752
1783331968,100,,Aggregated,45.800000,0.000000,6,11,13,16,47,70,150,300,7700,7800,7900,17764,0,6,52.517469476599345,2.936158998636529,7927.464632986812,5760.526176536816
1783331969,100,,Aggregated,46.000000,0.000000,6,11,13,16,47,70,150,300,7700,7800,7900,17819,0,6,52.38346424330163,2.936158998636529,7927.464632986812,5762.143105673719
1783331970,100,,Aggregated,45.700000,0.000000,6,11,13,16,47,70,150,300,7700,7800,7900,17862,0,6,52.30835936268827,2.936158998636529,7927.464632986812,5764.380584481021
1783331971,100,,Aggregated,46.400000,0.000000,6,11,13,16,47,70,150,300,7700,7800,7900,17906,0,6,52.215880584850865,2.936158998636529,7927.464632986812,5763.040321679884
1783331972,100,,Aggregated,46.300000,0.000000,6,11,13,16,47,70,150,300,7700,7800,7900,17953,0,6,52.11518403433687,2.936158998636529,7927.464632986812,5759.124268924414
1783331973,100,,Aggregated,45.800000,0.000000,6,11,13,16,47,70,150,300,7700,7800,7900,17994,0,6,52.031781308965066,2.936158998636529,7927.464632986812,5757.905746359897
1783331974,100,,Aggregated,46.200000,0.000000,6,11,13,16,47,70,150,290,7700,7800,7900,18047,0,6,51.91688347478734,2.936158998636529,7927.464632986812,5758.284368593118
1783331975,100,,Aggregated,46.000000,0.000000,6,11,13,16,47,70,150,290,7700,7800,7900,18099,0,6,51.797580498284226,2.936158998636529,7927.464632986812,5758.487982761479
1783331976,100,,Aggregated,46.900000,0.000000,6,11,13,16,47,70,150,290,7700,7800,7900,18141,0,6,51.7109340673279,2.936158998636529,7927.464632986812,5762.155669477978
1783331977,100,,Aggregated,45.600000,0.000000,6,11,13,16,47,70,150,290,7700,7800,7900,18187,0,6,51.605266920282716,2.936158998636529,7927.464632986812,5758.183757629075
1783331978,100,,Aggregated,47.000000,0.000000,6,11,13,16,47,70,140,290,7700,7800,7900,18235,0,6,51.50313511582786,2.936158998636529,7927.464632986812,5759.559363860707
1783331979,100,,Aggregated,46.700000,0.000000,6,11,13,16,47,69,140,290,7700,7800,7900,18290,0,6,51.390654808803966,2.936158998636529,7927.464632986812,5764.033788955713
1783331980,100,,Aggregated,46.400000,0.000000,6,11,13,16,47,69,140,290,7700,7800,7900,18337,0,6,51.29940032328068,2.936158998636529,7927.464632986812,5768.958608278344
1783331981,100,,Aggregated,46.700000,0.000000,6,11,13,16,47,69,140,290,7700,7800,7900,18384,0,6,51.20011753040923,2.936158998636529,7927.464632986812,5771.283507397738
1783331982,100,,Aggregated,47.100000,0.000000,6,11,13,16,47,69,140,290,7700,7800,7900,18431,0,6,51.09223401650089,2.936158998636529,7927.464632986812,5772.774184797352
1783331983,100,,Aggregated,47.700000,0.000000,6,11,13,16,47,69,140,290,7700,7800,7900,18476,0,6,51.003146532104786,2.936158998636529,7927.464632986812,5778.138558129465
1783331984,100,,Aggregated,47.800000,0.000000,6,11,13,16,47,69,140,280,7700,7800,7900,18525,0,6,50.90540635838317,2.936158998636529,7927.464632986812,5774.861538461539
1783331985,100,,Aggregated,47.900000,0.000000,6,11,13,16,47,69,140,280,7700,7800,7900,18579,0,6,50.79875898444452,2.936158998636529,7927.464632986812,5774.138059098983
1783331986,100,,Aggregated,47.300000,0.000000,6,11,13,16,47,69,140,280,7700,7800,7900,18619,0,6,50.71079085041639,2.936158998636529,7927.464632986812,5777.416295182341
1783331987,100,,Aggregated,48.400000,0.000000,6,11,13,16,47,69,140,280,7700,7800,7900,18663,0,6,50.614919156239914,2.936158998636529,7927.464632986812,5777.912714997588
1783331988,100,,Aggregated,47.600000,0.000000,6,11,13,16,47,69,140,280,7700,7800,7900,18717,0,6,50.520128275366126,2.936158998636529,7927.464632986812,5778.968638136454
1783331989,100,,Aggregated,47.000000,0.000000,6,11,13,16,47,69,140,280,7700,7800,7900,18760,0,6,50.43795295841575,2.936158998636529,7927.464632986812,5777.935820895523
1783331990,100,,Aggregated,47.800000,0.000000,6,11,13,16,47,69,140,280,7700,7800,7900,18801,0,6,50.35949161937035,2.936158998636529,7927.464632986812,5775.982341364821
1783331991,100,,Aggregated,47.800000,0.000000,6,11,13,16,47,68,140,280,7700,7800,7900,18851,0,6,50.255034137485346,2.936158998636529,7927.464632986812,5777.250915070818
1783331992,100,,Aggregated,46.400000,0.000000,6,11,13,16,47,68,140,280,7700,7800,7900,18897,0,6,50.16258150250255,2.936158998636529,7927.464632986812,5776.195798274858
1783331993,100,,Aggregated,46.200000,0.000000,6,11,13,16,47,68,140,280,7700,7800,7900,18933,0,6,50.09377274445585,2.936158998636529,7927.464632986812,5777.533090371309
1783331994,100,,Aggregated,46.400000,0.000000,6,11,13,16,46,68,140,280,7700,7800,7900,18982,0,6,49.989306440147494,2.936158998636529,7927.464632986812,5777.826730586872
1783331995,100,,Aggregated,45.400000,0.000000,6,11,13,16,46,68,140,280,7700,7800,7900,19027,0,6,49.91390192909157,2.936158998636529,7927.464632986812,5778.237504598728
1783331996,100,,Aggregated,45.700000,0.000000,6,11,13,16,46,68,140,280,7700,7800,7900,19071,0,6,49.823743583021916,2.936158998636529,7927.464632986812,5779.23286665618
1783331997,100,,Aggregated,45.500000,0.000000,6,11,13,16,46,68,140,280,7700,7800,7900,19119,0,6,49.72900025371261,2.936158998636529,7927.464632986812,5774.730948271354
1783331998,100,,Aggregated,44.900000,0.000000,6,11,13,16,46,68,140,280,7700,7800,7900,19169,0,6,49.657636796477014,2.936158998636529,7927.464632986812,5772.203088319683
1783331999,100,,Aggregated,45.500000,0.000000,6,11,13,16,46,68,140,270,7700,7800,7900,19211,0,6,49.574712081436914,2.936158998636529,7927.464632986812,5769.960387278122
1783332000,100,,Aggregated,45.400000,0.000000,6,11,13,16,46,68,140,270,7700,7800,7900,19258,0,6,49.493007525051986,2.936158998636529,7927.464632986812,5766.815141759269
1783332001,100,,Aggregated,44.600000,0.000000,6,11,13,16,46,68,140,270,7700,7800,7900,19301,0,6,49.42157360517637,2.936158998636529,7927.464632986812,5768.038132739236
1783332002,100,,Aggregated,45.700000,0.000000,6,11,13,16,47,68,140,270,7700,7800,7900,19344,0,6,49.34154412539055,2.936158998636529,7927.464632986812,5768.222911497105
1783332003,100,,Aggregated,45.700000,0.000000,6,11,13,16,46,68,140,270,7700,7800,7900,19389,0,6,49.25094599104816,2.936158998636529,7927.464632986812,5766.747227809583
1783332004,100,,Aggregated,45.000000,0.000000,6,11,13,16,46,68,140,270,7700,7800,7900,19437,0,6,49.16194152638768,2.936158998636529,7927.464632986812,5769.052168544528
1783332005,100,,Aggregated,45.300000,0.000000,6,11,13,16,46,68,140,270,7700,7800,7900,19482,0,6,49.07087510324611,2.936158998636529,7927.464632986812,5769.104455394723
1783332006,100,,Aggregated,45.600000,0.000000,6,11,13,16,46,68,140,270,7700,7800,7900,19526,0,6,48.98662533762037,2.936158998636529,7927.464632986812,5766.3456929222575
1783332007,100,,Aggregated,44.800000,0.000000,6,11,13,16,46,68,140,270,7700,7800,7900,19575,0,6,48.89996457135924,2.936158998636529,7927.464632986812,5768.148454661558
1783332008,100,,Aggregated,45.500000,0.000000,6,11,13,16,46,68,130,270,7700,7800,7900,19619,0,6,48.81979911980327,2.936158998636529,7927.464632986812,5770.4224476273
1783332009,100,,Aggregated,46.100000,0.000000,6,11,13,16,46,67,130,270,7700,7800,7900,19667,0,6,48.723511793631154,2.936158998636529,7927.464632986812,5774.65729394417
1783332010,100,,Aggregated,45.500000,0.000000,6,11,13,16,46,67,130,260,7700,7800,7900,19718,0,6,48.624687906196755,2.936158998636529,7927.464632986812,5776.712293336038
1783332011,100,,Aggregated,45.400000,0.000000,6,11,13,16,46,67,130,260,7700,7800,7900,19764,0,6,48.538261031341094,2.936158998636529,7927.464632986812,5773.838646023072
1783332012,100,,Aggregated,45.500000,0.000000,6,11,13,15,46,67,130,260,7700,7800,7900,19802,0,6,48.46853858112576,2.936158998636529,7927.464632986812,5773.047772952227
1783332013,100,,Aggregated,45.200000,0.000000,6,11,13,15,46,67,130,260,7700,7800,7900,19860,0,6,48.36765627001375,2.936158998636529,7927.464632986812,5769.99224572004
1783332014,100,,Aggregated,45.800000,0.000000,6,11,13,15,46,67,130,260,7700,7800,7900,19901,0,6,48.30083492047784,2.936158998636529,7927.464632986812,5767.022913421436
1783332015,100,,Aggregated,45.500000,0.000000,6,11,13,16,46,67,130,260,7700,7800,7900,19960,0,6,48.236470187496934,2.936158998636529,7927.464632986812,5763.125100200401
1783332016,100,,Aggregated,45.900000,0.000000,6,11,13,16,46,67,130,260,7700,7800,7900,20005,0,6,48.15522776842863,2.936158998636529,7927.464632986812,5761.7351662084475
1783332017,100,,Aggregated,46.200000,0.000000,6,11,13,16,46,67,130,260,7700,7800,7900,20057,0,6,48.06947010024223,2.936158998636529,7927.464632986812,5759.773545395622
1783332018,100,,Aggregated,46.700000,0.000000,6,11,13,16,46,67,130,260,7700,7800,7900,20096,0,6,48.00922893270442,2.936158998636529,7927.464632986812,5763.139878582802
1783332019,100,,Aggregated,46.000000,0.000000,6,11,13,16,46,67,130,260,7700,7800,7900,20146,0,6,47.9225870277241,2.936158998636529,7927.464632986812,5758.798371885237
1783332020,100,,Aggregated,46.700000,0.000000,6,11,13,16,46,67,130,260,7700,7800,7900,20192,0,6,47.850831422617915,2.936158998636529,7927.464632986812,5762.28729199683
1783332021,100,,Aggregated,46.200000,0.000000,6,11,13,16,46,67,130,260,7700,7800,7900,20239,0,6,47.776974537798566,2.936158998636529,7927.464632986812,5758.414595582785
1783332022,100,,Aggregated,46.500000,0.000000,6,11,13,16,46,67,130,260,7700,7800,7900,20287,0,6,47.69666505794777,2.936158998636529,7927.464632986812,5761.780056193622
1783332023,100,,Aggregated,46.600000,0.000000,6,11,13,16,46,67,130,260,7700,7800,7900,20339,0,6,47.637047925692066,2.936158998636529,7927.464632986812,5763.544569546192
1783332024,100,,Aggregated,46.200000,0.000000,6,11,13,16,46,67,130,260,7700,7800,7900,20377,0,6,47.568743084247764,2.936158998636529,7927.464632986812,5762.1909996564755
1783332025,100,,Aggregated,47.000000,0.000000,6,11,13,16,46,67,130,260,7700,7800,7900,20427,0,6,47.49392652923136,2.936158998636529,7927.464632986812,5757.520389680325
1783332026,100,,Aggregated,47.400000,0.000000,6,11,13,16,46,67,130,260,7700,7800,7900,20471,0,6,47.418941231388466,2.936158998636529,7927.464632986812,5755.845391040984
1783332027,100,,Aggregated,46.300000,0.000000,6,11,13,16,46,67,130,250,7700,7800,7900,20514,0,6,47.342110162561625,2.936158998636529,7927.464632986812,5756.931266452179
1783332028,100,,Aggregated,46.300000,0.000000,6,11,13,15,46,67,130,250,7700,7800,7900,20560,0,6,47.25780398325714,2.936158998636529,7927.464632986812,5760.105398832685
1783332029,100,,Aggregated,46.300000,0.000000,6,11,13,15,46,67,130,250,7700,7800,7900,20609,0,6,47.17432258177035,2.936158998636529,7927.464632986812,5759.902081614829
1783332030,100,,Aggregated,45.600000,0.000000,6,11,13,15,46,67,130,250,7700,7800,7900,20659,0,6,47.095868493137246,2.936158998636529,7927.464632986812,5761.241783242171
1783332031,100,,Aggregated,46.100000,0.000000,6,11,13,15,46,67,130,250,7700,7800,7900,20703,0,6,47.01841008524235,2.936158998636529,7927.464632986812,5760.74462638265
1783332032,100,,Aggregated,46.200000,0.000000,6,11,13,15,46,67,130,250,7700,7800,7900,20753,0,6,46.950076188922104,2.936158998636529,7927.464632986812,5758.748903772948
1783332033,100,,Aggregated,46.500000,0.000000,6,11,13,15,46,67,130,250,7700,7800,7900,20798,0,6,46.879895022196834,2.936158998636529,7927.464632986812,5761.091210693336
1783332034,100,,Aggregated,46.500000,0.000000,6,11,13,15,46,67,130,250,7700,7800,7900,20850,0,6,46.782382157056404,2.936158998636529,7927.464632986812,5757.079184652278
1783332035,100,,Aggregated,46.600000,0.000000,6,11,13,15,46,67,130,250,7700,7800,7900,20889,0,6,46.72301212689266,2.936158998636529,7927.464632986812,5757.921968500167
1783332036,100,,Aggregated,45.400000,0.000000,6,11,13,15,46,67,130,250,7700,7800,7900,20936,0,6,46.64233324879273,2.936158998636529,7927.464632986812,5756.753582346198
1783332037,100,,Aggregated,47.000000,0.000000,6,11,12,15,46,67,130,250,7700,7800,7900,20986,0,6,46.556453316482376,2.936158998636529,7927.464632986812,5759.356189840846
1783332038,100,,Aggregated,46.200000,0.000000,6,11,12,15,46,67,130,250,7700,7800,7900,21031,0,6,46.48871144375955,2.936158998636529,7927.464632986812,5757.538823641292
1783332040,100,,Aggregated,46.900000,0.000000,6,11,13,15,46,67,130,250,7700,7800,7900,21078,0,6,46.421441250859736,2.936158998636529,7927.464632986812,5756.293481354967
1783332041,100,,Aggregated,46.900000,0.000000,6,11,12,15,46,67,130,250,7700,7800,7900,21120,0,6,46.346354941457925,2.936158998636529,7927.464632986812,5759.439393939394
1783332042,100,,Aggregated,46.500000,0.000000,6,11,12,15,46,67,130,250,7700,7800,7900,21172,0,6,46.257984717962074,2.936158998636529,7927.464632986812,5763.90274891366
1783332043,100,,Aggregated,46.500000,0.000000,6,11,12,15,46,67,130,250,7700,7800,7900,21213,0,6,46.18743319095638,2.936158998636529,7927.464632986812,5764.316268326026
1783332044,100,,Aggregated,46.400000,0.000000,6,11,12,15,46,66,130,250,7700,7800,7900,21262,0,6,46.10675594252098,2.936158998636529,7927.464632986812,5768.029254068291
1783332045,100,,Aggregated,45.800000,0.000000,6,11,12,15,46,66,130,250,7700,7800,7900,21308,0,6,46.044023415524194,2.936158998636529,7927.464632986812,5771.904542894687
1783332046,100,,Aggregated,45.800000,0.000000,6,11,12,15,46,66,130,250,7700,7800,7900,21347,0,6,45.985391771124235,2.936158998636529,7927.464632986812,5770.363048671945
1783332047,100,,Aggregated,46.200000,0.000000,6,11,12,15,46,66,130,250,7700,7800,7900,21395,0,6,45.90648782168856,2.936158998636529,7927.464632986812,5776.26454779154
1783332048,100,,Aggregated,45.600000,0.000000,6,11,12,15,46,66,120,250,7700,7800,7900,21443,0,6,45.82615043557748,2.936158998636529,7927.464632986812,5775.1710581541765
1783332049,100,,Aggregated,45.900000,0.000000,6,11,12,15,46,66,120,250,7700,7800,7900,21485,0,6,45.76524924687222,2.936158998636529,7927.464632986812,5776.112031649988
1783332050,100,,Aggregated,45.300000,0.000000,6,11,12,15,46,66,120,250,7700,7800,7900,21526,0,6,45.705559550738116,2.936158998636529,7927.464632986812,5773.792948062808
1783332051,100,,Aggregated,45.200000,0.000000,6,11,12,15,46,66,120,250,7700,7800,7900,21573,0,6,45.62847304756729,2.936158998636529,7927.464632986812,5774.19927687387
1783332052,100,,Aggregated,44.700000,0.000000,6,11,12,15,46,66,120,240,7700,7800,7900,21617,0,6,45.562013247687844,2.936158998636529,7927.464632986812,5771.8497016237225
1783332053,100,,Aggregated,44.900000,0.000000,6,11,12,15,46,66,120,240,7700,7800,7900,21669,0,6,45.489721263844174,2.936158998636529,7927.464632986812,5774.0771609211315
1783332054,100,,Aggregated,44.500000,0.000000,6,11,12,15,46,66,120,240,7700,7800,7900,21709,0,6,45.43667107320717,2.936158998636529,7927.464632986812,5774.231378690865
1783332055,100,,Aggregated,45.300000,0.000000,6,11,12,15,46,66,120,240,7700,7800,7900,21759,0,6,45.35686403934958,2.936158998636529,7927.464632986812,5775.476768233834
1783332056,100,,Aggregated,44.800000,0.000000,6,11,12,15,46,66,120,240,7700,7800,7900,21807,0,6,45.29148512914086,2.935234020696953,7927.464632986812,5768.61539872518
1783332057,100,,Aggregated,45.100000,0.000000,6,11,12,15,46,66,120,240,7700,7800,7900,21850,0,6,45.21793316696766,2.935234020696953,7927.464632986812,5768.969016018306
1783332058,100,,Aggregated,45.600000,0.000000,6,11,12,15,46,66,120,240,7700,7800,7900,21897,0,6,45.13902074116177,2.935234020696953,7927.464632986812,5767.785952413573
1783332059,100,,Aggregated,45.300000,0.000000,6,11,12,15,46,66,120,240,7700,7800,7900,21948,0,6,45.063214461968144,2.935234020696953,7927.464632986812,5767.581693092765
1783332060,100,,Aggregated,45.300000,0.000000,6,11,12,15,46,66,120,240,7700,7800,7900,21991,0,6,44.994830032852335,2.935234020696953,7927.464632986812,5766.707107453049
1783332061,100,,Aggregated,45.800000,0.000000,6,11,12,15,46,66,120,240,7700,7800,7900,22043,0,6,44.918073613590344,2.935234020696953,7927.464632986812,5764.5554597831515
1783332062,100,,Aggregated,46.300000,0.000000,6,11,12,15,45,66,120,240,7700,7800,7900,22092,0,6,44.83458885765246,2.935234020696953,7927.464632986812,5763.61547166395
1783332063,100,,Aggregated,46.900000,0.000000,6,11,12,15,45,66,120,240,7700,7800,7900,22135,0,6,44.78067817779265,2.935234020696953,7927.464632986812,5766.389112265642
1783332064,100,,Aggregated,47.000000,0.000000,6,11,12,15,45,66,120,240,7700,7800,7900,22185,0,6,44.70336993231557,2.935234020696953,7927.464632986812,5768.94892945684
1783332065,100,,Aggregated,46.400000,0.000000,6,11,12,15,45,66,120,240,7700,7800,7900,22227,0,6,44.64253368076442,2.935234020696953,7927.464632986812,5770.187069779998
1783332066,100,,Aggregated,47.300000,0.000000,6,11,12,15,45,66,120,240,7700,7800,7900,22268,0,6,44.582869938357625,2.935234020696953,7927.464632986812,5768.268456978624
1783332067,100,,Aggregated,46.700000,0.000000,6,11,12,15,45,66,120,240,7700,7800,7900,22318,0,6,44.505339901529794,2.935234020696953,7927.464632986812,5771.382247513218
1783332068,100,,Aggregated,45.800000,0.000000,6,11,12,15,45,66,120,240,7700,7800,7900,22362,0,6,44.4410540160672,2.935234020696953,7927.464632986812,5771.215231195779
1783332069,100,,Aggregated,46.200000,0.000000,6,11,12,15,45,66,120,240,7700,7800,7900,22406,0,6,44.38358189977866,2.935234020696953,7927.464632986812,5774.043916807997
1783332070,100,,Aggregated,46.200000,0.000000,6,11,12,15,45,65,120,240,7700,7800,7900,22455,0,6,44.31521919703276,2.935234020696953,7927.464632986812,5776.550790469829
1783332071,100,,Aggregated,46.000000,0.000000,6,11,12,15,45,65,120,240,7700,7800,7900,22484,0,6,44.273627835543856,2.935234020696953,7927.464632986812,5774.496530866394
1783332072,100,,Aggregated,46.100000,0.000000,6,11,12,15,45,65,120,240,7700,7800,7900,22542,0,6,44.2037985057838,2.935234020696953,7927.464632986812,5770.094756454618
1783332073,100,,Aggregated,44.400000,0.000000,6,11,12,15,45,65,120,240,7700,7800,7900,22581,0,6,44.14397371694667,2.935234020696953,7927.464632986812,5770.187591337851
1783332074,100,,Aggregated,45.000000,0.000000,6,11,12,15,45,65,120,240,7700,7800,7900,22635,0,6,44.06469454731294,2.935234020696953,7927.464632986812,5766.459995582063
1783332075,100,,Aggregated,44.500000,0.000000,6,11,12,15,45,65,120,240,7700,7800,7900,22679,0,6,44.003220796345516,2.935234020696953,7927.464632986812,5764.8977909078885
1783332076,100,,Aggregated,44.800000,0.000000,6,11,12,15,45,65,110,240,7700,7800,7900,22733,0,6,43.933852196418336,2.935234020696953,7927.464632986812,5764.735494655347
1783332077,100,,Aggregated,44.700000,0.000000,6,11,12,15,45,65,110,240,7700,7800,7900,22777,0,6,43.87019798468744,2.935234020696953,7927.464632986812,5764.141282873074
1783332078,100,,Aggregated,46.000000,0.000000,6,11,12,15,45,65,110,230,7700,7800,7900,22822,0,6,43.80746920445975,2.935234020696953,7927.464632986812,5761.4218736307075
1783332079,100,,Aggregated,45.700000,0.000000,6,11,12,15,45,65,110,230,7700,7800,7900,22864,0,6,43.74735898955819,2.935234020696953,7927.464632986812,5760.379898530441
1783332080,100,,Aggregated,45.900000,0.000000,6,11,12,15,45,65,110,230,7700,7800,7900,22914,0,6,43.683264597680626,2.935234020696953,7927.464632986812,5760.097538622676
1783332081,100,,Aggregated,45.300000,0.000000,6,11,12,15,45,65,110,230,7700,7800,7900,22963,0,6,43.626414279856895,2.935234020696953,7927.464632986812,5759.417933196882
1783332082,100,,Aggregated,45.600000,0.000000,6,11,12,15,45,65,110,230,7700,7800,7900,23009,0,6,43.57323773633081,2.935234020696953,7927.464632986812,5759.443087487505
1783332083,100,,Aggregated,46.500000,0.000000,6,11,12,15,45,65,110,230,7700,7800,7900,23051,0,6,43.51221861621234,2.935234020696953,7927.464632986812,5761.360938787905
1783332084,100,,Aggregated,46.100000,0.000000,6,11,12,15,45,65,110,230,7700,7800,7900,23095,0,6,43.45316405071969,2.935234020696953,7927.464632986812,5761.07464819225
1783332085,100,,Aggregated,46.900000,0.000000,6,11,12,15,45,65,110,230,7700,7800,7900,23142,0,6,43.40491131675202,2.935234020696953,7927.464632986812,5761.780658542909
1783332086,100,,Aggregated,45.700000,0.000000,6,11,12,15,45,65,110,230,7700,7800,7900,23188,0,6,43.347415473270345,2.935234020696953,7927.464632986812,5759.657538381922
1783332087,100,,Aggregated,46.500000,0.000000,6,11,12,15,45,65,110,230,7700,7800,7900,23230,0,6,43.28561360358119,2.935234020696953,7927.464632986812,5761.417778734395
1783332088,100,,Aggregated,45.900000,0.000000,6,11,12,15,45,65,110,230,7700,7800,7900,23285,0,6,43.209057079372585,2.935234020696953,7927.464632986812,5760.932531672751
1783332089,100,,Aggregated,46.000000,0.000000,6,11,12,15,45,65,110,230,7700,7800,7900,23330,0,6,43.144595870776904,2.935234020696953,7927.464632986812,5762.794299185598
1783332090,100,,Aggregated,46.300000,0.000000,6,11,12,15,45,64,110,230,7700,7800,7900,23377,0,6,43.07876573933064,2.935234020696953,7927.464632986812,5765.378149463148
1783332091,100,,Aggregated,46.600000,0.000000,6,11,12,15,45,64,110,230,7700,7800,7900,23425,0,6,43.030173055601,2.935234020696953,7927.464632986812,5765.3030096051225
1783332092,100,,Aggregated,46.400000,0.000000,6,11,12,15,45,64,110,230,7700,7800,7900,23469,0,6,42.96716261632587,2.935234020696953,7927.464632986812,5761.975243938813
1783332093,100,,Aggregated,46.200000,0.000000,6,11,12,15,45,64,110,230,7700,7800,7900,23522,0,6,42.9048226455081,2.935234020696953,7927.464632986812,5764.623331349375
1783332094,100,,Aggregated,46.200000,0.000000,6,11,12,15,45,64,110,230,7700,7800,7900,23559,0,6,42.85740212202388,2.935234020696953,7927.464632986812,5763.929665945074
1783332095,100,,Aggregated,46.400000,0.000000,6,11,12,15,45,64,110,230,7700,7800,7900,23608,0,6,42.80073618967376,2.935234020696953,7927.464632986812,5765.520332090817
1783332096,100,,Aggregated,46.100000,0.000000,6,11,12,15,45,64,110,230,7700,7800,7900,23652,0,6,42.73940014661512,2.935234020696953,7927.464632986812,5766.813673262303
1783332097,100,,Aggregated,46.100000,0.000000,6,11,12,15,45,64,110,230,7700,7800,7900,23696,0,6,42.68066561667137,2.935234020696953,7927.464632986812,5765.672771775827
1783332098,100,,Aggregated,46.300000,0.000000,6,11,12,15,45,64,110,230,7700,7800,7900,23745,0,6,42.61275050210713,2.935234020696953,7927.464632986812,5763.406275005264
1783332099,100,,Aggregated,46.200000,0.000000,6,11,12,15,45,64,110,230,7700,7800,7900,23793,0,6,42.56210981774182,2.935234020696953,7927.464632986812,5761.601689572563
1783332100,100,,Aggregated,45.400000,0.000000,6,11,12,15,45,64,110,230,7700,7800,7900,23838,0,6,42.514069235825595,2.935234020696953,7927.464632986812,5763.395754677405
1783332101,100,,Aggregated,46.300000,0.000000,6,11,12,15,45,64,110,230,7700,7800,7900,23883,0,6,42.45038555037219,2.935234020696953,7927.464632986812,5763.278608215049
1783332102,100,,Aggregated,45.700000,0.000000,6,11,12,15,45,64,110,230,7700,7800,7900,23934,0,6,42.38158790793878,2.935234020696953,7927.464632986812,5761.5491769031505
1783332103,100,,Aggregated,46.000000,0.000000,6,11,12,15,45,64,110,230,7700,7800,7900,23978,0,6,42.33144105715742,2.935234020696953,7927.464632986812,5763.093460672283
1783332104,100,,Aggregated,46.000000,0.000000,6,11,12,15,45,64,110,220,7700,7800,7900,24023,0,6,42.275250545042105,2.935234020696953,7927.464632986812,5763.211547267202
1783332105,100,,Aggregated,45.700000,0.000000,6,11,12,15,45,64,110,220,7700,7800,7900,24069,0,6,42.223693370751995,2.935234020696953,7927.464632986812,5762.792222360713
1783332106,100,,Aggregated,46.600000,0.000000,6,11,12,15,45,64,110,220,7700,7800,7900,24122,0,6,42.16375692934294,2.935234020696953,7927.464632986812,5763.743677970318
1783332107,100,,Aggregated,46.000000,0.000000,6,11,12,15,45,64,110,220,7700,7800,7900,24162,0,6,42.11098741807808,2.935234020696953,7927.464632986812,5762.284206605414
1783332108,100,,Aggregated,45.700000,0.000000,6,11,12,15,45,64,110,220,7700,7800,7900,24206,0,6,42.05690817960885,2.935234020696953,7927.464632986812,5760.255680409816
1783332109,100,,Aggregated,46.300000,0.000000,6,11,12,15,45,64,110,220,7700,7800,7900,24253,0,6,41.99798377032498,2.935234020696953,7927.464632986812,5758.800437059333
1783332110,100,,Aggregated,46.000000,0.000000,6,11,12,15,45,64,110,220,7700,7800,7900,24301,0,6,41.95620137663583,2.935234020696953,7927.464632986812,5758.661413110572
1783332111,100,,Aggregated,45.600000,0.000000,6,11,12,15,45,64,110,220,7700,7800,7900,24338,0,6,41.90984146892417,2.935234020696953,7927.464632986812,5760.232886843619
1783332112,100,,Aggregated,46.000000,0.000000,6,11,12,15,45,64,110,220,7700,7800,7900,24384,0,6,41.85523576737682,2.935234020696953,7927.464632986812,5762.61499343832
1783332113,100,,Aggregated,45.900000,0.000000,6,11,12,15,45,64,110,220,7700,7800,7900,24429,0,6,41.79470176604732,2.935234020696953,7927.464632986812,5763.665070203447
1783332114,100,,Aggregated,45.000000,0.000000,6,11,12,15,45,64,110,220,7700,7800,7900,24473,0,6,41.74251615170834,2.935234020696953,7927.464632986812,5762.068851387243
1783332115,100,,Aggregated,45.100000,0.000000,6,11,12,15,45,64,110,220,7700,7800,7900,24521,0,6,41.68792563719721,2.935234020696953,7927.464632986812,5761.9237388361
1783332116,100,,Aggregated,44.700000,0.000000,6,11,12,15,45,64,110,220,7700,7800,7900,24568,0,6,41.6262534191908,2.935234020696953,7927.464632986812,5762.473542819928
1783332117,100,,Aggregated,45.200000,0.000000,6,11,12,15,45,64,110,220,7700,7800,7900,24620,0,6,41.55620839364626,2.935234020696953,7927.464632986812,5764.412713241267
1783332118,100,,Aggregated,45.600000,0.000000,6,11,12,15,45,64,110,220,7700,7800,7900,24668,0,6,41.5018394942252,2.935234020696953,7927.464632986812,5763.857832009081
1783332119,100,,Aggregated,44.700000,0.000000,6,11,12,15,45,64,110,220,7700,7800,7900,24702,0,6,41.459219022248554,2.935234020696953,7927.464632986812,5763.4930370010525
1783332120,100,,Aggregated,45.300000,0.000000,6,11,12,15,45,64,110,220,7700,7800,7900,24753,0,6,41.395491065470544,2.935234020696953,7927.464632986812,5764.514321496385
1783332121,100,,Aggregated,44.700000,0.000000,6,11,12,15,45,64,110,220,7700,7800,7900,24801,0,6,41.33724527961413,2.935234020696953,7927.464632986812,5765.800209668965
1783332122,100,,Aggregated,44.600000,0.000000,6,11,12,15,45,64,110,220,7700,7800,7900,24852,0,6,41.27779117192408,2.935234020696953,7927.464632986812,5767.136729438274
1783332123,100,,Aggregated,45.600000,0.000000,6,11,12,15,45,63,110,220,7700,7800,7900,24900,0,6,41.21764774111672,2.935234020696953,7927.464632986812,5766.704979919678
1783332124,100,,Aggregated,45.700000,0.000000,6,11,12,15,45,63,110,220,7700,7800,7900,24942,0,6,41.15961726392841,2.935234020696953,7927.464632986812,5763.467244006094
1783332125,100,,Aggregated,46.700000,0.000000,6,11,12,15,45,63,110,220,7700,7800,7900,24991,0,6,41.112932840182175,2.935234020696953,7927.464632986812,5770.366611980313
1783332126,100,,Aggregated,46.900000,0.000000,6,11,12,15,45,63,110,220,7700,7800,7900,25044,0,6,41.06535697436586,2.935234020696953,7927.464632986812,5769.070236383965
1783332127,100,,Aggregated,47.200000,0.000000,6,11,12,15,45,63,110,220,7700,7800,7900,25084,0,6,41.0240644962107,2.935234020696953,7927.464632986812,5772.84998405358
1783332128,100,,Aggregated,47.000000,0.000000,6,11,12,15,45,63,110,210,7700,7800,7900,25130,0,6,40.96608743092703,2.935234020696953,7927.464632986812,5768.984321528054
1783332129,100,,Aggregated,46.000000,0.000000,6,11,12,15,45,63,110,210,7700,7800,7900,25177,0,6,40.913043629195336,2.935234020696953,7927.464632986812,5768.815109028081
1783332130,100,,Aggregated,46.700000,0.000000,6,11,12,15,45,63,110,210,7700,7800,7900,25221,0,6,40.864750138541325,2.935234020696953,7927.464632986812,5771.471630783871
1783332131,100,,Aggregated,46.800000,0.000000,6,11,12,15,45,63,110,210,7700,7800,7900,25274,0,6,40.80427197175627,2.935234020696953,7927.464632986812,5769.923716071852
1783332132,100,,Aggregated,47.300000,0.000000,6,11,12,15,45,63,110,210,7700,7800,7900,25315,0,6,40.768881826941126,2.935234020696953,7927.464632986812,5768.315070116531
1783332133,100,,Aggregated,46.300000,0.000000,6,11,12,15,45,63,110,210,7700,7800,7900,25366,0,6,40.70404749104886,2.935234020696953,7927.464632986812,5769.4925096585985
1783332134,100,,Aggregated,46.800000,0.000000,6,11,12,15,45,63,110,210,7700,7800,7900,25407,0,6,40.66362422422427,2.935234020696953,7927.464632986812,5767.48490573464
1783332135,100,,Aggregated,45.700000,0.000000,6,11,12,15,45,63,110,210,7700,7800,7900,25455,0,6,40.60862626394783,2.935234020696953,7927.464632986812,5766.51624435278
1783332136,100,,Aggregated,46.100000,0.000000,6,11,12,15,45,63,110,210,7700,7800,7900,25505,0,6,40.55016769012932,2.935234020696953,7927.464632986812,5768.043442462263
1783332137,100,,Aggregated,45.300000,0.000000,6,11,12,15,45,63,110,210,7700,7800,7900,25548,0,6,40.49939287016087,2.935234020696953,7927.464632986812,5765.470173790512
1783332138,100,,Aggregated,45.800000,0.000000,6,11,12,15,45,63,110,210,7700,7800,7900,25594,0,6,40.46015655535987,2.935234020696953,7927.464632986812,5765.462530280534
1783332139,100,,Aggregated,46.500000,0.000000,6,11,12,15,45,63,110,210,7700,7800,7900,25640,0,6,40.418711176677,2.935234020696953,7927.464632986812,5766.267667706708
1783332140,100,,Aggregated,46.400000,0.000000,6,11,12,15,45,63,110,210,7700,7800,7900,25680,0,6,40.37598741717567,2.935234020696953,7927.464632986812,5768.867718068535
1783332141,100,,Aggregated,45.800000,0.000000,6,11,12,15,45,63,110,210,7700,7800,7900,25736,0,6,40.31906055304367,2.935234020696953,7927.464632986812,5770.237799191794
1783332142,100,,Aggregated,45.600000,0.000000,6,11,12,15,45,63,110,210,7700,7800,7900,25775,0,6,40.275510625025554,2.935234020696953,7927.464632986812,5770.557206595538
1783332143,100,,Aggregated,46.400000,0.000000,6,11,12,15,45,63,110,210,7700,7800,7900,25828,0,6,40.218214071437615,2.935234020696953,7927.464632986812,5771.181740746477
1783332144,100,,Aggregated,46.200000,0.000000,6,11,12,15,45,63,110,210,7700,7800,7900,25875,0,6,40.179406120549835,2.935234020696953,7927.464632986812,5768.755207729469
1783332145,100,,Aggregated,46.700000,0.000000,6,11,12,15,44,63,110,210,7700,7800,7900,25921,0,6,40.12693558571038,2.935234020696953,7927.464632986812,5767.239921299332
1783332146,100,,Aggregated,45.600000,0.000000,6,11,12,15,44,63,110,210,7700,7800,7900,25968,0,6,40.081722213807616,2.935234020696953,7927.464632986812,5767.777726432532
1783332147,100,,Aggregated,46.600000,0.000000,6,11,12,15,44,63,110,210,7600,7800,7900,26018,0,6,40.02952362011052,2.935234020696953,7927.464632986812,5766.717657006688
1783332148,100,,Aggregated,45.900000,0.000000,6,11,12,15,44,63,110,210,7600,7800,7900,26056,0,6,39.99210346623172,2.935234020696953,7927.464632986812,5765.865213386552
1783332149,100,,Aggregated,47.400000,0.000000,6,11,12,15,44,63,110,210,7600,7800,7900,26107,0,6,39.93955086579372,2.935234020696953,7927.464632986812,5764.377063622783
1783332150,100,,Aggregated,46.300000,0.000000,6,11,12,15,44,63,110,210,7600,7800,7900,26146,0,6,39.89735601939721,2.935234020696953,7927.464632986812,5764.408284249981
1783332151,100,,Aggregated,46.800000,0.000000,6,11,12,15,44,63,110,210,7600,7800,7900,26202,0,6,39.84012827491003,2.935234020696953,7927.464632986812,5762.247614685902
1783332152,100,,Aggregated,47.500000,0.000000,6,11,12,15,44,63,110,210,7600,7800,7900,26245,0,6,39.787830546361945,2.935234020696953,7927.464632986812,5764.886568870261
1783332153,100,,Aggregated,46.200000,0.000000,6,11,12,15,44,63,110,210,7600,7800,7900,26288,0,6,39.73557545523573,2.935234020696953,7927.464632986812,5768.596089470481
1783332154,100,,Aggregated,46.700000,0.000000,6,11,12,15,44,63,110,210,7600,7800,7900,26329,0,6,39.69776494482556,2.935234020696953,7927.464632986812,5771.3203311937405
1783332155,100,,Aggregated,46.000000,0.000000,6,11,12,15,44,63,110,210,7600,7800,7900,26380,0,6,39.64379804447376,2.935234020696953,7927.464632986812,5772.197194844579
1783332156,100,,Aggregated,46.300000,0.000000,6,11,12,15,44,63,100,210,7600,7800,7900,26428,0,6,39.59098998741118,2.935234020696953,7927.464632986812,5772.275995156652
1783332157,100,,Aggregated,46.000000,0.000000,6,11,12,15,44,63,100,210,7600,7800,7900,26465,0,6,39.552763151758214,2.935234020696953,7927.464632986812,5771.467523143775
1783332158,100,,Aggregated,45.700000,0.000000,6,11,12,15,44,63,100,210,7600,7800,7900,26514,0,6,39.516981573405985,2.935234020696953,7927.464632986812,5771.25556309874
1783332159,100,,Aggregated,44.700000,0.000000,6,11,12,15,44,63,100,210,7600,7800,7900,26564,0,6,39.46195153757877,2.935234020696953,7927.464632986812,5770.543743412137
1783332160,100,,Aggregated,45.000000,0.000000,6,11,12,15,44,63,100,210,7600,7800,7900,26607,0,6,39.42349764089492,2.935234020696953,7927.464632986812,5766.838050137182
1783332161,100,,Aggregated,45.600000,0.000000,6,11,12,15,44,63,100,210,7600,7800,7900,26657,0,6,39.37046111378208,2.935234020696953,7927.464632986812,5766.26390816671
1783332162,100,,Aggregated,44.900000,0.000000,6,11,12,15,44,63,100,200,7600,7800,7900,26704,0,6,39.32287445273968,2.935234020696953,7927.464632986812,5766.510560215698
1783332163,100,,Aggregated,45.600000,0.000000,6,11,12,15,44,63,100,200,7600,7800,7900,26751,0,6,39.277291914763666,2.935234020696953,7927.464632986812,5767.654442824567
1783332164,100,,Aggregated,45.300000,0.000000,6,11,12,15,44,62,100,200,7600,7800,7900,26799,0,6,39.22498357590868,2.935234020696953,7927.464632986812,5768.432254934885
1783332165,100,,Aggregated,45.500000,0.000000,6,11,12,15,44,63,100,200,7600,7800,7900,26844,0,6,39.21045026653223,2.935234020696953,7927.464632986812,5769.459879302637
1783332166,100,,Aggregated,46.400000,0.000000,6,11,12,15,44,63,100,200,7600,7800,7900,26891,0,6,39.15599730849426,2.935234020696953,7927.464632986812,5771.79487560894
1783332167,100,,Aggregated,45.400000,0.000000,6,11,12,15,44,63,100,200,7600,7800,7900,26935,0,6,39.121001520058314,2.935234020696953,7927.464632986812,5771.407870800074
1783332168,100,,Aggregated,46.500000,0.000000,6,11,12,15,44,63,100,200,7600,7800,7900,26985,0,6,39.075423786580366,2.935234020696953,7927.464632986812,5769.800074115249
1783332169,100,,Aggregated,46.400000,0.000000,6,11,12,15,44,63,100,200,7600,7800,7900,27027,0,6,39.03215928999745,2.935234020696953,7927.464632986812,5772.193362193362
1783332171,100,,Aggregated,46.700000,0.000000,6,11,12,15,44,63,110,200,7600,7800,7900,27099,0,6,39.05660082796172,2.935234020696953,7927.464632986812,5773.325362559504
1783332172,100,,Aggregated,44.300000,0.000000,6,11,12,15,44,63,110,200,7600,7800,7900,27138,0,6,39.01688105814686,2.935234020696953,7927.464632986812,5775.459871766527
1783332173,100,,Aggregated,46.200000,0.000000,6,11,12,15,44,63,110,200,7600,7800,7900,27185,0,6,38.96645640879477,2.935234020696953,7927.464632986812,5774.535295199558
1783332174,100,,Aggregated,45.800000,0.000000,6,11,12,15,44,63,110,200,7600,7800,7900,27229,0,6,38.916744260273624,2.935234020696953,7927.464632986812,5774.372654155496
1783332175,100,,Aggregated,45.400000,0.000000,6,11,12,15,44,63,110,200,7600,7800,7900,27273,0,6,38.87655709015188,2.935234020696953,7927.464632986812,5775.233820995123
1783332176,100,,Aggregated,44.800000,0.000000,6,11,12,15,44,63,100,200,7600,7800,7900,27325,0,6,38.82209590282794,2.935234020696953,7927.464632986812,5775.275791399817
1783332177,100,,Aggregated,45.200000,0.000000,6,11,12,15,44,63,100,200,7600,7800,7900,27368,0,6,38.78008759517998,2.935234020696953,7927.464632986812,5774.014030985092
1783332178,100,,Aggregated,45.000000,0.000000,6,11,12,15,44,63,100,200,7600,7800,7900,27414,0,6,38.73169744976896,2.935234020696953,7927.464632986812,5775.9036988400085
1783332179,100,,Aggregated,45.000000,0.000000,6,11,12,15,44,63,100,200,7600,7800,7900,27461,0,6,38.688888844249774,2.935234020696953,7927.464632986812,5773.271840064091
1783332180,100,,Aggregated,44.700000,0.000000,6,11,12,15,44,63,100,200,7600,7800,7900,27508,0,6,38.63943595953852,2.935234020696953,7927.464632986812,5770.567943870874
1783332181,100,,Aggregated,45.000000,0.000000,6,11,12,15,44,63,100,200,7600,7800,7900,27554,0,6,38.59662269674071,2.935234020696953,7927.464632986812,5772.151448065617
1783332182,100,,Aggregated,47.500000,0.000000,6,11,12,15,44,63,100,200,7600,7800,7900,27598,0,6,38.55573114627807,2.935234020696953,7927.464632986812,5773.183237915791
1783332183,100,,Aggregated,45.300000,0.000000,6,11,12,15,44,62,100,200,7600,7800,7900,27644,0,6,38.51739626685287,2.935234020696953,7927.464632986812,5771.0782086528725
1783332184,100,,Aggregated,45.700000,0.000000,6,11,12,15,44,62,100,200,7600,7800,7900,27695,0,6,38.46791257009928,2.935234020696953,7927.464632986812,5774.323812962629
1783332185,100,,Aggregated,46.300000,0.000000,6,11,12,15,44,62,100,200,7600,7800,7900,27737,0,6,38.42729715902515,2.935234020696953,7927.464632986812,5775.193027364171
