Timestamp,User Count,Type,Name,Requests/s,Failures/s,50%,66%,75%,80%,90%,95%,98%,99%,99.9%,99.99%,100%,Total Request Count,Total Failure Count,Total Median Response Time,Total Average Response Time,Total Min Response Time,Total Max Response Time,Total Average Content Size
1783330384,0,,Aggregated,0.000000,0.000000,N/A,N/A,N/A,N/A,N/A,N/A,N/A,N/A,N/A,N/A,N/A,0,0,0,0.0,0,0,0
1783330385,25,,Aggregated,0.000000,0.000000,N/A,N/A,N/A,N/A,N/A,N/A,N/A,N/A,N/A,N/A,N/A,0,0,0,0.0,0,0,0
1783330386,25,,Aggregated,0.000000,0.000000,79,1600,1700,1700,1900,1900,1900,1900,1900,1900,1900,64,0,78,662.4541258593126,14.23212798545137,1938.6405749828555,2113.546875
1783330387,25,,Aggregated,0.000000,0.000000,68,79,90,110,1700,1900,1900,2000,2000,2000,2000,155,0,68,346.1620507093387,14.23212798545137,2009.4967519980855,6841.006451612903
1783330388,25,,Aggregated,6.500000,0.000000,63,78,90,100,1700,1900,1900,2000,2000,2000,2000,164,0,62,327.83790387155733,5.905906989937648,2009.4967519980855,6691.518292682927
1783330389,25,,Aggregated,51.666667,0.000000,58,77,86,94,1700,1900,1900,2000,2000,2000,2000,176,0,57,306.60678757373137,5.905906989937648,2009.4967519980855,6551.329545454545
1783330390,25,,Aggregated,40.500000,0.000000,56,74,81,91,1700,1900,1900,2000,2000,2000,2000,189,0,56,287.2955971956438,5.526362976524979,2009.4967519980855,6511.312169312169
1783330391,25,,Aggregated,34.600000,0.000000,51,74,80,90,1700,1900,1900,2000,2000,2000,2000,200,0,51,272.039121544949,5.526362976524979,2009.4967519980855,6612.34
1783330392,25,,Aggregated,30.833333,0.000000,49,73,79,90,1700,1900,1900,2000,2000,2000,2000,211,0,49,259.3609418055722,4.471591004403308,2009.4967519980855,6515.791469194312
1783330393,25,,Aggregated,28.285714,0.000000,48,71,78,86,1700,1900,1900,2000,2000,2000,2000,222,0,47,247.1309635627738,4.471591004403308,2009.4967519980855,6565.418918918919
1783330394,25,,Aggregated,25.875000,0.000000,46,69,78,83,1600,1900,1900,2000,2000,2000,2000,235,0,46,234.20248435292532,4.471591004403308,2009.4967519980855,6545.36170212766
1783330395,25,,Aggregated,24.333333,0.000000,45,63,77,81,1600,1900,1900,2000,2000,2000,2000,248,0,45,222.6434597979542,4.210240003885701,2009.4967519980855,6554.362903225807
1783330396,25,,Aggregated,23.200000,0.000000,45,62,76,80,150,1900,1900,2000,2000,2000,2000,258,0,44,214.71927937931497,4.210240003885701,2009.4967519980855,6511.709302325581
1783330397,25,,Aggregated,24.300000,0.000000,42,60,74,79,130,1900,1900,2000,2000,2000,2000,267,0,42,208.09499965871646,4.210240003885701,2009.4967519980855,6514.003745318352
1783330398,25,,Aggregated,24.000000,0.000000,41,57,74,78,120,1900,1900,2000,2000,2000,2000,279,0,41,200.02973788844733,4.1401950002182275,2009.4967519980855,6555.548387096775
1783330399,25,,Aggregated,11.100000,0.000000,40,55,73,78,110,1800,1900,2000,2000,2000,2000,291,0,40,192.2829253982098,4.1401950002182275,2009.4967519980855,6479.525773195876
1783330400,25,,Aggregated,11.200000,0.000000,38,53,72,77,110,1800,1900,2000,2000,2000,2000,300,0,38,187.03161107638152,4.1401950002182275,2009.4967519980855,6357.916666666667
1783330401,25,,Aggregated,11.300000,0.000000,37,51,70,76,110,1700,1900,1900,2000,2000,2000,313,0,37,179.8149554280954,4.1401950002182275,2009.4967519980855,6370.172523961662
1783330402,25,,Aggregated,11.100000,0.000000,34,50,68,76,100,1700,1900,1900,2000,2000,2000,321,0,34,175.5795077473539,4.1401950002182275,2009.4967519980855,6364.429906542056
1783330403,25,,Aggregated,11.200000,0.000000,33,49,65,74,100,1700,1900,1900,2000,2000,2000,333,0,33,170.01526545318592,4.1401950002182275,2009.4967519980855,6311.942942942943
1783330404,25,,Aggregated,11.000000,0.000000,32,48,63,74,100,1700,1900,1900,2000,2000,2000,347,0,32,163.67615621024675,4.1401950002182275,2009.4967519980855,6333.5792507204615
1783330405,25,,Aggregated,11.200000,0.000000,28,46,62,73,94,1700,1900,1900,2000,2000,2000,356,0,24,159.81395510926234,4.1401950002182275,2009.4967519980855,6368.803370786517
1783330406,25,,Aggregated,10.800000,0.000000,22,46,60,72,94,1700,1900,1900,2000,2000,2000,366,0,21,155.6863215435621,4.1401950002182275,2009.4967519980855,6424.505464480874
1783330407,25,,Aggregated,10.700000,0.000000,20,45,57,71,91,1700,1900,1900,2000,2000,2000,382,0,20,149.74327725909907,4.1401950002182275,2009.4967519980855,6334.151832460733
1783330408,25,,Aggregated,10.900000,0.000000,19,45,57,71,90,1700,1900,1900,2000,2000,2000,391,0,19,146.7392684552697,4.1401950002182275,2009.4967519980855,6368.0332480818415
1783330409,25,,Aggregated,10.600000,0.000000,19,45,55,69,90,1700,1900,1900,2000,2000,2000,403,0,19,142.84504716392613,4.1401950002182275,2009.4967519980855,6277.759305210918
1783330410,25,,Aggregated,11.300000,0.000000,17,44,53,65,90,1700,1900,1900,2000,2000,2000,416,0,17,138.70860670193417,4.1401950002182275,2009.4967519980855,6195.555288461538
1783330411,25,,Aggregated,11.500000,0.000000,17,43,53,65,90,1700,1900,1900,2000,2000,2000,423,0,17,136.53865299764448,4.1401950002182275,2009.4967519980855,6164.229314420803
1783330412,25,,Aggregated,11.200000,0.000000,17,42,51,65,90,1700,1900,1900,2000,2000,2000,435,0,17,133.3482439149353,4.1401950002182275,2009.4967519980855,6111.5080459770115
1783330413,25,,Aggregated,11.000000,0.000000,16,42,51,62,86,1700,1900,1900,2000,2000,2000,449,0,16,129.80897401115715,4.1401950002182275,2009.4967519980855,6080.541202672606
1783330414,25,,Aggregated,11.200000,0.000000,16,41,51,61,83,1600,1900,1900,2000,2000,2000,463,0,16,126.31520763718217,4.1401950002182275,2009.4967519980855,5997.380129589633
1783330415,25,,Aggregated,11.200000,0.000000,15,40,49,58,81,1600,1900,1900,2000,2000,2000,477,0,15,122.91604803559767,4.1401950002182275,2009.4967519980855,6119.381551362683
1783330416,25,,Aggregated,12.100000,0.000000,15,40,48,58,81,1600,1900,1900,2000,2000,2000,490,0,15,120.00409989167547,4.085909982677549,2009.4967519980855,6042.587755102041
1783330417,25,,Aggregated,12.100000,0.000000,15,39,48,57,81,1600,1900,1900,2000,2000,2000,495,0,15,118.94611781198446,4.085909982677549,2009.4967519980855,6030.610101010101
1783330418,25,,Aggregated,12.200000,0.000000,14,38,48,56,80,150,1900,1900,2000,2000,2000,510,0,14,115.82084526273641,4.085909982677549,2009.4967519980855,6097.3725490196075
1783330419,25,,Aggregated,12.200000,0.000000,14,37,47,55,79,130,1900,1900,2000,2000,2000,521,0,14,113.68529059315965,3.8419179909396917,2009.4967519980855,6029.942418426103
1783330420,25,,Aggregated,11.700000,0.000000,14,37,47,54,79,130,1900,1900,2000,2000,2000,533,0,14,111.50120024775298,3.8419179909396917,2009.4967519980855,5978.515947467167
1783330421,25,,Aggregated,11.900000,0.000000,14,37,47,54,78,120,1900,1900,2000,2000,2000,542,0,14,110.03254104056181,3.8419179909396917,2009.4967519980855,5904.531365313653
1783330422,25,,Aggregated,12.000000,0.000000,13,36,47,54,78,120,1900,1900,2000,2000,2000,555,0,13,107.82579512068968,3.8419179909396917,2009.4967519980855,5862.389189189189
1783330423,25,,Aggregated,12.000000,0.000000,13,35,46,53,78,120,1900,1900,2000,2000,2000,567,0,13,105.79698242151015,3.8419179909396917,2009.4967519980855,5837.005291005291
1783330424,25,,Aggregated,12.100000,0.000000,13,34,46,52,78,120,1900,1900,2000,2000,2000,580,0,13,103.72781006891304,3.8419179909396917,2009.4967519980855,5794.0293103448275
1783330425,25,,Aggregated,11.800000,0.000000,13,33,45,52,78,110,1900,1900,2000,2000,2000,590,0,13,102.32592655421763,3.8419179909396917,2009.4967519980855,5806.1169491525425
1783330426,25,,Aggregated,11.600000,0.000000,12,32,45,51,77,110,1900,1900,2000,2000,2000,604,0,12,100.11851409106517,3.8419179909396917,2009.4967519980855,5829.960264900662
1783330427,25,,Aggregated,11.500000,0.000000,12,32,45,51,77,110,1900,1900,2000,2000,2000,614,0,12,98.89268918403353,3.8419179909396917,2009.4967519980855,5786.962540716612
1783330428,25,,Aggregated,11.600000,0.000000,12,32,45,51,76,110,1900,1900,2000,2000,2000,623,0,12,97.69428093904774,3.8419179909396917,2009.4967519980855,5809.512038523275
1783330429,25,,Aggregated,11.800000,0.000000,12,31,45,50,76,110,1900,1900,2000,2000,2000,636,0,12,95.96728541509947,3.8419179909396917,2009.4967519980855,5827.396226415094
1783330430,25,,Aggregated,11.500000,0.000000,12,23,45,49,76,100,1900,1900,2000,2000,2000,651,0,12,94.00742541162259,3.8419179909396917,2009.4967519980855,5777.385560675883
1783330431,25,,Aggregated,11.200000,0.000000,12,23,44,49,76,100,1900,1900,2000,2000,2000,660,0,12,92.98212256209368,3.8419179909396917,2009.4967519980855,5706.6
1783330432,25,,Aggregated,11.700000,0.000000,12,23,44,48,74,100,1900,1900,2000,2000,2000,675,0,12,91.30416932011333,3.8419179909396917,2009.4967519980855,5667.475555555556
1783330433,25,,Aggregated,11.800000,0.000000,12,22,44,48,74,100,1900,1900,2000,2000,2000,685,0,12,90.16089406447404,3.8419179909396917,2009.4967519980855,5669.0306569343065
1783330434,25,,Aggregated,11.700000,0.000000,11,21,44,48,74,100,1900,1900,2000,2000,2000,699,0,11,88.72003472556369,3.8419179909396917,2009.4967519980855,5624.359084406295
1783330435,25,,Aggregated,11.800000,0.000000,11,21,43,48,74,94,1800,1900,2000,2000,2000,707,0,11,87.85972856603466,3.8419179909396917,2009.4967519980855,5641.908062234795
1783330436,25,,Aggregated,11.700000,0.000000,11,20,43,48,74,94,1800,1900,2000,2000,2000,718,0,11,86.70133843895243,3.8419179909396917,2009.4967519980855,5635.384401114206
1783330437,25,,Aggregated,11.700000,0.000000,11,20,43,48,73,94,1800,1900,2000,2000,2000,731,0,11,85.49237594555646,3.8419179909396917,2009.4967519980855,5602.544459644323
1783330438,25,,Aggregated,11.300000,0.000000,11,19,42,48,72,93,1800,1900,2000,2000,2000,743,0,11,84.35479507839224,3.8419179909396917,2009.4967519980855,5645.565275908479
1783330439,25,,Aggregated,11.400000,0.000000,11,19,42,47,72,93,1700,1900,2000,2000,2000,754,0,11,83.33191609568863,3.8419179909396917,2009.4967519980855,5667.896551724138
1783330440,25,,Aggregated,12.100000,0.000000,11,19,41,47,72,91,1700,1900,2000,2000,2000,768,0,11,82.03680778797207,3.8419179909396917,2009.4967519980855,5700.734375
1783330441,25,,Aggregated,11.700000,0.000000,11,18,40,46,71,91,1700,1900,2000,2000,2000,777,0,11,81.21541409289999,3.8419179909396917,2009.4967519980855,5772.425997425998
1783330442,25,,Aggregated,11.700000,0.000000,11,18,40,46,71,90,1700,1900,2000,2000,2000,788,0,11,80.20117740257027,3.8419179909396917,2009.4967519980855,5772.8730964467
1783330443,25,,Aggregated,11.200000,0.000000,11,18,40,46,71,90,1700,1900,2000,2000,2000,800,0,11,79.21129255781125,3.8419179909396917,2009.4967519980855,5732.3275
1783330444,25,,Aggregated,11.700000,0.000000,11,17,39,46,71,90,1700,1900,2000,2000,2000,809,0,11,78.49696930436727,3.8419179909396917,2009.4967519980855,5718.914709517923
1783330445,25,,Aggregated,11.500000,0.000000,11,17,39,45,70,90,1700,1900,2000,2000,2000,822,0,11,77.60828545650155,3.8419179909396917,2009.4967519980855,5736.649635036496
1783330446,25,,Aggregated,11.300000,0.000000,11,17,38,45,69,90,1700,1900,2000,2000,2000,835,0,11,76.54849248296932,3.8419179909396917,2009.4967519980855,5790.48502994012
1783330447,25,,Aggregated,11.300000,0.000000,11,17,38,45,68,90,1700,1900,2000,2000,2000,842,0,11,76.03657339704958,3.8419179909396917,2009.4967519980855,5780.347980997624
1783330448,25,,Aggregated,11.600000,0.000000,11,17,38,45,67,90,1700,1900,2000,2000,2000,854,0,10,75.14234950964446,3.8419179909396917,2009.4967519980855,5792.275175644028
1783330449,25,,Aggregated,11.200000,0.000000,10,17,37,45,65,90,1700,1900,2000,2000,2000,866,0,10,74.24178688591867,3.8419179909396917,2009.4967519980855,5756.422632794457
1783330450,25,,Aggregated,10.700000,0.000000,10,17,37,45,65,90,1700,1900,2000,2000,2000,877,0,10,73.42271196828892,3.8419179909396917,2009.4967519980855,5748.496009122006
1783330451,25,,Aggregated,11.100000,0.000000,10,17,37,45,65,90,1700,1900,2000,2000,2000,889,0,10,72.64971609917602,3.8419179909396917,2009.4967519980855,5779.572553430821
1783330452,25,,Aggregated,11.100000,0.000000,10,17,36,45,65,90,1700,1900,2000,2000,2000,900,0,10,71.93004647130793,3.8419179909396917,2009.4967519980855,5796.39
1783330453,25,,Aggregated,11.700000,0.000000,10,17,35,44,63,90,1700,1900,2000,2000,2000,913,0,10,71.09944813058922,3.8419179909396917,2009.4967519980855,5760.309967141293
1783330454,25,,Aggregated,11.100000,0.000000,10,17,35,44,63,89,1700,1900,2000,2000,2000,922,0,10,70.57623605664573,3.8419179909396917,2009.4967519980855,5760.03579175705
1783330455,25,,Aggregated,11.000000,0.000000,10,16,35,44,63,89,1700,1900,2000,2000,2000,935,0,10,69.89729307401417,3.8419179909396917,2009.4967519980855,5763.639572192514
1783330456,25,,Aggregated,11.000000,0.000000,10,16,35,44,63,86,1700,1900,2000,2000,2000,946,0,10,69.28048790083636,3.8419179909396917,2009.4967519980855,5740.717758985201
1783330457,25,,Aggregated,11.100000,0.000000,10,16,34,44,62,86,1700,1900,2000,2000,2000,958,0,10,68.61032931544717,3.8419179909396917,2009.4967519980855,5756.760960334029
1783330458,25,,Aggregated,11.300000,0.000000,10,16,34,44,63,86,1700,1900,2000,2000,2000,970,0,10,68.03570790120314,3.8419179909396917,2009.4967519980855,5736.486597938145
1783330459,25,,Aggregated,11.300000,0.000000,10,16,34,44,62,83,1700,1900,2000,2000,2000,982,0,10,67.43793978429089,3.8419179909396917,2009.4967519980855,5744.20366598778
1783330460,25,,Aggregated,11.800000,0.000000,10,16,34,43,62,83,1700,1900,2000,2000,2000,990,0,10,66.96672563357608,3.8419179909396917,2009.4967519980855,5774.651515151515
1783330461,25,,Aggregated,11.700000,0.000000,10,16,34,43,62,86,1700,1900,2000,2000,2000,1006,0,10,66.29655929059545,3.8419179909396917,2009.4967519980855,5773.921471172962
1783330462,25,,Aggregated,11.400000,0.000000,10,16,34,43,62,86,1700,1900,2000,2000,2000,1019,0,10,65.67446311511478,3.8419179909396917,2009.4967519980855,5763.822374877331
1783330463,25,,Aggregated,10.900000,0.000000,10,16,32,42,61,83,1700,1900,2000,2000,2000,1029,0,10,65.10180525876653,3.8419179909396917,2009.4967519980855,5721.756073858115
1783330464,25,,Aggregated,11.700000,0.000000,10,16,32,42,61,83,1700,1900,2000,2000,2000,1040,0,10,64.56560568395406,3.8419179909396917,2009.4967519980855,5727.464423076923
1783330465,25,,Aggregated,12.000000,0.000000,10,16,32,42,60,83,1700,1900,2000,2000,2000,1054,0,10,63.85874259512053,3.8419179909396917,2009.4967519980855,5707.22485768501
1783330466,25,,Aggregated,11.700000,0.000000,10,16,32,42,60,81,1700,1900,2000,2000,2000,1062,0,9,63.52505797103509,3.8419179909396917,2009.4967519980855,5684.040489642184
1783330467,25,,Aggregated,12.200000,0.000000,9,16,32,42,59,81,1700,1900,2000,2000,2000,1072,0,9,63.05127164854802,3.8419179909396917,2009.4967519980855,5663.6539179104475
1783330468,25,,Aggregated,11.800000,0.000000,9,16,32,41,59,81,1700,1900,2000,2000,2000,1088,0,9,62.37057394692409,3.8419179909396917,2009.4967519980855,5707.359375
1783330469,25,,Aggregated,11.600000,0.000000,9,16,32,41,59,81,1700,1900,2000,2000,2000,1097,0,9,61.98828261190263,3.8419179909396917,2009.4967519980855,5686.616226071103
1783330470,25,,Aggregated,11.300000,0.000000,9,16,31,41,58,81,1700,1900,2000,2000,2000,1105,0,9,61.62165204098351,3.8419179909396917,2009.4967519980855,5665.963800904978
1783330471,25,,Aggregated,11.500000,0.000000,9,16,31,40,58,81,1700,1900,2000,2000,2000,1120,0,9,60.96671136097679,3.8419179909396917,2009.4967519980855,5660.107142857143
1783330472,25,,Aggregated,11.300000,0.000000,9,16,28,40,58,81,1700,1900,2000,2000,2000,1133,0,9,60.424766256212976,3.8419179909396917,2009.4967519980855,5678.47572815534
1783330473,25,,Aggregated,11.500000,0.000000,9,16,26,40,58,80,1700,1900,2000,2000,2000,1146,0,9,59.86017376818043,3.8419179909396917,2009.4967519980855,5715.07242582897
1783330474,25,,Aggregated,11.600000,0.000000,9,16,24,40,58,80,1600,1900,2000,2000,2000,1159,0,9,59.31221045416778,3.8419179909396917,2009.4967519980855,5742.986194995686
1783330475,25,,Aggregated,11.800000,0.000000,9,16,25,40,58,80,1600,1900,2000,2000,2000,1167,0,9,59.132202982332124,3.8419179909396917,2009.4967519980855,5755.566409597258
1783330476,25,,Aggregated,11.600000,0.000000,9,16,23,40,58,80,1600,1900,2000,2000,2000,1181,0,9,58.64732061591824,3.8419179909396917,2009.4967519980855,5771.488569009314
1783330477,25,,Aggregated,11.200000,0.000000,9,16,24,39,58,80,1600,1900,2000,2000,2000,1196,0,9,58.12283904634511,3.8419179909396917,2009.4967519980855,5751.130434782609
1783330478,25,,Aggregated,11.400000,0.000000,9,16,23,39,57,80,1600,1900,2000,2000,2000,1207,0,9,57.717803490021964,3.8419179909396917,2009.4967519980855,5800.599834299917
1783330479,25,,Aggregated,11.600000,0.000000,9,16,23,38,57,80,1600,1900,2000,2000,2000,1219,0,9,57.23083720954958,3.8419179909396917,2009.4967519980855,5810.776045939295
1783330480,25,,Aggregated,11.800000,0.000000,9,16,23,38,57,80,1600,1900,2000,2000,2000,1226,0,9,57.03582158843477,3.8419179909396917,2009.4967519980855,5814.23409461664
1783330481,25,,Aggregated,12.000000,0.000000,9,15,22,38,57,80,1600,1900,2000,2000,2000,1240,0,9,56.53837532128467,3.8419179909396917,2009.4967519980855,5847.450806451613
1783330482,25,,Aggregated,12.000000,0.000000,9,15,22,38,56,79,150,1900,2000,2000,2000,1253,0,9,56.10186376488405,3.8419179909396917,2009.4967519980855,5853.8355945730245
1783330483,25,,Aggregated,12.000000,0.000000,9,16,22,38,56,79,150,1900,2000,2000,2000,1267,0,9,55.743239245759895,3.8419179909396917,2009.4967519980855,5899.764798737175
1783330484,25,,Aggregated,11.700000,0.000000,9,15,22,38,56,79,150,1900,2000,2000,2000,1275,0,9,55.453631094446884,3.8419179909396917,2009.4967519980855,5892.402352941176
1783330485,25,,Aggregated,11.700000,0.000000,9,15,22,38,57,80,160,1900,2000,2000,2000,1289,0,9,55.3174141050794,3.8419179909396917,2009.4967519980855,5861.7920868890615
1783330486,25,,Aggregated,11.900000,0.000000,9,15,22,38,56,80,160,1900,2000,2000,2000,1296,0,9,55.08213413919787,3.8419179909396917,2009.4967519980855,5884.385030864198
1783330487,25,,Aggregated,11.700000,0.000000,9,15,21,38,56,79,150,1900,2000,2000,2000,1312,0,9,54.52410488443292,3.8419179909396917,2009.4967519980855,5853.951219512195
1783330488,25,,Aggregated,11.800000,0.000000,9,15,21,37,56,79,150,1900,2000,2000,2000,1318,0,9,54.31292796688902,3.8419179909396917,2009.4967519980855,5852.2610015174505
1783330489,25,,Aggregated,11.900000,0.000000,9,15,21,37,56,79,150,1900,2000,2000,2000,1333,0,9,53.849460098537705,3.8419179909396917,2009.4967519980855,5867.27231807952
1783330490,25,,Aggregated,11.800000,0.000000,9,15,21,37,55,78,150,1900,2000,2000,2000,1345,0,9,53.49152411401729,3.8419179909396917,2009.4967519980855,5836.9211895910785
1783330491,25,,Aggregated,11.000000,0.000000,9,15,21,37,55,78,150,1900,2000,2000,2000,1356,0,9,53.21055933726494,3.8419179909396917,2009.4967519980855,5861.921091445428
1783330492,25,,Aggregated,11.900000,0.000000,9,15,20,37,54,78,150,1900,2000,2000,2000,1371,0,9,52.75422458444029,3.8419179909396917,2009.4967519980855,5877.5215171407735
1783330493,25,,Aggregated,12.100000,0.000000,9,15,20,37,54,78,150,1900,2000,2000,2000,1378,0,9,52.53443556984904,3.8419179909396917,2009.4967519980855,5898.062409288825
1783330494,25,,Aggregated,11.400000,0.000000,9,15,20,37,54,78,150,1900,2000,2000,2000,1390,0,9,52.19587622611974,3.8419179909396917,2009.4967519980855,5922.096402877698
1783330495,25,,Aggregated,11.400000,0.000000,9,15,19,36,54,78,140,1800,2000,2000,2000,1402,0,9,51.80960982121572,3.451525990385562,2009.4967519980855,5928.192582025677
1783330496,25,,Aggregated,11.400000,0.000000,9,15,19,36,54,78,140,1800,2000,2000,2000,1415,0,9,51.47334648569381,3.451525990385562,2009.4967519980855,5964.973144876325
1783330497,25,,Aggregated,11.400000,0.000000,9,15,19,36,54,78,140,1800,2000,2000,2000,1423,0,9,51.2308842714299,3.451525990385562,2009.4967519980855,5970.413914265636
1783330498,25,,Aggregated,11.200000,0.000000,9,15,19,36,54,78,140,1800,2000,2000,2000,1437,0,9,50.87287579629073,3.451525990385562,2009.4967519980855,5975.884481558803
1783330499,25,,Aggregated,11.600000,0.000000,9,15,19,36,54,77,140,1800,2000,2000,2000,1450,0,9,50.55609346778887,3.451525990385562,2009.4967519980855,5994.926206896552
1783330500,25,,Aggregated,11.300000,0.000000,9,15,19,35,53,77,130,1800,2000,2000,2000,1462,0,9,50.217653165760744,3.451525990385562,2009.4967519980855,5994.018467852257
1783330501,25,,Aggregated,12.000000,0.000000,9,15,19,35,53,77,130,1800,2000,2000,2000,1471,0,9,50.031084081130025,3.451525990385562,2009.4967519980855,6007.897348742352
1783330502,25,,Aggregated,11.300000,0.000000,9,15,19,35,53,77,130,1800,2000,2000,2000,1480,0,9,49.7867330887734,3.451525990385562,2009.4967519980855,5998.747972972973
1783330503,25,,Aggregated,11.200000,0.000000,9,15,18,34,53,77,130,1800,2000,2000,2000,1494,0,9,49.42019251498211,3.451525990385562,2009.4967519980855,6000.461178045515
1783330504,25,,Aggregated,11.300000,0.000000,9,15,18,34,53,77,120,1700,2000,2000,2000,1504,0,9,49.272512303434,3.451525990385562,2009.4967519980855,6005.056515957447
1783330505,25,,Aggregated,11.300000,0.000000,9,15,18,34,53,77,120,1700,2000,2000,2000,1520,0,9,48.85902733376976,3.451525990385562,2009.4967519980855,6018.347368421053
1783330506,25,,Aggregated,11.300000,0.000000,9,15,18,34,53,77,120,1700,2000,2000,2000,1529,0,9,48.64393217485545,3.451525990385562,2009.4967519980855,6015.406147809025
1783330507,25,,Aggregated,11.900000,0.000000,9,15,18,34,52,77,120,1700,2000,2000,2000,1535,0,9,48.507811356596015,3.451525990385562,2009.4967519980855,6031.77003257329
1783330508,25,,Aggregated,11.900000,0.000000,9,15,18,34,53,77,120,1700,2000,2000,2000,1552,0,9,48.196035295367224,3.451525990385562,2009.4967519980855,6010.327319587629
1783330509,25,,Aggregated,11.300000,0.000000,9,15,18,34,52,76,120,1700,2000,2000,2000,1563,0,9,47.97260840014127,3.451525990385562,2009.4967519980855,6016.982085732566
1783330510,25,,Aggregated,11.100000,0.000000,9,15,18,33,52,76,120,1700,2000,2000,2000,1576,0,9,47.71912856432869,3.451525990385562,2009.4967519980855,6014.917512690356
1783330511,25,,Aggregated,11.500000,0.000000,9,15,18,33,52,76,120,1700,2000,2000,2000,1585,0,9,47.499844313809234,3.451525990385562,2009.4967519980855,6013.270662460568
1783330512,25,,Aggregated,11.600000,0.000000,9,15,18,33,52,76,110,1700,2000,2000,2000,1602,0,9,47.197917618854326,3.451525990385562,2009.4967519980855,5990.9918851435705
1783330513,25,,Aggregated,11.400000,0.000000,9,15,18,32,52,76,110,1700,2000,2000,2000,1612,0,9,46.959340222912616,3.451525990385562,2009.4967519980855,5997.505583126551
1783330514,25,,Aggregated,12.000000,0.000000,9,15,18,32,52,76,110,1700,2000,2000,2000,1622,0,9,46.782782897235464,3.451525990385562,2009.4967519980855,5995.53205918619
1783330515,25,,Aggregated,11.800000,0.000000,9,15,18,32,52,76,120,1700,2000,2000,2000,1637,0,9,46.549602516973195,3.451525990385562,2009.4967519980855,5996.560781918143
1783330516,25,,Aggregated,11.700000,0.000000,9,15,18,32,52,76,120,1700,2000,2000,2000,1646,0,9,46.40059310406147,3.451525990385562,2009.4967519980855,6001.778250303767
1783330517,25,,Aggregated,11.300000,0.000000,9,15,17,32,52,76,110,1700,2000,2000,2000,1659,0,9,46.133573822327115,3.451525990385562,2009.4967519980855,5990.359252561784
1783330518,25,,Aggregated,11.600000,0.000000,9,15,17,32,52,76,110,1700,2000,2000,2000,1666,0,9,46.01254638249925,3.451525990385562,2009.4967519980855,5985.5
1783330519,25,,Aggregated,11.600000,0.000000,9,15,17,32,52,75,110,1700,2000,2000,2000,1681,0,9,45.73689749685866,3.451525990385562,2009.4967519980855,6000.593099345628
1783330520,25,,Aggregated,12.400000,0.000000,9,15,17,32,52,75,110,1700,2000,2000,2000,1689,0,9,45.55753951110227,3.451525990385562,2009.4967519980855,5991.8738898756665
1783330521,25,,Aggregated,11.400000,0.000000,9,15,17,32,51,74,110,1700,2000,2000,2000,1704,0,9,45.321803653913065,3.451525990385562,2009.4967519980855,6010.834507042254
1783330522,25,,Aggregated,11.400000,0.000000,9,15,17,32,51,74,110,1700,2000,2000,2000,1712,0,9,45.1632684259757,3.451525990385562,2009.4967519980855,5989.2126168224295
1783330523,25,,Aggregated,11.500000,0.000000,9,15,17,32,51,74,110,1700,2000,2000,2000,1725,0,9,44.962842124767356,3.451525990385562,2009.4967519980855,6000.453333333333
1783330524,25,,Aggregated,11.200000,0.000000,9,15,17,32,51,74,110,1700,2000,2000,2000,1737,0,9,44.79997255918157,3.451525990385562,2009.4967519980855,6011.534254461716
1783330525,25,,Aggregated,11.100000,0.000000,9,15,17,32,51,74,110,1700,2000,2000,2000,1746,0,9,44.63971452765849,3.451525990385562,2009.4967519980855,6014.2159221076745
1783330526,25,,Aggregated,11.600000,0.000000,9,15,17,32,51,74,110,1700,2000,2000,2000,1757,0,9,44.46126785390763,3.451525990385562,2009.4967519980855,5988.889015367103
1783330527,25,,Aggregated,11.600000,0.000000,9,15,17,32,51,74,110,1700,2000,2000,2000,1770,0,9,44.219703922205404,3.451525990385562,2009.4967519980855,6020.07231638418
1783330528,25,,Aggregated,11.000000,0.000000,9,15,17,31,51,74,110,1700,2000,2000,2000,1779,0,9,44.048681638763455,3.451525990385562,2009.4967519980855,6029.224845418775
1783330529,25,,Aggregated,11.400000,0.000000,9,15,17,32,51,74,110,1700,2000,2000,2000,1790,0,9,43.94905663763014,3.451525990385562,2009.4967519980855,6029.538547486033
1783330530,25,,Aggregated,11.300000,0.000000,9,15,17,32,51,74,110,1700,2000,2000,2000,1802,0,9,43.78957390198231,3.451525990385562,2009.4967519980855,6036.559933407325
1783330531,25,,Aggregated,10.900000,0.000000,9,15,17,32,51,74,110,1700,2000,2000,2000,1809,0,9,43.659394646428716,3.451525990385562,2009.4967519980855,6040.234936428967
1783330532,25,,Aggregated,10.800000,0.000000,9,15,17,31,51,74,110,1700,2000,2000,2000,1822,0,9,43.41616795956603,3.451525990385562,2009.4967519980855,6062.666849615807
1783330534,25,,Aggregated,10.900000,0.000000,9,15,17,31,50,74,110,1700,2000,2000,2000,1832,0,9,43.25928746195974,3.451525990385562,2009.4967519980855,6045.698689956332
1783330535,25,,Aggregated,10.500000,0.000000,9,15,17,31,50,74,110,1700,2000,2000,2000,1845,0,9,43.0544489844788,3.451525990385562,2009.4967519980855,6060.016802168022
1783330536,25,,Aggregated,10.300000,0.000000,9,15,17,31,51,74,110,1700,2000,2000,2000,1860,0,9,42.892324501258614,3.451525990385562,2009.4967519980855,6062.295698924731
1783330537,25,,Aggregated,10.300000,0.000000,9,15,17,31,51,74,110,1700,2000,2000,2000,1869,0,9,42.75049646034024,3.451525990385562,2009.4967519980855,6051.568753344034
1783330538,25,,Aggregated,10.500000,0.000000,9,15,17,31,50,74,110,1700,2000,2000,2000,1879,0,9,42.599468855405384,3.451525990385562,2009.4967519980855,6048.193720063864
1783330539,25,,Aggregated,10.900000,0.000000,9,15,17,31,50,73,110,1700,2000,2000,2000,1890,0,9,42.42032210228019,3.451525990385562,2009.4967519980855,6046.148148148148
1783330540,25,,Aggregated,10.800000,0.000000,9,15,17,28,50,73,100,1700,2000,2000,2000,1903,0,9,42.20607547780486,3.451525990385562,2009.4967519980855,6057.560168155544
1783330541,25,,Aggregated,10.400000,0.000000,9,15,17,28,50,73,100,1700,2000,2000,2000,1911,0,9,42.105741905911586,3.451525990385562,2009.4967519980855,6054.442700156986
1783330542,25,,Aggregated,11.300000,0.000000,9,15,17,27,50,72,100,1700,2000,2000,2000,1925,0,9,41.8968718754303,3.451525990385562,2009.4967519980855,6060.3096103896105
1783330543,25,,Aggregated,10.900000,0.000000,9,15,17,27,50,73,110,1700,2000,2000,2000,1938,0,9,41.75803261570634,3.451525990385562,2009.4967519980855,6071.023219814241
1783330544,25,,Aggregated,10.900000,0.000000,9,15,17,27,50,72,110,1700,2000,2000,2000,1943,0,9,41.704129982112136,3.451525990385562,2009.4967519980855,6066.8723623262995
1783330545,25,,Aggregated,11.500000,0.000000,9,15,17,29,50,72,100,1700,2000,2000,2000,1956,0,9,41.61416654612994,3.451525990385562,2009.4967519980855,6061.07208588957
1783330546,25,,Aggregated,11.500000,0.000000,9,15,17,28,50,72,110,1700,2000,2000,2000,1966,0,9,41.504238696497325,3.451525990385562,2009.4967519980855,6056.488809766022
1783330547,25,,Aggregated,11.100000,0.000000,9,15,17,27,50,72,110,1700,2000,2000,2000,1975,0,9,41.36683611611871,3.451525990385562,2009.4967519980855,6061.610632911393
1783330548,25,,Aggregated,11.100000,0.000000,9,15,17,27,50,72,110,1700,2000,2000,2000,1986,0,9,41.238347661291314,3.451525990385562,2009.4967519980855,6047.86606243706
1783330549,25,,Aggregated,10.500000,0.000000,9,15,17,27,50,72,100,1700,2000,2000,2000,2001,0,9,41.05839957687901,3.451525990385562,2009.4967519980855,6050.387306346826
1783330550,25,,Aggregated,10.700000,0.000000,9,15,17,27,50,72,100,1700,2000,2000,2000,2013,0,9,40.86435851533143,3.451525990385562,2009.4967519980855,6038.835568802782
1783330551,25,,Aggregated,10.700000,0.000000,9,15,17,27,50,72,100,1700,2000,2000,2000,2024,0,9,40.72169397199888,3.451525990385562,2009.4967519980855,6053.350296442688
1783330552,25,,Aggregated,10.700000,0.000000,9,15,17,26,50,72,100,1700,2000,2000,2000,2039,0,9,40.530530323358136,3.451525990385562,2009.4967519980855,6058.161353604708
1783330553,25,,Aggregated,10.700000,0.000000,9,15,17,26,50,72,100,1700,2000,2000,2000,2045,0,9,40.45023125931359,3.451525990385562,2009.4967519980855,6045.983863080684
1783330554,25,,Aggregated,11.300000,0.000000,9,15,17,27,50,72,100,1700,2000,2000,2000,2059,0,9,40.31520939742544,3.451525990385562,2009.4967519980855,6042.835356969403
1783330555,25,,Aggregated,11.400000,0.000000,9,15,17,26,50,72,100,1700,2000,2000,2000,2070,0,9,40.15481145764253,3.451525990385562,2009.4967519980855,6044.404830917874
1783330556,25,,Aggregated,11.600000,0.000000,9,15,17,26,50,71,100,1700,2000,2000,2000,2085,0,9,39.91963903325313,3.432719997363165,2009.4967519980855,6032.172661870503
1783330557,25,,Aggregated,11.400000,0.000000,9,14,17,26,50,72,100,1700,2000,2000,2000,2094,0,9,39.854658876463226,3.432719997363165,2009.4967519980855,6030.234479465138
1783330558,25,,Aggregated,11.800000,0.000000,9,14,17,26,50,72,100,1700,2000,2000,2000,2105,0,9,39.7661957773933,3.432719997363165,2009.4967519980855,6016.065083135392
1783330559,25,,Aggregated,11.900000,0.000000,9,14,17,25,50,72,100,1700,2000,2000,2000,2116,0,9,39.607555527595004,3.432719997363165,2009.4967519980855,6020.359168241966
1783330560,25,,Aggregated,11.700000,0.000000,9,14,17,26,50,71,100,1700,2000,2000,2000,2128,0,9,39.475077960717435,3.432719997363165,2009.4967519980855,6006.165883458647
1783330561,25,,Aggregated,11.500000,0.000000,9,14,17,26,50,71,100,1700,2000,2000,2000,2135,0,9,39.38196871261466,3.432719997363165,2009.4967519980855,6001.431850117096
1783330562,25,,Aggregated,11.700000,0.000000,9,14,17,26,50,71,100,1700,2000,2000,2000,2149,0,9,39.26318658787429,3.432719997363165,2009.4967519980855,5984.153094462541
1783330563,25,,Aggregated,11.700000,0.000000,9,14,17,25,49,71,100,1700,2000,2000,2000,2162,0,9,39.09794641783587,3.432719997363165,2009.4967519980855,5997.368177613321
1783330564,25,,Aggregated,11.000000,0.000000,9,14,17,25,49,71,100,1700,2000,2000,2000,2170,0,9,38.9914068789731,3.432719997363165,2009.4967519980855,6007.375115207374
1783330565,25,,Aggregated,11.000000,0.000000,9,14,17,24,49,71,100,1700,2000,2000,2000,2184,0,9,38.81314268424237,3.432719997363165,2009.4967519980855,5999.718406593406
1783330566,25,,Aggregated,10.800000,0.000000,9,14,17,25,49,71,100,1700,2000,2000,2000,2194,0,9,38.75295269845729,3.432719997363165,2009.4967519980855,5992.345943482224
1783330567,25,,Aggregated,11.400000,0.000000,9,14,17,24,49,71,100,1700,2000,2000,2000,2207,0,9,38.61908539756732,3.432719997363165,2009.4967519980855,5996.125509741731
1783330568,25,,Aggregated,10.700000,0.000000,9,14,17,25,49,71,100,1700,2000,2000,2000,2220,0,9,38.500179863678554,3.432719997363165,2009.4967519980855,5982.508558558558
1783330569,25,,Aggregated,11.300000,0.000000,9,14,17,24,49,71,100,1700,2000,2000,2000,2228,0,9,38.39790676317846,3.432719997363165,2009.4967519980855,5976.902603231598
1783330570,25,,Aggregated,11.400000,0.000000,9,14,17,24,49,71,100,1700,2000,2000,2000,2239,0,9,38.261059206499056,3.432719997363165,2009.4967519980855,5975.628852166145
1783330571,25,,Aggregated,11.200000,0.000000,9,14,17,23,49,70,100,1700,2000,2000,2000,2252,0,9,38.10209999705173,3.432719997363165,2009.4967519980855,5990.484014209592
1783330572,25,,Aggregated,10.900000,0.000000,9,14,17,23,49,69,100,1700,2000,2000,2000,2263,0,9,38.00008102447507,3.432719997363165,2009.4967519980855,5975.8714096332305
1783330573,25,,Aggregated,11.600000,0.000000,9,14,17,23,49,69,100,1700,2000,2000,2000,2278,0,9,37.839104981768564,3.432719997363165,2009.4967519980855,5963.827919227392
1783330574,25,,Aggregated,11.200000,0.000000,9,14,17,23,49,69,100,1700,2000,2000,2000,2288,0,8,37.746438497614456,3.432719997363165,2009.4967519980855,5952.232080419581
1783330575,25,,Aggregated,11.400000,0.000000,8,14,17,23,49,69,100,1700,2000,2000,2000,2296,0,8,37.679647059451206,3.432719997363165,2009.4967519980855,5943.898083623693
1783330576,25,,Aggregated,12.000000,0.000000,8,14,17,23,48,68,100,1600,2000,2000,2000,2307,0,8,37.553796552000634,3.432719997363165,2009.4967519980855,5973.702210663199
1783330577,25,,Aggregated,10.900000,0.000000,8,14,17,23,48,68,100,1600,2000,2000,2000,2324,0,8,37.37976065682161,3.432719997363165,2009.4967519980855,5974.290017211704
1783330578,25,,Aggregated,10.900000,0.000000,8,14,17,23,48,68,100,1600,2000,2000,2000,2334,0,8,37.28545444109038,3.432719997363165,2009.4967519980855,5963.594258783205
1783330579,25,,Aggregated,11.600000,0.000000,8,14,17,23,48,68,100,1600,2000,2000,2000,2348,0,8,37.128883069223946,3.432719997363165,2009.4967519980855,5975.410562180579
1783330580,25,,Aggregated,11.700000,0.000000,8,14,17,23,48,68,99,1600,2000,2000,2000,2361,0,8,36.99192966561879,3.432719997363165,2009.4967519980855,5968.574332909784
1783330581,25,,Aggregated,11.700000,0.000000,8,14,17,23,48,68,99,1600,2000,2000,2000,2370,0,8,36.94055467702297,3.432719997363165,2009.4967519980855,5960.850210970464
1783330582,25,,Aggregated,12.300000,0.000000,8,14,17,23,48,67,99,1600,2000,2000,2000,2384,0,8,36.7968386327881,3.432719997363165,2009.4967519980855,5964.899748322147
1783330583,25,,Aggregated,11.700000,0.000000,8,14,17,23,48,67,99,1600,2000,2000,2000,2394,0,8,36.69677466730243,3.432719997363165,2009.4967519980855,5970.869674185464
1783330584,25,,Aggregated,12.300000,0.000000,8,14,17,22,48,67,96,1600,2000,2000,2000,2407,0,8,36.56361241900665,3.432719997363165,2009.4967519980855,5961.206481096801
1783330585,25,,Aggregated,11.600000,0.000000,8,14,17,22,48,67,96,1600,2000,2000,2000,2417,0,8,36.51222296297887,3.432719997363165,2009.4967519980855,5957.175837815474
1783330586,25,,Aggregated,11.800000,0.000000,8,14,17,22,48,67,96,1600,2000,2000,2000,2428,0,8,36.396115809929604,3.432719997363165,2009.4967519980855,5948.8628500823725
1783330587,25,,Aggregated,12.300000,0.000000,8,14,17,22,48,67,96,1600,2000,2000,2000,2437,0,8,36.317634101956415,3.432719997363165,2009.4967519980855,5935.669265490357
1783330588,25,,Aggregated,11.900000,0.000000,8,14,17,22,48,67,96,1600,2000,2000,2000,2446,0,8,36.212929494496976,3.432719997363165,2009.4967519980855,5936.088716271463
1783330589,25,,Aggregated,11.300000,0.000000,8,14,17,22,48,67,94,1600,2000,2000,2000,2461,0,8,36.06073734924916,3.432719997363165,2009.4967519980855,5959.934173100366
1783330590,25,,Aggregated,11.100000,0.000000,8,14,17,22,48,67,94,1600,2000,2000,2000,2474,0,8,35.978032375697914,3.432719997363165,2009.4967519980855,5954.261115602263
1783330591,25,,Aggregated,11.500000,0.000000,8,14,17,22,48,67,94,1600,2000,2000,2000,2485,0,8,35.86811592899145,3.432719997363165,2009.4967519980855,5957.471227364185
1783330592,25,,Aggregated,11.000000,0.000000,8,14,17,22,48,67,94,1600,2000,2000,2000,2495,0,8,35.777519022292815,3.432719997363165,2009.4967519980855,5962.969138276553
1783330593,25,,Aggregated,11.500000,0.000000,8,14,17,22,48,67,94,160,2000,2000,2000,2511,0,8,35.62504905084989,3.432719997363165,2009.4967519980855,5948.110712863401
1783330594,25,,Aggregated,11.100000,0.000000,8,14,17,22,48,65,94,160,2000,2000,2000,2521,0,8,35.54300357821667,3.432719997363165,2009.4967519980855,5939.0357001190005
1783330595,25,,Aggregated,11.600000,0.000000,8,14,17,22,48,67,94,160,2000,2000,2000,2533,0,8,35.469693721967786,3.432719997363165,2009.4967519980855,5950.909593367548
1783330596,25,,Aggregated,11.100000,0.000000,8,14,17,22,48,65,94,160,2000,2000,2000,2542,0,8,35.41034989567407,3.432719997363165,2009.4967519980855,5957.638473642801
1783330597,25,,Aggregated,11.200000,0.000000,8,14,17,22,48,67,93,160,2000,2000,2000,2556,0,8,35.31038198469415,3.432719997363165,2009.4967519980855,5950.805164319248
1783330598,25,,Aggregated,11.500000,0.000000,8,14,17,22,48,65,93,160,2000,2000,2000,2566,0,8,35.23535472013549,3.432719997363165,2009.4967519980855,5942.496882307093
1783330599,25,,Aggregated,11.500000,0.000000,8,14,17,22,48,65,93,160,2000,2000,2000,2580,0,8,35.10111752786275,3.432719997363165,2009.4967519980855,5936.498837209302
1783330600,25,,Aggregated,12.000000,0.000000,8,14,17,22,48,65,93,160,2000,2000,2000,2593,0,8,34.97054556995403,3.432719997363165,2009.4967519980855,5929.001156961049
1783330601,25,,Aggregated,12.000000,0.000000,8,14,17,21,48,65,92,150,2000,2000,2000,2602,0,8,34.88007971825798,3.432719997363165,2009.4967519980855,5946.448885472713
1783330602,25,,Aggregated,12.100000,0.000000,8,14,17,21,48,65,92,150,2000,2000,2000,2615,0,8,34.77890107912692,3.432719997363165,2009.4967519980855,5950.65086042065
1783330603,25,,Aggregated,11.600000,0.000000,8,14,17,21,48,65,92,150,2000,2000,2000,2627,0,8,34.674866807714494,3.432719997363165,2009.4967519980855,5947.261895698515
1783330604,25,,Aggregated,11.700000,0.000000,8,14,17,21,48,65,92,150,2000,2000,2000,2639,0,8,34.56265067485542,3.432719997363165,2009.4967519980855,5949.803334596438
1783330605,25,,Aggregated,11.600000,0.000000,8,14,16,21,48,65,93,150,2000,2000,2000,2653,0,8,34.5067687772007,3.432719997363165,2009.4967519980855,5931.422917451941
1783330606,25,,Aggregated,12.000000,0.000000,8,14,16,21,48,65,93,150,2000,2000,2000,2663,0,8,34.411130769760916,3.432719997363165,2009.4967519980855,5919.5843034171985
1783330607,25,,Aggregated,11.900000,0.000000,8,14,16,21,48,65,94,150,2000,2000,2000,2678,0,8,34.3083870555821,3.432719997363165,2009.4967519980855,5923.779686333084
1783330608,25,,Aggregated,12.200000,0.000000,8,14,16,21,48,65,94,150,2000,2000,2000,2689,0,8,34.22789359532129,3.432719997363165,2009.4967519980855,5921.846039419858
1783330609,25,,Aggregated,12.500000,0.000000,8,14,16,21,48,65,93,150,2000,2000,2000,2702,0,8,34.12772756910958,3.432719997363165,2009.4967519980855,5913.989267209475
1783330610,25,,Aggregated,12.300000,0.000000,8,14,16,21,48,65,93,150,2000,2000,2000,2711,0,8,34.06443095640446,3.432719997363165,2009.4967519980855,5908.669125783844
1783330611,25,,Aggregated,11.800000,0.000000,8,14,16,21,48,65,93,150,2000,2000,2000,2723,0,8,33.979726626067546,3.432719997363165,2009.4967519980855,5906.957767168564
1783330612,25,,Aggregated,11.700000,0.000000,8,14,16,21,48,65,93,150,2000,2000,2000,2731,0,8,33.917235910937414,3.432719997363165,2009.4967519980855,5906.643720248993
1783330613,25,,Aggregated,12.300000,0.000000,8,14,16,21,47,65,93,150,2000,2000,2000,2745,0,8,33.810960006476456,3.432719997363165,2009.4967519980855,5898.728233151184
1783330614,25,,Aggregated,11.900000,0.000000,8,14,16,21,47,65,92,150,2000,2000,2000,2753,0,8,33.75666283138573,3.432719997363165,2009.4967519980855,5894.029422448239
1783330615,25,,Aggregated,11.600000,0.000000,8,14,16,21,47,65,92,150,2000,2000,2000,2764,0,8,33.661833968078895,3.432719997363165,2009.4967519980855,5909.440665701882
1783330616,25,,Aggregated,11.400000,0.000000,8,14,16,20,47,65,92,150,2000,2000,2000,2778,0,8,33.5478398897489,3.432719997363165,2009.4967519980855,5924.654427645788
1783330617,25,,Aggregated,11.300000,0.000000,8,14,16,20,47,64,92,150,2000,2000,2000,2788,0,8,33.46954933240105,3.432719997363165,2009.4967519980855,5920.008608321377
1783330618,25,,Aggregated,11.000000,0.000000,8,14,16,20,47,64,92,150,2000,2000,2000,2800,0,8,33.37640758600693,3.432719997363165,2009.4967519980855,5915.155357142857
1783330619,25,,Aggregated,11.000000,0.000000,8,14,16,20,47,63,91,150,2000,2000,2000,2808,0,8,33.332952331494376,3.432719997363165,2009.4967519980855,5929.561965811966
1783330620,25,,Aggregated,10.800000,0.000000,8,14,16,20,47,63,91,150,2000,2000,2000,2823,0,8,33.20542045230484,3.432719997363165,2009.4967519980855,5932.938717676231
1783330621,25,,Aggregated,10.800000,0.000000,8,14,16,20,47,63,91,150,2000,2000,2000,2832,0,8,33.138933512660095,3.432719997363165,2009.4967519980855,5947.834392655367
1783330622,25,,Aggregated,11.200000,0.000000,8,14,16,20,47,63,91,150,2000,2000,2000,2844,0,8,33.07614152772824,3.432719997363165,2009.4967519980855,5957.490857946555
1783330623,25,,Aggregated,10.900000,0.000000,8,14,16,20,47,63,91,150,2000,2000,2000,2856,0,8,32.98461643623063,3.432719997363165,2009.4967519980855,5954.2149859943975
1783330624,25,,Aggregated,11.100000,0.000000,8,14,16,20,47,63,91,150,2000,2000,2000,2870,0,8,32.89376478985995,3.432719997363165,2009.4967519980855,5938.507317073171
1783330625,25,,Aggregated,11.100000,0.000000,8,14,16,20,47,63,91,150,2000,2000,2000,2880,0,8,32.87560864649398,3.432719997363165,2009.4967519980855,5942.839236111111
1783330626,25,,Aggregated,11.500000,0.000000,8,14,16,20,47,63,92,150,2000,2000,2000,2895,0,8,32.776124742636476,3.432719997363165,2009.4967519980855,5945.281865284974
1783330627,25,,Aggregated,11.400000,0.000000,8,14,16,20,47,63,91,140,2000,2000,2000,2903,0,8,32.7281241388163,3.432719997363165,2009.4967519980855,5946.98553220806
1783330628,25,,Aggregated,11.900000,0.000000,8,14,16,20,47,63,91,140,2000,2000,2000,2913,0,8,32.66239685478895,3.432719997363165,2009.4967519980855,5946.420871953313
1783330629,25,,Aggregated,11.600000,0.000000,8,14,16,20,47,62,91,140,2000,2000,2000,2926,0,8,32.58124602425142,3.432719997363165,2009.4967519980855,5958.518113465482
1783330630,25,,Aggregated,11.500000,0.000000,8,14,16,20,47,62,91,140,2000,2000,2000,2938,0,8,32.48552164362851,3.432719997363165,2009.4967519980855,5950.623893805309
1783330631,25,,Aggregated,11.500000,0.000000,8,14,16,20,47,62,91,140,2000,2000,2000,2948,0,8,32.43104656172398,3.432719997363165,2009.4967519980855,5960.940976933514
1783330632,25,,Aggregated,11.500000,0.000000,8,14,16,20,47,62,91,140,2000,2000,2000,2962,0,8,32.34025713334276,3.432719997363165,2009.4967519980855,5965.766711681296
1783330633,25,,Aggregated,11.200000,0.000000,8,14,16,20,47,62,91,140,2000,2000,2000,2970,0,8,32.30786274882231,3.432719997363165,2009.4967519980855,5960.0323232323235
1783330634,25,,Aggregated,11.700000,0.000000,8,14,16,20,47,62,91,140,2000,2000,2000,2984,0,8,32.22199527379748,3.432719997363165,2009.4967519980855,5961.83981233244
1783330635,25,,Aggregated,11.400000,0.000000,8,14,16,20,47,62,91,140,2000,2000,2000,2997,0,8,32.132588122786615,3.432719997363165,2009.4967519980855,5957.695028361695
1783330636,25,,Aggregated,11.400000,0.000000,8,14,16,19,47,62,91,130,1900,2000,2000,3008,0,8,32.047921674889714,3.432719997363165,2009.4967519980855,5957.500332446809
1783330637,25,,Aggregated,11.600000,0.000000,8,14,16,19,46,62,91,130,1900,2000,2000,3014,0,8,32.01102342868282,3.432719997363165,2009.4967519980855,5968.251824817518
1783330638,25,,Aggregated,11.200000,0.000000,8,14,16,19,46,62,91,130,1900,2000,2000,3026,0,8,31.93215579117257,3.432719997363165,2009.4967519980855,5986.980502313285
1783330639,25,,Aggregated,10.900000,0.000000,8,14,16,19,46,62,91,130,1900,2000,2000,3039,0,8,31.88252950809049,3.432719997363165,2009.4967519980855,5973.413622902271
1783330640,25,,Aggregated,10.900000,0.000000,8,14,16,20,46,61,91,130,1900,2000,2000,3048,0,8,31.848271960339734,3.432719997363165,2009.4967519980855,5965.725721784777
1783330641,25,,Aggregated,11.600000,0.000000,8,14,16,19,46,61,90,130,1900,2000,2000,3062,0,8,31.75403540827009,3.432719997363165,2009.4967519980855,5963.8716525146965
1783330642,25,,Aggregated,10.900000,0.000000,8,14,16,19,46,61,90,130,1900,2000,2000,3072,0,8,31.6865921689858,3.432719997363165,2009.4967519980855,5971.5078125
1783330643,25,,Aggregated,11.600000,0.000000,8,14,16,19,46,61,91,130,1900,2000,2000,3083,0,8,31.64497319563199,3.432719997363165,2009.4967519980855,5969.177748945832
1783330644,25,,Aggregated,11.100000,0.000000,8,14,16,19,46,61,91,130,1900,2000,2000,3095,0,8,31.5822465005421,3.432719997363165,2009.4967519980855,5964.64394184168
1783330645,25,,Aggregated,11.400000,0.000000,8,14,16,19,46,61,90,120,1900,2000,2000,3105,0,8,31.544074362386453,3.432719997363165,2009.4967519980855,5968.1697262479875
1783330646,25,,Aggregated,11.000000,0.000000,8,14,16,19,46,61,90,120,1900,2000,2000,3117,0,8,31.46909441457224,3.432719997363165,2009.4967519980855,5957.943214629451
1783330647,25,,Aggregated,11.000000,0.000000,8,14,16,19,46,61,90,120,1900,2000,2000,3128,0,8,31.42280060907683,3.432719997363165,2009.4967519980855,5980.937340153453
1783330648,25,,Aggregated,10.500000,0.000000,8,14,16,19,46,61,90,120,1900,2000,2000,3142,0,8,31.337096015344354,3.432719997363165,2009.4967519980855,5989.185868873329
1783330649,25,,Aggregated,11.100000,0.000000,8,14,16,19,46,61,90,120,1900,2000,2000,3152,0,8,31.290592288467007,3.432719997363165,2009.4967519980855,6001.122144670051
1783330650,25,,Aggregated,11.600000,0.000000,8,14,16,19,46,61,90,120,1900,2000,2000,3163,0,8,31.248608649141676,3.432719997363165,2009.4967519980855,6002.553904521024
1783330651,25,,Aggregated,11.100000,0.000000,8,14,16,19,46,61,90,120,1900,2000,2000,3176,0,8,31.167416293215815,3.432719997363165,2009.4967519980855,5993.721662468514
1783330652,25,,Aggregated,11.400000,0.000000,8,14,16,20,46,61,90,120,1900,2000,2000,3184,0,8,31.177835012948062,3.432719997363165,2009.4967519980855,5998.013819095478
1783330653,25,,Aggregated,11.400000,0.000000,8,14,16,20,46,61,90,120,1900,2000,2000,3198,0,8,31.10943242535381,3.432719997363165,2009.4967519980855,5996.467792370231
1783330654,25,,Aggregated,11.200000,0.000000,8,14,16,20,46,61,90,120,1900,2000,2000,3209,0,8,31.06573603530304,3.432719997363165,2009.4967519980855,5992.819569959489
1783330655,25,,Aggregated,11.000000,0.000000,8,14,16,19,46,61,90,120,1900,2000,2000,3217,0,8,31.02866437155936,3.432719997363165,2009.4967519980855,5998.337892446379
1783330656,25,,Aggregated,11.300000,0.000000,8,14,16,19,46,61,90,120,1900,2000,2000,3229,0,8,30.961288961368957,3.432719997363165,2009.4967519980855,5994.342830597709
1783330657,25,,Aggregated,11.200000,0.000000,8,14,16,19,46,61,90,120,1900,2000,2000,3244,0,8,30.886536759036062,3.432719997363165,2009.4967519980855,5990.060727496917
1783330658,25,,Aggregated,11.800000,0.000000,8,14,16,20,46,61,90,120,1900,2000,2000,3252,0,8,30.86437346597877,3.432719997363165,2009.4967519980855,5983.44803198032
1783330659,25,,Aggregated,11.500000,0.000000,8,14,16,19,46,61,90,120,1900,2000,2000,3266,0,8,30.75941804206824,3.432719997363165,2009.4967519980855,5964.864360073484
1783330660,25,,Aggregated,11.000000,0.000000,8,14,16,19,46,61,90,120,1900,2000,2000,3276,0,8,30.722669123463568,3.432719997363165,2009.4967519980855,5972.463675213675
1783330661,25,,Aggregated,10.900000,0.000000,8,14,16,19,46,61,90,120,1900,2000,2000,3287,0,8,30.651927108454665,3.432719997363165,2009.4967519980855,5982.554609066017
1783330662,25,,Aggregated,11.500000,0.000000,8,14,16,19,46,61,90,120,1900,2000,2000,3301,0,8,30.60910918464773,3.432719997363165,2009.4967519980855,5985.686155710391
1783330663,25,,Aggregated,11.200000,0.000000,8,14,16,19,46,61,90,120,1900,2000,2000,3311,0,8,30.55520799623201,3.432719997363165,2009.4967519980855,5987.210812443371
1783330664,25,,Aggregated,11.200000,0.000000,8,14,16,19,46,61,90,120,1900,2000,2000,3323,0,8,30.51703319817363,3.432719997363165,2009.4967519980855,5985.82696358712
1783330665,25,,Aggregated,11.900000,0.000000,8,14,16,19,46,61,90,120,1900,2000,2000,3334,0,8,30.48323443177688,3.432719997363165,2009.4967519980855,5977.891421715657
1783330666,25,,Aggregated,11.400000,0.000000,8,14,16,19,46,61,90,120,1900,2000,2000,3346,0,8,30.445164515702203,3.432719997363165,2009.4967519980855,5969.870292887029
1783330667,25,,Aggregated,11.700000,0.000000,8,14,16,19,46,61,90,120,1900,2000,2000,3357,0,8,30.408879993886735,3.432719997363165,2009.4967519980855,5971.417039022937
1783330668,25,,Aggregated,11.700000,0.000000,8,14,16,19,46,61,90,120,1900,2000,2000,3368,0,8,30.355765058025025,3.432719997363165,2009.4967519980855,5976.935570071259
1783330669,25,,Aggregated,11.400000,0.000000,8,14,16,19,46,61,90,120,1900,2000,2000,3384,0,8,30.309653508716142,3.432719997363165,2009.4967519980855,5984.3185579196215
1783330670,25,,Aggregated,11.700000,0.000000,8,14,16,19,46,61,90,120,1900,2000,2000,3390,0,8,30.335429056479246,3.432719997363165,2009.4967519980855,5975.731268436578
1783330671,25,,Aggregated,12.000000,0.000000,8,14,16,19,46,61,90,120,1900,2000,2000,3404,0,8,30.25357000982637,3.432719997363165,2009.4967519980855,5983.052878965922
1783330672,25,,Aggregated,11.400000,0.000000,8,14,16,19,46,61,90,120,1900,2000,2000,3414,0,8,30.22223354903621,3.432719997363165,2009.4967519980855,5999.137668424136
1783330673,25,,Aggregated,11.000000,0.000000,8,14,16,19,46,61,90,120,1900,2000,2000,3426,0,8,30.14407196246196,3.432719997363165,2009.4967519980855,5994.443666082895
1783330674,25,,Aggregated,11.700000,0.000000,8,14,16,19,46,61,90,120,1900,2000,2000,3438,0,8,30.08045523107505,3.432719997363165,2009.4967519980855,5993.420011634671
1783330675,25,,Aggregated,11.100000,0.000000,8,14,16,19,46,61,90,120,1900,2000,2000,3446,0,8,30.025915695445622,3.432719997363165,2009.4967519980855,5989.075739988392
1783330676,25,,Aggregated,11.700000,0.000000,8,14,16,19,46,60,90,120,1900,2000,2000,3461,0,8,29.940765953046366,3.432719997363165,2009.4967519980855,6002.057786766831
1783330677,25,,Aggregated,11.000000,0.000000,8,14,16,19,46,60,90,120,1900,2000,2000,3470,0,8,29.89861201224862,3.432719997363165,2009.4967519980855,6010.200864553314
1783330678,25,,Aggregated,10.900000,0.000000,8,14,16,19,46,60,90,120,1900,2000,2000,3483,0,8,29.840205396639405,3.432719997363165,2009.4967519980855,6016.742176284812
1783330679,25,,Aggregated,11.500000,0.000000,8,14,16,19,46,60,90,120,1900,2000,2000,3495,0,8,29.7842456318987,3.432719997363165,2009.4967519980855,6008.012589413448
1783330680,25,,Aggregated,11.500000,0.000000,8,14,16,19,46,60,89,120,1900,2000,2000,3505,0,8,29.755924259185907,3.432719997363165,2009.4967519980855,6001.645363766049
1783330681,25,,Aggregated,11.400000,0.000000,8,14,16,19,46,60,89,120,1900,2000,2000,3513,0,8,29.718899832168365,3.432719997363165,2009.4967519980855,6006.0261884429265
1783330682,25,,Aggregated,11.200000,0.000000,8,14,16,19,46,60,89,120,1900,2000,2000,3528,0,8,29.649255190879412,3.432719997363165,2009.4967519980855,6001.241780045351
1783330683,25,,Aggregated,11.400000,0.000000,8,14,16,19,46,60,89,120,1900,2000,2000,3535,0,8,29.63842211864708,3.432719997363165,2009.4967519980855,5995.9182461103255
1783330684,25,,Aggregated,10.900000,0.000000,8,14,16,19,46,60,89,120,1900,2000,2000,3546,0,8,29.594104258726112,3.432719997363165,2009.4967519980855,5990.476029328821
1783330685,25,,Aggregated,11.500000,0.000000,8,14,16,19,46,60,86,120,1900,2000,2000,3559,0,8,29.562788976816748,3.432719997363165,2009.4967519980855,5977.494239955044
1783330686,25,,Aggregated,10.800000,0.000000,8,14,16,19,46,60,86,120,1900,2000,2000,3568,0,8,29.52248610073172,3.432719997363165,2009.4967519980855,5978.327073991031
1783330687,25,,Aggregated,11.200000,0.000000,8,14,16,19,46,60,86,120,1900,2000,2000,3580,0,8,29.468245918538315,3.432719997363165,2009.4967519980855,5964.1466480446925
1783330688,25,,Aggregated,11.100000,0.000000,8,14,16,19,46,60,86,120,1900,2000,2000,3596,0,8,29.388097744526753,3.432719997363165,2009.4967519980855,5967.325361512792
1783330690,25,,Aggregated,10.700000,0.000000,8,14,16,19,46,60,86,120,1900,2000,2000,3609,0,8,29.558312845460623,3.432719997363165,2009.4967519980855,5961.172069825437
1783330691,25,,Aggregated,10.600000,0.000000,8,14,16,19,46,60,86,120,1900,2000,2000,3621,0,8,29.51965993270278,3.432719997363165,2009.4967519980855,5952.122341894505
1783330692,25,,Aggregated,11.000000,0.000000,8,14,16,20,46,60,86,120,1900,2000,2000,3635,0,8,29.486863857869857,3.432719997363165,2009.4967519980855,5939.530949105915
1783330693,25,,Aggregated,10.900000,0.000000,8,14,16,20,46,60,86,120,1900,2000,2000,3647,0,8,29.442463016806478,3.432719997363165,2009.4967519980855,5937.40444200713
1783330694,25,,Aggregated,11.300000,0.000000,8,14,16,20,46,60,86,120,1900,2000,2000,3654,0,8,29.413722286063738,3.432719997363165,2009.4967519980855,5934.707991242474
1783330695,25,,Aggregated,10.900000,0.000000,8,14,16,19,46,60,86,120,1900,2000,2000,3669,0,8,29.34861076159755,3.432719997363165,2009.4967519980855,5943.369037884982
1783330696,25,,Aggregated,11.100000,0.000000,8,14,16,19,46,60,86,120,1900,2000,2000,3679,0,8,29.3017770098609,3.432719997363165,2009.4967519980855,5941.419407447676
1783330697,25,,Aggregated,11.600000,0.000000,8,14,16,19,46,60,86,120,1900,2000,2000,3690,0,8,29.248978613073202,3.432719997363165,2009.4967519980855,5935.709214092141
1783330698,25,,Aggregated,11.400000,0.000000,8,14,16,19,46,60,86,120,1900,2000,2000,3700,0,8,29.243944271709896,3.432719997363165,2009.4967519980855,5945.176756756757
1783330699,25,,Aggregated,11.000000,0.000000,8,14,16,20,46,60,86,120,1900,2000,2000,3710,0,8,29.22989665804402,3.432719997363165,2009.4967519980855,5930.619946091644
1783330700,25,,Aggregated,11.300000,0.000000,8,14,16,19,46,60,86,120,1900,2000,2000,3728,0,8,29.167602780944435,3.432719997363165,2009.4967519980855,5945.74597639485
1783330701,25,,Aggregated,11.300000,0.000000,8,14,16,19,46,60,86,120,1900,2000,2000,3736,0,8,29.135393091370013,3.432719997363165,2009.4967519980855,5945.490631691649
1783330702,25,,Aggregated,11.200000,0.000000,8,14,16,19,46,60,86,120,1900,2000,2000,3750,0,8,29.068511627296296,3.432719997363165,2009.4967519980855,5959.327466666667
1783330703,25,,Aggregated,11.700000,0.000000,8,14,16,19,46,60,84,120,1900,2000,2000,3760,0,8,29.02085418120786,3.432719997363165,2009.4967519980855,5953.423404255319
1783330704,25,,Aggregated,11.100000,0.000000,8,14,16,19,46,60,84,120,1900,2000,2000,3774,0,8,28.962738327877585,3.432719997363165,2009.4967519980855,5947.215951245363
1783330705,25,,Aggregated,11.500000,0.000000,8,14,16,19,46,60,84,120,1900,2000,2000,3783,0,8,28.917744257848636,3.432719997363165,2009.4967519980855,5950.532117367169
1783330706,25,,Aggregated,12.100000,0.000000,8,14,16,19,46,60,86,120,1900,2000,2000,3793,0,8,28.906864239237592,3.432719997363165,2009.4967519980855,5942.033482731347
1783330707,25,,Aggregated,11.400000,0.000000,8,14,16,19,46,60,86,110,1900,2000,2000,3805,0,8,28.890194326520465,3.432719997363165,2009.4967519980855,5928.411826544021
1783330708,25,,Aggregated,11.100000,0.000000,8,14,16,19,46,60,86,110,1900,2000,2000,3815,0,8,28.860107988574107,3.432719997363165,2009.4967519980855,5936.039056356488
1783330709,25,,Aggregated,11.500000,0.000000,8,14,16,19,46,60,86,110,1900,2000,2000,3825,0,8,28.821885367943693,3.432719997363165,2009.4967519980855,5942.621699346405
1783330710,25,,Aggregated,11.200000,0.000000,8,14,16,19,46,60,86,110,1900,2000,2000,3834,0,8,28.77833870510311,3.432719997363165,2009.4967519980855,5933.8737610850285
1783330711,25,,Aggregated,11.300000,0.000000,8,14,16,19,46,59,86,110,1900,2000,2000,3844,0,8,28.74533270092934,3.432719997363165,2009.4967519980855,5937.3766909469305
1783330712,25,,Aggregated,11.300000,0.000000,8,14,16,19,46,59,84,110,1900,2000,2000,3856,0,8,28.69355261264066,3.432719997363165,2009.4967519980855,5931.2964211618255
1783330713,25,,Aggregated,10.800000,0.000000,8,14,16,19,46,59,84,110,1900,2000,2000,3865,0,8,28.642868989747846,3.432719997363165,2009.4967519980855,5923.949288486417
1783330714,25,,Aggregated,10.900000,0.000000,8,14,16,19,46,59,84,110,1900,2000,2000,3879,0,8,28.58477632801474,3.432719997363165,2009.4967519980855,5921.445475638051
1783330715,25,,Aggregated,10.400000,0.000000,8,14,16,19,46,59,84,110,1900,2000,2000,3889,0,8,28.544369589203132,3.432719997363165,2009.4967519980855,5915.457958344047
1783330716,25,,Aggregated,10.000000,0.000000,8,14,16,19,46,59,84,110,1900,2000,2000,3900,0,8,28.518411751638034,3.432719997363165,2009.4967519980855,5916.481538461539
1783330717,25,,Aggregated,10.300000,0.000000,8,14,16,19,46,59,83,110,1900,2000,2000,3910,0,8,28.47913808832892,3.432719997363165,2009.4967519980855,5925.116368286445
1783330718,25,,Aggregated,10.900000,0.000000,8,14,16,19,46,58,83,110,1900,2000,2000,3925,0,8,28.41606647628923,3.432719997363165,2009.4967519980855,5920.695541401274
1783330719,25,,Aggregated,10.900000,0.000000,8,14,16,19,46,58,83,110,1900,2000,2000,3934,0,8,28.369628029597767,3.432719997363165,2009.4967519980855,5919.290798169802
1783330720,25,,Aggregated,11.300000,0.000000,8,14,16,19,46,58,83,110,1900,2000,2000,3949,0,8,28.328658202465256,3.432719997363165,2009.4967519980855,5924.96632058749
1783330721,25,,Aggregated,10.700000,0.000000,8,14,16,19,46,58,83,110,1900,2000,2000,3960,0,8,28.27392901703886,3.432719997363165,2009.4967519980855,5937.627525252526
1783330722,25,,Aggregated,10.700000,0.000000,8,14,16,19,46,58,83,110,1900,2000,2000,3967,0,8,28.245934458408517,3.432719997363165,2009.4967519980855,5941.5875976808675
1783330723,25,,Aggregated,11.400000,0.000000,8,14,16,19,46,58,83,110,1900,2000,2000,3981,0,8,28.181148867003635,3.432719997363165,2009.4967519980855,5930.249937201708
1783330724,25,,Aggregated,11.000000,0.000000,8,14,16,19,46,58,83,110,1900,2000,2000,3992,0,8,28.165241952793114,3.432719997363165,2009.4967519980855,5921.6412825651305
1783330725,25,,Aggregated,11.300000,0.000000,8,14,16,19,46,58,83,110,1900,2000,2000,4004,0,8,28.152696668980937,3.432719997363165,2009.4967519980855,5916.0214785214785
1783330726,25,,Aggregated,11.400000,0.000000,8,14,16,19,46,59,83,110,1900,2000,2000,4018,0,8,28.102819224649874,3.3292380103375763,2009.4967519980855,5909.609009457441
1783330727,25,,Aggregated,11.600000,0.000000,8,14,16,19,46,59,83,110,1900,2000,2000,4026,0,8,28.10041097606559,3.3292380103375763,2009.4967519980855,5913.602831594635
1783330728,25,,Aggregated,11.600000,0.000000,8,14,16,19,46,59,84,110,1900,2000,2000,4039,0,8,28.058932930077237,3.3292380103375763,2009.4967519980855,5920.211933646942
1783330729,25,,Aggregated,11.300000,0.000000,8,14,16,19,46,59,83,110,1900,2000,2000,4051,0,8,28.000062845138224,3.3292380103375763,2009.4967519980855,5922.574919772896
1783330730,25,,Aggregated,10.900000,0.000000,8,14,16,19,46,58,83,110,1900,2000,2000,4066,0,8,27.939019073211735,3.3292380103375763,2009.4967519980855,5927.580914904082
1783330731,25,,Aggregated,11.600000,0.000000,8,14,16,19,46,59,84,110,1900,2000,2000,4075,0,8,27.932748225441866,3.3292380103375763,2009.4967519980855,5933.054723926381
1783330732,25,,Aggregated,11.800000,0.000000,8,14,16,19,46,58,84,110,1900,2000,2000,4087,0,8,27.89897254456481,3.3292380103375763,2009.4967519980855,5920.885001223392
1783330733,25,,Aggregated,11.200000,0.000000,8,14,16,19,46,58,83,110,1900,2000,2000,4102,0,8,27.84536523587919,3.3292380103375763,2009.4967519980855,5932.445636274988
1783330734,25,,Aggregated,12.300000,0.000000,8,14,16,19,46,58,83,110,1900,2000,2000,4112,0,8,27.82943335057774,3.3292380103375763,2009.4967519980855,5923.342655642024
1783330735,25,,Aggregated,12.300000,0.000000,8,14,16,19,46,58,83,110,1900,2000,2000,4125,0,8,27.792505319674753,3.3292380103375763,2009.4967519980855,5921.090181818182
1783330736,25,,Aggregated,11.900000,0.000000,8,14,16,19,46,58,83,110,1900,2000,2000,4135,0,8,27.763136430380825,3.3292380103375763,2009.4967519980855,5917.022249093107
1783330737,25,,Aggregated,12.000000,0.000000,8,14,16,19,46,58,83,110,1900,2000,2000,4146,0,8,27.731899445872493,3.3292380103375763,2009.4967519980855,5912.731307284129
1783330738,25,,Aggregated,11.600000,0.000000,8,14,16,19,46,58,83,110,1900,2000,2000,4157,0,8,27.70878631910579,3.3292380103375763,2009.4967519980855,5917.756314649988
1783330739,25,,Aggregated,12.000000,0.000000,8,14,16,19,46,58,83,110,1900,2000,2000,4168,0,8,27.6689477362122,3.3292380103375763,2009.4967519980855,5918.0832533589255
1783330740,25,,Aggregated,11.800000,0.000000,8,14,16,19,46,58,83,110,1900,2000,2000,4178,0,8,27.62921217341176,3.3292380103375763,2009.4967519980855,5920.703925323121
1783330741,25,,Aggregated,11.600000,0.000000,8,14,16,19,46,58,83,110,1900,2000,2000,4191,0,8,27.586744867944216,3.3292380103375763,2009.4967519980855,5914.882366976855
1783330742,25,,Aggregated,11.700000,0.000000,8,14,16,19,46,58,82,110,1900,2000,2000,4204,0,8,27.54723441903064,3.3292380103375763,2009.4967519980855,5916.167221693625
1783330743,25,,Aggregated,12.000000,0.000000,8,14,16,19,46,58,82,110,1900,2000,2000,4218,0,8,27.501180577892814,3.3292380103375763,2009.4967519980855,5925.43551446183
1783330744,25,,Aggregated,11.200000,0.000000,8,14,16,19,46,58,82,110,1900,2000,2000,4229,0,8,27.489333592231542,3.3292380103375763,2009.4967519980855,5913.443367226295
1783330745,25,,Aggregated,11.300000,0.000000,8,14,16,19,46,58,82,110,1900,2000,2000,4243,0,8,27.441353113507663,3.3292380103375763,2009.4967519980855,5921.670280461937
1783330746,25,,Aggregated,11.900000,0.000000,8,14,16,19,46,58,82,110,1900,2000,2000,4253,0,8,27.405262604663918,3.3292380103375763,2009.4967519980855,5935.62050317423
1783330747,25,,Aggregated,11.500000,0.000000,8,14,16,19,46,58,82,110,1900,2000,2000,4263,0,8,27.36062832198969,3.3292380103375763,2009.4967519980855,5937.445226366409
1783330748,25,,Aggregated,12.000000,0.000000,8,14,16,19,46,58,82,110,1900,2000,2000,4273,0,8,27.332736844990382,3.3292380103375763,2009.4967519980855,5925.512988532647
1783330749,25,,Aggregated,11.400000,0.000000,8,14,16,19,46,58,82,110,1900,2000,2000,4288,0,8,27.26575253374035,3.3292380103375763,2009.4967519980855,5925.990438432836
1783330750,25,,Aggregated,12.000000,0.000000,8,14,16,19,46,58,82,110,1900,2000,2000,4298,0,8,27.246252275629736,3.3292380103375763,2009.4967519980855,5924.547929269427
1783330751,25,,Aggregated,11.900000,0.000000,8,14,16,19,46,58,82,110,1900,2000,2000,4308,0,8,27.218125483210898,3.3292380103375763,2009.4967519980855,5933.340297121634
1783330752,25,,Aggregated,11.900000,0.000000,8,14,16,19,46,58,82,110,1900,2000,2000,4321,0,8,27.170510770126846,3.3292380103375763,2009.4967519980855,5931.114556815552
1783330753,25,,Aggregated,11.700000,0.000000,8,14,16,18,46,58,82,110,1900,2000,2000,4333,0,8,27.119322596971156,3.3292380103375763,2009.4967519980855,5935.401338564505
1783330754,25,,Aggregated,12.000000,0.000000,8,14,16,18,46,57,82,110,1900,2000,2000,4345,0,8,27.069021941445847,3.3292380103375763,2009.4967519980855,5937.812197928653
1783330755,25,,Aggregated,11.800000,0.000000,8,14,16,18,46,57,82,110,1900,2000,2000,4357,0,8,27.01750031664616,3.3292380103375763,2009.4967519980855,5939.226532017443
1783330756,25,,Aggregated,11.500000,0.000000,8,14,16,18,46,57,82,110,1900,2000,2000,4370,0,8,26.968622143866252,3.3292380103375763,2009.4967519980855,5933.348741418764
1783330757,25,,Aggregated,11.800000,0.000000,8,14,16,18,46,57,82,110,1900,2000,2000,4380,0,8,26.937328170722918,3.3292380103375763,2009.4967519980855,5936.255479452055
1783330758,25,,Aggregated,11.600000,0.000000,8,14,16,18,46,57,82,110,1900,2000,2000,4393,0,8,26.920860647789404,3.3292380103375763,2009.4967519980855,5925.170726155247
1783330759,25,,Aggregated,12.000000,0.000000,8,14,16,18,46,57,82,110,1900,2000,2000,4405,0,8,26.91434015113983,3.3292380103375763,2009.4967519980855,5925.124404086266
1783330760,25,,Aggregated,11.400000,0.000000,8,14,16,18,46,57,82,110,1900,2000,2000,4416,0,8,26.87089477644079,3.3292380103375763,2009.4967519980855,5922.538722826087
1783330761,25,,Aggregated,11.900000,0.000000,8,14,16,18,46,57,82,110,1900,2000,2000,4427,0,8,26.851936250909866,3.3292380103375763,2009.4967519980855,5917.199909645358
1783330762,25,,Aggregated,11.700000,0.000000,8,14,16,18,46,57,82,110,1900,2000,2000,4440,0,8,26.816416306698827,3.3292380103375763,2009.4967519980855,5907.93490990991
1783330763,25,,Aggregated,11.400000,0.000000,8,14,16,18,46,57,82,110,1900,2000,2000,4449,0,8,26.79252954412043,3.3292380103375763,2009.4967519980855,5901.625084288604
1783330764,25,,Aggregated,11.200000,0.000000,8,13,16,18,46,57,81,110,1900,2000,2000,4463,0,8,26.738876737807587,3.3292380103375763,2009.4967519980855,5891.819403988348
1783330765,25,,Aggregated,11.500000,0.000000,8,13,16,18,46,57,81,110,1900,2000,2000,4470,0,8,26.716004858799778,3.3292380103375763,2009.4967519980855,5886.1145413870245
1783330766,25,,Aggregated,11.700000,0.000000,8,13,16,18,46,57,81,110,1900,2000,2000,4483,0,8,26.682595155433646,3.3292380103375763,2009.4967519980855,5885.8219942003125
1783330767,25,,Aggregated,11.200000,0.000000,8,13,16,18,46,57,81,110,1900,2000,2000,4494,0,8,26.642388480833166,3.3292380103375763,2009.4967519980855,5892.085892300845
1783330768,25,,Aggregated,11.300000,0.000000,8,13,16,18,46,57,81,110,1900,2000,2000,4507,0,8,26.591597117327293,3.3292380103375763,2009.4967519980855,5895.832926558686
1783330769,25,,Aggregated,11.200000,0.000000,8,13,16,18,46,57,81,110,1900,2000,2000,4516,0,8,26.566908559073916,3.3292380103375763,2009.4967519980855,5898.609388839681
1783330770,25,,Aggregated,11.700000,0.000000,8,13,16,18,46,57,81,110,1900,2000,2000,4531,0,8,26.519563628720178,3.3292380103375763,2009.4967519980855,5909.983668064445
1783330771,25,,Aggregated,11.200000,0.000000,8,13,16,18,46,57,81,110,1900,2000,2000,4539,0,8,26.496443812662076,3.3292380103375763,2009.4967519980855,5906.17052214144
1783330772,25,,Aggregated,11.400000,0.000000,8,13,16,18,46,57,81,110,1900,2000,2000,4550,0,8,26.456536359919983,3.3292380103375763,2009.4967519980855,5910.863736263736
1783330773,25,,Aggregated,11.400000,0.000000,8,13,16,18,46,57,81,110,1900,2000,2000,4559,0,8,26.438963187453066,3.3292380103375763,2009.4967519980855,5913.8212327264755
1783330774,25,,Aggregated,11.300000,0.000000,8,13,16,18,46,57,81,110,1900,2000,2000,4573,0,8,26.40646744731581,3.3292380103375763,2009.4967519980855,5908.910343319484
1783330775,25,,Aggregated,11.200000,0.000000,8,13,16,18,46,57,81,110,1900,2000,2000,4581,0,8,26.387317187416432,3.3292380103375763,2009.4967519980855,5909.833224186858
1783330776,25,,Aggregated,10.800000,0.000000,8,13,16,18,46,57,81,110,1900,2000,2000,4593,0,8,26.35731955072737,3.3292380103375763,2009.4967519980855,5912.698454169388
1783330777,25,,Aggregated,11.100000,0.000000,8,13,16,18,46,57,81,110,1900,2000,2000,4606,0,8,26.311895329898682,3.3292380103375763,2009.4967519980855,5913.669127225358
1783330778,25,,Aggregated,10.900000,0.000000,8,13,16,18,46,57,81,110,1900,2000,2000,4614,0,8,26.295355343403486,3.3292380103375763,2009.4967519980855,5907.573688773298
1783330779,25,,Aggregated,10.900000,0.000000,8,13,16,18,46,57,81,110,1900,2000,2000,4626,0,8,26.263936767066212,3.3292380103375763,2009.4967519980855,5909.549502810203
1783330780,25,,Aggregated,10.600000,0.000000,8,13,16,18,46,57,81,110,1900,2000,2000,4632,0,8,26.25957094698766,3.3292380103375763,2009.4967519980855,5902.72841105354
1783330781,25,,Aggregated,11.000000,0.000000,8,13,16,18,46,57,81,110,1900,2000,2000,4646,0,8,26.227294689946813,3.3292380103375763,2009.4967519980855,5899.350193715024
1783330782,25,,Aggregated,10.200000,0.000000,8,13,16,18,46,57,81,110,1900,2000,2000,4656,0,8,26.197921928379678,3.3292380103375763,2009.4967519980855,5901.992482817869
1783330783,25,,Aggregated,10.700000,0.000000,8,13,16,18,46,57,81,110,1900,2000,2000,4669,0,8,26.167978264849605,3.3292380103375763,2009.4967519980855,5898.651745555793
1783330784,25,,Aggregated,11.100000,0.000000,8,13,16,18,46,57,81,110,1900,2000,2000,4681,0,8,26.136056261181743,3.3292380103375763,2009.4967519980855,5904.6517838068785
1783330785,25,,Aggregated,10.500000,0.000000,8,13,16,18,46,57,81,110,1900,2000,2000,4691,0,8,26.09784354009961,3.3292380103375763,2009.4967519980855,5913.380942229802
1783330786,25,,Aggregated,11.100000,0.000000,8,13,16,18,45,57,81,110,1900,2000,2000,4706,0,8,26.05198731949621,3.3292380103375763,2009.4967519980855,5903.232044198895
1783330787,25,,Aggregated,11.100000,0.000000,8,13,16,18,45,57,81,110,1900,2000,2000,4716,0,8,26.014375522387834,3.3292380103375763,2009.4967519980855,5904.999151823579
1783330788,25,,Aggregated,10.900000,0.000000,8,13,16,18,45,57,81,110,1900,2000,2000,4725,0,8,25.99833901430155,3.3292380103375763,2009.4967519980855,5906.391746031746
1783330789,25,,Aggregated,11.300000,0.000000,8,13,16,18,45,57,81,110,1900,2000,2000,4740,0,8,25.948680948010715,3.3292380103375763,2009.4967519980855,5906.879746835443
1783330790,25,,Aggregated,11.400000,0.000000,8,13,16,18,45,57,81,110,1900,2000,2000,4749,0,8,25.923096921374007,3.3292380103375763,2009.4967519980855,5906.614024005054
1783330791,25,,Aggregated,10.900000,0.000000,8,13,16,18,45,57,81,110,1900,2000,2000,4760,0,8,25.896823582267086,3.3292380103375763,2009.4967519980855,5913.252310924369
1783330792,25,,Aggregated,11.600000,0.000000,8,13,16,18,45,57,81,110,1900,2000,2000,4772,0,8,25.890699348838936,3.3292380103375763,2009.4967519980855,5912.815800502934
1783330793,25,,Aggregated,11.300000,0.000000,8,13,16,18,46,57,81,110,1900,2000,2000,4786,0,8,25.867811982785106,3.3292380103375763,2009.4967519980855,5910.296698704555
1783330794,25,,Aggregated,11.200000,0.000000,8,13,16,18,46,57,81,110,1900,2000,2000,4799,0,8,25.831504155378635,3.3292380103375763,2009.4967519980855,5908.474890602209
1783330795,25,,Aggregated,11.600000,0.000000,8,13,16,18,45,57,81,110,1900,2000,2000,4812,0,8,25.80046594215347,3.3292380103375763,2009.4967519980855,5907.972152950956
1783330796,25,,Aggregated,11.100000,0.000000,8,13,16,18,45,57,81,110,1900,2000,2000,4822,0,8,25.765512616066072,3.0490940262097865,2009.4967519980855,5913.132932393198
1783330797,25,,Aggregated,11.600000,0.000000,8,13,16,18,45,57,81,110,1900,2000,2000,4834,0,8,25.731403422150816,3.0490940262097865,2009.4967519980855,5903.350020686802
1783330798,25,,Aggregated,11.700000,0.000000,8,13,16,18,45,57,81,110,1900,2000,2000,4842,0,8,25.710780844214508,3.0490940262097865,2009.4967519980855,5904.149731515902
1783330799,25,,Aggregated,11.400000,0.000000,8,13,16,18,45,57,80,110,1900,2000,2000,4856,0,8,25.67442613504124,3.0490940262097865,2009.4967519980855,5907.089579901153
1783330800,25,,Aggregated,11.700000,0.000000,8,13,16,18,45,56,80,110,1900,2000,2000,4864,0,8,25.646686715414322,3.0490940262097865,2009.4967519980855,5906.2561677631575
1783330801,25,,Aggregated,11.700000,0.000000,8,13,16,18,45,57,81,110,1900,2000,2000,4878,0,8,25.642618569244984,3.0490940262097865,2009.4967519980855,5920.091430914309
1783330802,25,,Aggregated,11.800000,0.000000,8,13,16,18,45,57,81,110,1900,2000,2000,4889,0,8,25.611051331101528,3.0490940262097865,2009.4967519980855,5927.188586623031
1783330803,25,,Aggregated,11.500000,0.000000,8,13,16,18,45,57,80,110,1900,2000,2000,4901,0,8,25.568730083213072,3.0490940262097865,2009.4967519980855,5918.644766374209
1783330804,25,,Aggregated,11.600000,0.000000,8,13,16,18,45,57,80,110,1900,2000,2000,4911,0,8,25.54409418180088,3.0490940262097865,2009.4967519980855,5919.690083486052
1783330805,25,,Aggregated,11.800000,0.000000,8,13,16,18,45,57,81,110,1900,2000,2000,4925,0,8,25.509271097823333,3.0490940262097865,2009.4967519980855,5912.340710659899
1783330806,25,,Aggregated,11.600000,0.000000,8,13,16,18,45,57,81,110,1900,2000,2000,4936,0,8,25.476427591723546,3.0490940262097865,2009.4967519980855,5915.958670988654
1783330807,25,,Aggregated,11.300000,0.000000,8,13,16,18,45,57,81,110,1900,2000,2000,4945,0,8,25.454931619578993,3.0490940262097865,2009.4967519980855,5914.6651162790695
1783330808,25,,Aggregated,11.500000,0.000000,8,13,16,18,45,57,81,110,1900,2000,2000,4953,0,8,25.449459142317327,3.0490940262097865,2009.4967519980855,5911.650716737331
1783330809,25,,Aggregated,11.400000,0.000000,8,13,16,18,45,57,81,110,1900,2000,2000,4966,0,8,25.421901832231455,3.0490940262097865,2009.4967519980855,5907.568062827225
1783330810,25,,Aggregated,10.800000,0.000000,8,13,16,18,45,57,81,110,1900,2000,2000,4978,0,8,25.388376575293588,3.0490940262097865,2009.4967519980855,5900.889714744878
1783330811,25,,Aggregated,11.300000,0.000000,8,13,16,18,45,56,81,110,1900,2000,2000,4993,0,8,25.365782597013347,3.0490940262097865,2009.4967519980855,5898.230522731825
1783330812,25,,Aggregated,10.900000,0.000000,8,13,16,18,45,56,80,100,1900,2000,2000,5006,0,8,25.336093219923654,3.0490940262097865,2009.4967519980855,5901.018777467039
1783330813,25,,Aggregated,11.400000,0.000000,8,13,16,18,45,56,80,100,1900,2000,2000,5018,0,8,25.296335219994024,3.0490940262097865,2009.4967519980855,5900.530689517736
1783330814,25,,Aggregated,11.400000,0.000000,8,13,16,18,45,56,80,100,1900,2000,2000,5028,0,8,25.264014117532014,3.0490940262097865,2009.4967519980855,5910.081145584725
1783330815,25,,Aggregated,11.500000,0.000000,8,13,16,18,45,56,80,100,1900,2000,2000,5040,0,8,25.23271970534956,3.0490940262097865,2009.4967519980855,5913.152380952381
1783330816,25,,Aggregated,11.800000,0.000000,8,13,16,18,45,56,80,100,1900,2000,2000,5052,0,8,25.203616917453633,3.0490940262097865,2009.4967519980855,5910.220308788598
1783330817,25,,Aggregated,11.300000,0.000000,8,13,16,18,45,56,80,100,1900,2000,2000,5066,0,8,25.156813530993904,3.0490940262097865,2009.4967519980855,5916.806750888275
1783330818,25,,Aggregated,11.500000,0.000000,8,13,16,18,45,56,80,100,1900,2000,2000,5076,0,8,25.14773709022257,3.0490940262097865,2009.4967519980855,5913.147163120568
1783330819,25,,Aggregated,11.700000,0.000000,8,13,16,18,45,56,80,100,1900,2000,2000,5084,0,8,25.120513856604564,3.0490940262097865,2009.4967519980855,5914.821007081038
1783330820,25,,Aggregated,12.600000,0.000000,8,13,16,18,45,56,80,100,1900,2000,2000,5096,0,8,25.087130942095996,3.0490940262097865,2009.4967519980855,5911.502943485087
1783330821,25,,Aggregated,11.800000,0.000000,8,13,16,18,45,56,80,100,1900,2000,2000,5105,0,8,25.08161340038138,3.0490940262097865,2009.4967519980855,5911.002742409402
1783330822,25,,Aggregated,11.800000,0.000000,8,13,16,18,45,56,80,100,1900,2000,2000,5113,0,8,25.05791483980376,3.0490940262097865,2009.4967519980855,5915.7248190885975
1783330823,25,,Aggregated,11.600000,0.000000,8,13,16,18,45,56,80,100,1900,2000,2000,5129,0,8,25.035134519590045,3.0490940262097865,2009.4967519980855,5927.603626437902
1783330824,25,,Aggregated,11.200000,0.000000,8,13,16,18,45,56,80,100,1900,2000,2000,5138,0,8,25.025213028217454,3.0490940262097865,2009.4967519980855,5924.705332814325
1783330825,25,,Aggregated,10.900000,0.000000,8,13,16,18,45,56,80,100,1900,2000,2000,5149,0,8,25.007131315585443,3.0490940262097865,2009.4967519980855,5930.06350747718
1783330826,25,,Aggregated,10.900000,0.000000,8,13,16,18,45,56,79,100,1900,2000,2000,5162,0,8,24.98305837310703,3.0490940262097865,2009.4967519980855,5925.410306082914
1783330827,25,,Aggregated,11.200000,0.000000,8,13,16,18,45,56,79,100,1900,2000,2000,5173,0,8,24.963723657471213,3.0490940262097865,2009.4967519980855,5921.8699014111735
1783330828,25,,Aggregated,10.800000,0.000000,8,13,16,18,45,56,79,100,1900,2000,2000,5183,0,8,24.94021895719122,3.0490940262097865,2009.4967519980855,5920.028940767895
1783330829,25,,Aggregated,11.100000,0.000000,8,13,16,18,45,56,80,100,1900,2000,2000,5195,0,8,24.918727252181508,3.0490940262097865,2009.4967519980855,5922.764003849856
1783330830,25,,Aggregated,10.100000,0.000000,8,13,16,18,45,56,79,100,1900,2000,2000,5205,0,8,24.902154980995626,3.0490940262097865,2009.4967519980855,5922.9152737752165
1783330831,25,,Aggregated,11.000000,0.000000,8,13,16,18,45,56,79,100,1900,2000,2000,5217,0,8,24.866927753511273,3.0490940262097865,2009.4967519980855,5932.105232892467
1783330832,25,,Aggregated,10.900000,0.000000,8,13,16,18,45,56,79,100,1900,2000,2000,5226,0,8,24.84358173326888,3.0490940262097865,2009.4967519980855,5925.6882893226175
1783330833,25,,Aggregated,10.900000,0.000000,8,13,16,18,45,56,79,100,1900,2000,2000,5237,0,8,24.816961181420297,3.0490940262097865,2009.4967519980855,5924.628222264655
1783330834,25,,Aggregated,11.400000,0.000000,8,13,16,18,45,56,79,100,1900,2000,2000,5251,0,8,24.779883674934304,3.0490940262097865,2009.4967519980855,5920.107027232908
1783330835,25,,Aggregated,10.800000,0.000000,8,13,16,18,45,56,79,100,1900,2000,2000,5263,0,8,24.743227562232715,3.0490940262097865,2009.4967519980855,5926.295078852366
1783330836,25,,Aggregated,11.400000,0.000000,8,13,16,18,45,56,79,100,1900,2000,2000,5275,0,8,24.726353761512716,3.0490940262097865,2009.4967519980855,5932.8436018957345
1783330837,25,,Aggregated,11.100000,0.000000,8,13,16,18,45,56,79,100,1900,2000,2000,5285,0,8,24.704884869068977,3.0490940262097865,2009.4967519980855,5934.933396404919
1783330838,25,,Aggregated,11.700000,0.000000,8,13,16,18,45,56,79,100,1900,2000,2000,5296,0,8,24.67857502246717,3.0490940262097865,2009.4967519980855,5928.078738670695
1783330839,25,,Aggregated,11.100000,0.000000,8,13,16,18,45,56,79,100,1900,2000,2000,5310,0,8,24.65748799001893,3.0490940262097865,2009.4967519980855,5927.822598870057
1783330840,25,,Aggregated,11.400000,0.000000,8,13,16,18,45,56,79,100,1900,2000,2000,5322,0,8,24.619044342163534,3.0490940262097865,2009.4967519980855,5925.329199549042
1783330841,25,,Aggregated,11.000000,0.000000,8,13,16,18,45,56,79,100,1900,2000,2000,5329,0,8,24.615600062869106,3.0490940262097865,2009.4967519980855,5930.296303246388
1783330842,25,,Aggregated,11.500000,0.000000,8,13,16,18,45,56,79,100,1900,2000,2000,5344,0,8,24.584364540802024,3.0490940262097865,2009.4967519980855,5922.837200598802
1783330843,25,,Aggregated,11.700000,0.000000,8,13,16,18,45,56,79,100,1900,2000,2000,5348,0,8,24.572567692239037,3.0490940262097865,2009.4967519980855,5925.161929693343
1783330844,25,,Aggregated,11.100000,0.000000,8,13,16,18,45,56,79,100,1900,2000,2000,5367,0,8,24.532062403616894,3.0490940262097865,2009.4967519980855,5926.896403950065
1783330845,25,,Aggregated,11.800000,0.000000,8,13,16,18,45,56,79,100,1900,2000,2000,5379,0,8,24.55003717701802,3.0490940262097865,2009.4967519980855,5929.826547685443
1783330846,25,,Aggregated,10.500000,0.000000,8,13,16,18,45,56,79,100,1900,2000,2000,5388,0,8,24.527628548468943,3.0490940262097865,2009.4967519980855,5922.671677802524
1783330847,25,,Aggregated,11.500000,0.000000,8,13,15,18,45,56,79,100,1900,2000,2000,5402,0,8,24.492039217529417,3.0490940262097865,2009.4967519980855,5924.381895594224
1783330848,25,,Aggregated,11.400000,0.000000,8,13,15,18,45,56,79,100,1900,2000,2000,5411,0,8,24.466878440236634,3.0490940262097865,2009.4967519980855,5930.7288856034
1783330849,25,,Aggregated,11.300000,0.000000,8,13,15,18,45,56,79,100,1900,2000,2000,5423,0,8,24.44697681636106,3.0490940262097865,2009.4967519980855,5930.168910197308
1783330850,25,,Aggregated,11.700000,0.000000,8,13,15,18,45,56,79,100,1900,2000,2000,5436,0,8,24.422286067904448,3.0490940262097865,2009.4967519980855,5930.830022075055
1783330851,25,,Aggregated,11.600000,0.000000,8,13,15,17,45,56,79,100,1900,2000,2000,5447,0,8,24.39801693888177,3.0490940262097865,2009.4967519980855,5934.129796218102
1783330852,25,,Aggregated,11.100000,0.000000,8,13,16,18,45,56,79,100,1900,2000,2000,5460,0,8,24.373127088276284,3.0490940262097865,2009.4967519980855,5936.809340659341
1783330853,25,,Aggregated,11.400000,0.000000,8,13,15,17,45,55,79,100,1900,2000,2000,5470,0,8,24.342692233087885,3.0490940262097865,2009.4967519980855,5936.906398537477
1783330854,25,,Aggregated,11.900000,0.000000,8,13,15,17,45,55,79,100,1900,2000,2000,5482,0,8,24.315838333452376,3.0490940262097865,2009.4967519980855,5932.5751550529
1783330855,25,,Aggregated,11.700000,0.000000,8,13,15,17,45,55,79,100,1900,2000,2000,5491,0,8,24.292694616451495,3.0490940262097865,2009.4967519980855,5927.010016390457
1783330856,25,,Aggregated,12.200000,0.000000,8,13,15,17,45,55,79,100,1900,2000,2000,5505,0,8,24.262741769106338,3.0490940262097865,2009.4967519980855,5927.706448683016
1783330857,25,,Aggregated,11.600000,0.000000,8,13,15,17,45,55,79,100,1900,2000,2000,5514,0,8,24.25429044050228,3.0490940262097865,2009.4967519980855,5927.058578164671
1783330858,25,,Aggregated,11.200000,0.000000,8,13,15,17,45,55,79,100,1900,2000,2000,5523,0,8,24.235500374792004,3.0490940262097865,2009.4967519980855,5925.621763534311
1783330859,25,,Aggregated,11.700000,0.000000,8,13,15,17,45,55,79,100,1900,2000,2000,5536,0,8,24.196530621196807,3.0490940262097865,2009.4967519980855,5927.656069364162
1783330860,25,,Aggregated,11.100000,0.000000,8,13,15,17,45,55,79,100,1900,2000,2000,5547,0,8,24.19041703496054,3.0490940262097865,2009.4967519980855,5930.150171263746
1783330861,25,,Aggregated,11.300000,0.000000,8,13,15,17,45,55,78,100,1900,2000,2000,5556,0,8,24.16244218951449,3.0490940262097865,2009.4967519980855,5927.439164866811
1783330862,25,,Aggregated,11.400000,0.000000,8,13,15,17,45,55,78,100,1900,2000,2000,5567,0,8,24.14643900466729,3.0490940262097865,2009.4967519980855,5921.666067900126
1783330863,25,,Aggregated,11.100000,0.000000,8,13,15,17,45,55,78,100,1900,2000,2000,5581,0,8,24.11103500537012,3.0490940262097865,2009.4967519980855,5931.252642895539
1783330864,25,,Aggregated,10.700000,0.000000,8,13,15,17,45,55,78,100,1900,2000,2000,5592,0,8,24.083501964419085,3.0490940262097865,2009.4967519980855,5924.057939914163
1783330865,25,,Aggregated,10.700000,0.000000,8,13,15,17,45,55,78,100,1900,2000,2000,5603,0,8,24.05684264519292,3.0490940262097865,2009.4967519980855,5931.326967695877
1783330866,25,,Aggregated,11.200000,0.000000,8,13,15,17,45,55,78,100,1900,2000,2000,5620,0,8,24.031665787188622,3.0490940262097865,2009.4967519980855,5931.224911032028
1783330867,25,,Aggregated,11.000000,0.000000,8,13,15,17,45,55,78,100,1900,2000,2000,5627,0,8,24.020943377469123,3.0490940262097865,2009.4967519980855,5926.038208636929
1783330868,25,,Aggregated,10.900000,0.000000,8,13,15,17,45,55,78,100,1900,2000,2000,5640,0,8,23.989044121282458,3.0490940262097865,2009.4967519980855,5926.832092198581
1783330869,25,,Aggregated,11.300000,0.000000,8,13,15,17,45,55,78,100,1900,2000,2000,5650,0,8,23.979812531332296,3.0490940262097865,2009.4967519980855,5925.0
1783330870,25,,Aggregated,11.300000,0.000000,8,13,15,17,45,55,78,100,1900,2000,2000,5658,0,8,23.969038424714423,3.0490940262097865,2009.4967519980855,5924.372569812655
1783330871,25,,Aggregated,11.500000,0.000000,8,13,15,17,45,55,78,100,1900,2000,2000,5668,0,8,23.964931884968337,3.0490940262097865,2009.4967519980855,5925.21383203952
1783330872,25,,Aggregated,11.300000,0.000000,8,13,15,17,45,55,78,100,1900,2000,2000,5681,0,8,23.934902268972913,3.0490940262097865,2009.4967519980855,5921.77750396057
1783330873,25,,Aggregated,10.900000,0.000000,8,13,15,17,45,55,78,100,1900,2000,2000,5689,0,8,23.918291181060912,3.0490940262097865,2009.4967519980855,5921.885744419054
1783330874,25,,Aggregated,11.000000,0.000000,8,13,15,17,45,55,78,100,1900,2000,2000,5699,0,8,23.899193188991386,3.0490940262097865,2009.4967519980855,5925.566415160554
1783330875,25,,Aggregated,11.300000,0.000000,8,13,15,17,45,55,78,100,1900,2000,2000,5711,0,8,23.87288763509736,3.0490940262097865,2009.4967519980855,5924.594992120469
1783330876,25,,Aggregated,10.600000,0.000000,8,13,15,17,45,55,78,100,1900,2000,2000,5723,0,8,23.848401705067268,3.0490940262097865,2009.4967519980855,5928.263498165298
1783330877,25,,Aggregated,10.900000,0.000000,8,13,15,17,45,55,78,100,1900,2000,2000,5735,0,8,23.83600761605944,3.0490940262097865,2009.4967519980855,5926.029119442022
1783330878,25,,Aggregated,10.800000,0.000000,8,13,15,17,45,55,78,100,1900,2000,2000,5749,0,8,23.82343016162141,3.0490940262097865,2009.4967519980855,5924.591233257958
1783330879,25,,Aggregated,10.400000,0.000000,8,13,15,17,45,55,78,100,1900,2000,2000,5758,0,8,23.816514837129755,3.0490940262097865,2009.4967519980855,5922.994789857589
1783330880,25,,Aggregated,10.800000,0.000000,8,13,15,17,45,55,78,100,1900,2000,2000,5770,0,8,23.79580101130334,3.0490940262097865,2009.4967519980855,5927.987868284229
1783330881,25,,Aggregated,10.700000,0.000000,8,13,15,17,45,55,78,100,1900,2000,2000,5781,0,8,23.773926592499546,3.0490940262097865,2009.4967519980855,5925.897422591247
1783330882,25,,Aggregated,10.900000,0.000000,8,13,15,17,45,55,78,100,1900,2000,2000,5793,0,8,23.76735744661635,3.0490940262097865,2009.4967519980855,5925.234766097014
1783330883,25,,Aggregated,11.200000,0.000000,8,13,15,17,45,55,78,100,1900,2000,2000,5802,0,8,23.74468603174739,3.0490940262097865,2009.4967519980855,5930.290244743192
1783330884,25,,Aggregated,11.300000,0.000000,8,13,15,17,45,55,78,100,1900,2000,2000,5818,0,8,23.71325990806717,3.0490940262097865,2009.4967519980855,5931.465795806119
1783330885,25,,Aggregated,11.100000,0.000000,8,13,15,17,45,55,78,100,1900,2000,2000,5827,0,8,23.718036664855624,3.0490940262097865,2009.4967519980855,5930.45786854299
1783330886,25,,Aggregated,11.300000,0.000000,8,13,15,17,45,55,78,100,1900,2000,2000,5841,0,8,23.68396019587773,3.0490940262097865,2009.4967519980855,5929.825372367745
1783330887,25,,Aggregated,11.600000,0.000000,8,13,15,17,45,55,78,100,1900,2000,2000,5855,0,8,23.68448552212568,3.0490940262097865,2009.4967519980855,5927.692741246798
1783330888,25,,Aggregated,11.600000,0.000000,8,13,15,17,45,55,78,100,1900,2000,2000,5863,0,8,23.66900857172616,3.0490940262097865,2009.4967519980855,5929.155381204162
1783330889,25,,Aggregated,11.700000,0.000000,8,13,15,17,45,55,78,100,1900,2000,2000,5874,0,8,23.664502040184388,3.0490940262097865,2009.4967519980855,5925.672114402451
1783330891,25,,Aggregated,11.900000,0.000000,8,13,15,17,45,55,78,100,1900,2000,2000,5889,0,8,23.657417604872506,3.0490940262097865,2009.4967519980855,5921.211580913568
1783330892,25,,Aggregated,11.400000,0.000000,8,13,15,17,45,55,78,100,1900,2000,2000,5898,0,8,23.63748052986363,3.0490940262097865,2009.4967519980855,5919.655985079688
1783330893,25,,Aggregated,11.500000,0.000000,8,13,15,17,45,55,78,100,1900,2000,2000,5912,0,8,23.621262210778347,3.0490940262097865,2009.4967519980855,5917.1716847090665
1783330894,25,,Aggregated,11.900000,0.000000,8,13,15,17,45,55,78,100,1900,2000,2000,5925,0,8,23.601418957664368,3.0490940262097865,2009.4967519980855,5917.493333333333
1783330895,25,,Aggregated,11.700000,0.000000,8,13,15,17,45,55,78,100,1900,2000,2000,5937,0,8,23.58432602681383,3.0490940262097865,2009.4967519980855,5915.855819437426
1783330896,25,,Aggregated,11.900000,0.000000,8,13,15,17,45,55,78,100,1900,2000,2000,5946,0,8,23.580472436973775,3.0490940262097865,2009.4967519980855,5923.102421796166
1783330897,25,,Aggregated,12.300000,0.000000,8,13,15,17,45,55,78,100,1900,2000,2000,5961,0,8,23.55538822482976,3.0490940262097865,2009.4967519980855,5922.528434826371
1783330898,25,,Aggregated,11.900000,0.000000,8,13,15,17,45,55,78,100,1900,2000,2000,5969,0,8,23.53570707808723,3.0490940262097865,2009.4967519980855,5920.852404087786
1783330899,25,,Aggregated,11.900000,0.000000,8,13,15,17,45,55,78,100,1900,2000,2000,5980,0,8,23.515046609051286,3.0490940262097865,2009.4967519980855,5921.0603678929765
1783330900,25,,Aggregated,12.000000,0.000000,8,13,15,17,45,55,78,100,1900,2000,2000,5993,0,8,23.49676332406995,3.0490940262097865,2009.4967519980855,5920.192057400301
1783330901,25,,Aggregated,11.700000,0.000000,8,13,15,17,45,55,78,100,1900,2000,2000,6006,0,8,23.493009434426675,3.0490940262097865,2009.4967519980855,5917.900765900766
1783330902,25,,Aggregated,11.900000,0.000000,8,13,15,17,45,55,78,100,1900,2000,2000,6020,0,8,23.468747862321333,3.0490940262097865,2009.4967519980855,5926.813621262459
1783330903,25,,Aggregated,11.900000,0.000000,8,13,15,17,45,55,78,100,1900,2000,2000,6027,0,8,23.45069334447743,3.0490940262097865,2009.4967519980855,5926.005641280903
1783330904,25,,Aggregated,11.600000,0.000000,8,13,15,17,45,56,78,100,1900,2000,2000,6040,0,8,23.4572949679048,3.0490940262097865,2009.4967519980855,5922.341225165563
1783330905,25,,Aggregated,11.500000,0.000000,8,13,15,17,45,56,78,100,1900,2000,2000,6049,0,8,23.462864234939985,3.0490940262097865,2009.4967519980855,5919.634980988593
1783330906,25,,Aggregated,11.500000,0.000000,8,13,15,17,45,55,78,100,1900,2000,2000,6062,0,8,23.4362159794105,3.0490940262097865,2009.4967519980855,5922.5395908940945
1783330907,25,,Aggregated,11.500000,0.000000,8,13,15,17,45,56,78,100,1900,2000,2000,6072,0,8,23.433000518961595,3.0490940262097865,2009.4967519980855,5920.194828722003
1783330908,25,,Aggregated,11.100000,0.000000,8,13,15,17,45,56,78,100,1900,2000,2000,6083,0,8,23.43142382280241,3.0490940262097865,2009.4967519980855,5926.725957586717
1783330909,25,,Aggregated,11.500000,0.000000,8,13,15,17,45,56,78,100,1900,2000,2000,6095,0,8,23.407613163431183,3.0490940262097865,2009.4967519980855,5922.161607875308
1783330910,25,,Aggregated,11.100000,0.000000,8,13,15,17,45,55,78,100,1900,2000,2000,6106,0,8,23.392015126945207,3.0490940262097865,2009.4967519980855,5924.466098919096
1783330911,25,,Aggregated,11.500000,0.000000,8,13,15,17,45,55,78,100,1900,2000,2000,6122,0,8,23.35992564965084,3.0490940262097865,2009.4967519980855,5925.824730480235
1783330912,25,,Aggregated,11.300000,0.000000,8,13,15,17,45,55,78,100,1900,2000,2000,6130,0,8,23.338633130859435,3.0490940262097865,2009.4967519980855,5921.484828711256
1783330913,25,,Aggregated,11.300000,0.000000,8,13,15,17,45,55,78,100,1900,2000,2000,6141,0,8,23.317940954116956,3.0490940262097865,2009.4967519980855,5917.6301905227165
1783330914,25,,Aggregated,10.800000,0.000000,8,13,15,17,45,55,78,100,1900,2000,2000,6151,0,8,23.30323403336553,3.0490940262097865,2009.4967519980855,5916.424321248577
1783330915,25,,Aggregated,10.800000,0.000000,8,13,15,17,45,55,78,100,1900,2000,2000,6162,0,8,23.28626833564614,3.0490940262097865,2009.4967519980855,5914.841609866927
1783330916,25,,Aggregated,11.000000,0.000000,8,13,15,17,45,55,78,100,1900,2000,2000,6170,0,8,23.265751220951554,3.0490940262097865,2009.4967519980855,5919.409562398703
1783330917,25,,Aggregated,11.400000,0.000000,8,13,15,17,45,55,78,100,1900,2000,2000,6184,0,8,23.232098966897357,3.0490940262097865,2009.4967519980855,5921.089424320828
1783330918,25,,Aggregated,10.700000,0.000000,8,13,15,17,45,55,78,100,1900,2000,2000,6193,0,8,23.2114444944798,3.0490940262097865,2009.4967519980855,5916.299208784111
1783330919,25,,Aggregated,11.100000,0.000000,8,13,15,17,45,55,78,99,1900,2000,2000,6207,0,8,23.185134855046808,3.0490940262097865,2009.4967519980855,5923.149669727727
1783330920,25,,Aggregated,11.100000,0.000000,8,13,15,17,45,55,78,99,1900,2000,2000,6216,0,8,23.178971779328855,3.0490940262097865,2009.4967519980855,5923.300514800515
1783330921,25,,Aggregated,10.800000,0.000000,8,13,15,17,45,55,78,99,1900,2000,2000,6231,0,8,23.142988788857757,3.0490940262097865,2009.4967519980855,5922.539881238967
1783330922,25,,Aggregated,11.100000,0.000000,8,13,15,17,45,55,78,99,1900,2000,2000,6238,0,8,23.132590665339592,3.0490940262097865,2009.4967519980855,5921.920166720102
1783330923,25,,Aggregated,11.000000,0.000000,8,13,15,17,45,55,78,99,1900,2000,2000,6252,0,8,23.11523433035327,3.0490940262097865,2009.4967519980855,5923.998400511836
1783330924,25,,Aggregated,11.000000,0.000000,8,13,15,17,45,55,78,99,1900,2000,2000,6263,0,8,23.101923650068322,3.0490940262097865,2009.4967519980855,5921.264729362925
1783330925,25,,Aggregated,10.800000,0.000000,8,13,15,17,45,55,78,99,1900,2000,2000,6272,0,8,23.087576464813168,3.0490940262097865,2009.4967519980855,5926.602359693878
1783330926,25,,Aggregated,10.800000,0.000000,8,13,15,17,45,55,78,99,1900,2000,2000,6286,0,8,23.089093402536786,3.0490940262097865,2009.4967519980855,5926.964365256124
1783330927,25,,Aggregated,10.900000,0.000000,8,13,15,17,45,55,78,99,1900,2000,2000,6297,0,8,23.068515243505416,3.0490940262097865,2009.4967519980855,5924.889629982531
1783330928,25,,Aggregated,11.800000,0.000000,8,13,15,17,45,55,78,98,1900,2000,2000,6308,0,8,23.053666990545338,3.0490940262097865,2009.4967519980855,5921.847495244135
1783330929,25,,Aggregated,11.300000,0.000000,8,13,15,17,45,55,78,98,1900,2000,2000,6319,0,8,23.035887884372233,3.0490940262097865,2009.4967519980855,5919.321253362874
1783330930,25,,Aggregated,11.300000,0.000000,8,13,15,17,45,55,78,98,1900,2000,2000,6328,0,8,23.02266340476215,3.0490940262097865,2009.4967519980855,5921.806573957017
1783330931,25,,Aggregated,11.200000,0.000000,8,13,15,17,45,55,78,98,1900,2000,2000,6341,0,8,23.01108470546559,3.0490940262097865,2009.4967519980855,5917.663617725911
1783330932,25,,Aggregated,11.200000,0.000000,8,13,15,17,45,55,77,98,1900,2000,2000,6355,0,8,22.98968905119744,3.0490940262097865,2009.4967519980855,5914.680881195909
1783330933,25,,Aggregated,10.800000,0.000000,8,13,15,17,45,55,78,98,1900,2000,2000,6366,0,8,22.9905775394915,3.0490940262097865,2009.4967519980855,5912.962770970782
1783330934,25,,Aggregated,11.500000,0.000000,8,13,15,17,45,55,78,98,1900,2000,2000,6375,0,8,22.974169912839344,3.0490940262097865,2009.4967519980855,5910.7672156862745
1783330935,25,,Aggregated,11.600000,0.000000,8,13,15,17,45,55,78,98,1900,2000,2000,6385,0,8,22.95742589261907,3.0490940262097865,2009.4967519980855,5911.718872357087
1783330936,25,,Aggregated,11.000000,0.000000,8,13,15,17,45,55,78,98,1900,2000,2000,6399,0,8,22.930090007100254,3.0490940262097865,2009.4967519980855,5911.90279731208
1783330937,25,,Aggregated,11.000000,0.000000,8,13,15,17,45,55,78,96,1900,2000,2000,6407,0,8,22.92235141039926,3.0490940262097865,2009.4967519980855,5918.525050725769
1783330938,25,,Aggregated,11.100000,0.000000,8,13,15,17,45,55,78,96,1900,2000,2000,6416,0,8,22.901133249599336,3.0490940262097865,2009.4967519980855,5918.399470074813
1783330939,25,,Aggregated,11.100000,0.000000,8,13,15,17,45,55,78,96,1900,2000,2000,6432,0,8,22.881808318336187,3.0490940262097865,2009.4967519980855,5923.773787313433
1783330940,25,,Aggregated,10.900000,0.000000,8,13,15,17,45,55,78,96,1900,2000,2000,6441,0,8,22.86433048291451,3.0490940262097865,2009.4967519980855,5923.054028877504
1783330941,25,,Aggregated,11.100000,0.000000,8,13,15,17,45,55,78,96,1900,2000,2000,6457,0,8,22.832887479237627,3.0490940262097865,2009.4967519980855,5920.792318414125
1783330942,25,,Aggregated,11.100000,0.000000,8,13,15,17,45,55,78,96,1900,2000,2000,6468,0,8,22.815324328452988,3.0490940262097865,2009.4967519980855,5920.748917748918
1783330943,25,,Aggregated,11.500000,0.000000,8,13,15,17,45,55,78,96,1900,2000,2000,6481,0,8,22.790879081998494,3.0490940262097865,2009.4967519980855,5918.046597747261
1783330944,25,,Aggregated,11.300000,0.000000,8,13,15,17,45,55,78,96,1900,2000,2000,6495,0,8,22.776964078584736,3.0490940262097865,2009.4967519980855,5919.026481909161
1783330945,25,,Aggregated,11.500000,0.000000,8,13,15,17,45,55,77,96,1900,2000,2000,6507,0,8,22.770222454502743,3.0490940262097865,2009.4967519980855,5916.687567235285
1783330946,25,,Aggregated,11.900000,0.000000,8,13,15,17,45,55,78,96,1900,2000,2000,6520,0,8,22.76819676540323,3.0490940262097865,2009.4967519980855,5916.309049079755
1783330947,25,,Aggregated,12.200000,0.000000,8,13,15,17,45,55,78,96,1900,2000,2000,6530,0,8,22.745826108036006,3.0490940262097865,2009.4967519980855,5915.405513016845
1783330948,25,,Aggregated,12.000000,0.000000,8,13,15,17,45,55,78,96,1900,2000,2000,6543,0,8,22.72288019171925,3.0490940262097865,2009.4967519980855,5921.696928014672
1783330949,25,,Aggregated,12.200000,0.000000,8,13,15,17,45,55,77,96,1900,2000,2000,6557,0,8,22.70200747040461,3.0490940262097865,2009.4967519980855,5924.607899954247
1783330950,25,,Aggregated,12.700000,0.000000,8,13,15,17,45,55,77,96,1900,2000,2000,6565,0,8,22.68512926892284,3.0490940262097865,2009.4967519980855,5926.10495049505
1783330951,25,,Aggregated,12.500000,0.000000,8,13,15,17,45,55,77,96,1900,2000,2000,6579,0,8,22.657683790330992,3.0490940262097865,2009.4967519980855,5923.433956528348
1783330952,25,,Aggregated,12.100000,0.000000,8,13,15,17,44,55,77,96,1900,2000,2000,6590,0,8,22.638861499628728,3.0490940262097865,2009.4967519980855,5927.543550834598
1783330953,25,,Aggregated,12.100000,0.000000,8,13,15,17,44,55,77,96,1900,2000,2000,6600,0,8,22.62495520599645,3.0490940262097865,2009.4967519980855,5923.433333333333
1783330954,25,,Aggregated,12.100000,0.000000,8,13,15,17,44,55,77,96,1900,2000,2000,6614,0,8,22.598227207530222,3.0490940262097865,2009.4967519980855,5924.081644995465
1783330955,25,,Aggregated,11.800000,0.000000,8,13,15,17,44,55,77,96,1900,2000,2000,6624,0,8,22.58126665242893,3.0490940262097865,2009.4967519980855,5922.157004830918
1783330956,25,,Aggregated,11.900000,0.000000,8,13,15,17,44,55,77,96,1900,2000,2000,6630,0,8,22.574914773708585,3.0490940262097865,2009.4967519980855,5918.715837104072
1783330957,25,,Aggregated,11.900000,0.000000,8,13,15,17,44,55,77,96,1900,2000,2000,6645,0,8,22.562887394532563,3.0490940262097865,2009.4967519980855,5915.7218961625285
1783330958,25,,Aggregated,11.200000,0.000000,8,13,15,17,44,55,77,96,1900,2000,2000,6657,0,8,22.558073445038566,3.0490940262097865,2009.4967519980855,5917.943067447799
1783330959,25,,Aggregated,11.600000,0.000000,8,13,15,17,44,55,77,96,1900,2000,2000,6666,0,8,22.537851818720426,3.0490940262097865,2009.4967519980855,5914.297479747975
1783330960,25,,Aggregated,11.400000,0.000000,8,13,15,17,44,55,77,96,1900,2000,2000,6678,0,8,22.52266058709035,3.0490940262097865,2009.4967519980855,5909.06663671758
1783330961,25,,Aggregated,11.000000,0.000000,8,13,15,17,44,55,77,96,1900,2000,2000,6690,0,8,22.504626109508585,3.0490940262097865,2009.4967519980855,5912.316143497758
1783330962,25,,Aggregated,11.400000,0.000000,8,13,15,17,44,55,77,96,1900,2000,2000,6701,0,8,22.494378519265897,3.0490940262097865,2009.4967519980855,5911.086703477093
1783330963,25,,Aggregated,10.900000,0.000000,8,13,15,17,44,55,77,96,1900,2000,2000,6714,0,8,22.474280543137986,3.0490940262097865,2009.4967519980855,5913.8033958891865
1783330964,25,,Aggregated,11.200000,0.000000,8,13,15,17,44,55,77,96,1900,2000,2000,6725,0,8,22.46001130225289,3.0490940262097865,2009.4967519980855,5915.40312267658
1783330965,25,,Aggregated,11.200000,0.000000,8,13,15,17,44,55,77,96,1900,2000,2000,6736,0,8,22.459310014790287,3.0490940262097865,2009.4967519980855,5913.852286223278
1783330966,25,,Aggregated,11.300000,0.000000,8,13,15,17,44,55,77,96,1900,2000,2000,6747,0,8,22.44289379525549,3.0490940262097865,2009.4967519980855,5917.572106121239
1783330967,25,,Aggregated,11.000000,0.000000,8,13,15,17,44,55,77,96,1900,2000,2000,6758,0,8,22.437585114759155,3.0490940262097865,2009.4967519980855,5918.8381177863275
1783330968,25,,Aggregated,11.500000,0.000000,8,13,15,17,44,55,77,96,1900,2000,2000,6766,0,8,22.418270986926554,3.0490940262097865,2009.4967519980855,5913.386934673367
1783330969,25,,Aggregated,11.000000,0.000000,8,13,15,17,44,55,77,96,1900,2000,2000,6780,0,8,22.40197142251461,3.0490940262097865,2009.4967519980855,5912.442477876106
1783330970,25,,Aggregated,10.900000,0.000000,8,13,15,17,44,55,77,96,1900,2000,2000,6791,0,8,22.38498546894767,3.0490940262097865,2009.4967519980855,5910.8017964953615
1783330971,25,,Aggregated,11.100000,0.000000,8,13,15,17,44,55,77,96,1900,2000,2000,6802,0,8,22.36320101950823,3.0490940262097865,2009.4967519980855,5911.561305498383
1783330972,25,,Aggregated,11.400000,0.000000,8,13,15,17,44,55,77,96,1900,2000,2000,6814,0,8,22.339336767480972,3.0490940262097865,2009.4967519980855,5904.677575579689
1783330973,25,,Aggregated,11.400000,0.000000,8,13,15,17,44,54,77,96,1900,2000,2000,6828,0,8,22.329903098213393,3.0490940262097865,2009.4967519980855,5900.51244874048
1783330974,25,,Aggregated,11.300000,0.000000,8,13,15,17,44,54,77,96,1900,2000,2000,6839,0,8,22.30792498414819,3.0490940262097865,2009.4967519980855,5899.991080567334
1783330975,25,,Aggregated,11.200000,0.000000,8,13,15,17,44,54,77,96,1900,2000,2000,6853,0,8,22.29796450892312,3.0490940262097865,2009.4967519980855,5896.7695899606015
1783330976,25,,Aggregated,11.100000,0.000000,8,13,15,17,44,54,77,96,1900,2000,2000,6860,0,8,22.283682846019598,3.0490940262097865,2009.4967519980855,5902.531341107871
1783330977,25,,Aggregated,11.300000,0.000000,8,13,15,17,44,54,77,96,1900,2000,2000,6876,0,8,22.26780160612081,3.0490940262097865,2009.4967519980855,5898.373036649215
1783330978,25,,Aggregated,11.400000,0.000000,8,13,15,17,44,54,77,96,1900,2000,2000,6880,0,8,22.263418421324214,3.0490940262097865,2009.4967519980855,5898.998546511628
1783330979,25,,Aggregated,11.500000,0.000000,8,13,15,17,44,54,77,96,1900,2000,2000,6897,0,8,22.231748662127586,3.0490940262097865,2009.4967519980855,5895.1019283746555
1783330980,25,,Aggregated,11.300000,0.000000,8,13,15,17,44,54,77,95,1900,2000,2000,6908,0,8,22.228020271232946,3.0490940262097865,2009.4967519980855,5893.687319050377
1783330981,25,,Aggregated,11.600000,0.000000,8,13,15,17,44,54,77,95,1900,2000,2000,6918,0,8,22.221267575982317,3.0490940262097865,2009.4967519980855,5891.76568372362
1783330982,25,,Aggregated,11.600000,0.000000,8,13,15,17,44,54,77,95,1900,2000,2000,6932,0,8,22.208500403292994,3.0490940262097865,2009.4967519980855,5890.68090017311
